#node1	node2	node1_string_id	node2_string_id	neighborhood_on_chromosome	gene_fusion	phylogenetic_cooccurrence	homology	coexpression	experimentally_determined_interaction	database_annotated	automated_textmining	combined_score
AATF	DDX55	9606.ENSP00000477848	9606.ENSP00000238146	0	0	0	0	0.706	0.098	0	0.064	0.730
AATF	NOP53	9606.ENSP00000477848	9606.ENSP00000246802	0	0	0	0	0.689	0	0	0.076	0.700
AATF	RPS23	9606.ENSP00000477848	9606.ENSP00000296674	0	0	0	0	0.104	0.987	0	0	0.988
AATF	RPS15A	9606.ENSP00000477848	9606.ENSP00000318646	0	0	0	0	0.055	0.951	0	0	0.952
AATF	EXOSC3	9606.ENSP00000477848	9606.ENSP00000323046	0	0	0	0	0.165	0.507	0	0	0.571
AATF	IMP3	9606.ENSP00000477848	9606.ENSP00000326981	0	0	0	0	0.373	0.991	0	0	0.994
AATF	RPL7	9606.ENSP00000477848	9606.ENSP00000339795	0	0	0	0	0.536	0	0	0	0.536
AATF	RPS2	9606.ENSP00000477848	9606.ENSP00000341885	0	0	0	0	0.153	0.454	0	0	0.518
AATF	RPS3A	9606.ENSP00000477848	9606.ENSP00000346050	0	0	0	0	0.054	0.990	0	0	0.990
AATF	REXO4	9606.ENSP00000477848	9606.ENSP00000361010	0	0	0	0	0.591	0.098	0	0	0.615
AATF	SURF6	9606.ENSP00000477848	9606.ENSP00000361092	0	0	0	0	0.627	0.226	0	0	0.699
AATF	GNL2	9606.ENSP00000477848	9606.ENSP00000362153	0	0	0	0	0.835	0.092	0	0.180	0.866
AATF	WDR46	9606.ENSP00000477848	9606.ENSP00000363746	0	0	0	0	0.839	0.991	0	0.330	0.998
AATF	DDX19B	9606.ENSP00000477848	9606.ENSP00000455813	0	0	0	0	0.348	0.098	0	0.064	0.401
AATF	RPS27	9606.ENSP00000477848	9606.ENSP00000499044	0	0	0	0	0.056	0.964	0	0.077	0.966
ACAA2	PPP3R1	9606.ENSP00000285093	9606.ENSP00000234310	0	0	0	0	0.064	0.046	0	0.431	0.449
ACAA2	ACADS	9606.ENSP00000285093	9606.ENSP00000242592	0.054	0	0	0	0.343	0.098	0.918	0.672	0.982
ACAA2	UQCRC2	9606.ENSP00000285093	9606.ENSP00000268379	0.043	0	0	0	0.161	0	0	0.339	0.423
ACAA2	GSTZ1	9606.ENSP00000285093	9606.ENSP00000451976	0	0	0	0	0.117	0	0	0.375	0.425
ACAA2	GAPDH	9606.ENSP00000285093	9606.ENSP00000380070	0	0	0	0	0.088	0	0	0.408	0.438
ACAA2	BCKDHB	9606.ENSP00000285093	9606.ENSP00000318351	0.072	0	0	0	0.156	0	0	0.355	0.451
ACAA2	SDHB	9606.ENSP00000285093	9606.ENSP00000364649	0	0	0	0	0.248	0.045	0	0.355	0.497
ACAA2	ACBD4	9606.ENSP00000285093	9606.ENSP00000405969	0	0	0	0	0.343	0	0.185	0.152	0.506
ACAA2	MCCC2	9606.ENSP00000285093	9606.ENSP00000343657	0.079	0	0	0	0.262	0	0.177	0.338	0.580
ACAA2	SUCLA2	9606.ENSP00000285093	9606.ENSP00000494360	0.057	0	0	0	0.124	0	0.819	0.396	0.898
ACADS	SUCLA2	9606.ENSP00000242592	9606.ENSP00000494360	0.042	0	0	0	0.110	0.069	0	0.361	0.425
ACADS	ACBD4	9606.ENSP00000242592	9606.ENSP00000405969	0	0	0	0	0.331	0	0.165	0.163	0.492
ACADS	BCKDHB	9606.ENSP00000242592	9606.ENSP00000318351	0.049	0	0	0	0.069	0.053	0.393	0.408	0.644
ACADS	MCCC2	9606.ENSP00000242592	9606.ENSP00000343657	0.057	0.190	0	0	0.243	0	0.265	0.405	0.701
ACAN	ADAMTS8	9606.ENSP00000387356	9606.ENSP00000257359	0	0	0	0	0	0	0.400	0.476	0.672
ACAN	MMP16	9606.ENSP00000387356	9606.ENSP00000286614	0	0	0	0	0.060	0.071	0	0.391	0.421
ACAN	ADAMTS15	9606.ENSP00000387356	9606.ENSP00000299164	0	0	0	0	0.047	0	0	0.670	0.672
ACAN	MMP14	9606.ENSP00000387356	9606.ENSP00000308208	0	0	0	0	0.054	0.087	0	0.479	0.510
ACAN	COL11A1	9606.ENSP00000387356	9606.ENSP00000359114	0	0	0	0	0.117	0.045	0	0.572	0.607
ACAN	GAPDH	9606.ENSP00000387356	9606.ENSP00000380070	0	0	0	0	0.055	0	0	0.711	0.715
ACAN	HLA-DPB1	9606.ENSP00000387356	9606.ENSP00000408146	0	0	0	0	0.048	0.462	0	0.044	0.467
ACTG1	CTSZ	9606.ENSP00000458162	9606.ENSP00000217131	0	0	0	0	0.042	0	0	0.480	0.481
ACTG1	CDH1	9606.ENSP00000458162	9606.ENSP00000261769	0	0	0	0	0.061	0.312	0	0.226	0.457
ACTG1	TUBGCP3	9606.ENSP00000458162	9606.ENSP00000261965	0	0	0	0	0.044	0.824	0	0.101	0.836
ACTG1	ARPC1A	9606.ENSP00000458162	9606.ENSP00000262942	0	0	0	0	0.107	0.250	0.900	0.215	0.940
ACTG1	CALM3	9606.ENSP00000458162	9606.ENSP00000291295	0	0	0	0	0.080	0.146	0	0.360	0.453
ACTG1	PRDX2	9606.ENSP00000458162	9606.ENSP00000301522	0	0	0	0	0.110	0.058	0	0.343	0.402
ACTG1	TWF2	9606.ENSP00000458162	9606.ENSP00000303908	0	0	0	0	0.088	0.358	0	0.318	0.566
ACTG1	PDLIM2	9606.ENSP00000458162	9606.ENSP00000312634	0	0	0	0	0	0.099	0.360	0.074	0.419
ACTG1	ITGA3	9606.ENSP00000458162	9606.ENSP00000315190	0	0	0	0	0.048	0	0.650	0.113	0.679
ACTG1	HSP90AA1	9606.ENSP00000458162	9606.ENSP00000335153	0	0	0	0	0.139	0.180	0	0.354	0.504
ACTG1	EEF1A1	9606.ENSP00000458162	9606.ENSP00000339063	0	0	0	0	0.481	0.257	0	0.658	0.856
ACTG1	TUBB4B	9606.ENSP00000458162	9606.ENSP00000341289	0	0	0	0	0.156	0.129	0	0.402	0.522
ACTG1	RPS2	9606.ENSP00000458162	9606.ENSP00000341885	0	0	0	0	0.410	0.094	0	0.179	0.523
ACTG1	TAGLN2	9606.ENSP00000458162	9606.ENSP00000357076	0	0	0	0	0.158	0.140	0	0.290	0.441
ACTG1	PIP5K1A	9606.ENSP00000458162	9606.ENSP00000357883	0	0	0	0	0.048	0.058	0.900	0.076	0.906
ACTG1	FLNA	9606.ENSP00000458162	9606.ENSP00000358866	0	0	0	0	0.110	0.194	0	0.652	0.729
ACTG1	CTTN	9606.ENSP00000458162	9606.ENSP00000365745	0	0	0	0	0.045	0.329	0	0.589	0.714
ACTG1	AKT2	9606.ENSP00000458162	9606.ENSP00000375892	0	0	0	0	0.087	0.070	0	0.406	0.452
ACTG1	GAPDH	9606.ENSP00000458162	9606.ENSP00000380070	0	0	0	0	0.404	0.045	0	0.692	0.809
ACTG1	SMARCD2	9606.ENSP00000458162	9606.ENSP00000392617	0	0	0	0	0.095	0.315	0.800	0.090	0.872
ACTG1	HSPA8	9606.ENSP00000458162	9606.ENSP00000437125	0	0	0	0	0.305	0.065	0	0.423	0.592
ACTG1	CNN2	9606.ENSP00000458162	9606.ENSP00000456436	0	0	0	0	0.160	0.114	0	0.306	0.439
ACTG1	TUBGCP5	9606.ENSP00000458162	9606.ENSP00000480316	0	0	0	0	0	0.826	0	0	0.826
ADAM15	GRN	9606.ENSP00000349436	9606.ENSP00000053867	0	0	0	0	0.098	0	0	0.454	0.486
ADAM15	REV1	9606.ENSP00000349436	9606.ENSP00000258428	0	0	0	0	0	0	0	0.541	0.541
ADAM15	CDH1	9606.ENSP00000349436	9606.ENSP00000261769	0	0	0	0	0.044	0	0.750	0.308	0.820
ADAM15	MMP14	9606.ENSP00000349436	9606.ENSP00000308208	0	0	0	0	0.086	0	0	0.587	0.607
ADAM15	SH3PXD2B	9606.ENSP00000349436	9606.ENSP00000309714	0	0	0	0	0.056	0	0	0.889	0.890
AHSA1	FKBP4	9606.ENSP00000216479	9606.ENSP00000001008	0	0	0	0	0.392	0.613	0	0.894	0.973
AHSA1	PSMC4	9606.ENSP00000216479	9606.ENSP00000157812	0	0	0	0	0.194	0.223	0	0.187	0.446
AHSA1	HSPB2	9606.ENSP00000216479	9606.ENSP00000302476	0	0	0	0	0	0	0	0.400	0.400
AHSA1	FLNA	9606.ENSP00000216479	9606.ENSP00000358866	0	0	0	0	0.044	0	0	0.435	0.436
AHSA1	CANX	9606.ENSP00000216479	9606.ENSP00000247461	0	0	0	0	0.207	0	0	0.323	0.440
AHSA1	MEN1	9606.ENSP00000216479	9606.ENSP00000337088	0	0	0	0	0.402	0.071	0	0.147	0.485
AHSA1	DNAJB5	9606.ENSP00000216479	9606.ENSP00000404079	0	0	0	0	0.399	0.071	0	0.271	0.557
AHSA1	HSPA8	9606.ENSP00000216479	9606.ENSP00000437125	0	0	0	0	0.511	0.533	0	0.717	0.930
AHSA1	HSP90AA1	9606.ENSP00000216479	9606.ENSP00000335153	0	0	0	0	0.477	0.968	0	0.997	0.999
AKT1S1	HSP90AA1	9606.ENSP00000375711	9606.ENSP00000335153	0	0	0	0	0	0	0	0.568	0.568
AKT1S1	PTEN	9606.ENSP00000375711	9606.ENSP00000361021	0.045	0	0	0	0	0.047	0	0.633	0.637
AKT1S1	SQSTM1	9606.ENSP00000375711	9606.ENSP00000374455	0	0	0	0	0.060	0.292	0	0.301	0.494
AKT1S1	SLC38A9	9606.ENSP00000375711	9606.ENSP00000380074	0	0	0	0	0.057	0	0.500	0.419	0.702
AKT1S1	AKT2	9606.ENSP00000375711	9606.ENSP00000375892	0	0	0	0	0.076	0.096	0.900	0.654	0.967
AKT2	FKBP4	9606.ENSP00000375892	9606.ENSP00000001008	0	0	0	0	0.049	0.045	0	0.558	0.563
AKT2	CTSZ	9606.ENSP00000375892	9606.ENSP00000217131	0	0	0	0	0.058	0	0	0.402	0.413
AKT2	CDH1	9606.ENSP00000375892	9606.ENSP00000261769	0	0	0	0	0	0.067	0	0.447	0.461
AKT2	CALM3	9606.ENSP00000375892	9606.ENSP00000291295	0	0	0	0	0.049	0.099	0	0.536	0.568
AKT2	MAPK11	9606.ENSP00000375892	9606.ENSP00000333685	0	0	0.125	0.607	0.053	0.110	0.900	0.167	0.927
AKT2	HSP90AA1	9606.ENSP00000375892	9606.ENSP00000335153	0	0	0	0	0.047	0.223	0.900	0.380	0.948
AKT2	MAP2K3	9606.ENSP00000375892	9606.ENSP00000345083	0	0	0	0.639	0.081	0	0	0.420	0.445
AKT2	NF1	9606.ENSP00000375892	9606.ENSP00000351015	0	0	0	0	0.060	0.092	0	0.443	0.483
AKT2	PTPN1	9606.ENSP00000375892	9606.ENSP00000360683	0	0	0	0	0.078	0.097	0	0.387	0.445
AKT2	PTEN	9606.ENSP00000375892	9606.ENSP00000361021	0	0	0	0	0	0.287	0	0.767	0.826
AKT2	GAPDH	9606.ENSP00000375892	9606.ENSP00000380070	0	0	0	0	0.050	0.091	0	0.521	0.550
AKTIP	GAPDH	9606.ENSP00000300245	9606.ENSP00000380070	0	0	0	0	0.099	0.292	0	0.150	0.410
ALG1	DDOST	9606.ENSP00000262374	9606.ENSP00000399457	0	0	0	0	0.073	0	0	0.380	0.401
ALG1	GANAB	9606.ENSP00000262374	9606.ENSP00000340466	0	0	0	0	0.055	0	0	0.418	0.426
ALG1	ALG11	9606.ENSP00000262374	9606.ENSP00000430236	0	0	0	0	0.049	0.092	0	0.932	0.936
ALG11	CANX	9606.ENSP00000430236	9606.ENSP00000247461	0	0	0	0	0.044	0	0	0.666	0.667
ALG11	COPB2	9606.ENSP00000430236	9606.ENSP00000329419	0	0.392	0	0	0.067	0.071	0	0	0.427
ALG11	DDOST	9606.ENSP00000430236	9606.ENSP00000399457	0	0	0	0	0.055	0	0	0.408	0.418
ALG11	OST4	9606.ENSP00000430236	9606.ENSP00000455716	0	0	0	0	0	0	0	0.426	0.426
ANKRD13B	PIP5KL1	9606.ENSP00000378328	9606.ENSP00000373399	0	0	0	0	0.061	0	0	0.511	0.522
ANKRD18B	RFXANK	9606.ENSP00000290943	9606.ENSP00000305071	0	0	0.432	0	0	0	0	0.045	0.434
ANKRD34A	PNMA6A	9606.ENSP00000475189	9606.ENSP00000391488	0	0	0	0	0.083	0.095	0	0.370	0.431
ANO4	ZNF592	9606.ENSP00000376703	9606.ENSP00000452877	0	0	0	0	0	0	0	0.438	0.438
AP1S1	CTSZ	9606.ENSP00000336666	9606.ENSP00000217131	0	0	0	0	0.086	0	0.500	0.172	0.588
AP1S1	PIK3C2A	9606.ENSP00000336666	9606.ENSP00000265970	0	0	0	0	0.047	0	0.500	0.248	0.610
AP1S1	EPN2	9606.ENSP00000336666	9606.ENSP00000320543	0	0	0	0	0.054	0	0.540	0.145	0.595
AP1S1	AP2A2	9606.ENSP00000336666	9606.ENSP00000327694	0	0	0	0	0.042	0.087	0.900	0.196	0.920
AP1S1	HLA-DPB1	9606.ENSP00000336666	9606.ENSP00000408146	0	0	0	0	0	0	0.500	0	0.499
AP1S1	HSPA8	9606.ENSP00000336666	9606.ENSP00000437125	0	0	0	0	0.044	0	0.500	0	0.501
AP1S1	HLA-C	9606.ENSP00000336666	9606.ENSP00000365402	0	0	0	0	0	0	0.650	0	0.650
AP1S1	EBLN2	9606.ENSP00000336666	9606.ENSP00000432104	0	0	0	0	0	0.106	0	0.719	0.738
AP2A2	EPN2	9606.ENSP00000327694	9606.ENSP00000320543	0	0	0	0	0.105	0.297	0.540	0.187	0.733
AP2A2	FZD4	9606.ENSP00000327694	9606.ENSP00000434034	0	0	0	0	0.043	0	0.500	0.068	0.515
AP2A2	HLA-DPB1	9606.ENSP00000327694	9606.ENSP00000408146	0	0	0	0	0	0.055	0.500	0.072	0.523
APEX1	POLR2E	9606.ENSP00000216714	9606.ENSP00000478303	0	0	0	0	0.126	0.305	0	0.096	0.403
APEX1	PTEN	9606.ENSP00000216714	9606.ENSP00000361021	0.042	0	0	0	0.105	0	0	0.365	0.409
APEX1	HSP90AA1	9606.ENSP00000216714	9606.ENSP00000335153	0.053	0	0	0	0.084	0	0	0.396	0.430
APEX1	MARS1	9606.ENSP00000216714	9606.ENSP00000262027	0.110	0	0	0	0.099	0	0	0.348	0.431
APEX1	RAD51C	9606.ENSP00000216714	9606.ENSP00000336701	0	0	0	0	0.173	0.059	0	0.350	0.450
APEX1	RPS3	9606.ENSP00000216714	9606.ENSP00000278572	0	0	0	0	0.260	0	0	0.312	0.470
APEX1	TOP2A	9606.ENSP00000216714	9606.ENSP00000411532	0	0	0	0	0.171	0	0	0.394	0.476
APEX1	REV1	9606.ENSP00000216714	9606.ENSP00000258428	0.042	0	0	0	0.075	0	0	0.528	0.546
APEX1	GAPDH	9606.ENSP00000216714	9606.ENSP00000380070	0.061	0	0	0	0.117	0	0	0.655	0.689
APEX1	H4C3	9606.ENSP00000216714	9606.ENSP00000367034	0	0	0	0	0.058	0.800	0	0	0.803
ARPC1A	MKKS	9606.ENSP00000262942	9606.ENSP00000246062	0	0	0	0	0.451	0.066	0	0.048	0.470
ARPC1A	CTTN	9606.ENSP00000262942	9606.ENSP00000365745	0	0	0	0	0.119	0.198	0	0.332	0.487
ARPC1A	PIK3C2A	9606.ENSP00000262942	9606.ENSP00000265970	0	0	0	0	0.044	0	0.500	0.072	0.517
ASF1A	SZRD1	9606.ENSP00000229595	9606.ENSP00000383866	0	0	0	0	0.403	0.071	0	0	0.421
ASF1A	H2BC12	9606.ENSP00000229595	9606.ENSP00000349430	0	0	0	0	0	0.127	0	0.374	0.430
ASF1A	CBX3	9606.ENSP00000229595	9606.ENSP00000336687	0	0	0	0	0.130	0	0	0.408	0.463
ASF1A	TAF1	9606.ENSP00000229595	9606.ENSP00000406549	0	0	0	0	0	0.948	0	0.522	0.974
ASF1A	H4C3	9606.ENSP00000229595	9606.ENSP00000367034	0	0	0	0	0.047	0.972	0	0.138	0.975
ASF1A	CHAF1B	9606.ENSP00000229595	9606.ENSP00000315700	0	0	0	0	0.105	0.937	0	0.803	0.988
ASF1A	UBN1	9606.ENSP00000229595	9606.ENSP00000262376	0	0	0	0	0	0.835	0.800	0.986	0.999
ASPHD1	ZBTB8OS	9606.ENSP00000311447	9606.ENSP00000417677	0	0	0	0	0	0	0	0.430	0.430
ASPHD1	PRRT2	9606.ENSP00000311447	9606.ENSP00000456226	0	0	0	0	0.118	0	0	0.586	0.619
ATG16L2	ATG3	9606.ENSP00000326340	9606.ENSP00000283290	0	0	0	0	0.086	0.126	0.900	0.647	0.968
ATG16L2	MAP1LC3A	9606.ENSP00000326340	9606.ENSP00000363970	0	0	0	0	0.044	0.093	0	0.452	0.484
ATG16L2	SQSTM1	9606.ENSP00000326340	9606.ENSP00000374455	0	0	0	0	0.059	0.179	0	0.445	0.534
ATG16L2	BECN1	9606.ENSP00000326340	9606.ENSP00000355231	0	0	0	0	0	0.139	0	0.586	0.628
ATG3	HSPA8	9606.ENSP00000283290	9606.ENSP00000437125	0	0	0	0	0.138	0.057	0	0.449	0.513
ATG3	GAPDH	9606.ENSP00000283290	9606.ENSP00000380070	0	0	0	0	0.138	0.064	0	0.458	0.525
ATG3	OS9	9606.ENSP00000283290	9606.ENSP00000318165	0	0	0	0	0.042	0	0.720	0.110	0.740
ATG3	SQSTM1	9606.ENSP00000283290	9606.ENSP00000374455	0	0	0	0	0.107	0	0	0.790	0.804
ATG3	BECN1	9606.ENSP00000283290	9606.ENSP00000355231	0	0	0	0	0.245	0.368	0.500	0.966	0.991
ATG3	MAP1LC3A	9606.ENSP00000283290	9606.ENSP00000363970	0	0	0	0	0.131	0.892	0.500	0.954	0.997
ATP1A1	HDAC5	9606.ENSP00000445306	9606.ENSP00000225983	0	0	0	0	0.045	0.294	0	0.359	0.530
ATP1A1	SLC7A5	9606.ENSP00000445306	9606.ENSP00000261622	0.041	0	0	0	0.077	0.506	0	0.190	0.599
ATP1A1	GAPDH	9606.ENSP00000445306	9606.ENSP00000380070	0	0	0	0	0.064	0	0	0.415	0.429
ATP1A1	NDRG1	9606.ENSP00000445306	9606.ENSP00000404854	0	0	0	0	0.085	0.628	0	0.188	0.700
ATP5MGL	NDUFB7	9606.ENSP00000421076	9606.ENSP00000215565	0	0	0	0	0.642	0.133	0	0.208	0.732
ATP5MGL	NDUFB10	9606.ENSP00000421076	9606.ENSP00000268668	0	0	0	0	0.627	0.127	0	0.043	0.661
ATP5MGL	NDUFB9	9606.ENSP00000421076	9606.ENSP00000276689	0	0	0	0	0.825	0.097	0	0.102	0.845
ATP5MGL	ATP5PD	9606.ENSP00000421076	9606.ENSP00000301587	0	0	0	0	0.830	0.841	0.744	0.347	0.994
ATP5MGL	NDUFA12	9606.ENSP00000421076	9606.ENSP00000330737	0	0	0	0	0.676	0.137	0	0.163	0.745
ATP5MGL	MT-ATP6	9606.ENSP00000421076	9606.ENSP00000354632	0	0	0	0	0.081	0.843	0.744	0.208	0.966
ATP5MGL	COA6	9606.ENSP00000421076	9606.ENSP00000355574	0	0	0	0	0.362	0.125	0	0.121	0.466
ATP5MGL	ATP6V0E2	9606.ENSP00000421076	9606.ENSP00000411672	0	0	0	0	0.054	0	0.540	0	0.546
ATP5MGL	NDUFA13	9606.ENSP00000421076	9606.ENSP00000423673	0	0	0	0	0.548	0.097	0	0.115	0.607
ATP5MGL	NDUFA6	9606.ENSP00000421076	9606.ENSP00000482543	0	0	0	0	0.820	0.095	0	0.252	0.867
ATP5PD	NDUFB7	9606.ENSP00000301587	9606.ENSP00000215565	0	0	0	0	0.746	0.096	0	0.533	0.883
ATP5PD	UQCRC2	9606.ENSP00000301587	9606.ENSP00000268379	0	0	0	0	0.669	0.100	0	0.613	0.875
ATP5PD	NDUFB10	9606.ENSP00000301587	9606.ENSP00000268668	0	0	0	0	0.915	0.209	0	0.629	0.973
ATP5PD	NDUFB9	9606.ENSP00000301587	9606.ENSP00000276689	0	0	0	0	0.969	0.162	0	0.460	0.985
ATP5PD	RPS3	9606.ENSP00000301587	9606.ENSP00000278572	0	0	0	0	0.396	0.091	0	0.165	0.502
ATP5PD	PRDX2	9606.ENSP00000301587	9606.ENSP00000301522	0	0	0	0	0.219	0.071	0	0.557	0.650
ATP5PD	RPL26	9606.ENSP00000301587	9606.ENSP00000463784	0	0	0	0	0.315	0.091	0	0.120	0.404
ATP5PD	RPSA	9606.ENSP00000301587	9606.ENSP00000389351	0	0	0	0	0.203	0	0	0.286	0.407
ATP5PD	RPS2	9606.ENSP00000301587	9606.ENSP00000341885	0	0	0	0	0.224	0	0	0.269	0.409
ATP5PD	RPS25	9606.ENSP00000301587	9606.ENSP00000435096	0	0	0	0	0.364	0	0	0.186	0.461
ATP5PD	RPL12	9606.ENSP00000301587	9606.ENSP00000354739	0	0	0	0	0.414	0.091	0	0.113	0.486
ATP5PD	SUCLA2	9606.ENSP00000301587	9606.ENSP00000494360	0	0	0	0	0.178	0	0	0.416	0.500
ATP5PD	ATP6V0E2	9606.ENSP00000301587	9606.ENSP00000411672	0	0	0	0	0.055	0	0.540	0.113	0.581
ATP5PD	COA6	9606.ENSP00000301587	9606.ENSP00000355574	0	0	0	0	0.615	0.091	0	0.147	0.676
ATP5PD	PPA1	9606.ENSP00000301587	9606.ENSP00000362329	0	0	0	0	0.171	0	0.650	0.181	0.741
ATP5PD	NDUFA13	9606.ENSP00000301587	9606.ENSP00000423673	0	0	0	0	0.869	0.091	0	0.370	0.918
ATP5PD	SDHB	9606.ENSP00000301587	9606.ENSP00000364649	0	0	0	0	0.856	0.097	0	0.470	0.925
ATP5PD	NDUFA6	9606.ENSP00000301587	9606.ENSP00000482543	0	0	0	0	0.886	0.096	0	0.529	0.947
ATP5PD	NDUFA12	9606.ENSP00000301587	9606.ENSP00000330737	0	0	0	0	0.938	0.237	0	0.350	0.966
ATP5PD	MT-ATP6	9606.ENSP00000301587	9606.ENSP00000354632	0	0	0	0	0.335	0.966	0.967	0.504	0.999
ATP6V0E2	MT-ATP6	9606.ENSP00000411672	9606.ENSP00000354632	0	0	0	0	0	0	0.540	0	0.540
ATP6V0E2	CNST	9606.ENSP00000411672	9606.ENSP00000355470	0	0	0	0	0.102	0.748	0	0.097	0.777
ATP6V0E2	GNAS	9606.ENSP00000411672	9606.ENSP00000360141	0	0	0	0	0.081	0	0	0.400	0.425
ATP6V0E2	SLC38A9	9606.ENSP00000411672	9606.ENSP00000380074	0	0	0	0	0	0	0.500	0	0.499
ATXN2L	RABEP2	9606.ENSP00000378917	9606.ENSP00000350934	0	0	0	0	0.083	0	0	0.653	0.669
BAG6	HSPA8	9606.ENSP00000365131	9606.ENSP00000437125	0	0	0	0	0.057	0	0	0.448	0.458
BAG6	UBL7	9606.ENSP00000365131	9606.ENSP00000457703	0	0	0	0	0.178	0.438	0	0.322	0.660
BANF1	BRD3	9606.ENSP00000433760	9606.ENSP00000305918	0	0	0	0	0.047	0.292	0	0.298	0.485
BANF1	FOS	9606.ENSP00000433760	9606.ENSP00000306245	0	0	0	0	0.042	0	0	0.634	0.634
BANF1	BICRAL	9606.ENSP00000433760	9606.ENSP00000313933	0	0	0	0	0	0	0	0.519	0.519
BANF1	CBX3	9606.ENSP00000433760	9606.ENSP00000336687	0	0	0	0	0.133	0.292	0	0.382	0.588
BANF1	DPY30	9606.ENSP00000433760	9606.ENSP00000345837	0	0	0	0	0.230	0.311	0	0.200	0.539
BANF1	NF1	9606.ENSP00000433760	9606.ENSP00000351015	0	0	0	0	0.042	0	0	0.477	0.478
BANF1	FLNA	9606.ENSP00000433760	9606.ENSP00000358866	0	0	0	0	0.082	0.292	0	0.169	0.413
BANF1	SYTL4	9606.ENSP00000433760	9606.ENSP00000362080	0	0	0	0	0	0	0	0.436	0.436
BANF1	SQSTM1	9606.ENSP00000433760	9606.ENSP00000374455	0	0	0	0	0.042	0	0	0.487	0.488
BANF1	GAPDH	9606.ENSP00000433760	9606.ENSP00000380070	0	0	0	0	0.133	0	0	0.418	0.474
BANF1	NEMP2	9606.ENSP00000433760	9606.ENSP00000386292	0	0	0	0	0.048	0.091	0	0.435	0.468
BANF1	SMARCD2	9606.ENSP00000433760	9606.ENSP00000392617	0	0	0	0	0.055	0	0	0.565	0.571
BANF1	VRK2	9606.ENSP00000433760	9606.ENSP00000408002	0	0	0	0	0.043	0.318	0.400	0.603	0.824
BANF1	TOP2A	9606.ENSP00000433760	9606.ENSP00000411532	0	0	0	0	0.102	0.199	0	0.529	0.632
BATF3	FOS	9606.ENSP00000243440	9606.ENSP00000306245	0	0	0	0	0	0	0	0.530	0.530
BBS12	MKKS	9606.ENSP00000438273	9606.ENSP00000246062	0	0	0	0	0	0.780	0.800	0.303	0.966
BBS12	RFX1	9606.ENSP00000438273	9606.ENSP00000254325	0	0	0	0	0	0	0	0.438	0.438
BBS12	LEPR	9606.ENSP00000438273	9606.ENSP00000330393	0	0	0	0	0.043	0	0	0.407	0.408
BCCIP	NOP53	9606.ENSP00000357748	9606.ENSP00000246802	0	0	0	0	0.322	0	0	0.184	0.424
BCCIP	CDK7	9606.ENSP00000357748	9606.ENSP00000256443	0	0	0	0	0.126	0	0.900	0.127	0.917
BCCIP	IMP3	9606.ENSP00000357748	9606.ENSP00000326981	0	0	0	0	0.557	0	0	0	0.557
BCCIP	SURF6	9606.ENSP00000357748	9606.ENSP00000361092	0	0	0	0	0.405	0	0	0	0.405
BCCIP	POLR2E	9606.ENSP00000357748	9606.ENSP00000478303	0	0	0	0	0.410	0	0	0.091	0.441
BCCIP	NOL8	9606.ENSP00000357748	9606.ENSP00000441140	0	0	0	0	0.160	0	0	0.363	0.443
BCKDHB	SDHB	9606.ENSP00000318351	9606.ENSP00000364649	0.046	0	0	0	0.365	0.092	0	0.348	0.593
BCKDHB	GAPDH	9606.ENSP00000318351	9606.ENSP00000380070	0	0	0	0	0.055	0	0.449	0.292	0.599
BCKDHB	RPE	9606.ENSP00000318351	9606.ENSP00000352401	0	0	0	0	0.064	0	0.585	0.249	0.682
BCKDHB	SUCLA2	9606.ENSP00000318351	9606.ENSP00000494360	0	0	0	0	0.144	0.070	0.604	0.421	0.793
BCKDHB	MCCC2	9606.ENSP00000318351	9606.ENSP00000343657	0.099	0	0	0	0.164	0	0.585	0.547	0.839
BCL2L2	PTEN	9606.ENSP00000250405	9606.ENSP00000361021	0	0	0	0	0.042	0.057	0	0.400	0.410
BCL2L2	HSPA8	9606.ENSP00000250405	9606.ENSP00000437125	0	0	0	0	0	0	0	0.417	0.417
BCL2L2	BECN1	9606.ENSP00000250405	9606.ENSP00000355231	0	0	0	0	0.047	0.519	0	0.975	0.987
BCL3	SOCS1	9606.ENSP00000164227	9606.ENSP00000496577	0	0	0	0	0.177	0	0	0.301	0.400
BCL3	RFXANK	9606.ENSP00000164227	9606.ENSP00000305071	0	0	0.467	0	0.042	0	0	0.045	0.469
BCL3	NFKBIE	9606.ENSP00000164227	9606.ENSP00000275015	0	0	0.144	0.726	0.191	0	0	0.543	0.656
BCL3	FOS	9606.ENSP00000164227	9606.ENSP00000306245	0	0	0	0	0.077	0.300	0	0.794	0.856
BECN1	FKBP4	9606.ENSP00000355231	9606.ENSP00000001008	0	0	0	0	0.056	0.076	0	0.511	0.536
BECN1	CANX	9606.ENSP00000355231	9606.ENSP00000247461	0	0	0	0	0.049	0	0	0.469	0.474
BECN1	CDH1	9606.ENSP00000355231	9606.ENSP00000261769	0	0	0	0	0	0	0	0.447	0.447
BECN1	VAC14	9606.ENSP00000355231	9606.ENSP00000261776	0	0	0	0	0.056	0.075	0.540	0.148	0.612
BECN1	PIK3C2A	9606.ENSP00000355231	9606.ENSP00000265970	0	0	0	0	0.057	0	0.540	0.175	0.611
BECN1	CALM3	9606.ENSP00000355231	9606.ENSP00000291295	0	0	0	0	0.050	0	0	0.449	0.454
BECN1	HSP90AA1	9606.ENSP00000355231	9606.ENSP00000335153	0	0	0	0	0.049	0.292	0	0.717	0.793
BECN1	MAP2K3	9606.ENSP00000355231	9606.ENSP00000345083	0	0	0	0	0.056	0.432	0	0.236	0.554
BECN1	KRT18	9606.ENSP00000355231	9606.ENSP00000373489	0	0	0	0	0	0.294	0	0.185	0.400
BECN1	TLR6	9606.ENSP00000355231	9606.ENSP00000389600	0	0	0	0	0.042	0.067	0	0.452	0.467
BECN1	HSPA8	9606.ENSP00000355231	9606.ENSP00000437125	0	0	0	0	0.060	0.046	0	0.538	0.549
BECN1	SOCS1	9606.ENSP00000355231	9606.ENSP00000496577	0	0	0	0	0	0	0.540	0.150	0.592
BECN1	ERN1	9606.ENSP00000355231	9606.ENSP00000401445	0	0	0	0	0	0.051	0	0.615	0.619
BECN1	PTEN	9606.ENSP00000355231	9606.ENSP00000361021	0	0	0	0	0.056	0.052	0	0.629	0.639
BECN1	GAPDH	9606.ENSP00000355231	9606.ENSP00000380070	0	0	0	0	0.060	0	0	0.752	0.757
BECN1	PLP2	9606.ENSP00000355231	9606.ENSP00000365505	0	0	0	0	0	0	0	0.774	0.774
BECN1	SQSTM1	9606.ENSP00000355231	9606.ENSP00000374455	0	0	0	0	0.048	0.510	0	0.919	0.958
BECN1	MAP1LC3A	9606.ENSP00000355231	9606.ENSP00000363970	0	0	0	0	0	0.105	0.500	0.926	0.964
BICRAL	SMARCD2	9606.ENSP00000313933	9606.ENSP00000392617	0	0	0	0	0.067	0.068	0.900	0.447	0.945
BMPER	CCM2	9606.ENSP00000497748	9606.ENSP00000370503	0	0	0	0	0	0.091	0	0.498	0.524
BRD3	INO80B	9606.ENSP00000305918	9606.ENSP00000233331	0	0	0	0	0.050	0.534	0	0	0.538
BRD3	CDK7	9606.ENSP00000305918	9606.ENSP00000256443	0	0	0	0	0.063	0.292	0	0.257	0.464
BRD3	KDM1B	9606.ENSP00000305918	9606.ENSP00000297792	0	0	0	0	0	0.519	0	0.234	0.615
BRD3	SOCS1	9606.ENSP00000305918	9606.ENSP00000496577	0	0	0	0	0	0	0	0.401	0.400
BRD3	EVI5L	9606.ENSP00000305918	9606.ENSP00000445905	0	0	0	0	0	0.421	0	0	0.420
BRD3	SMARCD2	9606.ENSP00000305918	9606.ENSP00000392617	0	0	0	0	0.098	0.327	0	0.135	0.429
BRD3	DDX41	9606.ENSP00000305918	9606.ENSP00000330349	0	0	0	0	0.082	0.421	0	0.069	0.461
BRD3	H4C3	9606.ENSP00000305918	9606.ENSP00000367034	0	0	0	0	0.068	0.408	0	0.116	0.470
BRD3	MEN1	9606.ENSP00000305918	9606.ENSP00000337088	0	0	0	0	0.072	0	0	0.462	0.479
BRD3	NUCB1	9606.ENSP00000305918	9606.ENSP00000385923	0	0	0	0	0.049	0.292	0	0.305	0.491
BRD3	CAVIN1	9606.ENSP00000305918	9606.ENSP00000349541	0	0	0	0	0.096	0.606	0	0	0.628
BRD3	CBX3	9606.ENSP00000305918	9606.ENSP00000336687	0	0	0	0	0.056	0.626	0	0.192	0.690
BRD3	PIP4K2C	9606.ENSP00000305918	9606.ENSP00000347032	0	0	0	0	0.059	0.730	0	0	0.735
BRD3	TAF1	9606.ENSP00000305918	9606.ENSP00000406549	0	0	0	0.556	0.066	0.665	0	0.307	0.764
BRD3	ZNF592	9606.ENSP00000305918	9606.ENSP00000452877	0	0	0	0	0.058	0.528	0	0.657	0.834
BST2	ZNF205	9606.ENSP00000252593	9606.ENSP00000480401	0	0	0	0	0	0	0	0.408	0.408
C1QBP	PRMT1	9606.ENSP00000225698	9606.ENSP00000406162	0	0	0	0	0.241	0.071	0	0.218	0.401
C1QBP	UQCRC2	9606.ENSP00000225698	9606.ENSP00000268379	0	0	0	0	0.148	0.219	0	0.174	0.403
C1QBP	MMP14	9606.ENSP00000225698	9606.ENSP00000308208	0	0	0	0	0.055	0.292	0	0.193	0.412
C1QBP	RPS2	9606.ENSP00000225698	9606.ENSP00000341885	0	0	0	0	0.322	0.197	0	0	0.432
C1QBP	HSPA8	9606.ENSP00000225698	9606.ENSP00000437125	0	0	0	0	0.237	0.292	0	0.125	0.487
C1QBP	EPB41L3	9606.ENSP00000225698	9606.ENSP00000343158	0	0	0	0	0	0	0	0.494	0.493
C1QBP	CDH1	9606.ENSP00000225698	9606.ENSP00000261769	0	0	0	0	0.042	0.292	0	0.422	0.573
C1QBP	CALR	9606.ENSP00000225698	9606.ENSP00000320866	0	0	0	0	0.129	0	0	0.726	0.751
CACHD1	CACNG8	9606.ENSP00000290039	9606.ENSP00000270458	0	0	0	0	0	0	0.540	0	0.540
CALM3	FKBP4	9606.ENSP00000291295	9606.ENSP00000001008	0	0	0	0	0.086	0.140	0	0.547	0.613
CALM3	HDAC5	9606.ENSP00000291295	9606.ENSP00000225983	0	0	0	0	0.082	0.071	0	0.425	0.466
CALM3	PPP3R1	9606.ENSP00000291295	9606.ENSP00000234310	0	0	0	0.821	0.086	0.456	0.650	0.899	0.980
CALM3	CANX	9606.ENSP00000291295	9606.ENSP00000247461	0	0	0	0	0	0.058	0	0.445	0.454
CALM3	CDH1	9606.ENSP00000291295	9606.ENSP00000261769	0	0	0	0	0	0	0	0.568	0.568
CALM3	TUBGCP3	9606.ENSP00000291295	9606.ENSP00000261965	0	0	0	0	0.055	0	0	0.559	0.566
CALM3	PXN	9606.ENSP00000291295	9606.ENSP00000267257	0	0	0	0	0.048	0.094	0	0.519	0.549
CALM3	SH3BGRL3	9606.ENSP00000291295	9606.ENSP00000270792	0	0	0	0	0.084	0	0	0.418	0.444
CALM3	SCN3A	9606.ENSP00000291295	9606.ENSP00000283254	0	0	0	0	0	0.407	0	0.287	0.559
CALM3	NRGN	9606.ENSP00000291295	9606.ENSP00000284292	0	0	0	0	0.127	0	0	0.992	0.992
CALM3	DNALI1	9606.ENSP00000291295	9606.ENSP00000296218	0	0	0	0	0.052	0.136	0	0.344	0.416
CALM3	PPA1	9606.ENSP00000291295	9606.ENSP00000362329	0	0	0	0	0.103	0.073	0	0.366	0.427
CALM3	KDELR1	9606.ENSP00000291295	9606.ENSP00000329471	0	0	0	0	0.115	0	0	0.398	0.444
CALM3	PTEN	9606.ENSP00000291295	9606.ENSP00000361021	0	0	0	0	0	0.095	0	0.419	0.451
CALM3	MAPK11	9606.ENSP00000291295	9606.ENSP00000333685	0	0	0	0	0.107	0.108	0	0.370	0.455
CALM3	CYTH3	9606.ENSP00000291295	9606.ENSP00000297044	0	0	0	0	0	0	0	0.462	0.461
CALM3	GRASP	9606.ENSP00000291295	9606.ENSP00000293662	0	0	0	0	0	0.077	0	0.488	0.507
CALM3	GEM	9606.ENSP00000291295	9606.ENSP00000297596	0	0	0	0	0.074	0.097	0	0.476	0.524
CALM3	HOMER3	9606.ENSP00000291295	9606.ENSP00000439937	0	0	0	0	0	0.051	0	0.529	0.533
CALM3	NOX1	9606.ENSP00000291295	9606.ENSP00000362057	0	0	0	0	0	0.260	0	0.400	0.537
CALM3	CTTN	9606.ENSP00000291295	9606.ENSP00000365745	0	0	0	0	0.042	0.302	0	0.389	0.555
CALM3	TAGLN2	9606.ENSP00000291295	9606.ENSP00000357076	0	0	0	0	0.083	0.133	0	0.493	0.562
CALM3	FKBP1C	9606.ENSP00000291295	9606.ENSP00000359693	0	0	0	0	0.236	0.304	0	0.246	0.564
CALM3	CNN2	9606.ENSP00000291295	9606.ENSP00000456436	0	0	0	0	0.081	0.133	0	0.545	0.606
CALM3	JPH2	9606.ENSP00000291295	9606.ENSP00000362071	0	0	0	0	0.059	0.096	0	0.611	0.640
CALM3	FOS	9606.ENSP00000291295	9606.ENSP00000306245	0	0	0	0	0	0.183	0	0.615	0.672
CALM3	GAPDH	9606.ENSP00000291295	9606.ENSP00000380070	0	0	0	0	0.126	0.097	0	0.632	0.684
CALM3	EEF1A1	9606.ENSP00000291295	9606.ENSP00000339063	0	0	0	0	0.049	0.063	0	0.680	0.690
CALM3	CALR	9606.ENSP00000291295	9606.ENSP00000320866	0	0	0	0	0.078	0.095	0	0.683	0.713
CALM3	HSPA8	9606.ENSP00000291295	9606.ENSP00000437125	0	0	0	0	0.062	0.120	0	0.691	0.723
CALM3	CAMTA2	9606.ENSP00000291295	9606.ENSP00000412886	0	0	0	0	0.067	0.234	0	0.645	0.724
CALM3	UBR4	9606.ENSP00000291295	9606.ENSP00000364403	0	0	0	0	0	0.248	0	0.890	0.913
CALM3	FLNA	9606.ENSP00000291295	9606.ENSP00000358866	0	0	0	0	0.062	0.421	0	0.902	0.942
CALM3	HSP90AA1	9606.ENSP00000291295	9606.ENSP00000335153	0	0	0	0	0.045	0.071	0.800	0.984	0.996
CALR	CANX	9606.ENSP00000320866	9606.ENSP00000247461	0	0	0	0.846	0.554	0.491	0.900	0.988	0.999
CALR	SDF2L1	9606.ENSP00000320866	9606.ENSP00000248958	0	0	0	0	0.309	0.099	0	0.582	0.717
CALR	PXN	9606.ENSP00000320866	9606.ENSP00000267257	0	0	0	0	0.069	0	0	0.382	0.400
CALR	PRDX2	9606.ENSP00000320866	9606.ENSP00000301522	0	0	0	0	0.128	0	0	0.430	0.482
CALR	LTBP3	9606.ENSP00000320866	9606.ENSP00000301873	0	0	0	0	0.063	0	0	0.390	0.405
CALR	RFXANK	9606.ENSP00000320866	9606.ENSP00000305071	0	0	0	0	0.056	0	0	0.407	0.417
CALR	OS9	9606.ENSP00000320866	9606.ENSP00000318165	0	0	0	0	0.190	0	0	0.688	0.737
CALR	EEF1A1	9606.ENSP00000320866	9606.ENSP00000339063	0	0	0	0	0.137	0	0	0.384	0.446
CALR	NFIX	9606.ENSP00000320866	9606.ENSP00000380781	0	0	0	0	0	0	0	0.466	0.465
CALR	GOLGA2	9606.ENSP00000320866	9606.ENSP00000416097	0	0	0	0	0.055	0	0	0.493	0.500
CALR	DDOST	9606.ENSP00000320866	9606.ENSP00000399457	0	0	0	0	0.380	0	0	0.281	0.535
CALR	FLOT1	9606.ENSP00000320866	9606.ENSP00000365569	0	0	0	0	0.047	0	0	0.558	0.561
CALR	KDELR1	9606.ENSP00000320866	9606.ENSP00000329471	0	0	0	0	0.223	0	0	0.523	0.614
CALR	ERN1	9606.ENSP00000320866	9606.ENSP00000401445	0	0	0	0	0.067	0	0	0.635	0.645
CALR	HSPA8	9606.ENSP00000320866	9606.ENSP00000437125	0	0	0	0	0.126	0.089	0	0.674	0.718
CALR	GAPDH	9606.ENSP00000320866	9606.ENSP00000380070	0	0	0	0	0.095	0	0	0.743	0.757
CALR	HLA-C	9606.ENSP00000320866	9606.ENSP00000365402	0	0	0	0	0.063	0	0.900	0.315	0.930
CALR	PDIA6	9606.ENSP00000320866	9606.ENSP00000385385	0	0	0	0	0.736	0.238	0	0.711	0.937
CALR	GANAB	9606.ENSP00000320866	9606.ENSP00000340466	0	0	0	0	0.247	0.699	0.400	0.634	0.943
CALR	HSP90AA1	9606.ENSP00000320866	9606.ENSP00000335153	0	0	0	0	0.254	0.065	0	0.957	0.968
CAMTA2	HDAC7	9606.ENSP00000412886	9606.ENSP00000080059	0	0	0	0	0.060	0	0	0.414	0.425
CAMTA2	HDAC5	9606.ENSP00000412886	9606.ENSP00000225983	0	0	0	0	0.073	0.292	0	0.453	0.609
CANX	PSME2	9606.ENSP00000247461	9606.ENSP00000216802	0	0	0	0	0.049	0	0	0.546	0.549
CANX	WFS1	9606.ENSP00000247461	9606.ENSP00000226760	0	0	0	0	0.045	0.190	0	0.435	0.525
CANX	SDF2L1	9606.ENSP00000247461	9606.ENSP00000248958	0	0	0	0	0.170	0.088	0	0.282	0.409
CANX	TUBB4B	9606.ENSP00000247461	9606.ENSP00000341289	0	0	0	0	0.310	0	0	0.193	0.419
CANX	TXNDC11	9606.ENSP00000247461	9606.ENSP00000349439	0	0	0	0	0.151	0.058	0	0.334	0.421
CANX	EMC4	9606.ENSP00000247461	9606.ENSP00000267750	0	0	0	0	0.067	0.292	0	0.217	0.437
CANX	HEXB	9606.ENSP00000247461	9606.ENSP00000261416	0	0	0	0	0.222	0.215	0	0.159	0.441
CANX	COPB2	9606.ENSP00000247461	9606.ENSP00000329419	0	0	0	0	0.151	0.235	0	0.233	0.459
CANX	PRDX2	9606.ENSP00000247461	9606.ENSP00000301522	0	0	0	0	0.062	0	0	0.498	0.509
CANX	HLA-DPB1	9606.ENSP00000247461	9606.ENSP00000408146	0	0	0	0	0.047	0.046	0.500	0.055	0.512
CANX	PTEN	9606.ENSP00000247461	9606.ENSP00000361021	0	0	0	0	0.056	0	0	0.508	0.515
CANX	KDELR1	9606.ENSP00000247461	9606.ENSP00000329471	0	0	0	0	0.072	0	0	0.517	0.532
CANX	PREB	9606.ENSP00000247461	9606.ENSP00000260643	0	0	0	0	0.054	0.456	0	0.400	0.664
CANX	HSPA8	9606.ENSP00000247461	9606.ENSP00000437125	0	0	0	0	0.145	0.125	0	0.588	0.665
CANX	HLA-C	9606.ENSP00000247461	9606.ENSP00000365402	0	0	0	0	0	0.171	0.500	0.269	0.670
CANX	FLOT1	9606.ENSP00000247461	9606.ENSP00000365569	0	0	0	0	0.042	0.128	0	0.646	0.678
CANX	PDIA6	9606.ENSP00000247461	9606.ENSP00000385385	0	0	0	0	0.239	0.197	0	0.585	0.725
CANX	ERN1	9606.ENSP00000247461	9606.ENSP00000401445	0	0	0	0	0.056	0.066	0	0.714	0.726
CANX	GOLGA2	9606.ENSP00000247461	9606.ENSP00000416097	0	0	0	0	0.044	0.091	0	0.729	0.743
CANX	GAPDH	9606.ENSP00000247461	9606.ENSP00000380070	0	0	0	0	0.067	0	0	0.824	0.828
CANX	HSP90AA1	9606.ENSP00000247461	9606.ENSP00000335153	0	0	0	0	0.222	0.197	0	0.777	0.848
CANX	DDOST	9606.ENSP00000247461	9606.ENSP00000399457	0	0	0	0	0.461	0.481	0	0.625	0.886
CANX	GANAB	9606.ENSP00000247461	9606.ENSP00000340466	0	0	0	0	0.149	0.798	0.400	0.598	0.953
CANX	OS9	9606.ENSP00000247461	9606.ENSP00000318165	0	0	0	0	0.077	0.190	0	0.949	0.958
CAPG	HLA-DPB1	9606.ENSP00000263867	9606.ENSP00000408146	0	0	0	0	0.127	0.071	0	0.353	0.429
CAVIN1	CDK7	9606.ENSP00000349541	9606.ENSP00000256443	0	0	0	0	0.049	0	0.500	0	0.504
CAVIN1	MCAM	9606.ENSP00000349541	9606.ENSP00000264036	0	0	0	0	0.182	0	0.400	0	0.488
CAVIN1	POLR2K	9606.ENSP00000349541	9606.ENSP00000342889	0	0	0	0	0	0	0.500	0	0.499
CAVIN1	CTTN	9606.ENSP00000349541	9606.ENSP00000365745	0	0	0	0	0.099	0	0	0.428	0.462
CAVIN1	POLR2E	9606.ENSP00000349541	9606.ENSP00000478303	0	0	0	0	0.055	0	0.500	0	0.507
CAVIN1	FLNA	9606.ENSP00000349541	9606.ENSP00000358866	0	0	0	0	0.158	0	0	0.540	0.596
CAVIN1	FLOT1	9606.ENSP00000349541	9606.ENSP00000365569	0	0	0	0	0.044	0	0.400	0.433	0.646
CBX2	HDAC7	9606.ENSP00000308750	9606.ENSP00000080059	0	0	0	0	0	0.103	0.500	0.062	0.542
CBX2	HDAC5	9606.ENSP00000308750	9606.ENSP00000225983	0	0	0	0	0	0.103	0.500	0.074	0.548
CBX2	CETN2	9606.ENSP00000308750	9606.ENSP00000359300	0	0	0	0	0	0	0.400	0	0.400
CBX2	MAF1	9606.ENSP00000308750	9606.ENSP00000318604	0	0	0	0	0	0	0.500	0	0.499
CBX2	MAPK11	9606.ENSP00000308750	9606.ENSP00000333685	0	0	0	0	0.045	0	0.500	0	0.502
CBX2	H2BC12	9606.ENSP00000308750	9606.ENSP00000349430	0	0	0	0	0	0.055	0.500	0	0.507
CBX2	H2AC14	9606.ENSP00000308750	9606.ENSP00000328484	0	0	0	0	0.047	0.053	0.500	0.175	0.578
CBX2	RING1	9606.ENSP00000308750	9606.ENSP00000363787	0	0	0	0	0	0.753	0.900	0.998	0.999
CBX3	CHAF1B	9606.ENSP00000336687	9606.ENSP00000315700	0	0	0	0	0.092	0.578	0	0.360	0.734
CBX3	H2AC14	9606.ENSP00000336687	9606.ENSP00000328484	0	0	0	0	0.042	0.076	0.500	0.095	0.545
CBX3	MEN1	9606.ENSP00000336687	9606.ENSP00000337088	0	0	0	0	0.068	0	0	0.385	0.402
CBX3	NF1	9606.ENSP00000336687	9606.ENSP00000351015	0	0	0	0	0.042	0	0	0.410	0.410
CBX3	H2BC12	9606.ENSP00000336687	9606.ENSP00000349430	0	0	0	0	0.049	0.053	0.500	0.096	0.538
CBX3	INCENP	9606.ENSP00000336687	9606.ENSP00000378295	0	0	0	0	0.094	0.364	0	0.306	0.565
CBX3	POLR2A	9606.ENSP00000336687	9606.ENSP00000461879	0	0	0	0	0.069	0.559	0	0.230	0.656
CBX3	UHRF1	9606.ENSP00000336687	9606.ENSP00000479617	0	0	0	0	0.106	0.330	0	0.494	0.670
CBX3	RING1	9606.ENSP00000336687	9606.ENSP00000363787	0	0	0	0	0.063	0.567	0.500	0.894	0.975
CCDC39	JHY	9606.ENSP00000417960	9606.ENSP00000227349	0	0	0	0	0.054	0	0	0.398	0.406
CCDC39	DNALI1	9606.ENSP00000417960	9606.ENSP00000296218	0	0	0	0	0.048	0.177	0	0.755	0.791
CCDC71	SH3BP5L	9606.ENSP00000319006	9606.ENSP00000355428	0	0	0	0	0.524	0	0	0	0.524
CCM2	PXN	9606.ENSP00000370503	9606.ENSP00000267257	0	0	0	0	0.049	0.050	0	0.449	0.459
CCM2	EEF1A1	9606.ENSP00000370503	9606.ENSP00000339063	0	0	0	0	0.044	0.053	0	0.430	0.438
CCM2	MAP2K3	9606.ENSP00000370503	9606.ENSP00000345083	0	0	0	0	0.049	0	0	0.975	0.975
CCM2	MAP3K3	9606.ENSP00000370503	9606.ENSP00000354927	0	0	0	0	0.074	0.975	0	0.984	0.999
CCM2	FLNA	9606.ENSP00000370503	9606.ENSP00000358866	0	0	0	0	0.049	0	0	0.398	0.403
CDH1	HDAC5	9606.ENSP00000261769	9606.ENSP00000225983	0	0	0	0	0	0.046	0	0.417	0.420
CDH1	RPL35	9606.ENSP00000261769	9606.ENSP00000259469	0	0	0	0	0	0.800	0	0	0.800
CDH1	MCAM	9606.ENSP00000261769	9606.ENSP00000264036	0	0	0	0	0	0.045	0	0.400	0.403
CDH1	FLNA	9606.ENSP00000261769	9606.ENSP00000358866	0	0	0	0	0	0.080	0	0.379	0.404
CDH1	POLR2E	9606.ENSP00000261769	9606.ENSP00000478303	0	0	0	0	0	0.405	0	0	0.405
CDH1	TOP2A	9606.ENSP00000261769	9606.ENSP00000411532	0	0	0	0	0.058	0.191	0	0.290	0.411
CDH1	RACGAP1	9606.ENSP00000261769	9606.ENSP00000404190	0	0	0	0	0	0.292	0	0.205	0.413
CDH1	ITGA3	9606.ENSP00000261769	9606.ENSP00000315190	0	0	0	0	0.044	0.108	0	0.371	0.416
CDH1	PIP5K1A	9606.ENSP00000261769	9606.ENSP00000357883	0	0	0	0	0	0.044	0	0.466	0.467
CDH1	COL11A1	9606.ENSP00000261769	9606.ENSP00000359114	0	0	0	0	0	0.045	0	0.465	0.468
CDH1	LRIG3	9606.ENSP00000261769	9606.ENSP00000326759	0	0	0	0	0.055	0	0	0.463	0.470
CDH1	PODXL	9606.ENSP00000261769	9606.ENSP00000367817	0	0	0	0	0.056	0.066	0	0.450	0.473
CDH1	HSPA8	9606.ENSP00000261769	9606.ENSP00000437125	0	0	0	0	0	0.375	0	0.256	0.516
CDH1	DCHS1	9606.ENSP00000261769	9606.ENSP00000299441	0	0	0	0.581	0	0	0.540	0.108	0.572
CDH1	MMP14	9606.ENSP00000261769	9606.ENSP00000308208	0	0	0	0	0	0.048	0	0.593	0.596
CDH1	MEN1	9606.ENSP00000261769	9606.ENSP00000337088	0	0	0	0	0	0.052	0.500	0.220	0.597
CDH1	FOS	9606.ENSP00000261769	9606.ENSP00000306245	0	0	0	0	0.042	0.296	0	0.479	0.618
CDH1	PXN	9606.ENSP00000261769	9606.ENSP00000267257	0	0	0	0	0.042	0.080	0	0.606	0.622
CDH1	HSP90AA1	9606.ENSP00000261769	9606.ENSP00000335153	0	0	0	0	0.042	0.405	0	0.482	0.679
CDH1	PTPRU	9606.ENSP00000261769	9606.ENSP00000334941	0	0	0	0	0.045	0.102	0	0.669	0.691
CDH1	NDRG1	9606.ENSP00000261769	9606.ENSP00000404854	0	0	0	0	0	0.545	0	0.394	0.712
CDH1	RPL12	9606.ENSP00000261769	9606.ENSP00000354739	0	0	0	0	0	0.800	0	0	0.800
CDH1	RPS25	9606.ENSP00000261769	9606.ENSP00000435096	0	0	0	0	0	0.800	0	0	0.800
CDH1	RPS23	9606.ENSP00000261769	9606.ENSP00000296674	0	0	0	0	0.049	0.800	0	0	0.801
CDH1	RPL3	9606.ENSP00000261769	9606.ENSP00000346001	0	0	0	0	0.054	0.800	0	0	0.802
CDH1	RPL26	9606.ENSP00000261769	9606.ENSP00000463784	0	0	0	0	0	0.802	0	0	0.802
CDH1	RPL31	9606.ENSP00000261769	9606.ENSP00000386717	0	0	0	0	0	0.804	0	0	0.804
CDH1	RPS27	9606.ENSP00000261769	9606.ENSP00000499044	0	0	0	0	0.049	0.803	0	0	0.804
CDH1	RPS15A	9606.ENSP00000261769	9606.ENSP00000318646	0	0	0	0	0	0.802	0	0.056	0.805
CDH1	RPS26	9606.ENSP00000261769	9606.ENSP00000348849	0	0	0	0	0	0.808	0	0	0.808
CDH1	RPS3A	9606.ENSP00000261769	9606.ENSP00000346050	0	0	0	0	0.055	0.804	0	0.060	0.810
CDH1	RPL7	9606.ENSP00000261769	9606.ENSP00000339795	0	0	0	0	0	0.800	0	0.091	0.810
CDH1	RPS2	9606.ENSP00000261769	9606.ENSP00000341885	0	0	0	0	0	0.808	0	0.057	0.811
CDH1	RPS3	9606.ENSP00000261769	9606.ENSP00000278572	0	0	0	0	0	0.805	0	0.093	0.815
CDH1	RPSA	9606.ENSP00000261769	9606.ENSP00000389351	0	0	0	0	0.047	0.802	0	0.167	0.829
CDH1	CTTN	9606.ENSP00000261769	9606.ENSP00000365745	0	0	0	0	0.061	0.084	0	0.820	0.831
CDH1	GAPDH	9606.ENSP00000261769	9606.ENSP00000380070	0	0	0	0	0	0.071	0	0.851	0.855
CDH1	KRT18	9606.ENSP00000261769	9606.ENSP00000373489	0	0	0	0	0.187	0.326	0	0.800	0.881
CDH1	FLOT1	9606.ENSP00000261769	9606.ENSP00000365569	0	0	0	0	0	0.080	0.900	0.270	0.926
CDH1	PTEN	9606.ENSP00000261769	9606.ENSP00000361021	0	0	0	0	0.053	0	0	0.929	0.930
CDH1	NECTIN1	9606.ENSP00000261769	9606.ENSP00000264025	0	0	0	0	0.056	0.083	0	0.935	0.939
CDK7	PLK1	9606.ENSP00000256443	9606.ENSP00000300093	0	0	0	0.641	0.049	0	0	0.407	0.412
CDK7	LDB1	9606.ENSP00000256443	9606.ENSP00000501277	0	0	0	0	0.042	0	0.400	0.064	0.415
CDK7	HSP90AA1	9606.ENSP00000256443	9606.ENSP00000335153	0	0	0	0	0.072	0.330	0	0.260	0.499
CDK7	TAF15	9606.ENSP00000256443	9606.ENSP00000474096	0	0	0	0	0.097	0	0.500	0.049	0.533
CDK7	RPS2	9606.ENSP00000256443	9606.ENSP00000341885	0	0	0	0	0.067	0	0	0.550	0.562
CDK7	CETN2	9606.ENSP00000256443	9606.ENSP00000359300	0	0	0	0	0.056	0.459	0.500	0.311	0.800
CDK7	H4C3	9606.ENSP00000256443	9606.ENSP00000367034	0	0	0	0	0.045	0.800	0	0	0.800
CDK7	POLR2E	9606.ENSP00000256443	9606.ENSP00000478303	0	0	0	0	0.101	0.812	0.500	0.154	0.919
CDK7	POLR2K	9606.ENSP00000256443	9606.ENSP00000342889	0	0	0	0	0.061	0.812	0.500	0.210	0.921
CDK7	TAF1	9606.ENSP00000256443	9606.ENSP00000406549	0	0	0	0	0.074	0.817	0.500	0.224	0.925
CDK7	POLR2A	9606.ENSP00000256443	9606.ENSP00000461879	0	0	0	0	0.056	0.990	0.500	0.832	0.999
CEPT1	DGKI	9606.ENSP00000441980	9606.ENSP00000288490	0	0	0	0	0	0	0.650	0.184	0.702
CETN2	INO80B	9606.ENSP00000359300	9606.ENSP00000233331	0	0	0	0	0	0.096	0.400	0.049	0.439
CETN2	MCM3AP	9606.ENSP00000359300	9606.ENSP00000291688	0	0	0	0	0.049	0.517	0.900	0.980	0.998
CETN2	PLK1	9606.ENSP00000359300	9606.ENSP00000300093	0	0	0	0	0.044	0.042	0.800	0.428	0.881
CETN2	HAUS7	9606.ENSP00000359300	9606.ENSP00000359230	0	0	0	0	0.059	0	0.500	0.137	0.558
CETN2	RING1	9606.ENSP00000359300	9606.ENSP00000363787	0	0	0	0	0.047	0	0.400	0.060	0.415
CETN2	CETN3	9606.ENSP00000359300	9606.ENSP00000428259	0	0	0.064	0.935	0.086	0.426	0.900	0.436	0.967
CETN3	NDC80	9606.ENSP00000428259	9606.ENSP00000261597	0	0	0	0	0.128	0	0	0.423	0.475
CETN3	TUBGCP3	9606.ENSP00000428259	9606.ENSP00000261965	0	0	0	0	0.044	0	0	0.505	0.506
CETN3	MCM3AP	9606.ENSP00000428259	9606.ENSP00000291688	0	0	0	0	0	0.979	0.900	0.899	0.999
CETN3	MAF1	9606.ENSP00000428259	9606.ENSP00000318604	0	0	0	0	0.608	0	0	0	0.608
CETN3	GIN1	9606.ENSP00000428259	9606.ENSP00000381970	0	0	0	0	0.424	0.068	0	0.047	0.443
CHAF1B	GINS4	9606.ENSP00000315700	9606.ENSP00000276533	0	0	0	0	0.644	0	0	0.054	0.648
CHAF1B	PLK1	9606.ENSP00000315700	9606.ENSP00000300093	0	0	0	0	0.461	0	0	0.165	0.530
CHAF1B	TOP2A	9606.ENSP00000315700	9606.ENSP00000411532	0	0	0	0	0.269	0	0	0.261	0.437
CHAF1B	H4C3	9606.ENSP00000315700	9606.ENSP00000367034	0	0	0	0	0.063	0.427	0	0.063	0.453
CHAF1B	UHRF1	9606.ENSP00000315700	9606.ENSP00000479617	0	0	0	0	0.301	0	0	0.372	0.542
CKAP2L	NDC80	9606.ENSP00000305204	9606.ENSP00000261597	0	0	0	0	0.465	0	0	0	0.465
CKAP2L	PLK1	9606.ENSP00000305204	9606.ENSP00000300093	0	0	0	0	0.429	0	0	0.204	0.526
CKAP2L	RACGAP1	9606.ENSP00000305204	9606.ENSP00000404190	0	0	0	0	0.279	0	0	0.242	0.430
CKAP2L	UHRF1	9606.ENSP00000305204	9606.ENSP00000479617	0	0	0	0	0.393	0	0	0.108	0.435
CKAP2L	TOP2A	9606.ENSP00000305204	9606.ENSP00000411532	0	0	0	0	0.766	0	0	0.306	0.830
CLASRP	LDB1	9606.ENSP00000221455	9606.ENSP00000501277	0	0	0	0	0.448	0	0	0	0.448
CLASRP	GOLGA2	9606.ENSP00000221455	9606.ENSP00000416097	0	0	0	0	0.076	0	0	0.616	0.630
CLEC14A	POLR2A	9606.ENSP00000353013	9606.ENSP00000461879	0	0	0	0	0.086	0.091	0	0.386	0.445
CNN2	FLNA	9606.ENSP00000456436	9606.ENSP00000358866	0	0	0	0	0.222	0	0	0.457	0.560
CNST	MT-ATP6	9606.ENSP00000355470	9606.ENSP00000354632	0	0	0	0	0	0	0.792	0.082	0.800
COA6	NDUFB7	9606.ENSP00000355574	9606.ENSP00000215565	0	0	0	0	0.435	0.309	0	0.422	0.754
COA6	UQCRC2	9606.ENSP00000355574	9606.ENSP00000268379	0	0	0	0	0.271	0.743	0.524	0.308	0.930
COA6	NDUFB10	9606.ENSP00000355574	9606.ENSP00000268668	0	0	0	0	0.164	0.283	0	0.386	0.600
COA6	NDUFB9	9606.ENSP00000355574	9606.ENSP00000276689	0	0	0	0	0.348	0.299	0	0.249	0.627
COA6	HIGD2B	9606.ENSP00000355574	9606.ENSP00000307951	0	0	0	0	0.074	0.312	0	0.306	0.519
COA6	NDUFA12	9606.ENSP00000355574	9606.ENSP00000330737	0	0	0	0	0.368	0.331	0	0.136	0.603
COA6	MT-ATP6	9606.ENSP00000355574	9606.ENSP00000354632	0	0	0	0	0.070	0	0	0.411	0.429
COA6	MT-ND1	9606.ENSP00000355574	9606.ENSP00000354687	0	0	0	0	0.105	0.257	0	0.216	0.433
COA6	R3HDM4	9606.ENSP00000355574	9606.ENSP00000355385	0	0	0	0	0	0.445	0	0.166	0.517
COA6	SDHB	9606.ENSP00000355574	9606.ENSP00000364649	0	0	0	0	0.348	0.128	0	0.222	0.519
COA6	NDUFA6	9606.ENSP00000355574	9606.ENSP00000482543	0	0	0	0	0.425	0.226	0	0.116	0.572
COA6	NDUFA13	9606.ENSP00000355574	9606.ENSP00000423673	0	0	0	0	0.334	0.311	0	0.144	0.573
COA6	TIMM8B	9606.ENSP00000355574	9606.ENSP00000438455	0	0	0	0	0.183	0	0.400	0.242	0.596
COA6	SURF1	9606.ENSP00000355574	9606.ENSP00000361042	0	0	0	0	0.125	0	0	0.596	0.632
COL11A1	MXRA5	9606.ENSP00000359114	9606.ENSP00000217939	0	0	0	0	0.210	0.091	0	0.294	0.448
COL11A1	COL6A2	9606.ENSP00000359114	9606.ENSP00000300527	0	0	0.109	0.609	0.172	0.126	0.400	0.531	0.785
COL11A1	ITGA3	9606.ENSP00000359114	9606.ENSP00000315190	0	0	0	0	0.055	0	0	0.537	0.544
COL11A1	LAMB3	9606.ENSP00000359114	9606.ENSP00000375778	0	0	0	0	0.051	0.046	0	0.402	0.411
COL11A1	LRRC15	9606.ENSP00000359114	9606.ENSP00000413707	0	0	0	0	0.258	0.091	0	0.353	0.525
COL6A2	MMP14	9606.ENSP00000300527	9606.ENSP00000308208	0	0	0	0	0.295	0.050	0	0.210	0.425
COL6A2	FLNA	9606.ENSP00000300527	9606.ENSP00000358866	0	0	0	0	0.307	0	0	0.234	0.446
COL6A2	LTBP4	9606.ENSP00000300527	9606.ENSP00000311905	0	0	0	0	0.233	0.099	0	0.267	0.449
COL6A2	LTBP3	9606.ENSP00000300527	9606.ENSP00000301873	0	0	0	0	0.220	0.099	0	0.359	0.511
COL6A2	LAMB3	9606.ENSP00000300527	9606.ENSP00000375778	0	0	0	0	0.169	0.046	0	0.468	0.542
COL6A2	ITGA3	9606.ENSP00000300527	9606.ENSP00000315190	0	0	0	0	0.106	0	0.650	0.358	0.781
COL6A2	RRBP1	9606.ENSP00000300527	9606.ENSP00000367038	0	0	0	0	0.086	0.095	0	0.784	0.805
COPB2	SPCS1	9606.ENSP00000329419	9606.ENSP00000233025	0	0	0	0	0.126	0	0	0.380	0.435
COPB2	PREB	9606.ENSP00000329419	9606.ENSP00000260643	0	0	0	0	0.074	0	0	0.382	0.403
COPB2	PDIA6	9606.ENSP00000329419	9606.ENSP00000385385	0	0	0	0	0.321	0.087	0	0.153	0.429
COPB2	TUBB4B	9606.ENSP00000329419	9606.ENSP00000341289	0	0	0	0	0.216	0.205	0	0.396	0.590
COPB2	KDELR1	9606.ENSP00000329419	9606.ENSP00000329471	0	0	0	0	0.049	0	0.500	0.465	0.723
CTDNEP1	TIMM17B	9606.ENSP00000460683	9606.ENSP00000379999	0	0	0	0	0.067	0.283	0	0.200	0.418
CTSA	GRN	9606.ENSP00000361562	9606.ENSP00000053867	0	0	0	0	0.449	0	0	0.197	0.539
CTSA	CTSZ	9606.ENSP00000361562	9606.ENSP00000217131	0	0	0	0	0.219	0.091	0	0.535	0.641
CTSA	OS9	9606.ENSP00000361562	9606.ENSP00000318165	0	0	0	0	0.186	0.311	0	0.329	0.590
CTSA	HSPA8	9606.ENSP00000361562	9606.ENSP00000437125	0	0	0	0	0.050	0.104	0	0.352	0.401
CTSA	GAPDH	9606.ENSP00000361562	9606.ENSP00000380070	0	0	0	0	0.063	0	0	0.391	0.405
CTSA	HLA-DPB1	9606.ENSP00000361562	9606.ENSP00000408146	0	0	0	0	0.043	0	0.400	0.056	0.410
CTSZ	GRN	9606.ENSP00000217131	9606.ENSP00000053867	0	0	0	0	0.303	0.301	0	0.330	0.645
CTSZ	GOLGA2	9606.ENSP00000217131	9606.ENSP00000416097	0	0	0	0	0.058	0	0.500	0.060	0.519
CTSZ	PREB	9606.ENSP00000217131	9606.ENSP00000260643	0	0	0	0	0.067	0	0.500	0.071	0.528
CTSZ	GNAS	9606.ENSP00000217131	9606.ENSP00000360141	0	0	0	0	0	0	0	0.590	0.590
CTSZ	HSPA8	9606.ENSP00000217131	9606.ENSP00000437125	0	0	0	0	0.052	0.052	0.500	0.200	0.593
CTTN	HDAC5	9606.ENSP00000365745	9606.ENSP00000225983	0	0	0	0	0	0.094	0	0.446	0.476
CTTN	NDC80	9606.ENSP00000365745	9606.ENSP00000261597	0	0	0	0	0.196	0.234	0	0.106	0.401
CTTN	TUBGCP3	9606.ENSP00000365745	9606.ENSP00000261965	0	0	0	0	0.042	0.323	0	0.156	0.404
CTTN	PIK3C2A	9606.ENSP00000365745	9606.ENSP00000265970	0	0	0	0	0.055	0.046	0.500	0.086	0.533
CTTN	PXN	9606.ENSP00000365745	9606.ENSP00000267257	0	0	0	0	0.104	0.600	0	0.993	0.997
CTTN	SHANK1	9606.ENSP00000365745	9606.ENSP00000293441	0	0	0	0	0	0.067	0	0.844	0.848
CTTN	MMP14	9606.ENSP00000365745	9606.ENSP00000308208	0	0	0	0	0.063	0	0	0.787	0.792
CTTN	SH3PXD2B	9606.ENSP00000365745	9606.ENSP00000309714	0	0	0	0	0.074	0.042	0	0.938	0.940
CTTN	HSP90AA1	9606.ENSP00000365745	9606.ENSP00000335153	0	0	0	0	0.053	0.088	0	0.493	0.524
CTTN	FLNA	9606.ENSP00000365745	9606.ENSP00000358866	0	0	0	0	0.052	0.273	0	0.554	0.667
CTTN	PTPN1	9606.ENSP00000365745	9606.ENSP00000360683	0	0	0	0	0.042	0.300	0	0.591	0.702
CTTN	GOLGA2	9606.ENSP00000365745	9606.ENSP00000416097	0	0	0	0	0.091	0.278	0	0.207	0.435
CTTN	GAPDH	9606.ENSP00000365745	9606.ENSP00000380070	0	0	0	0	0.057	0.084	0	0.448	0.482
CTTN	HOMER3	9606.ENSP00000365745	9606.ENSP00000439937	0	0	0	0	0.047	0.080	0	0.471	0.495
CUL2	PSMC4	9606.ENSP00000414095	9606.ENSP00000157812	0	0	0	0	0.087	0	0.400	0.108	0.469
CUL2	PSME2	9606.ENSP00000414095	9606.ENSP00000216802	0	0	0	0	0.057	0	0.400	0	0.410
CUL2	PSMC1	9606.ENSP00000414095	9606.ENSP00000261303	0	0	0	0	0.075	0	0.400	0.118	0.467
CUL2	PSMD3	9606.ENSP00000414095	9606.ENSP00000264639	0	0	0	0	0.063	0	0.400	0.068	0.430
CUL2	GINS4	9606.ENSP00000414095	9606.ENSP00000276533	0	0	0	0	0.042	0.800	0	0.289	0.851
CUL2	PLK1	9606.ENSP00000414095	9606.ENSP00000300093	0	0	0	0	0.049	0.292	0	0.183	0.402
CUL2	OS9	9606.ENSP00000414095	9606.ENSP00000318165	0	0	0	0	0	0	0.360	0.143	0.428
CUL2	HSP90AA1	9606.ENSP00000414095	9606.ENSP00000335153	0	0	0	0	0.055	0.162	0	0.304	0.400
CUL2	UBR4	9606.ENSP00000414095	9606.ENSP00000364403	0	0	0	0	0.118	0	0	0.380	0.430
CUL2	SQSTM1	9606.ENSP00000414095	9606.ENSP00000374455	0	0	0	0	0.042	0.617	0	0.120	0.649
CUL2	SOCS1	9606.ENSP00000414095	9606.ENSP00000496577	0	0	0	0	0	0.427	0	0.979	0.987
CYP1B1	LTBP3	9606.ENSP00000478561	9606.ENSP00000301873	0	0	0	0	0.059	0.058	0	0.511	0.529
CYP1B1	HSP90AA1	9606.ENSP00000478561	9606.ENSP00000335153	0	0	0	0	0.054	0.091	0	0.444	0.480
CYP1B1	S1PR3	9606.ENSP00000478561	9606.ENSP00000365006	0	0	0	0	0.131	0	0	0.408	0.463
CYP1B1	GAPDH	9606.ENSP00000478561	9606.ENSP00000380070	0	0	0	0	0.064	0.073	0	0.425	0.458
CYP1B1	RPS25	9606.ENSP00000478561	9606.ENSP00000435096	0	0	0	0	0.074	0.169	0	0.344	0.451
CYTH3	PIK3C2A	9606.ENSP00000297044	9606.ENSP00000265970	0	0	0	0	0.069	0	0.650	0.125	0.690
CYTH3	GRASP	9606.ENSP00000297044	9606.ENSP00000293662	0	0	0	0	0.066	0.104	0	0.864	0.876
DCHS1	FLNA	9606.ENSP00000299441	9606.ENSP00000358866	0	0	0	0	0.135	0	0	0.453	0.507
DCHS1	ERMARD	9606.ENSP00000299441	9606.ENSP00000355735	0	0	0	0	0.044	0.045	0	0.520	0.524
DDIAS	RPS3A	9606.ENSP00000435421	9606.ENSP00000346050	0	0	0	0	0	0.048	0	0.401	0.405
DDOST	SPCS1	9606.ENSP00000399457	9606.ENSP00000233025	0	0	0	0	0.146	0	0.400	0.138	0.520
DDOST	NUDCD1	9606.ENSP00000399457	9606.ENSP00000239690	0	0	0	0	0.047	0.619	0	0	0.621
DDOST	SDF2L1	9606.ENSP00000399457	9606.ENSP00000248958	0	0	0	0	0.336	0.129	0	0.163	0.474
DDOST	EMC4	9606.ENSP00000399457	9606.ENSP00000267750	0	0	0	0	0.098	0.190	0	0.548	0.641
DDOST	SRP9	9606.ENSP00000399457	9606.ENSP00000305230	0	0	0	0	0.099	0	0.500	0	0.530
DDOST	KDELR1	9606.ENSP00000399457	9606.ENSP00000329471	0	0	0	0	0.325	0.066	0	0.321	0.535
DDOST	GANAB	9606.ENSP00000399457	9606.ENSP00000340466	0	0	0	0	0.463	0.069	0	0.434	0.692
DDOST	GAPDH	9606.ENSP00000399457	9606.ENSP00000380070	0	0	0	0	0.104	0	0	0.439	0.475
DDOST	PDIA6	9606.ENSP00000399457	9606.ENSP00000385385	0	0	0	0	0.871	0.057	0	0.262	0.902
DDOST	SRP19	9606.ENSP00000399457	9606.ENSP00000424870	0	0	0	0	0.049	0	0.500	0	0.504
DDOST	OST4	9606.ENSP00000399457	9606.ENSP00000455716	0	0	0	0	0.067	0.938	0.900	0.991	0.999
DDX19B	RPL7	9606.ENSP00000455813	9606.ENSP00000339795	0	0	0	0	0.293	0.159	0	0.083	0.407
DDX19B	RPL3	9606.ENSP00000455813	9606.ENSP00000346001	0	0	0	0	0.194	0.247	0	0.102	0.407
DDX19B	GNL2	9606.ENSP00000455813	9606.ENSP00000362153	0.041	0	0	0	0.322	0.186	0	0.125	0.474
DDX41	NUDCD1	9606.ENSP00000330349	9606.ENSP00000239690	0	0	0	0	0.067	0.619	0	0	0.629
DDX41	DHX38	9606.ENSP00000330349	9606.ENSP00000268482	0	0	0	0	0.310	0	0.500	0.228	0.710
DDX41	UPF3B	9606.ENSP00000330349	9606.ENSP00000276201	0	0	0	0	0.075	0	0.800	0.064	0.811
DDX41	RNF26	9606.ENSP00000330349	9606.ENSP00000312439	0	0	0	0	0.214	0	0	0.405	0.512
DDX55	DHX16	9606.ENSP00000238146	9606.ENSP00000365625	0	0	0	0	0.139	0.122	0	0.274	0.404
DDX55	RPS3	9606.ENSP00000238146	9606.ENSP00000278572	0	0	0	0	0.207	0.236	0	0.109	0.413
DDX55	EXOSC3	9606.ENSP00000238146	9606.ENSP00000323046	0	0	0	0	0.256	0	0	0.314	0.469
DDX55	MRPL20	9606.ENSP00000238146	9606.ENSP00000341082	0	0	0	0	0.212	0	0	0.388	0.497
DDX55	NOL8	9606.ENSP00000238146	9606.ENSP00000441140	0	0	0	0	0.528	0	0	0	0.528
DDX55	NOP53	9606.ENSP00000238146	9606.ENSP00000246802	0	0	0	0	0.423	0.095	0	0.173	0.530
DDX55	RPL35	9606.ENSP00000238146	9606.ENSP00000259469	0	0	0	0	0.131	0.439	0	0.116	0.531
DDX55	RPL31	9606.ENSP00000238146	9606.ENSP00000386717	0	0	0	0	0.066	0.529	0	0.057	0.549
DDX55	RPL26	9606.ENSP00000238146	9606.ENSP00000463784	0	0	0	0	0.082	0.508	0	0.161	0.588
DDX55	RPL7	9606.ENSP00000238146	9606.ENSP00000339795	0	0	0	0	0.308	0.461	0	0.120	0.643
DDX55	RPL3	9606.ENSP00000238146	9606.ENSP00000346001	0	0	0	0	0.207	0.548	0	0.102	0.650
DDX55	WDR46	9606.ENSP00000238146	9606.ENSP00000363746	0	0	0	0	0.665	0.071	0	0	0.676
DDX55	SURF6	9606.ENSP00000238146	9606.ENSP00000361092	0	0	0	0	0.662	0.132	0	0.110	0.716
DDX55	REXO4	9606.ENSP00000238146	9606.ENSP00000361010	0	0	0	0	0.792	0.095	0	0.076	0.811
DDX55	GNL2	9606.ENSP00000238146	9606.ENSP00000362153	0.041	0	0	0	0.690	0.306	0	0.305	0.837
DGKI	PLCE1	9606.ENSP00000288490	9606.ENSP00000360431	0	0	0	0	0.092	0.098	0.650	0.190	0.736
DHX16	DHX38	9606.ENSP00000365625	9606.ENSP00000268482	0	0	0.093	0.883	0.158	0.994	0.400	0.130	0.997
DHX16	UPF3B	9606.ENSP00000365625	9606.ENSP00000276201	0	0	0	0	0.083	0	0.400	0.073	0.445
DHX16	EIF4A1	9606.ENSP00000365625	9606.ENSP00000293831	0	0	0	0	0.081	0.122	0	0.457	0.524
DHX16	PRPF31	9606.ENSP00000365625	9606.ENSP00000324122	0	0	0	0	0.102	0.309	0.900	0.505	0.965
DHX16	MAGOH	9606.ENSP00000365625	9606.ENSP00000360525	0	0	0	0	0.055	0	0.400	0.164	0.484
DHX16	WDR46	9606.ENSP00000365625	9606.ENSP00000363746	0	0	0	0	0.271	0.190	0	0.315	0.561
DHX16	PPIL2	9606.ENSP00000365625	9606.ENSP00000486725	0	0	0	0	0.092	0.811	0.800	0.314	0.973
DHX38	EIF4A1	9606.ENSP00000268482	9606.ENSP00000293831	0	0	0	0	0.070	0.122	0	0.407	0.474
DHX38	PPIL2	9606.ENSP00000268482	9606.ENSP00000486725	0	0	0	0	0.172	0.098	0	0.456	0.558
DHX38	PRPF31	9606.ENSP00000268482	9606.ENSP00000324122	0	0	0	0	0.148	0.125	0	0.649	0.715
DHX38	UPF3B	9606.ENSP00000268482	9606.ENSP00000276201	0	0	0	0	0.057	0	0.800	0.137	0.823
DHX38	MAGOH	9606.ENSP00000268482	9606.ENSP00000360525	0	0	0	0	0.055	0.800	0.500	0.189	0.913
DMPK	HSPB2	9606.ENSP00000345997	9606.ENSP00000302476	0	0	0	0	0.075	0.478	0	0.507	0.741
DNAJB5	ING3	9606.ENSP00000404079	9606.ENSP00000320566	0	0	0	0	0.055	0.197	0	0.377	0.486
DNAJB5	HSP90AA1	9606.ENSP00000404079	9606.ENSP00000335153	0.042	0	0	0	0.293	0.133	0	0.316	0.544
DNAJB5	VGLL4	9606.ENSP00000404079	9606.ENSP00000404251	0	0	0	0	0	0	0	0.418	0.418
DNAJB5	HSPA8	9606.ENSP00000404079	9606.ENSP00000437125	0.041	0	0.382	0	0.236	0.599	0.162	0.695	0.943
DNALI1	LRRC23	9606.ENSP00000296218	9606.ENSP00000390932	0	0	0	0	0.217	0	0	0.307	0.435
DNALI1	GNL2	9606.ENSP00000296218	9606.ENSP00000362153	0	0	0	0	0	0	0	0.587	0.587
DOHH	PAOX	9606.ENSP00000398882	9606.ENSP00000278060	0	0	0	0	0.083	0	0	0.474	0.497
DOHH	TSSC4	9606.ENSP00000398882	9606.ENSP00000331087	0	0	0	0	0.548	0	0	0	0.548
DOHH	MT-ND1	9606.ENSP00000398882	9606.ENSP00000354687	0	0	0	0	0.549	0	0	0	0.549
DOHH	SUCLA2	9606.ENSP00000398882	9606.ENSP00000494360	0	0	0	0	0.042	0	0.517	0.071	0.532
DPY30	PRPF31	9606.ENSP00000345837	9606.ENSP00000324122	0	0	0	0	0.049	0	0.540	0	0.543
DPY30	MEN1	9606.ENSP00000345837	9606.ENSP00000337088	0	0	0	0	0.108	0.493	0.540	0.684	0.925
DPY30	PRMT1	9606.ENSP00000345837	9606.ENSP00000406162	0	0	0	0	0.066	0	0.500	0.121	0.554
DPY30	TAF1	9606.ENSP00000345837	9606.ENSP00000406549	0	0	0	0	0	0	0.540	0.102	0.569
DPY30	MEA1	9606.ENSP00000345837	9606.ENSP00000495612	0	0	0	0	0.183	0.529	0	0	0.598
DPY30	H2BC12	9606.ENSP00000345837	9606.ENSP00000349430	0	0	0	0	0.047	0.800	0	0.138	0.821
DPY30	H4C3	9606.ENSP00000345837	9606.ENSP00000367034	0	0	0	0	0.068	0.857	0	0.066	0.865
DUS4L	QTRT1	9606.ENSP00000265720	9606.ENSP00000250237	0.045	0	0	0	0.133	0	0	0.374	0.436
DUS4L	METTL5	9606.ENSP00000265720	9606.ENSP00000260953	0	0.494	0	0	0.073	0	0	0.060	0.521
EEF1A1	FKBP4	9606.ENSP00000339063	9606.ENSP00000001008	0	0	0	0	0.109	0	0	0.433	0.473
EEF1A1	GRN	9606.ENSP00000339063	9606.ENSP00000053867	0	0	0	0	0.042	0.292	0	0.245	0.443
EEF1A1	PSMC4	9606.ENSP00000339063	9606.ENSP00000157812	0	0.004	0	0	0.267	0.124	0	0.267	0.488
EEF1A1	RPL35	9606.ENSP00000339063	9606.ENSP00000259469	0	0	0	0	0.475	0.867	0.500	0.225	0.969
EEF1A1	MARS1	9606.ENSP00000339063	9606.ENSP00000262027	0	0	0	0	0.387	0.411	0	0.484	0.797
EEF1A1	PXN	9606.ENSP00000339063	9606.ENSP00000267257	0	0	0	0	0.070	0	0	0.407	0.425
EEF1A1	RPS3	9606.ENSP00000339063	9606.ENSP00000278572	0	0	0	0	0.910	0.874	0.500	0.654	0.997
EEF1A1	EIF4A1	9606.ENSP00000339063	9606.ENSP00000293831	0	0	0	0	0.617	0.249	0	0.793	0.935
EEF1A1	RPS23	9606.ENSP00000339063	9606.ENSP00000296674	0.111	0	0	0	0.580	0.913	0.500	0.546	0.991
EEF1A1	PLK1	9606.ENSP00000339063	9606.ENSP00000300093	0	0	0	0	0.067	0	0	0.416	0.431
EEF1A1	RPS15A	9606.ENSP00000339063	9606.ENSP00000318646	0	0	0	0	0.518	0.905	0.500	0.229	0.980
EEF1A1	HSP90AA1	9606.ENSP00000339063	9606.ENSP00000335153	0	0	0	0	0.473	0.304	0	0.726	0.891
EEF1A1	SLC45A3	9606.ENSP00000339063	9606.ENSP00000356113	0	0	0	0	0.067	0	0	0.401	0.417
EEF1A1	TUBB4B	9606.ENSP00000339063	9606.ENSP00000341289	0	0	0	0	0.184	0	0	0.376	0.469
EEF1A1	RUSC2	9606.ENSP00000339063	9606.ENSP00000393922	0	0	0	0	0.092	0	0	0.441	0.470
EEF1A1	MT-ND1	9606.ENSP00000339063	9606.ENSP00000354687	0	0	0	0	0.135	0	0	0.448	0.502
EEF1A1	PDIA6	9606.ENSP00000339063	9606.ENSP00000385385	0	0.002	0	0	0.098	0.066	0	0.474	0.519
EEF1A1	PPA1	9606.ENSP00000339063	9606.ENSP00000362329	0	0	0	0	0.408	0.132	0	0.209	0.558
EEF1A1	POLR2A	9606.ENSP00000339063	9606.ENSP00000461879	0	0	0	0	0.049	0.188	0	0.502	0.581
EEF1A1	HSPA8	9606.ENSP00000339063	9606.ENSP00000437125	0	0.025	0	0	0.441	0.693	0	0.683	0.941
EEF1A1	RPL26	9606.ENSP00000339063	9606.ENSP00000463784	0	0	0	0	0.562	0.810	0.500	0.252	0.964
EEF1A1	RPS26	9606.ENSP00000339063	9606.ENSP00000348849	0	0	0	0	0.619	0.800	0.500	0.208	0.965
EEF1A1	RPS25	9606.ENSP00000339063	9606.ENSP00000435096	0	0	0	0	0.560	0.806	0.500	0.347	0.968
EEF1A1	GAPDH	9606.ENSP00000339063	9606.ENSP00000380070	0	0	0	0	0.341	0.624	0	0.898	0.972
EEF1A1	RPS27	9606.ENSP00000339063	9606.ENSP00000499044	0	0	0	0	0.475	0.890	0.500	0.378	0.979
EEF1A1	RPL12	9606.ENSP00000339063	9606.ENSP00000354739	0	0	0	0	0.690	0.841	0.500	0.484	0.985
EEF1A1	RPL31	9606.ENSP00000339063	9606.ENSP00000386717	0	0	0	0	0.755	0.907	0.500	0.188	0.989
EEF1A1	RPSA	9606.ENSP00000339063	9606.ENSP00000389351	0	0	0	0	0.857	0.849	0.500	0.477	0.993
EEF1A1	RPL3	9606.ENSP00000339063	9606.ENSP00000346001	0	0	0	0	0.856	0.879	0.500	0.551	0.995
EEF1A1	RPL7	9606.ENSP00000339063	9606.ENSP00000339795	0	0	0	0	0.848	0.884	0.500	0.578	0.995
EEF1A1	RPS3A	9606.ENSP00000339063	9606.ENSP00000346050	0	0	0	0	0.928	0.917	0.500	0.392	0.997
EEF1A1	RPS2	9606.ENSP00000339063	9606.ENSP00000341885	0	0	0	0	0.926	0.918	0.500	0.642	0.998
EIF4A1	PSMC4	9606.ENSP00000293831	9606.ENSP00000157812	0	0	0	0	0.176	0.071	0	0.317	0.432
EIF4A1	FXR2	9606.ENSP00000293831	9606.ENSP00000250113	0	0	0	0	0.131	0.094	0	0.655	0.705
EIF4A1	RPL35	9606.ENSP00000293831	9606.ENSP00000259469	0	0	0	0	0.320	0.209	0	0.205	0.535
EIF4A1	MARS1	9606.ENSP00000293831	9606.ENSP00000262027	0.043	0	0	0	0.239	0.094	0	0.561	0.672
EIF4A1	UPF3B	9606.ENSP00000293831	9606.ENSP00000276201	0	0	0	0	0.049	0.111	0	0.751	0.771
EIF4A1	RPS3	9606.ENSP00000293831	9606.ENSP00000278572	0	0	0	0	0.754	0.815	0	0.623	0.981
EIF4A1	PPA1	9606.ENSP00000293831	9606.ENSP00000362329	0	0.009	0	0	0.222	0.066	0	0.342	0.480
EIF4A1	FLNA	9606.ENSP00000293831	9606.ENSP00000358866	0	0	0	0	0.074	0	0	0.462	0.481
EIF4A1	HSPB2	9606.ENSP00000293831	9606.ENSP00000302476	0	0	0	0	0	0.045	0	0.480	0.482
EIF4A1	SRP9	9606.ENSP00000293831	9606.ENSP00000305230	0	0	0	0	0.067	0.185	0	0.490	0.578
EIF4A1	HSP90AA1	9606.ENSP00000293831	9606.ENSP00000335153	0.042	0	0	0	0.357	0.100	0	0.394	0.619
EIF4A1	PRMT1	9606.ENSP00000293831	9606.ENSP00000406162	0	0	0	0	0.346	0.331	0	0.210	0.625
EIF4A1	RPL12	9606.ENSP00000293831	9606.ENSP00000354739	0	0	0	0	0.493	0.141	0	0.242	0.641
EIF4A1	RPL31	9606.ENSP00000293831	9606.ENSP00000386717	0	0	0	0	0.592	0.209	0	0.057	0.669
EIF4A1	GAPDH	9606.ENSP00000293831	9606.ENSP00000380070	0.042	0	0	0	0.270	0.046	0.114	0.555	0.689
EIF4A1	RPL3	9606.ENSP00000293831	9606.ENSP00000346001	0	0	0	0	0.608	0.247	0	0.240	0.756
EIF4A1	RPL26	9606.ENSP00000293831	9606.ENSP00000463784	0	0	0	0	0.589	0.265	0	0.315	0.775
EIF4A1	HSPA8	9606.ENSP00000293831	9606.ENSP00000437125	0	0	0	0	0.688	0.187	0	0.282	0.802
EIF4A1	RPL7	9606.ENSP00000293831	9606.ENSP00000339795	0	0	0	0	0.770	0.159	0	0.325	0.858
EIF4A1	UPF2	9606.ENSP00000293831	9606.ENSP00000348708	0	0	0	0	0.163	0.288	0	0.798	0.869
EIF4A1	RPS27	9606.ENSP00000293831	9606.ENSP00000499044	0	0	0	0	0.286	0.809	0	0.196	0.881
EIF4A1	RPS15A	9606.ENSP00000293831	9606.ENSP00000318646	0	0	0	0	0.358	0.808	0	0.378	0.916
EIF4A1	RPS25	9606.ENSP00000293831	9606.ENSP00000435096	0	0	0	0	0.337	0.805	0	0.420	0.918
EIF4A1	MAGOH	9606.ENSP00000293831	9606.ENSP00000360525	0	0	0	0	0.217	0.476	0	0.823	0.921
EIF4A1	RPS23	9606.ENSP00000293831	9606.ENSP00000296674	0	0	0	0	0.493	0.806	0	0.263	0.921
EIF4A1	RPS26	9606.ENSP00000293831	9606.ENSP00000348849	0	0	0	0	0.564	0.838	0	0.265	0.943
EIF4A1	RPS2	9606.ENSP00000293831	9606.ENSP00000341885	0	0	0	0	0.655	0.811	0	0.329	0.952
EIF4A1	RPS3A	9606.ENSP00000293831	9606.ENSP00000346050	0	0.008	0	0	0.789	0.810	0	0.278	0.968
EIF4A1	RPSA	9606.ENSP00000293831	9606.ENSP00000389351	0	0	0	0	0.829	0.842	0	0.271	0.978
EMC4	SPCS1	9606.ENSP00000267750	9606.ENSP00000233025	0	0	0	0	0.441	0.080	0	0.445	0.690
EMC4	NDUFA12	9606.ENSP00000267750	9606.ENSP00000330737	0	0	0	0	0.412	0	0	0	0.412
EMC4	RPL7	9606.ENSP00000267750	9606.ENSP00000339795	0	0	0	0	0.082	0.422	0	0	0.446
EMILIN1	LTBP3	9606.ENSP00000369677	9606.ENSP00000301873	0	0	0	0	0.137	0.091	0	0.306	0.408
EMILIN1	ITGA3	9606.ENSP00000369677	9606.ENSP00000315190	0	0	0	0	0.042	0	0.540	0.052	0.545
EML2	TUBB4B	9606.ENSP00000468312	9606.ENSP00000341289	0	0	0	0	0.054	0.477	0	0.056	0.492
EMP3	PLP2	9606.ENSP00000469194	9606.ENSP00000365505	0	0	0	0	0.238	0.237	0	0.060	0.406
EPB41L3	TWF2	9606.ENSP00000343158	9606.ENSP00000303908	0	0	0	0	0.042	0	0.500	0	0.500
EPB41L3	PRMT1	9606.ENSP00000343158	9606.ENSP00000406162	0	0	0	0	0.049	0	0	0.564	0.567
EPN2	NEURL1B	9606.ENSP00000320543	9606.ENSP00000358815	0	0	0	0	0.044	0.301	0	0.240	0.447
EPN2	MAP1LC3A	9606.ENSP00000320543	9606.ENSP00000363970	0	0	0	0	0.057	0.071	0	0.433	0.461
EPN2	FZD4	9606.ENSP00000320543	9606.ENSP00000434034	0	0	0	0	0.058	0	0.500	0	0.508
ERMARD	MKKS	9606.ENSP00000355735	9606.ENSP00000246062	0	0	0	0	0.191	0.480	0.290	0.119	0.701
ERMARD	HSP90AA1	9606.ENSP00000355735	9606.ENSP00000335153	0	0	0	0	0.339	0.127	0	0.116	0.445
ERMARD	FLNA	9606.ENSP00000355735	9606.ENSP00000358866	0	0	0	0	0.057	0	0	0.442	0.451
ERMARD	INTS8	9606.ENSP00000355735	9606.ENSP00000430338	0	0	0	0	0	0	0	0.507	0.507
ERN1	WFS1	9606.ENSP00000401445	9606.ENSP00000226760	0	0	0	0	0.047	0	0	0.598	0.600
ERN1	OS9	9606.ENSP00000401445	9606.ENSP00000318165	0	0	0	0	0	0.338	0	0.418	0.598
ERN1	HSP90AA1	9606.ENSP00000401445	9606.ENSP00000335153	0	0	0	0	0	0.362	0	0.796	0.864
ERN1	FLNA	9606.ENSP00000401445	9606.ENSP00000358866	0	0	0	0	0	0.071	0	0.770	0.777
ERN1	SQSTM1	9606.ENSP00000401445	9606.ENSP00000374455	0	0	0	0	0.049	0.099	0	0.691	0.712
ERN1	GAPDH	9606.ENSP00000401445	9606.ENSP00000380070	0	0.003	0	0	0	0	0	0.594	0.594
ERN1	PDIA6	9606.ENSP00000401445	9606.ENSP00000385385	0	0	0	0	0.042	0.341	0	0.707	0.799
ERN1	PRORP	9606.ENSP00000401445	9606.ENSP00000440915	0	0	0	0	0	0	0.720	0.064	0.726
EXOC6	VPS53	9606.ENSP00000260762	9606.ENSP00000401435	0	0	0	0	0.042	0.546	0	0.546	0.785
EXOSC3	RPS23	9606.ENSP00000323046	9606.ENSP00000296674	0	0	0	0	0.100	0.429	0	0.126	0.511
EXOSC3	GNL2	9606.ENSP00000323046	9606.ENSP00000362153	0	0	0	0	0.364	0	0	0.095	0.400
EXOSC3	RPS2	9606.ENSP00000323046	9606.ENSP00000341885	0	0	0	0	0.080	0	0.400	0.061	0.436
EXOSC3	RPS3A	9606.ENSP00000323046	9606.ENSP00000346050	0	0	0	0	0.101	0.429	0	0	0.464
EXOSC3	TOE1	9606.ENSP00000323046	9606.ENSP00000361162	0	0	0	0	0.076	0	0	0.491	0.509
EXOSC3	KHSRP	9606.ENSP00000323046	9606.ENSP00000381216	0	0	0	0	0.153	0	0.500	0.159	0.612
EXOSC3	WDR46	9606.ENSP00000323046	9606.ENSP00000363746	0	0	0	0	0.320	0.507	0.400	0	0.781
EXOSC3	IMP3	9606.ENSP00000323046	9606.ENSP00000326981	0.041	0	0	0	0.490	0.507	0.400	0	0.836
FAM43A	NEURL1B	9606.ENSP00000371397	9606.ENSP00000358815	0	0	0	0	0.049	0	0	0.406	0.411
FAM50B	GNAS	9606.ENSP00000369627	9606.ENSP00000360141	0	0	0	0	0	0	0	0.479	0.479
FAM53C	PLK1	9606.ENSP00000239906	9606.ENSP00000300093	0	0	0	0	0	0.619	0	0.068	0.629
FAM89A	UBXN2B	9606.ENSP00000355614	9606.ENSP00000382507	0	0	0	0	0.055	0.477	0	0	0.484
FASTK	MTERF3	9606.ENSP00000297532	9606.ENSP00000287025	0	0	0	0	0.049	0	0	0.496	0.500
FBXO28	FBXO34	9606.ENSP00000355827	9606.ENSP00000313159	0	0	0	0	0.318	0	0	0.434	0.597
FERMT1	ITGA3	9606.ENSP00000217289	9606.ENSP00000315190	0	0	0	0	0.102	0	0	0.361	0.401
FERMT1	FLNA	9606.ENSP00000217289	9606.ENSP00000358866	0	0	0	0	0	0.088	0	0.407	0.436
FERMT1	PXN	9606.ENSP00000217289	9606.ENSP00000267257	0	0	0	0	0	0	0	0.467	0.467
FERMT1	LAMB3	9606.ENSP00000217289	9606.ENSP00000375778	0	0	0	0	0.181	0	0	0.452	0.533
FKBP1C	PPP3R1	9606.ENSP00000359693	9606.ENSP00000234310	0	0	0	0	0.074	0.747	0	0.170	0.788
FKBP1C	RPS3	9606.ENSP00000359693	9606.ENSP00000278572	0	0	0	0	0.111	0.422	0	0	0.464
FKBP1C	HSP90AA1	9606.ENSP00000359693	9606.ENSP00000335153	0	0	0	0	0.083	0.125	0	0.589	0.641
FKBP1C	RPS2	9606.ENSP00000359693	9606.ENSP00000341885	0	0	0	0	0.129	0.319	0	0.090	0.413
FKBP1C	RPSA	9606.ENSP00000359693	9606.ENSP00000389351	0	0	0	0	0.186	0.297	0	0.052	0.410
FKBP4	PRDX2	9606.ENSP00000001008	9606.ENSP00000301522	0	0	0	0	0.101	0.047	0	0.474	0.510
FKBP4	PTEN	9606.ENSP00000001008	9606.ENSP00000361021	0	0	0	0	0.055	0.045	0	0.514	0.523
FKBP4	SERPINB2	9606.ENSP00000001008	9606.ENSP00000401645	0	0	0	0	0.067	0	0	0.704	0.712
FKBP4	HSPA8	9606.ENSP00000001008	9606.ENSP00000437125	0	0	0	0	0.174	0.093	0.500	0.863	0.942
FKBP4	HSP90AA1	9606.ENSP00000001008	9606.ENSP00000335153	0	0	0	0	0.332	0.869	0.500	0.998	0.999
FLNA	HDAC5	9606.ENSP00000358866	9606.ENSP00000225983	0	0	0	0	0.056	0.292	0	0.491	0.630
FLNA	PXN	9606.ENSP00000358866	9606.ENSP00000267257	0	0	0	0	0.178	0.048	0	0.987	0.989
FLNA	GRASP	9606.ENSP00000358866	9606.ENSP00000293662	0	0	0	0	0.044	0	0	0.679	0.680
FLNA	SH3PXD2B	9606.ENSP00000358866	9606.ENSP00000309714	0	0	0	0	0.073	0	0	0.472	0.489
FLNA	PDLIM2	9606.ENSP00000358866	9606.ENSP00000312634	0	0	0	0	0.069	0.095	0	0.577	0.613
FLNA	ITGA3	9606.ENSP00000358866	9606.ENSP00000315190	0	0	0	0	0.102	0	0.650	0.219	0.733
FLNA	HSP90AA1	9606.ENSP00000358866	9606.ENSP00000335153	0	0	0	0	0.061	0.132	0	0.510	0.566
FLNA	MAP3K3	9606.ENSP00000358866	9606.ENSP00000354927	0	0	0	0	0.067	0.460	0	0.051	0.480
FLNA	TAGLN2	9606.ENSP00000358866	9606.ENSP00000357076	0	0	0	0	0.199	0	0.400	0.425	0.699
FLNA	SQSTM1	9606.ENSP00000358866	9606.ENSP00000374455	0	0	0	0	0.062	0.292	0	0.220	0.436
FLNA	KRT18	9606.ENSP00000358866	9606.ENSP00000373489	0	0	0	0	0.048	0	0	0.450	0.454
FLNA	GAPDH	9606.ENSP00000358866	9606.ENSP00000380070	0	0	0	0	0.096	0	0	0.442	0.474
FLNA	HSPA8	9606.ENSP00000358866	9606.ENSP00000437125	0	0	0	0	0.058	0	0	0.507	0.516
FLNA	HSPB7	9606.ENSP00000358866	9606.ENSP00000364870	0	0	0	0	0.114	0.673	0	0.940	0.981
FLOT1	LRFN3	9606.ENSP00000365569	9606.ENSP00000246529	0	0	0	0	0	0	0.700	0.256	0.767
FLOT1	MCAM	9606.ENSP00000365569	9606.ENSP00000264036	0	0	0	0	0.042	0	0.400	0.102	0.438
FLOT1	MFGE8	9606.ENSP00000365569	9606.ENSP00000268150	0	0	0	0	0.049	0	0	0.496	0.500
FLOT1	HSP90AA1	9606.ENSP00000365569	9606.ENSP00000335153	0	0	0	0	0.042	0	0	0.612	0.612
FLOT1	GOLGA2	9606.ENSP00000365569	9606.ENSP00000416097	0	0	0	0	0.049	0	0	0.453	0.457
FLOT1	HSPA8	9606.ENSP00000365569	9606.ENSP00000437125	0	0	0	0	0.044	0	0	0.637	0.639
FLOT1	GAPDH	9606.ENSP00000365569	9606.ENSP00000380070	0	0	0	0	0.105	0	0	0.662	0.685
FOS	HDAC5	9606.ENSP00000306245	9606.ENSP00000225983	0	0	0	0	0.042	0.107	0	0.375	0.418
FOS	HES1	9606.ENSP00000306245	9606.ENSP00000232424	0	0	0	0	0.149	0.054	0	0.376	0.454
FOS	JDP2	9606.ENSP00000306245	9606.ENSP00000267569	0	0	0	0.762	0.125	0	0	0.697	0.723
FOS	LEPR	9606.ENSP00000306245	9606.ENSP00000330393	0	0	0	0	0.047	0	0	0.401	0.404
FOS	PER1	9606.ENSP00000306245	9606.ENSP00000314420	0	0	0	0	0.098	0	0	0.372	0.409
FOS	MAP2K7	9606.ENSP00000306245	9606.ENSP00000381070	0	0	0	0	0	0.115	0	0.365	0.414
FOS	RPS3A	9606.ENSP00000306245	9606.ENSP00000346050	0	0	0	0	0.048	0.071	0	0.411	0.433
FOS	MMP14	9606.ENSP00000306245	9606.ENSP00000308208	0	0	0	0	0	0	0	0.475	0.475
FOS	NDRG1	9606.ENSP00000306245	9606.ENSP00000404854	0	0	0	0	0.092	0	0	0.456	0.486
FOS	MAP2K3	9606.ENSP00000306245	9606.ENSP00000345083	0	0	0	0	0.059	0	0	0.487	0.497
FOS	POLR2A	9606.ENSP00000306245	9606.ENSP00000461879	0	0	0	0	0.052	0.304	0	0.306	0.503
FOS	NR1H3	9606.ENSP00000306245	9606.ENSP00000477707	0	0	0	0	0	0.066	0	0.491	0.504
FOS	PIM1	9606.ENSP00000306245	9606.ENSP00000362608	0	0	0	0	0.080	0.091	0.400	0.132	0.506
FOS	TLR6	9606.ENSP00000306245	9606.ENSP00000389600	0	0	0	0	0.062	0	0	0.498	0.509
FOS	H2AC14	9606.ENSP00000306245	9606.ENSP00000328484	0	0	0	0	0.050	0.054	0.500	0.054	0.518
FOS	H2BC12	9606.ENSP00000306245	9606.ENSP00000349430	0	0	0	0	0.048	0.072	0.500	0.151	0.574
FOS	HSPA8	9606.ENSP00000306245	9606.ENSP00000437125	0	0	0	0	0.059	0.085	0	0.555	0.584
FOS	HSP90AA1	9606.ENSP00000306245	9606.ENSP00000335153	0	0	0	0	0.058	0.051	0	0.592	0.604
FOS	NR4A3	9606.ENSP00000306245	9606.ENSP00000482027	0	0	0	0	0.238	0.098	0	0.488	0.617
FOS	SOCS1	9606.ENSP00000306245	9606.ENSP00000496577	0	0	0	0	0.088	0	0	0.610	0.629
FOS	NF1	9606.ENSP00000306245	9606.ENSP00000351015	0	0	0	0	0.052	0.070	0	0.613	0.629
FOS	TAF1	9606.ENSP00000306245	9606.ENSP00000406549	0	0	0	0	0	0.292	0	0.558	0.674
FOS	PTEN	9606.ENSP00000306245	9606.ENSP00000361021	0	0	0	0	0.073	0.094	0	0.688	0.715
FOS	GAPDH	9606.ENSP00000306245	9606.ENSP00000380070	0	0	0	0	0.042	0.067	0	0.714	0.722
FOS	MAPK11	9606.ENSP00000306245	9606.ENSP00000333685	0	0	0	0	0.091	0.256	0.900	0.481	0.960
FRAT2	FZD4	9606.ENSP00000360058	9606.ENSP00000434034	0	0	0	0	0	0	0	0.408	0.408
FXR2	MBIP	9606.ENSP00000250113	9606.ENSP00000399718	0	0	0	0	0	0.420	0	0	0.420
FXR2	SRP19	9606.ENSP00000250113	9606.ENSP00000424870	0	0	0	0	0.082	0	0	0.399	0.425
FXR2	TBC1D10B	9606.ENSP00000250113	9606.ENSP00000386538	0	0	0	0	0.478	0	0	0	0.478
FXR2	TBKBP1	9606.ENSP00000250113	9606.ENSP00000354777	0	0	0	0	0.063	0.441	0	0.440	0.681
FZD1	FZD4	9606.ENSP00000287934	9606.ENSP00000434034	0	0	0.064	0.911	0.047	0	0.500	0.127	0.559
GANAB	MRPL49	9606.ENSP00000340466	9606.ENSP00000279242	0	0	0	0	0.057	0.507	0	0	0.515
GANAB	TP53I13	9606.ENSP00000340466	9606.ENSP00000301057	0	0	0	0	0.087	0.429	0	0	0.456
GANAB	OS9	9606.ENSP00000340466	9606.ENSP00000318165	0	0	0	0	0.245	0	0	0.293	0.443
GANAB	KDELR1	9606.ENSP00000340466	9606.ENSP00000329471	0	0	0	0	0.412	0.102	0	0.213	0.548
GANAB	KHSRP	9606.ENSP00000340466	9606.ENSP00000381216	0	0	0	0	0.127	0	0	0.388	0.442
GANAB	PDIA6	9606.ENSP00000340466	9606.ENSP00000385385	0	0	0	0	0.100	0.104	0	0.394	0.469
GANAB	HSPA8	9606.ENSP00000340466	9606.ENSP00000437125	0	0	0	0	0.093	0.212	0	0.490	0.604
GAPDH	GRN	9606.ENSP00000380070	9606.ENSP00000053867	0	0	0	0	0.078	0	0	0.418	0.440
GAPDH	PSMC4	9606.ENSP00000380070	9606.ENSP00000157812	0	0	0	0	0.149	0.071	0	0.344	0.437
GAPDH	PPP3R1	9606.ENSP00000380070	9606.ENSP00000234310	0	0	0	0	0.076	0.091	0	0.381	0.436
GAPDH	GDF15	9606.ENSP00000380070	9606.ENSP00000252809	0	0	0	0	0.067	0	0	0.409	0.425
GAPDH	RPL35	9606.ENSP00000380070	9606.ENSP00000259469	0.092	0	0	0	0.240	0	0	0.235	0.426
GAPDH	MARS1	9606.ENSP00000380070	9606.ENSP00000262027	0.057	0	0	0	0.196	0.092	0	0.403	0.534
GAPDH	PXN	9606.ENSP00000380070	9606.ENSP00000267257	0	0	0	0	0.062	0	0	0.553	0.564
GAPDH	UQCRC2	9606.ENSP00000380070	9606.ENSP00000268379	0	0	0	0	0.148	0	0	0.516	0.570
GAPDH	RPS3	9606.ENSP00000380070	9606.ENSP00000278572	0.085	0	0	0	0.300	0.110	0	0.515	0.686
GAPDH	RPS23	9606.ENSP00000380070	9606.ENSP00000296674	0.102	0	0	0	0.200	0	0	0.412	0.540
GAPDH	PLK1	9606.ENSP00000380070	9606.ENSP00000300093	0	0	0	0	0.101	0	0	0.536	0.566
GAPDH	PRDX2	9606.ENSP00000380070	9606.ENSP00000301522	0	0	0	0	0.193	0.209	0	0.660	0.765
GAPDH	HSPB2	9606.ENSP00000380070	9606.ENSP00000302476	0	0	0	0	0.099	0.230	0	0.565	0.672
GAPDH	MMP14	9606.ENSP00000380070	9606.ENSP00000308208	0	0	0	0	0.042	0	0	0.510	0.510
GAPDH	LEPR	9606.ENSP00000380070	9606.ENSP00000330393	0	0	0	0	0	0	0	0.422	0.422
GAPDH	MAPK11	9606.ENSP00000380070	9606.ENSP00000333685	0	0	0	0	0	0.077	0	0.474	0.494
GAPDH	HSP90AA1	9606.ENSP00000380070	9606.ENSP00000335153	0	0	0	0	0.342	0.336	0	0.836	0.922
GAPDH	RPL7	9606.ENSP00000380070	9606.ENSP00000339795	0	0	0	0	0.195	0.073	0	0.446	0.550
GAPDH	TUBB4B	9606.ENSP00000380070	9606.ENSP00000341289	0	0	0	0	0.227	0.058	0	0.392	0.518
GAPDH	RPS2	9606.ENSP00000380070	9606.ENSP00000341885	0.100	0	0	0	0.313	0.091	0	0.594	0.741
GAPDH	MFSD2B	9606.ENSP00000380070	9606.ENSP00000342501	0.052	0	0	0	0	0	0.391	0.176	0.483
GAPDH	RPL3	9606.ENSP00000380070	9606.ENSP00000346001	0.057	0	0	0	0.256	0.398	0	0.426	0.725
GAPDH	RPS3A	9606.ENSP00000380070	9606.ENSP00000346050	0.047	0	0	0	0.226	0.103	0	0.220	0.415
GAPDH	H2BC12	9606.ENSP00000380070	9606.ENSP00000349430	0	0	0	0	0.076	0	0	0.424	0.446
GAPDH	NF1	9606.ENSP00000380070	9606.ENSP00000351015	0	0	0	0	0.042	0	0	0.403	0.404
GAPDH	RPE	9606.ENSP00000380070	9606.ENSP00000352401	0.102	0	0	0	0.065	0	0	0.484	0.530
GAPDH	MT-ATP6	9606.ENSP00000380070	9606.ENSP00000354632	0	0	0	0	0.142	0	0	0.445	0.503
GAPDH	MT-ND1	9606.ENSP00000380070	9606.ENSP00000354687	0	0	0	0	0.251	0	0	0.398	0.530
GAPDH	RPL12	9606.ENSP00000380070	9606.ENSP00000354739	0.049	0	0	0	0.273	0	0	0.243	0.431
GAPDH	MT-ND2	9606.ENSP00000380070	9606.ENSP00000355046	0	0	0	0	0.090	0	0	0.441	0.470
GAPDH	TAGLN2	9606.ENSP00000380070	9606.ENSP00000357076	0	0	0	0	0.122	0.095	0	0.379	0.464
GAPDH	PTPN1	9606.ENSP00000380070	9606.ENSP00000360683	0	0	0	0	0.049	0	0	0.417	0.422
GAPDH	PTEN	9606.ENSP00000380070	9606.ENSP00000361021	0.047	0	0	0	0.060	0	0	0.745	0.752
GAPDH	NOX1	9606.ENSP00000380070	9606.ENSP00000362057	0	0	0	0	0	0	0	0.493	0.493
GAPDH	PPA1	9606.ENSP00000380070	9606.ENSP00000362329	0	0	0	0	0.128	0	0	0.458	0.508
GAPDH	MAP1LC3A	9606.ENSP00000380070	9606.ENSP00000363970	0	0	0	0	0.068	0.165	0	0.614	0.674
GAPDH	SDHB	9606.ENSP00000380070	9606.ENSP00000364649	0	0	0	0	0.198	0	0	0.744	0.786
GAPDH	PLP2	9606.ENSP00000380070	9606.ENSP00000365505	0	0	0	0	0.172	0	0	0.368	0.454
GAPDH	KRT18	9606.ENSP00000380070	9606.ENSP00000373489	0	0	0	0	0.096	0.053	0	0.705	0.726
GAPDH	SQSTM1	9606.ENSP00000380070	9606.ENSP00000374455	0	0	0	0	0.118	0	0	0.672	0.699
GAPDH	PDIA6	9606.ENSP00000380070	9606.ENSP00000385385	0	0	0	0	0.141	0.079	0	0.306	0.403
GAPDH	SUCLA2	9606.ENSP00000380070	9606.ENSP00000494360	0	0	0	0	0.154	0	0	0.335	0.414
GAPDH	TLR6	9606.ENSP00000380070	9606.ENSP00000389600	0	0	0	0	0	0.091	0	0.407	0.438
GAPDH	NUCB1	9606.ENSP00000380070	9606.ENSP00000385923	0	0	0	0	0.058	0	0	0.435	0.445
GAPDH	PRMT1	9606.ENSP00000380070	9606.ENSP00000406162	0	0	0	0	0.145	0.052	0	0.383	0.457
GAPDH	UCP2	9606.ENSP00000380070	9606.ENSP00000499695	0	0	0	0	0	0	0	0.471	0.471
GAPDH	RPL26	9606.ENSP00000380070	9606.ENSP00000463784	0.061	0	0	0	0.217	0.100	0	0.306	0.480
GAPDH	GOLGA2	9606.ENSP00000380070	9606.ENSP00000416097	0	0	0	0	0.056	0.064	0	0.479	0.499
GAPDH	SOCS1	9606.ENSP00000380070	9606.ENSP00000496577	0	0	0	0	0	0	0	0.510	0.510
GAPDH	TOP2A	9606.ENSP00000380070	9606.ENSP00000411532	0.057	0	0	0	0.099	0	0	0.528	0.564
GAPDH	RPSA	9606.ENSP00000380070	9606.ENSP00000389351	0.042	0	0	0	0.312	0.089	0	0.362	0.566
GAPDH	PRORP	9606.ENSP00000380070	9606.ENSP00000440915	0.042	0	0	0	0.525	0	0	0.149	0.579
GAPDH	POLR2A	9606.ENSP00000380070	9606.ENSP00000461879	0	0	0	0	0.049	0.292	0	0.563	0.680
GAPDH	HSPA8	9606.ENSP00000380070	9606.ENSP00000437125	0.045	0	0	0	0.643	0.241	0	0.953	0.986
GDF15	IGFBP2	9606.ENSP00000252809	9606.ENSP00000233809	0	0	0	0	0.085	0	0	0.416	0.443
GINS4	ORC3	9606.ENSP00000276533	9606.ENSP00000257789	0	0	0	0	0.067	0	0.540	0.540	0.785
GINS4	TSSC4	9606.ENSP00000276533	9606.ENSP00000331087	0	0	0	0	0.047	0	0	0.503	0.506
GIT1	MCAM	9606.ENSP00000378338	9606.ENSP00000264036	0	0	0	0	0.042	0	0.400	0	0.400
GIT1	PXN	9606.ENSP00000378338	9606.ENSP00000267257	0	0	0	0	0.067	0.984	0	0.996	0.999
GIT1	KIAA0355	9606.ENSP00000378338	9606.ENSP00000299505	0	0	0	0	0	0	0.400	0	0.400
GIT1	RUSC2	9606.ENSP00000378338	9606.ENSP00000393922	0	0	0	0	0.074	0	0	0.387	0.408
GNAS	MEN1	9606.ENSP00000360141	9606.ENSP00000337088	0	0	0	0	0.074	0	0	0.577	0.591
GNAS	NF1	9606.ENSP00000360141	9606.ENSP00000351015	0	0	0	0	0.049	0	0	0.505	0.509
GNAS	HIVEP1	9606.ENSP00000360141	9606.ENSP00000368698	0	0	0	0	0	0	0	0.434	0.434
GNAS	PTEN	9606.ENSP00000360141	9606.ENSP00000361021	0	0	0	0	0	0	0	0.582	0.582
GNL2	NOP53	9606.ENSP00000362153	9606.ENSP00000246802	0	0	0	0	0.600	0.970	0	0.723	0.996
GNL2	RPL35	9606.ENSP00000362153	9606.ENSP00000259469	0	0	0	0	0.063	0.959	0	0.574	0.982
GNL2	RPS3	9606.ENSP00000362153	9606.ENSP00000278572	0	0	0	0	0.080	0.188	0	0.267	0.406
GNL2	IMP3	9606.ENSP00000362153	9606.ENSP00000326981	0	0	0	0	0.656	0.099	0	0.065	0.685
GNL2	RPL7	9606.ENSP00000362153	9606.ENSP00000339795	0	0	0	0	0.656	0.878	0	0.394	0.972
GNL2	RPL3	9606.ENSP00000362153	9606.ENSP00000346001	0	0	0	0	0.139	0.955	0	0.515	0.979
GNL2	UPF2	9606.ENSP00000362153	9606.ENSP00000348708	0	0	0	0	0.134	0	0	0.377	0.437
GNL2	RPL12	9606.ENSP00000362153	9606.ENSP00000354739	0.042	0	0	0	0.074	0.429	0	0.206	0.544
GNL2	REXO4	9606.ENSP00000362153	9606.ENSP00000361010	0.044	0	0	0	0.428	0.422	0	0.169	0.702
GNL2	SURF6	9606.ENSP00000362153	9606.ENSP00000361092	0	0	0	0	0.581	0.180	0	0.722	0.896
GNL2	NOL8	9606.ENSP00000362153	9606.ENSP00000441140	0	0	0	0	0.273	0	0	0.213	0.404
GNL2	PRMT1	9606.ENSP00000362153	9606.ENSP00000406162	0	0	0	0	0.378	0.054	0	0.072	0.407
GNL2	POLR2E	9606.ENSP00000362153	9606.ENSP00000478303	0	0	0	0	0.370	0	0	0.113	0.417
GNL2	WDR46	9606.ENSP00000362153	9606.ENSP00000363746	0	0	0	0	0.860	0.385	0	0.083	0.914
GNL2	RPL26	9606.ENSP00000362153	9606.ENSP00000463784	0	0	0	0	0.071	0.906	0	0.250	0.929
GNL2	RPL31	9606.ENSP00000362153	9606.ENSP00000386717	0	0	0	0	0.067	0.933	0	0.267	0.951
GOLGA2	TUBGCP3	9606.ENSP00000416097	9606.ENSP00000261965	0	0	0	0	0.047	0	0	0.485	0.489
GOLGA2	PLK1	9606.ENSP00000416097	9606.ENSP00000300093	0	0	0	0	0.049	0	0.800	0.247	0.844
GOLGA2	LRP8	9606.ENSP00000416097	9606.ENSP00000303634	0	0	0	0	0	0	0	0.539	0.539
GOLGA2	OS9	9606.ENSP00000416097	9606.ENSP00000318165	0	0	0	0	0.074	0	0	0.435	0.455
GOLGA2	RUSC2	9606.ENSP00000416097	9606.ENSP00000393922	0	0	0	0	0.048	0.292	0	0.734	0.805
GOLGA2	TUBGCP5	9606.ENSP00000416097	9606.ENSP00000480316	0	0	0	0	0.042	0	0	0.434	0.435
GPN1	POLR2K	9606.ENSP00000264718	9606.ENSP00000342889	0	0	0	0	0.175	0.245	0	0.306	0.531
GPN1	POLR2E	9606.ENSP00000264718	9606.ENSP00000478303	0	0	0	0	0.261	0.751	0	0.471	0.894
GPN1	POLR2A	9606.ENSP00000264718	9606.ENSP00000461879	0	0	0	0	0.049	0.795	0	0.501	0.894
GPR37	GPRC5B	9606.ENSP00000306449	9606.ENSP00000300571	0	0	0	0	0.124	0	0	0.436	0.484
GPR37	RING1	9606.ENSP00000306449	9606.ENSP00000363787	0	0	0	0	0	0	0	0.419	0.418
GPR37	HSPA8	9606.ENSP00000306449	9606.ENSP00000437125	0	0	0	0	0.060	0.292	0	0.405	0.569
GPRC5B	ZNF608	9606.ENSP00000300571	9606.ENSP00000307746	0	0	0	0	0.074	0	0	0.570	0.584
GRN	PDIA6	9606.ENSP00000053867	9606.ENSP00000385385	0	0	0	0	0.074	0.331	0	0.112	0.401
GRN	SQSTM1	9606.ENSP00000053867	9606.ENSP00000374455	0	0	0	0	0.081	0	0	0.412	0.436
H2AC14	HDAC7	9606.ENSP00000328484	9606.ENSP00000080059	0	0	0	0	0	0.133	0.650	0.060	0.689
H2AC14	HDAC5	9606.ENSP00000328484	9606.ENSP00000225983	0	0	0	0	0	0.133	0.650	0.060	0.689
H2AC14	ORC3	9606.ENSP00000328484	9606.ENSP00000257789	0	0	0	0	0	0.063	0.500	0.070	0.526
H2AC14	KDM1B	9606.ENSP00000328484	9606.ENSP00000297792	0	0	0	0	0	0.183	0.400	0.053	0.495
H2AC14	PLK1	9606.ENSP00000328484	9606.ENSP00000300093	0	0	0	0	0.073	0	0.500	0	0.517
H2AC14	ING3	9606.ENSP00000328484	9606.ENSP00000320566	0	0	0	0	0	0.143	0.400	0	0.463
H2AC14	MAPK11	9606.ENSP00000328484	9606.ENSP00000333685	0	0	0	0	0	0	0.500	0	0.499
H2AC14	MEN1	9606.ENSP00000328484	9606.ENSP00000337088	0	0	0	0	0	0	0.500	0	0.499
H2AC14	USP21	9606.ENSP00000328484	9606.ENSP00000356981	0	0	0	0	0	0	0.500	0	0.499
H2AC14	UHRF1	9606.ENSP00000328484	9606.ENSP00000479617	0	0	0	0	0.060	0.045	0.500	0	0.511
H2AC14	HOXB4	9606.ENSP00000328484	9606.ENSP00000328928	0	0	0	0	0	0	0.500	0.082	0.521
H2AC14	PRMT1	9606.ENSP00000328484	9606.ENSP00000406162	0	0	0	0	0.059	0.066	0.500	0.073	0.538
H2AC14	RING1	9606.ENSP00000328484	9606.ENSP00000363787	0	0	0	0	0	0.064	0.500	0.102	0.543
H2AC14	POLR2A	9606.ENSP00000328484	9606.ENSP00000461879	0	0	0	0	0	0.303	0.500	0	0.636
H2AC14	POLR2E	9606.ENSP00000328484	9606.ENSP00000478303	0	0	0	0	0	0.306	0.500	0	0.638
H2AC14	POLR2K	9606.ENSP00000328484	9606.ENSP00000342889	0	0	0	0	0.049	0.303	0.500	0	0.639
H2AC14	H4C3	9606.ENSP00000328484	9606.ENSP00000367034	0	0.028	0	0	0.274	0.915	0	0.379	0.958
H2AC14	H2BC12	9606.ENSP00000328484	9606.ENSP00000349430	0	0.085	0	0	0.338	0.914	0.400	0.135	0.968
H2BC12	HDAC7	9606.ENSP00000349430	9606.ENSP00000080059	0	0	0	0	0	0.146	0.650	0.164	0.728
H2BC12	HDAC5	9606.ENSP00000349430	9606.ENSP00000225983	0	0	0	0	0	0.369	0.650	0.092	0.782
H2BC12	ORC3	9606.ENSP00000349430	9606.ENSP00000257789	0	0	0	0	0	0.066	0.500	0.051	0.518
H2BC12	RPS3	9606.ENSP00000349430	9606.ENSP00000278572	0	0	0	0	0.059	0.074	0	0.408	0.439
H2BC12	PLK1	9606.ENSP00000349430	9606.ENSP00000300093	0	0	0	0	0.091	0	0.500	0.371	0.689
H2BC12	HOXB4	9606.ENSP00000349430	9606.ENSP00000328928	0	0	0	0	0	0	0.500	0	0.499
H2BC12	MAPK11	9606.ENSP00000349430	9606.ENSP00000333685	0	0	0	0	0	0.045	0.500	0.073	0.519
H2BC12	RAD51C	9606.ENSP00000349430	9606.ENSP00000336701	0	0	0	0	0.049	0	0.400	0.051	0.411
H2BC12	MEN1	9606.ENSP00000349430	9606.ENSP00000337088	0	0	0	0	0	0.069	0.500	0	0.514
H2BC12	POLR2K	9606.ENSP00000349430	9606.ENSP00000342889	0	0	0	0	0.042	0.279	0.500	0.044	0.625
H2BC12	TOP2A	9606.ENSP00000349430	9606.ENSP00000411532	0	0	0	0	0.067	0.090	0	0.479	0.519
H2BC12	RING1	9606.ENSP00000349430	9606.ENSP00000363787	0	0	0	0	0.044	0	0.500	0.115	0.540
H2BC12	UHRF1	9606.ENSP00000349430	9606.ENSP00000479617	0	0	0	0	0.058	0.045	0.500	0.167	0.575
H2BC12	PRMT1	9606.ENSP00000349430	9606.ENSP00000406162	0	0	0	0	0.044	0.071	0.500	0.164	0.579
H2BC12	POLR2E	9606.ENSP00000349430	9606.ENSP00000478303	0	0	0	0	0	0.279	0.500	0	0.624
H2BC12	POLR2A	9606.ENSP00000349430	9606.ENSP00000461879	0	0	0	0	0	0.241	0.500	0.208	0.673
H2BC12	H4C3	9606.ENSP00000349430	9606.ENSP00000367034	0	0.065	0	0	0.245	0.915	0	0.553	0.969
H4C3	INO80B	9606.ENSP00000367034	9606.ENSP00000233331	0	0	0	0	0	0.816	0	0.058	0.819
H4C3	POLR2K	9606.ENSP00000367034	9606.ENSP00000342889	0	0	0	0	0.048	0.875	0	0.043	0.876
H4C3	RPL12	9606.ENSP00000367034	9606.ENSP00000354739	0	0	0	0	0.116	0	0	0.396	0.443
H4C3	TAF1	9606.ENSP00000367034	9606.ENSP00000406549	0	0	0	0	0	0.811	0	0.121	0.826
H4C3	POLR2E	9606.ENSP00000367034	9606.ENSP00000478303	0	0	0	0	0.044	0.875	0	0	0.876
H4C3	POLR2A	9606.ENSP00000367034	9606.ENSP00000461879	0	0	0	0	0	0.877	0	0.093	0.883
HAUS7	NINL	9606.ENSP00000359230	9606.ENSP00000278886	0	0	0	0	0	0.089	0.500	0.186	0.596
HAUS7	PLK1	9606.ENSP00000359230	9606.ENSP00000300093	0	0	0	0	0.049	0	0.500	0	0.504
HAUS7	HSP90AA1	9606.ENSP00000359230	9606.ENSP00000335153	0	0	0	0	0	0	0.500	0	0.499
HAUS7	TUBB4B	9606.ENSP00000359230	9606.ENSP00000341289	0	0	0	0	0.060	0	0.500	0	0.509
HDAC5	HDAC7	9606.ENSP00000225983	9606.ENSP00000080059	0	0	0.093	0.891	0.067	0.292	0.400	0.129	0.629
HDAC5	JDP2	9606.ENSP00000225983	9606.ENSP00000267569	0	0	0	0	0.056	0.340	0	0.132	0.413
HDAC5	HSP90AA1	9606.ENSP00000225983	9606.ENSP00000335153	0	0	0	0	0.046	0.328	0	0.282	0.500
HDAC5	RING1	9606.ENSP00000225983	9606.ENSP00000363787	0	0	0	0	0.062	0.074	0.500	0.042	0.528
HDAC5	MAF1	9606.ENSP00000225983	9606.ENSP00000318604	0	0	0	0	0.099	0	0.500	0.050	0.534
HDAC5	RFXANK	9606.ENSP00000225983	9606.ENSP00000305071	0	0	0	0	0.055	0.331	0	0.396	0.585
HDAC7	HSP90AA1	9606.ENSP00000080059	9606.ENSP00000335153	0	0	0	0	0.053	0.091	0	0.412	0.450
HDAC7	NR4A3	9606.ENSP00000080059	9606.ENSP00000482027	0	0	0	0	0	0.045	0	0.461	0.463
HDAC7	MAF1	9606.ENSP00000080059	9606.ENSP00000318604	0	0	0	0	0.082	0	0.500	0	0.521
HDAC7	RING1	9606.ENSP00000080059	9606.ENSP00000363787	0	0	0	0	0.067	0.074	0.500	0.042	0.530
HDDC3	RPL35	9606.ENSP00000377814	9606.ENSP00000259469	0	0	0	0	0.054	0.943	0	0	0.943
HDDC3	MARS1	9606.ENSP00000377814	9606.ENSP00000262027	0.106	0	0	0	0.080	0	0	0.353	0.421
HDDC3	RPS3	9606.ENSP00000377814	9606.ENSP00000278572	0	0	0	0	0.056	0.943	0	0	0.943
HDDC3	RPS23	9606.ENSP00000377814	9606.ENSP00000296674	0.061	0	0	0	0.044	0.831	0	0.297	0.879
HDDC3	RPS15A	9606.ENSP00000377814	9606.ENSP00000318646	0	0	0	0	0.048	0.497	0	0	0.500
HDDC3	IMP3	9606.ENSP00000377814	9606.ENSP00000326981	0.042	0	0	0	0.082	0.831	0	0.166	0.859
HDDC3	RPL7	9606.ENSP00000377814	9606.ENSP00000339795	0	0	0	0	0.042	0.643	0	0	0.643
HDDC3	MRPL20	9606.ENSP00000377814	9606.ENSP00000341082	0.069	0	0	0	0.128	0.943	0	0.213	0.958
HDDC3	RPS2	9606.ENSP00000377814	9606.ENSP00000341885	0	0	0	0	0.117	0.831	0	0.216	0.872
HDDC3	RPL3	9606.ENSP00000377814	9606.ENSP00000346001	0	0	0	0	0.042	0.769	0	0	0.769
HDDC3	RPL12	9606.ENSP00000377814	9606.ENSP00000354739	0	0	0	0	0.074	0.599	0	0.249	0.697
HDDC3	RPSA	9606.ENSP00000377814	9606.ENSP00000389351	0.042	0	0	0	0.049	0.601	0	0	0.604
HDDC3	RPL26	9606.ENSP00000377814	9606.ENSP00000463784	0	0	0	0	0.060	0.769	0	0	0.773
HECW1	PSMC4	9606.ENSP00000379228	9606.ENSP00000157812	0	0	0	0	0	0	0.400	0.050	0.405
HECW1	PSME2	9606.ENSP00000379228	9606.ENSP00000216802	0	0	0	0	0	0	0.400	0.047	0.403
HECW1	PSMC1	9606.ENSP00000379228	9606.ENSP00000261303	0	0	0	0	0	0	0.400	0.089	0.430
HECW1	PSMD3	9606.ENSP00000379228	9606.ENSP00000264639	0	0	0	0	0	0	0.400	0.085	0.427
HECW1	PTEN	9606.ENSP00000379228	9606.ENSP00000361021	0	0	0	0	0	0.071	0	0.505	0.521
HECW1	POLR2A	9606.ENSP00000379228	9606.ENSP00000461879	0	0	0	0	0.087	0.404	0	0.102	0.468
HES1	HSP90AA1	9606.ENSP00000232424	9606.ENSP00000335153	0	0	0	0	0	0.439	0	0.103	0.475
HIVEP1	PTCHD4	9606.ENSP00000368698	9606.ENSP00000341914	0	0	0	0	0	0	0	0.456	0.456
HLA-C	MT-ATP6	9606.ENSP00000365402	9606.ENSP00000354632	0	0	0	0	0	0.412	0	0	0.412
HLA-C	HLA-DPB1	9606.ENSP00000365402	9606.ENSP00000408146	0	0	0	0.612	0.149	0	0.900	0.332	0.938
HLA-DPB1	RFXANK	9606.ENSP00000408146	9606.ENSP00000305071	0	0	0	0	0.053	0.079	0	0.433	0.462
HLA-DPB1	MDK	9606.ENSP00000408146	9606.ENSP00000385451	0	0	0	0	0	0	0	0.490	0.489
HOMER3	SHANK1	9606.ENSP00000439937	9606.ENSP00000293441	0	0	0	0	0	0.265	0.500	0.916	0.966
HOXB4	POLR2A	9606.ENSP00000328928	9606.ENSP00000461879	0	0	0	0	0	0	0.500	0	0.499
HOXB4	POLR2K	9606.ENSP00000328928	9606.ENSP00000342889	0	0	0	0	0	0	0.500	0	0.499
HOXB4	POLR2E	9606.ENSP00000328928	9606.ENSP00000478303	0	0	0	0	0	0	0.500	0	0.499
HSP90AA1	PSMC4	9606.ENSP00000335153	9606.ENSP00000157812	0	0	0	0	0.161	0.095	0	0.369	0.479
HSP90AA1	PSME2	9606.ENSP00000335153	9606.ENSP00000216802	0	0	0	0	0.188	0	0	0.459	0.542
HSP90AA1	MKKS	9606.ENSP00000335153	9606.ENSP00000246062	0	0	0	0	0.352	0.355	0	0.191	0.633
HSP90AA1	LRRC4	9606.ENSP00000335153	9606.ENSP00000249363	0	0	0	0	0	0.063	0	0.471	0.484
HSP90AA1	REV1	9606.ENSP00000335153	9606.ENSP00000258428	0	0	0	0	0.043	0.292	0	0.246	0.445
HSP90AA1	PSMC1	9606.ENSP00000335153	9606.ENSP00000261303	0	0	0	0	0.211	0.085	0	0.246	0.408
HSP90AA1	MARS1	9606.ENSP00000335153	9606.ENSP00000262027	0	0	0	0	0.186	0.287	0	0.240	0.520
HSP90AA1	PXN	9606.ENSP00000335153	9606.ENSP00000267257	0	0	0	0	0.049	0	0.500	0.285	0.630
HSP90AA1	UQCRC2	9606.ENSP00000335153	9606.ENSP00000268379	0	0	0	0	0.137	0.199	0	0.286	0.464
HSP90AA1	RPS3	9606.ENSP00000335153	9606.ENSP00000278572	0	0	0	0	0.353	0.336	0	0.692	0.856
HSP90AA1	SNRK	9606.ENSP00000335153	9606.ENSP00000296088	0	0	0	0	0.044	0	0	0.460	0.461
HSP90AA1	PLK1	9606.ENSP00000335153	9606.ENSP00000300093	0	0	0	0	0.094	0.141	0.800	0.757	0.957
HSP90AA1	PRDX2	9606.ENSP00000335153	9606.ENSP00000301522	0	0	0	0	0.087	0.086	0	0.414	0.469
HSP90AA1	HSPB2	9606.ENSP00000335153	9606.ENSP00000302476	0	0	0	0	0.103	0	0	0.919	0.924
HSP90AA1	MAPK11	9606.ENSP00000335153	9606.ENSP00000333685	0	0	0	0	0.050	0.113	0	0.575	0.611
HSP90AA1	MAP1LC3A	9606.ENSP00000335153	9606.ENSP00000363970	0	0	0	0	0.075	0.099	0	0.343	0.405
HSP90AA1	TOP2A	9606.ENSP00000335153	9606.ENSP00000411532	0.061	0	0	0	0.073	0	0	0.413	0.444
HSP90AA1	RPS26	9606.ENSP00000335153	9606.ENSP00000348849	0	0	0	0	0.272	0.057	0	0.261	0.449
HSP90AA1	RPL12	9606.ENSP00000335153	9606.ENSP00000354739	0	0	0	0	0.291	0.092	0	0.217	0.452
HSP90AA1	HSPB7	9606.ENSP00000335153	9606.ENSP00000364870	0	0	0	0	0.103	0	0	0.417	0.454
HSP90AA1	PDIA6	9606.ENSP00000335153	9606.ENSP00000385385	0	0	0	0	0.140	0.092	0	0.377	0.471
HSP90AA1	PPIL2	9606.ENSP00000335153	9606.ENSP00000486725	0	0	0	0	0.134	0.356	0	0.147	0.484
HSP90AA1	MEN1	9606.ENSP00000335153	9606.ENSP00000337088	0.042	0	0	0	0.304	0.133	0	0.214	0.485
HSP90AA1	PPA1	9606.ENSP00000335153	9606.ENSP00000362329	0	0	0	0	0.381	0	0	0.252	0.518
HSP90AA1	POLR2E	9606.ENSP00000335153	9606.ENSP00000478303	0	0	0	0	0.067	0.372	0	0.265	0.532
HSP90AA1	MAP3K3	9606.ENSP00000335153	9606.ENSP00000354927	0	0	0	0	0	0.465	0	0.180	0.543
HSP90AA1	RPL7	9606.ENSP00000335153	9606.ENSP00000339795	0	0	0	0	0.297	0.263	0	0.228	0.566
HSP90AA1	PTPN1	9606.ENSP00000335153	9606.ENSP00000360683	0	0	0	0	0.090	0.091	0	0.522	0.570
HSP90AA1	PIM1	9606.ENSP00000335153	9606.ENSP00000362608	0	0	0	0	0	0.518	0	0.145	0.570
HSP90AA1	RPS2	9606.ENSP00000335153	9606.ENSP00000341885	0	0	0	0	0.370	0.101	0	0.358	0.605
HSP90AA1	POLR2A	9606.ENSP00000335153	9606.ENSP00000461879	0	0	0	0	0.097	0.113	0	0.552	0.610
HSP90AA1	RPL3	9606.ENSP00000335153	9606.ENSP00000346001	0	0	0	0	0.290	0.300	0	0.301	0.622
HSP90AA1	SQSTM1	9606.ENSP00000335153	9606.ENSP00000374455	0	0	0	0	0.080	0.074	0	0.639	0.666
HSP90AA1	RPSA	9606.ENSP00000335153	9606.ENSP00000389351	0	0	0	0	0.438	0.222	0	0.319	0.677
HSP90AA1	TUBB4B	9606.ENSP00000335153	9606.ENSP00000341289	0	0	0	0	0.138	0.313	0	0.520	0.691
HSP90AA1	NDRG1	9606.ENSP00000335153	9606.ENSP00000404854	0	0	0	0	0.062	0.510	0	0.459	0.729
HSP90AA1	NOX1	9606.ENSP00000335153	9606.ENSP00000362057	0	0	0	0	0	0	0	0.790	0.790
HSP90AA1	RPS3A	9606.ENSP00000335153	9606.ENSP00000346050	0	0	0	0	0.338	0.644	0	0.186	0.792
HSP90AA1	PTEN	9606.ENSP00000335153	9606.ENSP00000361021	0	0	0	0	0.042	0.233	0	0.753	0.803
HSP90AA1	HSPA8	9606.ENSP00000335153	9606.ENSP00000437125	0	0.001	0	0	0.725	0.884	0.500	0.999	0.999
HSPA8	PSMC4	9606.ENSP00000437125	9606.ENSP00000157812	0	0	0	0	0.113	0.183	0	0.283	0.436
HSPA8	MKKS	9606.ENSP00000437125	9606.ENSP00000246062	0.043	0	0	0	0.299	0.354	0	0.198	0.607
HSPA8	SDF2L1	9606.ENSP00000437125	9606.ENSP00000248958	0	0	0	0	0.062	0.094	0.540	0.129	0.614
HSPA8	PI4KA	9606.ENSP00000437125	9606.ENSP00000255882	0	0	0	0	0.054	0.096	0	0.407	0.448
HSPA8	PIK3C2A	9606.ENSP00000437125	9606.ENSP00000265970	0	0	0	0	0.058	0.143	0.500	0.066	0.572
HSPA8	RPS3	9606.ENSP00000437125	9606.ENSP00000278572	0	0	0	0	0.367	0.375	0	0.467	0.771
HSPA8	RPS23	9606.ENSP00000437125	9606.ENSP00000296674	0	0	0	0	0.263	0.268	0	0.216	0.540
HSPA8	PLK1	9606.ENSP00000437125	9606.ENSP00000300093	0	0	0	0	0.062	0.072	0	0.501	0.528
HSPA8	PRDX2	9606.ENSP00000437125	9606.ENSP00000301522	0	0	0	0	0.130	0.099	0	0.387	0.478
HSPA8	HSPB2	9606.ENSP00000437125	9606.ENSP00000302476	0	0	0	0	0.049	0.091	0	0.933	0.937
HSPA8	RPS15A	9606.ENSP00000437125	9606.ENSP00000318646	0	0	0	0	0.200	0.413	0	0.135	0.559
HSPA8	MEN1	9606.ENSP00000437125	9606.ENSP00000337088	0.041	0	0	0	0.249	0.450	0.162	0.116	0.653
HSPA8	RPL7	9606.ENSP00000437125	9606.ENSP00000339795	0	0	0	0	0.298	0.309	0	0.194	0.575
HSPA8	TUBB4B	9606.ENSP00000437125	9606.ENSP00000341289	0	0	0	0	0.182	0.604	0	0.610	0.863
HSPA8	RPS2	9606.ENSP00000437125	9606.ENSP00000341885	0	0	0	0	0.435	0.314	0	0.257	0.687
HSPA8	RPL3	9606.ENSP00000437125	9606.ENSP00000346001	0	0	0	0	0.436	0.340	0	0.254	0.698
HSPA8	RPS3A	9606.ENSP00000437125	9606.ENSP00000346050	0	0	0	0	0.433	0.306	0	0.261	0.684
HSPA8	RPS26	9606.ENSP00000437125	9606.ENSP00000348849	0	0	0	0	0.297	0.268	0	0.109	0.502
HSPA8	RPL12	9606.ENSP00000437125	9606.ENSP00000354739	0	0	0	0	0.432	0.355	0	0.246	0.700
HSPA8	MAP1LC3A	9606.ENSP00000437125	9606.ENSP00000363970	0	0	0	0	0.060	0.168	0	0.498	0.573
HSPA8	SDHB	9606.ENSP00000437125	9606.ENSP00000364649	0	0	0	0	0.227	0.045	0	0.252	0.400
HSPA8	HSPB7	9606.ENSP00000437125	9606.ENSP00000364870	0	0	0	0	0.063	0.071	0	0.393	0.426
HSPA8	KRT18	9606.ENSP00000437125	9606.ENSP00000373489	0	0	0	0	0.049	0.103	0	0.491	0.528
HSPA8	SQSTM1	9606.ENSP00000437125	9606.ENSP00000374455	0	0	0	0	0.069	0.132	0	0.543	0.600
HSPA8	PDIA6	9606.ENSP00000437125	9606.ENSP00000385385	0	0	0	0	0.115	0.100	0	0.602	0.656
HSPA8	RPL31	9606.ENSP00000437125	9606.ENSP00000386717	0	0	0	0	0.411	0.302	0	0.133	0.613
HSPA8	RPSA	9606.ENSP00000437125	9606.ENSP00000389351	0.042	0	0	0	0.486	0.312	0	0.572	0.835
HSPA8	NDRG1	9606.ENSP00000437125	9606.ENSP00000404854	0	0	0	0	0.061	0	0	0.451	0.463
HSPA8	RPS25	9606.ENSP00000437125	9606.ENSP00000435096	0	0	0	0	0.248	0.268	0	0.069	0.443
HSPA8	RPS27	9606.ENSP00000437125	9606.ENSP00000499044	0	0	0	0	0.157	0.334	0	0.197	0.510
HSPA8	RPL26	9606.ENSP00000437125	9606.ENSP00000463784	0	0	0	0	0.330	0.292	0	0.136	0.554
HSPB2	NEFM	9606.ENSP00000302476	9606.ENSP00000221166	0	0	0	0	0.085	0.052	0	0.368	0.404
HSPB2	IGFBP2	9606.ENSP00000302476	9606.ENSP00000233809	0	0	0	0	0.051	0	0	0.474	0.479
HSPB2	PXN	9606.ENSP00000302476	9606.ENSP00000267257	0	0	0	0	0	0	0	0.481	0.481
HSPB2	TNFRSF21	9606.ENSP00000302476	9606.ENSP00000296861	0	0	0	0	0	0	0	0.454	0.454
HSPB2	PRDX2	9606.ENSP00000302476	9606.ENSP00000301522	0	0	0	0	0.055	0	0	0.417	0.426
HSPB2	MAP2K3	9606.ENSP00000302476	9606.ENSP00000345083	0	0	0	0	0	0	0	0.482	0.482
HSPB2	HSPB7	9606.ENSP00000302476	9606.ENSP00000364870	0	0	0	0.662	0.414	0	0	0.477	0.681
HSPB2	MAPK11	9606.ENSP00000302476	9606.ENSP00000333685	0	0	0	0	0.107	0.094	0.900	0.604	0.963
IGFBP2	PTEN	9606.ENSP00000233809	9606.ENSP00000361021	0	0	0	0	0	0	0	0.437	0.437
IGFBP2	LTBP3	9606.ENSP00000233809	9606.ENSP00000301873	0	0	0	0	0.054	0	0	0.468	0.476
IGFBP2	TUBGCP5	9606.ENSP00000233809	9606.ENSP00000480316	0	0	0	0	0	0	0	0.915	0.915
IL13RA2	SOCS1	9606.ENSP00000361004	9606.ENSP00000496577	0	0	0	0	0.062	0	0	0.460	0.471
IL17RC	IL17RE	9606.ENSP00000295981	9606.ENSP00000373325	0	0	0.121	0.572	0.097	0	0	0.950	0.957
IMP3	NOP53	9606.ENSP00000326981	9606.ENSP00000246802	0	0	0	0	0.406	0.091	0	0.106	0.475
IMP3	RPL35	9606.ENSP00000326981	9606.ENSP00000259469	0.120	0	0	0	0.845	0.840	0	0.349	0.983
IMP3	MARS1	9606.ENSP00000326981	9606.ENSP00000262027	0	0	0	0	0.154	0.071	0	0.349	0.443
IMP3	RPS3	9606.ENSP00000326981	9606.ENSP00000278572	0.120	0	0	0	0.840	0.840	0	0.349	0.983
IMP3	MRPL49	9606.ENSP00000326981	9606.ENSP00000279242	0	0	0	0	0.306	0.638	0	0	0.738
IMP3	RPS23	9606.ENSP00000326981	9606.ENSP00000296674	0.111	0	0	0	0.712	0.987	0.400	0.281	0.998
IMP3	RPS15A	9606.ENSP00000326981	9606.ENSP00000318646	0.061	0	0	0	0.519	0.931	0.400	0.164	0.981
IMP3	MT-ATP6	9606.ENSP00000326981	9606.ENSP00000354632	0.116	0	0	0	0.339	0	0	0.129	0.447
IMP3	UBL7	9606.ENSP00000326981	9606.ENSP00000457703	0	0	0	0	0.209	0.312	0	0.075	0.452
IMP3	REXO4	9606.ENSP00000326981	9606.ENSP00000361010	0	0	0	0	0.657	0	0	0	0.657
IMP3	SURF6	9606.ENSP00000326981	9606.ENSP00000361092	0	0	0	0	0.670	0	0	0.125	0.699
IMP3	POLR2E	9606.ENSP00000326981	9606.ENSP00000478303	0	0	0	0	0.705	0.091	0	0.162	0.755
IMP3	RPL12	9606.ENSP00000326981	9606.ENSP00000354739	0.082	0	0	0	0.614	0.497	0	0.194	0.837
IMP3	RPL7	9606.ENSP00000326981	9606.ENSP00000339795	0.095	0	0	0	0.624	0.516	0	0.226	0.855
IMP3	RPSA	9606.ENSP00000326981	9606.ENSP00000389351	0.086	0	0	0	0.605	0.600	0	0.194	0.868
IMP3	RPL26	9606.ENSP00000326981	9606.ENSP00000463784	0.102	0	0	0	0.679	0.578	0	0.240	0.895
IMP3	RPL3	9606.ENSP00000326981	9606.ENSP00000346001	0.102	0	0	0	0.683	0.579	0	0.240	0.896
IMP3	RPS25	9606.ENSP00000326981	9606.ENSP00000435096	0	0	0	0	0.804	0.840	0	0.219	0.973
IMP3	RPS2	9606.ENSP00000326981	9606.ENSP00000341885	0.111	0	0	0	0.700	0.778	0.500	0.330	0.976
IMP3	RPL31	9606.ENSP00000326981	9606.ENSP00000386717	0	0	0	0	0.836	0.861	0	0.115	0.978
IMP3	RPS26	9606.ENSP00000326981	9606.ENSP00000348849	0	0	0	0	0.825	0.841	0	0.301	0.978
IMP3	MRPL20	9606.ENSP00000326981	9606.ENSP00000341082	0.054	0	0	0	0.852	0.843	0	0.349	0.983
IMP3	RPS27	9606.ENSP00000326981	9606.ENSP00000499044	0	0	0	0	0.642	0.951	0.400	0.156	0.989
IMP3	RPS3A	9606.ENSP00000326981	9606.ENSP00000346050	0	0	0	0	0.840	0.969	0.400	0.166	0.997
IMP3	WDR46	9606.ENSP00000326981	9606.ENSP00000363746	0	0	0	0	0.699	0.987	0.540	0.137	0.998
INCENP	NDC80	9606.ENSP00000378295	9606.ENSP00000261597	0	0	0	0	0.614	0	0	0.757	0.902
INCENP	PLK1	9606.ENSP00000378295	9606.ENSP00000300093	0	0	0	0	0.545	0.242	0.800	0.726	0.978
INCENP	PLK3	9606.ENSP00000378295	9606.ENSP00000361275	0	0	0	0	0.385	0.091	0	0.329	0.592
INCENP	TOP2A	9606.ENSP00000378295	9606.ENSP00000411532	0	0	0	0	0.297	0	0	0.298	0.486
INCENP	RACGAP1	9606.ENSP00000378295	9606.ENSP00000404190	0	0	0	0	0.701	0	0	0.743	0.920
ING3	INO80B	9606.ENSP00000320566	9606.ENSP00000233331	0	0	0	0	0.057	0.046	0.900	0	0.902
INTS8	POLR2K	9606.ENSP00000430338	9606.ENSP00000342889	0	0	0	0	0.110	0.838	0	0	0.849
INTS8	POLR2E	9606.ENSP00000430338	9606.ENSP00000478303	0	0	0	0	0.058	0.835	0	0	0.838
INTS8	POLR2A	9606.ENSP00000430338	9606.ENSP00000461879	0	0	0	0	0.101	0.800	0	0.588	0.919
ITGA3	PXN	9606.ENSP00000315190	9606.ENSP00000267257	0	0	0	0	0.078	0.046	0	0.598	0.616
ITGA3	PODXL	9606.ENSP00000315190	9606.ENSP00000367817	0	0	0	0	0.125	0.045	0	0.371	0.429
ITGA3	LAMB3	9606.ENSP00000315190	9606.ENSP00000375778	0	0	0	0	0.180	0	0.650	0.565	0.864
JMJD8	PDIA6	9606.ENSP00000399475	9606.ENSP00000385385	0	0	0	0	0	0.429	0	0	0.429
JMJD8	RIOX1	9606.ENSP00000399475	9606.ENSP00000477507	0	0	0	0	0.056	0	0	0.567	0.574
JPH2	SYPL2	9606.ENSP00000362071	9606.ENSP00000358888	0	0	0	0	0.086	0	0	0.756	0.768
JPH2	MTM1	9606.ENSP00000362071	9606.ENSP00000359423	0	0	0	0	0	0	0	0.531	0.531
KATNAL2	PSMC4	9606.ENSP00000245121	9606.ENSP00000157812	0.056	0	0.109	0.708	0.112	0.491	0	0.115	0.602
KATNAL2	UBL7	9606.ENSP00000245121	9606.ENSP00000457703	0	0	0	0	0.074	0.411	0	0.115	0.475
KATNAL2	TUBB4B	9606.ENSP00000245121	9606.ENSP00000341289	0	0	0	0	0.107	0.300	0	0.234	0.480
KATNAL2	PSMD3	9606.ENSP00000245121	9606.ENSP00000264639	0	0	0	0	0.146	0.523	0	0.204	0.647
KDELR1	SDF2L1	9606.ENSP00000329471	9606.ENSP00000248958	0	0	0	0	0.123	0	0	0.866	0.877
KDELR1	PREB	9606.ENSP00000329471	9606.ENSP00000260643	0	0	0	0	0.063	0.071	0	0.576	0.598
KDELR1	POMT2	9606.ENSP00000329471	9606.ENSP00000261534	0	0	0	0	0.093	0	0	0.606	0.628
KDM1B	RIOX1	9606.ENSP00000297792	9606.ENSP00000477507	0	0	0	0	0	0	0	0.446	0.446
KDM1B	NR1H3	9606.ENSP00000297792	9606.ENSP00000477707	0	0	0	0	0	0.054	0.500	0	0.506
KHSRP	SYMPK	9606.ENSP00000381216	9606.ENSP00000245934	0	0	0	0	0.283	0.202	0	0.107	0.444
KHSRP	MAPK11	9606.ENSP00000381216	9606.ENSP00000333685	0	0	0	0	0.086	0	0.750	0.237	0.810
KIAA0355	MCAM	9606.ENSP00000299505	9606.ENSP00000264036	0	0	0	0	0.044	0	0.400	0	0.401
KRT18	PTEN	9606.ENSP00000373489	9606.ENSP00000361021	0	0	0	0	0	0.059	0	0.592	0.599
KRT18	SQSTM1	9606.ENSP00000373489	9606.ENSP00000374455	0	0	0	0	0.042	0.075	0	0.456	0.475
KXD1	RPL35	9606.ENSP00000472836	9606.ENSP00000259469	0	0	0	0	0.049	0.507	0	0	0.511
KXD1	RPL7	9606.ENSP00000472836	9606.ENSP00000339795	0	0	0	0	0.054	0.429	0	0	0.436
KXD1	RPL3	9606.ENSP00000472836	9606.ENSP00000346001	0	0	0	0	0.093	0.429	0	0	0.460
KXD1	RPL31	9606.ENSP00000472836	9606.ENSP00000386717	0	0	0	0	0.049	0.507	0	0	0.511
KXD1	NACAD	9606.ENSP00000472836	9606.ENSP00000420477	0	0	0	0	0	0.401	0	0	0.400
KXD1	RPL26	9606.ENSP00000472836	9606.ENSP00000463784	0	0	0	0	0.085	0.429	0	0	0.455
LAMB3	NFKBIE	9606.ENSP00000375778	9606.ENSP00000275015	0	0	0	0	0.069	0.071	0	0.389	0.426
LAMB3	LTBP3	9606.ENSP00000375778	9606.ENSP00000301873	0	0	0	0	0.047	0	0	0.443	0.446
LAMB3	MMP14	9606.ENSP00000375778	9606.ENSP00000308208	0	0	0	0	0.150	0	0.400	0.219	0.567
LDB1	NUDCD1	9606.ENSP00000501277	9606.ENSP00000239690	0	0	0	0	0	0.619	0	0	0.619
LEPR	UCP2	9606.ENSP00000330393	9606.ENSP00000499695	0	0	0	0	0	0	0	0.585	0.585
LEPR	PTPN1	9606.ENSP00000330393	9606.ENSP00000360683	0	0	0	0	0	0	0	0.740	0.740
LETMD1	LMBR1L	9606.ENSP00000389903	9606.ENSP00000267102	0	0	0	0	0.107	0.292	0	0.172	0.430
LMBR1L	TRMT10B	9606.ENSP00000267102	9606.ENSP00000297994	0	0	0	0	0.174	0	0	0.350	0.440
LRFN3	PTPRE	9606.ENSP00000246529	9606.ENSP00000254667	0	0	0	0	0.055	0.400	0	0.160	0.482
LRP8	PTEN	9606.ENSP00000303634	9606.ENSP00000361021	0	0	0	0	0.082	0.045	0	0.518	0.541
LRSAM1	SBF1	9606.ENSP00000322937	9606.ENSP00000370196	0	0	0	0	0.085	0	0	0.393	0.421
LTBP3	MEN1	9606.ENSP00000301873	9606.ENSP00000337088	0	0	0	0	0.067	0.071	0	0.391	0.426
LTBP3	LTBP4	9606.ENSP00000301873	9606.ENSP00000311905	0	0	0	0.746	0.232	0	0.400	0.457	0.728
LXN	RPS3	9606.ENSP00000264265	9606.ENSP00000278572	0	0	0	0	0.042	0.292	0	0.515	0.642
MAF1	SLC38A9	9606.ENSP00000318604	9606.ENSP00000380074	0	0	0	0	0	0	0.400	0.135	0.458
MAF1	RING1	9606.ENSP00000318604	9606.ENSP00000363787	0	0	0	0	0.068	0	0.500	0	0.514
MAF1	POLR2K	9606.ENSP00000318604	9606.ENSP00000342889	0	0	0	0	0.093	0.410	0	0.199	0.535
MAF1	POLR2E	9606.ENSP00000318604	9606.ENSP00000478303	0	0	0	0	0.082	0.414	0	0.239	0.555
MAGOH	UPF3B	9606.ENSP00000360525	9606.ENSP00000276201	0	0	0	0	0.085	0.999	0.900	0.964	0.999
MAGOH	RPS3	9606.ENSP00000360525	9606.ENSP00000278572	0	0	0	0	0.216	0.592	0	0.113	0.692
MAGOH	RPL7	9606.ENSP00000360525	9606.ENSP00000339795	0	0	0	0	0.165	0.591	0	0.058	0.650
MAGOH	RPL3	9606.ENSP00000360525	9606.ENSP00000346001	0	0	0	0	0.188	0.591	0	0.103	0.676
MAGOH	UPF2	9606.ENSP00000360525	9606.ENSP00000348708	0	0	0	0	0.126	0	0.900	0.809	0.981
MAGOH	TAF15	9606.ENSP00000360525	9606.ENSP00000474096	0	0	0	0	0.438	0	0	0	0.438
MAGOH	POLR2A	9606.ENSP00000360525	9606.ENSP00000461879	0	0	0	0	0.054	0.065	0	0.448	0.469
MAGOH	RPL26	9606.ENSP00000360525	9606.ENSP00000463784	0	0	0	0	0.180	0.509	0	0	0.580
MAGOH	PRMT1	9606.ENSP00000360525	9606.ENSP00000406162	0	0	0	0	0.098	0.591	0	0.071	0.627
MAP1LC3A	VAC14	9606.ENSP00000363970	9606.ENSP00000261776	0	0	0	0	0	0	0	0.760	0.760
MAP1LC3A	MTERF3	9606.ENSP00000363970	9606.ENSP00000287025	0	0	0	0	0	0	0.500	0.057	0.508
MAP1LC3A	TP53INP1	9606.ENSP00000363970	9606.ENSP00000344215	0	0	0	0	0.044	0.359	0	0.155	0.437
MAP1LC3A	MIB2	9606.ENSP00000363970	9606.ENSP00000426103	0	0	0	0	0.120	0.418	0	0.167	0.537
MAP1LC3A	SQSTM1	9606.ENSP00000363970	9606.ENSP00000374455	0	0	0	0	0.093	0.995	0.500	0.969	0.999
MAP2K3	MAPK11	9606.ENSP00000345083	9606.ENSP00000333685	0	0	0.145	0.604	0.062	0.624	0.900	0.331	0.976
MAP2K3	NF1	9606.ENSP00000345083	9606.ENSP00000351015	0	0	0	0	0.042	0.310	0	0.167	0.401
MAP2K3	PTEN	9606.ENSP00000345083	9606.ENSP00000361021	0	0	0	0	0.067	0.317	0	0.370	0.564
MAP2K3	MAP3K3	9606.ENSP00000345083	9606.ENSP00000354927	0	0	0.109	0.633	0.104	0.292	0.900	0.558	0.970
MAP2K7	MAPK11	9606.ENSP00000381070	9606.ENSP00000333685	0	0	0.121	0.578	0.099	0	0.900	0.192	0.927
MAP2K7	MAP3K3	9606.ENSP00000381070	9606.ENSP00000354927	0	0	0	0.619	0.107	0.328	0	0.190	0.472
MAP2K7	VRK2	9606.ENSP00000381070	9606.ENSP00000408002	0	0	0	0	0	0.292	0	0.504	0.633
MAP3K3	SQSTM1	9606.ENSP00000354927	9606.ENSP00000374455	0	0	0	0	0.043	0.510	0.900	0.509	0.973
MAPK11	NEFM	9606.ENSP00000333685	9606.ENSP00000221166	0	0	0	0	0.062	0.068	0.900	0.052	0.906
MAPK11	PTEN	9606.ENSP00000333685	9606.ENSP00000361021	0	0	0	0	0	0.175	0	0.331	0.424
MAPK11	SQSTM1	9606.ENSP00000333685	9606.ENSP00000374455	0	0	0	0	0.071	0.068	0	0.471	0.502
MAPK11	RING1	9606.ENSP00000333685	9606.ENSP00000363787	0	0	0	0	0.086	0	0.500	0	0.523
MAPK11	PTPN1	9606.ENSP00000333685	9606.ENSP00000360683	0	0	0	0	0	0.145	0	0.467	0.525
MAPK11	PLXNB2	9606.ENSP00000333685	9606.ENSP00000352288	0	0.030	0	0	0.100	0	0	0.635	0.657
MARS1	RPL31	9606.ENSP00000262027	9606.ENSP00000386717	0	0	0	0	0.307	0.132	0	0.102	0.412
MARS1	RPL26	9606.ENSP00000262027	9606.ENSP00000463784	0.051	0	0	0	0.270	0.092	0	0.178	0.413
MARS1	TOP2A	9606.ENSP00000262027	9606.ENSP00000411532	0	0	0	0	0.157	0	0	0.349	0.428
MARS1	RPS3A	9606.ENSP00000262027	9606.ENSP00000346050	0	0	0	0	0.346	0.081	0	0.155	0.448
MARS1	MRPL20	9606.ENSP00000262027	9606.ENSP00000341082	0.045	0	0	0	0.207	0	0	0.349	0.463
MARS1	RPS23	9606.ENSP00000262027	9606.ENSP00000296674	0.043	0	0	0	0.279	0.068	0	0.284	0.478
MARS1	RPL12	9606.ENSP00000262027	9606.ENSP00000354739	0.052	0	0	0	0.266	0	0	0.312	0.479
MARS1	TMEM179B	9606.ENSP00000262027	9606.ENSP00000333697	0.114	0	0	0	0.191	0.054	0	0.349	0.499
MARS1	RPL3	9606.ENSP00000262027	9606.ENSP00000346001	0	0	0	0	0.293	0.094	0	0.304	0.515
MARS1	RPL7	9606.ENSP00000262027	9606.ENSP00000339795	0	0	0	0	0.410	0.179	0	0.244	0.601
MARS1	PPA1	9606.ENSP00000262027	9606.ENSP00000362329	0	0	0	0	0.177	0.093	0	0.545	0.631
MARS1	RPS2	9606.ENSP00000262027	9606.ENSP00000341885	0.042	0	0	0	0.501	0.114	0	0.306	0.667
MARS1	RPS3	9606.ENSP00000262027	9606.ENSP00000278572	0.060	0	0	0	0.475	0.220	0	0.350	0.716
MARS1	RPSA	9606.ENSP00000262027	9606.ENSP00000389351	0	0	0	0	0.543	0.165	0	0.337	0.725
MCAM	PODXL	9606.ENSP00000264036	9606.ENSP00000367817	0	0	0	0	0.106	0.107	0	0.350	0.435
MCAM	MFGE8	9606.ENSP00000264036	9606.ENSP00000268150	0	0	0	0	0.074	0	0	0.463	0.481
MCCC2	SDHB	9606.ENSP00000343657	9606.ENSP00000364649	0.045	0	0	0	0.153	0	0	0.345	0.424
MCTS1	RPS3	9606.ENSP00000360365	9606.ENSP00000278572	0	0	0	0	0.146	0.810	0	0.044	0.831
MCTS1	RPS23	9606.ENSP00000360365	9606.ENSP00000296674	0	0	0	0	0.126	0.800	0	0	0.817
MCTS1	RPS15A	9606.ENSP00000360365	9606.ENSP00000318646	0	0	0	0	0.105	0.800	0	0	0.813
MCTS1	RPS2	9606.ENSP00000360365	9606.ENSP00000341885	0	0	0	0	0.214	0.800	0	0	0.836
MCTS1	RPS3A	9606.ENSP00000360365	9606.ENSP00000346050	0	0	0	0	0.121	0.810	0	0.051	0.828
MCTS1	RPS26	9606.ENSP00000360365	9606.ENSP00000348849	0	0	0	0	0.150	0.800	0	0.081	0.830
MCTS1	RPS27	9606.ENSP00000360365	9606.ENSP00000499044	0	0	0	0	0.099	0.801	0	0	0.813
MCTS1	RPS25	9606.ENSP00000360365	9606.ENSP00000435096	0	0	0	0	0.139	0.800	0	0	0.821
MCTS1	RPSA	9606.ENSP00000360365	9606.ENSP00000389351	0	0	0	0	0.225	0.801	0	0.074	0.845
MDK	NOX1	9606.ENSP00000385451	9606.ENSP00000362057	0	0	0	0	0	0	0	0.471	0.471
MEN1	PSMC4	9606.ENSP00000337088	9606.ENSP00000157812	0	0	0	0	0.130	0.070	0	0.502	0.562
MEN1	PRPF31	9606.ENSP00000337088	9606.ENSP00000324122	0	0	0	0	0.062	0	0.540	0.044	0.551
MEN1	RAD51C	9606.ENSP00000337088	9606.ENSP00000336701	0	0	0	0	0	0.086	0	0.500	0.523
MEN1	PTEN	9606.ENSP00000337088	9606.ENSP00000361021	0	0	0	0	0	0.047	0	0.512	0.515
MEN1	POLR2A	9606.ENSP00000337088	9606.ENSP00000461879	0	0	0	0	0.080	0.510	0	0.116	0.567
MEN1	SDHB	9606.ENSP00000337088	9606.ENSP00000364649	0	0	0	0	0.049	0.071	0	0.584	0.601
MEN1	TAF1	9606.ENSP00000337088	9606.ENSP00000406549	0	0	0	0	0.049	0.292	0.540	0.068	0.672
MEN1	NF1	9606.ENSP00000337088	9606.ENSP00000351015	0	0	0	0	0.055	0	0	0.679	0.684
METTL5	TRMT10B	9606.ENSP00000260953	9606.ENSP00000297994	0	0	0	0	0.049	0	0	0.437	0.442
MFGE8	TRAPPC2B	9606.ENSP00000268150	9606.ENSP00000469888	0	0	0	0	0	0	0	0.419	0.418
MFSD2B	S1PR3	9606.ENSP00000342501	9606.ENSP00000365006	0	0	0	0	0	0	0	0.658	0.658
MIB2	NEURL1B	9606.ENSP00000426103	9606.ENSP00000358815	0	0	0	0	0.095	0.505	0	0.510	0.761
MICOS13	NDUFB7	9606.ENSP00000468723	9606.ENSP00000215565	0	0	0	0	0.566	0	0	0.081	0.584
MICOS13	NDUFB9	9606.ENSP00000468723	9606.ENSP00000276689	0	0	0	0	0.422	0	0	0.109	0.463
MICOS13	NDUFA13	9606.ENSP00000468723	9606.ENSP00000423673	0	0	0	0	0.674	0	0	0.210	0.731
MMP14	PXN	9606.ENSP00000308208	9606.ENSP00000267257	0	0	0	0	0.074	0	0	0.450	0.469
MMP14	MMP16	9606.ENSP00000308208	9606.ENSP00000286614	0	0	0.061	0.954	0.056	0	0.500	0.406	0.701
MMP14	SH3PXD2B	9606.ENSP00000308208	9606.ENSP00000309714	0	0	0	0	0.284	0	0	0.816	0.862
MMP16	VRK2	9606.ENSP00000286614	9606.ENSP00000408002	0	0	0	0	0	0	0	0.477	0.477
MRPL20	NDUFB7	9606.ENSP00000341082	9606.ENSP00000215565	0	0	0	0	0.323	0	0	0.212	0.444
MRPL20	RPL35	9606.ENSP00000341082	9606.ENSP00000259469	0	0	0	0	0.915	0.970	0	0.353	0.998
MRPL20	NDUFB10	9606.ENSP00000341082	9606.ENSP00000268668	0	0	0	0	0.212	0	0	0.302	0.427
MRPL20	NDUFB9	9606.ENSP00000341082	9606.ENSP00000276689	0	0	0	0	0.296	0	0	0.566	0.682
MRPL20	RPS3	9606.ENSP00000341082	9606.ENSP00000278572	0	0	0	0	0.963	0.966	0	0.404	0.999
MRPL20	MRPL49	9606.ENSP00000341082	9606.ENSP00000279242	0	0	0	0	0.288	0.959	0	0.559	0.986
MRPL20	MTERF3	9606.ENSP00000341082	9606.ENSP00000287025	0	0	0	0	0.067	0.430	0	0.626	0.784
MRPL20	RPS23	9606.ENSP00000341082	9606.ENSP00000296674	0	0	0	0	0.833	0.842	0	0.348	0.981
MRPL20	TP53I13	9606.ENSP00000341082	9606.ENSP00000301057	0	0	0	0	0.342	0.250	0	0	0.485
MRPL20	RPS15A	9606.ENSP00000341082	9606.ENSP00000318646	0	0	0	0	0.602	0.508	0	0.204	0.830
MRPL20	NDUFA12	9606.ENSP00000341082	9606.ENSP00000330737	0	0	0	0	0.330	0	0	0.282	0.498
MRPL20	RPL7	9606.ENSP00000341082	9606.ENSP00000339795	0	0	0	0	0.685	0.752	0	0.308	0.941
MRPL20	MT-ND1	9606.ENSP00000341082	9606.ENSP00000354687	0.061	0	0	0	0.068	0	0	0.388	0.418
MRPL20	SDHB	9606.ENSP00000341082	9606.ENSP00000364649	0.061	0	0	0	0.224	0.216	0	0.104	0.419
MRPL20	MT-ND2	9606.ENSP00000341082	9606.ENSP00000355046	0.104	0	0	0	0.095	0	0	0.347	0.424
MRPL20	MTERF2	9606.ENSP00000341082	9606.ENSP00000447651	0	0	0	0	0	0.401	0	0.089	0.430
MRPL20	TIMM8B	9606.ENSP00000341082	9606.ENSP00000438455	0	0	0	0	0.368	0	0	0.292	0.534
MRPL20	RPL12	9606.ENSP00000341082	9606.ENSP00000354739	0	0	0	0	0.691	0.624	0	0.251	0.905
MRPL20	RPSA	9606.ENSP00000341082	9606.ENSP00000389351	0.104	0	0	0	0.687	0.624	0	0.251	0.910
MRPL20	MRPL28	9606.ENSP00000341082	9606.ENSP00000497004	0	0	0	0	0.161	0.939	0	0.137	0.952
MRPL20	RPL26	9606.ENSP00000341082	9606.ENSP00000463784	0	0	0	0	0.695	0.813	0	0.358	0.960
MRPL20	RPL3	9606.ENSP00000341082	9606.ENSP00000346001	0	0	0	0	0.813	0.785	0	0.357	0.971
MRPL20	RPS2	9606.ENSP00000341082	9606.ENSP00000341885	0	0	0	0	0.824	0.842	0	0.349	0.980
MRPL28	MRPL49	9606.ENSP00000497004	9606.ENSP00000279242	0	0	0	0	0.227	0.942	0	0	0.953
MRPL28	NDUFA13	9606.ENSP00000497004	9606.ENSP00000423673	0	0	0	0	0.433	0	0	0	0.433
MRPL49	RPS15A	9606.ENSP00000279242	9606.ENSP00000318646	0	0	0	0	0.118	0.420	0	0.065	0.480
MRPL49	RPL26	9606.ENSP00000279242	9606.ENSP00000463784	0	0	0	0	0.054	0.581	0	0.116	0.619
MRPL49	RPSA	9606.ENSP00000279242	9606.ENSP00000389351	0	0	0	0	0.120	0.585	0	0.074	0.632
MRPL49	RPL12	9606.ENSP00000279242	9606.ENSP00000354739	0	0	0	0	0.120	0.585	0	0.136	0.656
MRPL49	RPL3	9606.ENSP00000279242	9606.ENSP00000346001	0	0	0	0	0.113	0.786	0	0.102	0.814
MRPL49	TP53I13	9606.ENSP00000279242	9606.ENSP00000301057	0	0	0	0	0.402	0.747	0	0.130	0.856
MRPL49	RPS23	9606.ENSP00000279242	9606.ENSP00000296674	0	0	0	0	0.258	0.809	0	0.084	0.858
MRPL49	RPS2	9606.ENSP00000279242	9606.ENSP00000341885	0	0	0	0	0.142	0.840	0	0.069	0.861
MRS2	SLC41A2	9606.ENSP00000399585	9606.ENSP00000258538	0	0	0	0	0	0	0	0.692	0.692
MT-ATP6	UQCRC2	9606.ENSP00000354632	9606.ENSP00000268379	0	0	0	0	0.075	0	0	0.499	0.516
MT-ATP6	RPS3	9606.ENSP00000354632	9606.ENSP00000278572	0.086	0	0	0	0.613	0	0	0.776	0.914
MT-ATP6	RPS23	9606.ENSP00000354632	9606.ENSP00000296674	0.084	0	0	0	0.684	0	0	0.389	0.808
MT-ATP6	RPS15A	9606.ENSP00000354632	9606.ENSP00000318646	0.058	0	0	0	0.547	0	0	0.227	0.642
MT-ATP6	RPS2	9606.ENSP00000354632	9606.ENSP00000341885	0.108	0	0	0	0.614	0	0	0.542	0.828
MT-ATP6	RPL3	9606.ENSP00000354632	9606.ENSP00000346001	0.057	0	0	0	0.638	0	0.155	0.243	0.752
MT-ATP6	RPE	9606.ENSP00000354632	9606.ENSP00000352401	0.050	0	0	0	0.107	0	0	0.349	0.400
MT-ATP6	NDUFA13	9606.ENSP00000354632	9606.ENSP00000423673	0	0	0	0	0.245	0	0	0.240	0.402
MT-ATP6	TOP2A	9606.ENSP00000354632	9606.ENSP00000411532	0.117	0	0	0	0.042	0	0	0.357	0.409
MT-ATP6	RPL26	9606.ENSP00000354632	9606.ENSP00000463784	0.059	0	0	0	0.393	0	0	0.053	0.411
MT-ATP6	POLR2A	9606.ENSP00000354632	9606.ENSP00000461879	0	0	0	0	0.042	0	0	0.425	0.425
MT-ATP6	SUCLA2	9606.ENSP00000354632	9606.ENSP00000494360	0	0	0	0	0.140	0	0	0.389	0.452
MT-ATP6	RPSA	9606.ENSP00000354632	9606.ENSP00000389351	0.043	0	0	0	0.354	0	0	0.246	0.493
MT-ATP6	SDHB	9606.ENSP00000354632	9606.ENSP00000364649	0	0	0	0	0.276	0	0	0.579	0.682
MT-ATP6	R3HDM4	9606.ENSP00000354632	9606.ENSP00000355385	0	0	0	0	0.690	0	0	0.280	0.767
MT-ATP6	PPA1	9606.ENSP00000354632	9606.ENSP00000362329	0.041	0	0	0	0.135	0	0.650	0.301	0.770
MT-ATP6	SURF1	9606.ENSP00000354632	9606.ENSP00000361042	0	0	0	0	0.107	0	0	0.764	0.780
MT-ATP6	MT-ND1	9606.ENSP00000354632	9606.ENSP00000354687	0.189	0	0	0	0.999	0	0	0.956	0.999
MT-ATP6	MT-ND2	9606.ENSP00000354632	9606.ENSP00000355046	0.119	0	0	0	0.999	0	0	0.967	0.999
MT-ND1	NDUFB7	9606.ENSP00000354687	9606.ENSP00000215565	0	0	0	0	0.430	0.993	0.967	0.302	0.999
MT-ND1	UQCRC2	9606.ENSP00000354687	9606.ENSP00000268379	0	0	0	0	0.064	0.886	0.284	0.512	0.957
MT-ND1	NDUFB10	9606.ENSP00000354687	9606.ENSP00000268668	0	0	0	0	0.163	0.991	0.967	0.274	0.999
MT-ND1	NDUFB9	9606.ENSP00000354687	9606.ENSP00000276689	0	0	0	0	0.219	0.991	0.967	0.268	0.999
MT-ND1	RPS3	9606.ENSP00000354687	9606.ENSP00000278572	0	0	0	0	0.075	0	0	0.779	0.787
MT-ND1	NDUFA12	9606.ENSP00000354687	9606.ENSP00000330737	0	0	0	0	0.254	0.999	0.967	0.551	0.999
MT-ND1	RPS2	9606.ENSP00000354687	9606.ENSP00000341885	0	0	0	0	0.162	0	0	0.582	0.634
MT-ND1	PHETA1	9606.ENSP00000354687	9606.ENSP00000354461	0	0	0	0	0	0	0	0.491	0.491
MT-ND1	TIMM17B	9606.ENSP00000354687	9606.ENSP00000379999	0	0	0	0	0.047	0.429	0	0	0.432
MT-ND1	SUCLA2	9606.ENSP00000354687	9606.ENSP00000494360	0.052	0	0	0	0.306	0	0	0.351	0.536
MT-ND1	PPA1	9606.ENSP00000354687	9606.ENSP00000362329	0.120	0	0	0	0.375	0	0	0.348	0.610
MT-ND1	R3HDM4	9606.ENSP00000354687	9606.ENSP00000355385	0	0	0	0	0.689	0.509	0.585	0.280	0.948
MT-ND1	SDHB	9606.ENSP00000354687	9606.ENSP00000364649	0.095	0	0	0	0.665	0	0.802	0.587	0.971
MT-ND1	NDUFA6	9606.ENSP00000354687	9606.ENSP00000482543	0	0	0	0	0.196	0.998	0.967	0.306	0.999
MT-ND1	NDUFA13	9606.ENSP00000354687	9606.ENSP00000423673	0	0	0	0	0.391	0.996	0.967	0.387	0.999
MT-ND1	MT-ND2	9606.ENSP00000354687	9606.ENSP00000355046	0.120	0	0.506	0	0.999	0.988	0.979	0.998	0.999
MT-ND2	NDUFB7	9606.ENSP00000355046	9606.ENSP00000215565	0	0	0	0	0.163	0.988	0.967	0.281	0.999
MT-ND2	UQCRC2	9606.ENSP00000355046	9606.ENSP00000268379	0	0	0	0	0.055	0.874	0.218	0.424	0.939
MT-ND2	NDUFB10	9606.ENSP00000355046	9606.ENSP00000268668	0	0	0	0	0.100	0.966	0.967	0.541	0.999
MT-ND2	NDUFB9	9606.ENSP00000355046	9606.ENSP00000276689	0	0	0	0	0.118	0.988	0.967	0.472	0.999
MT-ND2	RPS3	9606.ENSP00000355046	9606.ENSP00000278572	0	0	0	0	0.060	0	0	0.728	0.733
MT-ND2	NDUFA12	9606.ENSP00000355046	9606.ENSP00000330737	0	0	0	0	0.127	0.988	0.967	0.503	0.999
MT-ND2	RPS2	9606.ENSP00000355046	9606.ENSP00000341885	0	0	0	0	0.078	0	0	0.439	0.461
MT-ND2	TIMM17B	9606.ENSP00000355046	9606.ENSP00000379999	0	0	0	0	0.058	0.336	0	0.143	0.417
MT-ND2	SURF1	9606.ENSP00000355046	9606.ENSP00000361042	0	0	0	0	0.067	0	0	0.524	0.537
MT-ND2	R3HDM4	9606.ENSP00000355046	9606.ENSP00000355385	0	0	0	0	0.294	0.427	0.414	0.207	0.786
MT-ND2	SDHB	9606.ENSP00000355046	9606.ENSP00000364649	0	0	0	0	0.294	0	0.700	0.531	0.892
MT-ND2	NDUFA6	9606.ENSP00000355046	9606.ENSP00000482543	0	0	0	0	0.121	0.999	0.967	0.520	0.999
MT-ND2	NDUFA13	9606.ENSP00000355046	9606.ENSP00000423673	0	0	0	0	0.149	0.988	0.967	0.583	0.999
MTERF2	RPL35	9606.ENSP00000447651	9606.ENSP00000259469	0	0	0	0	0	0.401	0	0	0.400
MTERF2	MTERF3	9606.ENSP00000447651	9606.ENSP00000287025	0	0	0	0	0.059	0	0	0.847	0.849
MTERF3	RPL35	9606.ENSP00000287025	9606.ENSP00000259469	0	0	0	0	0.053	0.401	0	0.131	0.464
MTERF3	SQSTM1	9606.ENSP00000287025	9606.ENSP00000374455	0	0	0	0	0.042	0	0.800	0	0.800
MTM1	PI4KA	9606.ENSP00000359423	9606.ENSP00000255882	0	0	0	0	0.049	0	0.650	0.289	0.742
MTM1	VAC14	9606.ENSP00000359423	9606.ENSP00000261776	0	0	0	0	0.049	0	0	0.435	0.439
MTM1	PIK3C2A	9606.ENSP00000359423	9606.ENSP00000265970	0	0	0	0	0.062	0.142	0.650	0.371	0.799
MTM1	RPS3	9606.ENSP00000359423	9606.ENSP00000278572	0	0.400	0	0	0	0	0	0	0.400
MTM1	PIP4K2C	9606.ENSP00000359423	9606.ENSP00000347032	0	0	0	0	0.060	0	0.674	0.070	0.690
MTM1	SBF1	9606.ENSP00000359423	9606.ENSP00000370196	0	0	0	0.645	0	0.093	0	0.394	0.427
MTM1	PLCE1	9606.ENSP00000359423	9606.ENSP00000360431	0	0	0	0	0	0	0.900	0.065	0.902
MTMR3	PI4KA	9606.ENSP00000384651	9606.ENSP00000255882	0	0	0	0	0.074	0	0.650	0.124	0.691
MTMR3	PIK3C2A	9606.ENSP00000384651	9606.ENSP00000265970	0	0	0	0	0.047	0.127	0.650	0.180	0.729
MTMR3	PIP4K2C	9606.ENSP00000384651	9606.ENSP00000347032	0	0	0	0	0.049	0	0.697	0.070	0.709
MTMR3	PLCE1	9606.ENSP00000384651	9606.ENSP00000360431	0	0	0	0	0	0	0.650	0.132	0.683
MTMR3	SBF1	9606.ENSP00000384651	9606.ENSP00000370196	0	0	0	0.579	0.092	0.091	0	0.379	0.442
MXI1	RFX1	9606.ENSP00000331152	9606.ENSP00000254325	0	0	0	0	0	0	0	0.463	0.463
MXI1	SLC45A3	9606.ENSP00000331152	9606.ENSP00000356113	0	0	0	0	0.109	0	0	0.358	0.403
MXI1	TAF1	9606.ENSP00000331152	9606.ENSP00000406549	0	0	0	0	0	0	0	0.408	0.408
NAA16	NAA40	9606.ENSP00000368716	9606.ENSP00000367024	0	0	0	0	0.060	0	0	0.585	0.593
NAA16	RPL31	9606.ENSP00000368716	9606.ENSP00000386717	0	0	0	0	0	0.421	0	0.058	0.431
NAA40	RPL35	9606.ENSP00000367024	9606.ENSP00000259469	0	0	0	0	0	0.166	0	0.349	0.433
NACAD	RPL35	9606.ENSP00000420477	9606.ENSP00000259469	0	0	0	0	0.605	0.250	0	0	0.691
NACAD	RPS3	9606.ENSP00000420477	9606.ENSP00000278572	0	0	0	0	0.661	0.074	0	0.107	0.695
NACAD	RPS23	9606.ENSP00000420477	9606.ENSP00000296674	0	0	0	0	0.521	0	0	0	0.521
NACAD	RPS15A	9606.ENSP00000420477	9606.ENSP00000318646	0	0	0	0	0.396	0.086	0	0	0.424
NACAD	RPL7	9606.ENSP00000420477	9606.ENSP00000339795	0	0	0	0	0.541	0.187	0	0	0.610
NACAD	RPS2	9606.ENSP00000420477	9606.ENSP00000341885	0	0	0	0	0.440	0.092	0	0	0.469
NACAD	RPL3	9606.ENSP00000420477	9606.ENSP00000346001	0	0	0	0	0.530	0.293	0	0.084	0.669
NACAD	RPS3A	9606.ENSP00000420477	9606.ENSP00000346050	0	0	0	0	0.692	0.114	0	0.141	0.745
NACAD	RPS26	9606.ENSP00000420477	9606.ENSP00000348849	0.092	0	0	0	0.595	0	0	0	0.616
NACAD	RPL31	9606.ENSP00000420477	9606.ENSP00000386717	0	0	0	0	0.458	0.188	0	0.134	0.585
NACAD	RPSA	9606.ENSP00000420477	9606.ENSP00000389351	0	0	0	0	0.691	0	0	0.064	0.698
NACAD	RPS27	9606.ENSP00000420477	9606.ENSP00000499044	0	0	0	0	0.344	0.167	0	0	0.430
NACAD	RPS25	9606.ENSP00000420477	9606.ENSP00000435096	0	0	0	0	0.566	0	0	0	0.566
NACAD	RPL26	9606.ENSP00000420477	9606.ENSP00000463784	0	0	0	0	0.536	0.142	0	0.090	0.606
NAP1L4	TSSC4	9606.ENSP00000369915	9606.ENSP00000331087	0	0	0	0	0.049	0	0	0.599	0.603
NDC80	UHRF1	9606.ENSP00000261597	9606.ENSP00000479617	0	0	0	0	0.373	0.089	0	0.055	0.413
NDC80	TUBGCP3	9606.ENSP00000261597	9606.ENSP00000261965	0	0	0	0	0.057	0.310	0	0.302	0.506
NDC80	RACGAP1	9606.ENSP00000261597	9606.ENSP00000404190	0	0	0	0	0.622	0	0	0.243	0.701
NDC80	TOP2A	9606.ENSP00000261597	9606.ENSP00000411532	0	0	0	0	0.833	0.094	0	0.245	0.876
NDC80	SPDL1	9606.ENSP00000261597	9606.ENSP00000265295	0	0	0	0	0.474	0	0.720	0.242	0.878
NDC80	PLK1	9606.ENSP00000261597	9606.ENSP00000300093	0	0	0	0	0.473	0.296	0.720	0.589	0.951
NDRG1	SLC7A5	9606.ENSP00000404854	9606.ENSP00000261622	0	0	0	0	0.076	0.622	0	0.287	0.729
NDRG1	SLC45A3	9606.ENSP00000404854	9606.ENSP00000356113	0	0	0	0	0.062	0	0	0.556	0.566
NDRG1	PTEN	9606.ENSP00000404854	9606.ENSP00000361021	0	0	0	0	0	0	0	0.404	0.404
NDST1	SNRK	9606.ENSP00000261797	9606.ENSP00000296088	0	0	0	0	0.103	0	0	0.423	0.460
NDUFA12	NDUFB7	9606.ENSP00000330737	9606.ENSP00000215565	0	0	0	0	0.943	0.998	0.967	0.673	0.999
NDUFA12	UQCRC2	9606.ENSP00000330737	9606.ENSP00000268379	0	0	0	0	0.634	0.934	0	0.355	0.983
NDUFA12	NDUFB10	9606.ENSP00000330737	9606.ENSP00000268668	0	0	0	0	0.862	0.998	0.967	0.765	0.999
NDUFA12	NDUFB9	9606.ENSP00000330737	9606.ENSP00000276689	0	0	0	0	0.981	0.998	0.967	0.708	0.999
NDUFA12	R3HDM4	9606.ENSP00000330737	9606.ENSP00000355385	0	0	0	0	0	0.540	0	0	0.540
NDUFA12	TIMM17B	9606.ENSP00000330737	9606.ENSP00000379999	0	0	0	0	0.389	0.429	0	0	0.636
NDUFA12	SDHB	9606.ENSP00000330737	9606.ENSP00000364649	0	0	0	0	0.836	0.396	0	0.362	0.931
NDUFA12	NDUFA13	9606.ENSP00000330737	9606.ENSP00000423673	0	0	0	0	0.953	0.998	0.967	0.768	0.999
NDUFA12	NDUFA6	9606.ENSP00000330737	9606.ENSP00000482543	0	0	0	0	0.974	0.998	0.967	0.810	0.999
NDUFA13	NDUFB7	9606.ENSP00000423673	9606.ENSP00000215565	0	0	0	0	0.980	0.991	0.967	0.783	0.999
NDUFA13	UQCRC2	9606.ENSP00000423673	9606.ENSP00000268379	0	0	0	0	0.344	0.886	0	0.453	0.955
NDUFA13	NDUFB10	9606.ENSP00000423673	9606.ENSP00000268668	0	0	0	0	0.908	0.995	0.967	0.636	0.999
NDUFA13	NDUFB9	9606.ENSP00000423673	9606.ENSP00000276689	0	0	0	0	0.960	0.993	0.967	0.729	0.999
NDUFA13	PRDX2	9606.ENSP00000423673	9606.ENSP00000301522	0	0	0	0	0.375	0	0	0.162	0.454
NDUFA13	SMDT1	9606.ENSP00000423673	9606.ENSP00000327467	0	0	0	0	0.559	0	0	0.128	0.599
NDUFA13	R3HDM4	9606.ENSP00000423673	9606.ENSP00000355385	0	0	0	0	0.042	0.509	0	0.072	0.525
NDUFA13	SDHB	9606.ENSP00000423673	9606.ENSP00000364649	0	0	0	0	0.767	0	0	0.337	0.839
NDUFA13	TIMM17B	9606.ENSP00000423673	9606.ENSP00000379999	0	0	0	0	0.596	0.429	0	0	0.759
NDUFA13	TIMM8B	9606.ENSP00000423673	9606.ENSP00000438455	0	0	0	0	0.212	0	0	0.389	0.499
NDUFA13	NDUFA6	9606.ENSP00000423673	9606.ENSP00000482543	0	0	0	0	0.953	0.998	0.967	0.846	0.999
NDUFA6	NDUFB7	9606.ENSP00000482543	9606.ENSP00000215565	0	0	0	0	0.895	0.998	0.967	0.644	0.999
NDUFA6	UQCRC2	9606.ENSP00000482543	9606.ENSP00000268379	0	0	0	0	0.231	0.922	0.284	0.390	0.970
NDUFA6	NDUFB10	9606.ENSP00000482543	9606.ENSP00000268668	0	0	0	0	0.755	0.998	0.967	0.619	0.999
NDUFA6	NDUFB9	9606.ENSP00000482543	9606.ENSP00000276689	0	0	0	0	0.960	0.998	0.967	0.834	0.999
NDUFA6	SMDT1	9606.ENSP00000482543	9606.ENSP00000327467	0	0	0	0	0.217	0	0	0.306	0.434
NDUFA6	R3HDM4	9606.ENSP00000482543	9606.ENSP00000355385	0	0	0	0	0	0.540	0	0	0.540
NDUFA6	SDHB	9606.ENSP00000482543	9606.ENSP00000364649	0	0	0	0	0.616	0.478	0	0.370	0.863
NDUFA6	TIMM17B	9606.ENSP00000482543	9606.ENSP00000379999	0	0	0	0	0.346	0.429	0	0.150	0.655
NDUFA6	TIMM8B	9606.ENSP00000482543	9606.ENSP00000438455	0	0	0	0	0.385	0	0	0.226	0.504
NDUFB10	NDUFB7	9606.ENSP00000268668	9606.ENSP00000215565	0	0	0	0	0.816	0.995	0.967	0.828	0.999
NDUFB10	UQCRC2	9606.ENSP00000268668	9606.ENSP00000268379	0	0	0	0	0.275	0.912	0.172	0.475	0.968
NDUFB10	RPL12	9606.ENSP00000268668	9606.ENSP00000354739	0	0	0	0	0.389	0	0	0.081	0.415
NDUFB10	TIMM8B	9606.ENSP00000268668	9606.ENSP00000438455	0	0	0	0	0.204	0	0	0.402	0.504
NDUFB10	R3HDM4	9606.ENSP00000268668	9606.ENSP00000355385	0	0	0	0	0	0.540	0	0.041	0.540
NDUFB10	TIMM17B	9606.ENSP00000268668	9606.ENSP00000379999	0	0	0	0	0.146	0.602	0	0.132	0.679
NDUFB10	SDHB	9606.ENSP00000268668	9606.ENSP00000364649	0	0	0	0	0.732	0.089	0	0.425	0.848
NDUFB10	NDUFB9	9606.ENSP00000268668	9606.ENSP00000276689	0	0	0	0	0.914	0.992	0.967	0.899	0.999
NDUFB7	TIMM8B	9606.ENSP00000215565	9606.ENSP00000438455	0	0	0	0	0.218	0	0	0.278	0.411
NDUFB7	SMDT1	9606.ENSP00000215565	9606.ENSP00000327467	0	0	0	0	0.575	0	0	0.060	0.583
NDUFB7	R3HDM4	9606.ENSP00000215565	9606.ENSP00000355385	0	0	0	0	0.042	0.540	0	0.203	0.618
NDUFB7	TIMM17B	9606.ENSP00000215565	9606.ENSP00000379999	0	0	0	0	0.341	0.429	0	0.066	0.618
NDUFB7	SDHB	9606.ENSP00000215565	9606.ENSP00000364649	0	0	0	0	0.785	0.096	0	0.364	0.865
NDUFB7	UQCRC2	9606.ENSP00000215565	9606.ENSP00000268379	0	0	0	0	0.323	0.913	0.172	0.327	0.963
NDUFB7	NDUFB9	9606.ENSP00000215565	9606.ENSP00000276689	0	0	0	0	0.963	0.995	0.967	0.828	0.999
NDUFB9	UQCRC2	9606.ENSP00000276689	9606.ENSP00000268379	0	0	0	0	0.453	0.911	0.172	0.487	0.976
NDUFB9	TIMM8B	9606.ENSP00000276689	9606.ENSP00000438455	0	0	0	0	0.256	0	0	0.228	0.402
NDUFB9	R3HDM4	9606.ENSP00000276689	9606.ENSP00000355385	0	0	0	0	0	0.540	0	0.055	0.546
NDUFB9	TIMM17B	9606.ENSP00000276689	9606.ENSP00000379999	0	0	0	0	0.146	0.429	0	0.190	0.570
NDUFB9	PRRT2	9606.ENSP00000276689	9606.ENSP00000456226	0	0	0	0	0	0.613	0.100	0	0.636
NDUFB9	SDHB	9606.ENSP00000276689	9606.ENSP00000364649	0	0	0	0	0.915	0.382	0	0.412	0.966
NEFM	TOP2A	9606.ENSP00000221166	9606.ENSP00000411532	0	0	0	0	0	0.083	0	0.394	0.420
NEFM	SQSTM1	9606.ENSP00000221166	9606.ENSP00000374455	0	0	0	0	0	0.139	0	0.448	0.504
NEURL1B	SQSTM1	9606.ENSP00000358815	9606.ENSP00000374455	0	0	0	0	0.074	0.291	0	0.252	0.466
NF1	PSMC4	9606.ENSP00000351015	9606.ENSP00000157812	0	0	0	0	0	0	0.400	0.079	0.423
NF1	PSME2	9606.ENSP00000351015	9606.ENSP00000216802	0	0	0	0	0.042	0	0.400	0.051	0.406
NF1	RFX1	9606.ENSP00000351015	9606.ENSP00000254325	0	0	0	0	0.042	0	0	0.473	0.474
NF1	PSMC1	9606.ENSP00000351015	9606.ENSP00000261303	0	0	0	0	0.052	0	0.400	0.050	0.412
NF1	PSMD3	9606.ENSP00000351015	9606.ENSP00000264639	0	0	0	0	0.042	0	0.400	0	0.400
NF1	RAD51C	9606.ENSP00000351015	9606.ENSP00000336701	0	0	0	0	0.105	0	0	0.577	0.606
NF1	SPRED2	9606.ENSP00000351015	9606.ENSP00000348753	0	0	0	0	0.049	0.493	0.400	0.647	0.884
NF1	TOP2A	9606.ENSP00000351015	9606.ENSP00000411532	0	0	0	0	0.198	0.164	0	0.269	0.467
NF1	NFIX	9606.ENSP00000351015	9606.ENSP00000380781	0	0	0	0	0	0	0	0.537	0.537
NF1	POLR2A	9606.ENSP00000351015	9606.ENSP00000461879	0	0	0	0	0.069	0.301	0	0.345	0.538
NF1	SDHB	9606.ENSP00000351015	9606.ENSP00000364649	0	0	0	0	0.042	0	0	0.822	0.822
NF1	PTEN	9606.ENSP00000351015	9606.ENSP00000361021	0	0	0	0	0.084	0.218	0	0.838	0.874
NFIX	RFX1	9606.ENSP00000380781	9606.ENSP00000254325	0	0	0	0	0.050	0.292	0	0.302	0.489
NFIX	POLR2K	9606.ENSP00000380781	9606.ENSP00000342889	0	0	0	0	0	0	0.400	0	0.400
NFIX	POLR2E	9606.ENSP00000380781	9606.ENSP00000478303	0	0	0	0	0	0	0.400	0	0.400
NFKBIE	PSMC4	9606.ENSP00000275015	9606.ENSP00000157812	0	0	0	0	0.058	0.125	0.400	0.051	0.468
NFKBIE	PSME2	9606.ENSP00000275015	9606.ENSP00000216802	0	0	0	0	0.118	0	0.400	0.198	0.538
NFKBIE	PSMC1	9606.ENSP00000275015	9606.ENSP00000261303	0	0	0	0	0.055	0.095	0.400	0.043	0.443
NFKBIE	PSMD3	9606.ENSP00000275015	9606.ENSP00000264639	0	0	0	0	0.067	0.111	0.400	0.044	0.460
NFKBIE	RFXANK	9606.ENSP00000275015	9606.ENSP00000305071	0	0	0.419	0	0.044	0	0	0.045	0.423
NFKBIE	PPP6R1	9606.ENSP00000275015	9606.ENSP00000414202	0	0	0	0	0.076	0.406	0	0.838	0.903
NINL	PLK1	9606.ENSP00000278886	9606.ENSP00000300093	0	0	0	0	0.057	0.371	0.800	0.599	0.946
NOP53	RPS25	9606.ENSP00000246802	9606.ENSP00000435096	0	0	0	0	0.308	0	0	0.176	0.405
NOP53	PRMT1	9606.ENSP00000246802	9606.ENSP00000406162	0	0	0	0	0.279	0.226	0	0	0.418
NOP53	RPS2	9606.ENSP00000246802	9606.ENSP00000341885	0	0	0	0	0.360	0.212	0	0.130	0.523
NOP53	RPS3	9606.ENSP00000246802	9606.ENSP00000278572	0	0	0	0	0.428	0.095	0	0.176	0.536
NOP53	RPS3A	9606.ENSP00000246802	9606.ENSP00000346050	0	0	0	0	0.279	0.365	0	0.329	0.666
NOP53	WDR46	9606.ENSP00000246802	9606.ENSP00000363746	0	0	0	0	0.631	0	0	0.323	0.739
NOP53	RPL26	9606.ENSP00000246802	9606.ENSP00000463784	0	0	0	0	0.201	0.750	0	0.293	0.846
NOP53	RPL7	9606.ENSP00000246802	9606.ENSP00000339795	0	0	0	0	0.402	0.787	0	0.236	0.894
NOP53	RPL12	9606.ENSP00000246802	9606.ENSP00000354739	0	0	0	0	0.401	0.840	0	0.074	0.903
NOP53	SURF6	9606.ENSP00000246802	9606.ENSP00000361092	0	0	0	0	0.854	0.165	0	0.280	0.904
NOP53	RPL31	9606.ENSP00000246802	9606.ENSP00000386717	0	0	0	0	0.188	0.868	0	0.184	0.905
NOP53	RPL35	9606.ENSP00000246802	9606.ENSP00000259469	0	0	0	0	0.346	0.863	0	0.211	0.923
NOP53	PTEN	9606.ENSP00000246802	9606.ENSP00000361021	0	0	0	0	0.099	0	0	0.937	0.940
NOP53	RPL3	9606.ENSP00000246802	9606.ENSP00000346001	0	0	0	0	0.491	0.875	0	0.188	0.944
NOX1	SH3PXD2B	9606.ENSP00000362057	9606.ENSP00000309714	0	0	0	0	0.055	0	0	0.866	0.868
NR4A3	TAF15	9606.ENSP00000482027	9606.ENSP00000474096	0	0	0	0	0	0	0	0.865	0.865
NRGN	TRIM62	9606.ENSP00000284292	9606.ENSP00000291416	0	0	0	0	0.072	0.471	0	0	0.488
NUCB1	PPP3R1	9606.ENSP00000385923	9606.ENSP00000234310	0	0	0	0	0.042	0	0	0.437	0.437
NUCB1	OS9	9606.ENSP00000385923	9606.ENSP00000318165	0	0	0	0	0.670	0	0	0.078	0.683
NUCB1	POLR2A	9606.ENSP00000385923	9606.ENSP00000461879	0	0	0	0	0.055	0	0	0.419	0.427
NUDCD1	TRIM68	9606.ENSP00000239690	9606.ENSP00000300747	0	0	0	0	0	0.619	0	0	0.619
NUDCD1	TAGLN2	9606.ENSP00000239690	9606.ENSP00000357076	0	0	0	0	0.042	0.619	0	0	0.619
NUDCD1	SRP9	9606.ENSP00000239690	9606.ENSP00000305230	0	0	0	0	0.112	0.619	0	0	0.647
NUDT19	PEX2	9606.ENSP00000380251	9606.ENSP00000349543	0	0	0	0	0.049	0	0.500	0.077	0.522
NUS1	RUSC2	9606.ENSP00000357480	9606.ENSP00000393922	0.071	0	0	0	0.100	0	0.325	0.275	0.536
OPHN1	ZNF41	9606.ENSP00000347710	9606.ENSP00000366265	0	0	0	0	0.137	0.051	0	0.390	0.456
OS9	TXNDC11	9606.ENSP00000318165	9606.ENSP00000349439	0	0	0	0	0.075	0.163	0	0.326	0.433
OS9	PDIA6	9606.ENSP00000318165	9606.ENSP00000385385	0	0	0	0	0.138	0	0	0.380	0.442
OST4	RPL35	9606.ENSP00000455716	9606.ENSP00000259469	0	0	0	0	0.134	0.507	0	0	0.554
OST4	RPL7	9606.ENSP00000455716	9606.ENSP00000339795	0	0	0	0	0.085	0.507	0	0.080	0.548
OST4	RPL3	9606.ENSP00000455716	9606.ENSP00000346001	0	0	0	0	0.067	0.507	0	0	0.520
OST4	RPL12	9606.ENSP00000455716	9606.ENSP00000354739	0	0	0	0	0.189	0.507	0	0	0.583
OST4	RPL31	9606.ENSP00000455716	9606.ENSP00000386717	0	0	0	0	0.146	0.507	0	0	0.561
OST4	RPL26	9606.ENSP00000455716	9606.ENSP00000463784	0	0	0	0	0.068	0.429	0	0	0.445
PAOX	PEX2	9606.ENSP00000278060	9606.ENSP00000349543	0	0	0	0	0	0	0.500	0.129	0.545
PARP4	PTEN	9606.ENSP00000371419	9606.ENSP00000361021	0	0	0	0	0.093	0	0	0.516	0.542
PDIA6	SDF2L1	9606.ENSP00000385385	9606.ENSP00000248958	0	0	0	0	0.261	0.099	0.360	0.601	0.807
PDIA6	PRDX2	9606.ENSP00000385385	9606.ENSP00000301522	0.048	0	0	0	0.123	0.174	0	0.269	0.429
PDIA6	RPSA	9606.ENSP00000385385	9606.ENSP00000389351	0	0	0	0	0.068	0.239	0	0.223	0.402
PDLIM2	SOCS1	9606.ENSP00000312634	9606.ENSP00000496577	0	0	0	0	0	0	0	0.413	0.413
PHRF1	UHRF1	9606.ENSP00000264555	9606.ENSP00000479617	0	0	0	0.553	0.042	0	0	0.463	0.464
PHRF1	POLR2A	9606.ENSP00000264555	9606.ENSP00000461879	0	0	0	0	0.093	0.426	0	0.340	0.626
PI4KA	VAC14	9606.ENSP00000255882	9606.ENSP00000261776	0	0	0	0	0.107	0	0	0.389	0.431
PI4KA	PIP4K2C	9606.ENSP00000255882	9606.ENSP00000347032	0	0	0	0	0.074	0.108	0.217	0.387	0.551
PI4KA	PLCE1	9606.ENSP00000255882	9606.ENSP00000360431	0	0	0	0	0	0	0.650	0.170	0.697
PI4KA	PTEN	9606.ENSP00000255882	9606.ENSP00000361021	0	0	0	0	0.053	0	0.900	0.186	0.916
PI4KA	PIK3C2A	9606.ENSP00000255882	9606.ENSP00000265970	0	0	0	0.553	0.047	0	0.900	0.193	0.916
PI4KA	PIP5KL1	9606.ENSP00000255882	9606.ENSP00000373399	0	0	0	0	0.062	0.108	0.918	0.194	0.937
PI4KA	PIP5K1A	9606.ENSP00000255882	9606.ENSP00000357883	0	0	0	0	0.074	0.108	0.918	0.489	0.960
PIK3C2A	VAC14	9606.ENSP00000265970	9606.ENSP00000261776	0	0	0	0	0.049	0	0.540	0.143	0.592
PIK3C2A	SOCS1	9606.ENSP00000265970	9606.ENSP00000496577	0	0	0	0	0.055	0	0.540	0.047	0.549
PIK3C2A	SNRK	9606.ENSP00000265970	9606.ENSP00000296088	0	0	0	0	0.054	0	0	0.574	0.579
PIK3C2A	PLCE1	9606.ENSP00000265970	9606.ENSP00000360431	0	0	0	0	0.049	0	0.650	0.145	0.690
PIK3C2A	PIP5KL1	9606.ENSP00000265970	9606.ENSP00000373399	0	0	0	0	0.053	0	0.900	0.100	0.907
PIK3C2A	PIP5K1A	9606.ENSP00000265970	9606.ENSP00000357883	0	0	0	0	0.069	0	0.900	0.218	0.920
PIK3C2A	PTEN	9606.ENSP00000265970	9606.ENSP00000361021	0	0	0	0	0.096	0	0.900	0.331	0.934
PIM1	SOCS1	9606.ENSP00000362608	9606.ENSP00000496577	0	0	0	0	0.136	0.095	0	0.491	0.567
PIP4K2C	PLCE1	9606.ENSP00000347032	9606.ENSP00000360431	0	0	0	0	0.055	0.086	0.697	0.111	0.737
PIP4K2C	PIP5KL1	9606.ENSP00000347032	9606.ENSP00000373399	0	0	0	0.640	0	0	0.900	0.106	0.906
PIP4K2C	PIP5K1A	9606.ENSP00000347032	9606.ENSP00000357883	0	0	0	0.728	0.049	0	0.900	0.189	0.916
PIP4K2C	PTEN	9606.ENSP00000347032	9606.ENSP00000361021	0	0	0	0	0.063	0.069	0.900	0.186	0.919
PIP5K1A	PLCE1	9606.ENSP00000357883	9606.ENSP00000360431	0	0	0	0	0.057	0.086	0.697	0.231	0.772
PIP5K1A	PTEN	9606.ENSP00000357883	9606.ENSP00000361021	0	0	0	0	0.063	0.069	0.900	0.270	0.927
PIP5K1A	PIP5KL1	9606.ENSP00000357883	9606.ENSP00000373399	0	0	0	0.647	0.046	0.292	0.900	0.499	0.961
PIP5KL1	PLCE1	9606.ENSP00000373399	9606.ENSP00000360431	0	0	0	0	0	0.086	0.697	0.191	0.757
PIP5KL1	PTEN	9606.ENSP00000373399	9606.ENSP00000361021	0	0	0	0	0.063	0.069	0.900	0.115	0.912
PKIB	PKIG	9606.ENSP00000480824	9606.ENSP00000361980	0	0	0	0	0	0	0	0.637	0.637
PLCE1	PTPRU	9606.ENSP00000360431	9606.ENSP00000334941	0	0	0	0	0.074	0	0	0.448	0.466
PLCE1	PTEN	9606.ENSP00000360431	9606.ENSP00000361021	0	0	0	0	0	0	0.900	0.168	0.913
PLK1	TUBGCP3	9606.ENSP00000300093	9606.ENSP00000261965	0	0	0	0	0.053	0.111	0	0.391	0.443
PLK1	SPDL1	9606.ENSP00000300093	9606.ENSP00000265295	0	0	0	0	0.362	0	0.800	0.203	0.889
PLK1	UHRF1	9606.ENSP00000300093	9606.ENSP00000479617	0	0	0	0	0.326	0	0	0.244	0.469
PLK1	VRK2	9606.ENSP00000300093	9606.ENSP00000408002	0	0	0	0	0.141	0.292	0	0.322	0.552
PLK1	RPS27	9606.ENSP00000300093	9606.ENSP00000499044	0	0	0	0	0.047	0	0.800	0	0.801
PLK1	TUBB4B	9606.ENSP00000300093	9606.ENSP00000341289	0	0.003	0	0	0.144	0.067	0.800	0.176	0.850
PLK1	PTEN	9606.ENSP00000300093	9606.ENSP00000361021	0	0	0	0	0.091	0.571	0	0.694	0.870
PLK1	TOP2A	9606.ENSP00000300093	9606.ENSP00000411532	0	0	0	0	0.612	0.292	0	0.768	0.931
PLK1	RACGAP1	9606.ENSP00000300093	9606.ENSP00000404190	0	0	0	0	0.587	0.644	0	0.761	0.961
PLK3	RACGAP1	9606.ENSP00000361275	9606.ENSP00000404190	0	0	0	0	0.299	0.091	0	0.206	0.449
PLK3	TOP2A	9606.ENSP00000361275	9606.ENSP00000411532	0	0	0	0	0.236	0.419	0	0.165	0.597
PLXNB2	SEMA4F	9606.ENSP00000352288	9606.ENSP00000350547	0	0	0	0	0.048	0.225	0.900	0.418	0.951
POLR2A	SYMPK	9606.ENSP00000461879	9606.ENSP00000245934	0	0	0	0	0.162	0.099	0	0.321	0.443
POLR2A	UBN1	9606.ENSP00000461879	9606.ENSP00000262376	0	0	0	0	0.056	0.469	0	0.091	0.504
POLR2A	RPS2	9606.ENSP00000461879	9606.ENSP00000341885	0	0	0	0	0.053	0	0	0.504	0.511
POLR2A	POLR2K	9606.ENSP00000461879	9606.ENSP00000342889	0	0	0	0	0	0.998	0.900	0.999	0.999
POLR2A	TAF1	9606.ENSP00000461879	9606.ENSP00000406549	0	0	0	0	0.053	0.903	0.500	0.869	0.993
POLR2A	TAF15	9606.ENSP00000461879	9606.ENSP00000474096	0	0	0	0	0.067	0.292	0.500	0.107	0.665
POLR2A	POLR2E	9606.ENSP00000461879	9606.ENSP00000478303	0	0	0	0	0.082	0.999	0.900	0.995	0.999
POLR2E	RPS3	9606.ENSP00000478303	9606.ENSP00000278572	0	0	0	0	0.212	0.302	0	0	0.426
POLR2E	RPL7	9606.ENSP00000478303	9606.ENSP00000339795	0	0	0	0	0.513	0.069	0	0	0.527
POLR2E	POLR2K	9606.ENSP00000478303	9606.ENSP00000342889	0	0	0	0	0.297	0.998	0.900	0.979	0.999
POLR2E	PPA1	9606.ENSP00000478303	9606.ENSP00000362329	0	0	0	0	0.101	0	0	0.436	0.471
POLR2E	TAF1	9606.ENSP00000478303	9606.ENSP00000406549	0	0	0	0	0	0.900	0.500	0.149	0.953
POLR2E	TAF15	9606.ENSP00000478303	9606.ENSP00000474096	0	0	0	0	0.134	0.292	0.500	0.149	0.704
POLR2K	TAF15	9606.ENSP00000342889	9606.ENSP00000474096	0	0	0	0	0	0	0.500	0.085	0.522
POLR2K	TAF1	9606.ENSP00000342889	9606.ENSP00000406549	0	0	0	0	0	0.800	0.500	0.076	0.899
PPA1	RPL35	9606.ENSP00000362329	9606.ENSP00000259469	0	0	0	0	0.341	0	0	0.222	0.466
PPA1	RPS3	9606.ENSP00000362329	9606.ENSP00000278572	0	0	0	0	0.387	0.091	0	0.214	0.524
PPA1	RPS23	9606.ENSP00000362329	9606.ENSP00000296674	0	0	0	0	0.423	0	0	0.090	0.452
PPA1	PRDX2	9606.ENSP00000362329	9606.ENSP00000301522	0	0	0	0	0.129	0.227	0	0.248	0.450
PPA1	RPL26	9606.ENSP00000362329	9606.ENSP00000463784	0	0	0	0	0.274	0.087	0	0.197	0.421
PPA1	SDHB	9606.ENSP00000362329	9606.ENSP00000364649	0	0	0	0	0.195	0.065	0	0.419	0.524
PPA1	TOP2A	9606.ENSP00000362329	9606.ENSP00000411532	0.104	0	0	0	0.065	0	0	0.531	0.573
PPA1	RPSA	9606.ENSP00000362329	9606.ENSP00000389351	0	0	0	0	0.450	0.091	0	0.217	0.575
PPP3R1	PSMC4	9606.ENSP00000234310	9606.ENSP00000157812	0	0	0	0	0.069	0.058	0	0.476	0.501
PPP6R1	SBF1	9606.ENSP00000414202	9606.ENSP00000370196	0	0	0	0	0.401	0	0	0	0.401
PRMT1	RPS3	9606.ENSP00000406162	9606.ENSP00000278572	0	0	0	0	0.177	0.326	0	0.488	0.692
PRMT1	RPS2	9606.ENSP00000406162	9606.ENSP00000341885	0	0	0	0	0.160	0.173	0	0.489	0.614
PRMT1	PRMT2	9606.ENSP00000406162	9606.ENSP00000380759	0	0	0	0.831	0.106	0	0	0.472	0.508
PRMT1	TAF15	9606.ENSP00000406162	9606.ENSP00000474096	0	0	0	0	0.149	0.617	0	0.267	0.740
PRMT2	RPS2	9606.ENSP00000380759	9606.ENSP00000341885	0	0	0	0	0.042	0.173	0	0.395	0.479
PRMT2	SAMD1	9606.ENSP00000380759	9606.ENSP00000431971	0	0	0	0	0.049	0.467	0	0.067	0.485
PRORP	TRMT10B	9606.ENSP00000440915	9606.ENSP00000297994	0	0	0	0	0.103	0.094	0	0.487	0.547
PRPF31	TAF1	9606.ENSP00000324122	9606.ENSP00000406549	0	0	0	0	0	0.085	0.900	0	0.904
PSMC1	PSMC4	9606.ENSP00000261303	9606.ENSP00000157812	0	0	0.069	0.934	0.937	0.999	0.720	0.723	0.999
PSMC1	PSME2	9606.ENSP00000261303	9606.ENSP00000216802	0	0	0	0	0.102	0.446	0.360	0.405	0.785
PSMC1	RPL35	9606.ENSP00000261303	9606.ENSP00000259469	0	0	0	0	0.526	0.088	0	0.056	0.556
PSMC1	SPIDR	9606.ENSP00000261303	9606.ENSP00000297423	0	0	0	0	0	0	0	0.409	0.409
PSMC1	PTEN	9606.ENSP00000261303	9606.ENSP00000361021	0	0	0	0	0.064	0	0.400	0.043	0.416
PSMC1	SPRED2	9606.ENSP00000261303	9606.ENSP00000348753	0	0	0	0	0.070	0	0.400	0	0.418
PSMC1	RPL12	9606.ENSP00000261303	9606.ENSP00000354739	0.045	0	0	0	0.425	0.081	0	0.041	0.451
PSMC1	RPS23	9606.ENSP00000261303	9606.ENSP00000296674	0	0	0	0	0.437	0.097	0	0.054	0.477
PSMC1	RPL31	9606.ENSP00000261303	9606.ENSP00000386717	0	0	0	0	0.393	0.094	0	0.145	0.489
PSMC1	RPSA	9606.ENSP00000261303	9606.ENSP00000389351	0	0	0	0	0.429	0.120	0	0.093	0.504
PSMC1	RPS2	9606.ENSP00000261303	9606.ENSP00000341885	0.044	0	0	0	0.423	0.134	0	0.118	0.523
PSMC1	UBXN2B	9606.ENSP00000261303	9606.ENSP00000382507	0	0	0	0	0.554	0	0	0	0.554
PSMC1	RPS26	9606.ENSP00000261303	9606.ENSP00000348849	0	0	0	0	0.533	0.096	0	0	0.560
PSMC1	RPL26	9606.ENSP00000261303	9606.ENSP00000463784	0.046	0	0	0	0.532	0.120	0	0	0.572
PSMC1	RPS3	9606.ENSP00000261303	9606.ENSP00000278572	0	0	0	0	0.540	0.138	0	0	0.587
PSMC1	RPS3A	9606.ENSP00000261303	9606.ENSP00000346050	0	0	0	0	0.516	0.140	0	0.136	0.609
PSMC1	RPS27	9606.ENSP00000261303	9606.ENSP00000499044	0	0	0	0	0.632	0.091	0	0	0.651
PSMC1	RPS25	9606.ENSP00000261303	9606.ENSP00000435096	0	0	0	0	0.636	0	0	0.150	0.677
PSMC1	RPL7	9606.ENSP00000261303	9606.ENSP00000339795	0.042	0	0	0	0.635	0.110	0	0.091	0.679
PSMC1	RPL3	9606.ENSP00000261303	9606.ENSP00000346001	0	0	0	0	0.633	0.095	0	0.136	0.688
PSMC1	RPS15A	9606.ENSP00000261303	9606.ENSP00000318646	0.042	0	0	0	0.667	0.188	0	0.051	0.722
PSMC1	PSMD3	9606.ENSP00000261303	9606.ENSP00000264639	0	0	0	0	0.816	0.997	0.720	0.752	0.999
PSMC4	SPRED2	9606.ENSP00000157812	9606.ENSP00000348753	0	0	0	0	0.086	0	0.400	0	0.428
PSMC4	RPSA	9606.ENSP00000157812	9606.ENSP00000389351	0	0	0	0	0.373	0.097	0	0.109	0.451
PSMC4	RPL12	9606.ENSP00000157812	9606.ENSP00000354739	0	0	0	0	0.393	0.071	0	0.107	0.452
PSMC4	RPS23	9606.ENSP00000157812	9606.ENSP00000296674	0	0	0	0	0.432	0	0	0.100	0.466
PSMC4	PTEN	9606.ENSP00000157812	9606.ENSP00000361021	0	0	0	0	0	0	0.400	0.148	0.466
PSMC4	RPS2	9606.ENSP00000157812	9606.ENSP00000341885	0	0	0	0	0.428	0.113	0	0.071	0.488
PSMC4	RPL26	9606.ENSP00000157812	9606.ENSP00000463784	0	0	0	0	0.519	0.091	0	0.065	0.556
PSMC4	RPS3A	9606.ENSP00000157812	9606.ENSP00000346050	0	0	0	0	0.530	0.113	0	0	0.565
PSMC4	RPS26	9606.ENSP00000157812	9606.ENSP00000348849	0	0	0	0	0.583	0	0	0.088	0.603
PSMC4	RPL35	9606.ENSP00000157812	9606.ENSP00000259469	0	0	0	0	0.637	0	0	0.076	0.650
PSMC4	RPL7	9606.ENSP00000157812	9606.ENSP00000339795	0	0	0	0	0.649	0.071	0	0.061	0.667
PSMC4	RPL3	9606.ENSP00000157812	9606.ENSP00000346001	0	0	0	0	0.638	0	0	0.147	0.678
PSMC4	RPS27	9606.ENSP00000157812	9606.ENSP00000499044	0	0	0	0	0.666	0.091	0	0.051	0.687
PSMC4	RPS15A	9606.ENSP00000157812	9606.ENSP00000318646	0	0	0	0	0.667	0.106	0	0.091	0.706
PSMC4	RPS3	9606.ENSP00000157812	9606.ENSP00000278572	0	0	0	0	0.635	0.125	0	0.157	0.708
PSMC4	RPS25	9606.ENSP00000157812	9606.ENSP00000435096	0	0.021	0	0	0.664	0.086	0	0.193	0.731
PSMC4	PSME2	9606.ENSP00000157812	9606.ENSP00000216802	0	0	0	0	0.141	0.474	0.360	0.463	0.824
PSMC4	PSMD3	9606.ENSP00000157812	9606.ENSP00000264639	0	0	0	0	0.745	0.999	0.720	0.870	0.999
PSMD3	PSME2	9606.ENSP00000264639	9606.ENSP00000216802	0	0	0	0	0.060	0.096	0.360	0.411	0.636
PSMD3	UBL7	9606.ENSP00000264639	9606.ENSP00000457703	0	0	0	0	0.135	0.287	0	0.116	0.407
PSMD3	SPRED2	9606.ENSP00000264639	9606.ENSP00000348753	0	0	0	0	0.060	0	0.400	0	0.411
PSMD3	PTEN	9606.ENSP00000264639	9606.ENSP00000361021	0	0	0	0	0	0	0.400	0.067	0.416
PSMD3	RPS15A	9606.ENSP00000264639	9606.ENSP00000318646	0	0	0	0	0.351	0.188	0	0.103	0.486
PSME2	SPRED2	9606.ENSP00000216802	9606.ENSP00000348753	0	0	0	0	0	0	0.400	0	0.400
PSME2	PTEN	9606.ENSP00000216802	9606.ENSP00000361021	0	0	0	0	0	0	0.400	0.063	0.413
PTEN	PXN	9606.ENSP00000361021	9606.ENSP00000267257	0	0	0	0	0.058	0.624	0	0.414	0.774
PTEN	SNRK	9606.ENSP00000361021	9606.ENSP00000296088	0	0	0	0	0.194	0	0	0.437	0.527
PTEN	RAD51C	9606.ENSP00000361021	9606.ENSP00000336701	0	0	0	0	0	0	0	0.621	0.621
PTEN	TP53INP1	9606.ENSP00000361021	9606.ENSP00000344215	0	0	0	0	0.072	0	0	0.394	0.413
PTEN	PTPN1	9606.ENSP00000361021	9606.ENSP00000360683	0	0	0	0	0.045	0.071	0	0.588	0.603
PTEN	S1PR3	9606.ENSP00000361021	9606.ENSP00000365006	0	0	0	0	0	0	0	0.411	0.410
PTEN	SQSTM1	9606.ENSP00000361021	9606.ENSP00000374455	0	0	0	0	0	0	0	0.466	0.466
PTEN	SOCS1	9606.ENSP00000361021	9606.ENSP00000496577	0	0	0	0	0	0.184	0	0.492	0.568
PTEN	TOP2A	9606.ENSP00000361021	9606.ENSP00000411532	0	0	0	0	0.078	0	0	0.621	0.636
PTEN	SDHB	9606.ENSP00000361021	9606.ENSP00000364649	0	0	0	0	0.048	0	0	0.666	0.668
PTPN1	SOCS1	9606.ENSP00000360683	9606.ENSP00000496577	0	0	0	0	0.097	0	0	0.400	0.435
PXN	SH3PXD2B	9606.ENSP00000267257	9606.ENSP00000309714	0	0	0	0	0.049	0	0	0.437	0.442
QTRT1	RPS23	9606.ENSP00000250237	9606.ENSP00000296674	0.057	0	0	0	0.319	0	0	0.157	0.411
R3HDM4	UQCRC2	9606.ENSP00000355385	9606.ENSP00000268379	0	0	0	0	0	0.695	0.362	0.100	0.809
R3HDM4	SDHB	9606.ENSP00000355385	9606.ENSP00000364649	0.103	0	0	0	0.591	0	0.154	0.280	0.746
RAB11FIP1	TUBGCP3	9606.ENSP00000331342	9606.ENSP00000261965	0	0	0	0	0.042	0.323	0	0.156	0.404
RAB11FIP1	ZNF703	9606.ENSP00000331342	9606.ENSP00000332325	0	0	0	0	0.050	0	0	0.488	0.493
RACGAP1	UHRF1	9606.ENSP00000404190	9606.ENSP00000479617	0	0	0	0	0.351	0	0	0.504	0.664
RACGAP1	TOP2A	9606.ENSP00000404190	9606.ENSP00000411532	0	0	0	0	0.649	0	0	0.678	0.882
RAD51C	REV1	9606.ENSP00000336701	9606.ENSP00000258428	0.057	0	0	0	0.141	0.267	0	0.392	0.591
RAD51C	SPIDR	9606.ENSP00000336701	9606.ENSP00000297423	0	0	0	0	0	0	0.500	0.242	0.605
RAD51C	TOP2A	9606.ENSP00000336701	9606.ENSP00000411532	0	0	0	0	0.162	0.066	0	0.295	0.400
RAD51C	SDHB	9606.ENSP00000336701	9606.ENSP00000364649	0.050	0	0	0	0.068	0	0	0.423	0.444
REXO4	ZBTB24	9606.ENSP00000361010	9606.ENSP00000230122	0	0	0	0	0.064	0.401	0	0	0.415
REXO4	SURF6	9606.ENSP00000361010	9606.ENSP00000361092	0	0	0	0	0.567	0.227	0	0.101	0.673
REXO4	WDR46	9606.ENSP00000361010	9606.ENSP00000363746	0	0	0	0	0.476	0.504	0	0	0.729
RFX1	UHRF1	9606.ENSP00000254325	9606.ENSP00000479617	0	0	0	0	0.056	0	0	0.421	0.430
RFX1	RFXANK	9606.ENSP00000254325	9606.ENSP00000305071	0	0	0	0	0.054	0	0	0.954	0.954
RIMS2	SYTL4	9606.ENSP00000427018	9606.ENSP00000362080	0	0	0	0.559	0	0	0	0.436	0.436
RIOX1	RPS23	9606.ENSP00000477507	9606.ENSP00000296674	0	0	0	0	0.049	0	0	0.423	0.427
RNF26	RPS25	9606.ENSP00000312439	9606.ENSP00000435096	0	0	0	0	0.047	0	0	0.435	0.439
RNF26	SQSTM1	9606.ENSP00000312439	9606.ENSP00000374455	0	0	0	0	0.055	0.292	0	0.348	0.525
RPE	SUCLA2	9606.ENSP00000352401	9606.ENSP00000494360	0.061	0.077	0	0	0.102	0	0	0.346	0.423
RPL12	SPCS1	9606.ENSP00000354739	9606.ENSP00000233025	0	0	0	0	0.125	0	0.400	0	0.452
RPL12	RPL35	9606.ENSP00000354739	9606.ENSP00000259469	0.106	0	0	0	0.977	0.993	0	0.509	0.999
RPL12	RPS3	9606.ENSP00000354739	9606.ENSP00000278572	0.106	0	0	0	0.978	0.994	0	0.733	0.999
RPL12	RPS23	9606.ENSP00000354739	9606.ENSP00000296674	0.086	0	0	0	0.976	0.994	0	0.641	0.999
RPL12	TP53I13	9606.ENSP00000354739	9606.ENSP00000301057	0	0	0	0	0.115	0.437	0	0.099	0.511
RPL12	SRP9	9606.ENSP00000354739	9606.ENSP00000305230	0	0	0	0	0.108	0.847	0	0.052	0.860
RPL12	RPS15A	9606.ENSP00000354739	9606.ENSP00000318646	0.057	0	0	0	0.999	0.974	0	0.447	0.999
RPL12	RPL7	9606.ENSP00000354739	9606.ENSP00000339795	0.061	0	0	0	0.947	0.981	0	0.822	0.999
RPL12	RPS2	9606.ENSP00000354739	9606.ENSP00000341885	0.086	0	0	0	0.979	0.994	0	0.775	0.999
RPL12	RPL3	9606.ENSP00000354739	9606.ENSP00000346001	0.070	0.003	0	0	0.960	0.986	0	0.855	0.999
RPL12	RPS3A	9606.ENSP00000354739	9606.ENSP00000346050	0	0	0	0	0.981	0.995	0	0.525	0.999
RPL12	UPF2	9606.ENSP00000354739	9606.ENSP00000348708	0	0	0	0	0.164	0	0	0.452	0.522
RPL12	RPS26	9606.ENSP00000354739	9606.ENSP00000348849	0	0	0	0	0.984	0.995	0	0.705	0.999
RPL12	UBL7	9606.ENSP00000354739	9606.ENSP00000457703	0	0	0	0	0.195	0.290	0	0.053	0.411
RPL12	SRP19	9606.ENSP00000354739	9606.ENSP00000424870	0	0	0	0	0.074	0.866	0	0	0.871
RPL12	RPL31	9606.ENSP00000354739	9606.ENSP00000386717	0.106	0	0	0	0.986	0.995	0	0.574	0.999
RPL12	RPS27	9606.ENSP00000354739	9606.ENSP00000499044	0	0	0	0	0.955	0.979	0	0.452	0.999
RPL12	RPSA	9606.ENSP00000354739	9606.ENSP00000389351	0	0	0	0	0.974	0.994	0	0.670	0.999
RPL12	RPL26	9606.ENSP00000354739	9606.ENSP00000463784	0.070	0	0	0	0.979	0.966	0	0.657	0.999
RPL12	RPS25	9606.ENSP00000354739	9606.ENSP00000435096	0	0	0	0	0.991	0.994	0	0.487	0.999
RPL26	SPCS1	9606.ENSP00000463784	9606.ENSP00000233025	0	0	0	0	0.104	0	0.400	0.139	0.496
RPL26	RPL35	9606.ENSP00000463784	9606.ENSP00000259469	0.115	0	0	0	0.959	0.986	0	0.798	0.999
RPL26	RPS3	9606.ENSP00000463784	9606.ENSP00000278572	0.115	0	0	0	0.960	0.990	0	0.697	0.999
RPL26	RPS23	9606.ENSP00000463784	9606.ENSP00000296674	0.102	0	0	0	0.992	0.967	0	0.604	0.999
RPL26	SRP9	9606.ENSP00000463784	9606.ENSP00000305230	0	0	0	0	0.113	0.853	0	0.050	0.865
RPL26	RPS15A	9606.ENSP00000463784	9606.ENSP00000318646	0.058	0	0	0	0.999	0.912	0	0.571	0.999
RPL26	RPL7	9606.ENSP00000463784	9606.ENSP00000339795	0.079	0	0	0	0.927	0.984	0	0.651	0.999
RPL26	RPS2	9606.ENSP00000463784	9606.ENSP00000341885	0.102	0	0	0	0.960	0.979	0	0.645	0.999
RPL26	RPL3	9606.ENSP00000463784	9606.ENSP00000346001	0.091	0	0	0	0.923	0.980	0	0.622	0.999
RPL26	RPS3A	9606.ENSP00000463784	9606.ENSP00000346050	0	0	0	0	0.960	0.983	0	0.591	0.999
RPL26	RPS26	9606.ENSP00000463784	9606.ENSP00000348849	0	0	0	0	0.959	0.979	0	0.758	0.999
RPL26	RPL31	9606.ENSP00000463784	9606.ENSP00000386717	0	0	0	0	0.999	0.971	0	0.842	0.999
RPL26	RPSA	9606.ENSP00000463784	9606.ENSP00000389351	0.052	0	0	0	0.960	0.971	0	0.363	0.999
RPL26	SRP19	9606.ENSP00000463784	9606.ENSP00000424870	0	0	0	0	0.087	0.852	0	0	0.859
RPL26	RPS25	9606.ENSP00000463784	9606.ENSP00000435096	0	0	0	0	0.958	0.979	0	0.652	0.999
RPL26	UBL7	9606.ENSP00000463784	9606.ENSP00000457703	0	0	0	0	0.258	0.302	0	0.044	0.462
RPL26	RPS27	9606.ENSP00000463784	9606.ENSP00000499044	0	0	0	0	0.928	0.947	0	0.742	0.998
RPL3	SPCS1	9606.ENSP00000346001	9606.ENSP00000233025	0	0	0	0	0.064	0	0.400	0	0.414
RPL3	SYMPK	9606.ENSP00000346001	9606.ENSP00000245934	0	0	0	0	0.070	0.840	0	0	0.844
RPL3	RPL35	9606.ENSP00000346001	9606.ENSP00000259469	0.115	0	0	0	0.955	0.993	0	0.604	0.999
RPL3	RPS3	9606.ENSP00000346001	9606.ENSP00000278572	0.115	0	0	0	0.967	0.989	0	0.878	0.999
RPL3	RPS23	9606.ENSP00000346001	9606.ENSP00000296674	0.102	0	0	0	0.957	0.986	0	0.718	0.999
RPL3	TP53I13	9606.ENSP00000346001	9606.ENSP00000301057	0	0	0	0	0.123	0.466	0	0.064	0.523
RPL3	SRP9	9606.ENSP00000346001	9606.ENSP00000305230	0	0	0	0	0.131	0.896	0	0	0.906
RPL3	RPS15A	9606.ENSP00000346001	9606.ENSP00000318646	0.058	0	0	0	0.901	0.954	0	0.504	0.997
RPL3	RPL7	9606.ENSP00000346001	9606.ENSP00000339795	0.079	0	0	0	0.930	0.993	0	0.767	0.999
RPL3	RPS2	9606.ENSP00000346001	9606.ENSP00000341885	0.102	0.192	0	0	0.961	0.983	0	0.672	0.999
RPL3	UBL7	9606.ENSP00000346001	9606.ENSP00000457703	0	0	0	0	0.218	0.302	0	0	0.430
RPL3	TOP2A	9606.ENSP00000346001	9606.ENSP00000411532	0	0	0	0	0.102	0.187	0	0.295	0.440
RPL3	SURF6	9606.ENSP00000346001	9606.ENSP00000361092	0	0	0	0	0.055	0.489	0	0.107	0.531
RPL3	SRP19	9606.ENSP00000346001	9606.ENSP00000424870	0	0	0	0	0.056	0.895	0	0	0.896
RPL3	RPS27	9606.ENSP00000346001	9606.ENSP00000499044	0	0	0	0	0.857	0.968	0	0.543	0.997
RPL3	RPS26	9606.ENSP00000346001	9606.ENSP00000348849	0	0	0	0	0.940	0.985	0	0.624	0.999
RPL3	RPL31	9606.ENSP00000346001	9606.ENSP00000386717	0	0	0	0	0.924	0.993	0	0.684	0.999
RPL3	RPS3A	9606.ENSP00000346001	9606.ENSP00000346050	0	0	0	0	0.999	0.986	0	0.524	0.999
RPL3	RPSA	9606.ENSP00000346001	9606.ENSP00000389351	0.053	0	0	0	0.959	0.986	0	0.686	0.999
RPL3	RPS25	9606.ENSP00000346001	9606.ENSP00000435096	0	0	0	0	0.947	0.978	0	0.454	0.999
RPL31	SPCS1	9606.ENSP00000386717	9606.ENSP00000233025	0	0	0	0	0.146	0	0.400	0.217	0.564
RPL31	RPL35	9606.ENSP00000386717	9606.ENSP00000259469	0	0	0	0	0.991	0.996	0	0.816	0.999
RPL31	RPS3	9606.ENSP00000386717	9606.ENSP00000278572	0	0	0	0	0.992	0.995	0	0.502	0.999
RPL31	RPS23	9606.ENSP00000386717	9606.ENSP00000296674	0	0	0	0	0.999	0.995	0.900	0.480	0.999
RPL31	SRP9	9606.ENSP00000386717	9606.ENSP00000305230	0	0	0	0	0.112	0.890	0	0.049	0.899
RPL31	RPS15A	9606.ENSP00000386717	9606.ENSP00000318646	0	0	0	0	0.999	0.973	0	0.669	0.999
RPL31	RPL7	9606.ENSP00000386717	9606.ENSP00000339795	0	0	0	0	0.969	0.993	0	0.588	0.999
RPL31	RPS2	9606.ENSP00000386717	9606.ENSP00000341885	0	0	0	0	0.980	0.995	0	0.586	0.999
RPL31	RPS3A	9606.ENSP00000386717	9606.ENSP00000346050	0.075	0	0	0	0.994	0.995	0	0.744	0.999
RPL31	RPS26	9606.ENSP00000386717	9606.ENSP00000348849	0	0	0	0	0.988	0.994	0.900	0.732	0.999
RPL31	TAF1	9606.ENSP00000386717	9606.ENSP00000406549	0	0	0	0	0	0.472	0	0	0.472
RPL31	UBL7	9606.ENSP00000386717	9606.ENSP00000457703	0	0	0	0	0.333	0.419	0	0.070	0.608
RPL31	SRP19	9606.ENSP00000386717	9606.ENSP00000424870	0	0	0	0	0.083	0.881	0	0	0.887
RPL31	RPS27	9606.ENSP00000386717	9606.ENSP00000499044	0	0	0	0	0.968	0.980	0	0.730	0.999
RPL31	RPS25	9606.ENSP00000386717	9606.ENSP00000435096	0	0	0	0	0.991	0.993	0	0.646	0.999
RPL31	RPSA	9606.ENSP00000386717	9606.ENSP00000389351	0.050	0	0	0	0.977	0.995	0	0.371	0.999
RPL35	SPCS1	9606.ENSP00000259469	9606.ENSP00000233025	0	0	0	0	0.147	0	0.400	0	0.466
RPL35	SURF6	9606.ENSP00000259469	9606.ENSP00000361092	0	0	0	0	0.058	0.481	0	0.106	0.525
RPL35	UBL7	9606.ENSP00000259469	9606.ENSP00000457703	0	0	0	0	0.310	0.419	0	0	0.582
RPL35	SRP9	9606.ENSP00000259469	9606.ENSP00000305230	0	0	0	0	0.118	0.893	0	0	0.902
RPL35	SRP19	9606.ENSP00000259469	9606.ENSP00000424870	0	0	0	0	0.117	0.895	0	0	0.903
RPL35	RPS15A	9606.ENSP00000259469	9606.ENSP00000318646	0.091	0	0	0	0.907	0.963	0	0.564	0.998
RPL35	RPS2	9606.ENSP00000259469	9606.ENSP00000341885	0.120	0	0	0	0.964	0.993	0	0.587	0.999
RPL35	RPS25	9606.ENSP00000259469	9606.ENSP00000435096	0	0	0	0	0.972	0.994	0	0.556	0.999
RPL35	RPL7	9606.ENSP00000259469	9606.ENSP00000339795	0.111	0	0	0	0.959	0.996	0	0.512	0.999
RPL35	RPSA	9606.ENSP00000259469	9606.ENSP00000389351	0.045	0	0	0	0.919	0.994	0	0.453	0.999
RPL35	RPS23	9606.ENSP00000259469	9606.ENSP00000296674	0.120	0	0	0	0.989	0.993	0	0.645	0.999
RPL35	RPS3A	9606.ENSP00000259469	9606.ENSP00000346050	0	0	0	0	0.991	0.995	0	0.473	0.999
RPL35	RPS3	9606.ENSP00000259469	9606.ENSP00000278572	0.231	0	0	0	0.991	0.993	0	0.757	0.999
RPL35	RPS27	9606.ENSP00000259469	9606.ENSP00000499044	0	0	0	0	0.960	0.981	0	0.746	0.999
RPL35	RPS26	9606.ENSP00000259469	9606.ENSP00000348849	0	0	0	0	0.990	0.993	0	0.729	0.999
RPL7	SPCS1	9606.ENSP00000339795	9606.ENSP00000233025	0	0	0	0	0.085	0	0.400	0.065	0.441
RPL7	RPS3	9606.ENSP00000339795	9606.ENSP00000278572	0.111	0	0	0	0.961	0.981	0	0.633	0.999
RPL7	RPS23	9606.ENSP00000339795	9606.ENSP00000296674	0.095	0	0	0	0.964	0.985	0	0.615	0.999
RPL7	SRP9	9606.ENSP00000339795	9606.ENSP00000305230	0	0	0	0	0.138	0.893	0	0.069	0.907
RPL7	RPS15A	9606.ENSP00000339795	9606.ENSP00000318646	0.057	0	0	0	0.905	0.954	0	0.456	0.997
RPL7	WDR46	9606.ENSP00000339795	9606.ENSP00000363746	0	0	0	0	0.408	0	0	0	0.408
RPL7	TOP2A	9606.ENSP00000339795	9606.ENSP00000411532	0	0	0	0	0.126	0.190	0	0.245	0.419
RPL7	UBL7	9606.ENSP00000339795	9606.ENSP00000457703	0	0	0	0	0.201	0.295	0	0.067	0.429
RPL7	SURF6	9606.ENSP00000339795	9606.ENSP00000361092	0	0	0	0	0.309	0.488	0	0.292	0.727
RPL7	SRP19	9606.ENSP00000339795	9606.ENSP00000424870	0	0	0	0	0.064	0.881	0	0	0.885
RPL7	RPS27	9606.ENSP00000339795	9606.ENSP00000499044	0	0	0	0	0.925	0.961	0	0.484	0.998
RPL7	RPS3A	9606.ENSP00000339795	9606.ENSP00000346050	0	0	0	0	0.999	0.980	0	0.785	0.999
RPL7	RPS26	9606.ENSP00000339795	9606.ENSP00000348849	0	0	0	0	0.958	0.980	0	0.501	0.999
RPL7	RPS2	9606.ENSP00000339795	9606.ENSP00000341885	0.095	0	0	0	0.958	0.980	0	0.747	0.999
RPL7	RPS25	9606.ENSP00000339795	9606.ENSP00000435096	0	0	0	0	0.958	0.980	0	0.585	0.999
RPL7	RPSA	9606.ENSP00000339795	9606.ENSP00000389351	0	0	0	0	0.960	0.981	0	0.476	0.999
RPS15A	SPCS1	9606.ENSP00000318646	9606.ENSP00000233025	0	0	0	0	0.067	0	0.400	0	0.416
RPS15A	RPS3	9606.ENSP00000318646	9606.ENSP00000278572	0.091	0	0	0	0.926	0.976	0.900	0.705	0.999
RPS15A	RPS23	9606.ENSP00000318646	9606.ENSP00000296674	0.061	0	0	0	0.999	0.990	0.900	0.698	0.999
RPS15A	SRP9	9606.ENSP00000318646	9606.ENSP00000305230	0	0	0	0	0.131	0.840	0	0.158	0.873
RPS15A	UBL7	9606.ENSP00000318646	9606.ENSP00000457703	0	0	0	0	0.257	0.253	0	0.045	0.423
RPS15A	RRBP1	9606.ENSP00000318646	9606.ENSP00000367038	0	0	0	0	0.046	0.091	0	0.456	0.487
RPS15A	TUBB4B	9606.ENSP00000318646	9606.ENSP00000341289	0	0	0	0	0.088	0.227	0	0.383	0.527
RPS15A	SRP19	9606.ENSP00000318646	9606.ENSP00000424870	0	0	0	0	0.098	0.844	0	0	0.854
RPS15A	WDR46	9606.ENSP00000318646	9606.ENSP00000363746	0	0	0	0	0.055	0.920	0.400	0.165	0.957
RPS15A	RPS3A	9606.ENSP00000318646	9606.ENSP00000346050	0	0	0	0	0.949	0.975	0.900	0.736	0.999
RPS15A	RPS27	9606.ENSP00000318646	9606.ENSP00000499044	0	0	0	0	0.897	0.977	0.900	0.762	0.999
RPS15A	RPS26	9606.ENSP00000318646	9606.ENSP00000348849	0	0	0	0	0.926	0.977	0.900	0.525	0.999
RPS15A	RPS25	9606.ENSP00000318646	9606.ENSP00000435096	0	0	0	0	0.926	0.967	0.900	0.682	0.999
RPS15A	RPS2	9606.ENSP00000318646	9606.ENSP00000341885	0.061	0	0	0	0.924	0.990	0.900	0.752	0.999
RPS15A	RPSA	9606.ENSP00000318646	9606.ENSP00000389351	0.052	0	0	0	0.927	0.976	0.900	0.413	0.999
RPS2	SPCS1	9606.ENSP00000341885	9606.ENSP00000233025	0	0	0	0	0.072	0	0.400	0.108	0.459
RPS2	RPS3	9606.ENSP00000341885	9606.ENSP00000278572	0.120	0	0	0	0.991	0.997	0.900	0.925	0.999
RPS2	RPS23	9606.ENSP00000341885	9606.ENSP00000296674	0.111	0	0	0	0.981	0.994	0.900	0.766	0.999
RPS2	TP53I13	9606.ENSP00000341885	9606.ENSP00000301057	0	0	0	0	0.150	0.504	0	0.090	0.583
RPS2	SRP9	9606.ENSP00000341885	9606.ENSP00000305230	0	0	0	0	0.080	0.837	0	0.109	0.856
RPS2	TOP2A	9606.ENSP00000341885	9606.ENSP00000411532	0	0	0	0	0.097	0.188	0	0.292	0.435
RPS2	UBL7	9606.ENSP00000341885	9606.ENSP00000457703	0	0	0	0	0.172	0.313	0	0.091	0.438
RPS2	RRBP1	9606.ENSP00000341885	9606.ENSP00000367038	0	0	0	0	0	0.096	0	0.544	0.570
RPS2	WDR46	9606.ENSP00000341885	9606.ENSP00000363746	0	0	0	0	0.111	0.095	0.800	0	0.825
RPS2	SRP19	9606.ENSP00000341885	9606.ENSP00000424870	0	0	0	0	0.072	0.842	0	0	0.847
RPS2	RPS26	9606.ENSP00000341885	9606.ENSP00000348849	0	0	0	0	0.990	0.995	0.900	0.666	0.999
RPS2	RPS27	9606.ENSP00000341885	9606.ENSP00000499044	0	0	0	0	0.946	0.979	0.900	0.638	0.999
RPS2	RPS3A	9606.ENSP00000341885	9606.ENSP00000346050	0	0	0	0	0.991	0.997	0.900	0.829	0.999
RPS2	RPSA	9606.ENSP00000341885	9606.ENSP00000389351	0.054	0	0	0	0.990	0.997	0.900	0.774	0.999
RPS2	RPS25	9606.ENSP00000341885	9606.ENSP00000435096	0	0	0	0	0.979	0.995	0.900	0.778	0.999
RPS23	SPCS1	9606.ENSP00000296674	9606.ENSP00000233025	0	0	0	0	0.118	0	0.400	0	0.448
RPS23	RPS3	9606.ENSP00000296674	9606.ENSP00000278572	0.120	0	0	0	0.991	0.995	0.900	0.644	0.999
RPS23	UBL7	9606.ENSP00000296674	9606.ENSP00000457703	0	0	0	0	0.258	0.313	0	0	0.468
RPS23	TP53I13	9606.ENSP00000296674	9606.ENSP00000301057	0	0	0	0	0.245	0.504	0	0.204	0.675
RPS23	SRP9	9606.ENSP00000296674	9606.ENSP00000305230	0	0	0	0	0.127	0.817	0	0.079	0.840
RPS23	SRP19	9606.ENSP00000296674	9606.ENSP00000424870	0	0	0	0	0.118	0.842	0	0	0.855
RPS23	WDR46	9606.ENSP00000296674	9606.ENSP00000363746	0	0	0	0	0.087	0.987	0.400	0.085	0.992
RPS23	RPSA	9606.ENSP00000296674	9606.ENSP00000389351	0.053	0	0	0	0.979	0.995	0.900	0.687	0.999
RPS23	RPS25	9606.ENSP00000296674	9606.ENSP00000435096	0	0	0	0	0.981	0.995	0.900	0.643	0.999
RPS23	RPS26	9606.ENSP00000296674	9606.ENSP00000348849	0	0	0	0	0.986	0.995	0.900	0.715	0.999
RPS23	RPS27	9606.ENSP00000296674	9606.ENSP00000499044	0	0	0	0	0.960	0.981	0.900	0.703	0.999
RPS23	RPS3A	9606.ENSP00000296674	9606.ENSP00000346050	0	0	0	0	0.991	0.995	0.900	0.674	0.999
RPS25	SPCS1	9606.ENSP00000435096	9606.ENSP00000233025	0	0	0	0	0.138	0	0.400	0.145	0.519
RPS25	RPS3	9606.ENSP00000435096	9606.ENSP00000278572	0	0	0	0	0.981	0.996	0.900	0.773	0.999
RPS25	SRP9	9606.ENSP00000435096	9606.ENSP00000305230	0	0	0	0	0.149	0.835	0	0	0.854
RPS25	RPS3A	9606.ENSP00000435096	9606.ENSP00000346050	0	0	0	0	0.991	0.996	0.900	0.771	0.999
RPS25	RPS26	9606.ENSP00000435096	9606.ENSP00000348849	0	0	0	0	0.990	0.995	0.900	0.813	0.999
RPS25	RPSA	9606.ENSP00000435096	9606.ENSP00000389351	0	0	0	0	0.978	0.994	0.900	0.745	0.999
RPS25	SRP19	9606.ENSP00000435096	9606.ENSP00000424870	0	0	0	0	0.118	0.840	0	0	0.853
RPS25	UBL7	9606.ENSP00000435096	9606.ENSP00000457703	0	0	0	0	0.429	0.419	0	0.074	0.666
RPS25	RPS27	9606.ENSP00000435096	9606.ENSP00000499044	0	0	0	0	0.959	0.980	0.900	0.805	0.999
RPS26	SPCS1	9606.ENSP00000348849	9606.ENSP00000233025	0	0	0	0	0.169	0	0.400	0	0.480
RPS26	RPS3	9606.ENSP00000348849	9606.ENSP00000278572	0	0	0	0	0.990	0.995	0.900	0.815	0.999
RPS26	SRP9	9606.ENSP00000348849	9606.ENSP00000305230	0	0	0	0	0.087	0.835	0	0	0.843
RPS26	RPS3A	9606.ENSP00000348849	9606.ENSP00000346050	0	0	0	0	0.990	0.997	0.900	0.753	0.999
RPS26	UBL7	9606.ENSP00000348849	9606.ENSP00000457703	0	0	0	0	0.344	0.419	0	0.112	0.632
RPS26	SRP19	9606.ENSP00000348849	9606.ENSP00000424870	0	0	0	0	0.139	0.839	0	0	0.856
RPS26	RPS27	9606.ENSP00000348849	9606.ENSP00000499044	0	0	0	0	0.960	0.969	0.900	0.863	0.999
RPS26	RPSA	9606.ENSP00000348849	9606.ENSP00000389351	0	0	0	0	0.990	0.995	0.900	0.560	0.999
RPS27	SPCS1	9606.ENSP00000499044	9606.ENSP00000233025	0	0	0	0	0.078	0	0.400	0	0.423
RPS27	RPS3	9606.ENSP00000499044	9606.ENSP00000278572	0	0	0	0	0.960	0.981	0.900	0.660	0.999
RPS27	SRP9	9606.ENSP00000499044	9606.ENSP00000305230	0	0	0	0	0.141	0.817	0	0.158	0.856
RPS27	RPS3A	9606.ENSP00000499044	9606.ENSP00000346050	0	0	0	0	0.961	0.981	0.900	0.615	0.999
RPS27	WDR46	9606.ENSP00000499044	9606.ENSP00000363746	0	0	0	0	0.056	0.954	0.400	0	0.971
RPS27	RPSA	9606.ENSP00000499044	9606.ENSP00000389351	0	0	0	0	0.841	0.990	0.900	0.504	0.999
RPS27	SRP19	9606.ENSP00000499044	9606.ENSP00000424870	0	0	0	0	0.080	0.842	0	0	0.848
RPS27	UBL7	9606.ENSP00000499044	9606.ENSP00000457703	0	0	0	0	0.319	0.313	0	0.102	0.543
RPS3	SPCS1	9606.ENSP00000278572	9606.ENSP00000233025	0	0	0	0	0.074	0	0.400	0	0.420
RPS3	SDHB	9606.ENSP00000278572	9606.ENSP00000364649	0	0	0	0	0.122	0	0	0.407	0.458
RPS3	TOP2A	9606.ENSP00000278572	9606.ENSP00000411532	0	0	0	0	0.138	0.232	0	0.368	0.545
RPS3	UBL7	9606.ENSP00000278572	9606.ENSP00000457703	0	0	0	0	0.296	0.419	0	0.102	0.601
RPS3	SRP19	9606.ENSP00000278572	9606.ENSP00000424870	0	0	0	0	0.067	0.840	0	0	0.845
RPS3	SRP9	9606.ENSP00000278572	9606.ENSP00000305230	0	0	0	0	0.110	0.835	0	0.084	0.854
RPS3	RPSA	9606.ENSP00000278572	9606.ENSP00000389351	0.057	0	0	0	0.990	0.996	0.900	0.591	0.999
RPS3	RPS3A	9606.ENSP00000278572	9606.ENSP00000346050	0	0	0	0	0.992	0.995	0.900	0.790	0.999
RPS3A	SPCS1	9606.ENSP00000346050	9606.ENSP00000233025	0	0	0	0	0.073	0	0.400	0	0.420
RPS3A	SRP9	9606.ENSP00000346050	9606.ENSP00000305230	0	0	0	0	0.162	0.835	0	0	0.857
RPS3A	RRBP1	9606.ENSP00000346050	9606.ENSP00000367038	0	0	0	0	0.052	0	0	0.493	0.499
RPS3A	UBL7	9606.ENSP00000346050	9606.ENSP00000457703	0	0	0	0	0.422	0.419	0	0.052	0.654
RPS3A	SRP19	9606.ENSP00000346050	9606.ENSP00000424870	0	0	0	0	0.064	0.840	0	0	0.844
RPS3A	WDR46	9606.ENSP00000346050	9606.ENSP00000363746	0	0	0	0	0.063	0.981	0.400	0	0.989
RPS3A	RPSA	9606.ENSP00000346050	9606.ENSP00000389351	0.105	0	0	0	0.991	0.993	0.900	0.654	0.999
RPSA	SPCS1	9606.ENSP00000389351	9606.ENSP00000233025	0	0	0	0	0.072	0	0.400	0	0.419
RPSA	TP53I13	9606.ENSP00000389351	9606.ENSP00000301057	0	0	0	0	0.111	0.416	0	0	0.458
RPSA	SRP9	9606.ENSP00000389351	9606.ENSP00000305230	0	0	0	0	0.083	0.845	0	0	0.852
RPSA	TOP2A	9606.ENSP00000389351	9606.ENSP00000411532	0	0	0	0	0.116	0	0	0.366	0.416
RPSA	UBL7	9606.ENSP00000389351	9606.ENSP00000457703	0	0	0	0	0.156	0.290	0	0.139	0.439
RPSA	SRP19	9606.ENSP00000389351	9606.ENSP00000424870	0	0	0	0	0.080	0.845	0	0	0.851
RRBP1	SQSTM1	9606.ENSP00000367038	9606.ENSP00000374455	0	0	0	0	0.063	0.132	0.500	0.079	0.575
SAMD1	TAF1	9606.ENSP00000431971	9606.ENSP00000406549	0	0	0	0	0.053	0.437	0	0.157	0.512
SCN3A	WDR35	9606.ENSP00000283254	9606.ENSP00000314444	0	0	0	0	0	0.401	0	0.073	0.420
SDHB	UQCRC2	9606.ENSP00000364649	9606.ENSP00000268379	0	0	0	0	0.832	0.235	0.281	0.976	0.997
SDHB	SURF1	9606.ENSP00000364649	9606.ENSP00000361042	0	0	0	0	0.169	0	0	0.358	0.444
SDHB	TIMM8B	9606.ENSP00000364649	9606.ENSP00000438455	0	0	0	0	0.130	0	0	0.703	0.730
SDHB	SUCLA2	9606.ENSP00000364649	9606.ENSP00000494360	0.115	0.004	0	0	0.652	0.249	0.979	0.598	0.997
SH3BGRL3	TBCK	9606.ENSP00000270792	9606.ENSP00000378198	0	0	0	0	0.042	0	0	0.428	0.429
SH3BGRL3	TXNDC11	9606.ENSP00000270792	9606.ENSP00000349439	0	0	0	0	0	0.046	0	0.434	0.437
SH3BGRL3	TAGLN2	9606.ENSP00000270792	9606.ENSP00000357076	0	0	0	0	0.293	0	0	0.473	0.611
SLC25A30	SLC25A53	9606.ENSP00000429168	9606.ENSP00000468980	0	0	0	0	0.112	0	0	0.451	0.491
SLC26A1	ZBTB42	9606.ENSP00000354721	9606.ENSP00000409107	0	0	0	0	0.128	0.045	0	0.418	0.474
SLC38A9	SLC7A5	9606.ENSP00000380074	9606.ENSP00000261622	0	0	0	0	0.061	0.045	0	0.546	0.557
SLC38A9	SLC66A1	9606.ENSP00000380074	9606.ENSP00000364295	0	0	0	0	0	0	0	0.538	0.538
SLC41A2	SLC7A5	9606.ENSP00000258538	9606.ENSP00000261622	0	0	0	0	0	0	0	0.414	0.414
SLC7A5	SLC7A6	9606.ENSP00000261622	9606.ENSP00000455064	0	0	0.072	0.936	0.044	0	0.500	0.098	0.546
SOCS1	VAC14	9606.ENSP00000496577	9606.ENSP00000261776	0	0	0	0	0.042	0	0.540	0.053	0.546
SPCS1	SRP9	9606.ENSP00000233025	9606.ENSP00000305230	0	0	0	0	0.254	0	0	0.569	0.665
SPCS1	SRP19	9606.ENSP00000233025	9606.ENSP00000424870	0	0	0	0	0.327	0	0	0.573	0.700
SPDL1	TOP2A	9606.ENSP00000265295	9606.ENSP00000411532	0	0	0	0	0.360	0	0	0.124	0.415
SPRED2	SQSTM1	9606.ENSP00000348753	9606.ENSP00000374455	0	0	0	0	0.042	0.625	0	0.083	0.641
SQSTM1	VAC14	9606.ENSP00000374455	9606.ENSP00000261776	0	0	0	0	0.058	0	0	0.661	0.667
SQSTM1	TP53INP1	9606.ENSP00000374455	9606.ENSP00000344215	0	0	0	0	0.055	0.322	0	0.236	0.468
SQSTM1	ZRANB1	9606.ENSP00000374455	9606.ENSP00000352676	0	0	0	0	0	0.311	0	0.177	0.408
SRP19	SRP9	9606.ENSP00000424870	9606.ENSP00000305230	0	0	0	0	0.214	0.997	0.800	0.999	0.999
SRP9	SZRD1	9606.ENSP00000305230	9606.ENSP00000383866	0	0	0	0	0.083	0.157	0	0.531	0.605
SRR	SURF1	9606.ENSP00000339435	9606.ENSP00000361042	0	0	0	0	0.049	0	0.414	0	0.418
SUCLA2	UQCRC2	9606.ENSP00000494360	9606.ENSP00000268379	0	0	0	0	0.534	0.096	0	0.345	0.700
SUCLA2	SURF1	9606.ENSP00000494360	9606.ENSP00000361042	0	0	0	0	0.056	0	0	0.482	0.490
SURF1	UQCRC2	9606.ENSP00000361042	9606.ENSP00000268379	0.095	0	0	0	0.061	0.190	0	0.382	0.517
SURF1	SURF2	9606.ENSP00000361042	9606.ENSP00000361032	0	0	0	0	0.063	0	0	0.962	0.963
SURF1	SURF6	9606.ENSP00000361042	9606.ENSP00000361092	0	0	0	0	0.042	0	0	0.797	0.798
SURF2	SURF6	9606.ENSP00000361032	9606.ENSP00000361092	0	0	0	0	0.084	0	0	0.839	0.847
SURF6	WDR46	9606.ENSP00000361092	9606.ENSP00000363746	0	0	0	0	0.716	0	0	0.201	0.763
TAF1	TAF15	9606.ENSP00000406549	9606.ENSP00000474096	0	0	0	0	0.082	0	0.500	0.095	0.548
TAGLN2	TUBB4B	9606.ENSP00000357076	9606.ENSP00000341289	0	0	0	0	0.191	0.257	0	0.180	0.464
TEDC1	TMEM121	9606.ENSP00000376307	9606.ENSP00000376304	0	0	0	0	0.064	0	0	0.515	0.526
THG1L	ZNF524	9606.ENSP00000231198	9606.ENSP00000466907	0	0	0	0	0.047	0.554	0	0	0.556
TIMM17B	UQCRC2	9606.ENSP00000379999	9606.ENSP00000268379	0	0	0	0	0.235	0.128	0	0.177	0.403
TIMM17B	TIMM8B	9606.ENSP00000379999	9606.ENSP00000438455	0	0	0	0	0.136	0	0	0.549	0.594
TMEM134	TMEM54	9606.ENSP00000312615	9606.ENSP00000362562	0	0	0	0	0.047	0	0	0.400	0.404
TMEM234	TMEM63B	9606.ENSP00000309792	9606.ENSP00000259746	0	0	0	0	0.049	0	0	0.435	0.440
TOP2A	UHRF1	9606.ENSP00000411532	9606.ENSP00000479617	0	0	0	0	0.509	0.301	0	0.613	0.855
TPCN2	WDR35	9606.ENSP00000294309	9606.ENSP00000314444	0	0	0	0	0	0.401	0	0.073	0.420
TRAPPC12	TRAPPC2B	9606.ENSP00000324318	9606.ENSP00000469888	0	0	0	0	0	0.610	0.540	0.174	0.838
TRAPPC12	TRAPPC13	9606.ENSP00000324318	9606.ENSP00000409231	0	0	0	0	0	0.811	0.800	0.954	0.998
TRAPPC13	TRAPPC2B	9606.ENSP00000409231	9606.ENSP00000469888	0	0	0	0	0.115	0.609	0.540	0.240	0.862
TUBB4B	TUBGCP3	9606.ENSP00000341289	9606.ENSP00000261965	0	0	0	0	0.047	0.185	0	0.290	0.401
TUBGCP3	TUBGCP5	9606.ENSP00000261965	9606.ENSP00000480316	0	0	0	0.554	0.056	0.992	0.540	0.938	0.999
UBL7	ZNF428	9606.ENSP00000457703	9606.ENSP00000300811	0	0	0	0	0.049	0	0	0.709	0.711
UBN1	ZNF592	9606.ENSP00000262376	9606.ENSP00000452877	0	0	0	0	0.456	0	0	0	0.456
UCP2	UQCRC2	9606.ENSP00000499695	9606.ENSP00000268379	0	0	0	0	0	0	0	0.722	0.722
UPF2	UPF3B	9606.ENSP00000348708	9606.ENSP00000276201	0	0	0	0	0.184	0.999	0.900	0.999	0.999
ZNF420	ZNF567	9606.ENSP00000338770	9606.ENSP00000441838	0	0	0.066	0.909	0.435	0	0	0.071	0.467
ZNF512B	ZNF768	9606.ENSP00000358904	9606.ENSP00000369777	0	0	0	0	0.164	0	0	0.339	0.423
