gene_id,WGCNA_Module
ENSG00000198938,dimgrey
ENSG00000125148,dimgrey
ENSG00000228253,gainsboro
ENSG00000198840,white
ENSG00000210082,gainsboro
ENSG00000198886,dimgrey
ENSG00000100097,dimgrey
ENSG00000198712,dimgrey
ENSG00000211459,white
ENSG00000026025,darkgrey
ENSG00000198899,dimgrey
ENSG00000108821,snow
ENSG00000156508,darkgrey
ENSG00000198727,darkgrey
ENSG00000075624,darkgrey
ENSG00000087086,darkgrey
ENSG00000133112,dimgrey
ENSG00000034510,darkgrey
ENSG00000205542,darkgrey
ENSG00000135404,dimgrey
ENSG00000177954,darkgrey
ENSG00000198763,darkgrey
ENSG00000115414,darkgrey
ENSG00000198888,darkgrey
ENSG00000197956,lightgrey
ENSG00000197756,darkgrey
ENSG00000182718,dimgrey
ENSG00000137818,darkgrey
ENSG00000245532,darkgrey
ENSG00000136026,lightgrey
ENSG00000138326,lightcoral
ENSG00000196924,white
ENSG00000231500,darkgrey
ENSG00000106211,white
ENSG00000102265,darkgrey
ENSG00000092841,dimgrey
ENSG00000074800,dimgrey
ENSG00000198786,white
ENSG00000115310,darkgrey
ENSG00000213741,dimgrey
ENSG00000147403,dimgrey
ENSG00000177600,darkgrey
ENSG00000108518,dimgrey
ENSG00000008988,dimgrey
ENSG00000227615,lightcoral
ENSG00000167460,dimgrey
ENSG00000149273,white
ENSG00000167658,gainsboro
ENSG00000134363,darkgrey
ENSG00000145592,darkgrey
ENSG00000143933,dimgrey
ENSG00000089157,darkgrey
ENSG00000113140,dimgrey
ENSG00000223551,darkgrey
ENSG00000091986,gainsboro
ENSG00000115461,darkgrey
ENSG00000177469,dimgrey
ENSG00000128595,dimgrey
ENSG00000130508,darkgrey
ENSG00000171858,darkgrey
ENSG00000110321,dimgrey
ENSG00000174748,darkgrey
ENSG00000124942,dimgrey
ENSG00000125534,white
ENSG00000198755,dimgrey
ENSG00000161016,darkgrey
ENSG00000144713,darkgrey
ENSG00000108107,darkgrey
ENSG00000106366,dimgrey
ENSG00000164032,dimgrey
ENSG00000103187,lightgrey
ENSG00000142937,lightgrey
ENSG00000171863,darkgrey
ENSG00000142156,gainsboro
ENSG00000172809,darkgrey
ENSG00000164692,darkgrey
ENSG00000026508,darkgrey
ENSG00000105193,darkgrey
ENSG00000166441,lightcoral
ENSG00000063177,dimgrey
ENSG00000160789,dimgrey
ENSG00000221983,darkgrey
ENSG00000196262,dimgrey
ENSG00000100316,lightgrey
ENSG00000198804,dimgrey
ENSG00000089009,darkgrey
ENSG00000125691,darkgrey
ENSG00000173812,darkgrey
ENSG00000087460,darkgrey
ENSG00000158710,white
ENSG00000137154,dimgrey
ENSG00000293293,white
ENSG00000148303,darkgrey
ENSG00000132341,dimgrey
ENSG00000215030,whitesmoke
ENSG00000110700,darkgrey
ENSG00000167526,darkgrey
ENSG00000198467,darkgrey
ENSG00000115268,dimgrey
ENSG00000112306,gainsboro
ENSG00000067225,dimgrey
ENSG00000249992,dimgrey
ENSG00000174444,darkgrey
ENSG00000137309,dimgrey
ENSG00000141753,gainsboro
ENSG00000204628,whitesmoke
ENSG00000169715,lightgrey
ENSG00000105974,darkgrey
ENSG00000198695,darkgrey
ENSG00000096384,dimgrey
ENSG00000122786,darkgrey
ENSG00000088986,dimgrey
ENSG00000142534,darkgrey
ENSG00000149806,dimgrey
ENSG00000142676,firebrick
ENSG00000163466,darkgrey
ENSG00000119335,dimgrey
ENSG00000088247,lightcoral
ENSG00000100345,darkgrey
ENSG00000075415,darkgrey
ENSG00000083845,darkgrey
ENSG00000109971,darkgrey
ENSG00000233927,darkgrey
ENSG00000088832,dimgrey
ENSG00000229119,dimgrey
ENSG00000108298,darkgrey
ENSG00000163682,darkgrey
ENSG00000080824,darkgrey
ENSG00000142541,darkgrey
ENSG00000168028,darkgrey
ENSG00000050165,darkgrey
ENSG00000105640,darkgrey
ENSG00000105438,white
ENSG00000139644,dimgrey
ENSG00000162576,dimgrey
ENSG00000162734,dimgrey
ENSG00000189343,whitesmoke
ENSG00000229117,dimgrey
ENSG00000163430,darkgrey
ENSG00000182899,darkgrey
ENSG00000167552,gainsboro
ENSG00000197958,darkgrey
ENSG00000132432,dimgrey
ENSG00000090621,darkgrey
ENSG00000068697,white
ENSG00000071082,darkgrey
ENSG00000136942,darkgrey
ENSG00000189403,dimgrey
ENSG00000122406,darkgrey
ENSG00000130255,darkgrey
ENSG00000067560,lightgrey
ENSG00000244398,firebrick
ENSG00000242299,darkgrey
ENSG00000226532,whitesmoke
ENSG00000131236,lightgrey
ENSG00000126247,white
ENSG00000177697,dimgrey
ENSG00000134294,dimgrey
ENSG00000212907,dimgrey
ENSG00000111669,dimgrey
ENSG00000185787,dimgrey
ENSG00000197043,white
ENSG00000137831,darkgrey
ENSG00000117632,dimgrey
ENSG00000115963,darkgrey
ENSG00000143761,dimgrey
ENSG00000077549,dimgrey
ENSG00000149257,darkgrey
ENSG00000169567,dimgrey
ENSG00000168374,dimgrey
ENSG00000140988,darkgrey
ENSG00000136810,darkgrey
ENSG00000084234,white
ENSG00000147065,dimgrey
ENSG00000159674,white
ENSG00000172757,dimgrey
ENSG00000136238,dimgrey
ENSG00000139239,whitesmoke
ENSG00000116260,dimgrey
ENSG00000142173,firebrick
ENSG00000227081,firebrick
ENSG00000150938,darkgrey
ENSG00000136240,darkgrey
ENSG00000185201,white
ENSG00000131711,firebrick
ENSG00000197081,firebrick
ENSG00000248527,darkgrey
ENSG00000167283,dimgrey
ENSG00000035862,dimgrey
ENSG00000143947,gainsboro
ENSG00000114391,darkgrey
ENSG00000220842,whitesmoke
ENSG00000181163,dimgrey
ENSG00000179222,darkgrey
ENSG00000164713,darkgrey
ENSG00000234742,firebrick
ENSG00000134590,dimgrey
ENSG00000147604,darkgrey
ENSG00000113739,gainsboro
ENSG00000210196,darkgrey
ENSG00000187514,gainsboro
ENSG00000057019,brown
ENSG00000101335,gainsboro
ENSG00000115677,darkgrey
ENSG00000102144,darkgrey
ENSG00000134419,dimgrey
ENSG00000131469,darkgrey
ENSG00000165119,dimgrey
ENSG00000164405,darkgrey
ENSG00000008952,whitesmoke
ENSG00000197728,darkgrey
ENSG00000232573,whitesmoke
ENSG00000164111,darkgrey
ENSG00000244245,firebrick
ENSG00000105221,white
ENSG00000112695,dimgrey
ENSG00000130985,white
ENSG00000117519,darkgrey
ENSG00000157613,dimgrey
ENSG00000185088,dimgrey
ENSG00000070087,darkgrey
ENSG00000065978,darkgrey
ENSG00000169504,darkgrey
ENSG00000167601,snow
ENSG00000159140,snow
ENSG00000142089,gainsboro
ENSG00000162244,dimgrey
ENSG00000233762,lightcoral
ENSG00000124172,darkgrey
ENSG00000162614,darkgrey
ENSG00000069275,snow
ENSG00000110651,gainsboro
ENSG00000058668,darkgrey
ENSG00000250321,darkgrey
ENSG00000154518,lightgrey
ENSG00000085063,dimgrey
ENSG00000113721,darkgrey
ENSG00000124762,dimgrey
ENSG00000137076,dimgrey
ENSG00000153317,dimgrey
ENSG00000237973,firebrick
ENSG00000123562,lightgrey
ENSG00000072110,dimgrey
ENSG00000132475,dimgrey
ENSG00000140264,dimgrey
ENSG00000185650,dimgrey
ENSG00000187109,darkgrey
ENSG00000213442,dimgrey
ENSG00000135318,lightgrey
ENSG00000185641,whitesmoke
ENSG00000159335,gainsboro
ENSG00000158864,lightcoral
ENSG00000139289,dimgrey
ENSG00000166913,dimgrey
ENSG00000089280,dimgrey
ENSG00000013297,darkgrey
ENSG00000198959,darkgrey
ENSG00000163468,dimgrey
ENSG00000131747,gainsboro
ENSG00000196683,dimgrey
ENSG00000226396,lightcoral
ENSG00000177700,darkgrey
ENSG00000197746,lightgrey
ENSG00000104904,dimgrey
ENSG00000118523,darkgrey
ENSG00000084207,white
ENSG00000189043,darkgrey
ENSG00000106153,lightcoral
ENSG00000159377,lightgrey
ENSG00000070756,gainsboro
ENSG00000143384,dimgrey
ENSG00000166681,dimgrey
ENSG00000184840,lightcoral
ENSG00000099817,lightcoral
ENSG00000143549,dimgrey
ENSG00000196531,darkgrey
ENSG00000122026,darkgrey
ENSG00000197632,lightgrey
ENSG00000210049,white
ENSG00000185129,firebrick
ENSG00000101608,dimgrey
ENSG00000132963,dimgrey
ENSG00000116288,darkgrey
ENSG00000176340,dimgrey
ENSG00000164924,dimgrey
ENSG00000239559,whitesmoke
ENSG00000229659,whitesmoke
ENSG00000255302,darkgrey
ENSG00000106803,darkgrey
ENSG00000136156,dimgrey
ENSG00000100234,dimgrey
ENSG00000164587,dimgrey
ENSG00000134825,dimgrey
ENSG00000134531,dimgrey
ENSG00000182481,dimgrey
ENSG00000181019,dimgrey
ENSG00000125844,white
ENSG00000089220,firebrick
ENSG00000164442,darkgrey
ENSG00000108671,darkgrey
ENSG00000166598,gainsboro
ENSG00000187498,darkgrey
ENSG00000162909,dimgrey
ENSG00000168385,darkgrey
ENSG00000163191,white
ENSG00000141002,gainsboro
ENSG00000122862,dimgrey
ENSG00000138668,darkgrey
ENSG00000138758,gainsboro
ENSG00000120708,darkgrey
ENSG00000163359,dimgrey
ENSG00000150991,darkgrey
ENSG00000182197,darkgrey
ENSG00000184900,lightcoral
ENSG00000288920,whitesmoke
ENSG00000008018,darkgrey
ENSG00000167522,darkgrey
ENSG00000160213,dimgrey
ENSG00000213585,dimgrey
ENSG00000076043,darkgrey
ENSG00000172301,lightcoral
ENSG00000093010,dimgrey
ENSG00000143198,dimgrey
ENSG00000140319,darkgrey
ENSG00000182670,darkgrey
ENSG00000244313,firebrick
ENSG00000150687,gainsboro
ENSG00000067167,darkgrey
ENSG00000131981,darkgrey
ENSG00000143321,gainsboro
ENSG00000011465,darkgrey
ENSG00000124191,dimgrey
ENSG00000176788,darkgrey
ENSG00000125868,darkgrey
ENSG00000152795,dimgrey
ENSG00000101182,dimgrey
ENSG00000008394,darkgrey
ENSG00000113732,dimgrey
ENSG00000065308,dimgrey
ENSG00000111142,indianred
ENSG00000236552,firebrick
ENSG00000147649,dimgrey
ENSG00000144381,darkgrey
ENSG00000175390,darkgrey
ENSG00000182492,darkgrey
ENSG00000105887,dimgrey
ENSG00000129116,gainsboro
ENSG00000173457,dimgrey
ENSG00000135862,darkgrey
ENSG00000235162,darkgrey
ENSG00000214535,snow
ENSG00000141367,lightgrey
ENSG00000241553,whitesmoke
ENSG00000164346,whitesmoke
ENSG00000126067,dimgrey
ENSG00000140545,gainsboro
ENSG00000134871,gainsboro
ENSG00000198242,dimgrey
ENSG00000145741,lightgrey
ENSG00000105401,lightcoral
ENSG00000283041,darkgrey
ENSG00000145425,darkgrey
ENSG00000110880,dimgrey
ENSG00000198431,lightgrey
ENSG00000205871,whitesmoke
ENSG00000128591,lightgrey
ENSG00000148834,lightgrey
ENSG00000164104,darkgrey
ENSG00000277443,darkgrey
ENSG00000122566,dimgrey
ENSG00000124795,whitesmoke
ENSG00000137575,dimgrey
ENSG00000198034,firebrick
ENSG00000009307,dimgrey
ENSG00000229638,whitesmoke
ENSG00000183741,white
ENSG00000100804,dimgrey
ENSG00000131116,white
ENSG00000113083,darkgrey
ENSG00000170348,dimgrey
ENSG00000116489,darkgrey
ENSG00000212802,whitesmoke
ENSG00000163453,darkgrey
ENSG00000087245,darkgrey
ENSG00000142864,darkgrey
ENSG00000198668,lightgrey
ENSG00000162889,dimgrey
ENSG00000111328,lightgrey
ENSG00000197256,darkgrey
ENSG00000074842,dimgrey
ENSG00000167088,dimgrey
ENSG00000136830,dimgrey
ENSG00000173660,darkgrey
ENSG00000100243,dimgrey
ENSG00000179010,darkgrey
ENSG00000167978,dimgrey
ENSG00000146677,dimgrey
ENSG00000118680,darkgrey
ENSG00000092199,dimgrey
ENSG00000008441,white
ENSG00000120913,lightcoral
ENSG00000134013,gainsboro
ENSG00000164733,dimgrey
ENSG00000100201,dimgrey
ENSG00000113407,lightgrey
ENSG00000129562,dimgrey
ENSG00000197061,gainsboro
ENSG00000131051,darkgrey
ENSG00000218426,firebrick
ENSG00000133816,dimgrey
ENSG00000146674,darkgrey
ENSG00000135047,darkgrey
ENSG00000078369,dimgrey
ENSG00000101150,lightcoral
ENSG00000118816,darkgrey
ENSG00000112081,lightgrey
ENSG00000147274,dimgrey
ENSG00000156467,whitesmoke
ENSG00000048828,dimgrey
ENSG00000163584,darkgrey
ENSG00000112697,darkgrey
ENSG00000168092,dimgrey
ENSG00000057608,dimgrey
ENSG00000198363,darkgrey
ENSG00000071127,darkgrey
ENSG00000231940,whitesmoke
ENSG00000168066,dimgrey
ENSG00000011028,dimgrey
ENSG00000137801,lightgrey
ENSG00000214548,darkgrey
ENSG00000196504,snow
ENSG00000089597,white
ENSG00000167325,darkgrey
ENSG00000102172,dimgrey
ENSG00000089693,white
ENSG00000125968,lightgrey
ENSG00000130147,gainsboro
ENSG00000173915,darkgrey
ENSG00000069849,darkgrey
ENSG00000172216,dimgrey
ENSG00000150093,darkgrey
ENSG00000165280,gainsboro
ENSG00000165732,dimgrey
ENSG00000204262,darkgrey
ENSG00000049323,darkgrey
ENSG00000236824,darkgrey
ENSG00000008838,firebrick
ENSG00000117592,darkgrey
ENSG00000125995,dimgrey
ENSG00000158195,dimgrey
ENSG00000173706,gainsboro
ENSG00000105568,lightgrey
ENSG00000119681,lightgrey
ENSG00000126457,white
ENSG00000185551,gainsboro
ENSG00000197102,firebrick
ENSG00000124145,dimgrey
ENSG00000108946,dimgrey
ENSG00000116754,darkgrey
ENSG00000100764,white
ENSG00000107223,darkgrey
ENSG00000114942,dimgrey
ENSG00000115053,brown
ENSG00000213626,darkgrey
ENSG00000107372,darkgrey
ENSG00000107438,dimgrey
ENSG00000108654,darkgrey
ENSG00000175063,dimgrey
ENSG00000138674,gainsboro
ENSG00000138760,darkgrey
ENSG00000182944,darkgrey
ENSG00000184640,dimgrey
ENSG00000164040,white
ENSG00000105372,gainsboro
ENSG00000044574,dimgrey
ENSG00000153187,dimgrey
ENSG00000134308,dimgrey
ENSG00000113648,dimgrey
ENSG00000177156,lightgrey
ENSG00000110955,darkgrey
ENSG00000117395,whitesmoke
ENSG00000181104,darkgrey
ENSG00000136485,gainsboro
ENSG00000127603,darkgrey
ENSG00000142192,whitesmoke
ENSG00000067182,dimgrey
ENSG00000075785,dimgrey
ENSG00000170759,darkgrey
ENSG00000013810,dimgrey
ENSG00000099783,lightgrey
ENSG00000119707,whitesmoke
ENSG00000110958,darkgrey
ENSG00000096746,dimgrey
ENSG00000161547,dimgrey
ENSG00000197965,lightgrey
ENSG00000110092,dimgrey
ENSG00000240463,whitesmoke
ENSG00000137409,dimgrey
ENSG00000144136,dimgrey
ENSG00000179091,lightgrey
ENSG00000169213,gainsboro
ENSG00000196419,darkgrey
ENSG00000075618,dimgrey
ENSG00000116649,dimgrey
ENSG00000188612,dimgrey
ENSG00000183255,darkgrey
ENSG00000172428,lightgrey
ENSG00000186468,darkgrey
ENSG00000196141,dimgrey
ENSG00000135919,brown
ENSG00000144674,darkgrey
ENSG00000127616,darkgrey
ENSG00000146425,dimgrey
ENSG00000127184,darkgrey
ENSG00000174437,dimgrey
ENSG00000142669,dimgrey
ENSG00000154096,dimgrey
ENSG00000115415,dimgrey
ENSG00000108344,white
ENSG00000136930,dimgrey
ENSG00000197747,lightgrey
ENSG00000170275,dimgrey
ENSG00000134352,darkgrey
ENSG00000100353,lightcoral
ENSG00000169020,firebrick
ENSG00000077782,gainsboro
ENSG00000138119,darkgrey
ENSG00000172590,lightgrey
ENSG00000135046,darkgrey
ENSG00000140575,dimgrey
ENSG00000196576,white
ENSG00000168003,darkgrey
ENSG00000132424,darkgrey
ENSG00000143252,dimgrey
ENSG00000144810,gainsboro
ENSG00000125753,dimgrey
ENSG00000100387,dimgrey
ENSG00000132824,darkgrey
ENSG00000171867,lightgrey
ENSG00000105281,dimgrey
ENSG00000035403,dimgrey
ENSG00000162704,lightgrey
ENSG00000104765,darkgrey
ENSG00000122641,firebrick
ENSG00000178988,white
ENSG00000077380,dimgrey
ENSG00000091409,brown
ENSG00000126458,lightcoral
ENSG00000196656,firebrick
ENSG00000140416,darkgrey
ENSG00000166226,dimgrey
ENSG00000060339,darkgrey
ENSG00000141905,gainsboro
ENSG00000163931,firebrick
ENSG00000128656,dimgrey
ENSG00000125743,darkgrey
ENSG00000136527,dimgrey
ENSG00000165916,whitesmoke
ENSG00000074695,whitesmoke
ENSG00000170027,dimgrey
ENSG00000108774,lightcoral
ENSG00000226360,whitesmoke
ENSG00000034152,dimgrey
ENSG00000143977,dimgrey
ENSG00000159167,brown
ENSG00000188243,dimgrey
ENSG00000230734,dimgrey
ENSG00000070423,lightcoral
ENSG00000086598,darkgrey
ENSG00000213280,lightcoral
ENSG00000005022,darkgrey
ENSG00000117362,white
ENSG00000106263,darkgrey
ENSG00000111799,darkgrey
ENSG00000129128,dimgrey
ENSG00000087274,dimgrey
ENSG00000135390,dimgrey
ENSG00000147140,darkgrey
ENSG00000153904,gainsboro
ENSG00000152234,darkgrey
ENSG00000131143,darkgrey
ENSG00000184007,gainsboro
ENSG00000151914,darkgrey
ENSG00000236844,whitesmoke
ENSG00000135486,darkgrey
ENSG00000137970,dimgrey
ENSG00000038219,whitesmoke
ENSG00000083312,gainsboro
ENSG00000121774,dimgrey
ENSG00000163479,white
ENSG00000070614,indianred
ENSG00000086061,darkgrey
ENSG00000103502,dimgrey
ENSG00000129250,white
ENSG00000118181,darkgrey
ENSG00000149357,dimgrey
ENSG00000039560,darkgrey
ENSG00000065135,dimgrey
ENSG00000109861,dimgrey
ENSG00000111676,firebrick
ENSG00000110696,darkgrey
ENSG00000119655,dimgrey
ENSG00000134057,dimgrey
ENSG00000161203,dimgrey
ENSG00000115091,lightgrey
ENSG00000244509,white
ENSG00000115866,dimgrey
ENSG00000164096,darkgrey
ENSG00000189171,lightcoral
ENSG00000106609,dimgrey
ENSG00000170017,lightgrey
ENSG00000100401,dimgrey
ENSG00000101558,lightgrey
ENSG00000176014,white
ENSG00000169813,dimgrey
ENSG00000011304,dimgrey
ENSG00000087077,darkgrey
ENSG00000109332,dimgrey
ENSG00000114353,gainsboro
ENSG00000149547,dimgrey
ENSG00000073921,darkgrey
ENSG00000116209,darkgrey
ENSG00000154734,darkgrey
ENSG00000148229,dimgrey
ENSG00000162736,dimgrey
ENSG00000170876,dimgrey
ENSG00000112514,dimgrey
ENSG00000140612,dimgrey
ENSG00000060138,darkgrey
ENSG00000156411,darkgrey
ENSG00000213625,darkgrey
ENSG00000242071,firebrick
ENSG00000013364,white
ENSG00000108424,gainsboro
ENSG00000114850,darkgrey
ENSG00000085662,dimgrey
ENSG00000114354,darkgrey
ENSG00000127837,dimgrey
ENSG00000171530,white
ENSG00000197157,dimgrey
ENSG00000084623,firebrick
ENSG00000173113,dimgrey
ENSG00000240652,firebrick
ENSG00000102317,darkgrey
ENSG00000109099,dimgrey
ENSG00000130635,gainsboro
ENSG00000175215,gainsboro
ENSG00000198258,gainsboro
ENSG00000260032,lightgrey
ENSG00000119048,dimgrey
ENSG00000155506,dimgrey
ENSG00000154582,darkgrey
ENSG00000172380,darkgrey
ENSG00000198604,snow
ENSG00000064393,lightgrey
ENSG00000068366,lightgrey
ENSG00000131100,dimgrey
ENSG00000145012,darkgrey
ENSG00000113719,dimgrey
ENSG00000122218,darkgrey
ENSG00000145817,darkgrey
ENSG00000170855,indianred
ENSG00000125520,dimgrey
ENSG00000062716,darkgrey
ENSG00000115806,darkgrey
ENSG00000104332,gainsboro
ENSG00000189159,dimgrey
ENSG00000112977,lightgrey
ENSG00000175166,dimgrey
ENSG00000269821,whitesmoke
ENSG00000122359,gainsboro
ENSG00000125356,snow
ENSG00000178980,lightcoral
ENSG00000198682,darkgrey
ENSG00000095139,darkgrey
ENSG00000115355,darkgrey
ENSG00000170961,lightgrey
ENSG00000231767,whitesmoke
ENSG00000187079,darkgrey
ENSG00000149480,white
ENSG00000170919,firebrick
ENSG00000224877,dimgrey
ENSG00000117298,lightcoral
ENSG00000197702,darkgrey
ENSG00000253626,lightcoral
ENSG00000169976,lightcoral
ENSG00000133226,darkgrey
ENSG00000142871,dimgrey
ENSG00000167863,whitesmoke
ENSG00000017797,darkgrey
ENSG00000122861,brown
ENSG00000175416,dimgrey
ENSG00000138675,dimgrey
ENSG00000205581,darkgrey
ENSG00000122729,dimgrey
ENSG00000131174,darkgrey
ENSG00000166963,whitesmoke
ENSG00000279483,darkgrey
ENSG00000114902,darkgrey
ENSG00000173726,lightgrey
ENSG00000146701,dimgrey
ENSG00000165283,lightgrey
ENSG00000140941,darkgrey
ENSG00000174780,snow
ENSG00000137710,whitesmoke
ENSG00000149948,dimgrey
ENSG00000024422,gainsboro
ENSG00000025772,dimgrey
ENSG00000168653,darkgrey
ENSG00000136149,whitesmoke
ENSG00000116729,lightgrey
ENSG00000137267,darkgrey
ENSG00000067057,dimgrey
ENSG00000104388,darkgrey
ENSG00000135723,white
ENSG00000023734,lightgrey
ENSG00000079819,gainsboro
ENSG00000198843,dimgrey
ENSG00000213639,darkgrey
ENSG00000111481,dimgrey
ENSG00000105254,dimgrey
ENSG00000138069,darkgrey
ENSG00000157227,dimgrey
ENSG00000115541,lightgrey
ENSG00000117984,firebrick
ENSG00000165629,darkgrey
ENSG00000166130,darkgrey
ENSG00000178209,dimgrey
ENSG00000100644,darkgrey
ENSG00000115758,dimgrey
ENSG00000130164,dimgrey
ENSG00000077097,dimgrey
ENSG00000122257,darkgrey
ENSG00000148484,dimgrey
ENSG00000242372,lightcoral
ENSG00000167986,gainsboro
ENSG00000091136,darkgrey
ENSG00000164919,indianred
ENSG00000103363,gainsboro
ENSG00000127922,darkgrey
ENSG00000251562,darkgrey
ENSG00000065518,lightgrey
ENSG00000100219,dimgrey
ENSG00000175220,gainsboro
ENSG00000228474,darkgrey
ENSG00000091039,darkgrey
ENSG00000070961,dimgrey
ENSG00000102119,dimgrey
ENSG00000105185,darkgrey
ENSG00000172667,darkgrey
ENSG00000115738,dimgrey
ENSG00000164292,darkgrey
ENSG00000167110,white
ENSG00000123240,dimgrey
ENSG00000125977,gainsboro
ENSG00000160310,white
ENSG00000061676,darkgrey
ENSG00000126267,gainsboro
ENSG00000232472,firebrick
ENSG00000009954,darkgrey
ENSG00000116560,gainsboro
ENSG00000175745,white
ENSG00000116133,dimgrey
ENSG00000135069,dimgrey
ENSG00000143621,darkgrey
ENSG00000185627,white
ENSG00000109475,whitesmoke
ENSG00000113068,darkgrey
ENSG00000196428,darkgrey
ENSG00000145730,dimgrey
ENSG00000160746,darkgrey
ENSG00000030582,lightgrey
ENSG00000153006,snow
ENSG00000071054,snow
ENSG00000105971,darkgrey
ENSG00000121067,indianred
ENSG00000123144,dimgrey
ENSG00000165410,lightgrey
ENSG00000148773,gainsboro
ENSG00000159228,whitesmoke
ENSG00000184752,darkgrey
ENSG00000144746,dimgrey
ENSG00000197301,dimgrey
ENSG00000106636,dimgrey
ENSG00000049449,darkgrey
ENSG00000204941,darkgrey
ENSG00000101367,dimgrey
ENSG00000166147,dimgrey
ENSG00000065000,whitesmoke
ENSG00000165672,lightgrey
ENSG00000090863,dimgrey
ENSG00000197879,dimgrey
ENSG00000103342,darkgrey
ENSG00000117525,darkgrey
ENSG00000188486,dimgrey
ENSG00000011422,dimgrey
ENSG00000157110,darkgrey
ENSG00000168090,dimgrey
ENSG00000178719,lightcoral
ENSG00000115524,darkgrey
ENSG00000084652,gainsboro
ENSG00000134690,dimgrey
ENSG00000162733,snow
ENSG00000187173,dimgrey
ENSG00000198918,darkgrey
ENSG00000069329,lightgrey
ENSG00000185630,dimgrey
ENSG00000184076,darkgrey
ENSG00000113810,darkgrey
ENSG00000172270,dimgrey
ENSG00000067082,darkgrey
ENSG00000101474,gainsboro
ENSG00000111186,dimgrey
ENSG00000111237,darkgrey
ENSG00000115306,darkgrey
ENSG00000135829,dimgrey
ENSG00000146731,dimgrey
ENSG00000109180,darkgrey
ENSG00000102900,lightcoral
ENSG00000188042,dimgrey
ENSG00000099341,snow
ENSG00000129353,snow
ENSG00000115233,darkgrey
ENSG00000165502,whitesmoke
ENSG00000181061,dimgrey
ENSG00000109046,darkgrey
ENSG00000135387,dimgrey
ENSG00000130827,lightgrey
ENSG00000072274,dimgrey
ENSG00000164054,gainsboro
ENSG00000112739,whitesmoke
ENSG00000128272,firebrick
ENSG00000062485,lightgrey
ENSG00000182534,dimgrey
ENSG00000125821,dimgrey
ENSG00000155660,darkgrey
ENSG00000162434,dimgrey
ENSG00000183087,dimgrey
ENSG00000187735,darkgrey
ENSG00000060237,darkgrey
ENSG00000102054,gainsboro
ENSG00000105202,darkgrey
ENSG00000123131,lightgrey
ENSG00000167470,dimgrey
ENSG00000163297,dimgrey
ENSG00000145050,dimgrey
ENSG00000169714,darkgrey
ENSG00000171848,lightgrey
ENSG00000140497,darkgrey
ENSG00000178952,dimgrey
ENSG00000213593,dimgrey
ENSG00000291105,darkgrey
ENSG00000115641,darkgrey
ENSG00000107341,dimgrey
ENSG00000153113,dimgrey
ENSG00000038382,darkgrey
ENSG00000071626,dimgrey
ENSG00000178982,indianred
ENSG00000180879,darkgrey
ENSG00000293064,firebrick
ENSG00000117411,white
ENSG00000136542,dimgrey
ENSG00000161970,whitesmoke
ENSG00000263266,whitesmoke
ENSG00000115419,dimgrey
ENSG00000138814,dimgrey
ENSG00000112769,snow
ENSG00000100300,lightgrey
ENSG00000124831,darkgrey
ENSG00000126653,darkgrey
ENSG00000177889,dimgrey
ENSG00000221978,darkgrey
ENSG00000007168,darkgrey
ENSG00000082781,dimgrey
ENSG00000084754,darkgrey
ENSG00000089063,dimgrey
ENSG00000113643,darkgrey
ENSG00000138398,whitesmoke
ENSG00000123689,indianred
ENSG00000135316,lightgrey
ENSG00000151923,lightgrey
ENSG00000205352,snow
ENSG00000154380,darkgrey
ENSG00000197894,dimgrey
ENSG00000129083,dimgrey
ENSG00000145907,dimgrey
ENSG00000232112,dimgrey
ENSG00000108854,lightgrey
ENSG00000164932,darkgrey
ENSG00000132780,darkgrey
ENSG00000152127,lightgrey
ENSG00000154978,dimgrey
ENSG00000198355,white
ENSG00000254999,dimgrey
ENSG00000149136,dimgrey
ENSG00000170540,darkgrey
ENSG00000243317,darkgrey
ENSG00000136938,lightgrey
ENSG00000133657,lightgrey
ENSG00000150459,darkgrey
ENSG00000228929,lightcoral
ENSG00000168002,dimgrey
ENSG00000185825,dimgrey
ENSG00000221823,lightcoral
ENSG00000112655,dimgrey
ENSG00000130726,dimgrey
ENSG00000140092,dimgrey
ENSG00000167641,gainsboro
ENSG00000169223,gainsboro
ENSG00000198791,dimgrey
ENSG00000239672,dimgrey
ENSG00000006125,gainsboro
ENSG00000092964,darkgrey
ENSG00000113580,darkgrey
ENSG00000146535,dimgrey
ENSG00000172500,dimgrey
ENSG00000188846,darkgrey
ENSG00000213315,whitesmoke
ENSG00000065150,darkgrey
ENSG00000117724,darkgrey
ENSG00000141526,gainsboro
ENSG00000146223,darkgrey
ENSG00000147027,dimgrey
ENSG00000127445,darkgrey
ENSG00000147955,indianred
ENSG00000180340,white
ENSG00000182004,darkgrey
ENSG00000105755,dimgrey
ENSG00000113621,snow
ENSG00000151893,white
ENSG00000114251,darkgrey
ENSG00000266402,firebrick
ENSG00000050405,gainsboro
ENSG00000108468,darkgrey
ENSG00000197111,dimgrey
ENSG00000222041,lightcoral
ENSG00000097021,darkgrey
ENSG00000242802,dimgrey
ENSG00000106723,dimgrey
ENSG00000185112,darkgrey
ENSG00000115380,darkgrey
ENSG00000197324,darkgrey
ENSG00000104331,dimgrey
ENSG00000010278,dimgrey
ENSG00000103275,darkgrey
ENSG00000143545,snow
ENSG00000157916,dimgrey
ENSG00000119729,gainsboro
ENSG00000153140,lightcoral
ENSG00000164543,dimgrey
ENSG00000130520,dimgrey
ENSG00000134453,darkgrey
ENSG00000180992,darkgrey
ENSG00000155366,darkgrey
ENSG00000080345,darkgrey
ENSG00000111716,dimgrey
ENSG00000169908,dimgrey
ENSG00000277791,lightgrey
ENSG00000121068,darkgrey
ENSG00000170860,dimgrey
ENSG00000173692,darkgrey
ENSG00000125870,dimgrey
ENSG00000198677,darkgrey
ENSG00000130741,dimgrey
ENSG00000134369,gainsboro
ENSG00000141759,lightgrey
ENSG00000100106,darkgrey
ENSG00000116016,darkgrey
ENSG00000163565,gainsboro
ENSG00000183011,dimgrey
ENSG00000005893,white
ENSG00000025796,dimgrey
ENSG00000119185,darkgrey
ENSG00000140374,darkgrey
ENSG00000156471,dimgrey
ENSG00000175592,dimgrey
ENSG00000123975,lightgrey
ENSG00000154370,lightcoral
ENSG00000160679,dimgrey
ENSG00000009335,lightgrey
ENSG00000100664,darkgrey
ENSG00000100934,dimgrey
ENSG00000205339,lightgrey
ENSG00000105058,firebrick
ENSG00000125835,dimgrey
ENSG00000125952,dimgrey
ENSG00000165915,dimgrey
ENSG00000230590,darkgrey
ENSG00000067900,whitesmoke
ENSG00000105323,gainsboro
ENSG00000115694,dimgrey
ENSG00000133030,dimgrey
ENSG00000171634,darkgrey
ENSG00000100280,white
ENSG00000106333,gainsboro
ENSG00000108582,dimgrey
ENSG00000130522,gainsboro
ENSG00000166889,snow
ENSG00000182628,dimgrey
ENSG00000104408,lightgrey
ENSG00000108010,lightgrey
ENSG00000122642,dimgrey
ENSG00000164761,darkgrey
ENSG00000102882,indianred
ENSG00000106628,darkgrey
ENSG00000145555,darkgrey
ENSG00000171865,brown
ENSG00000182158,darkgrey
ENSG00000196611,brown
ENSG00000293057,dimgrey
ENSG00000117691,dimgrey
ENSG00000159202,darkgrey
ENSG00000264229,white
ENSG00000099622,darkgrey
ENSG00000125818,white
ENSG00000137509,white
ENSG00000101266,dimgrey
ENSG00000175550,darkgrey
ENSG00000120742,darkgrey
ENSG00000153071,gainsboro
ENSG00000127914,whitesmoke
ENSG00000134153,lightgrey
ENSG00000143774,white
ENSG00000158417,whitesmoke
ENSG00000111678,dimgrey
ENSG00000126524,lightgrey
ENSG00000145349,darkgrey
ENSG00000158747,dimgrey
ENSG00000168894,dimgrey
ENSG00000221869,gainsboro
ENSG00000114857,darkgrey
ENSG00000147526,dimgrey
ENSG00000163110,dimgrey
ENSG00000176619,lightgrey
ENSG00000074071,indianred
ENSG00000205937,darkgrey
ENSG00000023697,dimgrey
ENSG00000100258,dimgrey
ENSG00000167081,indianred
ENSG00000171421,lightgrey
ENSG00000183431,lightgrey
ENSG00000112335,darkgrey
ENSG00000120802,darkgrey
ENSG00000168036,dimgrey
ENSG00000066044,lightgrey
ENSG00000005007,dimgrey
ENSG00000005339,whitesmoke
ENSG00000008083,darkgrey
ENSG00000087074,dimgrey
ENSG00000088205,whitesmoke
ENSG00000163171,gainsboro
ENSG00000225475,whitesmoke
ENSG00000234741,darkgrey
ENSG00000147416,white
ENSG00000197780,darkgrey
ENSG00000125912,dimgrey
ENSG00000135698,whitesmoke
ENSG00000143183,lightgrey
ENSG00000168137,darkgrey
ENSG00000253352,darkgrey
ENSG00000011426,dimgrey
ENSG00000105220,firebrick
ENSG00000124486,dimgrey
ENSG00000155096,darkgrey
ENSG00000047849,gainsboro
ENSG00000116161,brown
ENSG00000131467,dimgrey
ENSG00000138029,darkgrey
ENSG00000188895,darkgrey
ENSG00000001036,darkgrey
ENSG00000070081,darkgrey
ENSG00000123505,dimgrey
ENSG00000168528,lightcoral
ENSG00000169432,darkgrey
ENSG00000001461,lightgrey
ENSG00000124098,dimgrey
ENSG00000167397,dimgrey
ENSG00000196954,dimgrey
ENSG00000085224,darkgrey
ENSG00000117399,lightgrey
ENSG00000177556,darkgrey
ENSG00000198900,whitesmoke
ENSG00000138071,lightgrey
ENSG00000140682,dimgrey
ENSG00000242125,dimgrey
ENSG00000008282,darkgrey
ENSG00000107758,darkgrey
ENSG00000114861,darkgrey
ENSG00000126698,dimgrey
ENSG00000196154,lightgrey
ENSG00000074416,dimgrey
ENSG00000091640,lightcoral
ENSG00000108848,darkgrey
ENSG00000113649,darkgrey
ENSG00000156639,dimgrey
ENSG00000161544,lightcoral
ENSG00000183779,white
ENSG00000106244,dimgrey
ENSG00000134283,dimgrey
ENSG00000136153,gainsboro
ENSG00000166710,darkgrey
ENSG00000115993,dimgrey
ENSG00000116251,dimgrey
ENSG00000133961,dimgrey
ENSG00000171067,darkgrey
ENSG00000253368,darkgrey
ENSG00000148730,dimgrey
ENSG00000175573,white
ENSG00000084733,darkgrey
ENSG00000095261,dimgrey
ENSG00000128245,darkgrey
ENSG00000183648,lightgrey
ENSG00000196199,firebrick
ENSG00000113013,darkgrey
ENSG00000151461,whitesmoke
ENSG00000154813,darkgrey
ENSG00000155254,white
ENSG00000159720,dimgrey
ENSG00000164402,dimgrey
ENSG00000225972,firebrick
ENSG00000125676,whitesmoke
ENSG00000141580,dimgrey
ENSG00000144028,dimgrey
ENSG00000169021,snow
ENSG00000161281,darkgrey
ENSG00000162923,darkgrey
ENSG00000124222,dimgrey
ENSG00000161638,firebrick
ENSG00000169139,dimgrey
ENSG00000005884,white
ENSG00000129038,lightcoral
ENSG00000130779,darkgrey
ENSG00000143771,dimgrey
ENSG00000174917,dimgrey
ENSG00000115944,lightgrey
ENSG00000101224,darkgrey
ENSG00000113758,dimgrey
ENSG00000124562,darkgrey
ENSG00000179632,white
ENSG00000185651,lightgrey
ENSG00000113657,dimgrey
ENSG00000120254,darkgrey
ENSG00000127483,darkgrey
ENSG00000137210,dimgrey
ENSG00000148926,gainsboro
ENSG00000163634,darkgrey
ENSG00000177105,dimgrey
ENSG00000010610,gainsboro
ENSG00000090266,dimgrey
ENSG00000113361,darkgrey
ENSG00000116005,darkgrey
ENSG00000120265,dimgrey
ENSG00000122884,darkgrey
ENSG00000119669,dimgrey
ENSG00000130826,dimgrey
ENSG00000131473,dimgrey
ENSG00000149196,dimgrey
ENSG00000149932,darkgrey
ENSG00000157637,dimgrey
ENSG00000184557,dimgrey
ENSG00000068489,snow
ENSG00000136521,darkgrey
ENSG00000147419,firebrick
ENSG00000166741,snow
ENSG00000177410,lightgrey
ENSG00000235776,dimgrey
ENSG00000044115,darkgrey
ENSG00000119421,dimgrey
ENSG00000134186,darkgrey
ENSG00000139218,whitesmoke
ENSG00000148634,darkgrey
ENSG00000178741,darkgrey
ENSG00000197694,darkgrey
ENSG00000136045,dimgrey
ENSG00000158669,whitesmoke
ENSG00000105894,darkgrey
ENSG00000118855,lightgrey
ENSG00000141867,gainsboro
ENSG00000143155,dimgrey
ENSG00000143569,lightgrey
ENSG00000170248,lightgrey
ENSG00000003756,darkgrey
ENSG00000174099,dimgrey
ENSG00000051620,darkgrey
ENSG00000139112,gainsboro
ENSG00000140564,dimgrey
ENSG00000145494,darkgrey
ENSG00000197712,darkgrey
ENSG00000213853,darkgrey
ENSG00000241494,firebrick
ENSG00000124201,lightgrey
ENSG00000132842,darkgrey
ENSG00000149100,lightgrey
ENSG00000173418,dimgrey
ENSG00000196535,gainsboro
ENSG00000049656,dimgrey
ENSG00000087586,dimgrey
ENSG00000109685,darkgrey
ENSG00000143753,gainsboro
ENSG00000206053,dimgrey
ENSG00000135679,darkgrey
ENSG00000164291,dimgrey
ENSG00000184232,darkgrey
ENSG00000182827,dimgrey
ENSG00000070814,whitesmoke
ENSG00000128951,darkgrey
ENSG00000130309,dimgrey
ENSG00000162783,dimgrey
ENSG00000171223,darkgrey
ENSG00000266944,whitesmoke
ENSG00000132463,dimgrey
ENSG00000148175,dimgrey
ENSG00000163159,dimgrey
ENSG00000188229,darkgrey
ENSG00000265241,indianred
ENSG00000266412,darkgrey
ENSG00000119537,darkgrey
ENSG00000166311,dimgrey
ENSG00000170515,indianred
ENSG00000172586,darkgrey
ENSG00000269893,lightgrey
ENSG00000038427,darkgrey
ENSG00000157216,snow
ENSG00000167797,white
ENSG00000173402,darkgrey
ENSG00000087087,dimgrey
ENSG00000136732,darkgrey
ENSG00000157778,dimgrey
ENSG00000165678,darkgrey
ENSG00000173221,darkgrey
ENSG00000122068,dimgrey
ENSG00000154277,dimgrey
ENSG00000165655,dimgrey
ENSG00000090273,darkgrey
ENSG00000126254,darkgrey
ENSG00000142230,gainsboro
ENSG00000177733,darkgrey
ENSG00000239306,darkgrey
ENSG00000086065,dimgrey
ENSG00000091527,darkgrey
ENSG00000111540,dimgrey
ENSG00000114867,snow
ENSG00000120833,lightgrey
ENSG00000128524,dimgrey
ENSG00000149187,dimgrey
ENSG00000163017,darkgrey
ENSG00000172115,darkgrey
ENSG00000186432,gainsboro
ENSG00000074696,dimgrey
ENSG00000083444,dimgrey
ENSG00000110108,dimgrey
ENSG00000135956,dimgrey
ENSG00000138180,dimgrey
ENSG00000160209,dimgrey
ENSG00000172336,lightcoral
ENSG00000103769,lightgrey
ENSG00000177707,dimgrey
ENSG00000103196,darkgrey
ENSG00000143401,dimgrey
ENSG00000153976,dimgrey
ENSG00000061273,white
ENSG00000088833,dimgrey
ENSG00000132688,darkgrey
ENSG00000162512,darkgrey
ENSG00000054118,darkgrey
ENSG00000103353,darkgrey
ENSG00000106991,dimgrey
ENSG00000173744,darkgrey
ENSG00000072042,darkgrey
ENSG00000114439,dimgrey
ENSG00000131871,dimgrey
ENSG00000147872,brown
ENSG00000174953,darkgrey
ENSG00000198721,darkgrey
ENSG00000241837,dimgrey
ENSG00000141985,lightcoral
ENSG00000182326,dimgrey
ENSG00000065613,snow
ENSG00000116171,lightgrey
ENSG00000147123,darkgrey
ENSG00000198176,darkgrey
ENSG00000119596,firebrick
ENSG00000168268,dimgrey
ENSG00000178913,dimgrey
ENSG00000213024,dimgrey
ENSG00000255248,darkgrey
ENSG00000113328,darkgrey
ENSG00000136193,darkgrey
ENSG00000184867,darkgrey
ENSG00000198700,white
ENSG00000116120,dimgrey
ENSG00000138279,darkgrey
ENSG00000183287,gainsboro
ENSG00000184990,dimgrey
ENSG00000244754,darkgrey
ENSG00000102158,darkgrey
ENSG00000118705,darkgrey
ENSG00000141551,dimgrey
ENSG00000189241,darkgrey
ENSG00000134884,gainsboro
ENSG00000143368,dimgrey
ENSG00000163513,lightgrey
ENSG00000166949,darkgrey
ENSG00000241685,dimgrey
ENSG00000006042,dimgrey
ENSG00000063245,dimgrey
ENSG00000100196,dimgrey
ENSG00000164611,lightgrey
ENSG00000166012,darkgrey
ENSG00000225921,whitesmoke
ENSG00000101421,dimgrey
ENSG00000102316,dimgrey
ENSG00000103978,dimgrey
ENSG00000175193,firebrick
ENSG00000088325,gainsboro
ENSG00000088930,whitesmoke
ENSG00000157020,gainsboro
ENSG00000164091,dimgrey
ENSG00000169105,dimgrey
ENSG00000169756,darkgrey
ENSG00000196363,dimgrey
ENSG00000243829,whitesmoke
ENSG00000031698,darkgrey
ENSG00000075142,darkgrey
ENSG00000100380,darkgrey
ENSG00000117394,dimgrey
ENSG00000122545,darkgrey
ENSG00000145623,darkgrey
ENSG00000165525,whitesmoke
ENSG00000168273,brown
ENSG00000177606,dimgrey
ENSG00000196498,dimgrey
ENSG00000265972,dimgrey
ENSG00000097033,dimgrey
ENSG00000117410,dimgrey
ENSG00000049239,dimgrey
ENSG00000101856,lightgrey
ENSG00000131876,dimgrey
ENSG00000013306,white
ENSG00000048649,darkgrey
ENSG00000091436,dimgrey
ENSG00000104660,dimgrey
ENSG00000106348,snow
ENSG00000134440,dimgrey
ENSG00000134970,lightgrey
ENSG00000073792,darkgrey
ENSG00000135111,dimgrey
ENSG00000170043,white
ENSG00000041357,darkgrey
ENSG00000054267,whitesmoke
ENSG00000101745,whitesmoke
ENSG00000112667,dimgrey
ENSG00000129187,dimgrey
ENSG00000143878,gainsboro
ENSG00000147164,dimgrey
ENSG00000022277,dimgrey
ENSG00000048544,dimgrey
ENSG00000166803,dimgrey
ENSG00000198121,gainsboro
ENSG00000025800,gainsboro
ENSG00000104979,darkgrey
ENSG00000106615,dimgrey
ENSG00000111640,darkgrey
ENSG00000155229,dimgrey
ENSG00000166033,dimgrey
ENSG00000089685,dimgrey
ENSG00000265808,dimgrey
ENSG00000065154,lightgrey
ENSG00000116871,dimgrey
ENSG00000143256,dimgrey
ENSG00000147224,lightgrey
ENSG00000177565,gainsboro
ENSG00000107581,darkgrey
ENSG00000124767,lightgrey
ENSG00000140262,gainsboro
ENSG00000150457,darkgrey
ENSG00000160710,darkgrey
ENSG00000164484,lightgrey
ENSG00000177200,darkgrey
ENSG00000185222,gainsboro
ENSG00000196628,darkgrey
ENSG00000051128,dimgrey
ENSG00000102401,darkgrey
ENSG00000147889,dimgrey
ENSG00000180398,darkgrey
ENSG00000060982,darkgrey
ENSG00000064419,white
ENSG00000119392,lightcoral
ENSG00000122705,dimgrey
ENSG00000134644,darkgrey
ENSG00000136986,darkgrey
ENSG00000164022,darkgrey
ENSG00000103018,darkgrey
ENSG00000120509,brown
ENSG00000149485,darkgrey
ENSG00000165476,darkgrey
ENSG00000166340,darkgrey
ENSG00000170545,dimgrey
ENSG00000175756,dimgrey
ENSG00000196507,dimgrey
ENSG00000128050,snow
ENSG00000137807,lightgrey
ENSG00000164754,gainsboro
ENSG00000140526,darkgrey
ENSG00000162604,dimgrey
ENSG00000166347,dimgrey
ENSG00000203879,dimgrey
ENSG00000234456,lightgrey
ENSG00000091542,dimgrey
ENSG00000126777,darkgrey
ENSG00000134851,lightgrey
ENSG00000143387,dimgrey
ENSG00000148396,lightgrey
ENSG00000165637,darkgrey
ENSG00000168393,dimgrey
ENSG00000185624,darkgrey
ENSG00000198492,dimgrey
ENSG00000264364,dimgrey
ENSG00000053371,dimgrey
ENSG00000113194,dimgrey
ENSG00000136279,dimgrey
ENSG00000138433,darkgrey
ENSG00000229994,darkgrey
ENSG00000127946,darkgrey
ENSG00000135090,dimgrey
ENSG00000140395,lightgrey
ENSG00000154473,dimgrey
ENSG00000166851,dimgrey
ENSG00000172965,darkgrey
ENSG00000198162,whitesmoke
ENSG00000136802,darkgrey
ENSG00000136824,whitesmoke
ENSG00000146648,darkgrey
ENSG00000152661,darkgrey
ENSG00000152952,darkgrey
ENSG00000089154,firebrick
ENSG00000123983,white
ENSG00000169607,firebrick
ENSG00000188643,dimgrey
ENSG00000065548,lightcoral
ENSG00000100811,gainsboro
ENSG00000105968,dimgrey
ENSG00000120129,darkgrey
ENSG00000122591,darkgrey
ENSG00000197321,darkgrey
ENSG00000071967,lightgrey
ENSG00000106853,darkgrey
ENSG00000143575,lightgrey
ENSG00000177311,lightgrey
ENSG00000118762,dimgrey
ENSG00000135535,darkgrey
ENSG00000143811,dimgrey
ENSG00000157933,dimgrey
ENSG00000157954,dimgrey
ENSG00000058272,darkgrey
ENSG00000087111,lightcoral
ENSG00000106355,darkgrey
ENSG00000111674,gainsboro
ENSG00000138778,whitesmoke
ENSG00000148154,darkgrey
ENSG00000230629,darkgrey
ENSG00000234797,whitesmoke
ENSG00000060749,darkgrey
ENSG00000129245,white
ENSG00000137776,darkgrey
ENSG00000149923,darkgrey
ENSG00000186566,darkgrey
ENSG00000113658,dimgrey
ENSG00000138757,snow
ENSG00000167004,gainsboro
ENSG00000168785,gainsboro
ENSG00000198856,dimgrey
ENSG00000075420,dimgrey
ENSG00000115234,darkgrey
ENSG00000116221,dimgrey
ENSG00000132471,dimgrey
ENSG00000198663,lightgrey
ENSG00000083857,darkgrey
ENSG00000101132,dimgrey
ENSG00000128641,dimgrey
ENSG00000134250,lightgrey
ENSG00000155959,lightgrey
ENSG00000170004,gainsboro
ENSG00000125877,brown
ENSG00000170955,lightcoral
ENSG00000171241,dimgrey
ENSG00000171475,white
ENSG00000187555,dimgrey
ENSG00000072501,gainsboro
ENSG00000125304,white
ENSG00000133216,white
ENSG00000164171,indianred
ENSG00000168685,gainsboro
ENSG00000182154,dimgrey
ENSG00000072958,dimgrey
ENSG00000100632,lightgrey
ENSG00000116017,dimgrey
ENSG00000067066,darkgrey
ENSG00000124570,dimgrey
ENSG00000135272,dimgrey
ENSG00000196923,white
ENSG00000099901,dimgrey
ENSG00000135931,indianred
ENSG00000158435,white
ENSG00000257923,dimgrey
ENSG00000010292,lightgrey
ENSG00000101193,white
ENSG00000127947,darkgrey
ENSG00000134108,dimgrey
ENSG00000139842,dimgrey
ENSG00000162627,dimgrey
ENSG00000272047,gainsboro
ENSG00000065357,white
ENSG00000147010,dimgrey
ENSG00000152518,gainsboro
ENSG00000189320,dimgrey
ENSG00000063660,gainsboro
ENSG00000065243,gainsboro
ENSG00000107984,darkgrey
ENSG00000108100,dimgrey
ENSG00000115760,darkgrey
ENSG00000145860,dimgrey
ENSG00000166508,dimgrey
ENSG00000090857,dimgrey
ENSG00000106105,darkgrey
ENSG00000130638,darkgrey
ENSG00000165733,lightcoral
ENSG00000291080,white
ENSG00000011451,dimgrey
ENSG00000078808,dimgrey
ENSG00000108588,lightgrey
ENSG00000110717,darkgrey
ENSG00000110906,dimgrey
ENSG00000133818,dimgrey
ENSG00000169710,white
ENSG00000037241,darkgrey
ENSG00000099800,dimgrey
ENSG00000100138,dimgrey
ENSG00000165264,lightgrey
ENSG00000177879,dimgrey
ENSG00000066279,darkgrey
ENSG00000086062,dimgrey
ENSG00000120738,darkgrey
ENSG00000129084,darkgrey
ENSG00000139684,darkgrey
ENSG00000140365,darkgrey
ENSG00000142507,dimgrey
ENSG00000143158,dimgrey
ENSG00000163344,darkgrey
ENSG00000168214,lightgrey
ENSG00000197345,dimgrey
ENSG00000197498,whitesmoke
ENSG00000132383,dimgrey
ENSG00000139329,darkgrey
ENSG00000100241,lightcoral
ENSG00000116584,dimgrey
ENSG00000125257,darkgrey
ENSG00000130816,dimgrey
ENSG00000136827,dimgrey
ENSG00000013561,dimgrey
ENSG00000106771,darkgrey
ENSG00000119396,dimgrey
ENSG00000156642,dimgrey
ENSG00000168077,dimgrey
ENSG00000174136,darkgrey
ENSG00000180957,dimgrey
ENSG00000243147,lightgrey
ENSG00000015171,gainsboro
ENSG00000020129,whitesmoke
ENSG00000075239,lightgrey
ENSG00000100216,dimgrey
ENSG00000100739,dimgrey
ENSG00000119408,white
ENSG00000154723,snow
ENSG00000155876,dimgrey
ENSG00000160049,dimgrey
ENSG00000163605,dimgrey
ENSG00000203950,dimgrey
ENSG00000010244,darkgrey
ENSG00000023287,darkgrey
ENSG00000104341,lightgrey
ENSG00000105810,darkgrey
ENSG00000130725,darkgrey
ENSG00000166595,dimgrey
ENSG00000168439,lightcoral
ENSG00000168496,dimgrey
ENSG00000183726,darkgrey
ENSG00000226084,darkgrey
ENSG00000054793,dimgrey
ENSG00000071994,dimgrey
ENSG00000102898,dimgrey
ENSG00000140632,lightgrey
ENSG00000146247,darkgrey
ENSG00000146540,gainsboro
ENSG00000152104,dimgrey
ENSG00000172775,dimgrey
ENSG00000174807,darkgrey
ENSG00000197451,darkgrey
ENSG00000072778,darkgrey
ENSG00000106484,darkgrey
ENSG00000134001,dimgrey
ENSG00000151327,darkgrey
ENSG00000172053,darkgrey
ENSG00000100815,gainsboro
ENSG00000103994,darkgrey
ENSG00000104852,indianred
ENSG00000107833,dimgrey
ENSG00000124766,darkgrey
ENSG00000157483,white
ENSG00000109881,whitesmoke
ENSG00000120333,lightgrey
ENSG00000133318,dimgrey
ENSG00000139433,dimgrey
ENSG00000140943,dimgrey
ENSG00000143924,white
ENSG00000078668,dimgrey
ENSG00000079246,darkgrey
ENSG00000081154,dimgrey
ENSG00000111361,darkgrey
ENSG00000143222,firebrick
ENSG00000143653,dimgrey
ENSG00000070214,dimgrey
ENSG00000115350,darkgrey
ENSG00000120533,darkgrey
ENSG00000122873,dimgrey
ENSG00000130513,white
ENSG00000134686,lightgrey
ENSG00000138107,dimgrey
ENSG00000160714,dimgrey
ENSG00000169180,dimgrey
ENSG00000180304,white
ENSG00000204381,gainsboro
ENSG00000091164,darkgrey
ENSG00000108179,dimgrey
ENSG00000128791,darkgrey
ENSG00000137288,dimgrey
ENSG00000141552,dimgrey
ENSG00000142634,white
ENSG00000149115,dimgrey
ENSG00000162368,darkgrey
ENSG00000185619,dimgrey
ENSG00000203875,dimgrey
ENSG00000215021,darkgrey
ENSG00000075426,dimgrey
ENSG00000086475,darkgrey
ENSG00000101439,dimgrey
ENSG00000106052,darkgrey
ENSG00000117450,lightgrey
ENSG00000128228,lightcoral
ENSG00000137845,darkgrey
ENSG00000183963,dimgrey
ENSG00000197323,snow
ENSG00000004779,dimgrey
ENSG00000107863,darkgrey
ENSG00000119383,dimgrey
ENSG00000136003,whitesmoke
ENSG00000152102,lightgrey
ENSG00000172269,dimgrey
ENSG00000075151,darkgrey
ENSG00000103647,dimgrey
ENSG00000113141,gainsboro
ENSG00000131148,dimgrey
ENSG00000132676,darkgrey
ENSG00000133110,darkgrey
ENSG00000139343,lightgrey
ENSG00000139687,dimgrey
ENSG00000140299,lightgrey
ENSG00000166825,gainsboro
ENSG00000173905,snow
ENSG00000244405,dimgrey
ENSG00000004897,lightgrey
ENSG00000099246,dimgrey
ENSG00000132300,darkgrey
ENSG00000170889,darkgrey
ENSG00000105698,white
ENSG00000133275,lightcoral
ENSG00000142949,darkgrey
ENSG00000157654,darkgrey
ENSG00000175348,dimgrey
ENSG00000092010,darkgrey
ENSG00000126773,darkgrey
ENSG00000131462,white
ENSG00000132912,dimgrey
ENSG00000140367,lightgrey
ENSG00000143013,lightgrey
ENSG00000160211,gainsboro
ENSG00000162623,darkgrey
ENSG00000183520,lightgrey
ENSG00000219274,darkgrey
ENSG00000007866,darkgrey
ENSG00000009844,dimgrey
ENSG00000100554,lightgrey
ENSG00000134779,dimgrey
ENSG00000142227,dimgrey
ENSG00000152601,dimgrey
ENSG00000163840,white
ENSG00000169047,darkgrey
ENSG00000055332,gainsboro
ENSG00000100225,dimgrey
ENSG00000100266,lightgrey
ENSG00000106399,darkgrey
ENSG00000128789,lightgrey
ENSG00000146066,firebrick
ENSG00000102225,white
ENSG00000119812,darkgrey
ENSG00000151929,snow
ENSG00000184216,gainsboro
ENSG00000067248,darkgrey
ENSG00000084112,lightgrey
ENSG00000117523,darkgrey
ENSG00000138061,gainsboro
ENSG00000160551,darkgrey
ENSG00000163814,dimgrey
ENSG00000166165,white
ENSG00000168175,darkgrey
ENSG00000198642,dimgrey
ENSG00000049618,darkgrey
ENSG00000099250,darkgrey
ENSG00000100297,dimgrey
ENSG00000115756,dimgrey
ENSG00000119402,dimgrey
ENSG00000079785,gainsboro
ENSG00000081870,lightgrey
ENSG00000126903,gainsboro
ENSG00000142657,dimgrey
ENSG00000156976,lightgrey
ENSG00000158109,lightgrey
ENSG00000164294,darkgrey
ENSG00000172081,white
ENSG00000213553,dimgrey
ENSG00000214078,dimgrey
ENSG00000101294,dimgrey
ENSG00000142168,darkgrey
ENSG00000006327,lightgrey
ENSG00000114446,darkgrey
ENSG00000126226,dimgrey
ENSG00000135821,darkgrey
ENSG00000151414,darkgrey
ENSG00000153037,darkgrey
ENSG00000172172,dimgrey
ENSG00000172638,darkgrey
ENSG00000180817,darkgrey
ENSG00000052802,dimgrey
ENSG00000095787,dimgrey
ENSG00000143815,darkgrey
ENSG00000165424,darkgrey
ENSG00000172717,dimgrey
ENSG00000175216,dimgrey
ENSG00000179271,dimgrey
ENSG00000181722,lightgrey
ENSG00000234545,whitesmoke
ENSG00000005020,darkgrey
ENSG00000059804,darkgrey
ENSG00000087470,whitesmoke
ENSG00000118985,darkgrey
ENSG00000131016,snow
ENSG00000157657,gainsboro
ENSG00000161217,indianred
ENSG00000172725,gainsboro
ENSG00000182199,darkgrey
ENSG00000186480,darkgrey
ENSG00000214063,dimgrey
ENSG00000259956,dimgrey
ENSG00000078269,darkgrey
ENSG00000090686,whitesmoke
ENSG00000129625,darkgrey
ENSG00000137955,gainsboro
ENSG00000151348,darkgrey
ENSG00000163902,dimgrey
ENSG00000166073,darkgrey
ENSG00000173674,dimgrey
ENSG00000175582,darkgrey
ENSG00000214748,lightcoral
ENSG00000047410,darkgrey
ENSG00000089048,darkgrey
ENSG00000114346,darkgrey
ENSG00000136108,darkgrey
ENSG00000138448,darkgrey
ENSG00000144224,darkgrey
ENSG00000163939,darkgrey
ENSG00000165092,darkgrey
ENSG00000173141,lightgrey
ENSG00000173559,darkgrey
ENSG00000072364,lightgrey
ENSG00000100403,dimgrey
ENSG00000107937,lightgrey
ENSG00000125037,lightgrey
ENSG00000126391,dimgrey
ENSG00000128829,darkgrey
ENSG00000134717,dimgrey
ENSG00000136235,darkgrey
ENSG00000156113,dimgrey
ENSG00000168710,dimgrey
ENSG00000053372,dimgrey
ENSG00000083168,dimgrey
ENSG00000090054,dimgrey
ENSG00000108256,darkgrey
ENSG00000116685,dimgrey
ENSG00000119487,dimgrey
ENSG00000120805,dimgrey
ENSG00000141429,dimgrey
ENSG00000164220,whitesmoke
ENSG00000180914,firebrick
ENSG00000198231,dimgrey
ENSG00000290018,lightcoral
ENSG00000099385,white
ENSG00000115159,dimgrey
ENSG00000118058,darkgrey
ENSG00000141424,lightgrey
ENSG00000213864,firebrick
ENSG00000042753,dimgrey
ENSG00000117899,gainsboro
ENSG00000130165,white
ENSG00000144118,lightgrey
ENSG00000198408,brown
ENSG00000109133,dimgrey
ENSG00000115325,lightcoral
ENSG00000133872,darkgrey
ENSG00000139697,darkgrey
ENSG00000144580,dimgrey
ENSG00000175203,darkgrey
ENSG00000181458,darkgrey
ENSG00000181924,lightgrey
ENSG00000182831,brown
ENSG00000187688,dimgrey
ENSG00000278311,gainsboro
ENSG00000006451,darkgrey
ENSG00000114956,dimgrey
ENSG00000182809,dimgrey
ENSG00000156256,gainsboro
ENSG00000162517,lightgrey
ENSG00000166250,darkgrey
ENSG00000168476,firebrick
ENSG00000051108,dimgrey
ENSG00000056097,darkgrey
ENSG00000105327,gainsboro
ENSG00000114450,dimgrey
ENSG00000115762,dimgrey
ENSG00000122707,dimgrey
ENSG00000153147,darkgrey
ENSG00000171720,white
ENSG00000174695,darkgrey
ENSG00000213699,darkgrey
ENSG00000062650,dimgrey
ENSG00000071242,gainsboro
ENSG00000079308,darkgrey
ENSG00000111011,darkgrey
ENSG00000135521,dimgrey
ENSG00000141582,white
ENSG00000148450,dimgrey
ENSG00000167645,firebrick
ENSG00000187446,darkgrey
ENSG00000115170,lightgrey
ENSG00000144642,darkgrey
ENSG00000156515,darkgrey
ENSG00000159593,lightgrey
ENSG00000175137,white
ENSG00000189184,darkgrey
ENSG00000198937,darkgrey
ENSG00000105176,dimgrey
ENSG00000114315,darkgrey
ENSG00000119403,white
ENSG00000119523,dimgrey
ENSG00000134697,darkgrey
ENSG00000141568,lightgrey
ENSG00000144043,dimgrey
ENSG00000151835,lightgrey
ENSG00000163848,darkgrey
ENSG00000176171,dimgrey
ENSG00000180801,lightgrey
ENSG00000228300,gainsboro
ENSG00000099337,darkgrey
ENSG00000102226,dimgrey
ENSG00000114019,darkgrey
ENSG00000114978,dimgrey
ENSG00000121579,gainsboro
ENSG00000136758,darkgrey
ENSG00000151491,lightgrey
ENSG00000157456,lightgrey
ENSG00000166902,dimgrey
ENSG00000003436,snow
ENSG00000114302,dimgrey
ENSG00000116752,darkgrey
ENSG00000126214,dimgrey
ENSG00000129515,lightgrey
ENSG00000144579,white
ENSG00000150630,darkgrey
ENSG00000153786,dimgrey
ENSG00000170312,darkgrey
ENSG00000171109,darkgrey
ENSG00000214517,white
ENSG00000214753,lightcoral
ENSG00000260260,gainsboro
ENSG00000101109,dimgrey
ENSG00000104412,darkgrey
ENSG00000130066,darkgrey
ENSG00000130176,dimgrey
ENSG00000131504,dimgrey
ENSG00000145495,darkgrey
ENSG00000172922,dimgrey
ENSG00000204138,gainsboro
ENSG00000225733,darkgrey
ENSG00000100075,dimgrey
ENSG00000105939,dimgrey
ENSG00000138095,darkgrey
ENSG00000143727,darkgrey
ENSG00000154027,dimgrey
ENSG00000155463,darkgrey
ENSG00000163754,indianred
ENSG00000166200,darkgrey
ENSG00000177963,darkgrey
ENSG00000196781,dimgrey
ENSG00000205531,darkgrey
ENSG00000228462,firebrick
ENSG00000104613,darkgrey
ENSG00000114416,darkgrey
ENSG00000117280,darkgrey
ENSG00000119705,lightcoral
ENSG00000120688,whitesmoke
ENSG00000138080,white
ENSG00000144867,dimgrey
ENSG00000156482,darkgrey
ENSG00000171604,gainsboro
ENSG00000185043,white
ENSG00000188529,dimgrey
ENSG00000048162,dimgrey
ENSG00000071894,gainsboro
ENSG00000115128,darkgrey
ENSG00000116898,whitesmoke
ENSG00000120963,lightgrey
ENSG00000124783,dimgrey
ENSG00000129292,darkgrey
ENSG00000145675,gainsboro
ENSG00000171246,snow
ENSG00000180185,dimgrey
ENSG00000074201,lightgrey
ENSG00000112419,lightgrey
ENSG00000119801,gainsboro
ENSG00000134248,darkgrey
ENSG00000136295,dimgrey
ENSG00000152700,darkgrey
ENSG00000169641,whitesmoke
ENSG00000173530,gainsboro
ENSG00000291237,darkgrey
ENSG00000293060,dimgrey
ENSG00000112531,lightgrey
ENSG00000131507,darkgrey
ENSG00000135677,gainsboro
ENSG00000138085,lightgrey
ENSG00000138363,dimgrey
ENSG00000143870,gainsboro
ENSG00000153179,dimgrey
ENSG00000153560,darkgrey
ENSG00000170035,dimgrey
ENSG00000186111,gainsboro
ENSG00000205903,gainsboro
ENSG00000100528,darkgrey
ENSG00000102893,darkgrey
ENSG00000115685,dimgrey
ENSG00000116539,darkgrey
ENSG00000132613,lightcoral
ENSG00000149636,dimgrey
ENSG00000168807,snow
ENSG00000169439,darkgrey
ENSG00000086666,dimgrey
ENSG00000105677,dimgrey
ENSG00000115977,dimgrey
ENSG00000117543,dimgrey
ENSG00000119979,darkgrey
ENSG00000125482,snow
ENSG00000129235,darkgrey
ENSG00000133142,dimgrey
ENSG00000139926,lightgrey
ENSG00000140391,darkgrey
ENSG00000142599,darkgrey
ENSG00000145919,lightgrey
ENSG00000168288,lightgrey
ENSG00000198707,darkgrey
ENSG00000106397,dimgrey
ENSG00000109390,darkgrey
ENSG00000133858,snow
ENSG00000141696,darkgrey
ENSG00000142945,dimgrey
ENSG00000151366,darkgrey
ENSG00000174851,dimgrey
ENSG00000186395,dimgrey
ENSG00000065534,darkgrey
ENSG00000110330,brown
ENSG00000115107,dimgrey
ENSG00000118508,darkgrey
ENSG00000123374,white
ENSG00000125746,white
ENSG00000125875,dimgrey
ENSG00000126934,lightcoral
ENSG00000131238,snow
ENSG00000133687,gainsboro
ENSG00000141349,white
ENSG00000231747,darkgrey
ENSG00000103490,dimgrey
ENSG00000111897,darkgrey
ENSG00000124120,darkgrey
ENSG00000128294,darkgrey
ENSG00000132485,gainsboro
ENSG00000153201,dimgrey
ENSG00000183207,darkgrey
ENSG00000197535,darkgrey
ENSG00000037474,brown
ENSG00000063046,lightgrey
ENSG00000090861,dimgrey
ENSG00000091140,darkgrey
ENSG00000112984,lightgrey
ENSG00000116095,darkgrey
ENSG00000124226,darkgrey
ENSG00000130811,darkgrey
ENSG00000141510,firebrick
ENSG00000209082,white
ENSG00000211456,snow
ENSG00000223496,dimgrey
ENSG00000100325,dimgrey
ENSG00000100519,darkgrey
ENSG00000116717,lightgrey
ENSG00000128699,dimgrey
ENSG00000132294,lightgrey
ENSG00000132581,dimgrey
ENSG00000136451,gainsboro
ENSG00000136861,snow
ENSG00000136950,dimgrey
ENSG00000143398,dimgrey
ENSG00000148516,darkgrey
ENSG00000156802,gainsboro
ENSG00000159658,dimgrey
ENSG00000197601,dimgrey
ENSG00000006625,white
ENSG00000008294,darkgrey
ENSG00000079332,dimgrey
ENSG00000108433,dimgrey
ENSG00000117228,darkgrey
ENSG00000131873,darkgrey
ENSG00000138182,darkgrey
ENSG00000163938,gainsboro
ENSG00000165416,dimgrey
ENSG00000166946,darkgrey
ENSG00000173821,darkgrey
ENSG00000181072,darkgrey
ENSG00000182149,dimgrey
ENSG00000184014,dimgrey
ENSG00000005810,darkgrey
ENSG00000052841,dimgrey
ENSG00000085117,gainsboro
ENSG00000112851,darkgrey
ENSG00000116984,darkgrey
ENSG00000139324,darkgrey
ENSG00000141756,white
ENSG00000162458,darkgrey
ENSG00000177885,darkgrey
ENSG00000009830,dimgrey
ENSG00000048991,darkgrey
ENSG00000079974,lightcoral
ENSG00000099194,darkgrey
ENSG00000108604,white
ENSG00000112146,dimgrey
ENSG00000127314,darkgrey
ENSG00000135341,dimgrey
ENSG00000139514,darkgrey
ENSG00000141279,dimgrey
ENSG00000143322,lightgrey
ENSG00000153015,whitesmoke
ENSG00000291152,lightgrey
ENSG00000076513,dimgrey
ENSG00000134077,darkgrey
ENSG00000138413,dimgrey
ENSG00000151849,dimgrey
ENSG00000163964,dimgrey
ENSG00000165487,darkgrey
ENSG00000166734,darkgrey
ENSG00000168411,dimgrey
ENSG00000173230,darkgrey
ENSG00000101126,dimgrey
ENSG00000102753,darkgrey
ENSG00000133606,dimgrey
ENSG00000169905,darkgrey
ENSG00000178999,dimgrey
ENSG00000181610,gainsboro
ENSG00000213281,gainsboro
ENSG00000235175,whitesmoke
ENSG00000265491,snow
ENSG00000034713,dimgrey
ENSG00000130312,dimgrey
ENSG00000132128,dimgrey
ENSG00000133059,gainsboro
ENSG00000134287,lightgrey
ENSG00000138495,lightgrey
ENSG00000151012,dimgrey
ENSG00000162599,darkgrey
ENSG00000169189,darkgrey
ENSG00000169764,darkgrey
ENSG00000173473,snow
ENSG00000198113,darkgrey
ENSG00000198752,darkgrey
ENSG00000101160,lightcoral
ENSG00000113360,white
ENSG00000114125,whitesmoke
ENSG00000138777,darkgrey
ENSG00000150347,darkgrey
ENSG00000156928,darkgrey
ENSG00000160563,dimgrey
ENSG00000163683,darkgrey
ENSG00000164258,darkgrey
ENSG00000171202,darkgrey
ENSG00000173575,darkgrey
ENSG00000178691,lightgrey
ENSG00000204256,whitesmoke
ENSG00000107874,darkgrey
ENSG00000109113,dimgrey
ENSG00000116747,darkgrey
ENSG00000129657,darkgrey
ENSG00000131435,dimgrey
ENSG00000139505,dimgrey
ENSG00000143164,darkgrey
ENSG00000153048,firebrick
ENSG00000178464,darkgrey
ENSG00000004487,darkgrey
ENSG00000099624,darkgrey
ENSG00000106400,darkgrey
ENSG00000119777,dimgrey
ENSG00000137563,darkgrey
ENSG00000142166,dimgrey
ENSG00000144283,snow
ENSG00000155760,dimgrey
ENSG00000161800,darkgrey
ENSG00000163882,dimgrey
ENSG00000211460,darkgrey
ENSG00000272888,gainsboro
ENSG00000033050,lightgrey
ENSG00000086232,gainsboro
ENSG00000108587,dimgrey
ENSG00000111642,darkgrey
ENSG00000135048,dimgrey
ENSG00000143420,dimgrey
ENSG00000146386,dimgrey
ENSG00000148341,lightcoral
ENSG00000171148,lightgrey
ENSG00000171729,dimgrey
ENSG00000175029,darkgrey
ENSG00000175334,darkgrey
ENSG00000185896,gainsboro
ENSG00000196975,darkgrey
ENSG00000004399,gainsboro
ENSG00000106477,snow
ENSG00000119314,dimgrey
ENSG00000122042,darkgrey
ENSG00000133169,dimgrey
ENSG00000136280,lightcoral
ENSG00000141101,dimgrey
ENSG00000147130,dimgrey
ENSG00000156261,lightgrey
ENSG00000001629,darkgrey
ENSG00000080845,indianred
ENSG00000117751,darkgrey
ENSG00000118579,dimgrey
ENSG00000148688,lightgrey
ENSG00000149591,darkgrey
ENSG00000168291,darkgrey
ENSG00000185236,white
ENSG00000198060,dimgrey
ENSG00000212747,gainsboro
ENSG00000023318,dimgrey
ENSG00000082805,darkgrey
ENSG00000102024,lightgrey
ENSG00000112658,dimgrey
ENSG00000118246,darkgrey
ENSG00000170581,dimgrey
ENSG00000028528,darkgrey
ENSG00000106785,indianred
ENSG00000158470,darkgrey
ENSG00000169217,darkgrey
ENSG00000179295,gainsboro
ENSG00000187800,darkgrey
ENSG00000188186,dimgrey
ENSG00000107290,brown
ENSG00000111596,lightgrey
ENSG00000116473,darkgrey
ENSG00000125817,dimgrey
ENSG00000125970,white
ENSG00000126005,indianred
ENSG00000134910,dimgrey
ENSG00000145901,gainsboro
ENSG00000146376,whitesmoke
ENSG00000161057,darkgrey
ENSG00000165417,dimgrey
ENSG00000169136,firebrick
ENSG00000171150,darkgrey
ENSG00000172354,dimgrey
ENSG00000206560,darkgrey
ENSG00000219023,whitesmoke
ENSG00000247627,darkgrey
ENSG00000101447,dimgrey
ENSG00000109790,darkgrey
ENSG00000120948,dimgrey
ENSG00000124588,darkgrey
ENSG00000128739,white
ENSG00000137038,dimgrey
ENSG00000139746,brown
ENSG00000139921,darkgrey
ENSG00000141027,whitesmoke
ENSG00000149269,dimgrey
ENSG00000164902,gainsboro
ENSG00000176903,lightgrey
ENSG00000181704,dimgrey
ENSG00000213949,darkgrey
ENSG00000004142,dimgrey
ENSG00000100596,brown
ENSG00000101966,dimgrey
ENSG00000103888,darkgrey
ENSG00000108528,dimgrey
ENSG00000111737,lightgrey
ENSG00000116774,gainsboro
ENSG00000139233,lightgrey
ENSG00000149311,gainsboro
ENSG00000173207,lightgrey
ENSG00000173517,indianred
ENSG00000246705,darkgrey
ENSG00000090020,darkgrey
ENSG00000092201,dimgrey
ENSG00000103202,darkgrey
ENSG00000109736,darkgrey
ENSG00000115084,darkgrey
ENSG00000128965,dimgrey
ENSG00000130177,snow
ENSG00000136819,dimgrey
ENSG00000164548,lightgrey
ENSG00000167987,dimgrey
ENSG00000173917,lightgrey
ENSG00000176393,dimgrey
ENSG00000189067,darkgrey
ENSG00000196591,dimgrey
ENSG00000214194,lightgrey
ENSG00000104695,dimgrey
ENSG00000133703,lightgrey
ENSG00000134954,dimgrey
ENSG00000135870,whitesmoke
ENSG00000136628,darkgrey
ENSG00000143612,dimgrey
ENSG00000153914,whitesmoke
ENSG00000155368,darkgrey
ENSG00000168461,dimgrey
ENSG00000172534,dimgrey
ENSG00000198612,darkgrey
ENSG00000215193,gainsboro
ENSG00000064115,gainsboro
ENSG00000124207,dimgrey
ENSG00000131446,gainsboro
ENSG00000133639,gainsboro
ENSG00000147548,darkgrey
ENSG00000159352,lightcoral
ENSG00000184897,dimgrey
ENSG00000205726,darkgrey
ENSG00000065809,dimgrey
ENSG00000087302,darkgrey
ENSG00000102038,gainsboro
ENSG00000105825,lightgrey
ENSG00000108691,gainsboro
ENSG00000108826,dimgrey
ENSG00000108953,gainsboro
ENSG00000111371,lightgrey
ENSG00000112308,darkgrey
ENSG00000115652,whitesmoke
ENSG00000120686,dimgrey
ENSG00000124357,gainsboro
ENSG00000131374,dimgrey
ENSG00000163608,darkgrey
ENSG00000164610,darkgrey
ENSG00000166847,lightgrey
ENSG00000172009,lightcoral
ENSG00000080371,darkgrey
ENSG00000088256,dimgrey
ENSG00000112773,darkgrey
ENSG00000119326,darkgrey
ENSG00000129493,snow
ENSG00000132612,dimgrey
ENSG00000149639,whitesmoke
ENSG00000167695,darkgrey
ENSG00000173120,dimgrey
ENSG00000226243,whitesmoke
ENSG00000242265,white
ENSG00000276043,dimgrey
ENSG00000005075,dimgrey
ENSG00000071189,darkgrey
ENSG00000105404,dimgrey
ENSG00000107929,dimgrey
ENSG00000108175,darkgrey
ENSG00000113368,white
ENSG00000115241,dimgrey
ENSG00000119414,darkgrey
ENSG00000129351,dimgrey
ENSG00000137500,darkgrey
ENSG00000144848,darkgrey
ENSG00000182606,dimgrey
ENSG00000075218,dimgrey
ENSG00000100281,darkgrey
ENSG00000102178,dimgrey
ENSG00000105854,snow
ENSG00000106080,lightgrey
ENSG00000118217,dimgrey
ENSG00000119013,dimgrey
ENSG00000119650,dimgrey
ENSG00000121766,darkgrey
ENSG00000131966,dimgrey
ENSG00000137177,gainsboro
ENSG00000141741,dimgrey
ENSG00000185104,dimgrey
ENSG00000185728,dimgrey
ENSG00000245573,snow
ENSG00000283498,darkgrey
ENSG00000049245,darkgrey
ENSG00000069011,white
ENSG00000099875,dimgrey
ENSG00000115875,dimgrey
ENSG00000134046,dimgrey
ENSG00000134324,darkgrey
ENSG00000148110,darkgrey
ENSG00000153774,darkgrey
ENSG00000166747,snow
ENSG00000184743,darkgrey
ENSG00000274422,whitesmoke
ENSG00000004961,dimgrey
ENSG00000093183,darkgrey
ENSG00000101337,dimgrey
ENSG00000105171,dimgrey
ENSG00000122952,dimgrey
ENSG00000130382,darkgrey
ENSG00000140937,darkgrey
ENSG00000147669,darkgrey
ENSG00000160216,dimgrey
ENSG00000163162,lightgrey
ENSG00000163428,dimgrey
ENSG00000163811,indianred
ENSG00000184787,dimgrey
ENSG00000078618,dimgrey
ENSG00000089006,dimgrey
ENSG00000109320,lightgrey
ENSG00000110713,darkgrey
ENSG00000113583,lightgrey
ENSG00000115540,gainsboro
ENSG00000116786,dimgrey
ENSG00000121039,lightgrey
ENSG00000124541,dimgrey
ENSG00000126945,dimgrey
ENSG00000135541,snow
ENSG00000138735,gainsboro
ENSG00000166128,lightgrey
ENSG00000166750,darkgrey
ENSG00000188554,snow
ENSG00000214357,lightcoral
ENSG00000040633,dimgrey
ENSG00000067334,lightgrey
ENSG00000097007,dimgrey
ENSG00000105520,dimgrey
ENSG00000109606,dimgrey
ENSG00000147133,indianred
ENSG00000149968,brown
ENSG00000151725,darkgrey
ENSG00000152484,gainsboro
ENSG00000156711,dimgrey
ENSG00000158604,dimgrey
ENSG00000169288,darkgrey
ENSG00000170779,dimgrey
ENSG00000065526,lightgrey
ENSG00000106266,dimgrey
ENSG00000107371,darkgrey
ENSG00000111145,dimgrey
ENSG00000111961,darkgrey
ENSG00000136381,dimgrey
ENSG00000162878,gainsboro
ENSG00000163714,whitesmoke
ENSG00000248333,whitesmoke
ENSG00000055483,dimgrey
ENSG00000082153,darkgrey
ENSG00000137809,snow
ENSG00000145354,dimgrey
ENSG00000167671,gainsboro
ENSG00000168958,dimgrey
ENSG00000179041,whitesmoke
ENSG00000182220,dimgrey
ENSG00000183283,darkgrey
ENSG00000197771,darkgrey
ENSG00000204217,gainsboro
ENSG00000100014,dimgrey
ENSG00000107745,darkgrey
ENSG00000123989,firebrick
ENSG00000125249,dimgrey
ENSG00000130340,darkgrey
ENSG00000132361,dimgrey
ENSG00000134371,darkgrey
ENSG00000134905,snow
ENSG00000138160,darkgrey
ENSG00000143742,darkgrey
ENSG00000156587,dimgrey
ENSG00000160131,white
ENSG00000165458,firebrick
ENSG00000185262,white
ENSG00000197467,dimgrey
ENSG00000204397,firebrick
ENSG00000204842,darkgrey
ENSG00000281649,darkgrey
ENSG00000039523,darkgrey
ENSG00000084093,lightgrey
ENSG00000100034,dimgrey
ENSG00000103496,dimgrey
ENSG00000111144,lightgrey
ENSG00000114062,darkgrey
ENSG00000116044,darkgrey
ENSG00000129195,indianred
ENSG00000135457,white
ENSG00000140859,dimgrey
ENSG00000144583,gainsboro
ENSG00000146007,dimgrey
ENSG00000164134,firebrick
ENSG00000198860,dimgrey
ENSG00000076382,whitesmoke
ENSG00000081923,darkgrey
ENSG00000092820,dimgrey
ENSG00000103005,darkgrey
ENSG00000106665,dimgrey
ENSG00000113369,dimgrey
ENSG00000113552,dimgrey
ENSG00000117385,darkgrey
ENSG00000128654,darkgrey
ENSG00000148468,snow
ENSG00000149532,darkgrey
ENSG00000150316,firebrick
ENSG00000171988,firebrick
ENSG00000189129,dimgrey
ENSG00000197457,whitesmoke
ENSG00000264522,dimgrey
ENSG00000065833,darkgrey
ENSG00000071859,lightgrey
ENSG00000090013,brown
ENSG00000123080,dimgrey
ENSG00000127526,lightgrey
ENSG00000135018,dimgrey
ENSG00000137714,dimgrey
ENSG00000146416,darkgrey
ENSG00000163636,darkgrey
ENSG00000163960,dimgrey
ENSG00000167130,dimgrey
ENSG00000177425,darkgrey
ENSG00000184277,indianred
ENSG00000196704,darkgrey
ENSG00000198833,lightgrey
ENSG00000238227,dimgrey
ENSG00000073803,darkgrey
ENSG00000075336,lightgrey
ENSG00000083457,gainsboro
ENSG00000111602,gainsboro
ENSG00000121274,dimgrey
ENSG00000130640,firebrick
ENSG00000131378,lightgrey
ENSG00000139278,lightgrey
ENSG00000143314,dimgrey
ENSG00000152558,darkgrey
ENSG00000166181,darkgrey
ENSG00000166233,indianred
ENSG00000169032,lightgrey
ENSG00000172893,dimgrey
ENSG00000181830,lightgrey
ENSG00000187720,gainsboro
ENSG00000014824,lightgrey
ENSG00000026652,dimgrey
ENSG00000031003,darkgrey
ENSG00000035928,dimgrey
ENSG00000073008,darkgrey
ENSG00000082641,snow
ENSG00000090487,dimgrey
ENSG00000100796,darkgrey
ENSG00000102910,dimgrey
ENSG00000104738,darkgrey
ENSG00000109184,dimgrey
ENSG00000117906,darkgrey
ENSG00000123136,darkgrey
ENSG00000126351,gainsboro
ENSG00000143179,dimgrey
ENSG00000162819,dimgrey
ENSG00000165233,dimgrey
ENSG00000166848,dimgrey
ENSG00000185009,lightgrey
ENSG00000196352,darkgrey
ENSG00000006015,white
ENSG00000088854,darkgrey
ENSG00000104805,white
ENSG00000106591,darkgrey
ENSG00000111321,firebrick
ENSG00000111450,darkgrey
ENSG00000129460,dimgrey
ENSG00000129474,lightgrey
ENSG00000133028,lightgrey
ENSG00000133193,dimgrey
ENSG00000137106,whitesmoke
ENSG00000146463,lightgrey
ENSG00000179134,gainsboro
ENSG00000196235,dimgrey
ENSG00000197045,lightgrey
ENSG00000221963,gainsboro
ENSG00000054148,dimgrey
ENSG00000118418,lightgrey
ENSG00000123200,gainsboro
ENSG00000128989,lightgrey
ENSG00000133884,dimgrey
ENSG00000140285,darkgrey
ENSG00000141447,darkgrey
ENSG00000148180,darkgrey
ENSG00000167792,gainsboro
ENSG00000169188,lightgrey
ENSG00000182117,lightgrey
ENSG00000183978,dimgrey
ENSG00000196914,darkgrey
ENSG00000275052,dimgrey
ENSG00000072952,darkgrey
ENSG00000075223,darkgrey
ENSG00000089053,darkgrey
ENSG00000105197,dimgrey
ENSG00000116688,darkgrey
ENSG00000118900,firebrick
ENSG00000119718,dimgrey
ENSG00000124299,dimgrey
ENSG00000143369,darkgrey
ENSG00000162702,darkgrey
ENSG00000166197,darkgrey
ENSG00000167900,gainsboro
ENSG00000168872,lightgrey
ENSG00000183722,dimgrey
ENSG00000184226,darkgrey
ENSG00000198646,darkgrey
ENSG00000066777,darkgrey
ENSG00000071462,darkgrey
ENSG00000100575,dimgrey
ENSG00000105258,dimgrey
ENSG00000113811,darkgrey
ENSG00000118363,lightgrey
ENSG00000129003,whitesmoke
ENSG00000143228,darkgrey
ENSG00000146833,gainsboro
ENSG00000163956,dimgrey
ENSG00000165389,lightgrey
ENSG00000166260,darkgrey
ENSG00000169733,dimgrey
ENSG00000180370,lightgrey
ENSG00000181789,darkgrey
ENSG00000266472,dimgrey
ENSG00000014216,darkgrey
ENSG00000096063,darkgrey
ENSG00000101972,darkgrey
ENSG00000105669,white
ENSG00000105821,darkgrey
ENSG00000106554,lightgrey
ENSG00000111530,darkgrey
ENSG00000117859,darkgrey
ENSG00000139163,lightgrey
ENSG00000140553,darkgrey
ENSG00000140995,darkgrey
ENSG00000142279,indianred
ENSG00000147044,dimgrey
ENSG00000163001,darkgrey
ENSG00000168566,dimgrey
ENSG00000185950,dimgrey
ENSG00000198168,lightgrey
ENSG00000011198,lightgrey
ENSG00000074356,dimgrey
ENSG00000082898,darkgrey
ENSG00000092140,darkgrey
ENSG00000099995,lightgrey
ENSG00000104723,darkgrey
ENSG00000106608,indianred
ENSG00000111196,darkgrey
ENSG00000111229,whitesmoke
ENSG00000119865,darkgrey
ENSG00000121022,darkgrey
ENSG00000129680,whitesmoke
ENSG00000136783,dimgrey
ENSG00000139180,firebrick
ENSG00000144677,dimgrey
ENSG00000151465,white
ENSG00000172992,firebrick
ENSG00000179833,darkgrey
ENSG00000179918,whitesmoke
ENSG00000198830,dimgrey
ENSG00000006468,lightgrey
ENSG00000104343,lightgrey
ENSG00000104635,dimgrey
ENSG00000107771,darkgrey
ENSG00000119760,darkgrey
ENSG00000120992,lightgrey
ENSG00000122565,dimgrey
ENSG00000123908,dimgrey
ENSG00000129518,dimgrey
ENSG00000140525,darkgrey
ENSG00000148719,darkgrey
ENSG00000162191,darkgrey
ENSG00000179933,dimgrey
ENSG00000187239,snow
ENSG00000196586,lightgrey
ENSG00000225528,lightcoral
ENSG00000241468,darkgrey
ENSG00000257727,darkgrey
ENSG00000070367,darkgrey
ENSG00000105819,darkgrey
ENSG00000109534,dimgrey
ENSG00000135052,darkgrey
ENSG00000144747,darkgrey
ENSG00000153044,dimgrey
ENSG00000165527,darkgrey
ENSG00000167969,darkgrey
ENSG00000174306,snow
ENSG00000198053,dimgrey
ENSG00000225630,lightcoral
ENSG00000079739,darkgrey
ENSG00000080822,darkgrey
ENSG00000093000,dimgrey
ENSG00000101057,dimgrey
ENSG00000102580,lightgrey
ENSG00000105137,dimgrey
ENSG00000113387,lightgrey
ENSG00000116132,darkgrey
ENSG00000127418,gainsboro
ENSG00000128607,darkgrey
ENSG00000130830,darkgrey
ENSG00000131495,indianred
ENSG00000158290,dimgrey
ENSG00000160094,dimgrey
ENSG00000168283,dimgrey
ENSG00000188735,lightgrey
ENSG00000274070,darkgrey
ENSG00000035141,dimgrey
ENSG00000065268,dimgrey
ENSG00000065882,dimgrey
ENSG00000075234,dimgrey
ENSG00000100888,darkgrey
ENSG00000108064,dimgrey
ENSG00000109536,darkgrey
ENSG00000110841,lightgrey
ENSG00000113441,darkgrey
ENSG00000117152,lightgrey
ENSG00000132386,darkgrey
ENSG00000134243,dimgrey
ENSG00000150961,darkgrey
ENSG00000168575,darkgrey
ENSG00000173786,gainsboro
ENSG00000196449,brown
ENSG00000214160,white
ENSG00000074410,darkgrey
ENSG00000101444,lightgrey
ENSG00000104756,darkgrey
ENSG00000109919,lightgrey
ENSG00000117500,darkgrey
ENSG00000119280,darkgrey
ENSG00000119321,darkgrey
ENSG00000129071,dimgrey
ENSG00000130764,dimgrey
ENSG00000137364,dimgrey
ENSG00000138376,dimgrey
ENSG00000139318,dimgrey
ENSG00000143776,darkgrey
ENSG00000145632,darkgrey
ENSG00000154059,darkgrey
ENSG00000158863,dimgrey
ENSG00000161526,darkgrey
ENSG00000165861,lightgrey
ENSG00000170638,dimgrey
ENSG00000172037,darkgrey
ENSG00000179820,white
ENSG00000186063,lightgrey
ENSG00000197448,gainsboro
ENSG00000198689,dimgrey
ENSG00000198919,darkgrey
ENSG00000023902,lightcoral
ENSG00000029993,dimgrey
ENSG00000067141,dimgrey
ENSG00000094916,gainsboro
ENSG00000099917,darkgrey
ENSG00000101361,dimgrey
ENSG00000103591,dimgrey
ENSG00000105953,white
ENSG00000108828,snow
ENSG00000114988,dimgrey
ENSG00000115484,dimgrey
ENSG00000116350,darkgrey
ENSG00000118971,darkgrey
ENSG00000119977,darkgrey
ENSG00000128534,darkgrey
ENSG00000137216,dimgrey
ENSG00000138078,white
ENSG00000139437,firebrick
ENSG00000140307,darkgrey
ENSG00000145743,dimgrey
ENSG00000147677,darkgrey
ENSG00000167118,gainsboro
ENSG00000171206,snow
ENSG00000253729,lightgrey
ENSG00000271601,dimgrey
ENSG00000272886,darkgrey
ENSG00000008513,dimgrey
ENSG00000075856,darkgrey
ENSG00000081320,darkgrey
ENSG00000085719,dimgrey
ENSG00000100142,dimgrey
ENSG00000106268,gainsboro
ENSG00000108061,darkgrey
ENSG00000116406,darkgrey
ENSG00000117620,dimgrey
ENSG00000129636,dimgrey
ENSG00000136159,brown
ENSG00000144524,darkgrey
ENSG00000159199,dimgrey
ENSG00000164080,dimgrey
ENSG00000169871,darkgrey
ENSG00000185697,darkgrey
ENSG00000196739,darkgrey
ENSG00000197063,lightgrey
ENSG00000077235,dimgrey
ENSG00000101346,dimgrey
ENSG00000104325,lightgrey
ENSG00000106261,darkgrey
ENSG00000117868,lightgrey
ENSG00000145604,dimgrey
ENSG00000164741,dimgrey
ENSG00000169727,dimgrey
ENSG00000173992,darkgrey
ENSG00000181826,darkgrey
ENSG00000189060,white
ENSG00000196396,dimgrey
ENSG00000197858,dimgrey
ENSG00000198887,snow
ENSG00000084636,darkgrey
ENSG00000093167,darkgrey
ENSG00000100865,lightgrey
ENSG00000104687,dimgrey
ENSG00000107281,dimgrey
ENSG00000115129,darkgrey
ENSG00000121749,darkgrey
ENSG00000136522,darkgrey
ENSG00000148840,lightgrey
ENSG00000167779,darkgrey
ENSG00000174938,snow
ENSG00000175376,lightgrey
ENSG00000180198,snow
ENSG00000182872,darkgrey
ENSG00000197265,dimgrey
ENSG00000198356,dimgrey
ENSG00000033867,darkgrey
ENSG00000055211,darkgrey
ENSG00000059758,brown
ENSG00000065923,dimgrey
ENSG00000070770,dimgrey
ENSG00000078140,dimgrey
ENSG00000100567,lightgrey
ENSG00000111775,darkgrey
ENSG00000111832,snow
ENSG00000117153,dimgrey
ENSG00000120306,dimgrey
ENSG00000130021,dimgrey
ENSG00000137601,darkgrey
ENSG00000139793,snow
ENSG00000151388,snow
ENSG00000156599,gainsboro
ENSG00000159346,darkgrey
ENSG00000160075,lightgrey
ENSG00000164323,dimgrey
ENSG00000166136,brown
ENSG00000168275,whitesmoke
ENSG00000175727,gainsboro
ENSG00000188342,darkgrey
ENSG00000213465,lightgrey
ENSG00000230989,darkgrey
ENSG00000274523,dimgrey
ENSG00000061936,darkgrey
ENSG00000092108,snow
ENSG00000105443,dimgrey
ENSG00000112902,darkgrey
ENSG00000114503,darkgrey
ENSG00000114686,darkgrey
ENSG00000114999,snow
ENSG00000115211,darkgrey
ENSG00000133026,gainsboro
ENSG00000136709,dimgrey
ENSG00000138496,white
ENSG00000139718,gainsboro
ENSG00000141012,darkgrey
ENSG00000143537,firebrick
ENSG00000150760,dimgrey
ENSG00000159461,dimgrey
ENSG00000159579,lightgrey
ENSG00000166797,dimgrey
ENSG00000204356,gainsboro
ENSG00000204843,dimgrey
ENSG00000064607,dimgrey
ENSG00000069998,gainsboro
ENSG00000071539,dimgrey
ENSG00000109846,darkgrey
ENSG00000122034,darkgrey
ENSG00000135624,lightcoral
ENSG00000160957,white
ENSG00000165898,darkgrey
ENSG00000198554,darkgrey
ENSG00000204856,dimgrey
ENSG00000267534,white
ENSG00000076641,dimgrey
ENSG00000092148,dimgrey
ENSG00000111057,darkgrey
ENSG00000124214,dimgrey
ENSG00000125686,dimgrey
ENSG00000127481,darkgrey
ENSG00000130414,dimgrey
ENSG00000130706,dimgrey
ENSG00000134900,darkgrey
ENSG00000136436,gainsboro
ENSG00000139496,dimgrey
ENSG00000142687,whitesmoke
ENSG00000142867,lightgrey
ENSG00000145147,darkgrey
ENSG00000156990,white
ENSG00000171345,snow
ENSG00000175701,dimgrey
ENSG00000213064,lightgrey
ENSG00000239524,lightcoral
ENSG00000061794,darkgrey
ENSG00000090432,darkgrey
ENSG00000108406,dimgrey
ENSG00000118260,darkgrey
ENSG00000123485,darkgrey
ENSG00000136738,darkgrey
ENSG00000138385,gainsboro
ENSG00000164896,white
ENSG00000165689,dimgrey
ENSG00000168827,dimgrey
ENSG00000171055,dimgrey
ENSG00000178921,lightgrey
ENSG00000179431,lightgrey
ENSG00000182544,lightcoral
ENSG00000198648,gainsboro
ENSG00000198909,white
ENSG00000254986,dimgrey
ENSG00000256235,snow
ENSG00000007080,white
ENSG00000035681,dimgrey
ENSG00000055044,darkgrey
ENSG00000059573,dimgrey
ENSG00000105397,dimgrey
ENSG00000106299,dimgrey
ENSG00000106443,darkgrey
ENSG00000107521,darkgrey
ENSG00000110075,dimgrey
ENSG00000114744,lightgrey
ENSG00000138434,darkgrey
ENSG00000141298,dimgrey
ENSG00000159176,darkgrey
ENSG00000177479,indianred
ENSG00000180104,white
ENSG00000182195,dimgrey
ENSG00000197594,brown
ENSG00000217128,lightgrey
ENSG00000240682,dimgrey
ENSG00000013588,gainsboro
ENSG00000050748,dimgrey
ENSG00000071537,darkgrey
ENSG00000072135,darkgrey
ENSG00000104549,darkgrey
ENSG00000105518,darkgrey
ENSG00000105778,darkgrey
ENSG00000109084,gainsboro
ENSG00000113456,dimgrey
ENSG00000125347,dimgrey
ENSG00000135074,lightgrey
ENSG00000136536,dimgrey
ENSG00000136770,snow
ENSG00000138443,darkgrey
ENSG00000162545,dimgrey
ENSG00000164970,darkgrey
ENSG00000173145,darkgrey
ENSG00000184164,whitesmoke
ENSG00000186350,dimgrey
ENSG00000187837,darkgrey
ENSG00000253719,darkgrey
ENSG00000066322,firebrick
ENSG00000070785,dimgrey
ENSG00000083937,lightgrey
ENSG00000109689,firebrick
ENSG00000122870,darkgrey
ENSG00000126749,lightgrey
ENSG00000132388,dimgrey
ENSG00000134480,darkgrey
ENSG00000147475,darkgrey
ENSG00000150779,darkgrey
ENSG00000158042,lightgrey
ENSG00000160293,dimgrey
ENSG00000163541,dimgrey
ENSG00000167930,darkgrey
ENSG00000175130,dimgrey
ENSG00000204673,white
ENSG00000230124,brown
ENSG00000265354,darkgrey
ENSG00000063978,lightgrey
ENSG00000074181,darkgrey
ENSG00000085760,darkgrey
ENSG00000100410,lightgrey
ENSG00000100442,darkgrey
ENSG00000100592,gainsboro
ENSG00000106624,firebrick
ENSG00000107130,dimgrey
ENSG00000111615,dimgrey
ENSG00000112983,darkgrey
ENSG00000113048,dimgrey
ENSG00000116459,dimgrey
ENSG00000117139,dimgrey
ENSG00000121892,dimgrey
ENSG00000123091,darkgrey
ENSG00000131732,lightgrey
ENSG00000133313,lightgrey
ENSG00000134330,darkgrey
ENSG00000138796,dimgrey
ENSG00000150403,darkgrey
ENSG00000154001,dimgrey
ENSG00000155090,lightgrey
ENSG00000158545,dimgrey
ENSG00000164916,dimgrey
ENSG00000165480,dimgrey
ENSG00000169689,dimgrey
ENSG00000172819,white
ENSG00000177189,darkgrey
ENSG00000185721,dimgrey
ENSG00000185808,lightgrey
ENSG00000197724,dimgrey
ENSG00000249669,darkgrey
ENSG00000293322,darkgrey
ENSG00000018189,snow
ENSG00000019549,gainsboro
ENSG00000029363,dimgrey
ENSG00000040275,lightgrey
ENSG00000110090,dimgrey
ENSG00000113163,dimgrey
ENSG00000117000,gainsboro
ENSG00000130332,dimgrey
ENSG00000131724,darkgrey
ENSG00000133943,darkgrey
ENSG00000135940,gainsboro
ENSG00000137273,darkgrey
ENSG00000143153,lightgrey
ENSG00000143515,darkgrey
ENSG00000148843,darkgrey
ENSG00000148925,darkgrey
ENSG00000165801,dimgrey
ENSG00000173039,dimgrey
ENSG00000184207,darkgrey
ENSG00000213923,dimgrey
ENSG00000247556,darkgrey
ENSG00000006712,dimgrey
ENSG00000047644,lightgrey
ENSG00000068796,darkgrey
ENSG00000077942,snow
ENSG00000101216,gainsboro
ENSG00000108679,darkgrey
ENSG00000110237,gainsboro
ENSG00000119401,darkgrey
ENSG00000119900,darkgrey
ENSG00000135250,darkgrey
ENSG00000135930,darkgrey
ENSG00000151779,gainsboro
ENSG00000152465,gainsboro
ENSG00000161904,darkgrey
ENSG00000162607,lightgrey
ENSG00000163527,lightgrey
ENSG00000164031,dimgrey
ENSG00000168610,gainsboro
ENSG00000168883,dimgrey
ENSG00000171621,white
ENSG00000225746,darkgrey
ENSG00000006007,brown
ENSG00000015475,darkgrey
ENSG00000065054,white
ENSG00000065802,white
ENSG00000100526,darkgrey
ENSG00000100591,lightcoral
ENSG00000101825,darkgrey
ENSG00000105559,white
ENSG00000106367,lightcoral
ENSG00000106603,darkgrey
ENSG00000110917,whitesmoke
ENSG00000122958,lightgrey
ENSG00000123384,gainsboro
ENSG00000126814,white
ENSG00000127920,snow
ENSG00000130204,dimgrey
ENSG00000153815,dimgrey
ENSG00000163320,lightgrey
ENSG00000167196,darkgrey
ENSG00000168061,white
ENSG00000168264,lightgrey
ENSG00000170315,lightgrey
ENSG00000173465,lightgrey
ENSG00000177732,gainsboro
ENSG00000179119,dimgrey
ENSG00000182287,white
ENSG00000183160,gainsboro
ENSG00000186591,snow
ENSG00000186866,darkgrey
ENSG00000188021,darkgrey
ENSG00000226479,dimgrey
ENSG00000100220,dimgrey
ENSG00000100503,darkgrey
ENSG00000102908,darkgrey
ENSG00000104884,darkgrey
ENSG00000107021,brown
ENSG00000108523,white
ENSG00000114554,dimgrey
ENSG00000117133,lightgrey
ENSG00000120693,darkgrey
ENSG00000128340,dimgrey
ENSG00000128944,dimgrey
ENSG00000135617,lightgrey
ENSG00000156831,dimgrey
ENSG00000164985,darkgrey
ENSG00000165055,darkgrey
ENSG00000169045,lightgrey
ENSG00000170502,darkgrey
ENSG00000178104,dimgrey
ENSG00000183684,dimgrey
ENSG00000197912,whitesmoke
ENSG00000241258,dimgrey
ENSG00000255198,dimgrey
ENSG00000004866,gainsboro
ENSG00000066557,lightgrey
ENSG00000100603,gainsboro
ENSG00000103326,dimgrey
ENSG00000105676,lightgrey
ENSG00000109111,darkgrey
ENSG00000132646,lightgrey
ENSG00000135932,lightgrey
ENSG00000151176,darkgrey
ENSG00000151500,lightcoral
ENSG00000163482,white
ENSG00000168118,dimgrey
ENSG00000170906,gainsboro
ENSG00000174840,dimgrey
ENSG00000175792,lightgrey
ENSG00000177830,white
ENSG00000181026,whitesmoke
ENSG00000006576,dimgrey
ENSG00000083099,darkgrey
ENSG00000099795,dimgrey
ENSG00000104142,lightcoral
ENSG00000104517,darkgrey
ENSG00000107957,darkgrey
ENSG00000108861,darkgrey
ENSG00000111412,dimgrey
ENSG00000112759,dimgrey
ENSG00000116641,darkgrey
ENSG00000116731,darkgrey
ENSG00000126261,darkgrey
ENSG00000140406,dimgrey
ENSG00000151247,dimgrey
ENSG00000151474,gainsboro
ENSG00000163660,snow
ENSG00000168286,lightgrey
ENSG00000171552,lightcoral
ENSG00000173436,lightgrey
ENSG00000177917,darkgrey
ENSG00000185591,dimgrey
ENSG00000006715,darkgrey
ENSG00000065883,darkgrey
ENSG00000071282,darkgrey
ENSG00000076984,white
ENSG00000090889,gainsboro
ENSG00000095752,dimgrey
ENSG00000100304,dimgrey
ENSG00000102181,whitesmoke
ENSG00000104976,dimgrey
ENSG00000106460,darkgrey
ENSG00000107566,lightgrey
ENSG00000112118,darkgrey
ENSG00000112576,snow
ENSG00000116954,lightgrey
ENSG00000117448,darkgrey
ENSG00000138018,dimgrey
ENSG00000148308,snow
ENSG00000162378,darkgrey
ENSG00000166295,darkgrey
ENSG00000168303,lightgrey
ENSG00000170144,darkgrey
ENSG00000170558,lightgrey
ENSG00000170584,darkgrey
ENSG00000007392,dimgrey
ENSG00000028310,white
ENSG00000067208,darkgrey
ENSG00000087191,snow
ENSG00000087263,darkgrey
ENSG00000102384,lightcoral
ENSG00000122140,darkgrey
ENSG00000122299,darkgrey
ENSG00000123064,firebrick
ENSG00000127528,darkgrey
ENSG00000130202,gainsboro
ENSG00000132002,lightgrey
ENSG00000134882,lightgrey
ENSG00000137876,darkgrey
ENSG00000145782,darkgrey
ENSG00000154229,dimgrey
ENSG00000154803,snow
ENSG00000164815,darkgrey
ENSG00000165704,dimgrey
ENSG00000165886,dimgrey
ENSG00000170522,dimgrey
ENSG00000174501,whitesmoke
ENSG00000179604,dimgrey
ENSG00000181817,darkgrey
ENSG00000183495,snow
ENSG00000011007,dimgrey
ENSG00000071553,dimgrey
ENSG00000099968,dimgrey
ENSG00000103540,dimgrey
ENSG00000110107,white
ENSG00000111707,gainsboro
ENSG00000124193,dimgrey
ENSG00000126088,darkgrey
ENSG00000134987,lightgrey
ENSG00000140990,dimgrey
ENSG00000141959,white
ENSG00000143376,dimgrey
ENSG00000143797,dimgrey
ENSG00000153250,darkgrey
ENSG00000163870,darkgrey
ENSG00000167468,gainsboro
ENSG00000168924,dimgrey
ENSG00000170322,gainsboro
ENSG00000173163,dimgrey
ENSG00000173875,snow
ENSG00000182054,gainsboro
ENSG00000182934,dimgrey
ENSG00000187678,lightgrey
ENSG00000188994,whitesmoke
ENSG00000197757,dimgrey
ENSG00000206538,dimgrey
ENSG00000011275,darkgrey
ENSG00000013583,gainsboro
ENSG00000054116,dimgrey
ENSG00000091009,darkgrey
ENSG00000091483,snow
ENSG00000100350,white
ENSG00000104218,darkgrey
ENSG00000119004,darkgrey
ENSG00000121851,white
ENSG00000123545,lightgrey
ENSG00000156017,darkgrey
ENSG00000156973,dimgrey
ENSG00000157557,darkgrey
ENSG00000158186,gainsboro
ENSG00000164983,dimgrey
ENSG00000168936,firebrick
ENSG00000171314,dimgrey
ENSG00000172046,lightgrey
ENSG00000174238,dimgrey
ENSG00000176697,snow
ENSG00000180573,lightgrey
ENSG00000023572,lightgrey
ENSG00000065427,dimgrey
ENSG00000073712,darkgrey
ENSG00000077684,darkgrey
ENSG00000101194,dimgrey
ENSG00000109929,dimgrey
ENSG00000115216,white
ENSG00000119541,darkgrey
ENSG00000124228,darkgrey
ENSG00000125651,whitesmoke
ENSG00000127663,darkgrey
ENSG00000137100,darkgrey
ENSG00000143970,brown
ENSG00000147601,darkgrey
ENSG00000150867,brown
ENSG00000152944,dimgrey
ENSG00000153130,gainsboro
ENSG00000162775,dimgrey
ENSG00000165102,lightgrey
ENSG00000168765,darkgrey
ENSG00000169018,whitesmoke
ENSG00000170430,firebrick
ENSG00000186001,darkgrey
ENSG00000214113,dimgrey
ENSG00000068745,dimgrey
ENSG00000100941,darkgrey
ENSG00000101871,gainsboro
ENSG00000104368,lightgrey
ENSG00000112062,darkgrey
ENSG00000113300,dimgrey
ENSG00000116030,lightgrey
ENSG00000119632,darkgrey
ENSG00000120697,lightgrey
ENSG00000123472,darkgrey
ENSG00000126778,darkgrey
ENSG00000127540,darkgrey
ENSG00000130724,darkgrey
ENSG00000132535,dimgrey
ENSG00000134222,dimgrey
ENSG00000141380,dimgrey
ENSG00000146278,darkgrey
ENSG00000155755,dimgrey
ENSG00000163491,darkgrey
ENSG00000172531,darkgrey
ENSG00000184220,whitesmoke
ENSG00000186298,darkgrey
ENSG00000189266,darkgrey
ENSG00000196072,lightgrey
ENSG00000196712,white
ENSG00000197969,darkgrey
ENSG00000198954,darkgrey
ENSG00000007047,lightcoral
ENSG00000075711,darkgrey
ENSG00000079150,lightgrey
ENSG00000100749,lightgrey
ENSG00000101079,white
ENSG00000101236,dimgrey
ENSG00000102760,darkgrey
ENSG00000125166,dimgrey
ENSG00000132305,dimgrey
ENSG00000146433,darkgrey
ENSG00000154122,darkgrey
ENSG00000164114,firebrick
ENSG00000179954,lightcoral
ENSG00000187051,dimgrey
ENSG00000196776,darkgrey
ENSG00000197982,snow
ENSG00000204130,darkgrey
ENSG00000228305,gainsboro
ENSG00000243927,dimgrey
ENSG00000064651,dimgrey
ENSG00000101577,darkgrey
ENSG00000103544,lightgrey
ENSG00000107731,gainsboro
ENSG00000108797,darkgrey
ENSG00000113575,darkgrey
ENSG00000116704,lightgrey
ENSG00000123178,lightgrey
ENSG00000124006,gainsboro
ENSG00000132323,lightgrey
ENSG00000134318,gainsboro
ENSG00000135269,dimgrey
ENSG00000136051,darkgrey
ENSG00000136068,whitesmoke
ENSG00000137814,darkgrey
ENSG00000141456,gainsboro
ENSG00000144567,dimgrey
ENSG00000145685,gainsboro
ENSG00000160888,darkgrey
ENSG00000182512,dimgrey
ENSG00000196663,snow
ENSG00000196743,dimgrey
ENSG00000198836,dimgrey
ENSG00000047932,darkgrey
ENSG00000048392,dimgrey
ENSG00000100284,dimgrey
ENSG00000101546,darkgrey
ENSG00000112159,darkgrey
ENSG00000119397,darkgrey
ENSG00000125351,whitesmoke
ENSG00000127863,darkgrey
ENSG00000130119,whitesmoke
ENSG00000130731,lightcoral
ENSG00000142731,lightgrey
ENSG00000152818,darkgrey
ENSG00000159200,lightgrey
ENSG00000163918,darkgrey
ENSG00000166326,darkgrey
ENSG00000167258,lightgrey
ENSG00000175054,lightgrey
ENSG00000185900,lightgrey
ENSG00000215717,darkgrey
ENSG00000012660,snow
ENSG00000058056,dimgrey
ENSG00000070010,whitesmoke
ENSG00000112312,whitesmoke
ENSG00000115446,dimgrey
ENSG00000127838,darkgrey
ENSG00000135334,darkgrey
ENSG00000136444,snow
ENSG00000140105,gainsboro
ENSG00000147202,lightgrey
ENSG00000151612,whitesmoke
ENSG00000154845,dimgrey
ENSG00000157978,dimgrey
ENSG00000162385,lightcoral
ENSG00000163950,dimgrey
ENSG00000164818,gainsboro
ENSG00000166997,darkgrey
ENSG00000170266,dimgrey
ENSG00000197579,brown
ENSG00000223749,darkgrey
ENSG00000056586,dimgrey
ENSG00000080815,darkgrey
ENSG00000092621,darkgrey
ENSG00000101773,lightgrey
ENSG00000101849,dimgrey
ENSG00000102978,darkgrey
ENSG00000109452,darkgrey
ENSG00000115520,dimgrey
ENSG00000118096,indianred
ENSG00000139726,darkgrey
ENSG00000144815,white
ENSG00000145390,gainsboro
ENSG00000145833,whitesmoke
ENSG00000146197,darkgrey
ENSG00000148700,darkgrey
ENSG00000164109,darkgrey
ENSG00000164163,darkgrey
ENSG00000165671,darkgrey
ENSG00000168542,darkgrey
ENSG00000169902,dimgrey
ENSG00000171940,dimgrey
ENSG00000185085,darkgrey
ENSG00000198498,dimgrey
ENSG00000205060,darkgrey
ENSG00000213066,snow
ENSG00000214941,whitesmoke
ENSG00000220205,white
ENSG00000245910,darkgrey
ENSG00000023909,lightgrey
ENSG00000072415,brown
ENSG00000085982,darkgrey
ENSG00000101928,dimgrey
ENSG00000104447,brown
ENSG00000107036,darkgrey
ENSG00000107643,brown
ENSG00000109445,lightgrey
ENSG00000111581,lightgrey
ENSG00000113282,darkgrey
ENSG00000120137,dimgrey
ENSG00000125991,snow
ENSG00000129055,dimgrey
ENSG00000130158,white
ENSG00000131475,lightgrey
ENSG00000135837,darkgrey
ENSG00000137193,darkgrey
ENSG00000137996,darkgrey
ENSG00000145912,darkgrey
ENSG00000153936,dimgrey
ENSG00000155957,darkgrey
ENSG00000157168,lightgrey
ENSG00000165156,darkgrey
ENSG00000177374,dimgrey
ENSG00000178951,darkgrey
ENSG00000178996,dimgrey
ENSG00000204569,white
ENSG00000204574,darkgrey
ENSG00000250461,darkgrey
ENSG00000013016,dimgrey
ENSG00000047249,lightgrey
ENSG00000070761,dimgrey
ENSG00000079999,dimgrey
ENSG00000083520,lightgrey
ENSG00000089159,darkgrey
ENSG00000089902,darkgrey
ENSG00000090971,dimgrey
ENSG00000100997,dimgrey
ENSG00000102595,darkgrey
ENSG00000106638,dimgrey
ENSG00000108592,darkgrey
ENSG00000113384,dimgrey
ENSG00000113569,dimgrey
ENSG00000120675,darkgrey
ENSG00000130517,gainsboro
ENSG00000131165,dimgrey
ENSG00000132823,dimgrey
ENSG00000136891,darkgrey
ENSG00000136937,dimgrey
ENSG00000138768,darkgrey
ENSG00000140577,dimgrey
ENSG00000140854,dimgrey
ENSG00000144827,lightgrey
ENSG00000145220,darkgrey
ENSG00000147853,dimgrey
ENSG00000148690,darkgrey
ENSG00000151304,darkgrey
ENSG00000157514,white
ENSG00000164244,dimgrey
ENSG00000166173,dimgrey
ENSG00000166266,darkgrey
ENSG00000169967,dimgrey
ENSG00000213079,gainsboro
ENSG00000213237,whitesmoke
ENSG00000228716,darkgrey
ENSG00000241973,darkgrey
ENSG00000010270,lightgrey
ENSG00000019991,white
ENSG00000090060,dimgrey
ENSG00000095303,dimgrey
ENSG00000101365,dimgrey
ENSG00000101782,dimgrey
ENSG00000102858,lightgrey
ENSG00000103932,dimgrey
ENSG00000105576,white
ENSG00000107798,dimgrey
ENSG00000111269,gainsboro
ENSG00000116191,gainsboro
ENSG00000123609,gainsboro
ENSG00000127990,lightgrey
ENSG00000139579,gainsboro
ENSG00000142002,whitesmoke
ENSG00000150787,dimgrey
ENSG00000151116,dimgrey
ENSG00000151502,darkgrey
ENSG00000159348,gainsboro
ENSG00000165633,white
ENSG00000177119,dimgrey
ENSG00000186187,darkgrey
ENSG00000196544,firebrick
ENSG00000196935,darkgrey
ENSG00000203791,lightgrey
ENSG00000226928,darkgrey
ENSG00000232388,darkgrey
ENSG00000242247,darkgrey
ENSG00000248092,dimgrey
ENSG00000005302,darkgrey
ENSG00000054654,darkgrey
ENSG00000072571,darkgrey
ENSG00000100883,darkgrey
ENSG00000103485,gainsboro
ENSG00000110395,darkgrey
ENSG00000116237,dimgrey
ENSG00000116478,darkgrey
ENSG00000120451,darkgrey
ENSG00000127463,gainsboro
ENSG00000127955,dimgrey
ENSG00000128606,brown
ENSG00000134759,whitesmoke
ENSG00000135245,dimgrey
ENSG00000136718,darkgrey
ENSG00000162441,darkgrey
ENSG00000162616,dimgrey
ENSG00000166579,whitesmoke
ENSG00000169062,darkgrey
ENSG00000177666,gainsboro
ENSG00000183513,darkgrey
ENSG00000189091,dimgrey
ENSG00000198546,lightgrey
ENSG00000198768,lightcoral
ENSG00000005243,gainsboro
ENSG00000005483,darkgrey
ENSG00000049130,lightgrey
ENSG00000061938,dimgrey
ENSG00000072849,darkgrey
ENSG00000077152,lightgrey
ENSG00000084774,darkgrey
ENSG00000101146,dimgrey
ENSG00000105472,white
ENSG00000106682,darkgrey
ENSG00000111652,dimgrey
ENSG00000115648,darkgrey
ENSG00000119787,dimgrey
ENSG00000123684,darkgrey
ENSG00000130175,white
ENSG00000130449,gainsboro
ENSG00000131013,darkgrey
ENSG00000135414,snow
ENSG00000138867,white
ENSG00000151422,darkgrey
ENSG00000152767,darkgrey
ENSG00000165507,darkgrey
ENSG00000166272,dimgrey
ENSG00000168938,dimgrey
ENSG00000169398,darkgrey
ENSG00000169925,dimgrey
ENSG00000173542,dimgrey
ENSG00000174574,darkgrey
ENSG00000183624,lightcoral
ENSG00000186577,indianred
ENSG00000214389,dimgrey
ENSG00000221968,dimgrey
ENSG00000283390,dimgrey
ENSG00000063854,darkgrey
ENSG00000064601,darkgrey
ENSG00000073050,dimgrey
ENSG00000087116,darkgrey
ENSG00000092096,dimgrey
ENSG00000102738,dimgrey
ENSG00000104312,dimgrey
ENSG00000104321,darkgrey
ENSG00000105552,lightgrey
ENSG00000105711,firebrick
ENSG00000109171,gainsboro
ENSG00000115970,whitesmoke
ENSG00000117118,lightgrey
ENSG00000120063,darkgrey
ENSG00000126012,lightgrey
ENSG00000126767,darkgrey
ENSG00000131669,gainsboro
ENSG00000131748,darkgrey
ENSG00000136270,indianred
ENSG00000136888,dimgrey
ENSG00000141504,darkgrey
ENSG00000143106,darkgrey
ENSG00000149131,darkgrey
ENSG00000151131,whitesmoke
ENSG00000151553,dimgrey
ENSG00000164574,darkgrey
ENSG00000166025,dimgrey
ENSG00000166135,snow
ENSG00000168701,gainsboro
ENSG00000168899,gainsboro
ENSG00000181396,lightgrey
ENSG00000183291,dimgrey
ENSG00000185324,dimgrey
ENSG00000198399,darkgrey
ENSG00000198818,darkgrey
ENSG00000205250,lightgrey
ENSG00000066933,darkgrey
ENSG00000101290,dimgrey
ENSG00000101596,darkgrey
ENSG00000108039,darkgrey
ENSG00000108389,snow
ENSG00000109089,gainsboro
ENSG00000111605,dimgrey
ENSG00000112208,darkgrey
ENSG00000112715,dimgrey
ENSG00000113319,lightgrey
ENSG00000119471,white
ENSG00000135899,darkgrey
ENSG00000139546,dimgrey
ENSG00000140950,lightgrey
ENSG00000143641,darkgrey
ENSG00000165572,whitesmoke
ENSG00000168310,darkgrey
ENSG00000173064,darkgrey
ENSG00000176915,darkgrey
ENSG00000183354,whitesmoke
ENSG00000184575,darkgrey
ENSG00000196652,dimgrey
ENSG00000198160,dimgrey
ENSG00000198380,dimgrey
ENSG00000244486,gainsboro
ENSG00000023041,dimgrey
ENSG00000066697,gainsboro
ENSG00000069956,darkgrey
ENSG00000090263,dimgrey
ENSG00000099804,dimgrey
ENSG00000101557,dimgrey
ENSG00000104472,dimgrey
ENSG00000105928,darkgrey
ENSG00000109814,dimgrey
ENSG00000112699,dimgrey
ENSG00000115363,dimgrey
ENSG00000119640,dimgrey
ENSG00000122515,lightgrey
ENSG00000130560,gainsboro
ENSG00000130589,white
ENSG00000147454,brown
ENSG00000152377,dimgrey
ENSG00000157837,darkgrey
ENSG00000163625,dimgrey
ENSG00000163832,whitesmoke
ENSG00000164062,snow
ENSG00000164081,darkgrey
ENSG00000168487,gainsboro
ENSG00000171307,brown
ENSG00000179981,darkgrey
ENSG00000198824,darkgrey
ENSG00000198911,lightgrey
ENSG00000204370,darkgrey
ENSG00000259207,lightcoral
ENSG00000065485,darkgrey
ENSG00000101220,firebrick
ENSG00000102786,darkgrey
ENSG00000104320,lightgrey
ENSG00000105186,whitesmoke
ENSG00000108312,white
ENSG00000109854,darkgrey
ENSG00000112130,gainsboro
ENSG00000115514,darkgrey
ENSG00000116138,lightgrey
ENSG00000116667,dimgrey
ENSG00000124788,darkgrey
ENSG00000130338,dimgrey
ENSG00000132466,darkgrey
ENSG00000135108,darkgrey
ENSG00000149554,dimgrey
ENSG00000162910,dimgrey
ENSG00000165775,darkgrey
ENSG00000166068,dimgrey
ENSG00000166483,darkgrey
ENSG00000169490,dimgrey
ENSG00000171792,snow
ENSG00000171960,dimgrey
ENSG00000172340,darkgrey
ENSG00000172831,darkgrey
ENSG00000176101,darkgrey
ENSG00000176261,darkgrey
ENSG00000178057,white
ENSG00000184470,white
ENSG00000242588,whitesmoke
ENSG00000247596,lightcoral
ENSG00000269888,lightcoral
ENSG00000290923,firebrick
ENSG00000017260,darkgrey
ENSG00000024048,lightgrey
ENSG00000049860,darkgrey
ENSG00000071655,lightgrey
ENSG00000082516,whitesmoke
ENSG00000090530,darkgrey
ENSG00000095906,dimgrey
ENSG00000105379,dimgrey
ENSG00000107625,white
ENSG00000107959,darkgrey
ENSG00000111300,darkgrey
ENSG00000114316,darkgrey
ENSG00000115204,gainsboro
ENSG00000115486,darkgrey
ENSG00000116670,dimgrey
ENSG00000119041,darkgrey
ENSG00000128805,lightgrey
ENSG00000133131,dimgrey
ENSG00000133812,darkgrey
ENSG00000134138,dimgrey
ENSG00000136631,darkgrey
ENSG00000137275,lightgrey
ENSG00000138134,darkgrey
ENSG00000138709,darkgrey
ENSG00000140931,dimgrey
ENSG00000141030,lightgrey
ENSG00000147471,dimgrey
ENSG00000148737,gainsboro
ENSG00000154305,darkgrey
ENSG00000164830,darkgrey
ENSG00000166396,lightgrey
ENSG00000167515,dimgrey
ENSG00000167543,white
ENSG00000168172,gainsboro
ENSG00000173918,gainsboro
ENSG00000183735,darkgrey
ENSG00000204104,gainsboro
ENSG00000205758,darkgrey
ENSG00000229344,lightcoral
ENSG00000257704,gainsboro
ENSG00000025293,darkgrey
ENSG00000026103,lightgrey
ENSG00000039123,gainsboro
ENSG00000053900,dimgrey
ENSG00000066135,dimgrey
ENSG00000066654,gainsboro
ENSG00000068912,darkgrey
ENSG00000078304,darkgrey
ENSG00000079805,whitesmoke
ENSG00000085449,dimgrey
ENSG00000102390,lightcoral
ENSG00000104671,dimgrey
ENSG00000112167,darkgrey
ENSG00000114209,dimgrey
ENSG00000118257,gainsboro
ENSG00000120438,darkgrey
ENSG00000120896,darkgrey
ENSG00000124380,dimgrey
ENSG00000125772,dimgrey
ENSG00000135926,firebrick
ENSG00000136940,darkgrey
ENSG00000138002,lightgrey
ENSG00000151292,dimgrey
ENSG00000158796,lightgrey
ENSG00000159063,darkgrey
ENSG00000163510,darkgrey
ENSG00000164609,gainsboro
ENSG00000173546,dimgrey
ENSG00000182963,white
ENSG00000183023,darkgrey
ENSG00000286219,darkgrey
ENSG00000070413,dimgrey
ENSG00000079277,darkgrey
ENSG00000086827,firebrick
ENSG00000087365,gainsboro
ENSG00000100418,darkgrey
ENSG00000100439,darkgrey
ENSG00000101407,dimgrey
ENSG00000103051,darkgrey
ENSG00000105339,darkgrey
ENSG00000105373,darkgrey
ENSG00000107186,dimgrey
ENSG00000110492,dimgrey
ENSG00000114405,darkgrey
ENSG00000115761,darkgrey
ENSG00000117682,darkgrey
ENSG00000119616,darkgrey
ENSG00000128309,darkgrey
ENSG00000133243,dimgrey
ENSG00000145246,darkgrey
ENSG00000146373,darkgrey
ENSG00000151239,lightgrey
ENSG00000154727,darkgrey
ENSG00000164087,lightcoral
ENSG00000179218,darkgrey
ENSG00000180822,darkgrey
ENSG00000180964,darkgrey
ENSG00000183527,darkgrey
ENSG00000185658,indianred
ENSG00000197496,darkgrey
ENSG00000213619,dimgrey
ENSG00000215039,whitesmoke
ENSG00000240849,darkgrey
ENSG00000242498,darkgrey
ENSG00000004534,darkgrey
ENSG00000011454,gainsboro
ENSG00000104131,whitesmoke
ENSG00000108055,whitesmoke
ENSG00000116857,dimgrey
ENSG00000116918,darkgrey
ENSG00000124789,lightgrey
ENSG00000126453,dimgrey
ENSG00000127527,gainsboro
ENSG00000128510,gainsboro
ENSG00000137573,darkgrey
ENSG00000148334,indianred
ENSG00000154447,darkgrey
ENSG00000156502,snow
ENSG00000157106,darkgrey
ENSG00000157593,dimgrey
ENSG00000163507,darkgrey
ENSG00000163597,darkgrey
ENSG00000166479,lightgrey
ENSG00000166908,dimgrey
ENSG00000169118,dimgrey
ENSG00000173889,lightgrey
ENSG00000174231,gainsboro
ENSG00000177192,dimgrey
ENSG00000183807,dimgrey
ENSG00000184838,darkgrey
ENSG00000184939,darkgrey
ENSG00000197603,darkgrey
ENSG00000268205,darkgrey
ENSG00000011566,darkgrey
ENSG00000023191,gainsboro
ENSG00000089248,dimgrey
ENSG00000100029,dimgrey
ENSG00000100364,dimgrey
ENSG00000106049,dimgrey
ENSG00000108651,gainsboro
ENSG00000111639,dimgrey
ENSG00000111911,darkgrey
ENSG00000115207,dimgrey
ENSG00000115504,darkgrey
ENSG00000118200,snow
ENSG00000120616,darkgrey
ENSG00000124275,dimgrey
ENSG00000128185,lightgrey
ENSG00000134684,gainsboro
ENSG00000134853,dimgrey
ENSG00000136205,darkgrey
ENSG00000143891,gainsboro
ENSG00000150776,gainsboro
ENSG00000164506,lightgrey
ENSG00000174705,darkgrey
ENSG00000179912,gainsboro
ENSG00000189306,dimgrey
ENSG00000221914,whitesmoke
ENSG00000055130,dimgrey
ENSG00000067955,gainsboro
ENSG00000068724,whitesmoke
ENSG00000076003,darkgrey
ENSG00000088367,firebrick
ENSG00000099290,darkgrey
ENSG00000100852,darkgrey
ENSG00000102241,darkgrey
ENSG00000113312,whitesmoke
ENSG00000113391,darkgrey
ENSG00000118922,darkgrey
ENSG00000130939,dimgrey
ENSG00000137492,lightgrey
ENSG00000142875,darkgrey
ENSG00000143457,darkgrey
ENSG00000149577,lightgrey
ENSG00000149657,darkgrey
ENSG00000152492,darkgrey
ENSG00000154719,indianred
ENSG00000155508,lightgrey
ENSG00000158411,darkgrey
ENSG00000163659,dimgrey
ENSG00000163661,darkgrey
ENSG00000166886,white
ENSG00000167291,dimgrey
ENSG00000168259,whitesmoke
ENSG00000168724,lightgrey
ENSG00000170385,darkgrey
ENSG00000170633,dimgrey
ENSG00000186767,lightgrey
ENSG00000189376,darkgrey
ENSG00000198931,darkgrey
ENSG00000234745,dimgrey
ENSG00000288781,darkgrey
ENSG00000002549,darkgrey
ENSG00000083642,darkgrey
ENSG00000096717,dimgrey
ENSG00000103145,gainsboro
ENSG00000103351,dimgrey
ENSG00000111711,darkgrey
ENSG00000112033,dimgrey
ENSG00000112701,darkgrey
ENSG00000112742,darkgrey
ENSG00000117713,gainsboro
ENSG00000128335,firebrick
ENSG00000138685,lightgrey
ENSG00000143079,dimgrey
ENSG00000148337,dimgrey
ENSG00000163389,brown
ENSG00000165304,dimgrey
ENSG00000167535,dimgrey
ENSG00000178188,lightcoral
ENSG00000180776,lightgrey
ENSG00000187240,whitesmoke
ENSG00000188725,lightgrey
ENSG00000291093,dimgrey
ENSG00000023608,darkgrey
ENSG00000029725,dimgrey
ENSG00000056972,darkgrey
ENSG00000065328,indianred
ENSG00000069345,lightgrey
ENSG00000078061,dimgrey
ENSG00000080986,darkgrey
ENSG00000099904,dimgrey
ENSG00000101333,darkgrey
ENSG00000105135,darkgrey
ENSG00000107263,lightgrey
ENSG00000110925,lightgrey
ENSG00000123636,darkgrey
ENSG00000129534,whitesmoke
ENSG00000130813,white
ENSG00000130921,darkgrey
ENSG00000135218,darkgrey
ENSG00000136731,darkgrey
ENSG00000147874,dimgrey
ENSG00000148908,darkgrey
ENSG00000151287,lightgrey
ENSG00000157014,lightgrey
ENSG00000158301,dimgrey
ENSG00000159479,lightgrey
ENSG00000163961,whitesmoke
ENSG00000165630,darkgrey
ENSG00000166888,gainsboro
ENSG00000169857,brown
ENSG00000171456,dimgrey
ENSG00000171681,gainsboro
ENSG00000173511,darkgrey
ENSG00000174013,dimgrey
ENSG00000178950,dimgrey
ENSG00000185414,dimgrey
ENSG00000186575,dimgrey
ENSG00000188677,white
ENSG00000196950,darkgrey
ENSG00000198483,whitesmoke
ENSG00000198742,darkgrey
ENSG00000198832,gainsboro
ENSG00000224078,gainsboro
ENSG00000001167,dimgrey
ENSG00000008311,whitesmoke
ENSG00000048740,dimgrey
ENSG00000078237,brown
ENSG00000079102,dimgrey
ENSG00000090470,darkgrey
ENSG00000100348,dimgrey
ENSG00000102189,darkgrey
ENSG00000104164,darkgrey
ENSG00000105325,dimgrey
ENSG00000106829,gainsboro
ENSG00000110888,lightgrey
ENSG00000111667,white
ENSG00000112992,lightgrey
ENSG00000113812,darkgrey
ENSG00000116830,dimgrey
ENSG00000123159,dimgrey
ENSG00000124177,darkgrey
ENSG00000125484,darkgrey
ENSG00000135655,darkgrey
ENSG00000138175,dimgrey
ENSG00000144711,snow
ENSG00000152684,darkgrey
ENSG00000156052,darkgrey
ENSG00000156671,darkgrey
ENSG00000164168,lightgrey
ENSG00000168874,dimgrey
ENSG00000171824,dimgrey
ENSG00000176623,dimgrey
ENSG00000176853,dimgrey
ENSG00000179085,dimgrey
ENSG00000180357,indianred
ENSG00000185215,dimgrey
ENSG00000197217,dimgrey
ENSG00000247077,gainsboro
ENSG00000257621,darkgrey
ENSG00000010295,indianred
ENSG00000016864,darkgrey
ENSG00000020577,gainsboro
ENSG00000033327,firebrick
ENSG00000049540,dimgrey
ENSG00000051825,darkgrey
ENSG00000073614,whitesmoke
ENSG00000080608,whitesmoke
ENSG00000080823,dimgrey
ENSG00000106344,darkgrey
ENSG00000107175,firebrick
ENSG00000111817,darkgrey
ENSG00000114982,firebrick
ENSG00000117625,darkgrey
ENSG00000119899,darkgrey
ENSG00000123411,darkgrey
ENSG00000124523,darkgrey
ENSG00000124733,darkgrey
ENSG00000124784,darkgrey
ENSG00000131153,dimgrey
ENSG00000131508,gainsboro
ENSG00000131791,darkgrey
ENSG00000135002,brown
ENSG00000135148,dimgrey
ENSG00000138613,gainsboro
ENSG00000141699,gainsboro
ENSG00000143093,lightcoral
ENSG00000146670,darkgrey
ENSG00000152223,lightgrey
ENSG00000153922,firebrick
ENSG00000154678,darkgrey
ENSG00000154832,dimgrey
ENSG00000155115,lightgrey
ENSG00000156026,dimgrey
ENSG00000164898,darkgrey
ENSG00000175387,darkgrey
ENSG00000175906,white
ENSG00000176396,dimgrey
ENSG00000178567,dimgrey
ENSG00000184349,white
ENSG00000188352,darkgrey
ENSG00000205364,darkgrey
ENSG00000205981,gainsboro
ENSG00000213337,dimgrey
ENSG00000215712,darkgrey
ENSG00000235106,darkgrey
ENSG00000244187,white
ENSG00000250471,lightgrey
ENSG00000012232,lightgrey
ENSG00000053254,dimgrey
ENSG00000063601,dimgrey
ENSG00000064012,dimgrey
ENSG00000067798,lightgrey
ENSG00000070061,darkgrey
ENSG00000083635,dimgrey
ENSG00000100028,lightcoral
ENSG00000100714,lightgrey
ENSG00000102466,darkgrey
ENSG00000102804,lightgrey
ENSG00000104133,darkgrey
ENSG00000104853,dimgrey
ENSG00000105245,snow
ENSG00000105270,indianred
ENSG00000112242,darkgrey
ENSG00000113558,darkgrey
ENSG00000114331,darkgrey
ENSG00000114480,darkgrey
ENSG00000116698,gainsboro
ENSG00000116977,darkgrey
ENSG00000123933,gainsboro
ENSG00000123992,gainsboro
ENSG00000126787,darkgrey
ENSG00000133265,white
ENSG00000135720,snow
ENSG00000138750,darkgrey
ENSG00000144909,dimgrey
ENSG00000160058,darkgrey
ENSG00000162430,white
ENSG00000163635,dimgrey
ENSG00000164934,darkgrey
ENSG00000166619,dimgrey
ENSG00000169375,white
ENSG00000182446,dimgrey
ENSG00000183530,darkgrey
ENSG00000186660,lightgrey
ENSG00000197461,darkgrey
ENSG00000006016,gainsboro
ENSG00000010219,gainsboro
ENSG00000035687,dimgrey
ENSG00000072657,lightgrey
ENSG00000085415,lightgrey
ENSG00000090615,dimgrey
ENSG00000102034,indianred
ENSG00000103264,dimgrey
ENSG00000106144,dimgrey
ENSG00000108578,firebrick
ENSG00000108819,gainsboro
ENSG00000109118,firebrick
ENSG00000112996,gainsboro
ENSG00000120656,darkgrey
ENSG00000124067,dimgrey
ENSG00000133706,dimgrey
ENSG00000136448,darkgrey
ENSG00000137168,whitesmoke
ENSG00000144566,dimgrey
ENSG00000145916,gainsboro
ENSG00000149483,dimgrey
ENSG00000152291,darkgrey
ENSG00000155363,gainsboro
ENSG00000156030,darkgrey
ENSG00000159164,firebrick
ENSG00000160785,lightgrey
ENSG00000163558,darkgrey
ENSG00000171302,gainsboro
ENSG00000171914,gainsboro
ENSG00000172379,gainsboro
ENSG00000173068,gainsboro
ENSG00000175354,darkgrey
ENSG00000181894,whitesmoke
ENSG00000185022,dimgrey
ENSG00000205659,gainsboro
ENSG00000004455,lightgrey
ENSG00000010810,darkgrey
ENSG00000012983,darkgrey
ENSG00000015676,lightgrey
ENSG00000096093,snow
ENSG00000100983,dimgrey
ENSG00000103381,lightgrey
ENSG00000107020,darkgrey
ENSG00000117226,lightgrey
ENSG00000119917,darkgrey
ENSG00000121073,dimgrey
ENSG00000125734,dimgrey
ENSG00000127884,white
ENSG00000129691,darkgrey
ENSG00000131558,gainsboro
ENSG00000133704,dimgrey
ENSG00000134109,dimgrey
ENSG00000136560,darkgrey
ENSG00000139990,snow
ENSG00000144724,darkgrey
ENSG00000148400,darkgrey
ENSG00000148444,dimgrey
ENSG00000157259,lightgrey
ENSG00000158161,dimgrey
ENSG00000164975,darkgrey
ENSG00000166900,darkgrey
ENSG00000167700,dimgrey
ENSG00000168397,white
ENSG00000169410,lightgrey
ENSG00000169679,darkgrey
ENSG00000170471,gainsboro
ENSG00000170775,white
ENSG00000175455,darkgrey
ENSG00000176087,darkgrey
ENSG00000182180,lightgrey
ENSG00000185532,darkgrey
ENSG00000198874,lightcoral
ENSG00000259330,lightgrey
ENSG00000014919,gainsboro
ENSG00000021776,darkgrey
ENSG00000036054,dimgrey
ENSG00000076928,white
ENSG00000103194,darkgrey
ENSG00000103507,brown
ENSG00000106993,lightgrey
ENSG00000109189,darkgrey
ENSG00000110619,dimgrey
ENSG00000118263,darkgrey
ENSG00000118495,darkgrey
ENSG00000119969,darkgrey
ENSG00000120093,darkgrey
ENSG00000121578,darkgrey
ENSG00000124532,darkgrey
ENSG00000134897,darkgrey
ENSG00000135441,darkgrey
ENSG00000136010,darkgrey
ENSG00000136754,darkgrey
ENSG00000136908,dimgrey
ENSG00000141698,dimgrey
ENSG00000145391,dimgrey
ENSG00000151276,darkgrey
ENSG00000154188,dimgrey
ENSG00000156603,dimgrey
ENSG00000160613,whitesmoke
ENSG00000162695,darkgrey
ENSG00000165392,darkgrey
ENSG00000169221,dimgrey
ENSG00000170037,white
ENSG00000170776,darkgrey
ENSG00000172057,lightgrey
ENSG00000173065,firebrick
ENSG00000177951,darkgrey
ENSG00000006744,darkgrey
ENSG00000067829,darkgrey
ENSG00000070404,brown
ENSG00000072518,lightcoral
ENSG00000100211,gainsboro
ENSG00000101161,firebrick
ENSG00000104872,dimgrey
ENSG00000108021,darkgrey
ENSG00000117758,darkgrey
ENSG00000118473,darkgrey
ENSG00000121060,gainsboro
ENSG00000128915,lightgrey
ENSG00000134874,gainsboro
ENSG00000135365,whitesmoke
ENSG00000139641,gainsboro
ENSG00000145687,darkgrey
ENSG00000146676,darkgrey
ENSG00000149499,dimgrey
ENSG00000162407,gainsboro
ENSG00000163875,dimgrey
ENSG00000164167,lightgrey
ENSG00000164576,indianred
ENSG00000165219,darkgrey
ENSG00000167005,darkgrey
ENSG00000171033,lightcoral
ENSG00000174442,dimgrey
ENSG00000181038,whitesmoke
ENSG00000184281,whitesmoke
ENSG00000189337,gainsboro
ENSG00000254685,dimgrey
ENSG00000013275,dimgrey
ENSG00000041880,darkgrey
ENSG00000076053,dimgrey
ENSG00000076321,dimgrey
ENSG00000088448,darkgrey
ENSG00000100100,dimgrey
ENSG00000100162,dimgrey
ENSG00000100461,gainsboro
ENSG00000110031,dimgrey
ENSG00000110315,darkgrey
ENSG00000111725,dimgrey
ENSG00000119318,darkgrey
ENSG00000120008,darkgrey
ENSG00000126950,lightcoral
ENSG00000128585,darkgrey
ENSG00000133114,lightgrey
ENSG00000139291,dimgrey
ENSG00000140443,darkgrey
ENSG00000146085,lightgrey
ENSG00000146143,lightgrey
ENSG00000154124,lightgrey
ENSG00000160783,lightgrey
ENSG00000160953,gainsboro
ENSG00000162961,darkgrey
ENSG00000166394,gainsboro
ENSG00000167881,darkgrey
ENSG00000168884,dimgrey
ENSG00000172845,darkgrey
ENSG00000173950,dimgrey
ENSG00000174243,dimgrey
ENSG00000181788,dimgrey
ENSG00000181852,darkgrey
ENSG00000186687,dimgrey
ENSG00000188636,darkgrey
ENSG00000197170,darkgrey
ENSG00000198964,darkgrey
ENSG00000205730,gainsboro
ENSG00000215301,lightgrey
ENSG00000243943,dimgrey
ENSG00000293352,whitesmoke
ENSG00000005486,darkgrey
ENSG00000011332,dimgrey
ENSG00000011405,dimgrey
ENSG00000032444,dimgrey
ENSG00000061337,dimgrey
ENSG00000064703,darkgrey
ENSG00000081087,darkgrey
ENSG00000100614,darkgrey
ENSG00000105612,whitesmoke
ENSG00000109756,darkgrey
ENSG00000117143,darkgrey
ENSG00000121297,dimgrey
ENSG00000133773,whitesmoke
ENSG00000137692,dimgrey
ENSG00000140836,whitesmoke
ENSG00000144320,dimgrey
ENSG00000148411,darkgrey
ENSG00000148672,lightgrey
ENSG00000148848,gainsboro
ENSG00000163348,indianred
ENSG00000166562,darkgrey
ENSG00000167272,darkgrey
ENSG00000167770,dimgrey
ENSG00000176973,dimgrey
ENSG00000177888,dimgrey
ENSG00000183172,darkgrey
ENSG00000187257,whitesmoke
ENSG00000213563,white
ENSG00000220130,whitesmoke
ENSG00000010256,gainsboro
ENSG00000023516,darkgrey
ENSG00000042493,lightcoral
ENSG00000055609,darkgrey
ENSG00000069869,lightgrey
ENSG00000100092,gainsboro
ENSG00000105393,dimgrey
ENSG00000107890,darkgrey
ENSG00000108639,dimgrey
ENSG00000110422,gainsboro
ENSG00000111912,snow
ENSG00000115839,dimgrey
ENSG00000125901,gainsboro
ENSG00000134852,dimgrey
ENSG00000135974,darkgrey
ENSG00000137073,darkgrey
ENSG00000137815,darkgrey
ENSG00000138802,lightgrey
ENSG00000147457,darkgrey
ENSG00000154736,gainsboro
ENSG00000157350,gainsboro
ENSG00000160392,dimgrey
ENSG00000160688,dimgrey
ENSG00000162413,dimgrey
ENSG00000163161,darkgrey
ENSG00000163655,dimgrey
ENSG00000165494,darkgrey
ENSG00000168758,dimgrey
ENSG00000170921,darkgrey
ENSG00000178295,darkgrey
ENSG00000181751,lightgrey
ENSG00000183955,dimgrey
ENSG00000196792,gainsboro
ENSG00000197785,dimgrey
ENSG00000198792,darkgrey
ENSG00000211448,gainsboro
ENSG00000255717,whitesmoke
ENSG00000031823,indianred
ENSG00000041802,darkgrey
ENSG00000064995,darkgrey
ENSG00000072803,snow
ENSG00000074755,dimgrey
ENSG00000100154,darkgrey
ENSG00000100372,lightgrey
ENSG00000108349,dimgrey
ENSG00000111726,brown
ENSG00000115966,dimgrey
ENSG00000117533,dimgrey
ENSG00000123066,snow
ENSG00000134575,dimgrey
ENSG00000135372,firebrick
ENSG00000143751,darkgrey
ENSG00000158402,dimgrey
ENSG00000160194,lightgrey
ENSG00000161714,brown
ENSG00000162129,dimgrey
ENSG00000162222,darkgrey
ENSG00000164930,darkgrey
ENSG00000167112,darkgrey
ENSG00000171992,dimgrey
ENSG00000174307,firebrick
ENSG00000174791,darkgrey
ENSG00000175854,whitesmoke
ENSG00000176946,darkgrey
ENSG00000181915,darkgrey
ENSG00000187676,dimgrey
ENSG00000196411,snow
ENSG00000196642,dimgrey
ENSG00000229807,darkgrey
ENSG00000230076,darkgrey
ENSG00000068001,dimgrey
ENSG00000068438,white
ENSG00000070495,darkgrey
ENSG00000090989,darkgrey
ENSG00000101000,darkgrey
ENSG00000101040,white
ENSG00000102606,dimgrey
ENSG00000104897,gainsboro
ENSG00000107951,darkgrey
ENSG00000109787,darkgrey
ENSG00000113460,darkgrey
ENSG00000114383,darkgrey
ENSG00000118496,darkgrey
ENSG00000122033,whitesmoke
ENSG00000122203,dimgrey
ENSG00000123739,darkgrey
ENSG00000126953,dimgrey
ENSG00000128283,dimgrey
ENSG00000132589,gainsboro
ENSG00000133065,darkgrey
ENSG00000136813,firebrick
ENSG00000136875,dimgrey
ENSG00000140853,darkgrey
ENSG00000141627,darkgrey
ENSG00000143458,dimgrey
ENSG00000144357,dimgrey
ENSG00000145734,lightgrey
ENSG00000160007,gainsboro
ENSG00000161888,gainsboro
ENSG00000162408,dimgrey
ENSG00000163818,darkgrey
ENSG00000163945,lightgrey
ENSG00000165934,snow
ENSG00000166170,dimgrey
ENSG00000170345,darkgrey
ENSG00000196756,darkgrey
ENSG00000213694,darkgrey
ENSG00000250536,lightcoral
ENSG00000255112,dimgrey
ENSG00000005812,lightgrey
ENSG00000018408,darkgrey
ENSG00000049759,dimgrey
ENSG00000058262,firebrick
ENSG00000070444,snow
ENSG00000074047,darkgrey
ENSG00000092445,whitesmoke
ENSG00000095319,dimgrey
ENSG00000095383,darkgrey
ENSG00000100342,gainsboro
ENSG00000103241,darkgrey
ENSG00000103657,darkgrey
ENSG00000104047,lightgrey
ENSG00000106009,lightgrey
ENSG00000107164,darkgrey
ENSG00000107562,darkgrey
ENSG00000112787,darkgrey
ENSG00000116001,darkgrey
ENSG00000117335,darkgrey
ENSG00000119638,dimgrey
ENSG00000119682,darkgrey
ENSG00000121440,dimgrey
ENSG00000132669,lightgrey
ENSG00000136141,darkgrey
ENSG00000136720,darkgrey
ENSG00000143315,dimgrey
ENSG00000143353,whitesmoke
ENSG00000143889,dimgrey
ENSG00000145022,darkgrey
ENSG00000145779,dimgrey
ENSG00000147679,lightgrey
ENSG00000154640,whitesmoke
ENSG00000157800,lightgrey
ENSG00000157827,dimgrey
ENSG00000160799,whitesmoke
ENSG00000161513,whitesmoke
ENSG00000162402,darkgrey
ENSG00000171735,lightgrey
ENSG00000176105,darkgrey
ENSG00000176771,gainsboro
ENSG00000178074,darkgrey
ENSG00000196549,darkgrey
ENSG00000197386,dimgrey
ENSG00000205356,darkgrey
ENSG00000227525,lightcoral
ENSG00000231007,brown
ENSG00000270170,dimgrey
ENSG00000060069,dimgrey
ENSG00000075413,snow
ENSG00000078403,darkgrey
ENSG00000084073,darkgrey
ENSG00000100504,darkgrey
ENSG00000101003,darkgrey
ENSG00000105926,darkgrey
ENSG00000108561,dimgrey
ENSG00000115649,lightgrey
ENSG00000117155,dimgrey
ENSG00000119333,dimgrey
ENSG00000120885,darkgrey
ENSG00000130695,darkgrey
ENSG00000132199,lightgrey
ENSG00000134375,darkgrey
ENSG00000135842,darkgrey
ENSG00000136603,lightgrey
ENSG00000137054,dimgrey
ENSG00000139354,darkgrey
ENSG00000142444,darkgrey
ENSG00000143067,dimgrey
ENSG00000146282,gainsboro
ENSG00000146733,dimgrey
ENSG00000148019,dimgrey
ENSG00000154127,dimgrey
ENSG00000155827,darkgrey
ENSG00000156011,darkgrey
ENSG00000163104,lightgrey
ENSG00000163535,snow
ENSG00000163785,lightgrey
ENSG00000163798,darkgrey
ENSG00000164885,dimgrey
ENSG00000166526,gainsboro
ENSG00000167323,white
ENSG00000168056,white
ENSG00000168101,dimgrey
ENSG00000168994,dimgrey
ENSG00000171453,darkgrey
ENSG00000171566,dimgrey
ENSG00000174744,dimgrey
ENSG00000176678,dimgrey
ENSG00000176871,darkgrey
ENSG00000180098,lightgrey
ENSG00000182752,darkgrey
ENSG00000196367,darkgrey
ENSG00000198837,darkgrey
ENSG00000204394,dimgrey
ENSG00000225224,darkgrey
ENSG00000243964,dimgrey
ENSG00000244462,darkgrey
ENSG00000279078,dimgrey
ENSG00000006534,snow
ENSG00000054523,darkgrey
ENSG00000072310,darkgrey
ENSG00000076706,dimgrey
ENSG00000079462,dimgrey
ENSG00000080189,dimgrey
ENSG00000093144,dimgrey
ENSG00000101412,white
ENSG00000107819,dimgrey
ENSG00000118515,lightgrey
ENSG00000125503,brown
ENSG00000125863,darkgrey
ENSG00000132792,snow
ENSG00000133612,dimgrey
ENSG00000135336,darkgrey
ENSG00000138382,lightgrey
ENSG00000138442,darkgrey
ENSG00000141378,lightgrey
ENSG00000143379,dimgrey
ENSG00000153551,dimgrey
ENSG00000156381,dimgrey
ENSG00000156535,dimgrey
ENSG00000158850,darkgrey
ENSG00000162613,dimgrey
ENSG00000164944,firebrick
ENSG00000166275,darkgrey
ENSG00000168495,dimgrey
ENSG00000172164,dimgrey
ENSG00000173218,dimgrey
ENSG00000174547,indianred
ENSG00000177169,dimgrey
ENSG00000177239,snow
ENSG00000185813,indianred
ENSG00000203930,darkgrey
ENSG00000204442,dimgrey
ENSG00000204469,gainsboro
ENSG00000227462,firebrick
ENSG00000240065,darkgrey
ENSG00000008256,white
ENSG00000073169,darkgrey
ENSG00000104859,firebrick
ENSG00000106392,snow
ENSG00000110871,darkgrey
ENSG00000117748,darkgrey
ENSG00000122863,dimgrey
ENSG00000132356,darkgrey
ENSG00000133935,darkgrey
ENSG00000137074,darkgrey
ENSG00000139168,lightgrey
ENSG00000141543,darkgrey
ENSG00000143476,lightgrey
ENSG00000143952,darkgrey
ENSG00000147883,darkgrey
ENSG00000150753,lightgrey
ENSG00000156983,dimgrey
ENSG00000163349,dimgrey
ENSG00000172766,whitesmoke
ENSG00000179335,snow
ENSG00000184371,darkgrey
ENSG00000188313,lightgrey
ENSG00000196976,dimgrey
ENSG00000198301,dimgrey
ENSG00000213523,darkgrey
ENSG00000005156,lightgrey
ENSG00000006652,dimgrey
ENSG00000041982,lightgrey
ENSG00000070882,dimgrey
ENSG00000089327,lightgrey
ENSG00000100485,dimgrey
ENSG00000100647,darkgrey
ENSG00000111906,lightgrey
ENSG00000122557,darkgrey
ENSG00000131171,darkgrey
ENSG00000134809,lightgrey
ENSG00000136933,dimgrey
ENSG00000137504,gainsboro
ENSG00000138381,darkgrey
ENSG00000144554,indianred
ENSG00000151576,darkgrey
ENSG00000160446,snow
ENSG00000160917,white
ENSG00000162600,dimgrey
ENSG00000164327,darkgrey
ENSG00000164647,lightgrey
ENSG00000165175,darkgrey
ENSG00000165271,firebrick
ENSG00000166317,darkgrey
ENSG00000169083,lightcoral
ENSG00000169371,darkgrey
ENSG00000171204,gainsboro
ENSG00000172403,darkgrey
ENSG00000180530,darkgrey
ENSG00000189079,darkgrey
ENSG00000197798,brown
ENSG00000198331,dimgrey
ENSG00000205423,lightgrey
ENSG00000213995,dimgrey
ENSG00000232533,lightgrey
ENSG00000247516,darkgrey
ENSG00000260027,lightcoral
ENSG00000261801,dimgrey
ENSG00000293084,white
ENSG00000081760,gainsboro
ENSG00000101138,dimgrey
ENSG00000102309,brown
ENSG00000103415,dimgrey
ENSG00000104969,dimgrey
ENSG00000108773,brown
ENSG00000112144,darkgrey
ENSG00000114127,lightgrey
ENSG00000115183,darkgrey
ENSG00000118292,darkgrey
ENSG00000121310,darkgrey
ENSG00000125656,dimgrey
ENSG00000129473,darkgrey
ENSG00000132549,darkgrey
ENSG00000136816,lightgrey
ENSG00000137221,dimgrey
ENSG00000138430,dimgrey
ENSG00000138594,darkgrey
ENSG00000139668,snow
ENSG00000147155,firebrick
ENSG00000147251,dimgrey
ENSG00000149571,lightgrey
ENSG00000152049,lightgrey
ENSG00000153827,darkgrey
ENSG00000155903,darkgrey
ENSG00000155906,darkgrey
ENSG00000159399,lightgrey
ENSG00000160352,gainsboro
ENSG00000163166,whitesmoke
ENSG00000165996,darkgrey
ENSG00000166855,darkgrey
ENSG00000169019,dimgrey
ENSG00000175893,dimgrey
ENSG00000176095,darkgrey
ENSG00000183386,indianred
ENSG00000184708,dimgrey
ENSG00000196639,gainsboro
ENSG00000197555,darkgrey
ENSG00000258289,whitesmoke
ENSG00000267279,indianred
ENSG00000276600,lightgrey
ENSG00000008130,lightgrey
ENSG00000009413,darkgrey
ENSG00000011105,gainsboro
ENSG00000033178,gainsboro
ENSG00000044090,darkgrey
ENSG00000065183,darkgrey
ENSG00000080546,dimgrey
ENSG00000083896,darkgrey
ENSG00000096696,snow
ENSG00000100731,darkgrey
ENSG00000107651,darkgrey
ENSG00000109572,dimgrey
ENSG00000110048,darkgrey
ENSG00000110911,darkgrey
ENSG00000116157,snow
ENSG00000116353,white
ENSG00000117054,whitesmoke
ENSG00000119138,dimgrey
ENSG00000120727,darkgrey
ENSG00000136874,darkgrey
ENSG00000138801,dimgrey
ENSG00000140691,darkgrey
ENSG00000143437,dimgrey
ENSG00000143756,lightgrey
ENSG00000144635,darkgrey
ENSG00000146476,darkgrey
ENSG00000147854,dimgrey
ENSG00000149260,indianred
ENSG00000160199,dimgrey
ENSG00000163281,darkgrey
ENSG00000164024,lightgrey
ENSG00000168497,snow
ENSG00000172985,indianred
ENSG00000174485,lightgrey
ENSG00000182240,darkgrey
ENSG00000196865,darkgrey
ENSG00000203760,darkgrey
ENSG00000204463,dimgrey
ENSG00000213347,dimgrey
ENSG00000237190,darkgrey
ENSG00000266028,dimgrey
ENSG00000033100,lightgrey
ENSG00000052795,darkgrey
ENSG00000054983,lightgrey
ENSG00000062598,lightgrey
ENSG00000066379,darkgrey
ENSG00000075213,whitesmoke
ENSG00000085365,lightgrey
ENSG00000089289,darkgrey
ENSG00000094880,dimgrey
ENSG00000100246,white
ENSG00000103510,dimgrey
ENSG00000104442,dimgrey
ENSG00000105865,whitesmoke
ENSG00000112079,lightcoral
ENSG00000113594,darkgrey
ENSG00000114573,dimgrey
ENSG00000116455,dimgrey
ENSG00000118564,darkgrey
ENSG00000119688,darkgrey
ENSG00000132153,snow
ENSG00000136636,dimgrey
ENSG00000148606,indianred
ENSG00000155099,darkgrey
ENSG00000157600,dimgrey
ENSG00000160948,gainsboro
ENSG00000162104,lightgrey
ENSG00000163531,darkgrey
ENSG00000164045,dimgrey
ENSG00000167302,dimgrey
ENSG00000168612,dimgrey
ENSG00000169359,lightgrey
ENSG00000169499,white
ENSG00000170606,dimgrey
ENSG00000171608,dimgrey
ENSG00000174891,darkgrey
ENSG00000175183,darkgrey
ENSG00000176438,dimgrey
ENSG00000181904,snow
ENSG00000182552,dimgrey
ENSG00000185917,darkgrey
ENSG00000186918,gainsboro
ENSG00000196236,darkgrey
ENSG00000198863,lightgrey
ENSG00000242485,lightgrey
ENSG00000262919,dimgrey
ENSG00000290032,darkgrey
ENSG00000043093,darkgrey
ENSG00000070718,darkgrey
ENSG00000078124,whitesmoke
ENSG00000081307,gainsboro
ENSG00000101310,indianred
ENSG00000105341,darkgrey
ENSG00000106028,darkgrey
ENSG00000111052,snow
ENSG00000111252,darkgrey
ENSG00000114021,dimgrey
ENSG00000115307,lightcoral
ENSG00000117640,darkgrey
ENSG00000118482,snow
ENSG00000118518,lightgrey
ENSG00000119711,darkgrey
ENSG00000120053,darkgrey
ENSG00000121361,lightgrey
ENSG00000122420,gainsboro
ENSG00000122490,snow
ENSG00000122644,indianred
ENSG00000123600,darkgrey
ENSG00000124535,darkgrey
ENSG00000128923,gainsboro
ENSG00000132467,darkgrey
ENSG00000132670,snow
ENSG00000133835,darkgrey
ENSG00000139618,dimgrey
ENSG00000142552,gainsboro
ENSG00000143374,white
ENSG00000143442,darkgrey
ENSG00000145041,darkgrey
ENSG00000145979,darkgrey
ENSG00000157036,dimgrey
ENSG00000157224,darkgrey
ENSG00000157240,darkgrey
ENSG00000163528,gainsboro
ENSG00000164253,lightgrey
ENSG00000165322,indianred
ENSG00000167123,gainsboro
ENSG00000169738,dimgrey
ENSG00000169762,dimgrey
ENSG00000175224,dimgrey
ENSG00000175662,gainsboro
ENSG00000176624,lightgrey
ENSG00000177542,dimgrey
ENSG00000203778,firebrick
ENSG00000254901,dimgrey
ENSG00000013375,gainsboro
ENSG00000038274,darkgrey
ENSG00000050426,darkgrey
ENSG00000069702,white
ENSG00000071564,darkgrey
ENSG00000083720,darkgrey
ENSG00000089022,darkgrey
ENSG00000089177,darkgrey
ENSG00000104067,darkgrey
ENSG00000104866,dimgrey
ENSG00000105701,dimgrey
ENSG00000109323,lightcoral
ENSG00000110711,dimgrey
ENSG00000114270,lightgrey
ENSG00000116106,gainsboro
ENSG00000116586,darkgrey
ENSG00000119684,darkgrey
ENSG00000123146,dimgrey
ENSG00000128311,dimgrey
ENSG00000129317,darkgrey
ENSG00000130150,gainsboro
ENSG00000130935,dimgrey
ENSG00000138785,dimgrey
ENSG00000144824,gainsboro
ENSG00000145780,darkgrey
ENSG00000156110,brown
ENSG00000156709,dimgrey
ENSG00000163520,dimgrey
ENSG00000165501,dimgrey
ENSG00000165891,gainsboro
ENSG00000167699,dimgrey
ENSG00000169057,lightgrey
ENSG00000170473,dimgrey
ENSG00000172260,darkgrey
ENSG00000177150,darkgrey
ENSG00000178177,lightgrey
ENSG00000180011,gainsboro
ENSG00000182957,darkgrey
ENSG00000187098,darkgrey
ENSG00000187134,lightgrey
ENSG00000198793,darkgrey
ENSG00000198961,darkgrey
ENSG00000204209,dimgrey
ENSG00000234354,whitesmoke
ENSG00000240344,dimgrey
ENSG00000291087,darkgrey
ENSG00000014123,lightgrey
ENSG00000021355,indianred
ENSG00000042286,whitesmoke
ENSG00000067365,darkgrey
ENSG00000074527,darkgrey
ENSG00000075407,darkgrey
ENSG00000086289,darkgrey
ENSG00000092978,gainsboro
ENSG00000099814,dimgrey
ENSG00000100296,dimgrey
ENSG00000100393,gainsboro
ENSG00000102103,dimgrey
ENSG00000103642,snow
ENSG00000106799,dimgrey
ENSG00000115364,lightgrey
ENSG00000117505,lightgrey
ENSG00000119446,lightgrey
ENSG00000122482,darkgrey
ENSG00000123595,lightgrey
ENSG00000125834,snow
ENSG00000133789,gainsboro
ENSG00000133997,darkgrey
ENSG00000135596,darkgrey
ENSG00000136504,dimgrey
ENSG00000147684,brown
ENSG00000148399,dimgrey
ENSG00000149930,indianred
ENSG00000150990,darkgrey
ENSG00000151689,dimgrey
ENSG00000156858,lightgrey
ENSG00000158615,darkgrey
ENSG00000159459,dimgrey
ENSG00000160991,dimgrey
ENSG00000163319,darkgrey
ENSG00000168398,darkgrey
ENSG00000168522,gainsboro
ENSG00000172493,darkgrey
ENSG00000173193,darkgrey
ENSG00000173327,darkgrey
ENSG00000179151,firebrick
ENSG00000180376,darkgrey
ENSG00000189007,dimgrey
ENSG00000197182,white
ENSG00000205213,darkgrey
ENSG00000214087,whitesmoke
ENSG00000218739,darkgrey
ENSG00000256060,gainsboro
ENSG00000279365,lightcoral
ENSG00000013374,gainsboro
ENSG00000048342,lightgrey
ENSG00000081059,dimgrey
ENSG00000099991,gainsboro
ENSG00000100347,darkgrey
ENSG00000100354,gainsboro
ENSG00000101493,darkgrey
ENSG00000104361,dimgrey
ENSG00000114735,white
ENSG00000117614,darkgrey
ENSG00000120733,lightgrey
ENSG00000122376,dimgrey
ENSG00000122965,indianred
ENSG00000125843,darkgrey
ENSG00000128487,darkgrey
ENSG00000129315,darkgrey
ENSG00000132254,white
ENSG00000137693,lightgrey
ENSG00000138375,darkgrey
ENSG00000141232,darkgrey
ENSG00000143507,gainsboro
ENSG00000143622,dimgrey
ENSG00000147162,lightgrey
ENSG00000147421,dimgrey
ENSG00000148331,lightgrey
ENSG00000150456,dimgrey
ENSG00000159692,whitesmoke
ENSG00000163002,dimgrey
ENSG00000165512,white
ENSG00000165699,darkgrey
ENSG00000166881,dimgrey
ENSG00000167862,dimgrey
ENSG00000170832,whitesmoke
ENSG00000180902,dimgrey
ENSG00000181381,darkgrey
ENSG00000183801,gainsboro
ENSG00000184983,lightgrey
ENSG00000187608,gainsboro
ENSG00000197128,white
ENSG00000198876,dimgrey
ENSG00000198892,dimgrey
ENSG00000206527,darkgrey
ENSG00000238103,darkgrey
ENSG00000004478,dimgrey
ENSG00000072195,lightgrey
ENSG00000077420,dimgrey
ENSG00000078142,darkgrey
ENSG00000080493,darkgrey
ENSG00000090316,white
ENSG00000091317,darkgrey
ENSG00000101350,dimgrey
ENSG00000101400,dimgrey
ENSG00000102781,dimgrey
ENSG00000102974,firebrick
ENSG00000108799,darkgrey
ENSG00000112039,lightgrey
ENSG00000115464,gainsboro
ENSG00000123143,white
ENSG00000131626,whitesmoke
ENSG00000134444,darkgrey
ENSG00000139645,lightgrey
ENSG00000144647,dimgrey
ENSG00000145348,white
ENSG00000148384,darkgrey
ENSG00000155330,indianred
ENSG00000155975,lightgrey
ENSG00000158552,darkgrey
ENSG00000163029,darkgrey
ENSG00000164308,lightgrey
ENSG00000166716,dimgrey
ENSG00000168297,dimgrey
ENSG00000173598,snow
ENSG00000176731,darkgrey
ENSG00000178977,dimgrey
ENSG00000181220,darkgrey
ENSG00000181467,darkgrey
ENSG00000184100,lightcoral
ENSG00000185909,darkgrey
ENSG00000186834,darkgrey
ENSG00000196715,darkgrey
ENSG00000198952,darkgrey
ENSG00000225484,dimgrey
ENSG00000237187,lightgrey
ENSG00000251194,darkgrey
ENSG00000005889,dimgrey
ENSG00000022840,darkgrey
ENSG00000067221,darkgrey
ENSG00000086504,dimgrey
ENSG00000089335,darkgrey
ENSG00000090924,whitesmoke
ENSG00000101189,dimgrey
ENSG00000104064,dimgrey
ENSG00000104427,dimgrey
ENSG00000110442,white
ENSG00000112343,darkgrey
ENSG00000114491,brown
ENSG00000119953,lightgrey
ENSG00000122390,dimgrey
ENSG00000125398,darkgrey
ENSG00000125450,lightgrey
ENSG00000135976,darkgrey
ENSG00000138031,whitesmoke
ENSG00000143416,dimgrey
ENSG00000144021,darkgrey
ENSG00000144791,lightgrey
ENSG00000147592,darkgrey
ENSG00000151657,darkgrey
ENSG00000152904,darkgrey
ENSG00000153814,darkgrey
ENSG00000158006,dimgrey
ENSG00000158092,lightgrey
ENSG00000162236,lightgrey
ENSG00000167778,dimgrey
ENSG00000171161,darkgrey
ENSG00000174738,gainsboro
ENSG00000177409,darkgrey
ENSG00000177663,dimgrey
ENSG00000178802,snow
ENSG00000180628,darkgrey
ENSG00000182247,dimgrey
ENSG00000189057,firebrick
ENSG00000205302,dimgrey
ENSG00000223745,dimgrey
ENSG00000232931,darkgrey
ENSG00000286067,lightgrey
ENSG00000293495,dimgrey
ENSG00000001631,darkgrey
ENSG00000005100,lightgrey
ENSG00000010072,dimgrey
ENSG00000036549,dimgrey
ENSG00000037897,lightgrey
ENSG00000040341,darkgrey
ENSG00000067064,darkgrey
ENSG00000076108,darkgrey
ENSG00000084090,dimgrey
ENSG00000089094,dimgrey
ENSG00000091732,white
ENSG00000100083,dimgrey
ENSG00000101246,dimgrey
ENSG00000101882,lightgrey
ENSG00000105829,lightgrey
ENSG00000108510,lightgrey
ENSG00000112941,lightgrey
ENSG00000114120,darkgrey
ENSG00000115275,dimgrey
ENSG00000119938,darkgrey
ENSG00000121210,white
ENSG00000131386,dimgrey
ENSG00000134508,snow
ENSG00000138835,dimgrey
ENSG00000139874,brown
ENSG00000143486,darkgrey
ENSG00000144597,lightgrey
ENSG00000145331,lightgrey
ENSG00000159210,dimgrey
ENSG00000160087,dimgrey
ENSG00000164182,darkgrey
ENSG00000172943,dimgrey
ENSG00000177225,dimgrey
ENSG00000178234,darkgrey
ENSG00000183580,gainsboro
ENSG00000196968,lightgrey
ENSG00000197808,white
ENSG00000204070,darkgrey
ENSG00000212978,snow
ENSG00000219222,whitesmoke
ENSG00000227057,darkgrey
ENSG00000240857,darkgrey
ENSG00000012048,darkgrey
ENSG00000050130,gainsboro
ENSG00000065970,dimgrey
ENSG00000069966,gainsboro
ENSG00000072163,lightgrey
ENSG00000077238,gainsboro
ENSG00000079931,lightgrey
ENSG00000084463,gainsboro
ENSG00000099797,gainsboro
ENSG00000100422,whitesmoke
ENSG00000103855,firebrick
ENSG00000104763,firebrick
ENSG00000105793,darkgrey
ENSG00000105849,firebrick
ENSG00000108829,lightgrey
ENSG00000109586,darkgrey
ENSG00000109917,dimgrey
ENSG00000114738,gainsboro
ENSG00000114767,dimgrey
ENSG00000115368,lightgrey
ENSG00000117305,darkgrey
ENSG00000117650,lightgrey
ENSG00000118007,darkgrey
ENSG00000122694,darkgrey
ENSG00000125755,lightcoral
ENSG00000126756,gainsboro
ENSG00000129911,dimgrey
ENSG00000131437,whitesmoke
ENSG00000136273,snow
ENSG00000138138,gainsboro
ENSG00000138166,darkgrey
ENSG00000139974,lightgrey
ENSG00000141646,darkgrey
ENSG00000149091,dimgrey
ENSG00000149503,dimgrey
ENSG00000149716,dimgrey
ENSG00000152422,darkgrey
ENSG00000153310,dimgrey
ENSG00000153956,darkgrey
ENSG00000155313,darkgrey
ENSG00000155393,brown
ENSG00000156931,dimgrey
ENSG00000160410,dimgrey
ENSG00000163812,lightcoral
ENSG00000164463,darkgrey
ENSG00000164808,darkgrey
ENSG00000165688,white
ENSG00000170185,dimgrey
ENSG00000171488,lightgrey
ENSG00000177731,darkgrey
ENSG00000182621,darkgrey
ENSG00000184384,darkgrey
ENSG00000197343,gainsboro
ENSG00000198816,dimgrey
ENSG00000260877,snow
ENSG00000003056,dimgrey
ENSG00000003402,indianred
ENSG00000005194,dimgrey
ENSG00000006756,whitesmoke
ENSG00000029364,darkgrey
ENSG00000059691,darkgrey
ENSG00000064102,lightgrey
ENSG00000065615,darkgrey
ENSG00000066136,dimgrey
ENSG00000082515,dimgrey
ENSG00000085433,darkgrey
ENSG00000099940,dimgrey
ENSG00000101654,darkgrey
ENSG00000105722,firebrick
ENSG00000106688,darkgrey
ENSG00000111670,snow
ENSG00000122970,darkgrey
ENSG00000123575,lightgrey
ENSG00000124198,darkgrey
ENSG00000125885,firebrick
ENSG00000133121,darkgrey
ENSG00000135451,dimgrey
ENSG00000136859,gainsboro
ENSG00000138663,darkgrey
ENSG00000140740,darkgrey
ENSG00000142327,dimgrey
ENSG00000144895,dimgrey
ENSG00000144959,darkgrey
ENSG00000146909,lightcoral
ENSG00000146963,firebrick
ENSG00000151806,white
ENSG00000156958,darkgrey
ENSG00000162813,darkgrey
ENSG00000164086,dimgrey
ENSG00000167685,darkgrey
ENSG00000170525,dimgrey
ENSG00000171617,darkgrey
ENSG00000174839,lightgrey
ENSG00000175115,gainsboro
ENSG00000176102,dimgrey
ENSG00000176692,darkgrey
ENSG00000178105,indianred
ENSG00000178498,gainsboro
ENSG00000184863,whitesmoke
ENSG00000184887,dimgrey
ENSG00000196821,white
ENSG00000223768,gainsboro
ENSG00000233913,darkgrey
ENSG00000240230,lightgrey
ENSG00000272622,dimgrey
ENSG00000293510,darkgrey
ENSG00000005238,darkgrey
ENSG00000006634,dimgrey
ENSG00000037749,darkgrey
ENSG00000044459,darkgrey
ENSG00000048140,dimgrey
ENSG00000054965,gainsboro
ENSG00000066027,dimgrey
ENSG00000074054,white
ENSG00000077147,lightgrey
ENSG00000099810,lightgrey
ENSG00000112029,lightgrey
ENSG00000112893,dimgrey
ENSG00000113161,dimgrey
ENSG00000113615,darkgrey
ENSG00000115239,whitesmoke
ENSG00000117475,darkgrey
ENSG00000120820,darkgrey
ENSG00000129355,indianred
ENSG00000131943,lightcoral
ENSG00000132718,darkgrey
ENSG00000134769,darkgrey
ENSG00000136048,gainsboro
ENSG00000136111,dimgrey
ENSG00000136997,darkgrey
ENSG00000138771,gainsboro
ENSG00000139154,lightgrey
ENSG00000145293,gainsboro
ENSG00000149179,snow
ENSG00000152229,white
ENSG00000152332,dimgrey
ENSG00000163697,firebrick
ENSG00000164105,darkgrey
ENSG00000165029,gainsboro
ENSG00000167378,whitesmoke
ENSG00000170265,darkgrey
ENSG00000170624,darkgrey
ENSG00000170734,gainsboro
ENSG00000184162,indianred
ENSG00000186184,darkgrey
ENSG00000186318,darkgrey
ENSG00000188938,dimgrey
ENSG00000197381,brown
ENSG00000197483,firebrick
ENSG00000198189,darkgrey
ENSG00000198225,lightcoral
ENSG00000198265,darkgrey
ENSG00000204272,darkgrey
ENSG00000213047,lightgrey
ENSG00000215252,darkgrey
ENSG00000231609,brown
ENSG00000010165,lightgrey
ENSG00000066739,lightgrey
ENSG00000080573,gainsboro
ENSG00000100139,dimgrey
ENSG00000106034,lightgrey
ENSG00000112282,dimgrey
ENSG00000115561,white
ENSG00000115661,indianred
ENSG00000115816,gainsboro
ENSG00000118596,snow
ENSG00000124356,dimgrey
ENSG00000125965,gainsboro
ENSG00000131634,dimgrey
ENSG00000133119,dimgrey
ENSG00000133641,darkgrey
ENSG00000136021,darkgrey
ENSG00000136143,darkgrey
ENSG00000136450,darkgrey
ENSG00000148481,lightgrey
ENSG00000154217,dimgrey
ENSG00000163125,darkgrey
ENSG00000164070,darkgrey
ENSG00000168803,snow
ENSG00000173041,darkgrey
ENSG00000174132,lightgrey
ENSG00000175279,dimgrey
ENSG00000175470,dimgrey
ENSG00000178307,lightcoral
ENSG00000178585,dimgrey
ENSG00000179562,white
ENSG00000181192,darkgrey
ENSG00000184988,whitesmoke
ENSG00000204767,lightcoral
ENSG00000228649,darkgrey
ENSG00000235560,darkgrey
ENSG00000245571,darkgrey
ENSG00000271811,darkgrey
ENSG00000276168,indianred
ENSG00000291091,whitesmoke
ENSG00000012061,firebrick
ENSG00000054611,darkgrey
ENSG00000062194,darkgrey
ENSG00000065911,dimgrey
ENSG00000072401,darkgrey
ENSG00000075131,dimgrey
ENSG00000078246,firebrick
ENSG00000081026,gainsboro
ENSG00000083223,snow
ENSG00000084070,dimgrey
ENSG00000093009,darkgrey
ENSG00000101191,dimgrey
ENSG00000101199,dimgrey
ENSG00000101868,darkgrey
ENSG00000102780,gainsboro
ENSG00000104356,darkgrey
ENSG00000105993,dimgrey
ENSG00000108590,white
ENSG00000109066,firebrick
ENSG00000109519,brown
ENSG00000110047,dimgrey
ENSG00000110074,darkgrey
ENSG00000110172,brown
ENSG00000112406,firebrick
ENSG00000112578,brown
ENSG00000112679,white
ENSG00000115145,dimgrey
ENSG00000116266,lightgrey
ENSG00000120075,dimgrey
ENSG00000123352,darkgrey
ENSG00000124615,gainsboro
ENSG00000127022,dimgrey
ENSG00000132031,darkgrey
ENSG00000134056,lightgrey
ENSG00000134597,dimgrey
ENSG00000137713,dimgrey
ENSG00000137752,dimgrey
ENSG00000137941,snow
ENSG00000138592,whitesmoke
ENSG00000139350,dimgrey
ENSG00000141385,dimgrey
ENSG00000143393,dimgrey
ENSG00000149090,lightgrey
ENSG00000153339,darkgrey
ENSG00000164051,dimgrey
ENSG00000164338,lightgrey
ENSG00000167202,darkgrey
ENSG00000168556,darkgrey
ENSG00000173960,snow
ENSG00000174173,gainsboro
ENSG00000176208,darkgrey
ENSG00000178966,dimgrey
ENSG00000179526,darkgrey
ENSG00000183137,whitesmoke
ENSG00000183696,dimgrey
ENSG00000184924,lightgrey
ENSG00000185344,dimgrey
ENSG00000188177,darkgrey
ENSG00000196967,darkgrey
ENSG00000220370,whitesmoke
ENSG00000220749,darkgrey
ENSG00000258102,gainsboro
ENSG00000258890,darkgrey
ENSG00000289472,brown
ENSG00000013503,dimgrey
ENSG00000027697,darkgrey
ENSG00000050393,dimgrey
ENSG00000082213,dimgrey
ENSG00000084092,darkgrey
ENSG00000086015,darkgrey
ENSG00000087053,darkgrey
ENSG00000095794,lightgrey
ENSG00000101945,lightcoral
ENSG00000103876,darkgrey
ENSG00000106992,lightgrey
ENSG00000107404,dimgrey
ENSG00000108306,lightgrey
ENSG00000110931,darkgrey
ENSG00000112237,indianred
ENSG00000116679,white
ENSG00000116791,dimgrey
ENSG00000116906,snow
ENSG00000119685,darkgrey
ENSG00000121741,darkgrey
ENSG00000123473,snow
ENSG00000128590,darkgrey
ENSG00000134058,dimgrey
ENSG00000135999,firebrick
ENSG00000138764,darkgrey
ENSG00000143294,darkgrey
ENSG00000145715,darkgrey
ENSG00000150433,dimgrey
ENSG00000151503,darkgrey
ENSG00000153046,darkgrey
ENSG00000157764,lightgrey
ENSG00000158163,darkgrey
ENSG00000163069,darkgrey
ENSG00000166938,dimgrey
ENSG00000169155,darkgrey
ENSG00000182473,darkgrey
ENSG00000184432,dimgrey
ENSG00000185070,darkgrey
ENSG00000185963,darkgrey
ENSG00000187741,darkgrey
ENSG00000231312,whitesmoke
ENSG00000255262,firebrick
ENSG00000269293,whitesmoke
ENSG00000276107,darkgrey
ENSG00000011143,lightgrey
ENSG00000047056,lightgrey
ENSG00000058799,dimgrey
ENSG00000082701,darkgrey
ENSG00000087266,lightgrey
ENSG00000089234,darkgrey
ENSG00000090238,gainsboro
ENSG00000090612,gainsboro
ENSG00000096092,lightgrey
ENSG00000100558,dimgrey
ENSG00000104812,white
ENSG00000104886,dimgrey
ENSG00000106004,white
ENSG00000106330,dimgrey
ENSG00000112378,darkgrey
ENSG00000115808,gainsboro
ENSG00000120334,dimgrey
ENSG00000121864,lightgrey
ENSG00000123643,lightgrey
ENSG00000131828,firebrick
ENSG00000133739,snow
ENSG00000135211,darkgrey
ENSG00000137413,darkgrey
ENSG00000137502,darkgrey
ENSG00000138092,dimgrey
ENSG00000139372,darkgrey
ENSG00000143363,darkgrey
ENSG00000154237,lightgrey
ENSG00000155816,gainsboro
ENSG00000164236,darkgrey
ENSG00000165660,darkgrey
ENSG00000166225,dimgrey
ENSG00000169554,darkgrey
ENSG00000172175,dimgrey
ENSG00000172375,whitesmoke
ENSG00000172661,darkgrey
ENSG00000175895,darkgrey
ENSG00000182916,lightgrey
ENSG00000183077,darkgrey
ENSG00000185219,dimgrey
ENSG00000186522,gainsboro
ENSG00000224546,dimgrey
ENSG00000230979,snow
ENSG00000243449,dimgrey
ENSG00000285437,darkgrey
ENSG00000020256,dimgrey
ENSG00000020426,lightgrey
ENSG00000024526,dimgrey
ENSG00000028839,dimgrey
ENSG00000057935,lightgrey
ENSG00000064313,dimgrey
ENSG00000064961,white
ENSG00000065057,darkgrey
ENSG00000088298,lightgrey
ENSG00000095380,darkgrey
ENSG00000100522,lightgrey
ENSG00000104324,darkgrey
ENSG00000110318,whitesmoke
ENSG00000111665,white
ENSG00000111801,snow
ENSG00000116863,gainsboro
ENSG00000120694,lightgrey
ENSG00000126705,firebrick
ENSG00000131773,lightgrey
ENSG00000138686,whitesmoke
ENSG00000144366,snow
ENSG00000149182,darkgrey
ENSG00000151729,dimgrey
ENSG00000152382,whitesmoke
ENSG00000152749,dimgrey
ENSG00000159322,lightgrey
ENSG00000164144,dimgrey
ENSG00000164209,dimgrey
ENSG00000164300,lightgrey
ENSG00000164938,dimgrey
ENSG00000166477,darkgrey
ENSG00000170852,darkgrey
ENSG00000175287,snow
ENSG00000175309,whitesmoke
ENSG00000176142,darkgrey
ENSG00000178695,dimgrey
ENSG00000180901,dimgrey
ENSG00000184992,dimgrey
ENSG00000187118,darkgrey
ENSG00000198056,darkgrey
ENSG00000198898,lightgrey
ENSG00000241852,dimgrey
ENSG00000244005,dimgrey
ENSG00000256053,darkgrey
ENSG00000256269,darkgrey
ENSG00000028203,darkgrey
ENSG00000032219,darkgrey
ENSG00000051382,darkgrey
ENSG00000063169,darkgrey
ENSG00000087206,brown
ENSG00000092853,whitesmoke
ENSG00000100417,darkgrey
ENSG00000102531,lightgrey
ENSG00000105321,firebrick
ENSG00000105723,gainsboro
ENSG00000107338,white
ENSG00000108479,dimgrey
ENSG00000109911,gainsboro
ENSG00000110811,dimgrey
ENSG00000112685,darkgrey
ENSG00000115365,darkgrey
ENSG00000116212,darkgrey
ENSG00000117600,darkgrey
ENSG00000119574,white
ENSG00000119778,darkgrey
ENSG00000119912,darkgrey
ENSG00000123610,darkgrey
ENSG00000125741,dimgrey
ENSG00000132109,lightgrey
ENSG00000136877,gainsboro
ENSG00000137947,darkgrey
ENSG00000138669,lightgrey
ENSG00000140044,whitesmoke
ENSG00000140153,dimgrey
ENSG00000146457,dimgrey
ENSG00000147509,lightgrey
ENSG00000149084,firebrick
ENSG00000152784,brown
ENSG00000153207,dimgrey
ENSG00000155438,dimgrey
ENSG00000162601,darkgrey
ENSG00000162694,darkgrey
ENSG00000162976,gainsboro
ENSG00000163378,dimgrey
ENSG00000163872,darkgrey
ENSG00000163904,darkgrey
ENSG00000166557,darkgrey
ENSG00000169299,darkgrey
ENSG00000169826,lightgrey
ENSG00000169895,gainsboro
ENSG00000170145,dimgrey
ENSG00000170802,lightgrey
ENSG00000171700,dimgrey
ENSG00000172716,darkgrey
ENSG00000173933,darkgrey
ENSG00000174151,darkgrey
ENSG00000174799,darkgrey
ENSG00000180155,darkgrey
ENSG00000184178,darkgrey
ENSG00000186132,dimgrey
ENSG00000187091,darkgrey
ENSG00000189077,dimgrey
ENSG00000198947,darkgrey
ENSG00000213614,dimgrey
ENSG00000237765,dimgrey
ENSG00000249859,darkgrey
ENSG00000269929,darkgrey
ENSG00000276234,dimgrey
ENSG00000293274,dimgrey
ENSG00000068120,lightgrey
ENSG00000071794,darkgrey
ENSG00000073417,snow
ENSG00000075399,darkgrey
ENSG00000075914,dimgrey
ENSG00000084676,darkgrey
ENSG00000087338,white
ENSG00000090376,gainsboro
ENSG00000101752,darkgrey
ENSG00000102921,lightgrey
ENSG00000110921,dimgrey
ENSG00000112200,dimgrey
ENSG00000114770,darkgrey
ENSG00000115946,lightgrey
ENSG00000117114,darkgrey
ENSG00000124422,indianred
ENSG00000124641,dimgrey
ENSG00000130038,darkgrey
ENSG00000131459,dimgrey
ENSG00000134201,dimgrey
ENSG00000135749,dimgrey
ENSG00000138193,darkgrey
ENSG00000142039,darkgrey
ENSG00000145439,whitesmoke
ENSG00000147687,brown
ENSG00000151466,gainsboro
ENSG00000156239,darkgrey
ENSG00000159423,firebrick
ENSG00000159733,darkgrey
ENSG00000163900,dimgrey
ENSG00000165609,darkgrey
ENSG00000165997,dimgrey
ENSG00000168434,brown
ENSG00000169814,gainsboro
ENSG00000170677,darkgrey
ENSG00000174373,darkgrey
ENSG00000175040,dimgrey
ENSG00000175606,darkgrey
ENSG00000176490,white
ENSG00000177383,darkgrey
ENSG00000182093,darkgrey
ENSG00000185480,gainsboro
ENSG00000187189,dimgrey
ENSG00000197355,dimgrey
ENSG00000197442,lightgrey
ENSG00000236333,lightgrey
ENSG00000031081,dimgrey
ENSG00000069974,dimgrey
ENSG00000080503,gainsboro
ENSG00000081019,darkgrey
ENSG00000082482,whitesmoke
ENSG00000087502,lightgrey
ENSG00000092203,dimgrey
ENSG00000100124,firebrick
ENSG00000100209,darkgrey
ENSG00000100599,darkgrey
ENSG00000105705,dimgrey
ENSG00000107560,lightgrey
ENSG00000108091,dimgrey
ENSG00000110876,darkgrey
ENSG00000111843,lightgrey
ENSG00000116285,lightgrey
ENSG00000119673,dimgrey
ENSG00000122696,darkgrey
ENSG00000128016,darkgrey
ENSG00000130856,darkgrey
ENSG00000131779,dimgrey
ENSG00000132274,gainsboro
ENSG00000132953,lightgrey
ENSG00000136999,gainsboro
ENSG00000137124,lightcoral
ENSG00000138172,darkgrey
ENSG00000140474,white
ENSG00000141127,darkgrey
ENSG00000142409,dimgrey
ENSG00000143543,darkgrey
ENSG00000144036,dimgrey
ENSG00000144736,indianred
ENSG00000149089,darkgrey
ENSG00000149313,darkgrey
ENSG00000153823,dimgrey
ENSG00000155850,white
ENSG00000155868,darkgrey
ENSG00000156136,lightgrey
ENSG00000156162,darkgrey
ENSG00000156697,darkgrey
ENSG00000159079,dimgrey
ENSG00000160113,dimgrey
ENSG00000162086,darkgrey
ENSG00000163629,dimgrey
ENSG00000164172,snow
ENSG00000164176,darkgrey
ENSG00000164877,gainsboro
ENSG00000166788,darkgrey
ENSG00000167766,darkgrey
ENSG00000171703,dimgrey
ENSG00000173210,darkgrey
ENSG00000174227,dimgrey
ENSG00000176887,dimgrey
ENSG00000178904,lightgrey
ENSG00000185347,indianred
ENSG00000188647,dimgrey
ENSG00000197563,whitesmoke
ENSG00000198026,darkgrey
ENSG00000198373,lightgrey
ENSG00000203485,white
ENSG00000205208,darkgrey
ENSG00000205268,darkgrey
ENSG00000211584,dimgrey
ENSG00000224945,dimgrey
ENSG00000228794,darkgrey
ENSG00000233101,darkgrey
ENSG00000246859,gainsboro
ENSG00000015153,darkgrey
ENSG00000068878,firebrick
ENSG00000070476,brown
ENSG00000075391,lightgrey
ENSG00000078687,darkgrey
ENSG00000079616,dimgrey
ENSG00000086102,whitesmoke
ENSG00000088387,whitesmoke
ENSG00000091490,dimgrey
ENSG00000100568,lightgrey
ENSG00000100578,firebrick
ENSG00000117481,darkgrey
ENSG00000120725,snow
ENSG00000124496,darkgrey
ENSG00000129932,white
ENSG00000130254,dimgrey
ENSG00000130558,darkgrey
ENSG00000131373,lightgrey
ENSG00000132423,darkgrey
ENSG00000134265,dimgrey
ENSG00000135070,snow
ENSG00000137312,darkgrey
ENSG00000139719,darkgrey
ENSG00000142208,dimgrey
ENSG00000143995,gainsboro
ENSG00000148943,darkgrey
ENSG00000149658,dimgrey
ENSG00000152240,darkgrey
ENSG00000152404,whitesmoke
ENSG00000155252,dimgrey
ENSG00000158985,dimgrey
ENSG00000159267,snow
ENSG00000160305,gainsboro
ENSG00000163202,brown
ENSG00000164283,dimgrey
ENSG00000164403,whitesmoke
ENSG00000164687,brown
ENSG00000164904,darkgrey
ENSG00000165152,darkgrey
ENSG00000166002,dimgrey
ENSG00000166169,firebrick
ENSG00000166199,dimgrey
ENSG00000167693,gainsboro
ENSG00000168016,darkgrey
ENSG00000175467,dimgrey
ENSG00000175548,darkgrey
ENSG00000179195,darkgrey
ENSG00000182749,gainsboro
ENSG00000182901,brown
ENSG00000182923,whitesmoke
ENSG00000183508,darkgrey
ENSG00000198825,snow
ENSG00000204219,darkgrey
ENSG00000205189,darkgrey
ENSG00000263753,darkgrey
ENSG00000288899,lightgrey
ENSG00000004975,darkgrey
ENSG00000010322,darkgrey
ENSG00000012174,dimgrey
ENSG00000012822,dimgrey
ENSG00000014641,darkgrey
ENSG00000022267,darkgrey
ENSG00000027001,dimgrey
ENSG00000046651,whitesmoke
ENSG00000065029,brown
ENSG00000068024,firebrick
ENSG00000072756,snow
ENSG00000085377,dimgrey
ENSG00000091592,lightgrey
ENSG00000092208,darkgrey
ENSG00000100116,darkgrey
ENSG00000100395,darkgrey
ENSG00000100577,dimgrey
ENSG00000101347,darkgrey
ENSG00000104714,indianred
ENSG00000114023,lightcoral
ENSG00000115459,brown
ENSG00000119782,firebrick
ENSG00000120800,darkgrey
ENSG00000121075,darkgrey
ENSG00000123607,gainsboro
ENSG00000125124,dimgrey
ENSG00000131351,dimgrey
ENSG00000133895,snow
ENSG00000134049,lightgrey
ENSG00000134996,dimgrey
ENSG00000135632,indianred
ENSG00000135968,darkgrey
ENSG00000136014,dimgrey
ENSG00000138081,gainsboro
ENSG00000148572,darkgrey
ENSG00000148803,white
ENSG00000149929,snow
ENSG00000151552,dimgrey
ENSG00000154330,darkgrey
ENSG00000156795,lightgrey
ENSG00000156970,snow
ENSG00000157500,dimgrey
ENSG00000157796,dimgrey
ENSG00000160539,gainsboro
ENSG00000166133,dimgrey
ENSG00000167157,dimgrey
ENSG00000171425,whitesmoke
ENSG00000171603,dimgrey
ENSG00000174516,dimgrey
ENSG00000174579,white
ENSG00000176225,darkgrey
ENSG00000177051,white
ENSG00000181555,darkgrey
ENSG00000181991,darkgrey
ENSG00000182150,darkgrey
ENSG00000187866,dimgrey
ENSG00000196456,dimgrey
ENSG00000197062,snow
ENSG00000197312,whitesmoke
ENSG00000198855,darkgrey
ENSG00000204977,lightgrey
ENSG00000232119,darkgrey
ENSG00000270069,darkgrey
ENSG00000279088,snow
ENSG00000289045,dimgrey
ENSG00000289194,dimgrey
ENSG00000293311,dimgrey
ENSG00000025156,dimgrey
ENSG00000064763,lightgrey
ENSG00000074266,dimgrey
ENSG00000079257,darkgrey
ENSG00000095015,dimgrey
ENSG00000099331,whitesmoke
ENSG00000101460,dimgrey
ENSG00000107669,gainsboro
ENSG00000111445,dimgrey
ENSG00000112078,darkgrey
ENSG00000113593,lightgrey
ENSG00000113971,darkgrey
ENSG00000115282,brown
ENSG00000115594,darkgrey
ENSG00000115884,dimgrey
ENSG00000118162,gainsboro
ENSG00000121621,lightgrey
ENSG00000128908,darkgrey
ENSG00000130313,darkgrey
ENSG00000131269,darkgrey
ENSG00000134668,gainsboro
ENSG00000135823,dimgrey
ENSG00000136104,firebrick
ENSG00000137414,darkgrey
ENSG00000142856,dimgrey
ENSG00000142910,gainsboro
ENSG00000147535,darkgrey
ENSG00000154174,dimgrey
ENSG00000154511,darkgrey
ENSG00000160221,darkgrey
ENSG00000162065,snow
ENSG00000164125,dimgrey
ENSG00000164828,darkgrey
ENSG00000165355,darkgrey
ENSG00000165757,darkgrey
ENSG00000168067,dimgrey
ENSG00000169692,dimgrey
ENSG00000172315,dimgrey
ENSG00000172795,darkgrey
ENSG00000176783,dimgrey
ENSG00000177646,firebrick
ENSG00000179832,snow
ENSG00000182667,darkgrey
ENSG00000185515,dimgrey
ENSG00000186815,dimgrey
ENSG00000189144,gainsboro
ENSG00000196159,darkgrey
ENSG00000196323,snow
ENSG00000198252,darkgrey
ENSG00000198743,lightgrey
ENSG00000214013,firebrick
ENSG00000235453,dimgrey
ENSG00000247828,darkgrey
ENSG00000255399,dimgrey
ENSG00000287001,darkgrey
ENSG00000293516,darkgrey
ENSG00000007202,darkgrey
ENSG00000031691,darkgrey
ENSG00000049167,darkgrey
ENSG00000056050,darkgrey
ENSG00000064652,gainsboro
ENSG00000067596,dimgrey
ENSG00000067704,darkgrey
ENSG00000071575,dimgrey
ENSG00000076201,gainsboro
ENSG00000077312,whitesmoke
ENSG00000078699,dimgrey
ENSG00000084764,white
ENSG00000096968,white
ENSG00000101019,darkgrey
ENSG00000101152,dimgrey
ENSG00000105732,dimgrey
ENSG00000108187,gainsboro
ENSG00000109805,darkgrey
ENSG00000110400,darkgrey
ENSG00000112234,darkgrey
ENSG00000115163,dimgrey
ENSG00000129968,darkgrey
ENSG00000130714,indianred
ENSG00000130749,lightgrey
ENSG00000134748,darkgrey
ENSG00000134815,darkgrey
ENSG00000135686,dimgrey
ENSG00000135916,dimgrey
ENSG00000137824,darkgrey
ENSG00000138032,dimgrey
ENSG00000139083,lightgrey
ENSG00000139211,darkgrey
ENSG00000139734,darkgrey
ENSG00000144231,firebrick
ENSG00000144306,firebrick
ENSG00000144468,dimgrey
ENSG00000144535,whitesmoke
ENSG00000149557,gainsboro
ENSG00000152520,darkgrey
ENSG00000159433,darkgrey
ENSG00000163291,snow
ENSG00000163431,gainsboro
ENSG00000167182,darkgrey
ENSG00000167657,dimgrey
ENSG00000167721,darkgrey
ENSG00000167904,lightgrey
ENSG00000167994,dimgrey
ENSG00000174989,gainsboro
ENSG00000177432,snow
ENSG00000180346,dimgrey
ENSG00000180537,dimgrey
ENSG00000185608,dimgrey
ENSG00000185946,snow
ENSG00000196937,lightgrey
ENSG00000197183,darkgrey
ENSG00000198561,darkgrey
ENSG00000198841,dimgrey
ENSG00000213123,darkgrey
ENSG00000230630,darkgrey
ENSG00000234608,darkgrey
ENSG00000042088,darkgrey
ENSG00000054356,dimgrey
ENSG00000065457,whitesmoke
ENSG00000073578,darkgrey
ENSG00000074319,darkgrey
ENSG00000083799,dimgrey
ENSG00000095564,darkgrey
ENSG00000100307,dimgrey
ENSG00000100321,lightgrey
ENSG00000103550,indianred
ENSG00000103671,gainsboro
ENSG00000104973,lightgrey
ENSG00000108883,darkgrey
ENSG00000109654,lightgrey
ENSG00000112186,darkgrey
ENSG00000116741,lightgrey
ENSG00000121671,gainsboro
ENSG00000128191,darkgrey
ENSG00000131759,white
ENSG00000133195,brown
ENSG00000136100,darkgrey
ENSG00000136158,lightgrey
ENSG00000136231,lightgrey
ENSG00000137501,darkgrey
ENSG00000140259,darkgrey
ENSG00000142627,brown
ENSG00000144233,darkgrey
ENSG00000147905,brown
ENSG00000148498,snow
ENSG00000150967,darkgrey
ENSG00000153989,darkgrey
ENSG00000154079,darkgrey
ENSG00000159445,snow
ENSG00000163539,darkgrey
ENSG00000165533,snow
ENSG00000167380,dimgrey
ENSG00000167775,snow
ENSG00000168216,darkgrey
ENSG00000170242,darkgrey
ENSG00000171490,firebrick
ENSG00000172409,dimgrey
ENSG00000172986,dimgrey
ENSG00000174080,dimgrey
ENSG00000175414,dimgrey
ENSG00000176658,darkgrey
ENSG00000182379,snow
ENSG00000189298,indianred
ENSG00000189308,whitesmoke
ENSG00000197619,brown
ENSG00000197635,gainsboro
ENSG00000198783,white
ENSG00000203668,whitesmoke
ENSG00000218596,darkgrey
ENSG00000232593,darkgrey
ENSG00000257178,lightgrey
ENSG00000277586,gainsboro
ENSG00000005448,dimgrey
ENSG00000008324,dimgrey
ENSG00000071246,dimgrey
ENSG00000072609,darkgrey
ENSG00000081791,darkgrey
ENSG00000099949,white
ENSG00000100906,white
ENSG00000101544,dimgrey
ENSG00000103365,whitesmoke
ENSG00000105136,indianred
ENSG00000105700,gainsboro
ENSG00000109270,gainsboro
ENSG00000109920,darkgrey
ENSG00000110344,dimgrey
ENSG00000112110,dimgrey
ENSG00000112855,whitesmoke
ENSG00000114993,dimgrey
ENSG00000117697,darkgrey
ENSG00000118689,gainsboro
ENSG00000119522,darkgrey
ENSG00000119878,darkgrey
ENSG00000121775,firebrick
ENSG00000125871,darkgrey
ENSG00000126790,dimgrey
ENSG00000126858,lightgrey
ENSG00000127511,dimgrey
ENSG00000127948,darkgrey
ENSG00000132313,darkgrey
ENSG00000134982,darkgrey
ENSG00000136710,white
ENSG00000138231,snow
ENSG00000141574,dimgrey
ENSG00000146414,darkgrey
ENSG00000147100,darkgrey
ENSG00000155097,darkgrey
ENSG00000156873,white
ENSG00000159069,white
ENSG00000159147,whitesmoke
ENSG00000159596,dimgrey
ENSG00000160633,darkgrey
ENSG00000161202,dimgrey
ENSG00000162384,darkgrey
ENSG00000163577,dimgrey
ENSG00000166188,dimgrey
ENSG00000169604,darkgrey
ENSG00000174720,whitesmoke
ENSG00000177674,darkgrey
ENSG00000180228,darkgrey
ENSG00000184205,darkgrey
ENSG00000185379,darkgrey
ENSG00000188419,darkgrey
ENSG00000203880,darkgrey
ENSG00000223482,lightgrey
ENSG00000231607,darkgrey
ENSG00000240695,darkgrey
ENSG00000241839,dimgrey
ENSG00000243667,white
ENSG00000263327,whitesmoke
ENSG00000268388,darkgrey
ENSG00000269439,whitesmoke
ENSG00000276517,darkgrey
ENSG00000291131,dimgrey
ENSG00000002330,lightcoral
ENSG00000003393,darkgrey
ENSG00000033800,gainsboro
ENSG00000034693,lightgrey
ENSG00000070269,dimgrey
ENSG00000070501,gainsboro
ENSG00000074964,dimgrey
ENSG00000075568,white
ENSG00000101166,lightgrey
ENSG00000101843,darkgrey
ENSG00000103197,snow
ENSG00000104177,darkgrey
ENSG00000105486,firebrick
ENSG00000105771,white
ENSG00000105976,snow
ENSG00000111276,darkgrey
ENSG00000111885,darkgrey
ENSG00000112473,snow
ENSG00000113716,dimgrey
ENSG00000113916,firebrick
ENSG00000115902,firebrick
ENSG00000117174,lightgrey
ENSG00000117597,darkgrey
ENSG00000120314,indianred
ENSG00000120832,snow
ENSG00000120860,snow
ENSG00000122966,lightgrey
ENSG00000123415,dimgrey
ENSG00000124782,darkgrey
ENSG00000125629,lightgrey
ENSG00000130544,snow
ENSG00000131375,darkgrey
ENSG00000131845,dimgrey
ENSG00000132635,darkgrey
ENSG00000136854,gainsboro
ENSG00000137094,dimgrey
ENSG00000138688,brown
ENSG00000140265,darkgrey
ENSG00000140350,lightgrey
ENSG00000141084,darkgrey
ENSG00000146067,darkgrey
ENSG00000146072,indianred
ENSG00000150756,darkgrey
ENSG00000153879,darkgrey
ENSG00000155085,whitesmoke
ENSG00000158122,lightgrey
ENSG00000164823,darkgrey
ENSG00000166313,dimgrey
ENSG00000171843,whitesmoke
ENSG00000175575,darkgrey
ENSG00000176018,darkgrey
ENSG00000176058,gainsboro
ENSG00000178607,dimgrey
ENSG00000185761,white
ENSG00000185842,darkgrey
ENSG00000187147,dimgrey
ENSG00000196233,dimgrey
ENSG00000197162,darkgrey
ENSG00000224411,dimgrey
ENSG00000247809,darkgrey
ENSG00000260916,gainsboro
ENSG00000264920,lightgrey
ENSG00000281344,darkgrey
ENSG00000288953,snow
ENSG00000029153,dimgrey
ENSG00000032389,dimgrey
ENSG00000048707,gainsboro
ENSG00000058063,darkgrey
ENSG00000077254,gainsboro
ENSG00000078967,darkgrey
ENSG00000085185,dimgrey
ENSG00000089682,dimgrey
ENSG00000092847,gainsboro
ENSG00000096060,indianred
ENSG00000103175,darkgrey
ENSG00000111790,darkgrey
ENSG00000115020,darkgrey
ENSG00000115750,darkgrey
ENSG00000118193,darkgrey
ENSG00000118600,darkgrey
ENSG00000122008,lightgrey
ENSG00000124155,indianred
ENSG00000124217,lightgrey
ENSG00000124571,gainsboro
ENSG00000128059,dimgrey
ENSG00000128563,gainsboro
ENSG00000128609,darkgrey
ENSG00000130305,snow
ENSG00000130311,dimgrey
ENSG00000130349,darkgrey
ENSG00000134824,gainsboro
ENSG00000135631,dimgrey
ENSG00000135801,darkgrey
ENSG00000136379,dimgrey
ENSG00000137145,lightgrey
ENSG00000141026,dimgrey
ENSG00000143867,darkgrey
ENSG00000147862,darkgrey
ENSG00000149231,darkgrey
ENSG00000152556,lightgrey
ENSG00000154781,snow
ENSG00000156804,darkgrey
ENSG00000157450,dimgrey
ENSG00000161558,indianred
ENSG00000161677,dimgrey
ENSG00000161791,lightgrey
ENSG00000163512,gainsboro
ENSG00000163607,lightgrey
ENSG00000164164,darkgrey
ENSG00000166164,darkgrey
ENSG00000166503,dimgrey
ENSG00000167920,dimgrey
ENSG00000168488,dimgrey
ENSG00000168944,whitesmoke
ENSG00000169446,dimgrey
ENSG00000170088,dimgrey
ENSG00000171105,darkgrey
ENSG00000171310,dimgrey
ENSG00000171311,snow
ENSG00000173085,white
ENSG00000174165,dimgrey
ENSG00000176641,dimgrey
ENSG00000180891,dimgrey
ENSG00000181191,brown
ENSG00000182541,darkgrey
ENSG00000185305,darkgrey
ENSG00000186222,dimgrey
ENSG00000188641,darkgrey
ENSG00000196116,gainsboro
ENSG00000196505,firebrick
ENSG00000196526,lightgrey
ENSG00000196876,darkgrey
ENSG00000198951,darkgrey
ENSG00000204054,dimgrey
ENSG00000214413,snow
ENSG00000227500,lightcoral
ENSG00000241990,dimgrey
ENSG00000269834,darkgrey
ENSG00000272333,whitesmoke
ENSG00000286259,white
ENSG00000291203,darkgrey
ENSG00000291207,darkgrey
ENSG00000007384,snow
ENSG00000055208,darkgrey
ENSG00000058804,dimgrey
ENSG00000061455,darkgrey
ENSG00000063244,lightgrey
ENSG00000068650,dimgrey
ENSG00000076248,dimgrey
ENSG00000086200,darkgrey
ENSG00000095321,dimgrey
ENSG00000100294,dimgrey
ENSG00000103356,darkgrey
ENSG00000103966,darkgrey
ENSG00000104722,dimgrey
ENSG00000106070,lightgrey
ENSG00000106571,dimgrey
ENSG00000107882,dimgrey
ENSG00000113240,darkgrey
ENSG00000116580,darkgrey
ENSG00000117360,dimgrey
ENSG00000119820,darkgrey
ENSG00000121064,darkgrey
ENSG00000121552,darkgrey
ENSG00000123552,darkgrey
ENSG00000125814,darkgrey
ENSG00000127452,lightgrey
ENSG00000132952,lightgrey
ENSG00000137055,darkgrey
ENSG00000137522,lightgrey
ENSG00000137812,darkgrey
ENSG00000138395,gainsboro
ENSG00000139370,dimgrey
ENSG00000140948,lightgrey
ENSG00000143207,dimgrey
ENSG00000144659,lightgrey
ENSG00000145545,dimgrey
ENSG00000150540,gainsboro
ENSG00000151233,white
ENSG00000151532,gainsboro
ENSG00000151726,darkgrey
ENSG00000154144,dimgrey
ENSG00000161011,darkgrey
ENSG00000162542,darkgrey
ENSG00000166965,dimgrey
ENSG00000167461,darkgrey
ENSG00000169957,darkgrey
ENSG00000170619,gainsboro
ENSG00000171169,darkgrey
ENSG00000172465,gainsboro
ENSG00000172732,whitesmoke
ENSG00000176463,dimgrey
ENSG00000177034,lightgrey
ENSG00000177283,brown
ENSG00000179152,lightgrey
ENSG00000179241,lightgrey
ENSG00000179958,dimgrey
ENSG00000181649,gainsboro
ENSG00000184436,darkgrey
ENSG00000184465,darkgrey
ENSG00000186812,gainsboro
ENSG00000196460,darkgrey
ENSG00000204525,gainsboro
ENSG00000205683,firebrick
ENSG00000206562,lightgrey
ENSG00000213186,darkgrey
ENSG00000250317,whitesmoke
ENSG00000266962,white
ENSG00000267100,dimgrey
ENSG00000267254,white
ENSG00000000419,darkgrey
ENSG00000001497,lightgrey
ENSG00000010704,snow
ENSG00000027847,indianred
ENSG00000051596,lightcoral
ENSG00000060718,gainsboro
ENSG00000069122,firebrick
ENSG00000072682,gainsboro
ENSG00000075188,dimgrey
ENSG00000082512,darkgrey
ENSG00000085788,lightgrey
ENSG00000086589,dimgrey
ENSG00000101413,darkgrey
ENSG00000106733,darkgrey
ENSG00000107104,darkgrey
ENSG00000109944,firebrick
ENSG00000111859,dimgrey
ENSG00000113845,dimgrey
ENSG00000114030,dimgrey
ENSG00000120798,whitesmoke
ENSG00000124786,dimgrey
ENSG00000125633,lightgrey
ENSG00000128512,lightgrey
ENSG00000129925,dimgrey
ENSG00000131018,darkgrey
ENSG00000135778,darkgrey
ENSG00000136715,gainsboro
ENSG00000138303,darkgrey
ENSG00000139323,gainsboro
ENSG00000140992,lightgrey
ENSG00000141837,lightgrey
ENSG00000144840,dimgrey
ENSG00000147400,darkgrey
ENSG00000148950,lightgrey
ENSG00000151881,darkgrey
ENSG00000159217,dimgrey
ENSG00000159921,dimgrey
ENSG00000160271,whitesmoke
ENSG00000163932,dimgrey
ENSG00000164379,lightgrey
ENSG00000164494,darkgrey
ENSG00000165813,gainsboro
ENSG00000166228,dimgrey
ENSG00000166783,dimgrey
ENSG00000167107,darkgrey
ENSG00000169599,lightcoral
ENSG00000170836,dimgrey
ENSG00000171492,snow
ENSG00000172466,dimgrey
ENSG00000173011,dimgrey
ENSG00000176834,darkgrey
ENSG00000182310,gainsboro
ENSG00000185722,darkgrey
ENSG00000188070,darkgrey
ENSG00000189050,gainsboro
ENSG00000196911,darkgrey
ENSG00000197961,indianred
ENSG00000210144,darkgrey
ENSG00000213341,lightgrey
ENSG00000213609,snow
ENSG00000243199,darkgrey
ENSG00000021762,dimgrey
ENSG00000039650,dimgrey
ENSG00000052749,dimgrey
ENSG00000053770,dimgrey
ENSG00000068028,firebrick
ENSG00000069248,dimgrey
ENSG00000074657,darkgrey
ENSG00000075945,darkgrey
ENSG00000076242,dimgrey
ENSG00000079432,gainsboro
ENSG00000080561,darkgrey
ENSG00000089351,firebrick
ENSG00000090372,dimgrey
ENSG00000096401,darkgrey
ENSG00000101901,darkgrey
ENSG00000102870,darkgrey
ENSG00000107938,firebrick
ENSG00000108094,lightgrey
ENSG00000109670,lightgrey
ENSG00000116793,gainsboro
ENSG00000119927,firebrick
ENSG00000121897,darkgrey
ENSG00000124659,darkgrey
ENSG00000130844,brown
ENSG00000132286,darkgrey
ENSG00000135241,dimgrey
ENSG00000135924,dimgrey
ENSG00000136144,darkgrey
ENSG00000136261,lightgrey
ENSG00000137764,dimgrey
ENSG00000138246,darkgrey
ENSG00000143702,lightgrey
ENSG00000143740,snow
ENSG00000144744,lightgrey
ENSG00000145723,darkgrey
ENSG00000146918,darkgrey
ENSG00000148842,dimgrey
ENSG00000155542,dimgrey
ENSG00000162971,snow
ENSG00000164897,white
ENSG00000165118,lightgrey
ENSG00000165475,dimgrey
ENSG00000165632,snow
ENSG00000165650,gainsboro
ENSG00000166171,dimgrey
ENSG00000170946,darkgrey
ENSG00000171467,dimgrey
ENSG00000171873,darkgrey
ENSG00000172113,lightgrey
ENSG00000172932,white
ENSG00000177084,dimgrey
ENSG00000186185,darkgrey
ENSG00000186470,gainsboro
ENSG00000186716,snow
ENSG00000188986,dimgrey
ENSG00000196850,dimgrey
ENSG00000198589,whitesmoke
ENSG00000204351,gainsboro
ENSG00000204642,darkgrey
ENSG00000218891,firebrick
ENSG00000253829,snow
ENSG00000254470,firebrick
ENSG00000288924,darkgrey
ENSG00000288948,snow
ENSG00000052126,gainsboro
ENSG00000055950,darkgrey
ENSG00000059122,darkgrey
ENSG00000068137,darkgrey
ENSG00000075089,darkgrey
ENSG00000077232,firebrick
ENSG00000099860,dimgrey
ENSG00000100263,darkgrey
ENSG00000100416,white
ENSG00000101104,dimgrey
ENSG00000104299,dimgrey
ENSG00000105223,dimgrey
ENSG00000105426,darkgrey
ENSG00000105497,dimgrey
ENSG00000106462,dimgrey
ENSG00000108511,lightgrey
ENSG00000108846,dimgrey
ENSG00000116213,darkgrey
ENSG00000116809,gainsboro
ENSG00000119986,darkgrey
ENSG00000120705,darkgrey
ENSG00000125386,darkgrey
ENSG00000126016,dimgrey
ENSG00000130707,darkgrey
ENSG00000131023,darkgrey
ENSG00000131149,darkgrey
ENSG00000134152,lightgrey
ENSG00000136932,darkgrey
ENSG00000138035,darkgrey
ENSG00000138678,lightgrey
ENSG00000138942,white
ENSG00000144591,gainsboro
ENSG00000145241,gainsboro
ENSG00000145332,dimgrey
ENSG00000151445,gainsboro
ENSG00000151773,darkgrey
ENSG00000151778,dimgrey
ENSG00000158716,darkgrey
ENSG00000161618,dimgrey
ENSG00000162980,lightgrey
ENSG00000163719,whitesmoke
ENSG00000163933,whitesmoke
ENSG00000164949,lightgrey
ENSG00000164978,whitesmoke
ENSG00000165006,darkgrey
ENSG00000166974,dimgrey
ENSG00000168502,darkgrey
ENSG00000168564,lightgrey
ENSG00000170791,darkgrey
ENSG00000171574,dimgrey
ENSG00000173681,lightgrey
ENSG00000174371,darkgrey
ENSG00000174446,dimgrey
ENSG00000176170,brown
ENSG00000177613,dimgrey
ENSG00000180488,lightgrey
ENSG00000181588,lightgrey
ENSG00000182179,whitesmoke
ENSG00000183826,white
ENSG00000184634,darkgrey
ENSG00000185033,indianred
ENSG00000188215,darkgrey
ENSG00000188786,white
ENSG00000197818,darkgrey
ENSG00000198055,gainsboro
ENSG00000198873,gainsboro
ENSG00000237887,snow
ENSG00000242259,dimgrey
ENSG00000253710,gainsboro
ENSG00000254635,whitesmoke
ENSG00000269958,dimgrey
ENSG00000285410,darkgrey
ENSG00000288888,darkgrey
ENSG00000289443,darkgrey
ENSG00000020922,lightgrey
ENSG00000071051,snow
ENSG00000072134,gainsboro
ENSG00000072506,darkgrey
ENSG00000078043,dimgrey
ENSG00000099942,darkgrey
ENSG00000100226,dimgrey
ENSG00000102125,firebrick
ENSG00000104885,whitesmoke
ENSG00000104915,darkgrey
ENSG00000104964,dimgrey
ENSG00000108395,dimgrey
ENSG00000112249,darkgrey
ENSG00000117616,darkgrey
ENSG00000118402,darkgrey
ENSG00000119285,snow
ENSG00000124313,dimgrey
ENSG00000124688,dimgrey
ENSG00000127337,dimgrey
ENSG00000127666,brown
ENSG00000130193,firebrick
ENSG00000130810,darkgrey
ENSG00000132763,whitesmoke
ENSG00000133104,darkgrey
ENSG00000136147,dimgrey
ENSG00000137944,firebrick
ENSG00000139173,lightgrey
ENSG00000139636,snow
ENSG00000140650,lightgrey
ENSG00000141076,lightgrey
ENSG00000146729,lightgrey
ENSG00000147912,indianred
ENSG00000148120,darkgrey
ENSG00000149289,lightgrey
ENSG00000149541,dimgrey
ENSG00000150636,whitesmoke
ENSG00000152527,snow
ENSG00000153721,dimgrey
ENSG00000154856,whitesmoke
ENSG00000155304,darkgrey
ENSG00000155329,firebrick
ENSG00000157985,darkgrey
ENSG00000159055,darkgrey
ENSG00000159086,gainsboro
ENSG00000164151,darkgrey
ENSG00000164190,gainsboro
ENSG00000165240,dimgrey
ENSG00000172086,dimgrey
ENSG00000173848,darkgrey
ENSG00000176407,snow
ENSG00000177485,dimgrey
ENSG00000179115,white
ENSG00000182383,lightcoral
ENSG00000185127,lightgrey
ENSG00000185340,dimgrey
ENSG00000187210,darkgrey
ENSG00000188130,darkgrey
ENSG00000198466,firebrick
ENSG00000198730,gainsboro
ENSG00000235121,dimgrey
ENSG00000238266,dimgrey
ENSG00000246067,dimgrey
ENSG00000277968,lightgrey
ENSG00000011295,firebrick
ENSG00000037757,darkgrey
ENSG00000057252,lightgrey
ENSG00000080839,gainsboro
ENSG00000082458,white
ENSG00000084731,darkgrey
ENSG00000087448,lightgrey
ENSG00000100036,snow
ENSG00000100625,brown
ENSG00000100813,darkgrey
ENSG00000101639,darkgrey
ENSG00000101844,indianred
ENSG00000102359,lightgrey
ENSG00000102802,gainsboro
ENSG00000104880,dimgrey
ENSG00000105483,lightgrey
ENSG00000106635,gainsboro
ENSG00000108262,dimgrey
ENSG00000110851,white
ENSG00000114650,dimgrey
ENSG00000118939,darkgrey
ENSG00000122484,darkgrey
ENSG00000126107,darkgrey
ENSG00000132604,dimgrey
ENSG00000137161,dimgrey
ENSG00000143320,gainsboro
ENSG00000144401,gainsboro
ENSG00000148218,darkgrey
ENSG00000151332,darkgrey
ENSG00000151413,gainsboro
ENSG00000156103,whitesmoke
ENSG00000162959,lightgrey
ENSG00000163781,dimgrey
ENSG00000164619,darkgrey
ENSG00000164631,darkgrey
ENSG00000165806,dimgrey
ENSG00000165832,lightgrey
ENSG00000166352,darkgrey
ENSG00000166471,darkgrey
ENSG00000168876,darkgrey
ENSG00000169519,dimgrey
ENSG00000169598,brown
ENSG00000170903,dimgrey
ENSG00000176182,gainsboro
ENSG00000176953,dimgrey
ENSG00000177042,darkgrey
ENSG00000183048,dimgrey
ENSG00000183258,lightgrey
ENSG00000183475,gainsboro
ENSG00000183943,dimgrey
ENSG00000184254,whitesmoke
ENSG00000185049,gainsboro
ENSG00000186010,white
ENSG00000188706,dimgrey
ENSG00000198198,white
ENSG00000241878,indianred
ENSG00000243701,darkgrey
ENSG00000250519,white
ENSG00000278730,darkgrey
ENSG00000290644,darkgrey
ENSG00000005469,darkgrey
ENSG00000007944,darkgrey
ENSG00000038210,dimgrey
ENSG00000062725,gainsboro
ENSG00000072422,gainsboro
ENSG00000073060,gainsboro
ENSG00000077157,white
ENSG00000082146,darkgrey
ENSG00000090905,darkgrey
ENSG00000094804,darkgrey
ENSG00000094975,snow
ENSG00000100030,lightgrey
ENSG00000100479,darkgrey
ENSG00000101811,dimgrey
ENSG00000103160,white
ENSG00000106459,snow
ENSG00000106546,darkgrey
ENSG00000106683,darkgrey
ENSG00000107262,darkgrey
ENSG00000107554,dimgrey
ENSG00000107789,lightgrey
ENSG00000115457,white
ENSG00000116337,dimgrey
ENSG00000116691,lightgrey
ENSG00000118369,indianred
ENSG00000118960,indianred
ENSG00000120217,lightgrey
ENSG00000130669,dimgrey
ENSG00000130713,lightgrey
ENSG00000131844,indianred
ENSG00000133805,lightgrey
ENSG00000135480,darkgrey
ENSG00000135972,whitesmoke
ENSG00000136807,gainsboro
ENSG00000138829,gainsboro
ENSG00000139977,lightgrey
ENSG00000141376,lightgrey
ENSG00000142751,dimgrey
ENSG00000147459,dimgrey
ENSG00000148362,indianred
ENSG00000157833,dimgrey
ENSG00000159259,firebrick
ENSG00000160055,whitesmoke
ENSG00000160972,firebrick
ENSG00000161813,dimgrey
ENSG00000162729,dimgrey
ENSG00000163923,darkgrey
ENSG00000165434,lightgrey
ENSG00000166398,darkgrey
ENSG00000167491,darkgrey
ENSG00000167670,gainsboro
ENSG00000168679,darkgrey
ENSG00000171135,indianred
ENSG00000171408,gainsboro
ENSG00000172530,dimgrey
ENSG00000172939,darkgrey
ENSG00000173818,firebrick
ENSG00000173852,whitesmoke
ENSG00000175567,white
ENSG00000176715,dimgrey
ENSG00000177738,whitesmoke
ENSG00000179409,white
ENSG00000180354,firebrick
ENSG00000181027,lightgrey
ENSG00000182742,gainsboro
ENSG00000185432,gainsboro
ENSG00000186174,gainsboro
ENSG00000186814,darkgrey
ENSG00000187790,snow
ENSG00000212719,lightcoral
ENSG00000221890,white
ENSG00000226742,darkgrey
ENSG00000235437,lightgrey
ENSG00000235531,darkgrey
ENSG00000239332,dimgrey
ENSG00000243335,dimgrey
ENSG00000281183,darkgrey
ENSG00000002919,darkgrey
ENSG00000007545,darkgrey
ENSG00000014914,snow
ENSG00000018699,whitesmoke
ENSG00000021574,brown
ENSG00000022567,lightcoral
ENSG00000047579,dimgrey
ENSG00000060656,darkgrey
ENSG00000071243,dimgrey
ENSG00000083535,darkgrey
ENSG00000084072,dimgrey
ENSG00000085998,darkgrey
ENSG00000090097,dimgrey
ENSG00000095485,lightgrey
ENSG00000099256,lightgrey
ENSG00000101391,gainsboro
ENSG00000102218,dimgrey
ENSG00000103043,snow
ENSG00000105835,darkgrey
ENSG00000110042,snow
ENSG00000111424,whitesmoke
ENSG00000113108,lightgrey
ENSG00000118961,lightgrey
ENSG00000124097,darkgrey
ENSG00000124209,darkgrey
ENSG00000127334,lightgrey
ENSG00000127870,gainsboro
ENSG00000129810,dimgrey
ENSG00000130299,brown
ENSG00000134333,lightgrey
ENSG00000135045,dimgrey
ENSG00000138600,darkgrey
ENSG00000144369,dimgrey
ENSG00000149262,dimgrey
ENSG00000149308,snow
ENSG00000149782,dimgrey
ENSG00000151746,darkgrey
ENSG00000152219,darkgrey
ENSG00000154429,snow
ENSG00000157741,darkgrey
ENSG00000160584,dimgrey
ENSG00000162139,dimgrey
ENSG00000162972,darkgrey
ENSG00000163866,dimgrey
ENSG00000163935,darkgrey
ENSG00000164332,darkgrey
ENSG00000165526,dimgrey
ENSG00000168014,lightgrey
ENSG00000169016,dimgrey
ENSG00000169855,darkgrey
ENSG00000170653,dimgrey
ENSG00000171262,darkgrey
ENSG00000172366,dimgrey
ENSG00000173264,dimgrey
ENSG00000177058,lightgrey
ENSG00000177106,lightgrey
ENSG00000177679,lightcoral
ENSG00000180329,brown
ENSG00000181472,lightgrey
ENSG00000183765,lightgrey
ENSG00000185298,darkgrey
ENSG00000185760,dimgrey
ENSG00000189042,darkgrey
ENSG00000189227,white
ENSG00000197050,darkgrey
ENSG00000197536,dimgrey
ENSG00000197860,dimgrey
ENSG00000206503,darkgrey
ENSG00000221829,white
ENSG00000225138,darkgrey
ENSG00000241343,lightgrey
ENSG00000245275,firebrick
ENSG00000252498,snow
ENSG00000261236,lightgrey
ENSG00000279532,whitesmoke
ENSG00000292997,whitesmoke
ENSG00000010818,gainsboro
ENSG00000028277,dimgrey
ENSG00000030419,dimgrey
ENSG00000047230,gainsboro
ENSG00000065559,dimgrey
ENSG00000066455,darkgrey
ENSG00000066583,dimgrey
ENSG00000075292,darkgrey
ENSG00000079263,dimgrey
ENSG00000079482,darkgrey
ENSG00000088727,lightgrey
ENSG00000092020,snow
ENSG00000102967,lightgrey
ENSG00000103653,lightgrey
ENSG00000105053,dimgrey
ENSG00000105364,darkgrey
ENSG00000107949,darkgrey
ENSG00000110218,darkgrey
ENSG00000113318,darkgrey
ENSG00000113356,darkgrey
ENSG00000114520,dimgrey
ENSG00000115232,indianred
ENSG00000115942,darkgrey
ENSG00000122547,darkgrey
ENSG00000122643,dimgrey
ENSG00000124151,firebrick
ENSG00000124216,dimgrey
ENSG00000124243,lightcoral
ENSG00000124444,indianred
ENSG00000125352,darkgrey
ENSG00000125445,darkgrey
ENSG00000127952,lightgrey
ENSG00000128891,dimgrey
ENSG00000129472,dimgrey
ENSG00000132561,darkgrey
ENSG00000132640,darkgrey
ENSG00000132694,dimgrey
ENSG00000133302,darkgrey
ENSG00000133794,lightgrey
ENSG00000134146,dimgrey
ENSG00000134802,snow
ENSG00000136274,darkgrey
ENSG00000138614,lightgrey
ENSG00000139620,dimgrey
ENSG00000140463,dimgrey
ENSG00000140694,darkgrey
ENSG00000146054,whitesmoke
ENSG00000148344,white
ENSG00000149792,dimgrey
ENSG00000151470,dimgrey
ENSG00000152778,dimgrey
ENSG00000156531,dimgrey
ENSG00000160256,dimgrey
ENSG00000160753,darkgrey
ENSG00000161204,gainsboro
ENSG00000163374,dimgrey
ENSG00000165669,darkgrey
ENSG00000165675,darkgrey
ENSG00000166478,lightgrey
ENSG00000166821,darkgrey
ENSG00000166845,lightgrey
ENSG00000167524,darkgrey
ENSG00000167977,dimgrey
ENSG00000168209,gainsboro
ENSG00000168246,dimgrey
ENSG00000170448,lightgrey
ENSG00000172935,white
ENSG00000172936,dimgrey
ENSG00000174109,gainsboro
ENSG00000175066,dimgrey
ENSG00000175643,dimgrey
ENSG00000176422,indianred
ENSG00000180806,gainsboro
ENSG00000181045,dimgrey
ENSG00000186314,lightgrey
ENSG00000196214,gainsboro
ENSG00000196455,darkgrey
ENSG00000197093,dimgrey
ENSG00000198718,dimgrey
ENSG00000206418,dimgrey
ENSG00000215251,dimgrey
ENSG00000227345,darkgrey
ENSG00000236287,darkgrey
ENSG00000247498,darkgrey
ENSG00000250786,darkgrey
ENSG00000254960,gainsboro
ENSG00000260367,white
ENSG00000262879,whitesmoke
ENSG00000002834,darkgrey
ENSG00000003096,darkgrey
ENSG00000013619,dimgrey
ENSG00000014138,darkgrey
ENSG00000042445,gainsboro
ENSG00000058091,darkgrey
ENSG00000060688,darkgrey
ENSG00000064726,brown
ENSG00000066117,dimgrey
ENSG00000070950,dimgrey
ENSG00000077514,darkgrey
ENSG00000079387,darkgrey
ENSG00000080819,lightgrey
ENSG00000081692,whitesmoke
ENSG00000085276,gainsboro
ENSG00000085644,darkgrey
ENSG00000085871,darkgrey
ENSG00000088812,darkgrey
ENSG00000090447,lightgrey
ENSG00000099377,dimgrey
ENSG00000100441,lightgrey
ENSG00000106524,dimgrey
ENSG00000109321,lightgrey
ENSG00000111727,darkgrey
ENSG00000114126,darkgrey
ENSG00000115904,darkgrey
ENSG00000116521,darkgrey
ENSG00000119906,dimgrey
ENSG00000124074,dimgrey
ENSG00000130023,dimgrey
ENSG00000130396,darkgrey
ENSG00000130720,dimgrey
ENSG00000130818,dimgrey
ENSG00000131931,darkgrey
ENSG00000134504,darkgrey
ENSG00000135597,lightgrey
ENSG00000135776,gainsboro
ENSG00000136146,whitesmoke
ENSG00000138131,dimgrey
ENSG00000142207,darkgrey
ENSG00000143337,lightgrey
ENSG00000143919,dimgrey
ENSG00000148841,lightgrey
ENSG00000152147,dimgrey
ENSG00000154146,firebrick
ENSG00000156304,darkgrey
ENSG00000162063,darkgrey
ENSG00000162735,darkgrey
ENSG00000163346,gainsboro
ENSG00000164221,lightgrey
ENSG00000164535,darkgrey
ENSG00000164615,dimgrey
ENSG00000166341,white
ENSG00000166833,darkgrey
ENSG00000170915,dimgrey
ENSG00000172663,dimgrey
ENSG00000173020,dimgrey
ENSG00000173801,gainsboro
ENSG00000175073,gainsboro
ENSG00000175581,snow
ENSG00000182986,darkgrey
ENSG00000185338,snow
ENSG00000189319,dimgrey
ENSG00000244045,dimgrey
ENSG00000261630,lightgrey
ENSG00000279159,darkgrey
ENSG00000280088,lightgrey
ENSG00000290770,dimgrey
ENSG00000006638,dimgrey
ENSG00000006704,lightgrey
ENSG00000036257,darkgrey
ENSG00000051341,darkgrey
ENSG00000057663,gainsboro
ENSG00000059588,lightgrey
ENSG00000068654,darkgrey
ENSG00000068784,darkgrey
ENSG00000069509,lightgrey
ENSG00000073536,darkgrey
ENSG00000075539,darkgrey
ENSG00000082212,darkgrey
ENSG00000089057,dimgrey
ENSG00000089195,dimgrey
ENSG00000100601,darkgrey
ENSG00000101911,lightgrey
ENSG00000102805,lightcoral
ENSG00000104375,darkgrey
ENSG00000106605,dimgrey
ENSG00000108559,darkgrey
ENSG00000109743,gainsboro
ENSG00000112139,snow
ENSG00000112297,dimgrey
ENSG00000116273,dimgrey
ENSG00000118620,dimgrey
ENSG00000121691,darkgrey
ENSG00000122741,darkgrey
ENSG00000123496,darkgrey
ENSG00000124802,darkgrey
ENSG00000126001,gainsboro
ENSG00000130159,snow
ENSG00000132256,darkgrey
ENSG00000136114,dimgrey
ENSG00000136492,gainsboro
ENSG00000136518,darkgrey
ENSG00000141446,darkgrey
ENSG00000143786,indianred
ENSG00000145431,lightcoral
ENSG00000148291,brown
ENSG00000151092,dimgrey
ENSG00000151718,darkgrey
ENSG00000151748,darkgrey
ENSG00000154767,darkgrey
ENSG00000158526,dimgrey
ENSG00000160013,whitesmoke
ENSG00000160691,firebrick
ENSG00000162595,whitesmoke
ENSG00000164941,lightgrey
ENSG00000166004,darkgrey
ENSG00000167315,darkgrey
ENSG00000168005,dimgrey
ENSG00000170396,dimgrey
ENSG00000170631,firebrick
ENSG00000172262,dimgrey
ENSG00000173545,darkgrey
ENSG00000181666,darkgrey
ENSG00000184967,dimgrey
ENSG00000186854,lightgrey
ENSG00000187778,dimgrey
ENSG00000188997,firebrick
ENSG00000196290,darkgrey
ENSG00000196368,dimgrey
ENSG00000197930,gainsboro
ENSG00000198142,snow
ENSG00000198585,darkgrey
ENSG00000224051,white
ENSG00000225973,dimgrey
ENSG00000227051,darkgrey
ENSG00000233527,indianred
ENSG00000276115,darkgrey
ENSG00000279670,snow
ENSG00000010404,dimgrey
ENSG00000039319,darkgrey
ENSG00000065491,darkgrey
ENSG00000081721,darkgrey
ENSG00000086712,darkgrey
ENSG00000088826,lightgrey
ENSG00000088888,dimgrey
ENSG00000091127,lightgrey
ENSG00000100994,dimgrey
ENSG00000101974,darkgrey
ENSG00000102312,lightgrey
ENSG00000102471,lightgrey
ENSG00000103091,darkgrey
ENSG00000104219,darkgrey
ENSG00000104365,gainsboro
ENSG00000105671,gainsboro
ENSG00000108960,darkgrey
ENSG00000110066,lightgrey
ENSG00000110429,dimgrey
ENSG00000111247,darkgrey
ENSG00000111785,dimgrey
ENSG00000113070,dimgrey
ENSG00000113269,lightgrey
ENSG00000114698,dimgrey
ENSG00000125447,dimgrey
ENSG00000131503,darkgrey
ENSG00000132541,darkgrey
ENSG00000132661,dimgrey
ENSG00000133138,dimgrey
ENSG00000134014,whitesmoke
ENSG00000134262,indianred
ENSG00000134758,darkgrey
ENSG00000135249,darkgrey
ENSG00000135503,darkgrey
ENSG00000138286,white
ENSG00000138587,whitesmoke
ENSG00000138698,brown
ENSG00000139131,gainsboro
ENSG00000140199,darkgrey
ENSG00000140848,firebrick
ENSG00000140945,darkgrey
ENSG00000141560,darkgrey
ENSG00000144451,white
ENSG00000145476,darkgrey
ENSG00000147650,dimgrey
ENSG00000149582,dimgrey
ENSG00000152409,darkgrey
ENSG00000152455,dimgrey
ENSG00000152642,lightgrey
ENSG00000152683,darkgrey
ENSG00000157349,whitesmoke
ENSG00000160803,dimgrey
ENSG00000162522,snow
ENSG00000163681,darkgrey
ENSG00000164162,darkgrey
ENSG00000165661,dimgrey
ENSG00000165914,snow
ENSG00000166436,gainsboro
ENSG00000166446,darkgrey
ENSG00000167384,indianred
ENSG00000167523,lightgrey
ENSG00000168890,dimgrey
ENSG00000169169,darkgrey
ENSG00000170445,dimgrey
ENSG00000172869,darkgrey
ENSG00000173641,dimgrey
ENSG00000176022,lightgrey
ENSG00000187391,darkgrey
ENSG00000196405,darkgrey
ENSG00000197989,whitesmoke
ENSG00000198429,snow
ENSG00000204899,lightgrey
ENSG00000205362,dimgrey
ENSG00000215068,darkgrey
ENSG00000221866,darkgrey
ENSG00000225770,lightgrey
ENSG00000231721,snow
ENSG00000268230,brown
ENSG00000269343,dimgrey
ENSG00000273270,darkgrey
ENSG00000289528,lightgrey
ENSG00000013288,darkgrey
ENSG00000025770,white
ENSG00000047634,darkgrey
ENSG00000065989,lightgrey
ENSG00000068354,indianred
ENSG00000069020,dimgrey
ENSG00000077458,dimgrey
ENSG00000078674,darkgrey
ENSG00000084693,whitesmoke
ENSG00000089639,lightgrey
ENSG00000100221,dimgrey
ENSG00000102030,dimgrey
ENSG00000103042,gainsboro
ENSG00000103148,darkgrey
ENSG00000104093,darkgrey
ENSG00000104205,darkgrey
ENSG00000105784,darkgrey
ENSG00000105866,lightgrey
ENSG00000106868,whitesmoke
ENSG00000107443,snow
ENSG00000108840,dimgrey
ENSG00000112276,darkgrey
ENSG00000114054,darkgrey
ENSG00000117602,darkgrey
ENSG00000121152,darkgrey
ENSG00000124343,white
ENSG00000126091,lightgrey
ENSG00000126432,darkgrey
ENSG00000128274,darkgrey
ENSG00000130024,dimgrey
ENSG00000132330,dimgrey
ENSG00000132434,darkgrey
ENSG00000134285,dimgrey
ENSG00000134470,darkgrey
ENSG00000135678,darkgrey
ENSG00000137207,dimgrey
ENSG00000137872,darkgrey
ENSG00000138660,darkgrey
ENSG00000139436,darkgrey
ENSG00000142065,snow
ENSG00000142396,gainsboro
ENSG00000144560,lightgrey
ENSG00000145868,darkgrey
ENSG00000145996,firebrick
ENSG00000146830,darkgrey
ENSG00000149451,darkgrey
ENSG00000155324,lightgrey
ENSG00000156469,darkgrey
ENSG00000158987,lightgrey
ENSG00000162496,snow
ENSG00000162772,snow
ENSG00000163257,dimgrey
ENSG00000164038,lightgrey
ENSG00000164366,indianred
ENSG00000165097,dimgrey
ENSG00000166439,lightcoral
ENSG00000166685,lightgrey
ENSG00000167565,lightgrey
ENSG00000168961,snow
ENSG00000170846,darkgrey
ENSG00000171763,lightgrey
ENSG00000175505,white
ENSG00000177352,white
ENSG00000177981,gainsboro
ENSG00000178467,dimgrey
ENSG00000183340,gainsboro
ENSG00000183655,gainsboro
ENSG00000184009,darkgrey
ENSG00000185904,dimgrey
ENSG00000196247,lightgrey
ENSG00000198087,dimgrey
ENSG00000198586,darkgrey
ENSG00000198740,darkgrey
ENSG00000215305,snow
ENSG00000219626,firebrick
ENSG00000229619,dimgrey
ENSG00000232346,whitesmoke
ENSG00000253159,whitesmoke
ENSG00000273319,whitesmoke
ENSG00000290746,lightcoral
ENSG00000293235,darkgrey
ENSG00000005206,lightgrey
ENSG00000023330,darkgrey
ENSG00000079691,dimgrey
ENSG00000083812,darkgrey
ENSG00000091844,darkgrey
ENSG00000099899,dimgrey
ENSG00000099910,dimgrey
ENSG00000103174,gainsboro
ENSG00000104731,indianred
ENSG00000106617,dimgrey
ENSG00000108219,darkgrey
ENSG00000109065,whitesmoke
ENSG00000109103,dimgrey
ENSG00000110514,dimgrey
ENSG00000110723,darkgrey
ENSG00000114544,dimgrey
ENSG00000119723,lightgrey
ENSG00000120837,dimgrey
ENSG00000120942,dimgrey
ENSG00000121716,darkgrey
ENSG00000121957,darkgrey
ENSG00000122386,firebrick
ENSG00000123737,lightgrey
ENSG00000124164,brown
ENSG00000124225,lightgrey
ENSG00000124813,darkgrey
ENSG00000126106,snow
ENSG00000126883,darkgrey
ENSG00000127804,snow
ENSG00000130775,darkgrey
ENSG00000136478,darkgrey
ENSG00000141480,dimgrey
ENSG00000143224,white
ENSG00000144228,dimgrey
ENSG00000145191,gainsboro
ENSG00000146263,darkgrey
ENSG00000146281,whitesmoke
ENSG00000147050,dimgrey
ENSG00000149212,darkgrey
ENSG00000152061,lightgrey
ENSG00000152348,firebrick
ENSG00000155158,gainsboro
ENSG00000157404,gainsboro
ENSG00000163704,darkgrey
ENSG00000164099,gainsboro
ENSG00000165323,darkgrey
ENSG00000167625,snow
ENSG00000168952,lightgrey
ENSG00000169251,dimgrey
ENSG00000171827,dimgrey
ENSG00000172292,dimgrey
ENSG00000174021,darkgrey
ENSG00000174197,darkgrey
ENSG00000177683,dimgrey
ENSG00000178718,gainsboro
ENSG00000180875,darkgrey
ENSG00000182810,brown
ENSG00000182979,darkgrey
ENSG00000183828,darkgrey
ENSG00000184678,darkgrey
ENSG00000184831,darkgrey
ENSG00000185189,darkgrey
ENSG00000186871,darkgrey
ENSG00000187601,darkgrey
ENSG00000196187,darkgrey
ENSG00000196295,dimgrey
ENSG00000204520,dimgrey
ENSG00000205133,darkgrey
ENSG00000214293,dimgrey
ENSG00000214944,gainsboro
ENSG00000236830,darkgrey
ENSG00000241316,darkgrey
ENSG00000251493,lightgrey
ENSG00000262454,whitesmoke
ENSG00000280798,whitesmoke
ENSG00000002745,darkgrey
ENSG00000007376,dimgrey
ENSG00000035115,darkgrey
ENSG00000086758,darkgrey
ENSG00000092439,darkgrey
ENSG00000095002,lightgrey
ENSG00000100360,whitesmoke
ENSG00000101417,dimgrey
ENSG00000105419,dimgrey
ENSG00000109381,darkgrey
ENSG00000109466,lightgrey
ENSG00000117408,dimgrey
ENSG00000119720,snow
ENSG00000121089,dimgrey
ENSG00000124596,darkgrey
ENSG00000126215,whitesmoke
ENSG00000131069,darkgrey
ENSG00000132964,gainsboro
ENSG00000133103,dimgrey
ENSG00000133424,darkgrey
ENSG00000134313,snow
ENSG00000135297,darkgrey
ENSG00000137200,dimgrey
ENSG00000137806,darkgrey
ENSG00000138593,lightgrey
ENSG00000139428,darkgrey
ENSG00000139624,lightcoral
ENSG00000139910,dimgrey
ENSG00000140563,gainsboro
ENSG00000141873,white
ENSG00000143669,dimgrey
ENSG00000145990,gainsboro
ENSG00000147654,snow
ENSG00000151498,lightcoral
ENSG00000152253,darkgrey
ENSG00000155621,darkgrey
ENSG00000156384,dimgrey
ENSG00000157077,gainsboro
ENSG00000157306,darkgrey
ENSG00000157625,darkgrey
ENSG00000158711,lightgrey
ENSG00000160208,darkgrey
ENSG00000161653,lightgrey
ENSG00000162302,dimgrey
ENSG00000162851,gainsboro
ENSG00000163517,whitesmoke
ENSG00000164237,darkgrey
ENSG00000165259,dimgrey
ENSG00000166532,lightgrey
ENSG00000166887,darkgrey
ENSG00000167996,darkgrey
ENSG00000168538,darkgrey
ENSG00000168615,dimgrey
ENSG00000171649,dimgrey
ENSG00000171953,dimgrey
ENSG00000172197,darkgrey
ENSG00000172888,dimgrey
ENSG00000179071,lightgrey
ENSG00000183055,darkgrey
ENSG00000183762,darkgrey
ENSG00000184154,dimgrey
ENSG00000185252,dimgrey
ENSG00000186073,darkgrey
ENSG00000187266,dimgrey
ENSG00000205629,dimgrey
ENSG00000206190,darkgrey
ENSG00000215012,indianred
ENSG00000221821,lightgrey
ENSG00000241945,lightgrey
ENSG00000248049,dimgrey
ENSG00000250742,darkgrey
ENSG00000263343,dimgrey
ENSG00000270607,whitesmoke
ENSG00000279059,lightcoral
ENSG00000289357,gainsboro
ENSG00000007952,whitesmoke
ENSG00000021645,gainsboro
ENSG00000037965,whitesmoke
ENSG00000071205,dimgrey
ENSG00000071889,darkgrey
ENSG00000077585,darkgrey
ENSG00000099219,whitesmoke
ENSG00000100650,whitesmoke
ENSG00000105429,darkgrey
ENSG00000105726,darkgrey
ENSG00000106245,darkgrey
ENSG00000113790,whitesmoke
ENSG00000116199,darkgrey
ENSG00000117262,darkgrey
ENSG00000118873,darkgrey
ENSG00000120539,lightgrey
ENSG00000120784,darkgrey
ENSG00000122417,darkgrey
ENSG00000123179,darkgrey
ENSG00000126062,darkgrey
ENSG00000126870,darkgrey
ENSG00000130304,whitesmoke
ENSG00000131408,dimgrey
ENSG00000132376,dimgrey
ENSG00000135845,darkgrey
ENSG00000141971,dimgrey
ENSG00000144395,darkgrey
ENSG00000144645,darkgrey
ENSG00000144802,darkgrey
ENSG00000145861,indianred
ENSG00000147099,lightgrey
ENSG00000147573,darkgrey
ENSG00000151789,lightgrey
ENSG00000152137,dimgrey
ENSG00000153132,darkgrey
ENSG00000157107,dimgrey
ENSG00000157445,darkgrey
ENSG00000160445,darkgrey
ENSG00000161542,darkgrey
ENSG00000163071,dimgrey
ENSG00000163596,darkgrey
ENSG00000163637,snow
ENSG00000163743,darkgrey
ENSG00000164331,lightgrey
ENSG00000164743,firebrick
ENSG00000165060,darkgrey
ENSG00000166166,dimgrey
ENSG00000167513,gainsboro
ENSG00000167772,dimgrey
ENSG00000169991,indianred
ENSG00000171503,dimgrey
ENSG00000171793,gainsboro
ENSG00000171943,brown
ENSG00000172123,dimgrey
ENSG00000174718,dimgrey
ENSG00000179456,dimgrey
ENSG00000180008,lightgrey
ENSG00000182504,dimgrey
ENSG00000184117,white
ENSG00000184209,firebrick
ENSG00000185652,dimgrey
ENSG00000186141,lightgrey
ENSG00000187531,darkgrey
ENSG00000187713,dimgrey
ENSG00000188290,lightgrey
ENSG00000198482,snow
ENSG00000198865,darkgrey
ENSG00000203705,whitesmoke
ENSG00000211455,darkgrey
ENSG00000225614,lightgrey
ENSG00000235173,gainsboro
ENSG00000244485,lightcoral
ENSG00000253716,darkgrey
ENSG00000257218,lightgrey
ENSG00000271590,darkgrey
ENSG00000279170,firebrick
ENSG00000020633,dimgrey
ENSG00000023228,darkgrey
ENSG00000033011,dimgrey
ENSG00000034677,dimgrey
ENSG00000063241,firebrick
ENSG00000069667,gainsboro
ENSG00000073331,dimgrey
ENSG00000074603,darkgrey
ENSG00000079156,darkgrey
ENSG00000079950,dimgrey
ENSG00000090006,darkgrey
ENSG00000100299,snow
ENSG00000101384,dimgrey
ENSG00000102007,darkgrey
ENSG00000102977,darkgrey
ENSG00000103035,whitesmoke
ENSG00000103335,dimgrey
ENSG00000104497,darkgrey
ENSG00000106077,darkgrey
ENSG00000106086,firebrick
ENSG00000106479,lightgrey
ENSG00000107249,dimgrey
ENSG00000107829,darkgrey
ENSG00000109062,darkgrey
ENSG00000110046,lightcoral
ENSG00000110063,dimgrey
ENSG00000111647,darkgrey
ENSG00000111653,darkgrey
ENSG00000112414,dimgrey
ENSG00000113389,dimgrey
ENSG00000113742,brown
ENSG00000116903,firebrick
ENSG00000118197,darkgrey
ENSG00000118503,darkgrey
ENSG00000119328,lightgrey
ENSG00000121057,dimgrey
ENSG00000121644,dimgrey
ENSG00000121900,darkgrey
ENSG00000122779,darkgrey
ENSG00000125812,lightgrey
ENSG00000130958,darkgrey
ENSG00000131115,dimgrey
ENSG00000131725,darkgrey
ENSG00000133250,white
ENSG00000137720,whitesmoke
ENSG00000138336,snow
ENSG00000139826,darkgrey
ENSG00000140280,dimgrey
ENSG00000141642,dimgrey
ENSG00000142784,dimgrey
ENSG00000148824,darkgrey
ENSG00000149256,dimgrey
ENSG00000152413,darkgrey
ENSG00000154310,gainsboro
ENSG00000155545,dimgrey
ENSG00000162341,dimgrey
ENSG00000162642,lightgrey
ENSG00000163041,darkgrey
ENSG00000163874,firebrick
ENSG00000163946,dimgrey
ENSG00000164023,darkgrey
ENSG00000165209,white
ENSG00000165282,snow
ENSG00000168389,whitesmoke
ENSG00000169718,lightgrey
ENSG00000170899,dimgrey
ENSG00000172728,darkgrey
ENSG00000172890,dimgrey
ENSG00000173156,snow
ENSG00000173588,lightcoral
ENSG00000175826,lightgrey
ENSG00000177337,indianred
ENSG00000184785,dimgrey
ENSG00000188227,gainsboro
ENSG00000203666,dimgrey
ENSG00000203805,darkgrey
ENSG00000213445,whitesmoke
ENSG00000214612,lightcoral
ENSG00000221955,darkgrey
ENSG00000237753,darkgrey
ENSG00000242512,whitesmoke
ENSG00000243680,darkgrey
ENSG00000249936,dimgrey
ENSG00000271334,darkgrey
ENSG00000291174,snow
ENSG00000011243,dimgrey
ENSG00000011260,dimgrey
ENSG00000014164,white
ENSG00000039068,whitesmoke
ENSG00000047315,lightgrey
ENSG00000054282,darkgrey
ENSG00000064042,gainsboro
ENSG00000064933,darkgrey
ENSG00000064999,snow
ENSG00000077063,darkgrey
ENSG00000080298,darkgrey
ENSG00000100412,darkgrey
ENSG00000100612,darkgrey
ENSG00000100697,darkgrey
ENSG00000100911,darkgrey
ENSG00000105298,white
ENSG00000106346,dimgrey
ENSG00000107738,snow
ENSG00000112320,snow
ENSG00000114395,darkgrey
ENSG00000115947,darkgrey
ENSG00000119231,indianred
ENSG00000121236,darkgrey
ENSG00000121406,snow
ENSG00000123353,darkgrey
ENSG00000125703,snow
ENSG00000125779,darkgrey
ENSG00000126461,dimgrey
ENSG00000126775,darkgrey
ENSG00000130962,white
ENSG00000131381,dimgrey
ENSG00000132639,dimgrey
ENSG00000136044,snow
ENSG00000136169,whitesmoke
ENSG00000136271,indianred
ENSG00000137338,firebrick
ENSG00000137478,lightgrey
ENSG00000137936,gainsboro
ENSG00000138411,lightgrey
ENSG00000139132,indianred
ENSG00000139517,dimgrey
ENSG00000143479,darkgrey
ENSG00000144834,brown
ENSG00000147119,firebrick
ENSG00000148143,darkgrey
ENSG00000151687,gainsboro
ENSG00000152242,darkgrey
ENSG00000152804,dimgrey
ENSG00000153944,darkgrey
ENSG00000154222,whitesmoke
ENSG00000157214,darkgrey
ENSG00000158158,darkgrey
ENSG00000158321,lightgrey
ENSG00000159256,indianred
ENSG00000160299,darkgrey
ENSG00000162076,darkgrey
ENSG00000162929,darkgrey
ENSG00000163214,whitesmoke
ENSG00000167085,dimgrey
ENSG00000168386,darkgrey
ENSG00000170100,whitesmoke
ENSG00000170485,lightgrey
ENSG00000171606,dimgrey
ENSG00000171889,lightgrey
ENSG00000172840,darkgrey
ENSG00000173214,firebrick
ENSG00000173914,dimgrey
ENSG00000175274,darkgrey
ENSG00000175970,darkgrey
ENSG00000181827,darkgrey
ENSG00000182141,indianred
ENSG00000183723,dimgrey
ENSG00000184588,brown
ENSG00000188785,dimgrey
ENSG00000196510,darkgrey
ENSG00000196705,firebrick
ENSG00000198324,dimgrey
ENSG00000198464,whitesmoke
ENSG00000198478,dimgrey
ENSG00000201649,darkgrey
ENSG00000210112,firebrick
ENSG00000211450,firebrick
ENSG00000227124,darkgrey
ENSG00000232679,firebrick
ENSG00000244879,darkgrey
ENSG00000249915,darkgrey
ENSG00000254004,darkgrey
ENSG00000255529,dimgrey
ENSG00000288928,darkgrey
ENSG00000289092,dimgrey
ENSG00000291079,darkgrey
ENSG00000293115,gainsboro
ENSG00000042317,darkgrey
ENSG00000072210,darkgrey
ENSG00000076067,dimgrey
ENSG00000077044,dimgrey
ENSG00000078053,brown
ENSG00000078804,gainsboro
ENSG00000087095,darkgrey
ENSG00000087510,lightcoral
ENSG00000089225,gainsboro
ENSG00000100292,whitesmoke
ENSG00000100425,whitesmoke
ENSG00000101986,darkgrey
ENSG00000103126,darkgrey
ENSG00000104450,dimgrey
ENSG00000104946,darkgrey
ENSG00000112367,dimgrey
ENSG00000112877,darkgrey
ENSG00000113851,darkgrey
ENSG00000115935,darkgrey
ENSG00000116874,lightgrey
ENSG00000117586,white
ENSG00000120647,dimgrey
ENSG00000123104,dimgrey
ENSG00000126522,gainsboro
ENSG00000128731,darkgrey
ENSG00000129028,darkgrey
ENSG00000131263,darkgrey
ENSG00000132382,darkgrey
ENSG00000132406,darkgrey
ENSG00000132879,darkgrey
ENSG00000137965,darkgrey
ENSG00000138356,brown
ENSG00000138744,snow
ENSG00000141569,lightgrey
ENSG00000141736,lightgrey
ENSG00000142546,darkgrey
ENSG00000143499,dimgrey
ENSG00000143514,darkgrey
ENSG00000143793,darkgrey
ENSG00000144040,lightgrey
ENSG00000144559,dimgrey
ENSG00000146587,dimgrey
ENSG00000146802,lightgrey
ENSG00000148187,darkgrey
ENSG00000148798,dimgrey
ENSG00000151694,lightgrey
ENSG00000155287,dimgrey
ENSG00000156232,gainsboro
ENSG00000157184,whitesmoke
ENSG00000157823,indianred
ENSG00000158169,darkgrey
ENSG00000160124,lightgrey
ENSG00000162664,darkgrey
ENSG00000164758,darkgrey
ENSG00000166263,gainsboro
ENSG00000166860,dimgrey
ENSG00000167106,darkgrey
ENSG00000168234,lightgrey
ENSG00000168256,darkgrey
ENSG00000170571,lightgrey
ENSG00000175048,darkgrey
ENSG00000175197,gainsboro
ENSG00000175938,darkgrey
ENSG00000176293,darkgrey
ENSG00000176971,dimgrey
ENSG00000178694,firebrick
ENSG00000179364,gainsboro
ENSG00000180667,snow
ENSG00000180777,snow
ENSG00000182700,lightgrey
ENSG00000182903,lightgrey
ENSG00000185947,dimgrey
ENSG00000186283,firebrick
ENSG00000188343,darkgrey
ENSG00000188559,darkgrey
ENSG00000188917,darkgrey
ENSG00000197892,darkgrey
ENSG00000198715,lightgrey
ENSG00000212694,whitesmoke
ENSG00000214046,dimgrey
ENSG00000219545,darkgrey
ENSG00000225399,snow
ENSG00000225830,darkgrey
ENSG00000230844,indianred
ENSG00000233452,lightgrey
ENSG00000235904,lightgrey
ENSG00000239719,lightcoral
ENSG00000243156,dimgrey
ENSG00000270072,firebrick
ENSG00000270916,lightcoral
ENSG00000271122,snow
ENSG00000273218,whitesmoke
ENSG00000275180,dimgrey
ENSG00000275464,lightgrey
ENSG00000280789,darkgrey
ENSG00000004700,gainsboro
ENSG00000005059,darkgrey
ENSG00000007520,gainsboro
ENSG00000011009,dimgrey
ENSG00000039139,darkgrey
ENSG00000053501,indianred
ENSG00000057657,indianred
ENSG00000059769,darkgrey
ENSG00000061987,darkgrey
ENSG00000066629,snow
ENSG00000067533,lightgrey
ENSG00000069399,gainsboro
ENSG00000069482,lightgrey
ENSG00000070610,darkgrey
ENSG00000073910,darkgrey
ENSG00000083123,darkgrey
ENSG00000089050,darkgrey
ENSG00000091656,lightgrey
ENSG00000099260,darkgrey
ENSG00000100580,lightgrey
ENSG00000101311,gainsboro
ENSG00000101457,dimgrey
ENSG00000104522,darkgrey
ENSG00000104907,lightgrey
ENSG00000105229,snow
ENSG00000105290,lightgrey
ENSG00000105889,lightcoral
ENSG00000108788,lightgrey
ENSG00000109339,darkgrey
ENSG00000111666,darkgrey
ENSG00000112305,snow
ENSG00000112319,whitesmoke
ENSG00000112624,dimgrey
ENSG00000112651,dimgrey
ENSG00000112874,brown
ENSG00000114779,darkgrey
ENSG00000117461,firebrick
ENSG00000118507,dimgrey
ENSG00000122126,dimgrey
ENSG00000123268,darkgrey
ENSG00000125107,darkgrey
ENSG00000125846,darkgrey
ENSG00000128513,lightgrey
ENSG00000129667,white
ENSG00000132825,dimgrey
ENSG00000134291,lightgrey
ENSG00000136098,dimgrey
ENSG00000136643,dimgrey
ENSG00000137075,dimgrey
ENSG00000137449,lightgrey
ENSG00000137821,darkgrey
ENSG00000138459,gainsboro
ENSG00000140006,white
ENSG00000140464,darkgrey
ENSG00000142046,darkgrey
ENSG00000143149,darkgrey
ENSG00000145386,dimgrey
ENSG00000146063,darkgrey
ENSG00000148429,brown
ENSG00000152256,darkgrey
ENSG00000153896,whitesmoke
ENSG00000154309,lightcoral
ENSG00000154589,lightgrey
ENSG00000155034,indianred
ENSG00000161956,dimgrey
ENSG00000163006,gainsboro
ENSG00000163053,darkgrey
ENSG00000163382,darkgrey
ENSG00000163602,darkgrey
ENSG00000163617,darkgrey
ENSG00000164073,darkgrey
ENSG00000164088,dimgrey
ENSG00000164211,darkgrey
ENSG00000164929,darkgrey
ENSG00000165124,darkgrey
ENSG00000166224,dimgrey
ENSG00000166548,darkgrey
ENSG00000168769,darkgrey
ENSG00000168904,darkgrey
ENSG00000170745,lightgrey
ENSG00000170949,darkgrey
ENSG00000171517,lightgrey
ENSG00000172061,lightcoral
ENSG00000174106,dimgrey
ENSG00000175600,darkgrey
ENSG00000176386,darkgrey
ENSG00000176485,dimgrey
ENSG00000176894,darkgrey
ENSG00000177728,darkgrey
ENSG00000177853,darkgrey
ENSG00000180525,darkgrey
ENSG00000183496,darkgrey
ENSG00000185418,dimgrey
ENSG00000186166,dimgrey
ENSG00000187325,darkgrey
ENSG00000188549,darkgrey
ENSG00000197763,darkgrey
ENSG00000207004,lightgrey
ENSG00000223960,darkgrey
ENSG00000224470,dimgrey
ENSG00000224578,lightgrey
ENSG00000225697,darkgrey
ENSG00000226950,lightgrey
ENSG00000228672,dimgrey
ENSG00000234616,snow
ENSG00000247572,whitesmoke
ENSG00000251257,whitesmoke
ENSG00000255965,lightcoral
ENSG00000273314,darkgrey
ENSG00000291202,lightgrey
ENSG00000293313,gainsboro
ENSG00000005882,dimgrey
ENSG00000043143,snow
ENSG00000049541,dimgrey
ENSG00000055917,darkgrey
ENSG00000058729,lightgrey
ENSG00000067715,dimgrey
ENSG00000073711,dimgrey
ENSG00000085872,dimgrey
ENSG00000088179,darkgrey
ENSG00000101665,lightgrey
ENSG00000101846,darkgrey
ENSG00000101955,dimgrey
ENSG00000102078,snow
ENSG00000102452,darkgrey
ENSG00000104936,darkgrey
ENSG00000105997,gainsboro
ENSG00000107821,lightgrey
ENSG00000108443,darkgrey
ENSG00000108509,darkgrey
ENSG00000109016,darkgrey
ENSG00000109501,dimgrey
ENSG00000111331,gainsboro
ENSG00000111364,whitesmoke
ENSG00000113273,dimgrey
ENSG00000113712,darkgrey
ENSG00000114026,darkgrey
ENSG00000114166,lightgrey
ENSG00000115194,dimgrey
ENSG00000116198,firebrick
ENSG00000116514,darkgrey
ENSG00000118707,darkgrey
ENSG00000122550,darkgrey
ENSG00000122986,dimgrey
ENSG00000124160,darkgrey
ENSG00000124608,darkgrey
ENSG00000127980,darkgrey
ENSG00000128284,dimgrey
ENSG00000130821,darkgrey
ENSG00000131043,indianred
ENSG00000131196,dimgrey
ENSG00000132155,lightgrey
ENSG00000132591,darkgrey
ENSG00000132603,dimgrey
ENSG00000132664,lightgrey
ENSG00000134461,darkgrey
ENSG00000135900,darkgrey
ENSG00000136868,dimgrey
ENSG00000137760,gainsboro
ENSG00000137825,dimgrey
ENSG00000137962,dimgrey
ENSG00000138435,firebrick
ENSG00000139567,gainsboro
ENSG00000142186,snow
ENSG00000143157,darkgrey
ENSG00000144455,snow
ENSG00000145216,indianred
ENSG00000146122,brown
ENSG00000147437,darkgrey
ENSG00000148082,darkgrey
ENSG00000149177,darkgrey
ENSG00000151148,dimgrey
ENSG00000151617,lightgrey
ENSG00000152359,darkgrey
ENSG00000155189,white
ENSG00000156273,darkgrey
ENSG00000157540,darkgrey
ENSG00000157895,indianred
ENSG00000158156,dimgrey
ENSG00000160606,lightgrey
ENSG00000161835,lightcoral
ENSG00000163249,lightgrey
ENSG00000163930,darkgrey
ENSG00000166452,darkgrey
ENSG00000166897,lightgrey
ENSG00000167842,darkgrey
ENSG00000167985,lightcoral
ENSG00000168395,darkgrey
ENSG00000169609,whitesmoke
ENSG00000171444,lightgrey
ENSG00000172954,dimgrey
ENSG00000173409,lightgrey
ENSG00000175782,lightgrey
ENSG00000177363,dimgrey
ENSG00000178401,lightgrey
ENSG00000183155,dimgrey
ENSG00000185420,brown
ENSG00000188916,darkgrey
ENSG00000188921,darkgrey
ENSG00000196151,darkgrey
ENSG00000196284,dimgrey
ENSG00000196437,brown
ENSG00000196476,snow
ENSG00000196700,dimgrey
ENSG00000198276,indianred
ENSG00000198496,whitesmoke
ENSG00000198846,darkgrey
ENSG00000204560,darkgrey
ENSG00000205084,lightgrey
ENSG00000214193,darkgrey
ENSG00000222009,whitesmoke
ENSG00000223803,dimgrey
ENSG00000224531,darkgrey
ENSG00000224687,dimgrey
ENSG00000224699,gainsboro
ENSG00000239227,darkgrey
ENSG00000240775,firebrick
ENSG00000244038,dimgrey
ENSG00000271643,darkgrey
ENSG00000291035,darkgrey
ENSG00000006607,darkgrey
ENSG00000038532,darkgrey
ENSG00000040531,darkgrey
ENSG00000068079,gainsboro
ENSG00000082438,gainsboro
ENSG00000082996,darkgrey
ENSG00000083290,lightgrey
ENSG00000083454,dimgrey
ENSG00000087995,whitesmoke
ENSG00000090520,dimgrey
ENSG00000092531,darkgrey
ENSG00000103037,whitesmoke
ENSG00000103064,lightgrey
ENSG00000107854,dimgrey
ENSG00000108384,darkgrey
ENSG00000108591,snow
ENSG00000108784,darkgrey
ENSG00000109079,darkgrey
ENSG00000110328,indianred
ENSG00000111802,lightgrey
ENSG00000112031,whitesmoke
ENSG00000113645,whitesmoke
ENSG00000115425,lightgrey
ENSG00000119661,darkgrey
ENSG00000120159,darkgrey
ENSG00000125630,dimgrey
ENSG00000128708,lightgrey
ENSG00000129219,lightcoral
ENSG00000132600,lightgrey
ENSG00000133731,dimgrey
ENSG00000136840,dimgrey
ENSG00000136935,whitesmoke
ENSG00000137507,gainsboro
ENSG00000139899,darkgrey
ENSG00000140455,indianred
ENSG00000142556,darkgrey
ENSG00000143033,lightgrey
ENSG00000144426,darkgrey
ENSG00000146776,gainsboro
ENSG00000147121,gainsboro
ENSG00000148335,darkgrey
ENSG00000151892,gainsboro
ENSG00000153933,lightgrey
ENSG00000154642,dimgrey
ENSG00000157181,whitesmoke
ENSG00000158406,darkgrey
ENSG00000158825,dimgrey
ENSG00000161179,darkgrey
ENSG00000161647,darkgrey
ENSG00000161981,dimgrey
ENSG00000162377,dimgrey
ENSG00000162852,dimgrey
ENSG00000163728,firebrick
ENSG00000164654,darkgrey
ENSG00000165169,darkgrey
ENSG00000165698,darkgrey
ENSG00000165802,dimgrey
ENSG00000166510,darkgrey
ENSG00000167034,dimgrey
ENSG00000167186,snow
ENSG00000167257,gainsboro
ENSG00000167740,dimgrey
ENSG00000167925,white
ENSG00000169372,lightgrey
ENSG00000171295,lightgrey
ENSG00000173757,darkgrey
ENSG00000174804,snow
ENSG00000176209,white
ENSG00000178425,lightgrey
ENSG00000180769,lightgrey
ENSG00000180953,white
ENSG00000181090,darkgrey
ENSG00000183763,firebrick
ENSG00000184445,darkgrey
ENSG00000184677,snow
ENSG00000185404,darkgrey
ENSG00000186193,lightgrey
ENSG00000186908,darkgrey
ENSG00000188158,darkgrey
ENSG00000188807,dimgrey
ENSG00000189410,brown
ENSG00000198000,darkgrey
ENSG00000198795,darkgrey
ENSG00000204160,dimgrey
ENSG00000213463,darkgrey
ENSG00000214960,darkgrey
ENSG00000226648,whitesmoke
ENSG00000233016,gainsboro
ENSG00000236540,darkgrey
ENSG00000236581,dimgrey
ENSG00000240342,darkgrey
ENSG00000257698,gainsboro
ENSG00000260279,darkgrey
ENSG00000268043,darkgrey
ENSG00000272144,dimgrey
ENSG00000272330,firebrick
ENSG00000274605,darkgrey
ENSG00000275700,darkgrey
ENSG00000290555,dimgrey
ENSG00000290928,whitesmoke
ENSG00000291142,dimgrey
ENSG00000291153,whitesmoke
ENSG00000293339,lightgrey
ENSG00000000457,whitesmoke
ENSG00000055147,darkgrey
ENSG00000059728,lightgrey
ENSG00000066855,dimgrey
ENSG00000076650,gainsboro
ENSG00000078070,dimgrey
ENSG00000082068,darkgrey
ENSG00000085733,gainsboro
ENSG00000085840,dimgrey
ENSG00000088305,darkgrey
ENSG00000088876,indianred
ENSG00000095066,dimgrey
ENSG00000099326,indianred
ENSG00000101265,darkgrey
ENSG00000101940,gainsboro
ENSG00000102081,snow
ENSG00000102393,brown
ENSG00000103111,darkgrey
ENSG00000103449,darkgrey
ENSG00000104611,darkgrey
ENSG00000109458,darkgrey
ENSG00000110693,white
ENSG00000110852,white
ENSG00000110987,dimgrey
ENSG00000112304,darkgrey
ENSG00000116962,darkgrey
ENSG00000117419,firebrick
ENSG00000117643,darkgrey
ENSG00000119950,darkgrey
ENSG00000122335,darkgrey
ENSG00000122882,darkgrey
ENSG00000123094,lightgrey
ENSG00000123213,lightgrey
ENSG00000124459,gainsboro
ENSG00000125618,darkgrey
ENSG00000125826,gainsboro
ENSG00000126216,lightcoral
ENSG00000129933,snow
ENSG00000130032,whitesmoke
ENSG00000131591,white
ENSG00000132329,darkgrey
ENSG00000132840,darkgrey
ENSG00000132846,lightcoral
ENSG00000134202,dimgrey
ENSG00000135338,gainsboro
ENSG00000135709,darkgrey
ENSG00000136717,firebrick
ENSG00000137185,lightgrey
ENSG00000137547,dimgrey
ENSG00000138463,gainsboro
ENSG00000138650,dimgrey
ENSG00000140450,darkgrey
ENSG00000141391,darkgrey
ENSG00000142330,lightgrey
ENSG00000143772,darkgrey
ENSG00000146083,dimgrey
ENSG00000147789,darkgrey
ENSG00000148358,white
ENSG00000148985,lightgrey
ENSG00000151640,darkgrey
ENSG00000152133,darkgrey
ENSG00000153066,lightgrey
ENSG00000156171,dimgrey
ENSG00000156398,whitesmoke
ENSG00000160014,darkgrey
ENSG00000160298,gainsboro
ENSG00000164961,darkgrey
ENSG00000167508,dimgrey
ENSG00000168010,darkgrey
ENSG00000168404,lightgrey
ENSG00000171320,dimgrey
ENSG00000172244,darkgrey
ENSG00000172432,darkgrey
ENSG00000174365,white
ENSG00000178773,white
ENSG00000178974,darkgrey
ENSG00000179862,darkgrey
ENSG00000185745,gainsboro
ENSG00000187736,gainsboro
ENSG00000187957,dimgrey
ENSG00000196459,lightgrey
ENSG00000198131,dimgrey
ENSG00000198369,darkgrey
ENSG00000204120,dimgrey
ENSG00000205765,dimgrey
ENSG00000224032,snow
ENSG00000233611,dimgrey
ENSG00000235790,gainsboro
ENSG00000236444,whitesmoke
ENSG00000239789,brown
ENSG00000248487,darkgrey
ENSG00000256294,dimgrey
ENSG00000259642,gainsboro
ENSG00000260910,dimgrey
ENSG00000272711,darkgrey
ENSG00000275764,gainsboro
ENSG00000276855,dimgrey
ENSG00000289384,darkgrey
ENSG00000008853,dimgrey
ENSG00000076356,dimgrey
ENSG00000087269,gainsboro
ENSG00000087301,darkgrey
ENSG00000092931,darkgrey
ENSG00000096070,darkgrey
ENSG00000100600,indianred
ENSG00000100722,darkgrey
ENSG00000100744,dimgrey
ENSG00000101181,dimgrey
ENSG00000101624,dimgrey
ENSG00000102763,darkgrey
ENSG00000103248,darkgrey
ENSG00000104231,lightgrey
ENSG00000106012,dimgrey
ENSG00000112218,lightcoral
ENSG00000112592,lightgrey
ENSG00000113638,lightgrey
ENSG00000116128,gainsboro
ENSG00000120685,lightgrey
ENSG00000121413,whitesmoke
ENSG00000121542,dimgrey
ENSG00000122778,darkgrey
ENSG00000123342,darkgrey
ENSG00000124370,darkgrey
ENSG00000126456,lightgrey
ENSG00000126746,darkgrey
ENSG00000135740,dimgrey
ENSG00000135763,snow
ENSG00000136531,dimgrey
ENSG00000137672,darkgrey
ENSG00000138346,lightgrey
ENSG00000140521,darkgrey
ENSG00000141034,firebrick
ENSG00000143553,darkgrey
ENSG00000144161,lightgrey
ENSG00000146828,darkgrey
ENSG00000149346,lightgrey
ENSG00000149474,darkgrey
ENSG00000153107,darkgrey
ENSG00000155111,dimgrey
ENSG00000155893,white
ENSG00000156170,dimgrey
ENSG00000156735,darkgrey
ENSG00000156860,dimgrey
ENSG00000157193,dimgrey
ENSG00000163312,darkgrey
ENSG00000163808,darkgrey
ENSG00000163867,gainsboro
ENSG00000164010,darkgrey
ENSG00000164066,darkgrey
ENSG00000164219,darkgrey
ENSG00000164850,firebrick
ENSG00000168438,darkgrey
ENSG00000170365,gainsboro
ENSG00000171222,white
ENSG00000171522,white
ENSG00000171928,lightgrey
ENSG00000172469,darkgrey
ENSG00000172748,snow
ENSG00000173334,dimgrey
ENSG00000174652,dimgrey
ENSG00000174775,darkgrey
ENSG00000175352,dimgrey
ENSG00000177854,lightgrey
ENSG00000178163,dimgrey
ENSG00000181264,indianred
ENSG00000183576,lightcoral
ENSG00000183665,dimgrey
ENSG00000184056,darkgrey
ENSG00000184182,dimgrey
ENSG00000185753,darkgrey
ENSG00000186665,lightgrey
ENSG00000189046,darkgrey
ENSG00000196912,firebrick
ENSG00000197019,lightcoral
ENSG00000197429,gainsboro
ENSG00000198040,darkgrey
ENSG00000198556,gainsboro
ENSG00000198894,darkgrey
ENSG00000203709,darkgrey
ENSG00000204178,darkgrey
ENSG00000204792,snow
ENSG00000205155,darkgrey
ENSG00000221216,snow
ENSG00000224914,lightgrey
ENSG00000225655,firebrick
ENSG00000234444,gainsboro
ENSG00000243176,darkgrey
ENSG00000245937,gainsboro
ENSG00000253738,darkgrey
ENSG00000253833,gainsboro
ENSG00000261221,firebrick
ENSG00000261786,brown
ENSG00000263465,dimgrey
ENSG00000288066,darkgrey
ENSG00000289942,darkgrey
ENSG00000001617,white
ENSG00000004777,snow
ENSG00000008118,darkgrey
ENSG00000008283,lightcoral
ENSG00000011523,gainsboro
ENSG00000033030,darkgrey
ENSG00000033170,darkgrey
ENSG00000066084,darkgrey
ENSG00000078098,dimgrey
ENSG00000080802,gainsboro
ENSG00000099956,darkgrey
ENSG00000100105,white
ENSG00000100324,darkgrey
ENSG00000101442,lightgrey
ENSG00000101452,darkgrey
ENSG00000101464,dimgrey
ENSG00000102934,darkgrey
ENSG00000104881,dimgrey
ENSG00000105063,gainsboro
ENSG00000105248,gainsboro
ENSG00000105447,dimgrey
ENSG00000108666,brown
ENSG00000108798,brown
ENSG00000110002,gainsboro
ENSG00000111275,lightgrey
ENSG00000113578,darkgrey
ENSG00000114670,lightgrey
ENSG00000117318,darkgrey
ENSG00000118276,dimgrey
ENSG00000120526,darkgrey
ENSG00000120709,firebrick
ENSG00000121417,lightgrey
ENSG00000121989,darkgrey
ENSG00000122483,whitesmoke
ENSG00000123427,darkgrey
ENSG00000125144,snow
ENSG00000126003,gainsboro
ENSG00000126804,darkgrey
ENSG00000129675,darkgrey
ENSG00000130529,dimgrey
ENSG00000130755,darkgrey
ENSG00000132436,indianred
ENSG00000132906,darkgrey
ENSG00000134086,dimgrey
ENSG00000135828,darkgrey
ENSG00000136213,darkgrey
ENSG00000138399,dimgrey
ENSG00000138658,whitesmoke
ENSG00000139410,dimgrey
ENSG00000139629,firebrick
ENSG00000140396,darkgrey
ENSG00000140939,darkgrey
ENSG00000142655,darkgrey
ENSG00000143498,gainsboro
ENSG00000144034,darkgrey
ENSG00000144655,indianred
ENSG00000145247,darkgrey
