gene_id,dynamic_module,module,module_label
ENSG00000000003,dimgrey,dimgrey,11
ENSG00000000419,silver,silver,29
ENSG00000000457,dimgrey,dimgrey,11
ENSG00000000460,dimgrey,dimgrey,11
ENSG00000001036,lightcoral,lightcoral,14
ENSG00000001084,silver,silver,29
ENSG00000001167,dimgrey,dimgrey,11
ENSG00000001460,dimgrey,dimgrey,11
ENSG00000001461,dimgrey,dimgrey,11
ENSG00000001497,maroon,maroon,16
ENSG00000001561,silver,silver,29
ENSG00000001617,darkgrey,darkgrey,7
ENSG00000001629,gainsboro,gainsboro,13
ENSG00000001631,dimgrey,dimgrey,11
ENSG00000002016,coral,coral,6
ENSG00000002330,dimgrey,dimgrey,11
ENSG00000002549,dimgrey,dimgrey,11
ENSG00000002745,silver,silver,29
ENSG00000002746,dimgrey,dimgrey,11
ENSG00000002834,silver,silver,29
ENSG00000002919,brown,brown,3
ENSG00000003056,dimgrey,dimgrey,11
ENSG00000003096,maroon,maroon,16
ENSG00000003249,dimgrey,dimgrey,11
ENSG00000003393,darkgrey,darkgrey,7
ENSG00000003400,maroon,maroon,16
ENSG00000003402,darkgrey,darkgrey,7
ENSG00000003436,gainsboro,gainsboro,13
ENSG00000003509,darkgrey,darkgrey,7
ENSG00000003756,white,white,31
ENSG00000003987,silver,silver,29
ENSG00000004059,dimgrey,dimgrey,11
ENSG00000004142,silver,silver,29
ENSG00000004399,darkgrey,darkgrey,7
ENSG00000004455,dimgrey,dimgrey,11
ENSG00000004478,dimgrey,dimgrey,11
ENSG00000004487,silver,silver,29
ENSG00000004534,darkgrey,darkgrey,7
ENSG00000004660,silver,silver,29
ENSG00000004700,gainsboro,gainsboro,13
ENSG00000004766,dimgrey,dimgrey,11
ENSG00000004776,dimgrey,dimgrey,11
ENSG00000004777,darkgrey,darkgrey,7
ENSG00000004779,dimgrey,dimgrey,11
ENSG00000004864,dimgrey,dimgrey,11
ENSG00000004866,dimgrey,dimgrey,11
ENSG00000004897,darkgrey,darkgrey,7
ENSG00000004961,darkgrey,darkgrey,7
ENSG00000004975,darkgrey,darkgrey,7
ENSG00000005007,darkgrey,darkgrey,7
ENSG00000005020,silver,silver,29
ENSG00000005022,dimgrey,dimgrey,11
ENSG00000005059,dimgrey,dimgrey,11
ENSG00000005073,darkgrey,darkgrey,7
ENSG00000005075,darkgrey,darkgrey,7
ENSG00000005100,navajowhite,navajowhite,18
ENSG00000005156,darkgrey,darkgrey,7
ENSG00000005175,gainsboro,gainsboro,13
ENSG00000005189,silver,silver,29
ENSG00000005194,white,white,31
ENSG00000005206,darkgrey,darkgrey,7
ENSG00000005238,darkgrey,darkgrey,7
ENSG00000005243,dimgrey,dimgrey,11
ENSG00000005249,darkgrey,darkgrey,7
ENSG00000005302,dimgrey,dimgrey,11
ENSG00000005339,dimgrey,dimgrey,11
ENSG00000005436,darkgrey,darkgrey,7
ENSG00000005448,darkgrey,darkgrey,7
ENSG00000005469,silver,silver,29
ENSG00000005483,darksalmon,darksalmon,10
ENSG00000005486,silver,silver,29
ENSG00000005700,silver,silver,29
ENSG00000005801,darkgrey,darkgrey,7
ENSG00000005810,gainsboro,gainsboro,13
ENSG00000005812,silver,silver,29
ENSG00000005882,darkgrey,darkgrey,7
ENSG00000005884,darkgrey,darkgrey,7
ENSG00000005889,red,red,24
ENSG00000005893,darkgrey,darkgrey,7
ENSG00000006007,gainsboro,gainsboro,13
ENSG00000006015,white,white,31
ENSG00000006016,darkgrey,darkgrey,7
ENSG00000006025,dimgrey,dimgrey,11
ENSG00000006042,darkgrey,darkgrey,7
ENSG00000006118,dimgrey,dimgrey,11
ENSG00000006125,darkgrey,darkgrey,7
ENSG00000006194,darkgrey,darkgrey,7
ENSG00000006282,dimgrey,dimgrey,11
ENSG00000006327,darkgrey,darkgrey,7
ENSG00000006451,gainsboro,gainsboro,13
ENSG00000006453,dimgrey,dimgrey,11
ENSG00000006459,firebrick,firebrick,12
ENSG00000006468,silver,silver,29
ENSG00000006530,dimgrey,dimgrey,11
ENSG00000006534,darkgrey,darkgrey,7
ENSG00000006576,dimgrey,dimgrey,11
ENSG00000006606,dimgrey,dimgrey,11
ENSG00000006607,dimgrey,dimgrey,11
ENSG00000006625,silver,silver,29
ENSG00000006634,silver,silver,29
ENSG00000006638,darkgrey,darkgrey,7
ENSG00000006652,darkgrey,darkgrey,7
ENSG00000006695,silver,silver,29
ENSG00000006704,dimgrey,dimgrey,11
ENSG00000006712,darkgrey,darkgrey,7
ENSG00000006715,white,white,31
ENSG00000006740,dimgrey,dimgrey,11
ENSG00000006744,dimgrey,dimgrey,11
ENSG00000006756,darkgrey,darkgrey,7
ENSG00000006757,dimgrey,dimgrey,11
ENSG00000006831,silver,silver,29
ENSG00000006837,silver,silver,29
ENSG00000007047,darkgrey,darkgrey,7
ENSG00000007080,orangered,orangered,20
ENSG00000007168,dimgrey,dimgrey,11
ENSG00000007202,darkgrey,darkgrey,7
ENSG00000007237,silver,silver,29
ENSG00000007255,darkgrey,darkgrey,7
ENSG00000007341,gainsboro,gainsboro,13
ENSG00000007376,darkgrey,darkgrey,7
ENSG00000007384,darkgrey,darkgrey,7
ENSG00000007392,darkgrey,darkgrey,7
ENSG00000007402,white,white,31
ENSG00000007520,dimgrey,dimgrey,11
ENSG00000007541,darkgrey,darkgrey,7
ENSG00000007545,white,white,31
ENSG00000007866,lightcoral,lightcoral,14
ENSG00000007923,tan,tan,30
ENSG00000007933,brown,brown,3
ENSG00000007944,silver,silver,29
ENSG00000007952,darkgrey,darkgrey,7
ENSG00000008018,silver,silver,29
ENSG00000008056,dimgrey,dimgrey,11
ENSG00000008083,darkgrey,darkgrey,7
ENSG00000008086,firebrick,firebrick,12
ENSG00000008118,red,red,24
ENSG00000008130,firebrick,firebrick,12
ENSG00000008256,darkgrey,darkgrey,7
ENSG00000008277,dimgrey,dimgrey,11
ENSG00000008282,silver,silver,29
ENSG00000008283,darkgrey,darkgrey,7
ENSG00000008294,gainsboro,gainsboro,13
ENSG00000008300,darkgrey,darkgrey,7
ENSG00000008311,darkgrey,darkgrey,7
ENSG00000008324,darkgrey,darkgrey,7
ENSG00000008382,darkgrey,darkgrey,7
ENSG00000008394,silver,silver,29
ENSG00000008405,silver,silver,29
ENSG00000008441,darkgrey,darkgrey,7
ENSG00000008513,darkgrey,darkgrey,7
ENSG00000008517,dimgrey,dimgrey,11
ENSG00000008710,silver,silver,29
ENSG00000008838,darkgrey,darkgrey,7
ENSG00000008853,silver,silver,29
ENSG00000008869,dimgrey,dimgrey,11
ENSG00000008952,gainsboro,gainsboro,13
ENSG00000008988,dimgrey,dimgrey,11
ENSG00000009307,darkgrey,darkgrey,7
ENSG00000009335,dimgrey,dimgrey,11
ENSG00000009413,bisque,bisque,1
ENSG00000009724,silver,silver,29
ENSG00000009780,darkorange,darkorange,8
ENSG00000009830,darkgrey,darkgrey,7
ENSG00000009844,silver,silver,29
ENSG00000009954,darkred,darkred,9
ENSG00000010017,silver,silver,29
ENSG00000010072,lightcoral,lightcoral,14
ENSG00000010165,dimgrey,dimgrey,11
ENSG00000010219,darkgrey,darkgrey,7
ENSG00000010244,dimgrey,dimgrey,11
ENSG00000010256,dimgrey,dimgrey,11
ENSG00000010270,dimgrey,dimgrey,11
ENSG00000010278,dimgrey,dimgrey,11
ENSG00000010292,dimgrey,dimgrey,11
ENSG00000010295,darksalmon,darksalmon,10
ENSG00000010318,gainsboro,gainsboro,13
ENSG00000010322,darkgrey,darkgrey,7
ENSG00000010404,dimgrey,dimgrey,11
ENSG00000010438,darkorange,darkorange,8
ENSG00000010539,dimgrey,dimgrey,11
ENSG00000010610,silver,silver,29
ENSG00000010626,darkgrey,darkgrey,7
ENSG00000010704,dimgrey,dimgrey,11
ENSG00000010803,darkgrey,darkgrey,7
ENSG00000010810,dimgrey,dimgrey,11
ENSG00000010818,gainsboro,gainsboro,13
ENSG00000010932,dimgrey,dimgrey,11
ENSG00000011007,darkgrey,darkgrey,7
ENSG00000011009,dimgrey,dimgrey,11
ENSG00000011021,white,white,31
ENSG00000011028,darkgrey,darkgrey,7
ENSG00000011105,darkgrey,darkgrey,7
ENSG00000011114,darkgrey,darkgrey,7
ENSG00000011132,darkgrey,darkgrey,7
ENSG00000011143,gainsboro,gainsboro,13
ENSG00000011198,burlywood,burlywood,4
ENSG00000011201,dimgrey,dimgrey,11
ENSG00000011243,darkgrey,darkgrey,7
ENSG00000011258,white,white,31
ENSG00000011260,dimgrey,dimgrey,11
ENSG00000011275,darkgrey,darkgrey,7
ENSG00000011295,darkgrey,darkgrey,7
ENSG00000011304,darkgrey,darkgrey,7
ENSG00000011332,darkgrey,darkgrey,7
ENSG00000011347,dimgrey,dimgrey,11
ENSG00000011376,lightcoral,lightcoral,14
ENSG00000011405,darkgrey,darkgrey,7
ENSG00000011422,darkgrey,darkgrey,7
ENSG00000011426,silver,silver,29
ENSG00000011451,silver,silver,29
ENSG00000011454,dimgrey,dimgrey,11
ENSG00000011465,gainsboro,gainsboro,13
ENSG00000011478,darkgrey,darkgrey,7
ENSG00000011485,silver,silver,29
ENSG00000011523,dimgrey,dimgrey,11
ENSG00000011566,gainsboro,gainsboro,13
ENSG00000012048,peru,peru,23
ENSG00000012061,dimgrey,dimgrey,11
ENSG00000012124,brown,brown,3
ENSG00000012171,darkgrey,darkgrey,7
ENSG00000012174,silver,silver,29
ENSG00000012211,silver,silver,29
ENSG00000012232,darkgrey,darkgrey,7
ENSG00000012660,maroon,maroon,16
ENSG00000012822,firebrick,firebrick,12
ENSG00000012963,maroon,maroon,16
ENSG00000012983,dimgrey,dimgrey,11
ENSG00000013016,maroon,maroon,16
ENSG00000013275,dimgrey,dimgrey,11
ENSG00000013288,dimgrey,dimgrey,11
ENSG00000013293,silver,silver,29
ENSG00000013297,lightcoral,lightcoral,14
ENSG00000013306,dimgrey,dimgrey,11
ENSG00000013364,dimgrey,dimgrey,11
ENSG00000013374,silver,silver,29
ENSG00000013375,dimgrey,dimgrey,11
ENSG00000013392,silver,silver,29
ENSG00000013441,darkgrey,darkgrey,7
ENSG00000013503,maroon,maroon,16
ENSG00000013523,maroon,maroon,16
ENSG00000013561,darkgrey,darkgrey,7
ENSG00000013573,firebrick,firebrick,12
ENSG00000013583,darkgrey,darkgrey,7
ENSG00000013588,darkgrey,darkgrey,7
ENSG00000013619,darkgrey,darkgrey,7
ENSG00000013810,darkgrey,darkgrey,7
ENSG00000014123,red,red,24
ENSG00000014138,silver,silver,29
ENSG00000014164,white,white,31
ENSG00000014216,darkgrey,darkgrey,7
ENSG00000014257,maroon,maroon,16
ENSG00000014641,darkgrey,darkgrey,7
ENSG00000014824,dimgrey,dimgrey,11
ENSG00000014914,silver,silver,29
ENSG00000014919,silver,silver,29
ENSG00000015133,silver,silver,29
ENSG00000015153,gainsboro,gainsboro,13
ENSG00000015171,gainsboro,gainsboro,13
ENSG00000015285,gainsboro,gainsboro,13
ENSG00000015475,dimgrey,dimgrey,11
ENSG00000015479,sandybrown,sandybrown,26
ENSG00000015532,darkgrey,darkgrey,7
ENSG00000015676,darkgrey,darkgrey,7
ENSG00000016864,dimgrey,dimgrey,11
ENSG00000017260,lightcoral,lightcoral,14
ENSG00000017483,darkgrey,darkgrey,7
ENSG00000017797,gainsboro,gainsboro,13
ENSG00000018189,dimgrey,dimgrey,11
ENSG00000018408,darkgrey,darkgrey,7
ENSG00000018510,darkgrey,darkgrey,7
ENSG00000018610,dimgrey,dimgrey,11
ENSG00000018699,silver,silver,29
ENSG00000018869,dimgrey,dimgrey,11
ENSG00000019102,dimgrey,dimgrey,11
ENSG00000019144,dimgrey,dimgrey,11
ENSG00000019485,white,white,31
ENSG00000019549,silver,silver,29
ENSG00000019582,maroon,maroon,16
ENSG00000019991,darkgrey,darkgrey,7
ENSG00000019995,dimgrey,dimgrey,11
ENSG00000020129,silver,silver,29
ENSG00000020181,gainsboro,gainsboro,13
ENSG00000020256,lightcoral,lightcoral,14
ENSG00000020426,silver,silver,29
ENSG00000020577,dimgrey,dimgrey,11
ENSG00000020633,darkgrey,darkgrey,7
ENSG00000020922,gainsboro,gainsboro,13
ENSG00000021355,dimgrey,dimgrey,11
ENSG00000021574,darkgrey,darkgrey,7
ENSG00000021645,silver,silver,29
ENSG00000021762,darkgrey,darkgrey,7
ENSG00000021776,gainsboro,gainsboro,13
ENSG00000021826,silver,silver,29
ENSG00000022267,dimgrey,dimgrey,11
ENSG00000022277,darkgrey,darkgrey,7
ENSG00000022567,white,white,31
ENSG00000022840,darksalmon,darksalmon,10
ENSG00000022976,gainsboro,gainsboro,13
ENSG00000023041,dimgrey,dimgrey,11
ENSG00000023171,dimgrey,dimgrey,11
ENSG00000023191,dimgrey,dimgrey,11
ENSG00000023228,maroon,maroon,16
ENSG00000023287,darkred,darkred,9
ENSG00000023318,darkgrey,darkgrey,7
ENSG00000023330,silver,silver,29
ENSG00000023445,dimgrey,dimgrey,11
ENSG00000023516,silver,silver,29
ENSG00000023572,dimgrey,dimgrey,11
ENSG00000023608,gainsboro,gainsboro,13
ENSG00000023697,silver,silver,29
ENSG00000023734,dimgrey,dimgrey,11
ENSG00000023839,darkgrey,darkgrey,7
ENSG00000023892,dimgrey,dimgrey,11
ENSG00000023902,darkgrey,darkgrey,7
ENSG00000023909,maroon,maroon,16
ENSG00000024048,gainsboro,gainsboro,13
ENSG00000024422,darkgrey,darkgrey,7
ENSG00000024526,silver,silver,29
ENSG00000024862,darkgrey,darkgrey,7
ENSG00000025156,darkgrey,darkgrey,7
ENSG00000025293,gainsboro,gainsboro,13
ENSG00000025423,lightcoral,lightcoral,14
ENSG00000025434,dimgrey,dimgrey,11
ENSG00000025708,dimgrey,dimgrey,11
ENSG00000025770,darkgrey,darkgrey,7
ENSG00000025772,darkgrey,darkgrey,7
ENSG00000025796,dimgrey,dimgrey,11
ENSG00000025800,gainsboro,gainsboro,13
ENSG00000026025,silver,silver,29
ENSG00000026103,darkred,darkred,9
ENSG00000026297,darkgrey,darkgrey,7
ENSG00000026508,dimgrey,dimgrey,11
ENSG00000026559,dimgrey,dimgrey,11
ENSG00000026652,darkgrey,darkgrey,7
ENSG00000026950,coral,coral,6
ENSG00000027001,darkgrey,darkgrey,7
ENSG00000027075,dimgrey,dimgrey,11
ENSG00000027697,dimgrey,dimgrey,11
ENSG00000027847,darkgrey,darkgrey,7
ENSG00000027869,darkorange,darkorange,8
ENSG00000028116,gainsboro,gainsboro,13
ENSG00000028137,darkgrey,darkgrey,7
ENSG00000028203,gainsboro,gainsboro,13
ENSG00000028277,darkgrey,darkgrey,7
ENSG00000028310,darkgrey,darkgrey,7
ENSG00000028528,darksalmon,darksalmon,10
ENSG00000028839,darkgrey,darkgrey,7
ENSG00000029153,silver,silver,29
ENSG00000029363,darkred,darkred,9
ENSG00000029364,darkgrey,darkgrey,7
ENSG00000029534,silver,silver,29
ENSG00000029639,silver,silver,29
ENSG00000029725,darkgrey,darkgrey,7
ENSG00000029993,darkgrey,darkgrey,7
ENSG00000030066,darkgrey,darkgrey,7
ENSG00000030110,dimgrey,dimgrey,11
ENSG00000030304,darkgrey,darkgrey,7
ENSG00000030419,silver,silver,29
ENSG00000030582,darkgrey,darkgrey,7
ENSG00000031003,gainsboro,gainsboro,13
ENSG00000031081,darkgrey,darkgrey,7
ENSG00000031691,silver,silver,29
ENSG00000031698,darkred,darkred,9
ENSG00000031823,darkgrey,darkgrey,7
ENSG00000032219,darkred,darkred,9
ENSG00000032389,dimgrey,dimgrey,11
ENSG00000032444,silver,silver,29
ENSG00000032742,gainsboro,gainsboro,13
ENSG00000033011,dimgrey,dimgrey,11
ENSG00000033030,lightcoral,lightcoral,14
ENSG00000033050,dimgrey,dimgrey,11
ENSG00000033100,darkgrey,darkgrey,7
ENSG00000033122,gainsboro,gainsboro,13
ENSG00000033170,silver,silver,29
ENSG00000033178,gainsboro,gainsboro,13
ENSG00000033327,darkgrey,darkgrey,7
ENSG00000033627,darkgrey,darkgrey,7
ENSG00000033800,maroon,maroon,16
ENSG00000033867,darkgrey,darkgrey,7
ENSG00000034152,darkgrey,darkgrey,7
ENSG00000034510,dimgrey,dimgrey,11
ENSG00000034533,silver,silver,29
ENSG00000034677,silver,silver,29
ENSG00000034693,silver,silver,29
ENSG00000034713,silver,silver,29
ENSG00000035115,dimgrey,dimgrey,11
ENSG00000035141,silver,silver,29
ENSG00000035403,silver,silver,29
ENSG00000035499,darkgrey,darkgrey,7
ENSG00000035664,maroon,maroon,16
ENSG00000035681,darkgrey,darkgrey,7
ENSG00000035687,dimgrey,dimgrey,11
ENSG00000035862,dimgrey,dimgrey,11
ENSG00000035928,dimgrey,dimgrey,11
ENSG00000036054,silver,silver,29
ENSG00000036257,maroon,maroon,16
ENSG00000036530,brown,brown,3
ENSG00000036549,darkgrey,darkgrey,7
ENSG00000036672,dimgrey,dimgrey,11
ENSG00000037042,dimgrey,dimgrey,11
ENSG00000037241,dimgrey,dimgrey,11
ENSG00000037474,darkgrey,darkgrey,7
ENSG00000037749,silver,silver,29
ENSG00000037757,silver,silver,29
ENSG00000037897,darkgrey,darkgrey,7
ENSG00000037965,dimgrey,dimgrey,11
ENSG00000038002,darkgrey,darkgrey,7
ENSG00000038210,dimgrey,dimgrey,11
ENSG00000038219,gainsboro,gainsboro,13
ENSG00000038274,silver,silver,29
ENSG00000038382,gainsboro,gainsboro,13
ENSG00000038427,gainsboro,gainsboro,13
ENSG00000038532,dimgrey,dimgrey,11
ENSG00000039068,darkgrey,darkgrey,7
ENSG00000039123,red,red,24
ENSG00000039139,silver,silver,29
ENSG00000039319,gainsboro,gainsboro,13
ENSG00000039523,gainsboro,gainsboro,13
ENSG00000039560,gainsboro,gainsboro,13
ENSG00000039650,peru,peru,23
ENSG00000040199,silver,silver,29
ENSG00000040275,dimgrey,dimgrey,11
ENSG00000040341,dimgrey,dimgrey,11
ENSG00000040487,dimgrey,dimgrey,11
ENSG00000040531,darkgrey,darkgrey,7
ENSG00000040608,darkgrey,darkgrey,7
ENSG00000040633,darkgrey,darkgrey,7
ENSG00000040933,gainsboro,gainsboro,13
ENSG00000041353,silver,silver,29
ENSG00000041357,darkgrey,darkgrey,7
ENSG00000041802,linen,linen,15
ENSG00000041880,darkgrey,darkgrey,7
ENSG00000041982,dimgrey,dimgrey,11
ENSG00000041988,darkgrey,darkgrey,7
ENSG00000042062,dimgrey,dimgrey,11
ENSG00000042088,silver,silver,29
ENSG00000042286,gainsboro,gainsboro,13
ENSG00000042317,dimgrey,dimgrey,11
ENSG00000042429,darkgrey,darkgrey,7
ENSG00000042445,dimgrey,dimgrey,11
ENSG00000042493,darkgrey,darkgrey,7
ENSG00000042753,dimgrey,dimgrey,11
ENSG00000042832,white,white,31
ENSG00000043093,silver,silver,29
ENSG00000043143,gainsboro,gainsboro,13
ENSG00000043514,dimgrey,dimgrey,11
ENSG00000044090,darkgrey,darkgrey,7
ENSG00000044115,dimgrey,dimgrey,11
ENSG00000044446,saddlebrown,saddlebrown,25
ENSG00000044459,red,red,24
ENSG00000044574,darkgrey,darkgrey,7
ENSG00000046647,darkgrey,darkgrey,7
ENSG00000046651,gainsboro,gainsboro,13
ENSG00000046653,silver,silver,29
ENSG00000046774,dimgrey,dimgrey,11
ENSG00000047056,dimgrey,dimgrey,11
ENSG00000047188,dimgrey,dimgrey,11
ENSG00000047230,gainsboro,gainsboro,13
ENSG00000047249,silver,silver,29
ENSG00000047315,silver,silver,29
ENSG00000047346,dimgrey,dimgrey,11
ENSG00000047365,dimgrey,dimgrey,11
ENSG00000047410,gainsboro,gainsboro,13
ENSG00000047578,darkgrey,darkgrey,7
ENSG00000047579,darksalmon,darksalmon,10
ENSG00000047621,red,red,24
ENSG00000047634,coral,coral,6
ENSG00000047644,silver,silver,29
ENSG00000047648,lightcoral,lightcoral,14
ENSG00000047849,darkgrey,darkgrey,7
ENSG00000047932,dimgrey,dimgrey,11
ENSG00000048028,darkgrey,darkgrey,7
ENSG00000048052,darkgrey,darkgrey,7
ENSG00000048140,darkgrey,darkgrey,7
ENSG00000048162,darkgrey,darkgrey,7
ENSG00000048342,dimgrey,dimgrey,11
ENSG00000048392,white,white,31
ENSG00000048405,dimgrey,dimgrey,11
ENSG00000048471,darkgrey,darkgrey,7
ENSG00000048540,dimgrey,dimgrey,11
ENSG00000048544,silver,silver,29
ENSG00000048649,red,red,24
ENSG00000048707,darkgrey,darkgrey,7
ENSG00000048740,gainsboro,gainsboro,13
ENSG00000048828,gainsboro,gainsboro,13
ENSG00000048991,dimgrey,dimgrey,11
ENSG00000049089,silver,silver,29
ENSG00000049130,silver,silver,29
ENSG00000049167,gainsboro,gainsboro,13
ENSG00000049192,dimgrey,dimgrey,11
ENSG00000049239,darkgrey,darkgrey,7
ENSG00000049245,dimgrey,dimgrey,11
ENSG00000049246,silver,silver,29
ENSG00000049323,gainsboro,gainsboro,13
ENSG00000049449,dimgrey,dimgrey,11
ENSG00000049540,darkgrey,darkgrey,7
ENSG00000049541,silver,silver,29
ENSG00000049618,dimgrey,dimgrey,11
ENSG00000049656,darkgrey,darkgrey,7
ENSG00000049759,darkgrey,darkgrey,7
ENSG00000049769,silver,silver,29
ENSG00000049860,dimgrey,dimgrey,11
ENSG00000049883,darkgrey,darkgrey,7
ENSG00000050130,dimgrey,dimgrey,11
ENSG00000050165,dimgrey,dimgrey,11
ENSG00000050327,firebrick,firebrick,12
ENSG00000050344,silver,silver,29
ENSG00000050393,dimgrey,dimgrey,11
ENSG00000050405,gainsboro,gainsboro,13
ENSG00000050426,dimgrey,dimgrey,11
ENSG00000050438,darkgrey,darkgrey,7
ENSG00000050555,dimgrey,dimgrey,11
ENSG00000050628,lightcoral,lightcoral,14
ENSG00000050730,dimgrey,dimgrey,11
ENSG00000050748,dimgrey,dimgrey,11
ENSG00000050820,darkgrey,darkgrey,7
ENSG00000051009,dimgrey,dimgrey,11
ENSG00000051108,dimgrey,dimgrey,11
ENSG00000051128,dimgrey,dimgrey,11
ENSG00000051180,dimgrey,dimgrey,11
ENSG00000051341,gainsboro,gainsboro,13
ENSG00000051382,dimgrey,dimgrey,11
ENSG00000051523,silver,silver,29
ENSG00000051596,darkgrey,darkgrey,7
ENSG00000051620,dimgrey,dimgrey,11
ENSG00000051825,gainsboro,gainsboro,13
ENSG00000052126,darkgrey,darkgrey,7
ENSG00000052723,silver,silver,29
ENSG00000052749,dimgrey,dimgrey,11
ENSG00000052795,darkgrey,darkgrey,7
ENSG00000052802,white,white,31
ENSG00000052841,gainsboro,gainsboro,13
ENSG00000053108,white,white,31
ENSG00000053254,dimgrey,dimgrey,11
ENSG00000053371,dimgrey,dimgrey,11
ENSG00000053372,white,white,31
ENSG00000053438,gainsboro,gainsboro,13
ENSG00000053501,dimgrey,dimgrey,11
ENSG00000053747,peru,peru,23
ENSG00000053770,dimgrey,dimgrey,11
ENSG00000053900,dimgrey,dimgrey,11
ENSG00000054116,darkgrey,darkgrey,7
ENSG00000054118,dimgrey,dimgrey,11
ENSG00000054148,dimgrey,dimgrey,11
ENSG00000054267,red,red,24
ENSG00000054282,darkgrey,darkgrey,7
ENSG00000054356,darkgrey,darkgrey,7
ENSG00000054523,gainsboro,gainsboro,13
ENSG00000054598,gainsboro,gainsboro,13
ENSG00000054611,darkgrey,darkgrey,7
ENSG00000054654,gainsboro,gainsboro,13
ENSG00000054793,dimgrey,dimgrey,11
ENSG00000054938,gainsboro,gainsboro,13
ENSG00000054965,silver,silver,29
ENSG00000054967,white,white,31
ENSG00000054983,darkgrey,darkgrey,7
ENSG00000055044,silver,silver,29
ENSG00000055070,gainsboro,gainsboro,13
ENSG00000055118,silver,silver,29
ENSG00000055130,gainsboro,gainsboro,13
ENSG00000055147,silver,silver,29
ENSG00000055163,brown,brown,3
ENSG00000055208,darkgrey,darkgrey,7
ENSG00000055211,red,red,24
ENSG00000055332,gainsboro,gainsboro,13
ENSG00000055483,darkgrey,darkgrey,7
ENSG00000055609,dimgrey,dimgrey,11
ENSG00000055732,blanchedalmond,blanchedalmond,2
ENSG00000055917,silver,silver,29
ENSG00000055950,dimgrey,dimgrey,11
ENSG00000055955,darkgrey,darkgrey,7
ENSG00000056050,silver,silver,29
ENSG00000056097,darkred,darkred,9
ENSG00000056277,coral,coral,6
ENSG00000056558,darkgrey,darkgrey,7
ENSG00000056586,darkgrey,darkgrey,7
ENSG00000056736,silver,silver,29
ENSG00000056972,dimgrey,dimgrey,11
ENSG00000056998,dimgrey,dimgrey,11
ENSG00000057019,darkgrey,darkgrey,7
ENSG00000057252,dimgrey,dimgrey,11
ENSG00000057608,dimgrey,dimgrey,11
ENSG00000057657,silver,silver,29
ENSG00000057663,silver,silver,29
ENSG00000057757,darkgrey,darkgrey,7
ENSG00000057935,gainsboro,gainsboro,13
ENSG00000058056,darkgrey,darkgrey,7
ENSG00000058063,gainsboro,gainsboro,13
ENSG00000058085,silver,silver,29
ENSG00000058091,dimgrey,dimgrey,11
ENSG00000058262,darkgrey,darkgrey,7
ENSG00000058272,dimgrey,dimgrey,11
ENSG00000058404,darkgrey,darkgrey,7
ENSG00000058668,gainsboro,gainsboro,13
ENSG00000058673,coral,coral,6
ENSG00000058729,dimgrey,dimgrey,11
ENSG00000058799,dimgrey,dimgrey,11
ENSG00000058804,darkgrey,darkgrey,7
ENSG00000058866,white,white,31
ENSG00000059122,silver,silver,29
ENSG00000059145,darkgrey,darkgrey,7
ENSG00000059377,darkgrey,darkgrey,7
ENSG00000059378,dimgrey,dimgrey,11
ENSG00000059573,darkgrey,darkgrey,7
ENSG00000059588,dimgrey,dimgrey,11
ENSG00000059691,dimgrey,dimgrey,11
ENSG00000059728,gainsboro,gainsboro,13
ENSG00000059758,dimgrey,dimgrey,11
ENSG00000059769,gainsboro,gainsboro,13
ENSG00000059804,burlywood,burlywood,4
ENSG00000059915,darkgrey,darkgrey,7
ENSG00000060069,darkgrey,darkgrey,7
ENSG00000060138,firebrick,firebrick,12
ENSG00000060140,dimgrey,dimgrey,11
ENSG00000060237,gainsboro,gainsboro,13
ENSG00000060339,darkgrey,darkgrey,7
ENSG00000060491,darkgrey,darkgrey,7
ENSG00000060642,dimgrey,dimgrey,11
ENSG00000060656,darkgrey,darkgrey,7
ENSG00000060688,gainsboro,gainsboro,13
ENSG00000060718,gainsboro,gainsboro,13
ENSG00000060749,dimgrey,dimgrey,11
ENSG00000060762,silver,silver,29
ENSG00000060971,silver,silver,29
ENSG00000060982,dimgrey,dimgrey,11
ENSG00000061273,dimgrey,dimgrey,11
ENSG00000061337,darkgrey,darkgrey,7
ENSG00000061455,silver,silver,29
ENSG00000061656,silver,silver,29
ENSG00000061676,silver,silver,29
ENSG00000061794,dimgrey,dimgrey,11
ENSG00000061918,silver,silver,29
ENSG00000061936,gainsboro,gainsboro,13
ENSG00000061938,dimgrey,dimgrey,11
ENSG00000061987,firebrick,firebrick,12
ENSG00000062194,lightcoral,lightcoral,14
ENSG00000062282,silver,silver,29
ENSG00000062370,silver,silver,29
ENSG00000062485,dimgrey,dimgrey,11
ENSG00000062524,firebrick,firebrick,12
ENSG00000062582,lightcoral,lightcoral,14
ENSG00000062598,darkgrey,darkgrey,7
ENSG00000062650,gainsboro,gainsboro,13
ENSG00000062716,silver,silver,29
ENSG00000062725,darkgrey,darkgrey,7
ENSG00000062822,darkgrey,darkgrey,7
ENSG00000063046,dimgrey,dimgrey,11
ENSG00000063127,dimgrey,dimgrey,11
ENSG00000063169,silver,silver,29
ENSG00000063176,dimgrey,dimgrey,11
ENSG00000063177,darkgrey,darkgrey,7
ENSG00000063180,gainsboro,gainsboro,13
ENSG00000063241,white,white,31
ENSG00000063244,dimgrey,dimgrey,11
ENSG00000063245,maroon,maroon,16
ENSG00000063322,dimgrey,dimgrey,11
ENSG00000063438,brown,brown,3
ENSG00000063587,silver,silver,29
ENSG00000063601,darkgrey,darkgrey,7
ENSG00000063660,darkgrey,darkgrey,7
ENSG00000063761,gainsboro,gainsboro,13
ENSG00000063854,darkgrey,darkgrey,7
ENSG00000063978,silver,silver,29
ENSG00000064012,dimgrey,dimgrey,11
ENSG00000064042,gainsboro,gainsboro,13
ENSG00000064102,darkred,darkred,9
ENSG00000064115,dimgrey,dimgrey,11
ENSG00000064195,darkgrey,darkgrey,7
ENSG00000064199,maroon,maroon,16
ENSG00000064205,darkgrey,darkgrey,7
ENSG00000064225,darkgrey,darkgrey,7
ENSG00000064270,darkgrey,darkgrey,7
ENSG00000064309,darkgrey,darkgrey,7
ENSG00000064313,darkred,darkred,9
ENSG00000064393,darkgrey,darkgrey,7
ENSG00000064419,darkgrey,darkgrey,7
ENSG00000064490,dimgrey,dimgrey,11
ENSG00000064545,darkgrey,darkgrey,7
ENSG00000064547,darkgrey,darkgrey,7
ENSG00000064601,dimgrey,dimgrey,11
ENSG00000064607,white,white,31
ENSG00000064651,silver,silver,29
ENSG00000064652,dimgrey,dimgrey,11
ENSG00000064655,darkgrey,darkgrey,7
ENSG00000064666,gainsboro,gainsboro,13
ENSG00000064687,darkgrey,darkgrey,7
ENSG00000064692,dimgrey,dimgrey,11
ENSG00000064703,silver,silver,29
ENSG00000064726,silver,silver,29
ENSG00000064763,silver,silver,29
ENSG00000064932,silver,silver,29
ENSG00000064933,lightcoral,lightcoral,14
ENSG00000064961,darkgrey,darkgrey,7
ENSG00000064989,silver,silver,29
ENSG00000064995,gainsboro,gainsboro,13
ENSG00000064999,silver,silver,29
ENSG00000065000,gainsboro,gainsboro,13
ENSG00000065029,darkgrey,darkgrey,7
ENSG00000065054,dimgrey,dimgrey,11
ENSG00000065057,red,red,24
ENSG00000065060,firebrick,firebrick,12
ENSG00000065135,dimgrey,dimgrey,11
ENSG00000065150,silver,silver,29
ENSG00000065154,dimgrey,dimgrey,11
ENSG00000065183,darkgrey,darkgrey,7
ENSG00000065243,gainsboro,gainsboro,13
ENSG00000065268,darkgrey,darkgrey,7
ENSG00000065308,darkgrey,darkgrey,7
ENSG00000065320,dimgrey,dimgrey,11
ENSG00000065328,dimgrey,dimgrey,11
ENSG00000065357,darksalmon,darksalmon,10
ENSG00000065361,dimgrey,dimgrey,11
ENSG00000065413,silver,silver,29
ENSG00000065427,dimgrey,dimgrey,11
ENSG00000065457,gainsboro,gainsboro,13
ENSG00000065485,silver,silver,29
ENSG00000065491,maroon,maroon,16
ENSG00000065518,dimgrey,dimgrey,11
ENSG00000065526,dimgrey,dimgrey,11
ENSG00000065534,dimgrey,dimgrey,11
ENSG00000065548,dimgrey,dimgrey,11
ENSG00000065559,silver,silver,29
ENSG00000065600,darkgrey,darkgrey,7
ENSG00000065613,red,red,24
ENSG00000065615,silver,silver,29
ENSG00000065618,gainsboro,gainsboro,13
ENSG00000065621,darkgrey,darkgrey,7
ENSG00000065665,dimgrey,dimgrey,11
ENSG00000065717,dimgrey,dimgrey,11
ENSG00000065802,darkgrey,darkgrey,7
ENSG00000065809,gainsboro,gainsboro,13
ENSG00000065833,silver,silver,29
ENSG00000065882,darkgrey,darkgrey,7
ENSG00000065883,dimgrey,dimgrey,11
ENSG00000065911,darkgrey,darkgrey,7
ENSG00000065923,darkgrey,darkgrey,7
ENSG00000065970,darkgrey,darkgrey,7
ENSG00000065978,dimgrey,dimgrey,11
ENSG00000065989,darkgrey,darkgrey,7
ENSG00000066027,silver,silver,29
ENSG00000066044,chocolate,chocolate,5
ENSG00000066056,dimgrey,dimgrey,11
ENSG00000066084,gainsboro,gainsboro,13
ENSG00000066117,lightcoral,lightcoral,14
ENSG00000066135,white,white,31
ENSG00000066136,navajowhite,navajowhite,18
ENSG00000066279,darkred,darkred,9
ENSG00000066322,dimgrey,dimgrey,11
ENSG00000066379,dimgrey,dimgrey,11
ENSG00000066405,silver,silver,29
ENSG00000066422,antiquewhite,antiquewhite,0
ENSG00000066427,darkgrey,darkgrey,7
ENSG00000066455,gainsboro,gainsboro,13
ENSG00000066557,darkgrey,darkgrey,7
ENSG00000066583,darkgrey,darkgrey,7
ENSG00000066629,dimgrey,dimgrey,11
ENSG00000066651,silver,silver,29
ENSG00000066654,gainsboro,gainsboro,13
ENSG00000066697,dimgrey,dimgrey,11
ENSG00000066735,darkgrey,darkgrey,7
ENSG00000066739,dimgrey,dimgrey,11
ENSG00000066777,dimgrey,dimgrey,11
ENSG00000066827,lightcoral,lightcoral,14
ENSG00000066855,dimgrey,dimgrey,11
ENSG00000066923,gainsboro,gainsboro,13
ENSG00000066926,silver,silver,29
ENSG00000066933,silver,silver,29
ENSG00000067057,darkgrey,darkgrey,7
ENSG00000067064,dimgrey,dimgrey,11
ENSG00000067066,darkgrey,darkgrey,7
ENSG00000067082,gainsboro,gainsboro,13
ENSG00000067113,lightcoral,lightcoral,14
ENSG00000067141,maroon,maroon,16
ENSG00000067167,silver,silver,29
ENSG00000067177,dimgrey,dimgrey,11
ENSG00000067182,seashell,seashell,27
ENSG00000067191,darkgrey,darkgrey,7
ENSG00000067208,gainsboro,gainsboro,13
ENSG00000067221,dimgrey,dimgrey,11
ENSG00000067225,dimgrey,dimgrey,11
ENSG00000067248,darkgrey,darkgrey,7
ENSG00000067334,darkgrey,darkgrey,7
ENSG00000067365,dimgrey,dimgrey,11
ENSG00000067369,darkgrey,darkgrey,7
ENSG00000067445,gainsboro,gainsboro,13
ENSG00000067533,gainsboro,gainsboro,13
ENSG00000067560,dimgrey,dimgrey,11
ENSG00000067596,gainsboro,gainsboro,13
ENSG00000067704,dimgrey,dimgrey,11
ENSG00000067715,darkgrey,darkgrey,7
ENSG00000067798,dimgrey,dimgrey,11
ENSG00000067829,dimgrey,dimgrey,11
ENSG00000067836,darkgrey,darkgrey,7
ENSG00000067900,darkgrey,darkgrey,7
ENSG00000067955,silver,silver,29
ENSG00000067992,silver,silver,29
ENSG00000068001,dimgrey,dimgrey,11
ENSG00000068024,gainsboro,gainsboro,13
ENSG00000068028,darkgrey,darkgrey,7
ENSG00000068078,silver,silver,29
ENSG00000068079,dimgrey,dimgrey,11
ENSG00000068097,darkgrey,darkgrey,7
ENSG00000068120,dimgrey,dimgrey,11
ENSG00000068137,dimgrey,dimgrey,11
ENSG00000068305,red,red,24
ENSG00000068308,silver,silver,29
ENSG00000068354,silver,silver,29
ENSG00000068366,dimgrey,dimgrey,11
ENSG00000068383,dimgrey,dimgrey,11
ENSG00000068394,dimgrey,dimgrey,11
ENSG00000068400,darkgrey,darkgrey,7
ENSG00000068438,dimgrey,dimgrey,11
ENSG00000068489,darkgrey,darkgrey,7
ENSG00000068650,dimgrey,dimgrey,11
ENSG00000068654,silver,silver,29
ENSG00000068697,darkgrey,darkgrey,7
ENSG00000068724,darkgrey,darkgrey,7
ENSG00000068745,darkgrey,darkgrey,7
ENSG00000068784,darkgrey,darkgrey,7
ENSG00000068796,silver,silver,29
ENSG00000068831,gainsboro,gainsboro,13
ENSG00000068878,darkgrey,darkgrey,7
ENSG00000068885,silver,silver,29
ENSG00000068903,gainsboro,gainsboro,13
ENSG00000068912,darkred,darkred,9
ENSG00000068971,gainsboro,gainsboro,13
ENSG00000069011,darkgrey,darkgrey,7
ENSG00000069020,darkgrey,darkgrey,7
ENSG00000069122,gainsboro,gainsboro,13
ENSG00000069188,firebrick,firebrick,12
ENSG00000069248,dimgrey,dimgrey,11
ENSG00000069275,dimgrey,dimgrey,11
ENSG00000069329,silver,silver,29
ENSG00000069345,silver,silver,29
ENSG00000069399,dimgrey,dimgrey,11
ENSG00000069424,dimgrey,dimgrey,11
ENSG00000069431,silver,silver,29
ENSG00000069482,dimgrey,dimgrey,11
ENSG00000069493,darkgrey,darkgrey,7
ENSG00000069509,moccasin,moccasin,17
ENSG00000069535,firebrick,firebrick,12
ENSG00000069667,dimgrey,dimgrey,11
ENSG00000069702,dimgrey,dimgrey,11
ENSG00000069849,gainsboro,gainsboro,13
ENSG00000069869,silver,silver,29
ENSG00000069943,firebrick,firebrick,12
ENSG00000069956,silver,silver,29
ENSG00000069966,darkgrey,darkgrey,7
ENSG00000069974,dimgrey,dimgrey,11
ENSG00000069998,darkgrey,darkgrey,7
ENSG00000070010,dimgrey,dimgrey,11
ENSG00000070047,darkgrey,darkgrey,7
ENSG00000070061,silver,silver,29
ENSG00000070081,darkgrey,darkgrey,7
ENSG00000070087,dimgrey,dimgrey,11
ENSG00000070159,gainsboro,gainsboro,13
ENSG00000070214,dimgrey,dimgrey,11
ENSG00000070269,gainsboro,gainsboro,13
ENSG00000070366,firebrick,firebrick,12
ENSG00000070367,silver,silver,29
ENSG00000070371,dimgrey,dimgrey,11
ENSG00000070388,dimgrey,dimgrey,11
ENSG00000070404,brown,brown,3
ENSG00000070413,white,white,31
ENSG00000070423,darkgrey,darkgrey,7
ENSG00000070444,darkgrey,darkgrey,7
ENSG00000070476,darkgrey,darkgrey,7
ENSG00000070495,dimgrey,dimgrey,11
ENSG00000070501,seashell,seashell,27
ENSG00000070540,darkgrey,darkgrey,7
ENSG00000070610,dimgrey,dimgrey,11
ENSG00000070614,darkgrey,darkgrey,7
ENSG00000070669,dimgrey,dimgrey,11
ENSG00000070718,darkgrey,darkgrey,7
ENSG00000070756,gainsboro,gainsboro,13
ENSG00000070759,dimgrey,dimgrey,11
ENSG00000070761,dimgrey,dimgrey,11
ENSG00000070770,darkgrey,darkgrey,7
ENSG00000070778,dimgrey,dimgrey,11
ENSG00000070785,dimgrey,dimgrey,11
ENSG00000070808,dimgrey,dimgrey,11
ENSG00000070814,gainsboro,gainsboro,13
ENSG00000070831,darkgrey,darkgrey,7
ENSG00000070882,darkgrey,darkgrey,7
ENSG00000070950,dimgrey,dimgrey,11
ENSG00000070961,gainsboro,gainsboro,13
ENSG00000071051,dimgrey,dimgrey,11
ENSG00000071054,darkgrey,darkgrey,7
ENSG00000071082,dimgrey,dimgrey,11
ENSG00000071127,darkred,darkred,9
ENSG00000071189,silver,silver,29
ENSG00000071205,dimgrey,dimgrey,11
ENSG00000071242,darkgrey,darkgrey,7
ENSG00000071243,gainsboro,gainsboro,13
ENSG00000071246,darkgrey,darkgrey,7
ENSG00000071282,chocolate,chocolate,5
ENSG00000071462,silver,silver,29
ENSG00000071537,darkgrey,darkgrey,7
ENSG00000071539,silver,silver,29
ENSG00000071553,gainsboro,gainsboro,13
ENSG00000071564,silver,silver,29
ENSG00000071575,darkgrey,darkgrey,7
ENSG00000071626,darkgrey,darkgrey,7
ENSG00000071655,darkgrey,darkgrey,7
ENSG00000071794,gainsboro,gainsboro,13
ENSG00000071859,firebrick,firebrick,12
ENSG00000071889,darkgrey,darkgrey,7
ENSG00000071894,dimgrey,dimgrey,11
ENSG00000071967,dimgrey,dimgrey,11
ENSG00000071994,dimgrey,dimgrey,11
ENSG00000072041,dimgrey,dimgrey,11
ENSG00000072042,dimgrey,dimgrey,11
ENSG00000072062,dimgrey,dimgrey,11
ENSG00000072110,darkgrey,darkgrey,7
ENSG00000072121,silver,silver,29
ENSG00000072133,dimgrey,dimgrey,11
ENSG00000072134,gainsboro,gainsboro,13
ENSG00000072135,darkgrey,darkgrey,7
ENSG00000072163,darkgrey,darkgrey,7
ENSG00000072195,darkgrey,darkgrey,7
ENSG00000072210,dimgrey,dimgrey,11
ENSG00000072274,silver,silver,29
ENSG00000072310,gainsboro,gainsboro,13
ENSG00000072364,firebrick,firebrick,12
ENSG00000072401,silver,silver,29
ENSG00000072415,darkgrey,darkgrey,7
ENSG00000072422,darkgrey,darkgrey,7
ENSG00000072501,gainsboro,gainsboro,13
ENSG00000072506,darkgrey,darkgrey,7
ENSG00000072518,darkgrey,darkgrey,7
ENSG00000072571,darkred,darkred,9
ENSG00000072609,white,white,31
ENSG00000072657,white,white,31
ENSG00000072682,dimgrey,dimgrey,11
ENSG00000072736,sienna,sienna,28
ENSG00000072756,dimgrey,dimgrey,11
ENSG00000072778,darkgrey,darkgrey,7
ENSG00000072786,silver,silver,29
ENSG00000072803,dimgrey,dimgrey,11
ENSG00000072832,dimgrey,dimgrey,11
ENSG00000072840,dimgrey,dimgrey,11
ENSG00000072849,dimgrey,dimgrey,11
ENSG00000072952,dimgrey,dimgrey,11
ENSG00000072954,dimgrey,dimgrey,11
ENSG00000072958,darkgrey,darkgrey,7
ENSG00000073008,darkgrey,darkgrey,7
ENSG00000073050,silver,silver,29
ENSG00000073060,darkgrey,darkgrey,7
ENSG00000073150,dimgrey,dimgrey,11
ENSG00000073169,silver,silver,29
ENSG00000073331,gainsboro,gainsboro,13
ENSG00000073417,silver,silver,29
ENSG00000073464,darkgrey,darkgrey,7
ENSG00000073536,dimgrey,dimgrey,11
ENSG00000073578,dimgrey,dimgrey,11
ENSG00000073584,chocolate,chocolate,5
ENSG00000073605,darkgrey,darkgrey,7
ENSG00000073614,gainsboro,gainsboro,13
ENSG00000073711,silver,silver,29
ENSG00000073712,darkgrey,darkgrey,7
ENSG00000073756,white,white,31
ENSG00000073792,dimgrey,dimgrey,11
ENSG00000073803,gainsboro,gainsboro,13
ENSG00000073849,dimgrey,dimgrey,11
ENSG00000073910,silver,silver,29
ENSG00000073921,silver,silver,29
ENSG00000073969,silver,silver,29
ENSG00000074047,peachpuff,peachpuff,22
ENSG00000074054,papayawhip,papayawhip,21
ENSG00000074071,darkgrey,darkgrey,7
ENSG00000074181,dimgrey,dimgrey,11
ENSG00000074201,darkgrey,darkgrey,7
ENSG00000074211,lightcoral,lightcoral,14
ENSG00000074219,dimgrey,dimgrey,11
ENSG00000074266,white,white,31
ENSG00000074319,silver,silver,29
ENSG00000074356,darkgrey,darkgrey,7
ENSG00000074370,darkgrey,darkgrey,7
ENSG00000074410,silver,silver,29
ENSG00000074416,silver,silver,29
ENSG00000074527,silver,silver,29
ENSG00000074582,dimgrey,dimgrey,11
ENSG00000074590,darkgrey,darkgrey,7
ENSG00000074603,dimgrey,dimgrey,11
ENSG00000074621,dimgrey,dimgrey,11
ENSG00000074657,gainsboro,gainsboro,13
ENSG00000074695,dimgrey,dimgrey,11
ENSG00000074696,gainsboro,gainsboro,13
ENSG00000074755,darkgrey,darkgrey,7
ENSG00000074800,lightcoral,lightcoral,14
ENSG00000074842,darkgrey,darkgrey,7
ENSG00000074855,dimgrey,dimgrey,11
ENSG00000074935,dimgrey,dimgrey,11
ENSG00000074964,dimgrey,dimgrey,11
ENSG00000075089,silver,silver,29
ENSG00000075131,dimgrey,dimgrey,11
ENSG00000075142,silver,silver,29
ENSG00000075151,gainsboro,gainsboro,13
ENSG00000075188,dimgrey,dimgrey,11
ENSG00000075213,darkgrey,darkgrey,7
ENSG00000075218,firebrick,firebrick,12
ENSG00000075223,dimgrey,dimgrey,11
ENSG00000075234,silver,silver,29
ENSG00000075239,silver,silver,29
ENSG00000075240,silver,silver,29
ENSG00000075275,darkgrey,darkgrey,7
ENSG00000075292,darkred,darkred,9
ENSG00000075303,lightcoral,lightcoral,14
ENSG00000075336,dimgrey,dimgrey,11
ENSG00000075391,darkgrey,darkgrey,7
ENSG00000075399,silver,silver,29
ENSG00000075407,gainsboro,gainsboro,13
ENSG00000075413,gainsboro,gainsboro,13
ENSG00000075415,dimgrey,dimgrey,11
ENSG00000075420,silver,silver,29
ENSG00000075426,white,white,31
ENSG00000075539,silver,silver,29
ENSG00000075568,gainsboro,gainsboro,13
ENSG00000075618,darkgrey,darkgrey,7
ENSG00000075624,silver,silver,29
ENSG00000075643,lightcoral,lightcoral,14
ENSG00000075651,lightcoral,lightcoral,14
ENSG00000075702,dimgrey,dimgrey,11
ENSG00000075711,gainsboro,gainsboro,13
ENSG00000075785,dimgrey,dimgrey,11
ENSG00000075826,dimgrey,dimgrey,11
ENSG00000075856,red,red,24
ENSG00000075914,silver,silver,29
ENSG00000075945,dimgrey,dimgrey,11
ENSG00000075975,dimgrey,dimgrey,11
ENSG00000076003,coral,coral,6
ENSG00000076043,silver,silver,29
ENSG00000076053,maroon,maroon,16
ENSG00000076067,maroon,maroon,16
ENSG00000076108,darkgrey,darkgrey,7
ENSG00000076201,darkgrey,darkgrey,7
ENSG00000076242,dimgrey,dimgrey,11
ENSG00000076248,darkgrey,darkgrey,7
ENSG00000076258,silver,silver,29
ENSG00000076321,dimgrey,dimgrey,11
ENSG00000076344,dimgrey,dimgrey,11
ENSG00000076351,silver,silver,29
ENSG00000076356,gainsboro,gainsboro,13
ENSG00000076382,silver,silver,29
ENSG00000076513,silver,silver,29
ENSG00000076555,darkgrey,darkgrey,7
ENSG00000076604,lightcoral,lightcoral,14
ENSG00000076641,dimgrey,dimgrey,11
ENSG00000076650,gainsboro,gainsboro,13
ENSG00000076685,darkgrey,darkgrey,7
ENSG00000076706,darkgrey,darkgrey,7
ENSG00000076716,silver,silver,29
ENSG00000076770,white,white,31
ENSG00000076924,dimgrey,dimgrey,11
ENSG00000076928,darkgrey,darkgrey,7
ENSG00000076944,orangered,orangered,20
ENSG00000076984,darkgrey,darkgrey,7
ENSG00000077044,darkgrey,darkgrey,7
ENSG00000077063,lightcoral,lightcoral,14
ENSG00000077092,silver,silver,29
ENSG00000077097,dimgrey,dimgrey,11
ENSG00000077147,darkgrey,darkgrey,7
ENSG00000077150,darkgrey,darkgrey,7
ENSG00000077152,dimgrey,dimgrey,11
ENSG00000077157,darkgrey,darkgrey,7
ENSG00000077232,dimgrey,dimgrey,11
ENSG00000077235,darkgrey,darkgrey,7
ENSG00000077238,darkgrey,darkgrey,7
ENSG00000077254,darkgrey,darkgrey,7
ENSG00000077264,silver,silver,29
ENSG00000077312,darkgrey,darkgrey,7
ENSG00000077348,darkgrey,darkgrey,7
ENSG00000077380,dimgrey,dimgrey,11
ENSG00000077420,silver,silver,29
ENSG00000077458,gainsboro,gainsboro,13
ENSG00000077463,darkgrey,darkgrey,7
ENSG00000077514,silver,silver,29
ENSG00000077549,darkgrey,darkgrey,7
ENSG00000077585,dimgrey,dimgrey,11
ENSG00000077684,dimgrey,dimgrey,11
ENSG00000077713,dimgrey,dimgrey,11
ENSG00000077721,dimgrey,dimgrey,11
ENSG00000077782,darkgrey,darkgrey,7
ENSG00000077942,darkgrey,darkgrey,7
ENSG00000077943,gainsboro,gainsboro,13
ENSG00000078018,darkgrey,darkgrey,7
ENSG00000078043,dimgrey,dimgrey,11
ENSG00000078053,brown,brown,3
ENSG00000078061,darkgrey,darkgrey,7
ENSG00000078070,lightcoral,lightcoral,14
ENSG00000078098,darkgrey,darkgrey,7
ENSG00000078124,dimgrey,dimgrey,11
ENSG00000078140,gainsboro,gainsboro,13
ENSG00000078142,dimgrey,dimgrey,11
ENSG00000078177,gainsboro,gainsboro,13
ENSG00000078237,dimgrey,dimgrey,11
ENSG00000078246,darkgrey,darkgrey,7
ENSG00000078269,gainsboro,gainsboro,13
ENSG00000078304,gainsboro,gainsboro,13
ENSG00000078369,dimgrey,dimgrey,11
ENSG00000078401,silver,silver,29
ENSG00000078403,coral,coral,6
ENSG00000078487,darkgrey,darkgrey,7
ENSG00000078618,red,red,24
ENSG00000078668,dimgrey,dimgrey,11
ENSG00000078674,darkred,darkred,9
ENSG00000078687,red,red,24
ENSG00000078699,dimgrey,dimgrey,11
ENSG00000078747,maroon,maroon,16
ENSG00000078795,darkgrey,darkgrey,7
ENSG00000078804,dimgrey,dimgrey,11
ENSG00000078808,white,white,31
ENSG00000078900,dimgrey,dimgrey,11
ENSG00000078967,dimgrey,dimgrey,11
ENSG00000079102,darkgrey,darkgrey,7
ENSG00000079134,dimgrey,dimgrey,11
ENSG00000079150,silver,silver,29
ENSG00000079156,gainsboro,gainsboro,13
ENSG00000079215,silver,silver,29
ENSG00000079246,dimgrey,dimgrey,11
ENSG00000079257,dimgrey,dimgrey,11
ENSG00000079263,dimgrey,dimgrey,11
ENSG00000079277,dimgrey,dimgrey,11
ENSG00000079308,dimgrey,dimgrey,11
ENSG00000079313,darkgrey,darkgrey,7
ENSG00000079332,dimgrey,dimgrey,11
ENSG00000079335,dimgrey,dimgrey,11
ENSG00000079337,maroon,maroon,16
ENSG00000079387,gainsboro,gainsboro,13
ENSG00000079432,darkgrey,darkgrey,7
ENSG00000079435,darkgrey,darkgrey,7
ENSG00000079459,dimgrey,dimgrey,11
ENSG00000079462,darkgrey,darkgrey,7
ENSG00000079482,dimgrey,dimgrey,11
ENSG00000079616,dimgrey,dimgrey,11
ENSG00000079691,dimgrey,dimgrey,11
ENSG00000079739,dimgrey,dimgrey,11
ENSG00000079785,dimgrey,dimgrey,11
ENSG00000079805,darkgrey,darkgrey,7
ENSG00000079819,darkgrey,darkgrey,7
ENSG00000079841,silver,silver,29
ENSG00000079931,silver,silver,29
ENSG00000079950,darkgrey,darkgrey,7
ENSG00000079974,darkgrey,darkgrey,7
ENSG00000079999,darkgrey,darkgrey,7
ENSG00000080007,silver,silver,29
ENSG00000080031,dimgrey,dimgrey,11
ENSG00000080189,dimgrey,dimgrey,11
ENSG00000080200,gainsboro,gainsboro,13
ENSG00000080298,darkgrey,darkgrey,7
ENSG00000080345,darkgrey,darkgrey,7
ENSG00000080371,darkred,darkred,9
ENSG00000080493,silver,silver,29
ENSG00000080503,gainsboro,gainsboro,13
ENSG00000080546,dimgrey,dimgrey,11
ENSG00000080561,maroon,maroon,16
ENSG00000080573,darkgrey,darkgrey,7
ENSG00000080603,dimgrey,dimgrey,11
ENSG00000080608,darkgrey,darkgrey,7
ENSG00000080709,dimgrey,dimgrey,11
ENSG00000080802,silver,silver,29
ENSG00000080815,dimgrey,dimgrey,11
ENSG00000080819,darkgrey,darkgrey,7
ENSG00000080822,dimgrey,dimgrey,11
ENSG00000080823,darkgrey,darkgrey,7
ENSG00000080824,gainsboro,gainsboro,13
ENSG00000080839,gainsboro,gainsboro,13
ENSG00000080845,darkgrey,darkgrey,7
ENSG00000080986,dimgrey,dimgrey,11
ENSG00000081014,silver,silver,29
ENSG00000081019,darkgrey,darkgrey,7
ENSG00000081026,gainsboro,gainsboro,13
ENSG00000081041,darkgrey,darkgrey,7
ENSG00000081051,dimgrey,dimgrey,11
ENSG00000081059,dimgrey,dimgrey,11
ENSG00000081087,dimgrey,dimgrey,11
ENSG00000081154,dimgrey,dimgrey,11
ENSG00000081177,silver,silver,29
ENSG00000081181,silver,silver,29
ENSG00000081189,darkgrey,darkgrey,7
ENSG00000081277,silver,silver,29
ENSG00000081307,dimgrey,dimgrey,11
ENSG00000081320,gainsboro,gainsboro,13
ENSG00000081377,dimgrey,dimgrey,11
ENSG00000081386,dimgrey,dimgrey,11
ENSG00000081665,darkgrey,darkgrey,7
ENSG00000081692,darkgrey,darkgrey,7
ENSG00000081721,dimgrey,dimgrey,11
ENSG00000081760,silver,silver,29
ENSG00000081791,darkgrey,darkgrey,7
ENSG00000081803,darkgrey,darkgrey,7
ENSG00000081853,dimgrey,dimgrey,11
ENSG00000081870,silver,silver,29
ENSG00000081913,silver,silver,29
ENSG00000081923,maroon,maroon,16
ENSG00000082014,maroon,maroon,16
ENSG00000082068,red,red,24
ENSG00000082126,maroon,maroon,16
ENSG00000082146,dimgrey,dimgrey,11
ENSG00000082153,dimgrey,dimgrey,11
ENSG00000082175,gainsboro,gainsboro,13
ENSG00000082212,silver,silver,29
ENSG00000082213,white,white,31
ENSG00000082258,darkgrey,darkgrey,7
ENSG00000082269,darkgrey,darkgrey,7
ENSG00000082397,silver,silver,29
ENSG00000082438,saddlebrown,saddlebrown,25
ENSG00000082458,silver,silver,29
ENSG00000082482,darkgrey,darkgrey,7
ENSG00000082512,darkgrey,darkgrey,7
ENSG00000082515,dimgrey,dimgrey,11
ENSG00000082516,maroon,maroon,16
ENSG00000082641,dimgrey,dimgrey,11
ENSG00000082701,maroon,maroon,16
ENSG00000082781,darksalmon,darksalmon,10
ENSG00000082805,darkgrey,darkgrey,7
ENSG00000082898,silver,silver,29
ENSG00000082996,silver,silver,29
ENSG00000083093,darkgrey,darkgrey,7
ENSG00000083097,dimgrey,dimgrey,11
ENSG00000083099,silver,silver,29
ENSG00000083123,dimgrey,dimgrey,11
ENSG00000083168,darkgrey,darkgrey,7
ENSG00000083223,gainsboro,gainsboro,13
ENSG00000083290,sienna,sienna,28
ENSG00000083312,gainsboro,gainsboro,13
ENSG00000083444,darkgrey,darkgrey,7
ENSG00000083454,dimgrey,dimgrey,11
ENSG00000083457,dimgrey,dimgrey,11
ENSG00000083520,dimgrey,dimgrey,11
ENSG00000083535,sienna,sienna,28
ENSG00000083544,silver,silver,29
ENSG00000083635,dimgrey,dimgrey,11
ENSG00000083642,gainsboro,gainsboro,13
ENSG00000083720,dimgrey,dimgrey,11
ENSG00000083750,darkgrey,darkgrey,7
ENSG00000083799,dimgrey,dimgrey,11
ENSG00000083807,silver,silver,29
ENSG00000083812,silver,silver,29
ENSG00000083814,silver,silver,29
ENSG00000083817,dimgrey,dimgrey,11
ENSG00000083828,seashell,seashell,27
ENSG00000083844,darkgrey,darkgrey,7
ENSG00000083845,silver,silver,29
ENSG00000083857,darkred,darkred,9
ENSG00000083896,gainsboro,gainsboro,13
ENSG00000083937,chocolate,chocolate,5
ENSG00000084070,dimgrey,dimgrey,11
ENSG00000084072,darkgrey,darkgrey,7
ENSG00000084073,gainsboro,gainsboro,13
ENSG00000084090,dimgrey,dimgrey,11
ENSG00000084092,dimgrey,dimgrey,11
ENSG00000084093,silver,silver,29
ENSG00000084112,darkgrey,darkgrey,7
ENSG00000084207,darkgrey,darkgrey,7
ENSG00000084234,darksalmon,darksalmon,10
ENSG00000084444,dimgrey,dimgrey,11
ENSG00000084463,white,white,31
ENSG00000084623,dimgrey,dimgrey,11
ENSG00000084636,silver,silver,29
ENSG00000084652,maroon,maroon,16
ENSG00000084676,dimgrey,dimgrey,11
ENSG00000084693,darkgrey,darkgrey,7
ENSG00000084710,darkgrey,darkgrey,7
ENSG00000084731,dimgrey,dimgrey,11
ENSG00000084733,silver,silver,29
ENSG00000084754,darkred,darkred,9
ENSG00000084764,white,white,31
ENSG00000084774,dimgrey,dimgrey,11
ENSG00000085063,silver,silver,29
ENSG00000085117,darkgrey,darkgrey,7
ENSG00000085185,darkgrey,darkgrey,7
ENSG00000085224,gainsboro,gainsboro,13
ENSG00000085231,dimgrey,dimgrey,11
ENSG00000085274,silver,silver,29
ENSG00000085276,chocolate,chocolate,5
ENSG00000085365,darkgrey,darkgrey,7
ENSG00000085377,dimgrey,dimgrey,11
ENSG00000085382,lightcoral,lightcoral,14
ENSG00000085415,silver,silver,29
ENSG00000085433,silver,silver,29
ENSG00000085449,gainsboro,gainsboro,13
ENSG00000085491,darkgrey,darkgrey,7
ENSG00000085511,dimgrey,dimgrey,11
ENSG00000085563,gainsboro,gainsboro,13
ENSG00000085644,dimgrey,dimgrey,11
ENSG00000085662,dimgrey,dimgrey,11
ENSG00000085719,silver,silver,29
ENSG00000085733,gainsboro,gainsboro,13
ENSG00000085760,gainsboro,gainsboro,13
ENSG00000085788,silver,silver,29
ENSG00000085831,darkgrey,darkgrey,7
ENSG00000085832,dimgrey,dimgrey,11
ENSG00000085840,dimgrey,dimgrey,11
ENSG00000085871,darkgrey,darkgrey,7
ENSG00000085872,darkgrey,darkgrey,7
ENSG00000085982,darkgrey,darkgrey,7
ENSG00000085998,silver,silver,29
ENSG00000085999,silver,silver,29
ENSG00000086015,darkgrey,darkgrey,7
ENSG00000086061,dimgrey,dimgrey,11
ENSG00000086062,darkgrey,darkgrey,7
ENSG00000086065,darkgrey,darkgrey,7
ENSG00000086102,dimgrey,dimgrey,11
ENSG00000086189,darkgrey,darkgrey,7
ENSG00000086200,silver,silver,29
ENSG00000086232,dimgrey,dimgrey,11
ENSG00000086289,dimgrey,dimgrey,11
ENSG00000086475,dimgrey,dimgrey,11
ENSG00000086504,darkred,darkred,9
ENSG00000086544,dimgrey,dimgrey,11
ENSG00000086589,darkgrey,darkgrey,7
ENSG00000086598,dimgrey,dimgrey,11
ENSG00000086619,gainsboro,gainsboro,13
ENSG00000086666,dimgrey,dimgrey,11
ENSG00000086696,firebrick,firebrick,12
ENSG00000086712,dimgrey,dimgrey,11
ENSG00000086730,darkgrey,darkgrey,7
ENSG00000086758,darkgrey,darkgrey,7
ENSG00000086827,darkgrey,darkgrey,7
ENSG00000086848,silver,silver,29
ENSG00000086991,maroon,maroon,16
ENSG00000087008,darkgrey,darkgrey,7
ENSG00000087053,dimgrey,dimgrey,11
ENSG00000087074,darkgrey,darkgrey,7
ENSG00000087076,darkgrey,darkgrey,7
ENSG00000087077,silver,silver,29
ENSG00000087086,silver,silver,29
ENSG00000087087,darkgrey,darkgrey,7
ENSG00000087088,darkgrey,darkgrey,7
ENSG00000087095,silver,silver,29
ENSG00000087111,dimgrey,dimgrey,11
ENSG00000087116,silver,silver,29
ENSG00000087152,dimgrey,dimgrey,11
ENSG00000087157,dimgrey,dimgrey,11
ENSG00000087191,dimgrey,dimgrey,11
ENSG00000087206,darkgrey,darkgrey,7
ENSG00000087245,lightcoral,lightcoral,14
ENSG00000087253,silver,silver,29
ENSG00000087258,dimgrey,dimgrey,11
ENSG00000087263,gainsboro,gainsboro,13
ENSG00000087266,dimgrey,dimgrey,11
ENSG00000087269,dimgrey,dimgrey,11
ENSG00000087274,silver,silver,29
ENSG00000087299,darkgrey,darkgrey,7
ENSG00000087301,maroon,maroon,16
ENSG00000087302,dimgrey,dimgrey,11
ENSG00000087303,gainsboro,gainsboro,13
ENSG00000087338,darkgrey,darkgrey,7
ENSG00000087365,gainsboro,gainsboro,13
ENSG00000087448,dimgrey,dimgrey,11
ENSG00000087460,dimgrey,dimgrey,11
ENSG00000087470,darkgrey,darkgrey,7
ENSG00000087502,silver,silver,29
ENSG00000087510,darkgrey,darkgrey,7
ENSG00000087586,darkgrey,darkgrey,7
ENSG00000087589,darkgrey,darkgrey,7
ENSG00000087842,lightcoral,lightcoral,14
ENSG00000087884,darkgrey,darkgrey,7
ENSG00000087903,darkgrey,darkgrey,7
ENSG00000087995,dimgrey,dimgrey,11
ENSG00000088035,dimgrey,dimgrey,11
ENSG00000088038,maroon,maroon,16
ENSG00000088179,darkgrey,darkgrey,7
ENSG00000088205,gainsboro,gainsboro,13
ENSG00000088247,dimgrey,dimgrey,11
ENSG00000088256,darkgrey,darkgrey,7
ENSG00000088298,darkgrey,darkgrey,7
ENSG00000088305,lightcoral,lightcoral,14
ENSG00000088325,darkgrey,darkgrey,7
ENSG00000088356,dimgrey,dimgrey,11
ENSG00000088367,darkgrey,darkgrey,7
ENSG00000088387,maroon,maroon,16
ENSG00000088448,dimgrey,dimgrey,11
ENSG00000088451,silver,silver,29
ENSG00000088543,maroon,maroon,16
ENSG00000088682,silver,silver,29
ENSG00000088727,dimgrey,dimgrey,11
ENSG00000088756,dimgrey,dimgrey,11
ENSG00000088766,dimgrey,dimgrey,11
ENSG00000088808,maroon,maroon,16
ENSG00000088812,dimgrey,dimgrey,11
ENSG00000088826,dimgrey,dimgrey,11
ENSG00000088832,dimgrey,dimgrey,11
ENSG00000088833,darkgrey,darkgrey,7
ENSG00000088836,white,white,31
ENSG00000088854,blanchedalmond,blanchedalmond,2
ENSG00000088876,silver,silver,29
ENSG00000088888,darkgrey,darkgrey,7
ENSG00000088899,maroon,maroon,16
ENSG00000088930,darkgrey,darkgrey,7
ENSG00000088970,dimgrey,dimgrey,11
ENSG00000088986,silver,silver,29
ENSG00000089006,darkgrey,darkgrey,7
ENSG00000089009,dimgrey,dimgrey,11
ENSG00000089022,darksalmon,darksalmon,10
ENSG00000089041,darkgrey,darkgrey,7
ENSG00000089048,darkgrey,darkgrey,7
ENSG00000089050,silver,silver,29
ENSG00000089053,darkgrey,darkgrey,7
ENSG00000089057,darkgrey,darkgrey,7
ENSG00000089060,dimgrey,dimgrey,11
ENSG00000089063,dimgrey,dimgrey,11
ENSG00000089091,dimgrey,dimgrey,11
ENSG00000089094,white,white,31
ENSG00000089123,gainsboro,gainsboro,13
ENSG00000089127,darkgrey,darkgrey,7
ENSG00000089154,darkgrey,darkgrey,7
ENSG00000089157,dimgrey,dimgrey,11
ENSG00000089159,dimgrey,dimgrey,11
ENSG00000089163,gainsboro,gainsboro,13
ENSG00000089177,gainsboro,gainsboro,13
ENSG00000089195,dimgrey,dimgrey,11
ENSG00000089220,gainsboro,gainsboro,13
ENSG00000089225,darkgrey,darkgrey,7
ENSG00000089234,brown,brown,3
ENSG00000089248,silver,silver,29
ENSG00000089280,dimgrey,dimgrey,11
ENSG00000089289,dimgrey,dimgrey,11
ENSG00000089327,darkgrey,darkgrey,7
ENSG00000089335,dimgrey,dimgrey,11
ENSG00000089351,darkgrey,darkgrey,7
ENSG00000089472,dimgrey,dimgrey,11
ENSG00000089597,darkgrey,darkgrey,7
ENSG00000089639,white,white,31
ENSG00000089682,gainsboro,gainsboro,13
ENSG00000089685,dimgrey,dimgrey,11
ENSG00000089692,silver,silver,29
ENSG00000089693,dimgrey,dimgrey,11
ENSG00000089737,silver,silver,29
ENSG00000089775,darkgrey,darkgrey,7
ENSG00000089818,dimgrey,dimgrey,11
ENSG00000089847,dimgrey,dimgrey,11
ENSG00000089876,dimgrey,dimgrey,11
ENSG00000089902,silver,silver,29
ENSG00000089916,gainsboro,gainsboro,13
ENSG00000090006,dimgrey,dimgrey,11
ENSG00000090013,dimgrey,dimgrey,11
ENSG00000090020,darkgrey,darkgrey,7
ENSG00000090054,darkgrey,darkgrey,7
ENSG00000090060,silver,silver,29
ENSG00000090061,gainsboro,gainsboro,13
ENSG00000090097,dimgrey,dimgrey,11
ENSG00000090238,dimgrey,dimgrey,11
ENSG00000090263,dimgrey,dimgrey,11
ENSG00000090266,dimgrey,dimgrey,11
ENSG00000090273,dimgrey,dimgrey,11
ENSG00000090316,dimgrey,dimgrey,11
ENSG00000090339,silver,silver,29
ENSG00000090372,silver,silver,29
ENSG00000090376,gainsboro,gainsboro,13
ENSG00000090432,silver,silver,29
ENSG00000090447,dimgrey,dimgrey,11
ENSG00000090470,darkred,darkred,9
ENSG00000090487,darkgrey,darkgrey,7
ENSG00000090520,dimgrey,dimgrey,11
ENSG00000090530,silver,silver,29
ENSG00000090539,dimgrey,dimgrey,11
ENSG00000090565,silver,silver,29
ENSG00000090581,darkgrey,darkgrey,7
ENSG00000090612,dimgrey,dimgrey,11
ENSG00000090615,darkgrey,darkgrey,7
ENSG00000090621,gainsboro,gainsboro,13
ENSG00000090674,darkgrey,darkgrey,7
ENSG00000090686,darkgrey,darkgrey,7
ENSG00000090776,dimgrey,dimgrey,11
ENSG00000090857,darkgrey,darkgrey,7
ENSG00000090861,darkgrey,darkgrey,7
ENSG00000090863,darkgrey,darkgrey,7
ENSG00000090889,darkgrey,darkgrey,7
ENSG00000090905,firebrick,firebrick,12
ENSG00000090924,darkgrey,darkgrey,7
ENSG00000090932,silver,silver,29
ENSG00000090971,darkgrey,darkgrey,7
ENSG00000090975,darkgrey,darkgrey,7
ENSG00000090989,dimgrey,dimgrey,11
ENSG00000091009,dimgrey,dimgrey,11
ENSG00000091039,silver,silver,29
ENSG00000091106,silver,silver,29
ENSG00000091127,dimgrey,dimgrey,11
ENSG00000091136,dimgrey,dimgrey,11
ENSG00000091137,lightcoral,lightcoral,14
ENSG00000091140,dimgrey,dimgrey,11
ENSG00000091157,silver,silver,29
ENSG00000091164,silver,silver,29
ENSG00000091317,darkgrey,darkgrey,7
ENSG00000091409,dimgrey,dimgrey,11
ENSG00000091436,dimgrey,dimgrey,11
ENSG00000091483,dimgrey,dimgrey,11
ENSG00000091490,silver,silver,29
ENSG00000091527,dimgrey,dimgrey,11
ENSG00000091542,darkgrey,darkgrey,7
ENSG00000091592,dimgrey,dimgrey,11
ENSG00000091622,silver,silver,29
ENSG00000091640,darkgrey,darkgrey,7
ENSG00000091651,dimgrey,dimgrey,11
ENSG00000091656,gainsboro,gainsboro,13
ENSG00000091732,gainsboro,gainsboro,13
ENSG00000091844,silver,silver,29
ENSG00000091879,lightcoral,lightcoral,14
ENSG00000091947,white,white,31
ENSG00000091986,dimgrey,dimgrey,11
ENSG00000092010,white,white,31
ENSG00000092020,dimgrey,dimgrey,11
ENSG00000092036,dimgrey,dimgrey,11
ENSG00000092094,silver,silver,29
ENSG00000092096,darkgrey,darkgrey,7
ENSG00000092108,gainsboro,gainsboro,13
ENSG00000092140,gainsboro,gainsboro,13
ENSG00000092148,orangered,orangered,20
ENSG00000092199,darkgrey,darkgrey,7
ENSG00000092201,darkgrey,darkgrey,7
ENSG00000092203,darkgrey,darkgrey,7
ENSG00000092208,moccasin,moccasin,17
ENSG00000092330,saddlebrown,saddlebrown,25
ENSG00000092421,dimgrey,dimgrey,11
ENSG00000092439,gainsboro,gainsboro,13
ENSG00000092445,dimgrey,dimgrey,11
ENSG00000092470,silver,silver,29
ENSG00000092529,dimgrey,dimgrey,11
ENSG00000092531,silver,silver,29
ENSG00000092621,dimgrey,dimgrey,11
ENSG00000092820,dimgrey,dimgrey,11
ENSG00000092841,dimgrey,dimgrey,11
ENSG00000092847,gainsboro,gainsboro,13
ENSG00000092853,darkgrey,darkgrey,7
ENSG00000092871,darkgrey,darkgrey,7
ENSG00000092931,silver,silver,29
ENSG00000092964,dimgrey,dimgrey,11
ENSG00000092969,brown,brown,3
ENSG00000092978,darkgrey,darkgrey,7
ENSG00000093000,silver,silver,29
ENSG00000093009,dimgrey,dimgrey,11
ENSG00000093010,darkgrey,darkgrey,7
ENSG00000093072,dimgrey,dimgrey,11
ENSG00000093144,dimgrey,dimgrey,11
ENSG00000093167,dimgrey,dimgrey,11
ENSG00000093183,saddlebrown,saddlebrown,25
ENSG00000093217,dimgrey,dimgrey,11
ENSG00000094631,dimgrey,dimgrey,11
ENSG00000094804,silver,silver,29
ENSG00000094841,dimgrey,dimgrey,11
ENSG00000094880,lightcoral,lightcoral,14
ENSG00000094914,silver,silver,29
ENSG00000094916,gainsboro,gainsboro,13
ENSG00000094975,gainsboro,gainsboro,13
ENSG00000095002,silver,silver,29
ENSG00000095015,white,white,31
ENSG00000095066,dimgrey,dimgrey,11
ENSG00000095139,dimgrey,dimgrey,11
ENSG00000095203,dimgrey,dimgrey,11
ENSG00000095209,silver,silver,29
ENSG00000095261,dimgrey,dimgrey,11
ENSG00000095303,dimgrey,dimgrey,11
ENSG00000095319,firebrick,firebrick,12
ENSG00000095321,gainsboro,gainsboro,13
ENSG00000095370,peachpuff,peachpuff,22
ENSG00000095380,dimgrey,dimgrey,11
ENSG00000095383,dimgrey,dimgrey,11
ENSG00000095397,silver,silver,29
ENSG00000095485,silver,silver,29
ENSG00000095564,dimgrey,dimgrey,11
ENSG00000095574,silver,silver,29
ENSG00000095627,dimgrey,dimgrey,11
ENSG00000095739,silver,silver,29
ENSG00000095752,dimgrey,dimgrey,11
ENSG00000095787,dimgrey,dimgrey,11
ENSG00000095794,silver,silver,29
ENSG00000095906,dimgrey,dimgrey,11
ENSG00000095951,darkgrey,darkgrey,7
ENSG00000096060,silver,silver,29
ENSG00000096063,gainsboro,gainsboro,13
ENSG00000096070,dimgrey,dimgrey,11
ENSG00000096092,silver,silver,29
ENSG00000096093,dimgrey,dimgrey,11
ENSG00000096384,red,red,24
ENSG00000096401,dimgrey,dimgrey,11
ENSG00000096433,darkgrey,darkgrey,7
ENSG00000096654,peachpuff,peachpuff,22
ENSG00000096696,darkgrey,darkgrey,7
ENSG00000096717,maroon,maroon,16
ENSG00000096746,dimgrey,dimgrey,11
ENSG00000096872,dimgrey,dimgrey,11
ENSG00000096968,darkgrey,darkgrey,7
ENSG00000096996,dimgrey,dimgrey,11
ENSG00000097007,maroon,maroon,16
ENSG00000097021,dimgrey,dimgrey,11
ENSG00000097033,silver,silver,29
ENSG00000097046,dimgrey,dimgrey,11
ENSG00000097096,lightcoral,lightcoral,14
ENSG00000099139,dimgrey,dimgrey,11
ENSG00000099194,darkgrey,darkgrey,7
ENSG00000099204,papayawhip,papayawhip,21
ENSG00000099219,gainsboro,gainsboro,13
ENSG00000099246,darkgrey,darkgrey,7
ENSG00000099250,silver,silver,29
ENSG00000099256,dimgrey,dimgrey,11
ENSG00000099260,dimgrey,dimgrey,11
ENSG00000099284,dimgrey,dimgrey,11
ENSG00000099290,dimgrey,dimgrey,11
ENSG00000099308,silver,silver,29
ENSG00000099326,silver,silver,29
ENSG00000099330,dimgrey,dimgrey,11
ENSG00000099331,darkgrey,darkgrey,7
ENSG00000099337,dimgrey,dimgrey,11
ENSG00000099341,dimgrey,dimgrey,11
ENSG00000099364,gainsboro,gainsboro,13
ENSG00000099365,gainsboro,gainsboro,13
ENSG00000099377,darkgrey,darkgrey,7
ENSG00000099381,gainsboro,gainsboro,13
ENSG00000099385,darkgrey,darkgrey,7
ENSG00000099622,silver,silver,29
ENSG00000099624,silver,silver,29
ENSG00000099783,silver,silver,29
ENSG00000099785,silver,silver,29
ENSG00000099795,orangered,orangered,20
ENSG00000099797,dimgrey,dimgrey,11
ENSG00000099800,darkgrey,darkgrey,7
ENSG00000099804,darkgrey,darkgrey,7
ENSG00000099810,dimgrey,dimgrey,11
ENSG00000099814,darkgrey,darkgrey,7
ENSG00000099817,dimgrey,dimgrey,11
ENSG00000099821,silver,silver,29
ENSG00000099822,darkgrey,darkgrey,7
ENSG00000099840,darkgrey,darkgrey,7
ENSG00000099860,darkgrey,darkgrey,7
ENSG00000099864,darkgrey,darkgrey,7
ENSG00000099875,darkgrey,darkgrey,7
ENSG00000099899,silver,silver,29
ENSG00000099901,gainsboro,gainsboro,13
ENSG00000099904,dimgrey,dimgrey,11
ENSG00000099910,darkgrey,darkgrey,7
ENSG00000099917,gainsboro,gainsboro,13
ENSG00000099940,dimgrey,dimgrey,11
ENSG00000099942,dimgrey,dimgrey,11
ENSG00000099949,darkgrey,darkgrey,7
ENSG00000099956,orange,orange,19
ENSG00000099957,maroon,maroon,16
ENSG00000099968,darkgrey,darkgrey,7
ENSG00000099991,darkgrey,darkgrey,7
ENSG00000099992,firebrick,firebrick,12
ENSG00000099994,dimgrey,dimgrey,11
ENSG00000099995,dimgrey,dimgrey,11
ENSG00000099998,silver,silver,29
ENSG00000099999,gainsboro,gainsboro,13
ENSG00000100003,maroon,maroon,16
ENSG00000100014,silver,silver,29
ENSG00000100023,darkgrey,darkgrey,7
ENSG00000100027,gainsboro,gainsboro,13
ENSG00000100028,darkgrey,darkgrey,7
ENSG00000100029,darkgrey,darkgrey,7
ENSG00000100030,silver,silver,29
ENSG00000100034,white,white,31
ENSG00000100036,gainsboro,gainsboro,13
ENSG00000100056,white,white,31
ENSG00000100065,darkgrey,darkgrey,7
ENSG00000100075,dimgrey,dimgrey,11
ENSG00000100077,maroon,maroon,16
ENSG00000100079,darkgrey,darkgrey,7
ENSG00000100083,darkgrey,darkgrey,7
ENSG00000100084,gainsboro,gainsboro,13
ENSG00000100092,darkgrey,darkgrey,7
ENSG00000100097,dimgrey,dimgrey,11
ENSG00000100099,dimgrey,dimgrey,11
ENSG00000100100,darkgrey,darkgrey,7
ENSG00000100104,darkgrey,darkgrey,7
ENSG00000100105,darkgrey,darkgrey,7
ENSG00000100106,silver,silver,29
ENSG00000100109,darkgrey,darkgrey,7
ENSG00000100116,darkgrey,darkgrey,7
ENSG00000100124,dimgrey,dimgrey,11
ENSG00000100138,dimgrey,dimgrey,11
ENSG00000100139,white,white,31
ENSG00000100142,dimgrey,dimgrey,11
ENSG00000100147,darkgrey,darkgrey,7
ENSG00000100150,dimgrey,dimgrey,11
ENSG00000100151,dimgrey,dimgrey,11
ENSG00000100154,silver,silver,29
ENSG00000100162,dimgrey,dimgrey,11
ENSG00000100196,silver,silver,29
ENSG00000100201,firebrick,firebrick,12
ENSG00000100206,maroon,maroon,16
ENSG00000100209,dimgrey,dimgrey,11
ENSG00000100211,darkgrey,darkgrey,7
ENSG00000100216,darkgrey,darkgrey,7
ENSG00000100219,dimgrey,dimgrey,11
ENSG00000100220,silver,silver,29
ENSG00000100221,darkgrey,darkgrey,7
ENSG00000100225,darkgrey,darkgrey,7
ENSG00000100226,silver,silver,29
ENSG00000100227,darkgrey,darkgrey,7
ENSG00000100228,papayawhip,papayawhip,21
ENSG00000100234,darkgrey,darkgrey,7
ENSG00000100239,white,white,31
ENSG00000100241,darkgrey,darkgrey,7
ENSG00000100242,darkgrey,darkgrey,7
ENSG00000100243,darkgrey,darkgrey,7
ENSG00000100246,darkgrey,darkgrey,7
ENSG00000100258,darkgrey,darkgrey,7
ENSG00000100263,gainsboro,gainsboro,13
ENSG00000100266,dimgrey,dimgrey,11
ENSG00000100280,darkgrey,darkgrey,7
ENSG00000100281,silver,silver,29
ENSG00000100284,darkgrey,darkgrey,7
ENSG00000100285,gainsboro,gainsboro,13
ENSG00000100288,maroon,maroon,16
ENSG00000100292,darkgrey,darkgrey,7
ENSG00000100294,darkgrey,darkgrey,7
ENSG00000100296,darkgrey,darkgrey,7
ENSG00000100297,dimgrey,dimgrey,11
ENSG00000100299,darkgrey,darkgrey,7
ENSG00000100300,dimgrey,dimgrey,11
ENSG00000100302,dimgrey,dimgrey,11
ENSG00000100304,darkgrey,darkgrey,7
ENSG00000100307,darkgrey,darkgrey,7
ENSG00000100316,dimgrey,dimgrey,11
ENSG00000100320,dimgrey,dimgrey,11
ENSG00000100321,silver,silver,29
ENSG00000100324,dimgrey,dimgrey,11
ENSG00000100325,darkgrey,darkgrey,7
ENSG00000100330,darkgrey,darkgrey,7
ENSG00000100335,gainsboro,gainsboro,13
ENSG00000100342,white,white,31
ENSG00000100344,darkgrey,darkgrey,7
ENSG00000100345,darkgrey,darkgrey,7
ENSG00000100347,gainsboro,gainsboro,13
ENSG00000100348,darkgrey,darkgrey,7
ENSG00000100350,darkgrey,darkgrey,7
ENSG00000100353,darkgrey,darkgrey,7
ENSG00000100354,gainsboro,gainsboro,13
ENSG00000100359,darkgrey,darkgrey,7
ENSG00000100360,darkgrey,darkgrey,7
ENSG00000100364,darkgrey,darkgrey,7
ENSG00000100372,dimgrey,dimgrey,11
ENSG00000100376,darkgrey,darkgrey,7
ENSG00000100379,darkgrey,darkgrey,7
ENSG00000100380,red,red,24
ENSG00000100387,lightcoral,lightcoral,14
ENSG00000100393,dimgrey,dimgrey,11
ENSG00000100395,silver,silver,29
ENSG00000100401,dimgrey,dimgrey,11
ENSG00000100403,darkgrey,darkgrey,7
ENSG00000100410,darkgrey,darkgrey,7
ENSG00000100412,lightcoral,lightcoral,14
ENSG00000100413,dimgrey,dimgrey,11
ENSG00000100416,silver,silver,29
ENSG00000100417,white,white,31
ENSG00000100418,silver,silver,29
ENSG00000100422,dimgrey,dimgrey,11
ENSG00000100425,dimgrey,dimgrey,11
ENSG00000100426,silver,silver,29
ENSG00000100429,darkgrey,darkgrey,7
ENSG00000100439,silver,silver,29
ENSG00000100441,silver,silver,29
ENSG00000100442,red,red,24
ENSG00000100461,dimgrey,dimgrey,11
ENSG00000100462,dimgrey,dimgrey,11
ENSG00000100478,gainsboro,gainsboro,13
ENSG00000100479,dimgrey,dimgrey,11
ENSG00000100483,dimgrey,dimgrey,11
ENSG00000100485,dimgrey,dimgrey,11
ENSG00000100490,brown,brown,3
ENSG00000100503,gainsboro,gainsboro,13
ENSG00000100504,gainsboro,gainsboro,13
ENSG00000100519,dimgrey,dimgrey,11
ENSG00000100522,silver,silver,29
ENSG00000100523,darkgrey,darkgrey,7
ENSG00000100526,dimgrey,dimgrey,11
ENSG00000100528,dimgrey,dimgrey,11
ENSG00000100532,silver,silver,29
ENSG00000100554,silver,silver,29
ENSG00000100558,dimgrey,dimgrey,11
ENSG00000100564,saddlebrown,saddlebrown,25
ENSG00000100567,dimgrey,dimgrey,11
ENSG00000100568,silver,silver,29
ENSG00000100575,dimgrey,dimgrey,11
ENSG00000100577,darkgrey,darkgrey,7
ENSG00000100578,darkgrey,darkgrey,7
ENSG00000100580,darkgrey,darkgrey,7
ENSG00000100583,maroon,maroon,16
ENSG00000100591,darkgrey,darkgrey,7
ENSG00000100592,dimgrey,dimgrey,11
ENSG00000100596,darksalmon,darksalmon,10
ENSG00000100599,dimgrey,dimgrey,11
ENSG00000100600,dimgrey,dimgrey,11
ENSG00000100601,maroon,maroon,16
ENSG00000100603,darkgrey,darkgrey,7
ENSG00000100612,dimgrey,dimgrey,11
ENSG00000100614,brown,brown,3
ENSG00000100625,darkgrey,darkgrey,7
ENSG00000100626,silver,silver,29
ENSG00000100629,gainsboro,gainsboro,13
ENSG00000100632,darkgrey,darkgrey,7
ENSG00000100644,red,red,24
ENSG00000100647,darkgrey,darkgrey,7
ENSG00000100650,darkgrey,darkgrey,7
ENSG00000100664,silver,silver,29
ENSG00000100697,gainsboro,gainsboro,13
ENSG00000100711,silver,silver,29
ENSG00000100714,dimgrey,dimgrey,11
ENSG00000100722,dimgrey,dimgrey,11
ENSG00000100726,gainsboro,gainsboro,13
ENSG00000100731,darkgrey,darkgrey,7
ENSG00000100739,dimgrey,dimgrey,11
ENSG00000100744,silver,silver,29
ENSG00000100749,gainsboro,gainsboro,13
ENSG00000100764,gainsboro,gainsboro,13
ENSG00000100767,darkgrey,darkgrey,7
ENSG00000100784,firebrick,firebrick,12
ENSG00000100796,silver,silver,29
ENSG00000100802,darkgrey,darkgrey,7
ENSG00000100804,silver,silver,29
ENSG00000100811,gainsboro,gainsboro,13
ENSG00000100813,gainsboro,gainsboro,13
ENSG00000100814,dimgrey,dimgrey,11
ENSG00000100815,red,red,24
ENSG00000100823,dimgrey,dimgrey,11
ENSG00000100836,dimgrey,dimgrey,11
ENSG00000100842,silver,silver,29
ENSG00000100852,darkred,darkred,9
ENSG00000100865,dimgrey,dimgrey,11
ENSG00000100867,darkgrey,darkgrey,7
ENSG00000100883,dimgrey,dimgrey,11
ENSG00000100888,dimgrey,dimgrey,11
ENSG00000100890,gainsboro,gainsboro,13
ENSG00000100902,dimgrey,dimgrey,11
ENSG00000100906,darkgrey,darkgrey,7
ENSG00000100908,dimgrey,dimgrey,11
ENSG00000100911,dimgrey,dimgrey,11
ENSG00000100916,silver,silver,29
ENSG00000100934,dimgrey,dimgrey,11
ENSG00000100941,gainsboro,gainsboro,13
ENSG00000100949,dimgrey,dimgrey,11
ENSG00000100968,dimgrey,dimgrey,11
ENSG00000100982,silver,silver,29
ENSG00000100983,white,white,31
ENSG00000100991,dimgrey,dimgrey,11
ENSG00000100994,darkgrey,darkgrey,7
ENSG00000100997,silver,silver,29
ENSG00000101000,dimgrey,dimgrey,11
ENSG00000101003,silver,silver,29
ENSG00000101004,darkgrey,darkgrey,7
ENSG00000101017,darkgrey,darkgrey,7
ENSG00000101019,brown,brown,3
ENSG00000101040,darkgrey,darkgrey,7
ENSG00000101052,dimgrey,dimgrey,11
ENSG00000101057,darkgrey,darkgrey,7
ENSG00000101079,darkgrey,darkgrey,7
ENSG00000101096,firebrick,firebrick,12
ENSG00000101104,silver,silver,29
ENSG00000101109,dimgrey,dimgrey,11
ENSG00000101126,maroon,maroon,16
ENSG00000101132,darkgrey,darkgrey,7
ENSG00000101134,lightcoral,lightcoral,14
ENSG00000101138,darkgrey,darkgrey,7
ENSG00000101146,darkgrey,darkgrey,7
ENSG00000101150,darkgrey,darkgrey,7
ENSG00000101152,darkgrey,darkgrey,7
ENSG00000101160,darkgrey,darkgrey,7
ENSG00000101161,darkgrey,darkgrey,7
ENSG00000101166,silver,silver,29
ENSG00000101181,darkgrey,darkgrey,7
ENSG00000101182,gainsboro,gainsboro,13
ENSG00000101187,darkgrey,darkgrey,7
ENSG00000101189,gainsboro,gainsboro,13
ENSG00000101190,darkgrey,darkgrey,7
ENSG00000101191,white,white,31
ENSG00000101193,darkgrey,darkgrey,7
ENSG00000101194,silver,silver,29
ENSG00000101199,dimgrey,dimgrey,11
ENSG00000101210,dimgrey,dimgrey,11
ENSG00000101216,darkgrey,darkgrey,7
ENSG00000101220,white,white,31
ENSG00000101224,dimgrey,dimgrey,11
ENSG00000101236,darkgrey,darkgrey,7
ENSG00000101246,dimgrey,dimgrey,11
ENSG00000101247,dimgrey,dimgrey,11
ENSG00000101255,dimgrey,dimgrey,11
ENSG00000101265,silver,silver,29
ENSG00000101266,darkgrey,darkgrey,7
ENSG00000101290,dimgrey,dimgrey,11
ENSG00000101294,darkgrey,darkgrey,7
ENSG00000101298,darkgrey,darkgrey,7
ENSG00000101310,silver,silver,29
ENSG00000101311,darkgrey,darkgrey,7
ENSG00000101333,silver,silver,29
ENSG00000101335,darkgrey,darkgrey,7
ENSG00000101337,darkgrey,darkgrey,7
ENSG00000101342,dimgrey,dimgrey,11
ENSG00000101343,dimgrey,dimgrey,11
ENSG00000101346,dimgrey,dimgrey,11
ENSG00000101347,dimgrey,dimgrey,11
ENSG00000101350,darkgrey,darkgrey,7
ENSG00000101361,dimgrey,dimgrey,11
ENSG00000101363,gainsboro,gainsboro,13
ENSG00000101365,dimgrey,dimgrey,11
ENSG00000101367,dimgrey,dimgrey,11
ENSG00000101384,darkgrey,darkgrey,7
ENSG00000101391,darkgrey,darkgrey,7
ENSG00000101400,darkgrey,darkgrey,7
ENSG00000101407,dimgrey,dimgrey,11
ENSG00000101412,darkgrey,darkgrey,7
ENSG00000101413,firebrick,firebrick,12
ENSG00000101417,darkgrey,darkgrey,7
ENSG00000101421,darkgrey,darkgrey,7
ENSG00000101439,dimgrey,dimgrey,11
ENSG00000101442,darkgrey,darkgrey,7
ENSG00000101444,dimgrey,dimgrey,11
ENSG00000101447,maroon,maroon,16
ENSG00000101452,silver,silver,29
ENSG00000101457,dimgrey,dimgrey,11
ENSG00000101460,darkgrey,darkgrey,7
ENSG00000101464,darkgrey,darkgrey,7
ENSG00000101470,darkgrey,darkgrey,7
ENSG00000101473,dimgrey,dimgrey,11
ENSG00000101474,dimgrey,dimgrey,11
ENSG00000101493,chocolate,chocolate,5
ENSG00000101542,dimgrey,dimgrey,11
ENSG00000101544,darkgrey,darkgrey,7
ENSG00000101546,darkgrey,darkgrey,7
ENSG00000101557,darkgrey,darkgrey,7
ENSG00000101558,dimgrey,dimgrey,11
ENSG00000101574,silver,silver,29
ENSG00000101577,silver,silver,29
ENSG00000101596,silver,silver,29
ENSG00000101608,silver,silver,29
ENSG00000101624,gainsboro,gainsboro,13
ENSG00000101639,lightcoral,lightcoral,14
ENSG00000101654,darkgrey,darkgrey,7
ENSG00000101665,silver,silver,29
ENSG00000101680,darkgrey,darkgrey,7
ENSG00000101745,gainsboro,gainsboro,13
ENSG00000101751,dimgrey,dimgrey,11
ENSG00000101752,gainsboro,gainsboro,13
ENSG00000101773,silver,silver,29
ENSG00000101782,darkgrey,darkgrey,7
ENSG00000101811,silver,silver,29
ENSG00000101825,darkgrey,darkgrey,7
ENSG00000101843,dimgrey,dimgrey,11
ENSG00000101844,darkgrey,darkgrey,7
ENSG00000101846,dimgrey,dimgrey,11
ENSG00000101849,darkgrey,darkgrey,7
ENSG00000101850,dimgrey,dimgrey,11
ENSG00000101856,dimgrey,dimgrey,11
ENSG00000101868,dimgrey,dimgrey,11
ENSG00000101871,silver,silver,29
ENSG00000101882,dimgrey,dimgrey,11
ENSG00000101888,darkgrey,darkgrey,7
ENSG00000101901,dimgrey,dimgrey,11
ENSG00000101911,dimgrey,dimgrey,11
ENSG00000101928,dimgrey,dimgrey,11
ENSG00000101935,dimgrey,dimgrey,11
ENSG00000101938,saddlebrown,saddlebrown,25
ENSG00000101940,darkgrey,darkgrey,7
ENSG00000101945,darkred,darkred,9
ENSG00000101955,silver,silver,29
ENSG00000101966,dimgrey,dimgrey,11
ENSG00000101972,gainsboro,gainsboro,13
ENSG00000101974,dimgrey,dimgrey,11
ENSG00000101986,silver,silver,29
ENSG00000101997,dimgrey,dimgrey,11
ENSG00000102003,darkgrey,darkgrey,7
ENSG00000102007,dimgrey,dimgrey,11
ENSG00000102024,silver,silver,29
ENSG00000102030,dimgrey,dimgrey,11
ENSG00000102032,darkgrey,darkgrey,7
ENSG00000102034,dimgrey,dimgrey,11
ENSG00000102038,gainsboro,gainsboro,13
ENSG00000102053,blanchedalmond,blanchedalmond,2
ENSG00000102054,darkgrey,darkgrey,7
ENSG00000102078,darkgrey,darkgrey,7
ENSG00000102081,darkgrey,darkgrey,7
ENSG00000102098,sienna,sienna,28
ENSG00000102103,dimgrey,dimgrey,11
ENSG00000102119,darkgrey,darkgrey,7
ENSG00000102125,darkgrey,darkgrey,7
ENSG00000102144,dimgrey,dimgrey,11
ENSG00000102158,silver,silver,29
ENSG00000102172,gainsboro,gainsboro,13
ENSG00000102174,darkgrey,darkgrey,7
ENSG00000102178,coral,coral,6
ENSG00000102181,darkgrey,darkgrey,7
ENSG00000102189,darkred,darkred,9
ENSG00000102218,silver,silver,29
ENSG00000102221,silver,silver,29
ENSG00000102225,darkgrey,darkgrey,7
ENSG00000102226,firebrick,firebrick,12
ENSG00000102241,dimgrey,dimgrey,11
ENSG00000102265,silver,silver,29
ENSG00000102287,silver,silver,29
ENSG00000102309,silver,silver,29
ENSG00000102312,darkgrey,darkgrey,7
ENSG00000102316,dimgrey,dimgrey,11
ENSG00000102317,silver,silver,29
ENSG00000102349,darkgrey,darkgrey,7
ENSG00000102359,silver,silver,29
ENSG00000102362,darkgrey,darkgrey,7
ENSG00000102384,darkgrey,darkgrey,7
ENSG00000102385,darkgrey,darkgrey,7
ENSG00000102387,gainsboro,gainsboro,13
ENSG00000102390,darkgrey,darkgrey,7
ENSG00000102393,dimgrey,dimgrey,11
ENSG00000102401,gainsboro,gainsboro,13
ENSG00000102409,dimgrey,dimgrey,11
ENSG00000102452,darkgrey,darkgrey,7
ENSG00000102466,silver,silver,29
ENSG00000102471,silver,silver,29
ENSG00000102524,gainsboro,gainsboro,13
ENSG00000102531,silver,silver,29
ENSG00000102543,dimgrey,dimgrey,11
ENSG00000102547,silver,silver,29
ENSG00000102554,darkgrey,darkgrey,7
ENSG00000102572,silver,silver,29
ENSG00000102575,silver,silver,29
ENSG00000102580,darkgrey,darkgrey,7
ENSG00000102595,dimgrey,dimgrey,11
ENSG00000102606,dimgrey,dimgrey,11
ENSG00000102678,darkgrey,darkgrey,7
ENSG00000102699,dimgrey,dimgrey,11
ENSG00000102710,darkgrey,darkgrey,7
ENSG00000102738,gainsboro,gainsboro,13
ENSG00000102743,silver,silver,29
ENSG00000102753,coral,coral,6
ENSG00000102755,dimgrey,dimgrey,11
ENSG00000102760,silver,silver,29
ENSG00000102763,dimgrey,dimgrey,11
ENSG00000102780,gainsboro,gainsboro,13
ENSG00000102781,silver,silver,29
ENSG00000102786,gainsboro,gainsboro,13
ENSG00000102796,dimgrey,dimgrey,11
ENSG00000102802,darkgrey,darkgrey,7
ENSG00000102804,dimgrey,dimgrey,11
ENSG00000102805,firebrick,firebrick,12
ENSG00000102858,darkgrey,darkgrey,7
ENSG00000102870,lightcoral,lightcoral,14
ENSG00000102871,silver,silver,29
ENSG00000102878,dimgrey,dimgrey,11
ENSG00000102882,darkgrey,darkgrey,7
ENSG00000102890,white,white,31
ENSG00000102893,silver,silver,29
ENSG00000102897,silver,silver,29
ENSG00000102898,darkgrey,darkgrey,7
ENSG00000102900,darkgrey,darkgrey,7
ENSG00000102901,gainsboro,gainsboro,13
ENSG00000102904,silver,silver,29
ENSG00000102908,dimgrey,dimgrey,11
ENSG00000102910,dimgrey,dimgrey,11
ENSG00000102921,darkgrey,darkgrey,7
ENSG00000102934,dimgrey,dimgrey,11
ENSG00000102935,peachpuff,peachpuff,22
ENSG00000102967,dimgrey,dimgrey,11
ENSG00000102974,darkgrey,darkgrey,7
ENSG00000102977,dimgrey,dimgrey,11
ENSG00000102978,dimgrey,dimgrey,11
ENSG00000102981,darkgrey,darkgrey,7
ENSG00000102984,dimgrey,dimgrey,11
ENSG00000102996,darkgrey,darkgrey,7
ENSG00000103005,darkgrey,darkgrey,7
ENSG00000103018,silver,silver,29
ENSG00000103021,darkgrey,darkgrey,7
ENSG00000103024,darkgrey,darkgrey,7
ENSG00000103034,silver,silver,29
ENSG00000103035,red,red,24
ENSG00000103037,dimgrey,dimgrey,11
ENSG00000103042,white,white,31
ENSG00000103043,dimgrey,dimgrey,11
ENSG00000103044,darkgrey,darkgrey,7
ENSG00000103047,dimgrey,dimgrey,11
ENSG00000103051,silver,silver,29
ENSG00000103061,silver,silver,29
ENSG00000103064,dimgrey,dimgrey,11
ENSG00000103066,darkgrey,darkgrey,7
ENSG00000103067,silver,silver,29
ENSG00000103091,dimgrey,dimgrey,11
ENSG00000103111,darkgrey,darkgrey,7
ENSG00000103121,dimgrey,dimgrey,11
ENSG00000103126,silver,silver,29
ENSG00000103145,dimgrey,dimgrey,11
ENSG00000103148,dimgrey,dimgrey,11
ENSG00000103150,dimgrey,dimgrey,11
ENSG00000103152,silver,silver,29
ENSG00000103160,darkgrey,darkgrey,7
ENSG00000103168,silver,silver,29
ENSG00000103174,darkgrey,darkgrey,7
ENSG00000103175,dimgrey,dimgrey,11
ENSG00000103187,darkgrey,darkgrey,7
ENSG00000103194,gainsboro,gainsboro,13
ENSG00000103196,silver,silver,29
ENSG00000103197,maroon,maroon,16
ENSG00000103199,darkgrey,darkgrey,7
ENSG00000103202,dimgrey,dimgrey,11
ENSG00000103222,dimgrey,dimgrey,11
ENSG00000103227,darkgrey,darkgrey,7
ENSG00000103241,gainsboro,gainsboro,13
ENSG00000103245,silver,silver,29
ENSG00000103248,dimgrey,dimgrey,11
ENSG00000103249,darkgrey,darkgrey,7
ENSG00000103253,darkgrey,darkgrey,7
ENSG00000103254,dimgrey,dimgrey,11
ENSG00000103257,dimgrey,dimgrey,11
ENSG00000103260,darkgrey,darkgrey,7
ENSG00000103264,maroon,maroon,16
ENSG00000103269,firebrick,firebrick,12
ENSG00000103275,darkgrey,darkgrey,7
ENSG00000103326,darkgrey,darkgrey,7
ENSG00000103335,gainsboro,gainsboro,13
ENSG00000103342,dimgrey,dimgrey,11
ENSG00000103343,maroon,maroon,16
ENSG00000103351,gainsboro,gainsboro,13
ENSG00000103353,dimgrey,dimgrey,11
ENSG00000103356,brown,brown,3
ENSG00000103363,dimgrey,dimgrey,11
ENSG00000103365,darkgrey,darkgrey,7
ENSG00000103381,dimgrey,dimgrey,11
ENSG00000103404,darkgrey,darkgrey,7
ENSG00000103415,saddlebrown,saddlebrown,25
ENSG00000103423,darkgrey,darkgrey,7
ENSG00000103429,orange,orange,19
ENSG00000103449,maroon,maroon,16
ENSG00000103479,lightcoral,lightcoral,14
ENSG00000103485,darkgrey,darkgrey,7
ENSG00000103490,darkgrey,darkgrey,7
ENSG00000103494,silver,silver,29
ENSG00000103496,darkgrey,darkgrey,7
ENSG00000103502,dimgrey,dimgrey,11
ENSG00000103507,white,white,31
ENSG00000103510,silver,silver,29
ENSG00000103512,dimgrey,dimgrey,11
ENSG00000103522,dimgrey,dimgrey,11
ENSG00000103540,darkgrey,darkgrey,7
ENSG00000103544,dimgrey,dimgrey,11
ENSG00000103549,gainsboro,gainsboro,13
ENSG00000103550,red,red,24
ENSG00000103591,darkgrey,darkgrey,7
ENSG00000103599,brown,brown,3
ENSG00000103642,silver,silver,29
ENSG00000103647,dimgrey,dimgrey,11
ENSG00000103653,white,white,31
ENSG00000103657,gainsboro,gainsboro,13
ENSG00000103671,darkgrey,darkgrey,7
ENSG00000103707,dimgrey,dimgrey,11
ENSG00000103723,silver,silver,29
ENSG00000103742,dimgrey,dimgrey,11
ENSG00000103769,darkred,darkred,9
ENSG00000103811,darkgrey,darkgrey,7
ENSG00000103852,dimgrey,dimgrey,11
ENSG00000103855,darkgrey,darkgrey,7
ENSG00000103876,silver,silver,29
ENSG00000103888,seashell,seashell,27
ENSG00000103932,gainsboro,gainsboro,13
ENSG00000103942,maroon,maroon,16
ENSG00000103966,gainsboro,gainsboro,13
ENSG00000103978,burlywood,burlywood,4
ENSG00000103994,gainsboro,gainsboro,13
ENSG00000103995,darkgrey,darkgrey,7
ENSG00000104043,silver,silver,29
ENSG00000104047,silver,silver,29
ENSG00000104064,dimgrey,dimgrey,11
ENSG00000104067,gainsboro,gainsboro,13
ENSG00000104081,gainsboro,gainsboro,13
ENSG00000104093,silver,silver,29
ENSG00000104129,gainsboro,gainsboro,13
ENSG00000104131,dimgrey,dimgrey,11
ENSG00000104133,gainsboro,gainsboro,13
ENSG00000104142,darkgrey,darkgrey,7
ENSG00000104154,darkgrey,darkgrey,7
ENSG00000104164,silver,silver,29
ENSG00000104177,red,red,24
ENSG00000104205,silver,silver,29
ENSG00000104213,sienna,sienna,28
ENSG00000104218,red,red,24
ENSG00000104219,dimgrey,dimgrey,11
ENSG00000104228,maroon,maroon,16
ENSG00000104231,silver,silver,29
ENSG00000104290,gainsboro,gainsboro,13
ENSG00000104299,darkgrey,darkgrey,7
ENSG00000104312,dimgrey,dimgrey,11
ENSG00000104320,silver,silver,29
ENSG00000104321,dimgrey,dimgrey,11
ENSG00000104324,darkgrey,darkgrey,7
ENSG00000104325,dimgrey,dimgrey,11
ENSG00000104331,silver,silver,29
ENSG00000104332,gainsboro,gainsboro,13
ENSG00000104341,dimgrey,dimgrey,11
ENSG00000104343,dimgrey,dimgrey,11
ENSG00000104356,darkgrey,darkgrey,7
ENSG00000104361,dimgrey,dimgrey,11
ENSG00000104365,dimgrey,dimgrey,11
ENSG00000104368,maroon,maroon,16
ENSG00000104375,darkgrey,darkgrey,7
ENSG00000104381,silver,silver,29
ENSG00000104388,gainsboro,gainsboro,13
ENSG00000104408,dimgrey,dimgrey,11
ENSG00000104412,dimgrey,dimgrey,11
ENSG00000104415,dimgrey,dimgrey,11
ENSG00000104419,gainsboro,gainsboro,13
ENSG00000104427,gainsboro,gainsboro,13
ENSG00000104432,dimgrey,dimgrey,11
ENSG00000104442,gainsboro,gainsboro,13
ENSG00000104447,darkgrey,darkgrey,7
ENSG00000104450,dimgrey,dimgrey,11
ENSG00000104472,darkgrey,darkgrey,7
ENSG00000104490,silver,silver,29
ENSG00000104497,sienna,sienna,28
ENSG00000104517,dimgrey,dimgrey,11
ENSG00000104522,dimgrey,dimgrey,11
ENSG00000104529,silver,silver,29
ENSG00000104549,burlywood,burlywood,4
ENSG00000104611,darkgrey,darkgrey,7
ENSG00000104613,silver,silver,29
ENSG00000104626,darkgrey,darkgrey,7
ENSG00000104635,dimgrey,dimgrey,11
ENSG00000104660,dimgrey,dimgrey,11
ENSG00000104671,silver,silver,29
ENSG00000104679,dimgrey,dimgrey,11
ENSG00000104687,darkgrey,darkgrey,7
ENSG00000104689,firebrick,firebrick,12
ENSG00000104691,gainsboro,gainsboro,13
ENSG00000104695,darkgrey,darkgrey,7
ENSG00000104714,red,red,24
ENSG00000104722,gainsboro,gainsboro,13
ENSG00000104723,dimgrey,dimgrey,11
ENSG00000104731,dimgrey,dimgrey,11
ENSG00000104738,silver,silver,29
ENSG00000104756,silver,silver,29
ENSG00000104763,darkgrey,darkgrey,7
ENSG00000104765,silver,silver,29
ENSG00000104774,firebrick,firebrick,12
ENSG00000104783,dimgrey,dimgrey,11
ENSG00000104805,darkgrey,darkgrey,7
ENSG00000104812,darkgrey,darkgrey,7
ENSG00000104823,dimgrey,dimgrey,11
ENSG00000104825,silver,silver,29
ENSG00000104852,dimgrey,dimgrey,11
ENSG00000104853,white,white,31
ENSG00000104856,darkgrey,darkgrey,7
ENSG00000104859,darkgrey,darkgrey,7
ENSG00000104863,darkgrey,darkgrey,7
ENSG00000104866,darkgrey,darkgrey,7
ENSG00000104870,brown,brown,3
ENSG00000104872,white,white,31
ENSG00000104880,silver,silver,29
ENSG00000104881,darkgrey,darkgrey,7
ENSG00000104883,dimgrey,dimgrey,11
ENSG00000104884,dimgrey,dimgrey,11
ENSG00000104885,darkgrey,darkgrey,7
ENSG00000104886,dimgrey,dimgrey,11
ENSG00000104889,silver,silver,29
ENSG00000104897,darkgrey,darkgrey,7
ENSG00000104903,silver,silver,29
ENSG00000104904,darkgrey,darkgrey,7
ENSG00000104907,darkgrey,darkgrey,7
ENSG00000104915,dimgrey,dimgrey,11
ENSG00000104936,dimgrey,dimgrey,11
ENSG00000104946,darkgrey,darkgrey,7
ENSG00000104957,darkgrey,darkgrey,7
ENSG00000104960,darkgrey,darkgrey,7
ENSG00000104964,dimgrey,dimgrey,11
ENSG00000104969,darkgrey,darkgrey,7
ENSG00000104973,darkgrey,darkgrey,7
ENSG00000104976,darkgrey,darkgrey,7
ENSG00000104979,silver,silver,29
ENSG00000104980,gainsboro,gainsboro,13
ENSG00000104983,darkgrey,darkgrey,7
ENSG00000105048,brown,brown,3
ENSG00000105053,darkgrey,darkgrey,7
ENSG00000105058,darkgrey,darkgrey,7
ENSG00000105063,darkgrey,darkgrey,7
ENSG00000105072,dimgrey,dimgrey,11
ENSG00000105088,darkgrey,darkgrey,7
ENSG00000105127,dimgrey,dimgrey,11
ENSG00000105135,white,white,31
ENSG00000105136,darkgrey,darkgrey,7
ENSG00000105137,gainsboro,gainsboro,13
ENSG00000105146,gainsboro,gainsboro,13
ENSG00000105171,dimgrey,dimgrey,11
ENSG00000105173,darkgrey,darkgrey,7
ENSG00000105176,darkgrey,darkgrey,7
ENSG00000105185,dimgrey,dimgrey,11
ENSG00000105186,gainsboro,gainsboro,13
ENSG00000105193,chocolate,chocolate,5
ENSG00000105197,darkgrey,darkgrey,7
ENSG00000105202,dimgrey,dimgrey,11
ENSG00000105219,darkgrey,darkgrey,7
ENSG00000105220,darkgrey,darkgrey,7
ENSG00000105221,darkgrey,darkgrey,7
ENSG00000105223,darkgrey,darkgrey,7
ENSG00000105227,darkgrey,darkgrey,7
ENSG00000105229,gainsboro,gainsboro,13
ENSG00000105245,darkgrey,darkgrey,7
ENSG00000105248,gainsboro,gainsboro,13
ENSG00000105254,darkgrey,darkgrey,7
ENSG00000105255,maroon,maroon,16
ENSG00000105258,dimgrey,dimgrey,11
ENSG00000105270,darkgrey,darkgrey,7
ENSG00000105281,dimgrey,dimgrey,11
ENSG00000105287,darkgrey,darkgrey,7
ENSG00000105290,darkgrey,darkgrey,7
ENSG00000105298,darkgrey,darkgrey,7
ENSG00000105321,dimgrey,dimgrey,11
ENSG00000105323,dimgrey,dimgrey,11
ENSG00000105325,dimgrey,dimgrey,11
ENSG00000105327,maroon,maroon,16
ENSG00000105329,darkgrey,darkgrey,7
ENSG00000105339,dimgrey,dimgrey,11
ENSG00000105341,darkgrey,darkgrey,7
ENSG00000105355,dimgrey,dimgrey,11
ENSG00000105364,dimgrey,dimgrey,11
ENSG00000105372,silver,silver,29
ENSG00000105373,dimgrey,dimgrey,11
ENSG00000105376,silver,silver,29
ENSG00000105379,dimgrey,dimgrey,11
ENSG00000105393,darkgrey,darkgrey,7
ENSG00000105397,tan,tan,30
ENSG00000105401,darkgrey,darkgrey,7
ENSG00000105404,white,white,31
ENSG00000105419,dimgrey,dimgrey,11
ENSG00000105426,silver,silver,29
ENSG00000105429,darkgrey,darkgrey,7
ENSG00000105438,darkgrey,darkgrey,7
ENSG00000105443,darkgrey,darkgrey,7
ENSG00000105447,darkgrey,darkgrey,7
ENSG00000105464,darkorange,darkorange,8
ENSG00000105472,darkgrey,darkgrey,7
ENSG00000105483,dimgrey,dimgrey,11
ENSG00000105486,darkgrey,darkgrey,7
ENSG00000105497,dimgrey,dimgrey,11
ENSG00000105499,chocolate,chocolate,5
ENSG00000105514,dimgrey,dimgrey,11
ENSG00000105518,silver,silver,29
ENSG00000105519,dimgrey,dimgrey,11
ENSG00000105520,darkgrey,darkgrey,7
ENSG00000105538,dimgrey,dimgrey,11
ENSG00000105552,silver,silver,29
ENSG00000105556,dimgrey,dimgrey,11
ENSG00000105559,darkgrey,darkgrey,7
ENSG00000105568,lightcoral,lightcoral,14
ENSG00000105576,darkgrey,darkgrey,7
ENSG00000105605,darkgrey,darkgrey,7
ENSG00000105607,maroon,maroon,16
ENSG00000105612,darkgrey,darkgrey,7
ENSG00000105617,darkgrey,darkgrey,7
ENSG00000105618,dimgrey,dimgrey,11
ENSG00000105619,silver,silver,29
ENSG00000105639,maroon,maroon,16
ENSG00000105640,dimgrey,dimgrey,11
ENSG00000105643,firebrick,firebrick,12
ENSG00000105647,darkgrey,darkgrey,7
ENSG00000105650,silver,silver,29
ENSG00000105655,chocolate,chocolate,5
ENSG00000105656,darkgrey,darkgrey,7
ENSG00000105662,dimgrey,dimgrey,11
ENSG00000105669,white,white,31
ENSG00000105671,darkgrey,darkgrey,7
ENSG00000105672,lightcoral,lightcoral,14
ENSG00000105676,silver,silver,29
ENSG00000105677,darkgrey,darkgrey,7
ENSG00000105696,silver,silver,29
ENSG00000105698,dimgrey,dimgrey,11
ENSG00000105699,dimgrey,dimgrey,11
ENSG00000105700,dimgrey,dimgrey,11
ENSG00000105701,firebrick,firebrick,12
ENSG00000105705,gainsboro,gainsboro,13
ENSG00000105708,dimgrey,dimgrey,11
ENSG00000105711,darkgrey,darkgrey,7
ENSG00000105717,dimgrey,dimgrey,11
ENSG00000105722,darkgrey,darkgrey,7
ENSG00000105723,white,white,31
ENSG00000105726,gainsboro,gainsboro,13
ENSG00000105732,silver,silver,29
ENSG00000105738,darkgrey,darkgrey,7
ENSG00000105750,dimgrey,dimgrey,11
ENSG00000105755,white,white,31
ENSG00000105767,gainsboro,gainsboro,13
ENSG00000105771,silver,silver,29
ENSG00000105778,silver,silver,29
ENSG00000105784,dimgrey,dimgrey,11
ENSG00000105792,gainsboro,gainsboro,13
ENSG00000105793,gainsboro,gainsboro,13
ENSG00000105810,gainsboro,gainsboro,13
ENSG00000105819,darkgrey,darkgrey,7
ENSG00000105821,red,red,24
ENSG00000105825,darkred,darkred,9
ENSG00000105829,silver,silver,29
ENSG00000105835,darkgrey,darkgrey,7
ENSG00000105849,dimgrey,dimgrey,11
ENSG00000105854,silver,silver,29
ENSG00000105855,firebrick,firebrick,12
ENSG00000105856,lightcoral,lightcoral,14
ENSG00000105865,dimgrey,dimgrey,11
ENSG00000105866,silver,silver,29
ENSG00000105875,darkgrey,darkgrey,7
ENSG00000105877,maroon,maroon,16
ENSG00000105879,dimgrey,dimgrey,11
ENSG00000105887,dimgrey,dimgrey,11
ENSG00000105889,darkgrey,darkgrey,7
ENSG00000105894,gainsboro,gainsboro,13
ENSG00000105926,silver,silver,29
ENSG00000105928,dimgrey,dimgrey,11
ENSG00000105939,dimgrey,dimgrey,11
ENSG00000105948,gainsboro,gainsboro,13
ENSG00000105953,lightcoral,lightcoral,14
ENSG00000105963,firebrick,firebrick,12
ENSG00000105968,dimgrey,dimgrey,11
ENSG00000105971,silver,silver,29
ENSG00000105974,silver,silver,29
ENSG00000105976,dimgrey,dimgrey,11
ENSG00000105982,darkgrey,darkgrey,7
ENSG00000105983,dimgrey,dimgrey,11
ENSG00000105989,darkgrey,darkgrey,7
ENSG00000105991,darkgrey,darkgrey,7
ENSG00000105993,dimgrey,dimgrey,11
ENSG00000105996,gainsboro,gainsboro,13
ENSG00000105997,silver,silver,29
ENSG00000106003,dimgrey,dimgrey,11
ENSG00000106004,darkgrey,darkgrey,7
ENSG00000106006,white,white,31
ENSG00000106009,dimgrey,dimgrey,11
ENSG00000106012,darkgrey,darkgrey,7
ENSG00000106025,firebrick,firebrick,12
ENSG00000106028,gainsboro,gainsboro,13
ENSG00000106034,silver,silver,29
ENSG00000106049,dimgrey,dimgrey,11
ENSG00000106052,darkred,darkred,9
ENSG00000106070,dimgrey,dimgrey,11
ENSG00000106077,lightcoral,lightcoral,14
ENSG00000106080,dimgrey,dimgrey,11
ENSG00000106086,darkgrey,darkgrey,7
ENSG00000106089,dimgrey,dimgrey,11
ENSG00000106100,darkgrey,darkgrey,7
ENSG00000106105,dimgrey,dimgrey,11
ENSG00000106125,dimgrey,dimgrey,11
ENSG00000106144,darkgrey,darkgrey,7
ENSG00000106153,darkgrey,darkgrey,7
ENSG00000106211,dimgrey,dimgrey,11
ENSG00000106244,darkgrey,darkgrey,7
ENSG00000106245,gainsboro,gainsboro,13
ENSG00000106246,dimgrey,dimgrey,11
ENSG00000106258,darkgrey,darkgrey,7
ENSG00000106261,darkgrey,darkgrey,7
ENSG00000106263,dimgrey,dimgrey,11
ENSG00000106266,darkgrey,darkgrey,7
ENSG00000106268,dimgrey,dimgrey,11
ENSG00000106290,darkgrey,darkgrey,7
ENSG00000106299,silver,silver,29
ENSG00000106305,silver,silver,29
ENSG00000106330,darkgrey,darkgrey,7
ENSG00000106333,white,white,31
ENSG00000106336,dimgrey,dimgrey,11
ENSG00000106344,dimgrey,dimgrey,11
ENSG00000106346,gainsboro,gainsboro,13
ENSG00000106348,darkgrey,darkgrey,7
ENSG00000106351,dimgrey,dimgrey,11
ENSG00000106355,silver,silver,29
ENSG00000106366,darkgrey,darkgrey,7
ENSG00000106367,darkgrey,darkgrey,7
ENSG00000106392,dimgrey,dimgrey,11
ENSG00000106397,darkgrey,darkgrey,7
ENSG00000106399,dimgrey,dimgrey,11
ENSG00000106400,dimgrey,dimgrey,11
ENSG00000106404,darkgrey,darkgrey,7
ENSG00000106415,silver,silver,29
ENSG00000106443,dimgrey,dimgrey,11
ENSG00000106459,silver,silver,29
ENSG00000106460,dimgrey,dimgrey,11
ENSG00000106462,red,red,24
ENSG00000106477,darkgrey,darkgrey,7
ENSG00000106479,dimgrey,dimgrey,11
ENSG00000106484,dimgrey,dimgrey,11
ENSG00000106511,dimgrey,dimgrey,11
ENSG00000106524,darkorange,darkorange,8
ENSG00000106537,silver,silver,29
ENSG00000106538,maroon,maroon,16
ENSG00000106546,silver,silver,29
ENSG00000106554,dimgrey,dimgrey,11
ENSG00000106565,darkgrey,darkgrey,7
ENSG00000106571,maroon,maroon,16
ENSG00000106588,dimgrey,dimgrey,11
ENSG00000106591,dimgrey,dimgrey,11
ENSG00000106603,dimgrey,dimgrey,11
ENSG00000106605,dimgrey,dimgrey,11
ENSG00000106608,darkgrey,darkgrey,7
ENSG00000106609,gainsboro,gainsboro,13
ENSG00000106615,dimgrey,dimgrey,11
ENSG00000106617,silver,silver,29
ENSG00000106624,dimgrey,dimgrey,11
ENSG00000106628,darkgrey,darkgrey,7
ENSG00000106633,maroon,maroon,16
ENSG00000106635,dimgrey,dimgrey,11
ENSG00000106636,darkgrey,darkgrey,7
ENSG00000106638,dimgrey,dimgrey,11
ENSG00000106665,darkgrey,darkgrey,7
ENSG00000106682,dimgrey,dimgrey,11
ENSG00000106683,dimgrey,dimgrey,11
ENSG00000106686,darkgrey,darkgrey,7
ENSG00000106688,darkgrey,darkgrey,7
ENSG00000106692,dimgrey,dimgrey,11
ENSG00000106701,lightcoral,lightcoral,14
ENSG00000106723,gainsboro,gainsboro,13
ENSG00000106733,dimgrey,dimgrey,11
ENSG00000106771,dimgrey,dimgrey,11
ENSG00000106772,gainsboro,gainsboro,13
ENSG00000106780,silver,silver,29
ENSG00000106785,gainsboro,gainsboro,13
ENSG00000106789,silver,silver,29
ENSG00000106799,dimgrey,dimgrey,11
ENSG00000106803,dimgrey,dimgrey,11
ENSG00000106804,maroon,maroon,16
ENSG00000106829,dimgrey,dimgrey,11
ENSG00000106853,dimgrey,dimgrey,11
ENSG00000106868,silver,silver,29
ENSG00000106948,gainsboro,gainsboro,13
ENSG00000106976,lightcoral,lightcoral,14
ENSG00000106991,orangered,orangered,20
ENSG00000106992,darkgrey,darkgrey,7
ENSG00000106993,dimgrey,dimgrey,11
ENSG00000107020,silver,silver,29
ENSG00000107021,darkgrey,darkgrey,7
ENSG00000107036,dimgrey,dimgrey,11
ENSG00000107077,silver,silver,29
ENSG00000107104,silver,silver,29
ENSG00000107130,darkgrey,darkgrey,7
ENSG00000107140,dimgrey,dimgrey,11
ENSG00000107164,darkgrey,darkgrey,7
ENSG00000107175,darkgrey,darkgrey,7
ENSG00000107185,dimgrey,dimgrey,11
ENSG00000107186,darkgrey,darkgrey,7
ENSG00000107201,darkgrey,darkgrey,7
ENSG00000107223,gainsboro,gainsboro,13
ENSG00000107249,darkgrey,darkgrey,7
ENSG00000107262,white,white,31
ENSG00000107263,darkgrey,darkgrey,7
ENSG00000107281,darkgrey,darkgrey,7
ENSG00000107290,dimgrey,dimgrey,11
ENSG00000107317,darkgrey,darkgrey,7
ENSG00000107331,darkgrey,darkgrey,7
ENSG00000107338,darkgrey,darkgrey,7
ENSG00000107341,darkgrey,darkgrey,7
ENSG00000107362,gainsboro,gainsboro,13
ENSG00000107371,dimgrey,dimgrey,11
ENSG00000107372,dimgrey,dimgrey,11
ENSG00000107404,darkgrey,darkgrey,7
ENSG00000107438,darkgrey,darkgrey,7
ENSG00000107443,firebrick,firebrick,12
ENSG00000107485,silver,silver,29
ENSG00000107518,gainsboro,gainsboro,13
ENSG00000107521,darkgrey,darkgrey,7
ENSG00000107537,dimgrey,dimgrey,11
ENSG00000107551,darkgrey,darkgrey,7
ENSG00000107554,darkgrey,darkgrey,7
ENSG00000107560,darkgrey,darkgrey,7
ENSG00000107562,silver,silver,29
ENSG00000107566,darkgrey,darkgrey,7
ENSG00000107581,red,red,24
ENSG00000107611,lightcoral,lightcoral,14
ENSG00000107614,gainsboro,gainsboro,13
ENSG00000107625,dimgrey,dimgrey,11
ENSG00000107643,dimgrey,dimgrey,11
ENSG00000107651,gainsboro,gainsboro,13
ENSG00000107669,silver,silver,29
ENSG00000107672,dimgrey,dimgrey,11
ENSG00000107679,darkgrey,darkgrey,7
ENSG00000107731,darkgrey,darkgrey,7
ENSG00000107738,maroon,maroon,16
ENSG00000107745,silver,silver,29
ENSG00000107758,silver,silver,29
ENSG00000107771,dimgrey,dimgrey,11
ENSG00000107779,silver,silver,29
ENSG00000107789,dimgrey,dimgrey,11
ENSG00000107796,dimgrey,dimgrey,11
ENSG00000107798,dimgrey,dimgrey,11
ENSG00000107815,dimgrey,dimgrey,11
ENSG00000107816,dimgrey,dimgrey,11
ENSG00000107819,darkgrey,darkgrey,7
ENSG00000107821,dimgrey,dimgrey,11
ENSG00000107829,silver,silver,29
ENSG00000107833,white,white,31
ENSG00000107854,silver,silver,29
ENSG00000107862,dimgrey,dimgrey,11
ENSG00000107863,red,red,24
ENSG00000107864,dimgrey,dimgrey,11
ENSG00000107872,darkgrey,darkgrey,7
ENSG00000107874,silver,silver,29
ENSG00000107882,silver,silver,29
ENSG00000107890,red,red,24
ENSG00000107897,dimgrey,dimgrey,11
ENSG00000107902,dimgrey,dimgrey,11
ENSG00000107929,gainsboro,gainsboro,13
ENSG00000107937,red,red,24
ENSG00000107938,dimgrey,dimgrey,11
ENSG00000107949,gainsboro,gainsboro,13
ENSG00000107951,maroon,maroon,16
ENSG00000107954,darkgrey,darkgrey,7
ENSG00000107957,darkgrey,darkgrey,7
ENSG00000107959,silver,silver,29
ENSG00000107960,darkgrey,darkgrey,7
ENSG00000107968,darkgrey,darkgrey,7
ENSG00000107984,dimgrey,dimgrey,11
ENSG00000108010,dimgrey,dimgrey,11
ENSG00000108021,gainsboro,gainsboro,13
ENSG00000108039,dimgrey,dimgrey,11
ENSG00000108055,red,red,24
ENSG00000108061,white,white,31
ENSG00000108064,dimgrey,dimgrey,11
ENSG00000108091,dimgrey,dimgrey,11
ENSG00000108094,dimgrey,dimgrey,11
ENSG00000108100,darkgrey,darkgrey,7
ENSG00000108106,silver,silver,29
ENSG00000108107,dimgrey,dimgrey,11
ENSG00000108175,dimgrey,dimgrey,11
ENSG00000108176,silver,silver,29
ENSG00000108179,dimgrey,dimgrey,11
ENSG00000108187,dimgrey,dimgrey,11
ENSG00000108219,dimgrey,dimgrey,11
ENSG00000108239,dimgrey,dimgrey,11
ENSG00000108256,gainsboro,gainsboro,13
ENSG00000108262,dimgrey,dimgrey,11
ENSG00000108298,dimgrey,dimgrey,11
ENSG00000108306,darkgrey,darkgrey,7
ENSG00000108312,darkgrey,darkgrey,7
ENSG00000108344,dimgrey,dimgrey,11
ENSG00000108349,darkgrey,darkgrey,7
ENSG00000108352,white,white,31
ENSG00000108370,dimgrey,dimgrey,11
ENSG00000108381,dimgrey,dimgrey,11
ENSG00000108384,dimgrey,dimgrey,11
ENSG00000108387,darkgrey,darkgrey,7
ENSG00000108389,darksalmon,darksalmon,10
ENSG00000108395,white,white,31
ENSG00000108406,darkgrey,darkgrey,7
ENSG00000108423,darkgrey,darkgrey,7
ENSG00000108424,silver,silver,29
ENSG00000108433,brown,brown,3
ENSG00000108439,darkgrey,darkgrey,7
ENSG00000108443,lightcoral,lightcoral,14
ENSG00000108465,gainsboro,gainsboro,13
ENSG00000108468,darkgrey,darkgrey,7
ENSG00000108469,firebrick,firebrick,12
ENSG00000108474,dimgrey,dimgrey,11
ENSG00000108479,white,white,31
ENSG00000108506,peachpuff,peachpuff,22
ENSG00000108509,dimgrey,dimgrey,11
ENSG00000108510,silver,silver,29
ENSG00000108511,silver,silver,29
ENSG00000108515,darkgrey,darkgrey,7
ENSG00000108518,silver,silver,29
ENSG00000108523,darkgrey,darkgrey,7
ENSG00000108528,darkgrey,darkgrey,7
ENSG00000108551,silver,silver,29
ENSG00000108557,gainsboro,gainsboro,13
ENSG00000108559,dimgrey,dimgrey,11
ENSG00000108561,dimgrey,dimgrey,11
ENSG00000108578,darkgrey,darkgrey,7
ENSG00000108582,brown,brown,3
ENSG00000108587,darkgrey,darkgrey,7
ENSG00000108588,silver,silver,29
ENSG00000108590,brown,brown,3
ENSG00000108591,darkgrey,darkgrey,7
ENSG00000108592,darkgrey,darkgrey,7
ENSG00000108599,silver,silver,29
ENSG00000108604,darkgrey,darkgrey,7
ENSG00000108639,darkgrey,darkgrey,7
ENSG00000108641,gainsboro,gainsboro,13
ENSG00000108651,dimgrey,dimgrey,11
ENSG00000108654,dimgrey,dimgrey,11
ENSG00000108666,dimgrey,dimgrey,11
ENSG00000108669,darkgrey,darkgrey,7
ENSG00000108671,darkgrey,darkgrey,7
ENSG00000108679,dimgrey,dimgrey,11
ENSG00000108684,dimgrey,dimgrey,11
ENSG00000108691,silver,silver,29
ENSG00000108733,dimgrey,dimgrey,11
ENSG00000108771,darkorange,darkorange,8
ENSG00000108773,darkgrey,darkgrey,7
ENSG00000108774,white,white,31
ENSG00000108784,lightcoral,lightcoral,14
ENSG00000108786,dimgrey,dimgrey,11
ENSG00000108788,darkgrey,darkgrey,7
ENSG00000108797,silver,silver,29
ENSG00000108798,lightcoral,lightcoral,14
ENSG00000108799,darkgrey,darkgrey,7
ENSG00000108819,maroon,maroon,16
ENSG00000108821,gainsboro,gainsboro,13
ENSG00000108823,darkgrey,darkgrey,7
ENSG00000108826,silver,silver,29
ENSG00000108828,darkgrey,darkgrey,7
ENSG00000108829,darkgrey,darkgrey,7
ENSG00000108830,white,white,31
ENSG00000108840,dimgrey,dimgrey,11
ENSG00000108846,darkgrey,darkgrey,7
ENSG00000108848,gainsboro,gainsboro,13
ENSG00000108852,darkgrey,darkgrey,7
ENSG00000108854,silver,silver,29
ENSG00000108861,darkgrey,darkgrey,7
ENSG00000108883,silver,silver,29
ENSG00000108932,silver,silver,29
ENSG00000108946,darkgrey,darkgrey,7
ENSG00000108947,silver,silver,29
ENSG00000108953,darkred,darkred,9
ENSG00000108960,dimgrey,dimgrey,11
ENSG00000108961,silver,silver,29
ENSG00000108963,dimgrey,dimgrey,11
ENSG00000108984,darkgrey,darkgrey,7
ENSG00000109016,dimgrey,dimgrey,11
ENSG00000109046,gainsboro,gainsboro,13
ENSG00000109062,silver,silver,29
ENSG00000109063,dimgrey,dimgrey,11
ENSG00000109065,gainsboro,gainsboro,13
ENSG00000109066,dimgrey,dimgrey,11
ENSG00000109079,darkgrey,darkgrey,7
ENSG00000109083,gainsboro,gainsboro,13
ENSG00000109084,white,white,31
ENSG00000109089,silver,silver,29
ENSG00000109099,tan,tan,30
ENSG00000109103,darkgrey,darkgrey,7
ENSG00000109111,dimgrey,dimgrey,11
ENSG00000109113,darkgrey,darkgrey,7
ENSG00000109118,darkgrey,darkgrey,7
ENSG00000109133,darkgrey,darkgrey,7
ENSG00000109171,linen,linen,15
ENSG00000109180,darkgrey,darkgrey,7
ENSG00000109184,silver,silver,29
ENSG00000109189,silver,silver,29
ENSG00000109220,dimgrey,dimgrey,11
ENSG00000109265,silver,silver,29
ENSG00000109270,silver,silver,29
ENSG00000109320,silver,silver,29
ENSG00000109321,silver,silver,29
ENSG00000109323,darkgrey,darkgrey,7
ENSG00000109332,silver,silver,29
ENSG00000109339,silver,silver,29
ENSG00000109381,gainsboro,gainsboro,13
ENSG00000109390,dimgrey,dimgrey,11
ENSG00000109436,silver,silver,29
ENSG00000109445,dimgrey,dimgrey,11
ENSG00000109452,silver,silver,29
ENSG00000109458,gainsboro,gainsboro,13
ENSG00000109466,lightcoral,lightcoral,14
ENSG00000109472,darkgrey,darkgrey,7
ENSG00000109475,dimgrey,dimgrey,11
ENSG00000109501,white,white,31
ENSG00000109519,darkgrey,darkgrey,7
ENSG00000109534,dimgrey,dimgrey,11
ENSG00000109536,dimgrey,dimgrey,11
ENSG00000109572,brown,brown,3
ENSG00000109576,dimgrey,dimgrey,11
ENSG00000109586,silver,silver,29
ENSG00000109606,dimgrey,dimgrey,11
ENSG00000109610,darkgrey,darkgrey,7
ENSG00000109618,dimgrey,dimgrey,11
ENSG00000109654,gainsboro,gainsboro,13
ENSG00000109670,darkgrey,darkgrey,7
ENSG00000109674,maroon,maroon,16
ENSG00000109680,silver,silver,29
ENSG00000109685,darkgrey,darkgrey,7
ENSG00000109686,dimgrey,dimgrey,11
ENSG00000109689,red,red,24
ENSG00000109705,maroon,maroon,16
ENSG00000109736,darkgrey,darkgrey,7
ENSG00000109738,silver,silver,29
ENSG00000109743,dimgrey,dimgrey,11
ENSG00000109756,silver,silver,29
ENSG00000109762,dimgrey,dimgrey,11
ENSG00000109771,silver,silver,29
ENSG00000109775,gainsboro,gainsboro,13
ENSG00000109787,gainsboro,gainsboro,13
ENSG00000109790,linen,linen,15
ENSG00000109794,silver,silver,29
ENSG00000109805,gainsboro,gainsboro,13
ENSG00000109814,dimgrey,dimgrey,11
ENSG00000109846,dimgrey,dimgrey,11
ENSG00000109854,dimgrey,dimgrey,11
ENSG00000109861,dimgrey,dimgrey,11
ENSG00000109881,gainsboro,gainsboro,13
ENSG00000109911,silver,silver,29
ENSG00000109917,dimgrey,dimgrey,11
ENSG00000109919,dimgrey,dimgrey,11
ENSG00000109920,darkgrey,darkgrey,7
ENSG00000109929,dimgrey,dimgrey,11
ENSG00000109944,white,white,31
ENSG00000109971,dimgrey,dimgrey,11
ENSG00000110002,darkgrey,darkgrey,7
ENSG00000110011,silver,silver,29
ENSG00000110013,dimgrey,dimgrey,11
ENSG00000110031,silver,silver,29
ENSG00000110042,dimgrey,dimgrey,11
ENSG00000110046,darkgrey,darkgrey,7
ENSG00000110047,darkgrey,darkgrey,7
ENSG00000110048,white,white,31
ENSG00000110057,darkgrey,darkgrey,7
ENSG00000110060,darkgrey,darkgrey,7
ENSG00000110063,darkgrey,darkgrey,7
ENSG00000110066,gainsboro,gainsboro,13
ENSG00000110074,dimgrey,dimgrey,11
ENSG00000110075,darkgrey,darkgrey,7
ENSG00000110076,lightcoral,lightcoral,14
ENSG00000110080,darkgrey,darkgrey,7
ENSG00000110090,darkgrey,darkgrey,7
ENSG00000110092,gainsboro,gainsboro,13
ENSG00000110104,dimgrey,dimgrey,11
ENSG00000110107,darkgrey,darkgrey,7
ENSG00000110108,darkgrey,darkgrey,7
ENSG00000110169,darkgrey,darkgrey,7
ENSG00000110171,dimgrey,dimgrey,11
ENSG00000110172,red,red,24
ENSG00000110200,silver,silver,29
ENSG00000110203,dimgrey,dimgrey,11
ENSG00000110218,silver,silver,29
ENSG00000110237,maroon,maroon,16
ENSG00000110274,gainsboro,gainsboro,13
ENSG00000110315,dimgrey,dimgrey,11
ENSG00000110318,gainsboro,gainsboro,13
ENSG00000110321,white,white,31
ENSG00000110328,dimgrey,dimgrey,11
ENSG00000110330,darkgrey,darkgrey,7
ENSG00000110344,darkgrey,darkgrey,7
ENSG00000110367,darkgrey,darkgrey,7
ENSG00000110395,dimgrey,dimgrey,11
ENSG00000110400,dimgrey,dimgrey,11
ENSG00000110422,darkgrey,darkgrey,7
ENSG00000110427,dimgrey,dimgrey,11
ENSG00000110429,dimgrey,dimgrey,11
ENSG00000110435,dimgrey,dimgrey,11
ENSG00000110436,lightcoral,lightcoral,14
ENSG00000110442,dimgrey,dimgrey,11
ENSG00000110446,dimgrey,dimgrey,11
ENSG00000110455,dimgrey,dimgrey,11
ENSG00000110492,dimgrey,dimgrey,11
ENSG00000110497,darkgrey,darkgrey,7
ENSG00000110514,darkgrey,darkgrey,7
ENSG00000110536,darkgrey,darkgrey,7
ENSG00000110583,darkgrey,darkgrey,7
ENSG00000110619,red,red,24
ENSG00000110628,silver,silver,29
ENSG00000110651,darkgrey,darkgrey,7
ENSG00000110660,maroon,maroon,16
ENSG00000110675,darkgrey,darkgrey,7
ENSG00000110693,firebrick,firebrick,12
ENSG00000110696,silver,silver,29
ENSG00000110697,lightcoral,lightcoral,14
ENSG00000110700,dimgrey,dimgrey,11
ENSG00000110711,orangered,orangered,20
ENSG00000110713,silver,silver,29
ENSG00000110717,dimgrey,dimgrey,11
ENSG00000110719,darkgrey,darkgrey,7
ENSG00000110721,darkgrey,darkgrey,7
ENSG00000110723,silver,silver,29
ENSG00000110756,silver,silver,29
ENSG00000110768,coral,coral,6
ENSG00000110801,darkgrey,darkgrey,7
ENSG00000110811,darkgrey,darkgrey,7
ENSG00000110841,darkgrey,darkgrey,7
ENSG00000110844,dimgrey,dimgrey,11
ENSG00000110851,darkgrey,darkgrey,7
ENSG00000110852,dimgrey,dimgrey,11
ENSG00000110871,white,white,31
ENSG00000110876,dimgrey,dimgrey,11
ENSG00000110880,silver,silver,29
ENSG00000110881,darkgrey,darkgrey,7
ENSG00000110888,darkgrey,darkgrey,7
ENSG00000110906,dimgrey,dimgrey,11
ENSG00000110911,darkgrey,darkgrey,7
ENSG00000110917,darkgrey,darkgrey,7
ENSG00000110921,darkgrey,darkgrey,7
ENSG00000110925,silver,silver,29
ENSG00000110931,darkgrey,darkgrey,7
ENSG00000110944,saddlebrown,saddlebrown,25
ENSG00000110955,dimgrey,dimgrey,11
ENSG00000110958,dimgrey,dimgrey,11
ENSG00000110987,gainsboro,gainsboro,13
ENSG00000111011,gainsboro,gainsboro,13
ENSG00000111012,silver,silver,29
ENSG00000111052,dimgrey,dimgrey,11
ENSG00000111057,dimgrey,dimgrey,11
ENSG00000111058,silver,silver,29
ENSG00000111077,darkgrey,darkgrey,7
ENSG00000111087,silver,silver,29
ENSG00000111110,darkgrey,darkgrey,7
ENSG00000111142,darkgrey,darkgrey,7
ENSG00000111144,dimgrey,dimgrey,11
ENSG00000111145,white,white,31
ENSG00000111186,darkgrey,darkgrey,7
ENSG00000111196,dimgrey,dimgrey,11
ENSG00000111199,darkgrey,darkgrey,7
ENSG00000111203,gainsboro,gainsboro,13
ENSG00000111206,moccasin,moccasin,17
ENSG00000111224,silver,silver,29
ENSG00000111229,silver,silver,29
ENSG00000111231,dimgrey,dimgrey,11
ENSG00000111237,dimgrey,dimgrey,11
ENSG00000111247,gainsboro,gainsboro,13
ENSG00000111252,darkred,darkred,9
ENSG00000111254,silver,silver,29
ENSG00000111269,darkgrey,darkgrey,7
ENSG00000111271,gainsboro,gainsboro,13
ENSG00000111275,dimgrey,dimgrey,11
ENSG00000111276,darkgrey,darkgrey,7
ENSG00000111300,silver,silver,29
ENSG00000111305,maroon,maroon,16
ENSG00000111321,darkgrey,darkgrey,7
ENSG00000111328,dimgrey,dimgrey,11
ENSG00000111331,darkgrey,darkgrey,7
ENSG00000111335,dimgrey,dimgrey,11
ENSG00000111341,firebrick,firebrick,12
ENSG00000111348,dimgrey,dimgrey,11
ENSG00000111358,gainsboro,gainsboro,13
ENSG00000111361,dimgrey,dimgrey,11
ENSG00000111364,dimgrey,dimgrey,11
ENSG00000111371,dimgrey,dimgrey,11
ENSG00000111412,brown,brown,3
ENSG00000111424,dimgrey,dimgrey,11
ENSG00000111445,darkgrey,darkgrey,7
ENSG00000111450,silver,silver,29
ENSG00000111481,silver,silver,29
ENSG00000111530,silver,silver,29
ENSG00000111540,darkgrey,darkgrey,7
ENSG00000111554,maroon,maroon,16
ENSG00000111581,dimgrey,dimgrey,11
ENSG00000111596,silver,silver,29
ENSG00000111602,dimgrey,dimgrey,11
ENSG00000111605,dimgrey,dimgrey,11
ENSG00000111615,silver,silver,29
ENSG00000111639,dimgrey,dimgrey,11
ENSG00000111640,dimgrey,dimgrey,11
ENSG00000111642,silver,silver,29
ENSG00000111647,gainsboro,gainsboro,13
ENSG00000111652,darksalmon,darksalmon,10
ENSG00000111653,dimgrey,dimgrey,11
ENSG00000111664,darkgrey,darkgrey,7
ENSG00000111665,darkgrey,darkgrey,7
ENSG00000111666,peachpuff,peachpuff,22
ENSG00000111667,darkgrey,darkgrey,7
ENSG00000111669,dimgrey,dimgrey,11
ENSG00000111670,gainsboro,gainsboro,13
ENSG00000111671,dimgrey,dimgrey,11
ENSG00000111674,dimgrey,dimgrey,11
ENSG00000111676,darkgrey,darkgrey,7
ENSG00000111678,darkgrey,darkgrey,7
ENSG00000111696,darkorange,darkorange,8
ENSG00000111707,darkgrey,darkgrey,7
ENSG00000111711,silver,silver,29
ENSG00000111716,darkgrey,darkgrey,7
ENSG00000111725,maroon,maroon,16
ENSG00000111726,dimgrey,dimgrey,11
ENSG00000111727,lightcoral,lightcoral,14
ENSG00000111728,white,white,31
ENSG00000111731,silver,silver,29
ENSG00000111737,dimgrey,dimgrey,11
ENSG00000111752,darkgrey,darkgrey,7
ENSG00000111775,dimgrey,dimgrey,11
ENSG00000111785,firebrick,firebrick,12
ENSG00000111786,silver,silver,29
ENSG00000111790,dimgrey,dimgrey,11
ENSG00000111799,silver,silver,29
ENSG00000111801,darkgrey,darkgrey,7
ENSG00000111802,dimgrey,dimgrey,11
ENSG00000111816,silver,silver,29
ENSG00000111817,silver,silver,29
ENSG00000111832,darkgrey,darkgrey,7
ENSG00000111834,silver,silver,29
ENSG00000111837,silver,silver,29
ENSG00000111843,silver,silver,29
ENSG00000111845,maroon,maroon,16
ENSG00000111850,darkgrey,darkgrey,7
ENSG00000111859,darkgrey,darkgrey,7
ENSG00000111860,gainsboro,gainsboro,13
ENSG00000111863,dimgrey,dimgrey,11
ENSG00000111875,dimgrey,dimgrey,11
ENSG00000111877,maroon,maroon,16
ENSG00000111880,dimgrey,dimgrey,11
ENSG00000111885,darkgrey,darkgrey,7
ENSG00000111897,dimgrey,dimgrey,11
ENSG00000111906,dimgrey,dimgrey,11
ENSG00000111907,lightcoral,lightcoral,14
ENSG00000111911,silver,silver,29
ENSG00000111912,bisque,bisque,1
ENSG00000111913,darkgrey,darkgrey,7
ENSG00000111961,silver,silver,29
ENSG00000111962,dimgrey,dimgrey,11
ENSG00000111981,dimgrey,dimgrey,11
ENSG00000112029,white,white,31
ENSG00000112031,darkgrey,darkgrey,7
ENSG00000112033,silver,silver,29
ENSG00000112039,darkgrey,darkgrey,7
ENSG00000112053,silver,silver,29
ENSG00000112062,lightcoral,lightcoral,14
ENSG00000112078,gainsboro,gainsboro,13
ENSG00000112079,darkgrey,darkgrey,7
ENSG00000112081,silver,silver,29
ENSG00000112110,dimgrey,dimgrey,11
ENSG00000112118,dimgrey,dimgrey,11
ENSG00000112130,gainsboro,gainsboro,13
ENSG00000112137,firebrick,firebrick,12
ENSG00000112139,darkgrey,darkgrey,7
ENSG00000112144,dimgrey,dimgrey,11
ENSG00000112146,silver,silver,29
ENSG00000112149,silver,silver,29
ENSG00000112159,red,red,24
ENSG00000112167,white,white,31
ENSG00000112183,maroon,maroon,16
ENSG00000112186,dimgrey,dimgrey,11
ENSG00000112200,darkgrey,darkgrey,7
ENSG00000112208,silver,silver,29
ENSG00000112210,dimgrey,dimgrey,11
ENSG00000112218,firebrick,firebrick,12
ENSG00000112234,dimgrey,dimgrey,11
ENSG00000112237,dimgrey,dimgrey,11
ENSG00000112242,darkgrey,darkgrey,7
ENSG00000112249,gainsboro,gainsboro,13
ENSG00000112276,dimgrey,dimgrey,11
ENSG00000112282,darkgrey,darkgrey,7
ENSG00000112290,silver,silver,29
ENSG00000112294,firebrick,firebrick,12
ENSG00000112297,darkgrey,darkgrey,7
ENSG00000112303,dimgrey,dimgrey,11
ENSG00000112304,red,red,24
ENSG00000112305,dimgrey,dimgrey,11
ENSG00000112306,dimgrey,dimgrey,11
ENSG00000112308,coral,coral,6
ENSG00000112312,silver,silver,29
ENSG00000112319,darkgrey,darkgrey,7
ENSG00000112320,peru,peru,23
ENSG00000112335,silver,silver,29
ENSG00000112339,dimgrey,dimgrey,11
ENSG00000112343,darkgrey,darkgrey,7
ENSG00000112357,maroon,maroon,16
ENSG00000112365,dimgrey,dimgrey,11
ENSG00000112367,dimgrey,dimgrey,11
ENSG00000112378,white,white,31
ENSG00000112406,darkgrey,darkgrey,7
ENSG00000112414,silver,silver,29
ENSG00000112419,gainsboro,gainsboro,13
ENSG00000112425,firebrick,firebrick,12
ENSG00000112473,gainsboro,gainsboro,13
ENSG00000112514,silver,silver,29
ENSG00000112531,chocolate,chocolate,5
ENSG00000112541,silver,silver,29
ENSG00000112561,darkgrey,darkgrey,7
ENSG00000112576,dimgrey,dimgrey,11
ENSG00000112578,darkgrey,darkgrey,7
ENSG00000112584,dimgrey,dimgrey,11
ENSG00000112592,darkgrey,darkgrey,7
ENSG00000112619,gainsboro,gainsboro,13
ENSG00000112624,darkgrey,darkgrey,7
ENSG00000112640,red,red,24
ENSG00000112651,brown,brown,3
ENSG00000112655,maroon,maroon,16
ENSG00000112658,silver,silver,29
ENSG00000112659,darkgrey,darkgrey,7
ENSG00000112667,darkgrey,darkgrey,7
ENSG00000112679,darkgrey,darkgrey,7
ENSG00000112685,dimgrey,dimgrey,11
ENSG00000112695,dimgrey,dimgrey,11
ENSG00000112697,dimgrey,dimgrey,11
ENSG00000112699,white,white,31
ENSG00000112701,gainsboro,gainsboro,13
ENSG00000112715,darkgrey,darkgrey,7
ENSG00000112739,darkgrey,darkgrey,7
ENSG00000112742,silver,silver,29
ENSG00000112759,dimgrey,dimgrey,11
ENSG00000112763,gainsboro,gainsboro,13
ENSG00000112769,dimgrey,dimgrey,11
ENSG00000112773,dimgrey,dimgrey,11
ENSG00000112787,darkgrey,darkgrey,7
ENSG00000112837,dimgrey,dimgrey,11
ENSG00000112851,red,red,24
ENSG00000112855,dimgrey,dimgrey,11
ENSG00000112874,dimgrey,dimgrey,11
ENSG00000112877,maroon,maroon,16
ENSG00000112893,darkgrey,darkgrey,7
ENSG00000112902,gainsboro,gainsboro,13
ENSG00000112941,dimgrey,dimgrey,11
ENSG00000112964,dimgrey,dimgrey,11
ENSG00000112972,darkgrey,darkgrey,7
ENSG00000112977,dimgrey,dimgrey,11
ENSG00000112981,gainsboro,gainsboro,13
ENSG00000112983,gainsboro,gainsboro,13
ENSG00000112984,silver,silver,29
ENSG00000112992,silver,silver,29
ENSG00000112996,dimgrey,dimgrey,11
ENSG00000113013,silver,silver,29
ENSG00000113048,darkgrey,darkgrey,7
ENSG00000113068,dimgrey,dimgrey,11
ENSG00000113070,darkgrey,darkgrey,7
ENSG00000113083,silver,silver,29
ENSG00000113108,darkgrey,darkgrey,7
ENSG00000113119,dimgrey,dimgrey,11
ENSG00000113140,dimgrey,dimgrey,11
ENSG00000113141,dimgrey,dimgrey,11
ENSG00000113161,brown,brown,3
ENSG00000113163,silver,silver,29
ENSG00000113194,gainsboro,gainsboro,13
ENSG00000113231,dimgrey,dimgrey,11
ENSG00000113240,firebrick,firebrick,12
ENSG00000113269,silver,silver,29
ENSG00000113272,darkgrey,darkgrey,7
ENSG00000113273,dimgrey,dimgrey,11
ENSG00000113282,gainsboro,gainsboro,13
ENSG00000113300,darkgrey,darkgrey,7
ENSG00000113312,dimgrey,dimgrey,11
ENSG00000113318,dimgrey,dimgrey,11
ENSG00000113319,dimgrey,dimgrey,11
ENSG00000113328,silver,silver,29
ENSG00000113356,dimgrey,dimgrey,11
ENSG00000113360,darkgrey,darkgrey,7
ENSG00000113361,dimgrey,dimgrey,11
ENSG00000113368,gainsboro,gainsboro,13
ENSG00000113369,dimgrey,dimgrey,11
ENSG00000113384,dimgrey,dimgrey,11
ENSG00000113387,dimgrey,dimgrey,11
ENSG00000113389,gainsboro,gainsboro,13
ENSG00000113391,darkred,darkred,9
ENSG00000113407,gainsboro,gainsboro,13
ENSG00000113441,gainsboro,gainsboro,13
ENSG00000113448,silver,silver,29
ENSG00000113456,darkgrey,darkgrey,7
ENSG00000113460,dimgrey,dimgrey,11
ENSG00000113494,darkgrey,darkgrey,7
ENSG00000113522,lightcoral,lightcoral,14
ENSG00000113552,darkgrey,darkgrey,7
ENSG00000113555,white,white,31
ENSG00000113558,dimgrey,dimgrey,11
ENSG00000113569,silver,silver,29
ENSG00000113575,silver,silver,29
ENSG00000113578,silver,silver,29
ENSG00000113580,silver,silver,29
ENSG00000113583,darkgrey,darkgrey,7
ENSG00000113593,silver,silver,29
ENSG00000113594,darkgrey,darkgrey,7
ENSG00000113595,dimgrey,dimgrey,11
ENSG00000113597,dimgrey,dimgrey,11
ENSG00000113615,silver,silver,29
ENSG00000113621,dimgrey,dimgrey,11
ENSG00000113638,silver,silver,29
ENSG00000113643,gainsboro,gainsboro,13
ENSG00000113645,silver,silver,29
ENSG00000113648,dimgrey,dimgrey,11
ENSG00000113649,darkgrey,darkgrey,7
ENSG00000113657,darkgrey,darkgrey,7
ENSG00000113658,coral,coral,6
ENSG00000113712,gainsboro,gainsboro,13
ENSG00000113716,darkgrey,darkgrey,7
ENSG00000113719,darkgrey,darkgrey,7
ENSG00000113721,tan,tan,30
ENSG00000113732,darkgrey,darkgrey,7
ENSG00000113734,darkgrey,darkgrey,7
ENSG00000113739,darkgrey,darkgrey,7
ENSG00000113742,silver,silver,29
ENSG00000113758,darkgrey,darkgrey,7
ENSG00000113761,darkgrey,darkgrey,7
ENSG00000113790,sienna,sienna,28
ENSG00000113805,gainsboro,gainsboro,13
ENSG00000113810,gainsboro,gainsboro,13
ENSG00000113811,gainsboro,gainsboro,13
ENSG00000113812,darksalmon,darksalmon,10
ENSG00000113838,maroon,maroon,16
ENSG00000113845,darkgrey,darkgrey,7
ENSG00000113851,silver,silver,29
ENSG00000113916,brown,brown,3
ENSG00000113966,dimgrey,dimgrey,11
ENSG00000113971,silver,silver,29
ENSG00000114019,gainsboro,gainsboro,13
ENSG00000114021,dimgrey,dimgrey,11
ENSG00000114023,darkgrey,darkgrey,7
ENSG00000114026,silver,silver,29
ENSG00000114030,darkgrey,darkgrey,7
ENSG00000114054,dimgrey,dimgrey,11
ENSG00000114062,dimgrey,dimgrey,11
ENSG00000114098,silver,silver,29
ENSG00000114107,dimgrey,dimgrey,11
ENSG00000114115,brown,brown,3
ENSG00000114120,darkgrey,darkgrey,7
ENSG00000114125,dimgrey,dimgrey,11
ENSG00000114126,darkred,darkred,9
ENSG00000114127,white,white,31
ENSG00000114166,chocolate,chocolate,5
ENSG00000114200,silver,silver,29
ENSG00000114209,gainsboro,gainsboro,13
ENSG00000114251,gainsboro,gainsboro,13
ENSG00000114268,darkgrey,darkgrey,7
ENSG00000114270,darkgrey,darkgrey,7
ENSG00000114302,gainsboro,gainsboro,13
ENSG00000114315,dimgrey,dimgrey,11
ENSG00000114316,dimgrey,dimgrey,11
ENSG00000114331,silver,silver,29
ENSG00000114346,silver,silver,29
ENSG00000114353,orangered,orangered,20
ENSG00000114354,dimgrey,dimgrey,11
ENSG00000114378,saddlebrown,saddlebrown,25
ENSG00000114383,firebrick,firebrick,12
ENSG00000114388,dimgrey,dimgrey,11
ENSG00000114391,dimgrey,dimgrey,11
ENSG00000114395,dimgrey,dimgrey,11
ENSG00000114405,dimgrey,dimgrey,11
ENSG00000114416,gainsboro,gainsboro,13
ENSG00000114423,white,white,31
ENSG00000114439,gainsboro,gainsboro,13
ENSG00000114446,silver,silver,29
ENSG00000114450,darkgrey,darkgrey,7
ENSG00000114473,firebrick,firebrick,12
ENSG00000114480,silver,silver,29
ENSG00000114491,dimgrey,dimgrey,11
ENSG00000114503,dimgrey,dimgrey,11
ENSG00000114520,dimgrey,dimgrey,11
ENSG00000114529,silver,silver,29
ENSG00000114541,silver,silver,29
ENSG00000114544,darkgrey,darkgrey,7
ENSG00000114554,dimgrey,dimgrey,11
ENSG00000114573,dimgrey,dimgrey,11
ENSG00000114626,lightcoral,lightcoral,14
ENSG00000114646,dimgrey,dimgrey,11
ENSG00000114648,dimgrey,dimgrey,11
ENSG00000114650,darkgrey,darkgrey,7
ENSG00000114656,silver,silver,29
ENSG00000114670,dimgrey,dimgrey,11
ENSG00000114686,dimgrey,dimgrey,11
ENSG00000114698,darkgrey,darkgrey,7
ENSG00000114735,darkgrey,darkgrey,7
ENSG00000114737,dimgrey,dimgrey,11
ENSG00000114738,darkgrey,darkgrey,7
ENSG00000114739,darkgrey,darkgrey,7
ENSG00000114742,darkgrey,darkgrey,7
ENSG00000114744,gainsboro,gainsboro,13
ENSG00000114745,silver,silver,29
ENSG00000114757,firebrick,firebrick,12
ENSG00000114767,darkgrey,darkgrey,7
ENSG00000114770,darkgrey,darkgrey,7
ENSG00000114779,darkgrey,darkgrey,7
ENSG00000114784,darkgrey,darkgrey,7
ENSG00000114796,darkgrey,darkgrey,7
ENSG00000114841,white,white,31
ENSG00000114850,dimgrey,dimgrey,11
ENSG00000114853,gainsboro,gainsboro,13
ENSG00000114857,red,red,24
ENSG00000114859,darkgrey,darkgrey,7
ENSG00000114861,dimgrey,dimgrey,11
ENSG00000114867,gainsboro,gainsboro,13
ENSG00000114902,dimgrey,dimgrey,11
ENSG00000114904,white,white,31
ENSG00000114923,gainsboro,gainsboro,13
ENSG00000114933,dimgrey,dimgrey,11
ENSG00000114942,dimgrey,dimgrey,11
ENSG00000114948,dimgrey,dimgrey,11
ENSG00000114956,darkgrey,darkgrey,7
ENSG00000114978,silver,silver,29
ENSG00000114982,darkgrey,darkgrey,7
ENSG00000114988,silver,silver,29
ENSG00000114993,dimgrey,dimgrey,11
ENSG00000114999,dimgrey,dimgrey,11
ENSG00000115020,gainsboro,gainsboro,13
ENSG00000115042,dimgrey,dimgrey,11
ENSG00000115053,dimgrey,dimgrey,11
ENSG00000115084,silver,silver,29
ENSG00000115091,silver,silver,29
ENSG00000115107,dimgrey,dimgrey,11
ENSG00000115109,silver,silver,29
ENSG00000115128,silver,silver,29
ENSG00000115129,dimgrey,dimgrey,11
ENSG00000115137,gainsboro,gainsboro,13
ENSG00000115145,silver,silver,29
ENSG00000115159,dimgrey,dimgrey,11
ENSG00000115163,dimgrey,dimgrey,11
ENSG00000115170,dimgrey,dimgrey,11
ENSG00000115183,darkgrey,darkgrey,7
ENSG00000115194,lightcoral,lightcoral,14
ENSG00000115204,dimgrey,dimgrey,11
ENSG00000115207,dimgrey,dimgrey,11
ENSG00000115211,dimgrey,dimgrey,11
ENSG00000115216,darkgrey,darkgrey,7
ENSG00000115226,silver,silver,29
ENSG00000115232,gainsboro,gainsboro,13
ENSG00000115233,silver,silver,29
ENSG00000115234,silver,silver,29
ENSG00000115239,darkgrey,darkgrey,7
ENSG00000115241,gainsboro,gainsboro,13
ENSG00000115252,sandybrown,sandybrown,26
ENSG00000115255,gainsboro,gainsboro,13
ENSG00000115257,darkgrey,darkgrey,7
ENSG00000115267,silver,silver,29
ENSG00000115268,dimgrey,dimgrey,11
ENSG00000115271,dimgrey,dimgrey,11
ENSG00000115274,darkgrey,darkgrey,7
ENSG00000115275,silver,silver,29
ENSG00000115282,dimgrey,dimgrey,11
ENSG00000115286,darkgrey,darkgrey,7
ENSG00000115289,silver,silver,29
ENSG00000115290,dimgrey,dimgrey,11
ENSG00000115295,darkgrey,darkgrey,7
ENSG00000115306,darkgrey,darkgrey,7
ENSG00000115307,darkgrey,darkgrey,7
ENSG00000115310,dimgrey,dimgrey,11
ENSG00000115317,silver,silver,29
ENSG00000115318,maroon,maroon,16
ENSG00000115325,darksalmon,darksalmon,10
ENSG00000115339,dimgrey,dimgrey,11
ENSG00000115350,dimgrey,dimgrey,11
ENSG00000115353,gainsboro,gainsboro,13
ENSG00000115355,dimgrey,dimgrey,11
ENSG00000115363,silver,silver,29
ENSG00000115364,dimgrey,dimgrey,11
ENSG00000115365,darkgrey,darkgrey,7
ENSG00000115368,silver,silver,29
ENSG00000115380,seashell,seashell,27
ENSG00000115392,silver,silver,29
ENSG00000115414,silver,silver,29
ENSG00000115415,silver,silver,29
ENSG00000115419,white,white,31
ENSG00000115421,brown,brown,3
ENSG00000115425,dimgrey,dimgrey,11
ENSG00000115446,dimgrey,dimgrey,11
ENSG00000115457,darkgrey,darkgrey,7
ENSG00000115459,silver,silver,29
ENSG00000115461,silver,silver,29
ENSG00000115464,coral,coral,6
ENSG00000115468,dimgrey,dimgrey,11
ENSG00000115484,dimgrey,dimgrey,11
ENSG00000115486,dimgrey,dimgrey,11
ENSG00000115504,silver,silver,29
ENSG00000115514,silver,silver,29
ENSG00000115520,silver,silver,29
ENSG00000115524,silver,silver,29
ENSG00000115525,dimgrey,dimgrey,11
ENSG00000115526,dimgrey,dimgrey,11
ENSG00000115539,red,red,24
ENSG00000115540,darkgrey,darkgrey,7
ENSG00000115541,dimgrey,dimgrey,11
ENSG00000115548,darkgrey,darkgrey,7
ENSG00000115561,darkgrey,darkgrey,7
ENSG00000115568,darkgrey,darkgrey,7
ENSG00000115594,white,white,31
ENSG00000115598,dimgrey,dimgrey,11
ENSG00000115641,silver,silver,29
ENSG00000115648,maroon,maroon,16
ENSG00000115649,darkgrey,darkgrey,7
ENSG00000115652,darkgrey,darkgrey,7
ENSG00000115661,silver,silver,29
ENSG00000115677,dimgrey,dimgrey,11
ENSG00000115685,sienna,sienna,28
ENSG00000115687,maroon,maroon,16
ENSG00000115694,darksalmon,darksalmon,10
ENSG00000115738,dimgrey,dimgrey,11
ENSG00000115750,silver,silver,29
ENSG00000115756,darkgrey,darkgrey,7
ENSG00000115758,dimgrey,dimgrey,11
ENSG00000115760,silver,silver,29
ENSG00000115761,darkgrey,darkgrey,7
ENSG00000115762,lightcoral,lightcoral,14
ENSG00000115806,dimgrey,dimgrey,11
ENSG00000115808,darkgrey,darkgrey,7
ENSG00000115816,red,red,24
ENSG00000115825,coral,coral,6
ENSG00000115827,gainsboro,gainsboro,13
ENSG00000115828,silver,silver,29
ENSG00000115839,darkgrey,darkgrey,7
ENSG00000115841,dimgrey,dimgrey,11
ENSG00000115844,maroon,maroon,16
ENSG00000115866,darkred,darkred,9
ENSG00000115875,dimgrey,dimgrey,11
ENSG00000115884,darkgrey,darkgrey,7
ENSG00000115902,darkgrey,darkgrey,7
ENSG00000115904,silver,silver,29
ENSG00000115919,silver,silver,29
ENSG00000115935,darkgrey,darkgrey,7
ENSG00000115942,silver,silver,29
ENSG00000115944,silver,silver,29
ENSG00000115946,silver,silver,29
ENSG00000115947,silver,silver,29
ENSG00000115963,gainsboro,gainsboro,13
ENSG00000115966,dimgrey,dimgrey,11
ENSG00000115970,darkgrey,darkgrey,7
ENSG00000115977,dimgrey,dimgrey,11
ENSG00000115993,white,white,31
ENSG00000115998,silver,silver,29
ENSG00000116001,silver,silver,29
ENSG00000116005,dimgrey,dimgrey,11
ENSG00000116016,seashell,seashell,27
ENSG00000116017,darkgrey,darkgrey,7
ENSG00000116030,dimgrey,dimgrey,11
ENSG00000116035,silver,silver,29
ENSG00000116044,gainsboro,gainsboro,13
ENSG00000116062,red,red,24
ENSG00000116095,silver,silver,29
ENSG00000116096,dimgrey,dimgrey,11
ENSG00000116106,gainsboro,gainsboro,13
ENSG00000116117,dimgrey,dimgrey,11
ENSG00000116120,maroon,maroon,16
ENSG00000116127,darkgrey,darkgrey,7
ENSG00000116128,darkgrey,darkgrey,7
ENSG00000116132,darkgrey,darkgrey,7
ENSG00000116133,darkgrey,darkgrey,7
ENSG00000116138,darkgrey,darkgrey,7
ENSG00000116151,maroon,maroon,16
ENSG00000116157,dimgrey,dimgrey,11
ENSG00000116161,dimgrey,dimgrey,11
ENSG00000116171,silver,silver,29
ENSG00000116183,dimgrey,dimgrey,11
ENSG00000116191,darkgrey,darkgrey,7
ENSG00000116194,darkgrey,darkgrey,7
ENSG00000116198,dimgrey,dimgrey,11
ENSG00000116199,gainsboro,gainsboro,13
ENSG00000116205,dimgrey,dimgrey,11
ENSG00000116209,dimgrey,dimgrey,11
ENSG00000116212,darkgrey,darkgrey,7
ENSG00000116213,darkgrey,darkgrey,7
ENSG00000116221,silver,silver,29
ENSG00000116237,dimgrey,dimgrey,11
ENSG00000116251,dimgrey,dimgrey,11
ENSG00000116260,darkgrey,darkgrey,7
ENSG00000116266,silver,silver,29
ENSG00000116273,silver,silver,29
ENSG00000116285,dimgrey,dimgrey,11
ENSG00000116288,dimgrey,dimgrey,11
ENSG00000116299,firebrick,firebrick,12
ENSG00000116337,darkgrey,darkgrey,7
ENSG00000116350,gainsboro,gainsboro,13
ENSG00000116353,dimgrey,dimgrey,11
ENSG00000116396,silver,silver,29
ENSG00000116406,gainsboro,gainsboro,13
ENSG00000116455,dimgrey,dimgrey,11
ENSG00000116459,dimgrey,dimgrey,11
ENSG00000116473,silver,silver,29
ENSG00000116478,darkgrey,darkgrey,7
ENSG00000116489,silver,silver,29
ENSG00000116497,darkgrey,darkgrey,7
ENSG00000116514,dimgrey,dimgrey,11
ENSG00000116521,dimgrey,dimgrey,11
ENSG00000116525,darkgrey,darkgrey,7
ENSG00000116539,gainsboro,gainsboro,13
ENSG00000116560,dimgrey,dimgrey,11
ENSG00000116580,dimgrey,dimgrey,11
ENSG00000116584,darkgrey,darkgrey,7
ENSG00000116586,dimgrey,dimgrey,11
ENSG00000116604,darkgrey,darkgrey,7
ENSG00000116641,firebrick,firebrick,12
ENSG00000116649,darkgrey,darkgrey,7
ENSG00000116661,darkgrey,darkgrey,7
ENSG00000116667,darkgrey,darkgrey,7
ENSG00000116668,maroon,maroon,16
ENSG00000116670,darkgrey,darkgrey,7
ENSG00000116675,dimgrey,dimgrey,11
ENSG00000116678,darkgrey,darkgrey,7
ENSG00000116679,silver,silver,29
ENSG00000116685,darkgrey,darkgrey,7
ENSG00000116688,darkgrey,darkgrey,7
ENSG00000116691,darkgrey,darkgrey,7
ENSG00000116698,darkgrey,darkgrey,7
ENSG00000116701,sienna,sienna,28
ENSG00000116704,silver,silver,29
ENSG00000116711,dimgrey,dimgrey,11
ENSG00000116717,dimgrey,dimgrey,11
ENSG00000116729,silver,silver,29
ENSG00000116731,darkgrey,darkgrey,7
ENSG00000116741,darkgrey,darkgrey,7
ENSG00000116747,gainsboro,gainsboro,13
ENSG00000116750,dimgrey,dimgrey,11
ENSG00000116752,dimgrey,dimgrey,11
ENSG00000116754,darkgrey,darkgrey,7
ENSG00000116761,darkgrey,darkgrey,7
ENSG00000116771,darkgrey,darkgrey,7
ENSG00000116774,peru,peru,23
ENSG00000116786,darkgrey,darkgrey,7
ENSG00000116791,darkgrey,darkgrey,7
ENSG00000116793,maroon,maroon,16
ENSG00000116809,darkgrey,darkgrey,7
ENSG00000116815,dimgrey,dimgrey,11
ENSG00000116830,gainsboro,gainsboro,13
ENSG00000116857,darkgrey,darkgrey,7
ENSG00000116863,darksalmon,darksalmon,10
ENSG00000116871,darkgrey,darkgrey,7
ENSG00000116874,dimgrey,dimgrey,11
ENSG00000116885,darkgrey,darkgrey,7
ENSG00000116898,dimgrey,dimgrey,11
ENSG00000116903,dimgrey,dimgrey,11
ENSG00000116906,dimgrey,dimgrey,11
ENSG00000116918,dimgrey,dimgrey,11
ENSG00000116922,silver,silver,29
ENSG00000116954,dimgrey,dimgrey,11
ENSG00000116962,darkred,darkred,9
ENSG00000116977,darkgrey,darkgrey,7
ENSG00000116984,gainsboro,gainsboro,13
ENSG00000116991,gainsboro,gainsboro,13
ENSG00000117000,darkgrey,darkgrey,7
ENSG00000117009,silver,silver,29
ENSG00000117010,dimgrey,dimgrey,11
ENSG00000117016,silver,silver,29
ENSG00000117020,dimgrey,dimgrey,11
ENSG00000117036,silver,silver,29
ENSG00000117054,dimgrey,dimgrey,11
ENSG00000117069,brown,brown,3
ENSG00000117114,silver,silver,29
ENSG00000117118,dimgrey,dimgrey,11
ENSG00000117133,silver,silver,29
ENSG00000117139,darkgrey,darkgrey,7
ENSG00000117143,silver,silver,29
ENSG00000117151,dimgrey,dimgrey,11
ENSG00000117152,silver,silver,29
ENSG00000117153,darkgrey,darkgrey,7
ENSG00000117155,silver,silver,29
ENSG00000117174,gainsboro,gainsboro,13
ENSG00000117222,gainsboro,gainsboro,13
ENSG00000117226,silver,silver,29
ENSG00000117228,gainsboro,gainsboro,13
ENSG00000117245,darkgrey,darkgrey,7
ENSG00000117262,dimgrey,dimgrey,11
ENSG00000117280,burlywood,burlywood,4
ENSG00000117298,darkgrey,darkgrey,7
ENSG00000117305,silver,silver,29
ENSG00000117308,white,white,31
ENSG00000117318,dimgrey,dimgrey,11
ENSG00000117335,silver,silver,29
ENSG00000117360,darkgrey,darkgrey,7
ENSG00000117362,darkgrey,darkgrey,7
ENSG00000117385,darkgrey,darkgrey,7
ENSG00000117394,dimgrey,dimgrey,11
ENSG00000117395,gainsboro,gainsboro,13
ENSG00000117399,silver,silver,29
ENSG00000117408,silver,silver,29
ENSG00000117410,darkgrey,darkgrey,7
ENSG00000117411,darkgrey,darkgrey,7
ENSG00000117419,dimgrey,dimgrey,11
ENSG00000117425,maroon,maroon,16
ENSG00000117448,dimgrey,dimgrey,11
ENSG00000117450,dimgrey,dimgrey,11
ENSG00000117461,darkgrey,darkgrey,7
ENSG00000117475,silver,silver,29
ENSG00000117477,dimgrey,dimgrey,11
ENSG00000117479,firebrick,firebrick,12
ENSG00000117481,dimgrey,dimgrey,11
ENSG00000117500,silver,silver,29
ENSG00000117505,silver,silver,29
ENSG00000117519,darkgrey,darkgrey,7
ENSG00000117523,red,red,24
ENSG00000117525,darkgrey,darkgrey,7
ENSG00000117528,silver,silver,29
ENSG00000117533,dimgrey,dimgrey,11
ENSG00000117543,darkgrey,darkgrey,7
ENSG00000117569,silver,silver,29
ENSG00000117586,dimgrey,dimgrey,11
ENSG00000117592,dimgrey,dimgrey,11
ENSG00000117593,silver,silver,29
ENSG00000117594,firebrick,firebrick,12
ENSG00000117597,dimgrey,dimgrey,11
ENSG00000117600,gainsboro,gainsboro,13
ENSG00000117602,dimgrey,dimgrey,11
ENSG00000117614,darkgrey,darkgrey,7
ENSG00000117616,darkgrey,darkgrey,7
ENSG00000117620,darkgrey,darkgrey,7
ENSG00000117625,gainsboro,gainsboro,13
ENSG00000117632,silver,silver,29
ENSG00000117640,silver,silver,29
ENSG00000117643,brown,brown,3
ENSG00000117650,gainsboro,gainsboro,13
ENSG00000117682,dimgrey,dimgrey,11
ENSG00000117691,dimgrey,dimgrey,11
ENSG00000117697,dimgrey,dimgrey,11
ENSG00000117713,dimgrey,dimgrey,11
ENSG00000117724,darkred,darkred,9
ENSG00000117748,dimgrey,dimgrey,11
ENSG00000117751,dimgrey,dimgrey,11
ENSG00000117758,dimgrey,dimgrey,11
ENSG00000117791,firebrick,firebrick,12
ENSG00000117859,silver,silver,29
ENSG00000117868,white,white,31
ENSG00000117877,darkgrey,darkgrey,7
ENSG00000117899,dimgrey,dimgrey,11
ENSG00000117906,dimgrey,dimgrey,11
ENSG00000117984,darkgrey,darkgrey,7
ENSG00000118007,gainsboro,gainsboro,13
ENSG00000118046,dimgrey,dimgrey,11
ENSG00000118058,gainsboro,gainsboro,13
ENSG00000118096,darkgrey,darkgrey,7
ENSG00000118162,white,white,31
ENSG00000118181,dimgrey,dimgrey,11
ENSG00000118193,dimgrey,dimgrey,11
ENSG00000118197,coral,coral,6
ENSG00000118200,dimgrey,dimgrey,11
ENSG00000118217,gainsboro,gainsboro,13
ENSG00000118242,dimgrey,dimgrey,11
ENSG00000118246,dimgrey,dimgrey,11
ENSG00000118257,darkgrey,darkgrey,7
ENSG00000118260,gainsboro,gainsboro,13
ENSG00000118263,dimgrey,dimgrey,11
ENSG00000118276,silver,silver,29
ENSG00000118292,gainsboro,gainsboro,13
ENSG00000118298,firebrick,firebrick,12
ENSG00000118363,silver,silver,29
ENSG00000118369,gainsboro,gainsboro,13
ENSG00000118402,silver,silver,29
ENSG00000118407,firebrick,firebrick,12
ENSG00000118412,silver,silver,29
ENSG00000118418,dimgrey,dimgrey,11
ENSG00000118420,lightcoral,lightcoral,14
ENSG00000118454,dimgrey,dimgrey,11
ENSG00000118473,darkgrey,darkgrey,7
ENSG00000118482,gainsboro,gainsboro,13
ENSG00000118495,silver,silver,29
ENSG00000118496,white,white,31
ENSG00000118503,gainsboro,gainsboro,13
ENSG00000118507,silver,silver,29
ENSG00000118508,dimgrey,dimgrey,11
ENSG00000118513,dimgrey,dimgrey,11
ENSG00000118515,silver,silver,29
ENSG00000118518,darkgrey,darkgrey,7
ENSG00000118523,white,white,31
ENSG00000118526,dimgrey,dimgrey,11
ENSG00000118564,silver,silver,29
ENSG00000118579,silver,silver,29
ENSG00000118596,dimgrey,dimgrey,11
ENSG00000118600,dimgrey,dimgrey,11
ENSG00000118620,white,white,31
ENSG00000118640,dimgrey,dimgrey,11
ENSG00000118655,silver,silver,29
ENSG00000118680,darkgrey,darkgrey,7
ENSG00000118689,darkgrey,darkgrey,7
ENSG00000118690,lightcoral,lightcoral,14
ENSG00000118705,dimgrey,dimgrey,11
ENSG00000118707,darkgrey,darkgrey,7
ENSG00000118762,darkgrey,darkgrey,7
ENSG00000118777,silver,silver,29
ENSG00000118785,silver,silver,29
ENSG00000118816,dimgrey,dimgrey,11
ENSG00000118849,silver,silver,29
ENSG00000118855,dimgrey,dimgrey,11
ENSG00000118873,gainsboro,gainsboro,13
ENSG00000118894,dimgrey,dimgrey,11
ENSG00000118898,silver,silver,29
ENSG00000118900,darkgrey,darkgrey,7
ENSG00000118922,gainsboro,gainsboro,13
ENSG00000118939,dimgrey,dimgrey,11
ENSG00000118960,darkgrey,darkgrey,7
ENSG00000118961,dimgrey,dimgrey,11
ENSG00000118965,silver,silver,29
ENSG00000118971,dimgrey,dimgrey,11
ENSG00000118985,silver,silver,29
ENSG00000118997,gainsboro,gainsboro,13
ENSG00000119004,darkgrey,darkgrey,7
ENSG00000119013,dimgrey,dimgrey,11
ENSG00000119041,darkgrey,darkgrey,7
ENSG00000119042,white,white,31
ENSG00000119048,silver,silver,29
ENSG00000119138,gainsboro,gainsboro,13
ENSG00000119139,darkgrey,darkgrey,7
ENSG00000119185,silver,silver,29
ENSG00000119203,dimgrey,dimgrey,11
ENSG00000119227,brown,brown,3
ENSG00000119231,maroon,maroon,16
ENSG00000119242,gainsboro,gainsboro,13
ENSG00000119280,white,white,31
ENSG00000119285,gainsboro,gainsboro,13
ENSG00000119314,darkgrey,darkgrey,7
ENSG00000119318,darkgrey,darkgrey,7
ENSG00000119321,dimgrey,dimgrey,11
ENSG00000119326,dimgrey,dimgrey,11
ENSG00000119328,darkgrey,darkgrey,7
ENSG00000119333,dimgrey,dimgrey,11
ENSG00000119335,gainsboro,gainsboro,13
ENSG00000119383,dimgrey,dimgrey,11
ENSG00000119392,darkgrey,darkgrey,7
ENSG00000119396,darkgrey,darkgrey,7
ENSG00000119397,gainsboro,gainsboro,13
ENSG00000119401,dimgrey,dimgrey,11
ENSG00000119402,darkgrey,darkgrey,7
ENSG00000119403,darkgrey,darkgrey,7
ENSG00000119408,darkgrey,darkgrey,7
ENSG00000119414,dimgrey,dimgrey,11
ENSG00000119421,white,white,31
ENSG00000119431,silver,silver,29
ENSG00000119446,dimgrey,dimgrey,11
ENSG00000119471,dimgrey,dimgrey,11
ENSG00000119487,silver,silver,29
ENSG00000119508,silver,silver,29
ENSG00000119509,darkgrey,darkgrey,7
ENSG00000119522,darkgrey,darkgrey,7
ENSG00000119523,darkgrey,darkgrey,7
ENSG00000119537,gainsboro,gainsboro,13
ENSG00000119541,darkgrey,darkgrey,7
ENSG00000119547,darkgrey,darkgrey,7
ENSG00000119559,dimgrey,dimgrey,11
ENSG00000119574,darkgrey,darkgrey,7
ENSG00000119596,darkgrey,darkgrey,7
ENSG00000119599,darkgrey,darkgrey,7
ENSG00000119616,dimgrey,dimgrey,11
ENSG00000119630,silver,silver,29
ENSG00000119632,dimgrey,dimgrey,11
ENSG00000119636,dimgrey,dimgrey,11
ENSG00000119638,darkgrey,darkgrey,7
ENSG00000119640,dimgrey,dimgrey,11
ENSG00000119650,darkgrey,darkgrey,7
ENSG00000119655,darkgrey,darkgrey,7
ENSG00000119661,dimgrey,dimgrey,11
ENSG00000119669,gainsboro,gainsboro,13
ENSG00000119673,silver,silver,29
ENSG00000119681,darkgrey,darkgrey,7
ENSG00000119682,dimgrey,dimgrey,11
ENSG00000119684,dimgrey,dimgrey,11
ENSG00000119685,gainsboro,gainsboro,13
ENSG00000119686,dimgrey,dimgrey,11
ENSG00000119688,silver,silver,29
ENSG00000119689,dimgrey,dimgrey,11
ENSG00000119698,dimgrey,dimgrey,11
ENSG00000119699,darkgrey,darkgrey,7
ENSG00000119703,darkred,darkred,9
ENSG00000119705,dimgrey,dimgrey,11
ENSG00000119707,gainsboro,gainsboro,13
ENSG00000119711,darkgrey,darkgrey,7
ENSG00000119714,dimgrey,dimgrey,11
ENSG00000119718,silver,silver,29
ENSG00000119720,dimgrey,dimgrey,11
ENSG00000119723,darkgrey,darkgrey,7
ENSG00000119725,gainsboro,gainsboro,13
ENSG00000119729,maroon,maroon,16
ENSG00000119760,dimgrey,dimgrey,11
ENSG00000119771,dimgrey,dimgrey,11
ENSG00000119772,darkgrey,darkgrey,7
ENSG00000119777,silver,silver,29
ENSG00000119778,linen,linen,15
ENSG00000119782,dimgrey,dimgrey,11
ENSG00000119787,darkgrey,darkgrey,7
ENSG00000119801,dimgrey,dimgrey,11
ENSG00000119812,darkgrey,darkgrey,7
ENSG00000119820,gainsboro,gainsboro,13
ENSG00000119844,gainsboro,gainsboro,13
ENSG00000119862,dimgrey,dimgrey,11
ENSG00000119865,dimgrey,dimgrey,11
ENSG00000119866,silver,silver,29
ENSG00000119878,dimgrey,dimgrey,11
ENSG00000119888,gainsboro,gainsboro,13
ENSG00000119899,white,white,31
ENSG00000119900,silver,silver,29
ENSG00000119906,dimgrey,dimgrey,11
ENSG00000119912,silver,silver,29
ENSG00000119917,dimgrey,dimgrey,11
ENSG00000119922,seashell,seashell,27
ENSG00000119927,silver,silver,29
ENSG00000119929,silver,silver,29
ENSG00000119938,silver,silver,29
ENSG00000119943,dimgrey,dimgrey,11
ENSG00000119946,darkgrey,darkgrey,7
ENSG00000119950,gainsboro,gainsboro,13
ENSG00000119953,gainsboro,gainsboro,13
ENSG00000119965,saddlebrown,saddlebrown,25
ENSG00000119969,darkred,darkred,9
ENSG00000119977,silver,silver,29
ENSG00000119979,silver,silver,29
ENSG00000119986,darkgrey,darkgrey,7
ENSG00000120008,silver,silver,29
ENSG00000120029,dimgrey,dimgrey,11
ENSG00000120049,dimgrey,dimgrey,11
ENSG00000120051,dimgrey,dimgrey,11
ENSG00000120053,silver,silver,29
ENSG00000120063,dimgrey,dimgrey,11
ENSG00000120068,coral,coral,6
ENSG00000120071,silver,silver,29
ENSG00000120075,darkgrey,darkgrey,7
ENSG00000120093,gainsboro,gainsboro,13
ENSG00000120129,darkred,darkred,9
ENSG00000120137,white,white,31
ENSG00000120149,darkgrey,darkgrey,7
ENSG00000120156,lightcoral,lightcoral,14
ENSG00000120158,dimgrey,dimgrey,11
ENSG00000120159,gainsboro,gainsboro,13
ENSG00000120215,gainsboro,gainsboro,13
ENSG00000120217,dimgrey,dimgrey,11
ENSG00000120253,dimgrey,dimgrey,11
ENSG00000120254,dimgrey,dimgrey,11
ENSG00000120256,dimgrey,dimgrey,11
ENSG00000120262,silver,silver,29
ENSG00000120265,dimgrey,dimgrey,11
ENSG00000120278,maroon,maroon,16
ENSG00000120306,dimgrey,dimgrey,11
ENSG00000120314,dimgrey,dimgrey,11
ENSG00000120318,dimgrey,dimgrey,11
ENSG00000120333,dimgrey,dimgrey,11
ENSG00000120334,darkgrey,darkgrey,7
ENSG00000120370,dimgrey,dimgrey,11
ENSG00000120437,bisque,bisque,1
ENSG00000120438,dimgrey,dimgrey,11
ENSG00000120451,dimgrey,dimgrey,11
ENSG00000120458,firebrick,firebrick,12
ENSG00000120509,darkgrey,darkgrey,7
ENSG00000120519,dimgrey,dimgrey,11
ENSG00000120526,dimgrey,dimgrey,11
ENSG00000120533,dimgrey,dimgrey,11
ENSG00000120539,dimgrey,dimgrey,11
ENSG00000120549,dimgrey,dimgrey,11
ENSG00000120594,maroon,maroon,16
ENSG00000120616,dimgrey,dimgrey,11
ENSG00000120647,dimgrey,dimgrey,11
ENSG00000120656,moccasin,moccasin,17
ENSG00000120658,silver,silver,29
ENSG00000120662,dimgrey,dimgrey,11
ENSG00000120675,dimgrey,dimgrey,11
ENSG00000120685,dimgrey,dimgrey,11
ENSG00000120686,silver,silver,29
ENSG00000120688,darkgrey,darkgrey,7
ENSG00000120690,darkgrey,darkgrey,7
ENSG00000120693,gainsboro,gainsboro,13
ENSG00000120694,red,red,24
ENSG00000120696,silver,silver,29
ENSG00000120697,darkgrey,darkgrey,7
ENSG00000120699,silver,silver,29
ENSG00000120705,dimgrey,dimgrey,11
ENSG00000120708,dimgrey,dimgrey,11
ENSG00000120709,darkgrey,darkgrey,7
ENSG00000120725,gainsboro,gainsboro,13
ENSG00000120727,darkgrey,darkgrey,7
ENSG00000120733,darkgrey,darkgrey,7
ENSG00000120738,silver,silver,29
ENSG00000120742,dimgrey,dimgrey,11
ENSG00000120756,dimgrey,dimgrey,11
ENSG00000120784,maroon,maroon,16
ENSG00000120798,gainsboro,gainsboro,13
ENSG00000120800,sandybrown,sandybrown,26
ENSG00000120802,white,white,31
ENSG00000120805,dimgrey,dimgrey,11
ENSG00000120820,silver,silver,29
ENSG00000120832,dimgrey,dimgrey,11
ENSG00000120833,darkred,darkred,9
ENSG00000120837,darkgrey,darkgrey,7
ENSG00000120860,dimgrey,dimgrey,11
ENSG00000120868,gainsboro,gainsboro,13
ENSG00000120875,maroon,maroon,16
ENSG00000120885,darkgrey,darkgrey,7
ENSG00000120889,gainsboro,gainsboro,13
ENSG00000120896,dimgrey,dimgrey,11
ENSG00000120899,darkgrey,darkgrey,7
ENSG00000120910,silver,silver,29
ENSG00000120913,darkgrey,darkgrey,7
ENSG00000120925,darkgrey,darkgrey,7
ENSG00000120942,dimgrey,dimgrey,11
ENSG00000120948,silver,silver,29
ENSG00000120963,dimgrey,dimgrey,11
ENSG00000120992,gainsboro,gainsboro,13
ENSG00000121022,dimgrey,dimgrey,11
ENSG00000121039,silver,silver,29
ENSG00000121057,dimgrey,dimgrey,11
ENSG00000121058,dimgrey,dimgrey,11
ENSG00000121060,dimgrey,dimgrey,11
ENSG00000121064,silver,silver,29
ENSG00000121067,darkgrey,darkgrey,7
ENSG00000121068,darkgrey,darkgrey,7
ENSG00000121073,dimgrey,dimgrey,11
ENSG00000121075,dimgrey,dimgrey,11
ENSG00000121104,lightcoral,lightcoral,14
ENSG00000121152,gainsboro,gainsboro,13
ENSG00000121210,firebrick,firebrick,12
ENSG00000121236,silver,silver,29
ENSG00000121274,darkgrey,darkgrey,7
ENSG00000121281,papayawhip,papayawhip,21
ENSG00000121289,gainsboro,gainsboro,13
ENSG00000121297,brown,brown,3
ENSG00000121310,darkgrey,darkgrey,7
ENSG00000121316,dimgrey,dimgrey,11
ENSG00000121350,dimgrey,dimgrey,11
ENSG00000121361,dimgrey,dimgrey,11
ENSG00000121390,darkred,darkred,9
ENSG00000121406,lightcoral,lightcoral,14
ENSG00000121413,dimgrey,dimgrey,11
ENSG00000121417,dimgrey,dimgrey,11
ENSG00000121440,dimgrey,dimgrey,11
ENSG00000121481,silver,silver,29
ENSG00000121486,darkgrey,darkgrey,7
ENSG00000121542,dimgrey,dimgrey,11
ENSG00000121552,silver,silver,29
ENSG00000121570,darkgrey,darkgrey,7
ENSG00000121578,dimgrey,dimgrey,11
ENSG00000121579,dimgrey,dimgrey,11
ENSG00000121621,silver,silver,29
ENSG00000121644,darkgrey,darkgrey,7
ENSG00000121671,darkgrey,darkgrey,7
ENSG00000121680,dimgrey,dimgrey,11
ENSG00000121690,gainsboro,gainsboro,13
ENSG00000121691,silver,silver,29
ENSG00000121716,white,white,31
ENSG00000121741,gainsboro,gainsboro,13
ENSG00000121743,dimgrey,dimgrey,11
ENSG00000121749,darkred,darkred,9
ENSG00000121753,dimgrey,dimgrey,11
ENSG00000121766,dimgrey,dimgrey,11
ENSG00000121769,white,white,31
ENSG00000121774,silver,silver,29
ENSG00000121775,darkgrey,darkgrey,7
ENSG00000121797,dimgrey,dimgrey,11
ENSG00000121851,darkgrey,darkgrey,7
ENSG00000121858,darkred,darkred,9
ENSG00000121864,gainsboro,gainsboro,13
ENSG00000121879,darkgrey,darkgrey,7
ENSG00000121892,white,white,31
ENSG00000121895,dimgrey,dimgrey,11
ENSG00000121897,dimgrey,dimgrey,11
ENSG00000121898,dimgrey,dimgrey,11
ENSG00000121900,dimgrey,dimgrey,11
ENSG00000121903,sandybrown,sandybrown,26
ENSG00000121904,dimgrey,dimgrey,11
ENSG00000121931,darkgrey,darkgrey,7
ENSG00000121940,dimgrey,dimgrey,11
ENSG00000121957,gainsboro,gainsboro,13
ENSG00000121964,silver,silver,29
ENSG00000121988,lightcoral,lightcoral,14
ENSG00000121989,seashell,seashell,27
ENSG00000122008,dimgrey,dimgrey,11
ENSG00000122026,dimgrey,dimgrey,11
ENSG00000122033,gainsboro,gainsboro,13
ENSG00000122034,silver,silver,29
ENSG00000122042,silver,silver,29
ENSG00000122068,silver,silver,29
ENSG00000122085,dimgrey,dimgrey,11
ENSG00000122126,darkgrey,darkgrey,7
ENSG00000122140,dimgrey,dimgrey,11
ENSG00000122176,white,white,31
ENSG00000122203,silver,silver,29
ENSG00000122218,gainsboro,gainsboro,13
ENSG00000122257,dimgrey,dimgrey,11
ENSG00000122299,gainsboro,gainsboro,13
ENSG00000122335,firebrick,firebrick,12
ENSG00000122359,darkgrey,darkgrey,7
ENSG00000122376,dimgrey,dimgrey,11
ENSG00000122378,gainsboro,gainsboro,13
ENSG00000122386,darkgrey,darkgrey,7
ENSG00000122390,darkgrey,darkgrey,7
ENSG00000122406,dimgrey,dimgrey,11
ENSG00000122417,gainsboro,gainsboro,13
ENSG00000122420,darkgrey,darkgrey,7
ENSG00000122432,maroon,maroon,16
ENSG00000122435,gainsboro,gainsboro,13
ENSG00000122481,dimgrey,dimgrey,11
ENSG00000122482,orangered,orangered,20
ENSG00000122483,darkgrey,darkgrey,7
ENSG00000122484,darkgrey,darkgrey,7
ENSG00000122490,darkgrey,darkgrey,7
ENSG00000122507,dimgrey,dimgrey,11
ENSG00000122512,white,white,31
ENSG00000122515,darkgrey,darkgrey,7
ENSG00000122545,dimgrey,dimgrey,11
ENSG00000122547,silver,silver,29
ENSG00000122550,dimgrey,dimgrey,11
ENSG00000122557,darkgrey,darkgrey,7
ENSG00000122565,dimgrey,dimgrey,11
ENSG00000122566,dimgrey,dimgrey,11
ENSG00000122574,dimgrey,dimgrey,11
ENSG00000122591,white,white,31
ENSG00000122641,darkgrey,darkgrey,7
ENSG00000122642,seashell,seashell,27
ENSG00000122643,darkgrey,darkgrey,7
ENSG00000122644,dimgrey,dimgrey,11
ENSG00000122674,gainsboro,gainsboro,13
ENSG00000122678,sienna,sienna,28
ENSG00000122691,firebrick,firebrick,12
ENSG00000122692,dimgrey,dimgrey,11
ENSG00000122694,darkgrey,darkgrey,7
ENSG00000122696,dimgrey,dimgrey,11
ENSG00000122705,maroon,maroon,16
ENSG00000122707,silver,silver,29
ENSG00000122729,darkgrey,darkgrey,7
ENSG00000122741,darkgrey,darkgrey,7
ENSG00000122778,dimgrey,dimgrey,11
ENSG00000122779,silver,silver,29
ENSG00000122783,dimgrey,dimgrey,11
ENSG00000122786,gainsboro,gainsboro,13
ENSG00000122824,darkgrey,darkgrey,7
ENSG00000122861,dimgrey,dimgrey,11
ENSG00000122862,silver,silver,29
ENSG00000122863,silver,silver,29
ENSG00000122870,gainsboro,gainsboro,13
ENSG00000122873,dimgrey,dimgrey,11
ENSG00000122882,darkgrey,darkgrey,7
ENSG00000122884,gainsboro,gainsboro,13
ENSG00000122912,dimgrey,dimgrey,11
ENSG00000122952,white,white,31
ENSG00000122958,dimgrey,dimgrey,11
ENSG00000122965,darkgrey,darkgrey,7
ENSG00000122966,silver,silver,29
ENSG00000122970,silver,silver,29
ENSG00000122971,darkgrey,darkgrey,7
ENSG00000122986,dimgrey,dimgrey,11
ENSG00000123064,darkgrey,darkgrey,7
ENSG00000123066,dimgrey,dimgrey,11
ENSG00000123080,dimgrey,dimgrey,11
ENSG00000123091,silver,silver,29
ENSG00000123094,silver,silver,29
ENSG00000123095,silver,silver,29
ENSG00000123096,maroon,maroon,16
ENSG00000123104,gainsboro,gainsboro,13
ENSG00000123106,gainsboro,gainsboro,13
ENSG00000123119,silver,silver,29
ENSG00000123124,darkgrey,darkgrey,7
ENSG00000123130,darkgrey,darkgrey,7
ENSG00000123131,silver,silver,29
ENSG00000123136,dimgrey,dimgrey,11
ENSG00000123143,white,white,31
ENSG00000123144,silver,silver,29
ENSG00000123146,silver,silver,29
ENSG00000123159,darkgrey,darkgrey,7
ENSG00000123178,darkgrey,darkgrey,7
ENSG00000123179,darkred,darkred,9
ENSG00000123191,silver,silver,29
ENSG00000123200,gainsboro,gainsboro,13
ENSG00000123213,silver,silver,29
ENSG00000123219,dimgrey,dimgrey,11
ENSG00000123240,dimgrey,dimgrey,11
ENSG00000123268,silver,silver,29
ENSG00000123342,dimgrey,dimgrey,11
ENSG00000123352,silver,silver,29
ENSG00000123353,gainsboro,gainsboro,13
ENSG00000123358,silver,silver,29
ENSG00000123374,darkgrey,darkgrey,7
ENSG00000123384,darkgrey,darkgrey,7
ENSG00000123411,gainsboro,gainsboro,13
ENSG00000123415,dimgrey,dimgrey,11
ENSG00000123416,gainsboro,gainsboro,13
ENSG00000123427,dimgrey,dimgrey,11
ENSG00000123453,dimgrey,dimgrey,11
ENSG00000123472,dimgrey,dimgrey,11
ENSG00000123473,darkgrey,darkgrey,7
ENSG00000123485,maroon,maroon,16
ENSG00000123496,dimgrey,dimgrey,11
ENSG00000123500,dimgrey,dimgrey,11
ENSG00000123505,gainsboro,gainsboro,13
ENSG00000123545,silver,silver,29
ENSG00000123552,gainsboro,gainsboro,13
ENSG00000123562,silver,silver,29
ENSG00000123570,dimgrey,dimgrey,11
ENSG00000123572,maroon,maroon,16
ENSG00000123575,silver,silver,29
ENSG00000123595,silver,silver,29
ENSG00000123600,orangered,orangered,20
ENSG00000123607,darkgrey,darkgrey,7
ENSG00000123609,darkgrey,darkgrey,7
ENSG00000123610,silver,silver,29
ENSG00000123612,silver,silver,29
ENSG00000123636,dimgrey,dimgrey,11
ENSG00000123643,darkgrey,darkgrey,7
ENSG00000123684,gainsboro,gainsboro,13
ENSG00000123685,dimgrey,dimgrey,11
ENSG00000123689,dimgrey,dimgrey,11
ENSG00000123700,darkgrey,darkgrey,7
ENSG00000123728,silver,silver,29
ENSG00000123737,dimgrey,dimgrey,11
ENSG00000123739,gainsboro,gainsboro,13
ENSG00000123810,dimgrey,dimgrey,11
ENSG00000123815,darkgrey,darkgrey,7
ENSG00000123836,darkgrey,darkgrey,7
ENSG00000123908,darkgrey,darkgrey,7
ENSG00000123933,darkgrey,darkgrey,7
ENSG00000123975,silver,silver,29
ENSG00000123983,darkgrey,darkgrey,7
ENSG00000123989,darkgrey,darkgrey,7
ENSG00000123992,dimgrey,dimgrey,11
ENSG00000124006,darkgrey,darkgrey,7
ENSG00000124067,brown,brown,3
ENSG00000124074,dimgrey,dimgrey,11
ENSG00000124091,silver,silver,29
ENSG00000124098,dimgrey,dimgrey,11
ENSG00000124104,silver,silver,29
ENSG00000124120,silver,silver,29
ENSG00000124126,darkgrey,darkgrey,7
ENSG00000124140,dimgrey,dimgrey,11
ENSG00000124145,darkgrey,darkgrey,7
ENSG00000124151,dimgrey,dimgrey,11
ENSG00000124155,darkgrey,darkgrey,7
ENSG00000124160,dimgrey,dimgrey,11
ENSG00000124164,darkgrey,darkgrey,7
ENSG00000124171,darkgrey,darkgrey,7
ENSG00000124172,dimgrey,dimgrey,11
ENSG00000124177,darkgrey,darkgrey,7
ENSG00000124181,darkgrey,darkgrey,7
ENSG00000124191,darkgrey,darkgrey,7
ENSG00000124193,dimgrey,dimgrey,11
ENSG00000124198,gainsboro,gainsboro,13
ENSG00000124201,silver,silver,29
ENSG00000124207,dimgrey,dimgrey,11
ENSG00000124209,darkgrey,darkgrey,7
ENSG00000124214,darkgrey,darkgrey,7
ENSG00000124216,lightcoral,lightcoral,14
ENSG00000124217,dimgrey,dimgrey,11
ENSG00000124222,dimgrey,dimgrey,11
ENSG00000124225,darkgrey,darkgrey,7
ENSG00000124226,dimgrey,dimgrey,11
ENSG00000124228,darkgrey,darkgrey,7
ENSG00000124243,darkgrey,darkgrey,7
ENSG00000124257,white,white,31
ENSG00000124275,dimgrey,dimgrey,11
ENSG00000124279,dimgrey,dimgrey,11
ENSG00000124299,dimgrey,dimgrey,11
ENSG00000124313,darkgrey,darkgrey,7
ENSG00000124343,darkgrey,darkgrey,7
ENSG00000124356,maroon,maroon,16
ENSG00000124357,dimgrey,dimgrey,11
ENSG00000124370,dimgrey,dimgrey,11
ENSG00000124374,dimgrey,dimgrey,11
ENSG00000124380,dimgrey,dimgrey,11
ENSG00000124383,dimgrey,dimgrey,11
ENSG00000124406,silver,silver,29
ENSG00000124422,darkgrey,darkgrey,7
ENSG00000124444,brown,brown,3
ENSG00000124459,silver,silver,29
ENSG00000124466,dimgrey,dimgrey,11
ENSG00000124479,maroon,maroon,16
ENSG00000124486,silver,silver,29
ENSG00000124496,dimgrey,dimgrey,11
ENSG00000124508,dimgrey,dimgrey,11
ENSG00000124523,darkgrey,darkgrey,7
ENSG00000124532,silver,silver,29
ENSG00000124535,dimgrey,dimgrey,11
ENSG00000124541,dimgrey,dimgrey,11
ENSG00000124562,dimgrey,dimgrey,11
ENSG00000124570,silver,silver,29
ENSG00000124571,gainsboro,gainsboro,13
ENSG00000124574,dimgrey,dimgrey,11
ENSG00000124575,gainsboro,gainsboro,13
ENSG00000124587,dimgrey,dimgrey,11
ENSG00000124588,dimgrey,dimgrey,11
ENSG00000124596,dimgrey,dimgrey,11
ENSG00000124608,lightcoral,lightcoral,14
ENSG00000124610,brown,brown,3
ENSG00000124613,dimgrey,dimgrey,11
ENSG00000124614,gainsboro,gainsboro,13
ENSG00000124615,dimgrey,dimgrey,11
ENSG00000124635,darkgrey,darkgrey,7
ENSG00000124641,white,white,31
ENSG00000124659,dimgrey,dimgrey,11
ENSG00000124688,gainsboro,gainsboro,13
ENSG00000124702,dimgrey,dimgrey,11
ENSG00000124733,dimgrey,dimgrey,11
ENSG00000124762,darkgrey,darkgrey,7
ENSG00000124766,darkgrey,darkgrey,7
ENSG00000124767,silver,silver,29
ENSG00000124772,dimgrey,dimgrey,11
ENSG00000124782,lightcoral,lightcoral,14
ENSG00000124783,dimgrey,dimgrey,11
ENSG00000124784,darkgrey,darkgrey,7
ENSG00000124786,dimgrey,dimgrey,11
ENSG00000124787,dimgrey,dimgrey,11
ENSG00000124788,gainsboro,gainsboro,13
ENSG00000124789,dimgrey,dimgrey,11
ENSG00000124795,gainsboro,gainsboro,13
ENSG00000124802,dimgrey,dimgrey,11
ENSG00000124813,brown,brown,3
ENSG00000124831,gainsboro,gainsboro,13
ENSG00000124839,silver,silver,29
ENSG00000124882,dimgrey,dimgrey,11
ENSG00000124920,silver,silver,29
ENSG00000124942,dimgrey,dimgrey,11
ENSG00000125037,dimgrey,dimgrey,11
ENSG00000125089,darkgrey,darkgrey,7
ENSG00000125107,gainsboro,gainsboro,13
ENSG00000125124,darkgrey,darkgrey,7
ENSG00000125144,dimgrey,dimgrey,11
ENSG00000125148,silver,silver,29
ENSG00000125149,dimgrey,dimgrey,11
ENSG00000125166,darkgrey,darkgrey,7
ENSG00000125170,dimgrey,dimgrey,11
ENSG00000125245,maroon,maroon,16
ENSG00000125246,white,white,31
ENSG00000125247,dimgrey,dimgrey,11
ENSG00000125249,silver,silver,29
ENSG00000125257,maroon,maroon,16
ENSG00000125266,dimgrey,dimgrey,11
ENSG00000125304,darkgrey,darkgrey,7
ENSG00000125319,dimgrey,dimgrey,11
ENSG00000125347,darkgrey,darkgrey,7
ENSG00000125351,dimgrey,dimgrey,11
ENSG00000125352,maroon,maroon,16
ENSG00000125354,gainsboro,gainsboro,13
ENSG00000125356,dimgrey,dimgrey,11
ENSG00000125375,lightcoral,lightcoral,14
ENSG00000125378,darkgrey,darkgrey,7
ENSG00000125384,dimgrey,dimgrey,11
ENSG00000125386,darkgrey,darkgrey,7
ENSG00000125388,dimgrey,dimgrey,11
ENSG00000125398,dimgrey,dimgrey,11
ENSG00000125430,dimgrey,dimgrey,11
ENSG00000125434,white,white,31
ENSG00000125445,dimgrey,dimgrey,11
ENSG00000125447,silver,silver,29
ENSG00000125449,maroon,maroon,16
ENSG00000125450,darkgrey,darkgrey,7
ENSG00000125457,dimgrey,dimgrey,11
ENSG00000125458,darkgrey,darkgrey,7
ENSG00000125459,antiquewhite,antiquewhite,0
ENSG00000125482,gainsboro,gainsboro,13
ENSG00000125484,darkgrey,darkgrey,7
ENSG00000125485,silver,silver,29
ENSG00000125503,darkgrey,darkgrey,7
ENSG00000125505,sandybrown,sandybrown,26
ENSG00000125520,maroon,maroon,16
ENSG00000125531,darkgrey,darkgrey,7
ENSG00000125534,darkgrey,darkgrey,7
ENSG00000125538,gainsboro,gainsboro,13
ENSG00000125611,dimgrey,dimgrey,11
ENSG00000125618,gainsboro,gainsboro,13
ENSG00000125629,dimgrey,dimgrey,11
ENSG00000125630,silver,silver,29
ENSG00000125633,gainsboro,gainsboro,13
ENSG00000125637,white,white,31
ENSG00000125648,dimgrey,dimgrey,11
ENSG00000125650,lightcoral,lightcoral,14
ENSG00000125651,white,white,31
ENSG00000125652,silver,silver,29
ENSG00000125656,dimgrey,dimgrey,11
ENSG00000125657,dimgrey,dimgrey,11
ENSG00000125676,gainsboro,gainsboro,13
ENSG00000125686,darkgrey,darkgrey,7
ENSG00000125691,dimgrey,dimgrey,11
ENSG00000125703,dimgrey,dimgrey,11
ENSG00000125733,dimgrey,dimgrey,11
ENSG00000125734,silver,silver,29
ENSG00000125740,silver,silver,29
ENSG00000125741,darkgrey,darkgrey,7
ENSG00000125743,dimgrey,dimgrey,11
ENSG00000125744,gainsboro,gainsboro,13
ENSG00000125746,dimgrey,dimgrey,11
ENSG00000125753,darkgrey,darkgrey,7
ENSG00000125755,dimgrey,dimgrey,11
ENSG00000125772,darkgrey,darkgrey,7
ENSG00000125775,dimgrey,dimgrey,11
ENSG00000125779,darkgrey,darkgrey,7
ENSG00000125812,dimgrey,dimgrey,11
ENSG00000125814,dimgrey,dimgrey,11
ENSG00000125817,dimgrey,dimgrey,11
ENSG00000125818,silver,silver,29
ENSG00000125821,darkgrey,darkgrey,7
ENSG00000125826,darkgrey,darkgrey,7
ENSG00000125827,gainsboro,gainsboro,13
ENSG00000125834,silver,silver,29
ENSG00000125835,darkgrey,darkgrey,7
ENSG00000125841,darkgrey,darkgrey,7
ENSG00000125843,coral,coral,6
ENSG00000125844,dimgrey,dimgrey,11
ENSG00000125845,darkgrey,darkgrey,7
ENSG00000125846,dimgrey,dimgrey,11
ENSG00000125848,maroon,maroon,16
ENSG00000125863,dimgrey,dimgrey,11
ENSG00000125864,sandybrown,sandybrown,26
ENSG00000125868,red,red,24
ENSG00000125869,dimgrey,dimgrey,11
ENSG00000125870,silver,silver,29
ENSG00000125871,dimgrey,dimgrey,11
ENSG00000125875,darkgrey,darkgrey,7
ENSG00000125877,darkgrey,darkgrey,7
ENSG00000125885,dimgrey,dimgrey,11
ENSG00000125898,silver,silver,29
ENSG00000125901,darkgrey,darkgrey,7
ENSG00000125912,darkgrey,darkgrey,7
ENSG00000125944,darkred,darkred,9
ENSG00000125952,darkgrey,darkgrey,7
ENSG00000125962,silver,silver,29
ENSG00000125965,dimgrey,dimgrey,11
ENSG00000125967,red,red,24
ENSG00000125968,darkgrey,darkgrey,7
ENSG00000125970,silver,silver,29
ENSG00000125971,silver,silver,29
ENSG00000125977,gainsboro,gainsboro,13
ENSG00000125991,silver,silver,29
ENSG00000125995,dimgrey,dimgrey,11
ENSG00000126001,darkgrey,darkgrey,7
ENSG00000126003,silver,silver,29
ENSG00000126005,darkgrey,darkgrey,7
ENSG00000126010,silver,silver,29
ENSG00000126012,darkgrey,darkgrey,7
ENSG00000126016,brown,brown,3
ENSG00000126062,dimgrey,dimgrey,11
ENSG00000126067,silver,silver,29
ENSG00000126070,gainsboro,gainsboro,13
ENSG00000126088,dimgrey,dimgrey,11
ENSG00000126091,darkgrey,darkgrey,7
ENSG00000126106,darkgrey,darkgrey,7
ENSG00000126107,dimgrey,dimgrey,11
ENSG00000126214,dimgrey,dimgrey,11
ENSG00000126215,darkgrey,darkgrey,7
ENSG00000126216,darkgrey,darkgrey,7
ENSG00000126217,darkgrey,darkgrey,7
ENSG00000126218,maroon,maroon,16
ENSG00000126226,silver,silver,29
ENSG00000126243,darkgrey,darkgrey,7
ENSG00000126247,darkgrey,darkgrey,7
ENSG00000126249,silver,silver,29
ENSG00000126254,dimgrey,dimgrey,11
ENSG00000126261,silver,silver,29
ENSG00000126264,darkgrey,darkgrey,7
ENSG00000126267,dimgrey,dimgrey,11
ENSG00000126351,darkgrey,darkgrey,7
ENSG00000126391,darkgrey,darkgrey,7
ENSG00000126432,darkgrey,darkgrey,7
ENSG00000126453,darkgrey,darkgrey,7
ENSG00000126456,silver,silver,29
ENSG00000126457,darkgrey,darkgrey,7
ENSG00000126458,darkgrey,darkgrey,7
ENSG00000126461,dimgrey,dimgrey,11
ENSG00000126464,darkgrey,darkgrey,7
ENSG00000126522,darkgrey,darkgrey,7
ENSG00000126524,dimgrey,dimgrey,11
ENSG00000126561,darkgrey,darkgrey,7
ENSG00000126562,dimgrey,dimgrey,11
ENSG00000126581,darkgrey,darkgrey,7
ENSG00000126602,silver,silver,29
ENSG00000126653,gainsboro,gainsboro,13
ENSG00000126698,dimgrey,dimgrey,11
ENSG00000126705,darkgrey,darkgrey,7
ENSG00000126733,dimgrey,dimgrey,11
ENSG00000126746,silver,silver,29
ENSG00000126749,darkgrey,darkgrey,7
ENSG00000126752,darkgrey,darkgrey,7
ENSG00000126756,dimgrey,dimgrey,11
ENSG00000126767,darkgrey,darkgrey,7
ENSG00000126768,dimgrey,dimgrey,11
ENSG00000126773,silver,silver,29
ENSG00000126775,gainsboro,gainsboro,13
ENSG00000126777,darkred,darkred,9
ENSG00000126778,darkgrey,darkgrey,7
ENSG00000126785,dimgrey,dimgrey,11
ENSG00000126787,silver,silver,29
ENSG00000126790,dimgrey,dimgrey,11
ENSG00000126803,silver,silver,29
ENSG00000126804,gainsboro,gainsboro,13
ENSG00000126814,darkgrey,darkgrey,7
ENSG00000126822,darkgrey,darkgrey,7
ENSG00000126858,darkred,darkred,9
ENSG00000126870,red,red,24
ENSG00000126878,darkgrey,darkgrey,7
ENSG00000126882,dimgrey,dimgrey,11
ENSG00000126883,darkgrey,darkgrey,7
ENSG00000126903,dimgrey,dimgrey,11
ENSG00000126934,darkgrey,darkgrey,7
ENSG00000126945,white,white,31
ENSG00000126947,silver,silver,29
ENSG00000126950,darkgrey,darkgrey,7
ENSG00000126953,dimgrey,dimgrey,11
ENSG00000126970,darkgrey,darkgrey,7
ENSG00000127022,dimgrey,dimgrey,11
ENSG00000127054,dimgrey,dimgrey,11
ENSG00000127081,white,white,31
ENSG00000127124,silver,silver,29
ENSG00000127125,dimgrey,dimgrey,11
ENSG00000127184,dimgrey,dimgrey,11
ENSG00000127191,firebrick,firebrick,12
ENSG00000127220,papayawhip,papayawhip,21
ENSG00000127311,silver,silver,29
ENSG00000127314,dimgrey,dimgrey,11
ENSG00000127328,dimgrey,dimgrey,11
ENSG00000127329,dimgrey,dimgrey,11
ENSG00000127334,dimgrey,dimgrey,11
ENSG00000127337,darkgrey,darkgrey,7
ENSG00000127364,darkgrey,darkgrey,7
ENSG00000127415,darkgrey,darkgrey,7
ENSG00000127418,darkgrey,darkgrey,7
ENSG00000127419,darkgrey,darkgrey,7
ENSG00000127423,silver,silver,29
ENSG00000127445,darkgrey,darkgrey,7
ENSG00000127452,darkgrey,darkgrey,7
ENSG00000127463,dimgrey,dimgrey,11
ENSG00000127472,silver,silver,29
ENSG00000127481,gainsboro,gainsboro,13
ENSG00000127483,gainsboro,gainsboro,13
ENSG00000127511,dimgrey,dimgrey,11
ENSG00000127526,darkgrey,darkgrey,7
ENSG00000127527,darkgrey,darkgrey,7
ENSG00000127528,dimgrey,dimgrey,11
ENSG00000127533,darkgrey,darkgrey,7
ENSG00000127540,white,white,31
ENSG00000127580,white,white,31
ENSG00000127585,silver,silver,29
ENSG00000127586,dimgrey,dimgrey,11
ENSG00000127603,darkgrey,darkgrey,7
ENSG00000127616,dimgrey,dimgrey,11
ENSG00000127663,gainsboro,gainsboro,13
ENSG00000127666,darkgrey,darkgrey,7
ENSG00000127720,dimgrey,dimgrey,11
ENSG00000127804,darkgrey,darkgrey,7
ENSG00000127824,dimgrey,dimgrey,11
ENSG00000127837,darkgrey,darkgrey,7
ENSG00000127838,dimgrey,dimgrey,11
ENSG00000127863,silver,silver,29
ENSG00000127870,silver,silver,29
ENSG00000127884,darkgrey,darkgrey,7
ENSG00000127914,gainsboro,gainsboro,13
ENSG00000127920,silver,silver,29
ENSG00000127922,dimgrey,dimgrey,11
ENSG00000127946,dimgrey,dimgrey,11
ENSG00000127947,gainsboro,gainsboro,13
ENSG00000127948,firebrick,firebrick,12
ENSG00000127951,gainsboro,gainsboro,13
ENSG00000127952,darkgrey,darkgrey,7
ENSG00000127955,dimgrey,dimgrey,11
ENSG00000127980,silver,silver,29
ENSG00000127989,silver,silver,29
ENSG00000127990,dimgrey,dimgrey,11
ENSG00000127993,dimgrey,dimgrey,11
ENSG00000127995,silver,silver,29
ENSG00000128000,dimgrey,dimgrey,11
ENSG00000128016,silver,silver,29
ENSG00000128039,maroon,maroon,16
ENSG00000128050,dimgrey,dimgrey,11
ENSG00000128059,silver,silver,29
ENSG00000128159,darkgrey,darkgrey,7
ENSG00000128165,darkgrey,darkgrey,7
ENSG00000128185,white,white,31
ENSG00000128191,gainsboro,gainsboro,13
ENSG00000128228,darkgrey,darkgrey,7
ENSG00000128245,dimgrey,dimgrey,11
ENSG00000128266,dimgrey,dimgrey,11
ENSG00000128272,silver,silver,29
ENSG00000128274,gainsboro,gainsboro,13
ENSG00000128283,dimgrey,dimgrey,11
ENSG00000128284,dimgrey,dimgrey,11
ENSG00000128285,maroon,maroon,16
ENSG00000128294,silver,silver,29
ENSG00000128298,darkgrey,darkgrey,7
ENSG00000128309,gainsboro,gainsboro,13
ENSG00000128311,darkgrey,darkgrey,7
ENSG00000128335,dimgrey,dimgrey,11
ENSG00000128340,dimgrey,dimgrey,11
ENSG00000128342,dimgrey,dimgrey,11
ENSG00000128394,dimgrey,dimgrey,11
ENSG00000128408,lightcoral,lightcoral,14
ENSG00000128422,silver,silver,29
ENSG00000128463,dimgrey,dimgrey,11
ENSG00000128482,darkgrey,darkgrey,7
ENSG00000128487,gainsboro,gainsboro,13
ENSG00000128510,dimgrey,dimgrey,11
ENSG00000128512,dimgrey,dimgrey,11
ENSG00000128513,silver,silver,29
ENSG00000128524,lightcoral,lightcoral,14
ENSG00000128534,dimgrey,dimgrey,11
ENSG00000128536,maroon,maroon,16
ENSG00000128563,gainsboro,gainsboro,13
ENSG00000128564,silver,silver,29
ENSG00000128567,dimgrey,dimgrey,11
ENSG00000128573,silver,silver,29
ENSG00000128578,dimgrey,dimgrey,11
ENSG00000128581,silver,silver,29
ENSG00000128585,darkgrey,darkgrey,7
ENSG00000128590,chocolate,chocolate,5
ENSG00000128591,silver,silver,29
ENSG00000128594,gainsboro,gainsboro,13
ENSG00000128595,white,white,31
ENSG00000128596,darkgrey,darkgrey,7
ENSG00000128602,silver,silver,29
ENSG00000128606,silver,silver,29
ENSG00000128607,gainsboro,gainsboro,13
ENSG00000128609,silver,silver,29
ENSG00000128641,white,white,31
ENSG00000128654,dimgrey,dimgrey,11
ENSG00000128656,gainsboro,gainsboro,13
ENSG00000128683,dimgrey,dimgrey,11
ENSG00000128694,dimgrey,dimgrey,11
ENSG00000128699,dimgrey,dimgrey,11
ENSG00000128708,silver,silver,29
ENSG00000128731,gainsboro,gainsboro,13
ENSG00000128739,darkgrey,darkgrey,7
ENSG00000128789,dimgrey,dimgrey,11
ENSG00000128791,silver,silver,29
ENSG00000128805,dimgrey,dimgrey,11
ENSG00000128829,darkgrey,darkgrey,7
ENSG00000128849,silver,silver,29
ENSG00000128872,silver,silver,29
ENSG00000128881,gainsboro,gainsboro,13
ENSG00000128891,dimgrey,dimgrey,11
ENSG00000128908,dimgrey,dimgrey,11
ENSG00000128915,white,white,31
ENSG00000128917,silver,silver,29
ENSG00000128923,silver,silver,29
ENSG00000128928,darkgrey,darkgrey,7
ENSG00000128944,maroon,maroon,16
ENSG00000128951,dimgrey,dimgrey,11
ENSG00000128965,maroon,maroon,16
ENSG00000128973,gainsboro,gainsboro,13
ENSG00000128989,silver,silver,29
ENSG00000129003,darkgrey,darkgrey,7
ENSG00000129028,dimgrey,dimgrey,11
ENSG00000129038,maroon,maroon,16
ENSG00000129048,silver,silver,29
ENSG00000129055,darkgrey,darkgrey,7
ENSG00000129071,gainsboro,gainsboro,13
ENSG00000129083,dimgrey,dimgrey,11
ENSG00000129084,dimgrey,dimgrey,11
ENSG00000129103,darkgrey,darkgrey,7
ENSG00000129116,gainsboro,gainsboro,13
ENSG00000129128,darkgrey,darkgrey,7
ENSG00000129158,dimgrey,dimgrey,11
ENSG00000129173,brown,brown,3
ENSG00000129187,silver,silver,29
ENSG00000129194,silver,silver,29
ENSG00000129195,lightcoral,lightcoral,14
ENSG00000129197,dimgrey,dimgrey,11
ENSG00000129204,dimgrey,dimgrey,11
ENSG00000129214,silver,silver,29
ENSG00000129219,gainsboro,gainsboro,13
ENSG00000129235,dimgrey,dimgrey,11
ENSG00000129244,darkgrey,darkgrey,7
ENSG00000129245,darkgrey,darkgrey,7
ENSG00000129250,darkgrey,darkgrey,7
ENSG00000129255,silver,silver,29
ENSG00000129292,darkred,darkred,9
ENSG00000129295,darkgrey,darkgrey,7
ENSG00000129315,silver,silver,29
ENSG00000129317,dimgrey,dimgrey,11
ENSG00000129347,maroon,maroon,16
ENSG00000129351,darkgrey,darkgrey,7
ENSG00000129353,darkgrey,darkgrey,7
ENSG00000129354,darkgrey,darkgrey,7
ENSG00000129355,papayawhip,papayawhip,21
ENSG00000129422,gainsboro,gainsboro,13
ENSG00000129460,darksalmon,darksalmon,10
ENSG00000129472,darkgrey,darkgrey,7
ENSG00000129473,dimgrey,dimgrey,11
ENSG00000129474,dimgrey,dimgrey,11
ENSG00000129484,firebrick,firebrick,12
ENSG00000129493,darkgrey,darkgrey,7
ENSG00000129515,silver,silver,29
ENSG00000129518,blanchedalmond,blanchedalmond,2
ENSG00000129534,darkgrey,darkgrey,7
ENSG00000129562,silver,silver,29
ENSG00000129566,dimgrey,dimgrey,11
ENSG00000129596,dimgrey,dimgrey,11
ENSG00000129625,dimgrey,dimgrey,11
ENSG00000129636,dimgrey,dimgrey,11
ENSG00000129646,darkgrey,darkgrey,7
ENSG00000129657,maroon,maroon,16
ENSG00000129667,darkgrey,darkgrey,7
ENSG00000129675,dimgrey,dimgrey,11
ENSG00000129680,gainsboro,gainsboro,13
ENSG00000129682,silver,silver,29
ENSG00000129691,darkred,darkred,9
ENSG00000129696,dimgrey,dimgrey,11
ENSG00000129749,darkgrey,darkgrey,7
ENSG00000129810,silver,silver,29
ENSG00000129910,darkgrey,darkgrey,7
ENSG00000129911,darkgrey,darkgrey,7
ENSG00000129925,darkgrey,darkgrey,7
ENSG00000129932,darkgrey,darkgrey,7
ENSG00000129933,dimgrey,dimgrey,11
ENSG00000129946,darkgrey,darkgrey,7
ENSG00000129968,dimgrey,dimgrey,11
ENSG00000130005,dimgrey,dimgrey,11
ENSG00000130021,dimgrey,dimgrey,11
ENSG00000130023,dimgrey,dimgrey,11
ENSG00000130024,dimgrey,dimgrey,11
ENSG00000130032,darkgrey,darkgrey,7
ENSG00000130038,gainsboro,gainsboro,13
ENSG00000130052,dimgrey,dimgrey,11
ENSG00000130066,silver,silver,29
ENSG00000130119,white,white,31
ENSG00000130147,dimgrey,dimgrey,11
ENSG00000130150,silver,silver,29
ENSG00000130158,dimgrey,dimgrey,11
ENSG00000130159,dimgrey,dimgrey,11
ENSG00000130164,darkgrey,darkgrey,7
ENSG00000130165,dimgrey,dimgrey,11
ENSG00000130175,white,white,31
ENSG00000130176,darkgrey,darkgrey,7
ENSG00000130177,dimgrey,dimgrey,11
ENSG00000130193,darkgrey,darkgrey,7
ENSG00000130202,dimgrey,dimgrey,11
ENSG00000130204,dimgrey,dimgrey,11
ENSG00000130208,peru,peru,23
ENSG00000130222,gainsboro,gainsboro,13
ENSG00000130224,dimgrey,dimgrey,11
ENSG00000130227,darkgrey,darkgrey,7
ENSG00000130244,silver,silver,29
ENSG00000130254,red,red,24
ENSG00000130255,dimgrey,dimgrey,11
ENSG00000130270,darkgrey,darkgrey,7
ENSG00000130299,lightcoral,lightcoral,14
ENSG00000130303,darkgrey,darkgrey,7
ENSG00000130304,gainsboro,gainsboro,13
ENSG00000130305,darkgrey,darkgrey,7
ENSG00000130309,darkgrey,darkgrey,7
ENSG00000130311,darkgrey,darkgrey,7
ENSG00000130312,dimgrey,dimgrey,11
ENSG00000130313,firebrick,firebrick,12
ENSG00000130332,dimgrey,dimgrey,11
ENSG00000130338,white,white,31
ENSG00000130340,firebrick,firebrick,12
ENSG00000130347,dimgrey,dimgrey,11
ENSG00000130348,darkgrey,darkgrey,7
ENSG00000130349,dimgrey,dimgrey,11
ENSG00000130363,silver,silver,29
ENSG00000130382,dimgrey,dimgrey,11
ENSG00000130396,darkgrey,darkgrey,7
ENSG00000130402,gainsboro,gainsboro,13
ENSG00000130413,dimgrey,dimgrey,11
ENSG00000130414,darkgrey,darkgrey,7
ENSG00000130429,firebrick,firebrick,12
ENSG00000130433,dimgrey,dimgrey,11
ENSG00000130449,darkgrey,darkgrey,7
ENSG00000130475,silver,silver,29
ENSG00000130477,dimgrey,dimgrey,11
ENSG00000130479,dimgrey,dimgrey,11
ENSG00000130508,peru,peru,23
ENSG00000130511,firebrick,firebrick,12
ENSG00000130513,dimgrey,dimgrey,11
ENSG00000130517,darkgrey,darkgrey,7
ENSG00000130520,silver,silver,29
ENSG00000130522,darkgrey,darkgrey,7
ENSG00000130529,silver,silver,29
ENSG00000130544,gainsboro,gainsboro,13
ENSG00000130558,brown,brown,3
ENSG00000130559,darkgrey,darkgrey,7
ENSG00000130560,dimgrey,dimgrey,11
ENSG00000130584,dimgrey,dimgrey,11
ENSG00000130589,darkgrey,darkgrey,7
ENSG00000130590,darkgrey,darkgrey,7
ENSG00000130635,darkgrey,darkgrey,7
ENSG00000130638,dimgrey,dimgrey,11
ENSG00000130640,darkgrey,darkgrey,7
ENSG00000130649,dimgrey,dimgrey,11
ENSG00000130653,seashell,seashell,27
ENSG00000130669,dimgrey,dimgrey,11
ENSG00000130695,gainsboro,gainsboro,13
ENSG00000130702,gainsboro,gainsboro,13
ENSG00000130703,peachpuff,peachpuff,22
ENSG00000130706,silver,silver,29
ENSG00000130707,lightcoral,lightcoral,14
ENSG00000130713,dimgrey,dimgrey,11
ENSG00000130714,darkgrey,darkgrey,7
ENSG00000130717,dimgrey,dimgrey,11
ENSG00000130720,darkgrey,darkgrey,7
ENSG00000130724,dimgrey,dimgrey,11
ENSG00000130725,orangered,orangered,20
ENSG00000130726,white,white,31
ENSG00000130731,darkgrey,darkgrey,7
ENSG00000130733,silver,silver,29
ENSG00000130741,dimgrey,dimgrey,11
ENSG00000130748,dimgrey,dimgrey,11
ENSG00000130749,dimgrey,dimgrey,11
ENSG00000130751,dimgrey,dimgrey,11
ENSG00000130755,darkred,darkred,9
ENSG00000130758,silver,silver,29
ENSG00000130764,darkgrey,darkgrey,7
ENSG00000130766,gainsboro,gainsboro,13
ENSG00000130770,dimgrey,dimgrey,11
ENSG00000130772,dimgrey,dimgrey,11
ENSG00000130775,brown,brown,3
ENSG00000130779,red,red,24
ENSG00000130787,firebrick,firebrick,12
ENSG00000130803,dimgrey,dimgrey,11
ENSG00000130810,darkgrey,darkgrey,7
ENSG00000130811,dimgrey,dimgrey,11
ENSG00000130813,darkgrey,darkgrey,7
ENSG00000130816,silver,silver,29
ENSG00000130818,dimgrey,dimgrey,11
ENSG00000130821,darkgrey,darkgrey,7
ENSG00000130826,dimgrey,dimgrey,11
ENSG00000130827,tan,tan,30
ENSG00000130830,silver,silver,29
ENSG00000130844,gainsboro,gainsboro,13
ENSG00000130856,dimgrey,dimgrey,11
ENSG00000130921,dimgrey,dimgrey,11
ENSG00000130935,darkgrey,darkgrey,7
ENSG00000130939,dimgrey,dimgrey,11
ENSG00000130956,darkgrey,darkgrey,7
ENSG00000130958,darkgrey,darkgrey,7
ENSG00000130962,dimgrey,dimgrey,11
ENSG00000130985,dimgrey,dimgrey,11
ENSG00000130988,white,white,31
ENSG00000130997,brown,brown,3
ENSG00000131013,gainsboro,gainsboro,13
ENSG00000131015,silver,silver,29
ENSG00000131016,gainsboro,gainsboro,13
ENSG00000131018,gainsboro,gainsboro,13
ENSG00000131019,darkgrey,darkgrey,7
ENSG00000131023,silver,silver,29
ENSG00000131037,maroon,maroon,16
ENSG00000131043,darkgrey,darkgrey,7
ENSG00000131051,dimgrey,dimgrey,11
ENSG00000131061,dimgrey,dimgrey,11
ENSG00000131067,white,white,31
ENSG00000131069,white,white,31
ENSG00000131080,dimgrey,dimgrey,11
ENSG00000131089,gainsboro,gainsboro,13
ENSG00000131100,silver,silver,29
ENSG00000131115,darkgrey,darkgrey,7
ENSG00000131116,dimgrey,dimgrey,11
ENSG00000131127,darkgrey,darkgrey,7
ENSG00000131143,dimgrey,dimgrey,11
ENSG00000131148,darksalmon,darksalmon,10
ENSG00000131149,darkgrey,darkgrey,7
ENSG00000131153,dimgrey,dimgrey,11
ENSG00000131165,darkgrey,darkgrey,7
ENSG00000131171,orangered,orangered,20
ENSG00000131174,dimgrey,dimgrey,11
ENSG00000131187,silver,silver,29
ENSG00000131188,darkgrey,darkgrey,7
ENSG00000131196,darkgrey,darkgrey,7
ENSG00000131236,silver,silver,29
ENSG00000131238,darkgrey,darkgrey,7
ENSG00000131242,dimgrey,dimgrey,11
ENSG00000131263,silver,silver,29
ENSG00000131269,darkgrey,darkgrey,7
ENSG00000131323,dimgrey,dimgrey,11
ENSG00000131351,maroon,maroon,16
ENSG00000131368,darkgrey,darkgrey,7
ENSG00000131373,maroon,maroon,16
ENSG00000131374,white,white,31
ENSG00000131375,silver,silver,29
ENSG00000131378,darkgrey,darkgrey,7
ENSG00000131381,darkgrey,darkgrey,7
ENSG00000131386,darkgrey,darkgrey,7
ENSG00000131389,darkgrey,darkgrey,7
ENSG00000131408,navajowhite,navajowhite,18
ENSG00000131435,white,white,31
ENSG00000131437,red,red,24
ENSG00000131446,dimgrey,dimgrey,11
ENSG00000131459,dimgrey,dimgrey,11
ENSG00000131462,darkgrey,darkgrey,7
ENSG00000131467,darkgrey,darkgrey,7
ENSG00000131469,dimgrey,dimgrey,11
ENSG00000131470,darkgrey,darkgrey,7
ENSG00000131473,dimgrey,dimgrey,11
ENSG00000131475,dimgrey,dimgrey,11
ENSG00000131495,orangered,orangered,20
ENSG00000131503,silver,silver,29
ENSG00000131504,silver,silver,29
ENSG00000131507,dimgrey,dimgrey,11
ENSG00000131508,silver,silver,29
ENSG00000131558,dimgrey,dimgrey,11
ENSG00000131584,darkgrey,darkgrey,7
ENSG00000131591,darksalmon,darksalmon,10
ENSG00000131620,darkred,darkred,9
ENSG00000131626,gainsboro,gainsboro,13
ENSG00000131634,darkgrey,darkgrey,7
ENSG00000131652,silver,silver,29
ENSG00000131653,darkgrey,darkgrey,7
ENSG00000131669,dimgrey,dimgrey,11
ENSG00000131697,dimgrey,dimgrey,11
ENSG00000131711,gainsboro,gainsboro,13
ENSG00000131724,darkgrey,darkgrey,7
ENSG00000131725,silver,silver,29
ENSG00000131730,silver,silver,29
ENSG00000131732,silver,silver,29
ENSG00000131747,dimgrey,dimgrey,11
ENSG00000131748,dimgrey,dimgrey,11
ENSG00000131759,white,white,31
ENSG00000131773,darkred,darkred,9
ENSG00000131778,silver,silver,29
ENSG00000131779,silver,silver,29
ENSG00000131781,silver,silver,29
ENSG00000131788,firebrick,firebrick,12
ENSG00000131791,darkgrey,darkgrey,7
ENSG00000131828,gainsboro,gainsboro,13
ENSG00000131831,brown,brown,3
ENSG00000131844,dimgrey,dimgrey,11
ENSG00000131845,dimgrey,dimgrey,11
ENSG00000131848,dimgrey,dimgrey,11
ENSG00000131849,silver,silver,29
ENSG00000131871,silver,silver,29
ENSG00000131873,gainsboro,gainsboro,13
ENSG00000131876,dimgrey,dimgrey,11
ENSG00000131931,silver,silver,29
ENSG00000131941,red,red,24
ENSG00000131943,maroon,maroon,16
ENSG00000131944,gainsboro,gainsboro,13
ENSG00000131966,darkgrey,darkgrey,7
ENSG00000131979,silver,silver,29
ENSG00000131981,dimgrey,dimgrey,11
ENSG00000132002,darkgrey,darkgrey,7
ENSG00000132005,gainsboro,gainsboro,13
ENSG00000132010,silver,silver,29
ENSG00000132031,silver,silver,29
ENSG00000132109,lightcoral,lightcoral,14
ENSG00000132122,dimgrey,dimgrey,11
ENSG00000132128,dimgrey,dimgrey,11
ENSG00000132141,silver,silver,29
ENSG00000132153,darkgrey,darkgrey,7
ENSG00000132155,firebrick,firebrick,12
ENSG00000132170,white,white,31
ENSG00000132185,dimgrey,dimgrey,11
ENSG00000132196,gainsboro,gainsboro,13
ENSG00000132199,gainsboro,gainsboro,13
ENSG00000132205,dimgrey,dimgrey,11
ENSG00000132254,silver,silver,29
ENSG00000132256,dimgrey,dimgrey,11
ENSG00000132274,dimgrey,dimgrey,11
ENSG00000132275,darkgrey,darkgrey,7
ENSG00000132286,dimgrey,dimgrey,11
ENSG00000132294,brown,brown,3
ENSG00000132300,dimgrey,dimgrey,11
ENSG00000132305,dimgrey,dimgrey,11
ENSG00000132313,dimgrey,dimgrey,11
ENSG00000132323,darkgrey,darkgrey,7
ENSG00000132326,gainsboro,gainsboro,13
ENSG00000132329,seashell,seashell,27
ENSG00000132330,darkgrey,darkgrey,7
ENSG00000132334,gainsboro,gainsboro,13
ENSG00000132341,dimgrey,dimgrey,11
ENSG00000132356,silver,silver,29
ENSG00000132357,gainsboro,gainsboro,13
ENSG00000132359,silver,silver,29
ENSG00000132361,darkgrey,darkgrey,7
ENSG00000132376,darkgrey,darkgrey,7
ENSG00000132382,dimgrey,dimgrey,11
ENSG00000132383,silver,silver,29
ENSG00000132386,dimgrey,dimgrey,11
ENSG00000132388,dimgrey,dimgrey,11
ENSG00000132405,darkgrey,darkgrey,7
ENSG00000132406,silver,silver,29
ENSG00000132423,dimgrey,dimgrey,11
ENSG00000132424,dimgrey,dimgrey,11
ENSG00000132429,dimgrey,dimgrey,11
ENSG00000132432,silver,silver,29
ENSG00000132434,dimgrey,dimgrey,11
ENSG00000132436,darkgrey,darkgrey,7
ENSG00000132463,silver,silver,29
ENSG00000132465,darkgrey,darkgrey,7
ENSG00000132466,dimgrey,dimgrey,11
ENSG00000132467,gainsboro,gainsboro,13
ENSG00000132470,silver,silver,29
ENSG00000132471,dimgrey,dimgrey,11
ENSG00000132475,gainsboro,gainsboro,13
ENSG00000132478,dimgrey,dimgrey,11
ENSG00000132481,dimgrey,dimgrey,11
ENSG00000132485,red,red,24
ENSG00000132507,silver,silver,29
ENSG00000132510,dimgrey,dimgrey,11
ENSG00000132535,darkgrey,darkgrey,7
ENSG00000132541,dimgrey,dimgrey,11
ENSG00000132549,gainsboro,gainsboro,13
ENSG00000132561,seashell,seashell,27
ENSG00000132563,silver,silver,29
ENSG00000132570,dimgrey,dimgrey,11
ENSG00000132581,darkgrey,darkgrey,7
ENSG00000132589,darkgrey,darkgrey,7
ENSG00000132591,dimgrey,dimgrey,11
ENSG00000132600,darkgrey,darkgrey,7
ENSG00000132603,dimgrey,dimgrey,11
ENSG00000132604,darkgrey,darkgrey,7
ENSG00000132612,darkgrey,darkgrey,7
ENSG00000132613,darkgrey,darkgrey,7
ENSG00000132623,silver,silver,29
ENSG00000132635,darkgrey,darkgrey,7
ENSG00000132639,dimgrey,dimgrey,11
ENSG00000132640,silver,silver,29
ENSG00000132646,silver,silver,29
ENSG00000132661,silver,silver,29
ENSG00000132664,dimgrey,dimgrey,11
ENSG00000132669,silver,silver,29
ENSG00000132670,gainsboro,gainsboro,13
ENSG00000132676,dimgrey,dimgrey,11
ENSG00000132680,darkgrey,darkgrey,7
ENSG00000132688,gainsboro,gainsboro,13
ENSG00000132694,red,red,24
ENSG00000132716,darkgrey,darkgrey,7
ENSG00000132718,dimgrey,dimgrey,11
ENSG00000132740,gainsboro,gainsboro,13
ENSG00000132749,silver,silver,29
ENSG00000132763,maroon,maroon,16
ENSG00000132768,dimgrey,dimgrey,11
ENSG00000132773,dimgrey,dimgrey,11
ENSG00000132780,darkgrey,darkgrey,7
ENSG00000132792,darkgrey,darkgrey,7
ENSG00000132801,darkgrey,darkgrey,7
ENSG00000132819,dimgrey,dimgrey,11
ENSG00000132821,dimgrey,dimgrey,11
ENSG00000132823,dimgrey,dimgrey,11
ENSG00000132824,silver,silver,29
ENSG00000132825,silver,silver,29
ENSG00000132837,dimgrey,dimgrey,11
ENSG00000132840,darkgrey,darkgrey,7
ENSG00000132842,dimgrey,dimgrey,11
ENSG00000132846,darkgrey,darkgrey,7
ENSG00000132849,darkgrey,darkgrey,7
ENSG00000132855,silver,silver,29
ENSG00000132879,darkgrey,darkgrey,7
ENSG00000132906,brown,brown,3
ENSG00000132912,silver,silver,29
ENSG00000132938,darkgrey,darkgrey,7
ENSG00000132950,silver,silver,29
ENSG00000132952,silver,silver,29
ENSG00000132953,gainsboro,gainsboro,13
ENSG00000132963,dimgrey,dimgrey,11
ENSG00000132964,dimgrey,dimgrey,11
ENSG00000132970,silver,silver,29
ENSG00000133019,darkgrey,darkgrey,7
ENSG00000133026,gainsboro,gainsboro,13
ENSG00000133027,darkgrey,darkgrey,7
ENSG00000133028,firebrick,firebrick,12
ENSG00000133030,dimgrey,dimgrey,11
ENSG00000133055,brown,brown,3
ENSG00000133056,darkgrey,darkgrey,7
ENSG00000133059,darkgrey,darkgrey,7
ENSG00000133065,darkgrey,darkgrey,7
ENSG00000133069,silver,silver,29
ENSG00000133083,dimgrey,dimgrey,11
ENSG00000133101,dimgrey,dimgrey,11
ENSG00000133103,silver,silver,29
ENSG00000133104,darkred,darkred,9
ENSG00000133106,gainsboro,gainsboro,13
ENSG00000133107,dimgrey,dimgrey,11
ENSG00000133110,darkgrey,darkgrey,7
ENSG00000133111,dimgrey,dimgrey,11
ENSG00000133112,dimgrey,dimgrey,11
ENSG00000133114,gainsboro,gainsboro,13
ENSG00000133119,silver,silver,29
ENSG00000133121,silver,silver,29
ENSG00000133131,darkgrey,darkgrey,7
ENSG00000133134,darkgrey,darkgrey,7
ENSG00000133135,dimgrey,dimgrey,11
ENSG00000133138,darkgrey,darkgrey,7
ENSG00000133142,dimgrey,dimgrey,11
ENSG00000133169,maroon,maroon,16
ENSG00000133193,darkgrey,darkgrey,7
ENSG00000133195,darkgrey,darkgrey,7
ENSG00000133216,darkgrey,darkgrey,7
ENSG00000133226,darkred,darkred,9
ENSG00000133243,darkgrey,darkgrey,7
ENSG00000133247,darkgrey,darkgrey,7
ENSG00000133250,darkgrey,darkgrey,7
ENSG00000133265,white,white,31
ENSG00000133275,darkgrey,darkgrey,7
ENSG00000133302,silver,silver,29
ENSG00000133313,darkred,darkred,9
ENSG00000133315,dimgrey,dimgrey,11
ENSG00000133316,dimgrey,dimgrey,11
ENSG00000133318,darkgrey,darkgrey,7
ENSG00000133321,darkgrey,darkgrey,7
ENSG00000133393,silver,silver,29
ENSG00000133398,dimgrey,dimgrey,11
ENSG00000133401,darkgrey,darkgrey,7
ENSG00000133422,darkgrey,darkgrey,7
ENSG00000133424,dimgrey,dimgrey,11
ENSG00000133460,silver,silver,29
ENSG00000133466,peachpuff,peachpuff,22
ENSG00000133597,dimgrey,dimgrey,11
ENSG00000133606,dimgrey,dimgrey,11
ENSG00000133612,darkgrey,darkgrey,7
ENSG00000133619,dimgrey,dimgrey,11
ENSG00000133627,dimgrey,dimgrey,11
ENSG00000133639,dimgrey,dimgrey,11
ENSG00000133640,silver,silver,29
ENSG00000133641,silver,silver,29
ENSG00000133657,silver,silver,29
ENSG00000133678,dimgrey,dimgrey,11
ENSG00000133687,gainsboro,gainsboro,13
ENSG00000133703,silver,silver,29
ENSG00000133704,silver,silver,29
ENSG00000133706,gainsboro,gainsboro,13
ENSG00000133731,dimgrey,dimgrey,11
ENSG00000133739,darkgrey,darkgrey,7
ENSG00000133740,silver,silver,29
ENSG00000133773,dimgrey,dimgrey,11
ENSG00000133789,red,red,24
ENSG00000133794,darkgrey,darkgrey,7
ENSG00000133805,dimgrey,dimgrey,11
ENSG00000133812,firebrick,firebrick,12
ENSG00000133816,dimgrey,dimgrey,11
ENSG00000133818,silver,silver,29
ENSG00000133835,gainsboro,gainsboro,13
ENSG00000133858,gainsboro,gainsboro,13
ENSG00000133872,dimgrey,dimgrey,11
ENSG00000133884,white,white,31
ENSG00000133895,darkgrey,darkgrey,7
ENSG00000133935,silver,silver,29
ENSG00000133943,firebrick,firebrick,12
ENSG00000133961,dimgrey,dimgrey,11
ENSG00000133983,silver,silver,29
ENSG00000133997,firebrick,firebrick,12
ENSG00000134001,dimgrey,dimgrey,11
ENSG00000134013,dimgrey,dimgrey,11
ENSG00000134014,dimgrey,dimgrey,11
ENSG00000134046,white,white,31
ENSG00000134049,dimgrey,dimgrey,11
ENSG00000134056,dimgrey,dimgrey,11
ENSG00000134057,dimgrey,dimgrey,11
ENSG00000134058,dimgrey,dimgrey,11
ENSG00000134070,brown,brown,3
ENSG00000134077,dimgrey,dimgrey,11
ENSG00000134086,darkgrey,darkgrey,7
ENSG00000134107,dimgrey,dimgrey,11
ENSG00000134108,silver,silver,29
ENSG00000134109,silver,silver,29
ENSG00000134121,darkgrey,darkgrey,7
ENSG00000134138,darkgrey,darkgrey,7
ENSG00000134146,silver,silver,29
ENSG00000134152,gainsboro,gainsboro,13
ENSG00000134153,dimgrey,dimgrey,11
ENSG00000134186,gainsboro,gainsboro,13
ENSG00000134198,silver,silver,29
ENSG00000134201,dimgrey,dimgrey,11
ENSG00000134202,dimgrey,dimgrey,11
ENSG00000134222,dimgrey,dimgrey,11
ENSG00000134242,silver,silver,29
ENSG00000134243,antiquewhite,antiquewhite,0
ENSG00000134245,brown,brown,3
ENSG00000134247,dimgrey,dimgrey,11
ENSG00000134248,dimgrey,dimgrey,11
ENSG00000134250,silver,silver,29
ENSG00000134253,lightcoral,lightcoral,14
ENSG00000134255,gainsboro,gainsboro,13
ENSG00000134259,dimgrey,dimgrey,11
ENSG00000134262,dimgrey,dimgrey,11
ENSG00000134265,silver,silver,29
ENSG00000134278,linen,linen,15
ENSG00000134283,darkgrey,darkgrey,7
ENSG00000134285,dimgrey,dimgrey,11
ENSG00000134287,firebrick,firebrick,12
ENSG00000134291,gainsboro,gainsboro,13
ENSG00000134294,darkgrey,darkgrey,7
ENSG00000134308,dimgrey,dimgrey,11
ENSG00000134313,darkgrey,darkgrey,7
ENSG00000134317,darkgrey,darkgrey,7
ENSG00000134318,darkgrey,darkgrey,7
ENSG00000134324,dimgrey,dimgrey,11
ENSG00000134330,dimgrey,dimgrey,11
ENSG00000134333,dimgrey,dimgrey,11
ENSG00000134343,silver,silver,29
ENSG00000134352,silver,silver,29
ENSG00000134363,dimgrey,dimgrey,11
ENSG00000134369,darkgrey,darkgrey,7
ENSG00000134371,silver,silver,29
ENSG00000134375,dimgrey,dimgrey,11
ENSG00000134419,dimgrey,dimgrey,11
ENSG00000134440,dimgrey,dimgrey,11
ENSG00000134444,silver,silver,29
ENSG00000134452,darkgrey,darkgrey,7
ENSG00000134453,dimgrey,dimgrey,11
ENSG00000134461,silver,silver,29
ENSG00000134463,silver,silver,29
ENSG00000134470,chocolate,chocolate,5
ENSG00000134480,dimgrey,dimgrey,11
ENSG00000134490,gainsboro,gainsboro,13
ENSG00000134504,silver,silver,29
ENSG00000134508,brown,brown,3
ENSG00000134516,darkgrey,darkgrey,7
ENSG00000134531,darkgrey,darkgrey,7
ENSG00000134532,lightcoral,lightcoral,14
ENSG00000134539,dimgrey,dimgrey,11
ENSG00000134569,brown,brown,3
ENSG00000134574,darkgrey,darkgrey,7
ENSG00000134575,white,white,31
ENSG00000134590,darkgrey,darkgrey,7
ENSG00000134594,maroon,maroon,16
ENSG00000134597,darkgrey,darkgrey,7
ENSG00000134602,silver,silver,29
ENSG00000134627,dimgrey,dimgrey,11
ENSG00000134644,silver,silver,29
ENSG00000134668,darkgrey,darkgrey,7
ENSG00000134684,dimgrey,dimgrey,11
ENSG00000134686,gainsboro,gainsboro,13
ENSG00000134690,lightcoral,lightcoral,14
ENSG00000134697,gainsboro,gainsboro,13
ENSG00000134698,darkgrey,darkgrey,7
ENSG00000134717,silver,silver,29
ENSG00000134744,gainsboro,gainsboro,13
ENSG00000134748,darkgrey,darkgrey,7
ENSG00000134758,silver,silver,29
ENSG00000134759,dimgrey,dimgrey,11
ENSG00000134769,darkgrey,darkgrey,7
ENSG00000134775,red,red,24
ENSG00000134779,darkgrey,darkgrey,7
ENSG00000134802,dimgrey,dimgrey,11
ENSG00000134809,dimgrey,dimgrey,11
ENSG00000134815,darkgrey,darkgrey,7
ENSG00000134824,dimgrey,dimgrey,11
ENSG00000134825,darkgrey,darkgrey,7
ENSG00000134851,maroon,maroon,16
ENSG00000134852,silver,silver,29
ENSG00000134853,darkgrey,darkgrey,7
ENSG00000134864,silver,silver,29
ENSG00000134871,darkgrey,darkgrey,7
ENSG00000134874,gainsboro,gainsboro,13
ENSG00000134882,dimgrey,dimgrey,11
ENSG00000134884,gainsboro,gainsboro,13
ENSG00000134897,darkgrey,darkgrey,7
ENSG00000134899,gainsboro,gainsboro,13
ENSG00000134900,red,red,24
ENSG00000134901,dimgrey,dimgrey,11
ENSG00000134905,dimgrey,dimgrey,11
ENSG00000134909,maroon,maroon,16
ENSG00000134910,darkgrey,darkgrey,7
ENSG00000134917,darkgrey,darkgrey,7
ENSG00000134940,darkgrey,darkgrey,7
ENSG00000134954,darkgrey,darkgrey,7
ENSG00000134955,darkgrey,darkgrey,7
ENSG00000134962,gainsboro,gainsboro,13
ENSG00000134970,darkred,darkred,9
ENSG00000134982,darkgrey,darkgrey,7
ENSG00000134986,darkgrey,darkgrey,7
ENSG00000134987,gainsboro,gainsboro,13
ENSG00000134996,darkgrey,darkgrey,7
ENSG00000135002,darkgrey,darkgrey,7
ENSG00000135018,darkgrey,darkgrey,7
ENSG00000135040,dimgrey,dimgrey,11
ENSG00000135045,dimgrey,dimgrey,11
ENSG00000135046,silver,silver,29
ENSG00000135047,dimgrey,dimgrey,11
ENSG00000135048,silver,silver,29
ENSG00000135049,silver,silver,29
ENSG00000135052,dimgrey,dimgrey,11
ENSG00000135069,dimgrey,dimgrey,11
ENSG00000135070,dimgrey,dimgrey,11
ENSG00000135074,darkgrey,darkgrey,7
ENSG00000135083,darkgrey,darkgrey,7
ENSG00000135090,dimgrey,dimgrey,11
ENSG00000135093,silver,silver,29
ENSG00000135094,darkgrey,darkgrey,7
ENSG00000135108,darkred,darkred,9
ENSG00000135111,dimgrey,dimgrey,11
ENSG00000135119,dimgrey,dimgrey,11
ENSG00000135124,darkgrey,darkgrey,7
ENSG00000135127,coral,coral,6
ENSG00000135148,silver,silver,29
ENSG00000135164,gainsboro,gainsboro,13
ENSG00000135185,maroon,maroon,16
ENSG00000135205,maroon,maroon,16
ENSG00000135211,silver,silver,29
ENSG00000135218,darkgrey,darkgrey,7
ENSG00000135241,firebrick,firebrick,12
ENSG00000135245,darkgrey,darkgrey,7
ENSG00000135249,dimgrey,dimgrey,11
ENSG00000135250,darkgrey,darkgrey,7
ENSG00000135269,silver,silver,29
ENSG00000135272,darkgrey,darkgrey,7
ENSG00000135297,silver,silver,29
ENSG00000135298,silver,silver,29
ENSG00000135299,silver,silver,29
ENSG00000135312,dimgrey,dimgrey,11
ENSG00000135314,dimgrey,dimgrey,11
ENSG00000135315,dimgrey,dimgrey,11
ENSG00000135316,dimgrey,dimgrey,11
ENSG00000135317,dimgrey,dimgrey,11
ENSG00000135318,silver,silver,29
ENSG00000135334,dimgrey,dimgrey,11
ENSG00000135336,silver,silver,29
ENSG00000135338,darkgrey,darkgrey,7
ENSG00000135341,darkgrey,darkgrey,7
ENSG00000135346,silver,silver,29
ENSG00000135362,maroon,maroon,16
ENSG00000135365,lightcoral,lightcoral,14
ENSG00000135372,red,red,24
ENSG00000135387,dimgrey,dimgrey,11
ENSG00000135390,gainsboro,gainsboro,13
ENSG00000135392,darkgrey,darkgrey,7
ENSG00000135404,darkgrey,darkgrey,7
ENSG00000135407,dimgrey,dimgrey,11
ENSG00000135414,gainsboro,gainsboro,13
ENSG00000135424,gainsboro,gainsboro,13
ENSG00000135437,dimgrey,dimgrey,11
ENSG00000135439,gainsboro,gainsboro,13
ENSG00000135441,dimgrey,dimgrey,11
ENSG00000135451,white,white,31
ENSG00000135452,darkgrey,darkgrey,7
ENSG00000135454,darkgrey,darkgrey,7
ENSG00000135457,darkgrey,darkgrey,7
ENSG00000135469,brown,brown,3
ENSG00000135472,silver,silver,29
ENSG00000135476,dimgrey,dimgrey,11
ENSG00000135480,dimgrey,dimgrey,11
ENSG00000135482,dimgrey,dimgrey,11
ENSG00000135486,dimgrey,dimgrey,11
ENSG00000135503,darkgrey,darkgrey,7
ENSG00000135506,darkgrey,darkgrey,7
ENSG00000135521,dimgrey,dimgrey,11
ENSG00000135525,dimgrey,dimgrey,11
ENSG00000135535,silver,silver,29
ENSG00000135537,red,red,24
ENSG00000135540,brown,brown,3
ENSG00000135541,dimgrey,dimgrey,11
ENSG00000135549,silver,silver,29
ENSG00000135587,dimgrey,dimgrey,11
ENSG00000135596,white,white,31
ENSG00000135597,darkgrey,darkgrey,7
ENSG00000135604,silver,silver,29
ENSG00000135605,silver,silver,29
ENSG00000135617,silver,silver,29
ENSG00000135622,dimgrey,dimgrey,11
ENSG00000135624,darkgrey,darkgrey,7
ENSG00000135631,darkgrey,darkgrey,7
ENSG00000135632,darkgrey,darkgrey,7
ENSG00000135636,brown,brown,3
ENSG00000135637,darkgrey,darkgrey,7
ENSG00000135643,gainsboro,gainsboro,13
ENSG00000135655,dimgrey,dimgrey,11
ENSG00000135677,white,white,31
ENSG00000135678,gainsboro,gainsboro,13
ENSG00000135679,silver,silver,29
ENSG00000135686,darkgrey,darkgrey,7
ENSG00000135698,darkgrey,darkgrey,7
ENSG00000135709,chocolate,chocolate,5
ENSG00000135720,gainsboro,gainsboro,13
ENSG00000135723,darkgrey,darkgrey,7
ENSG00000135736,silver,silver,29
ENSG00000135740,bisque,bisque,1
ENSG00000135744,dimgrey,dimgrey,11
ENSG00000135749,darkgrey,darkgrey,7
ENSG00000135750,silver,silver,29
ENSG00000135763,dimgrey,dimgrey,11
ENSG00000135766,firebrick,firebrick,12
ENSG00000135775,coral,coral,6
ENSG00000135776,silver,silver,29
ENSG00000135778,dimgrey,dimgrey,11
ENSG00000135801,dimgrey,dimgrey,11
ENSG00000135821,silver,silver,29
ENSG00000135823,silver,silver,29
ENSG00000135828,maroon,maroon,16
ENSG00000135829,silver,silver,29
ENSG00000135835,dimgrey,dimgrey,11
ENSG00000135837,gainsboro,gainsboro,13
ENSG00000135838,silver,silver,29
ENSG00000135842,gainsboro,gainsboro,13
ENSG00000135845,dimgrey,dimgrey,11
ENSG00000135862,gainsboro,gainsboro,13
ENSG00000135870,darkgrey,darkgrey,7
ENSG00000135898,silver,silver,29
ENSG00000135899,gainsboro,gainsboro,13
ENSG00000135900,dimgrey,dimgrey,11
ENSG00000135905,darkgrey,darkgrey,7
ENSG00000135912,darkgrey,darkgrey,7
ENSG00000135913,gainsboro,gainsboro,13
ENSG00000135914,maroon,maroon,16
ENSG00000135916,dimgrey,dimgrey,11
ENSG00000135919,darkgrey,darkgrey,7
ENSG00000135924,dimgrey,dimgrey,11
ENSG00000135926,darkgrey,darkgrey,7
ENSG00000135929,firebrick,firebrick,12
ENSG00000135930,darkgrey,darkgrey,7
ENSG00000135931,darkgrey,darkgrey,7
ENSG00000135932,dimgrey,dimgrey,11
ENSG00000135940,dimgrey,dimgrey,11
ENSG00000135945,darkgrey,darkgrey,7
ENSG00000135951,dimgrey,dimgrey,11
ENSG00000135953,darkgrey,darkgrey,7
ENSG00000135956,darkgrey,darkgrey,7
ENSG00000135966,darkgrey,darkgrey,7
ENSG00000135968,lightcoral,lightcoral,14
ENSG00000135972,maroon,maroon,16
ENSG00000135974,darkgrey,darkgrey,7
ENSG00000135976,gainsboro,gainsboro,13
ENSG00000135999,dimgrey,dimgrey,11
ENSG00000136003,dimgrey,dimgrey,11
ENSG00000136010,silver,silver,29
ENSG00000136014,dimgrey,dimgrey,11
ENSG00000136021,silver,silver,29
ENSG00000136026,darkgrey,darkgrey,7
ENSG00000136040,orangered,orangered,20
ENSG00000136044,dimgrey,dimgrey,11
ENSG00000136045,silver,silver,29
ENSG00000136048,silver,silver,29
ENSG00000136051,sandybrown,sandybrown,26
ENSG00000136052,dimgrey,dimgrey,11
ENSG00000136059,dimgrey,dimgrey,11
ENSG00000136068,darkgrey,darkgrey,7
ENSG00000136098,darkgrey,darkgrey,7
ENSG00000136100,red,red,24
ENSG00000136104,dimgrey,dimgrey,11
ENSG00000136108,silver,silver,29
ENSG00000136111,gainsboro,gainsboro,13
ENSG00000136114,maroon,maroon,16
ENSG00000136122,dimgrey,dimgrey,11
ENSG00000136141,darkgrey,darkgrey,7
ENSG00000136143,silver,silver,29
ENSG00000136144,silver,silver,29
ENSG00000136146,gainsboro,gainsboro,13
ENSG00000136147,dimgrey,dimgrey,11
ENSG00000136152,darkgrey,darkgrey,7
ENSG00000136153,silver,silver,29
ENSG00000136156,darkgrey,darkgrey,7
ENSG00000136158,dimgrey,dimgrey,11
ENSG00000136159,dimgrey,dimgrey,11
ENSG00000136160,dimgrey,dimgrey,11
ENSG00000136161,silver,silver,29
ENSG00000136169,darkgrey,darkgrey,7
ENSG00000136193,darkgrey,darkgrey,7
ENSG00000136205,silver,silver,29
ENSG00000136206,dimgrey,dimgrey,11
ENSG00000136213,darkgrey,darkgrey,7
ENSG00000136231,gainsboro,gainsboro,13
ENSG00000136235,dimgrey,dimgrey,11
ENSG00000136237,gainsboro,gainsboro,13
ENSG00000136238,silver,silver,29
ENSG00000136240,silver,silver,29
ENSG00000136243,dimgrey,dimgrey,11
ENSG00000136244,dimgrey,dimgrey,11
ENSG00000136247,dimgrey,dimgrey,11
ENSG00000136261,darkgrey,darkgrey,7
ENSG00000136270,dimgrey,dimgrey,11
ENSG00000136271,darkgrey,darkgrey,7
ENSG00000136273,gainsboro,gainsboro,13
ENSG00000136274,darkgrey,darkgrey,7
ENSG00000136279,white,white,31
ENSG00000136280,darkgrey,darkgrey,7
ENSG00000136295,darkgrey,darkgrey,7
ENSG00000136367,dimgrey,dimgrey,11
ENSG00000136371,silver,silver,29
ENSG00000136378,darkgrey,darkgrey,7
ENSG00000136379,darkgrey,darkgrey,7
ENSG00000136381,darkgrey,darkgrey,7
ENSG00000136425,white,white,31
ENSG00000136436,darkgrey,darkgrey,7
ENSG00000136444,dimgrey,dimgrey,11
ENSG00000136448,gainsboro,gainsboro,13
ENSG00000136449,dimgrey,dimgrey,11
ENSG00000136450,darkgrey,darkgrey,7
ENSG00000136451,white,white,31
ENSG00000136478,dimgrey,dimgrey,11
ENSG00000136485,darkgrey,darkgrey,7
ENSG00000136490,white,white,31
ENSG00000136492,dimgrey,dimgrey,11
ENSG00000136504,darkgrey,darkgrey,7
ENSG00000136518,silver,silver,29
ENSG00000136521,dimgrey,dimgrey,11
ENSG00000136522,silver,silver,29
ENSG00000136527,dimgrey,dimgrey,11
ENSG00000136531,lightcoral,lightcoral,14
ENSG00000136536,silver,silver,29
ENSG00000136541,gainsboro,gainsboro,13
ENSG00000136542,seashell,seashell,27
ENSG00000136546,gainsboro,gainsboro,13
ENSG00000136560,silver,silver,29
ENSG00000136603,silver,silver,29
ENSG00000136628,dimgrey,dimgrey,11
ENSG00000136630,darkred,darkred,9
ENSG00000136631,dimgrey,dimgrey,11
ENSG00000136636,silver,silver,29
ENSG00000136643,dimgrey,dimgrey,11
ENSG00000136682,dimgrey,dimgrey,11
ENSG00000136709,silver,silver,29
ENSG00000136710,maroon,maroon,16
ENSG00000136715,silver,silver,29
ENSG00000136717,dimgrey,dimgrey,11
ENSG00000136718,dimgrey,dimgrey,11
ENSG00000136720,dimgrey,dimgrey,11
ENSG00000136731,dimgrey,dimgrey,11
ENSG00000136732,darkgrey,darkgrey,7
ENSG00000136738,gainsboro,gainsboro,13
ENSG00000136754,dimgrey,dimgrey,11
ENSG00000136758,silver,silver,29
ENSG00000136770,darkgrey,darkgrey,7
ENSG00000136783,dimgrey,dimgrey,11
ENSG00000136802,maroon,maroon,16
ENSG00000136807,gainsboro,gainsboro,13
ENSG00000136810,dimgrey,dimgrey,11
ENSG00000136811,gainsboro,gainsboro,13
ENSG00000136813,gainsboro,gainsboro,13
ENSG00000136816,dimgrey,dimgrey,11
ENSG00000136819,dimgrey,dimgrey,11
ENSG00000136824,darkgrey,darkgrey,7
ENSG00000136826,maroon,maroon,16
ENSG00000136827,darkgrey,darkgrey,7
ENSG00000136828,maroon,maroon,16
ENSG00000136830,darkgrey,darkgrey,7
ENSG00000136840,darkgrey,darkgrey,7
ENSG00000136842,darkgrey,darkgrey,7
ENSG00000136848,darkgrey,darkgrey,7
ENSG00000136854,dimgrey,dimgrey,11
ENSG00000136856,darkgrey,darkgrey,7
ENSG00000136859,gainsboro,gainsboro,13
ENSG00000136861,gainsboro,gainsboro,13
ENSG00000136866,maroon,maroon,16
ENSG00000136867,dimgrey,dimgrey,11
ENSG00000136868,dimgrey,dimgrey,11
ENSG00000136869,firebrick,firebrick,12
ENSG00000136870,maroon,maroon,16
ENSG00000136874,darkgrey,darkgrey,7
ENSG00000136875,gainsboro,gainsboro,13
ENSG00000136877,darkgrey,darkgrey,7
ENSG00000136878,dimgrey,dimgrey,11
ENSG00000136888,darkgrey,darkgrey,7
ENSG00000136891,dimgrey,dimgrey,11
ENSG00000136895,gainsboro,gainsboro,13
ENSG00000136897,dimgrey,dimgrey,11
ENSG00000136908,dimgrey,dimgrey,11
ENSG00000136925,darkgrey,darkgrey,7
ENSG00000136928,gainsboro,gainsboro,13
ENSG00000136930,dimgrey,dimgrey,11
ENSG00000136932,dimgrey,dimgrey,11
ENSG00000136933,dimgrey,dimgrey,11
ENSG00000136935,dimgrey,dimgrey,11
ENSG00000136936,dimgrey,dimgrey,11
ENSG00000136937,dimgrey,dimgrey,11
ENSG00000136938,darkgrey,darkgrey,7
ENSG00000136940,gainsboro,gainsboro,13
ENSG00000136942,dimgrey,dimgrey,11
ENSG00000136943,silver,silver,29
ENSG00000136950,darkgrey,darkgrey,7
ENSG00000136960,silver,silver,29
ENSG00000136982,dimgrey,dimgrey,11
ENSG00000136986,dimgrey,dimgrey,11
ENSG00000136997,silver,silver,29
ENSG00000136999,white,white,31
ENSG00000137033,silver,silver,29
ENSG00000137038,dimgrey,dimgrey,11
ENSG00000137040,silver,silver,29
ENSG00000137054,dimgrey,dimgrey,11
ENSG00000137055,dimgrey,dimgrey,11
ENSG00000137073,dimgrey,dimgrey,11
ENSG00000137074,dimgrey,dimgrey,11
ENSG00000137075,dimgrey,dimgrey,11
ENSG00000137076,darkgrey,darkgrey,7
ENSG00000137094,darkgrey,darkgrey,7
ENSG00000137098,dimgrey,dimgrey,11
ENSG00000137100,dimgrey,dimgrey,11
ENSG00000137103,darkgrey,darkgrey,7
ENSG00000137106,dimgrey,dimgrey,11
ENSG00000137124,dimgrey,dimgrey,11
ENSG00000137135,darkgrey,darkgrey,7
ENSG00000137145,lightcoral,lightcoral,14
ENSG00000137154,silver,silver,29
ENSG00000137161,darkgrey,darkgrey,7
ENSG00000137166,darkgrey,darkgrey,7
ENSG00000137168,dimgrey,dimgrey,11
ENSG00000137171,darkgrey,darkgrey,7
ENSG00000137177,darkgrey,darkgrey,7
ENSG00000137185,darkgrey,darkgrey,7
ENSG00000137193,darkgrey,darkgrey,7
ENSG00000137198,white,white,31
ENSG00000137200,darkgrey,darkgrey,7
ENSG00000137203,darkgrey,darkgrey,7
ENSG00000137207,silver,silver,29
ENSG00000137210,silver,silver,29
ENSG00000137216,darkgrey,darkgrey,7
ENSG00000137218,darkgrey,darkgrey,7
ENSG00000137221,darkgrey,darkgrey,7
ENSG00000137266,brown,brown,3
ENSG00000137267,dimgrey,dimgrey,11
ENSG00000137269,darkgrey,darkgrey,7
ENSG00000137273,dimgrey,dimgrey,11
ENSG00000137274,silver,silver,29
ENSG00000137275,darkgrey,darkgrey,7
ENSG00000137285,darkgrey,darkgrey,7
ENSG00000137288,dimgrey,dimgrey,11
ENSG00000137309,darkgrey,darkgrey,7
ENSG00000137310,dimgrey,dimgrey,11
ENSG00000137312,dimgrey,dimgrey,11
ENSG00000137337,silver,silver,29
ENSG00000137338,silver,silver,29
ENSG00000137364,dimgrey,dimgrey,11
ENSG00000137393,silver,silver,29
ENSG00000137409,dimgrey,dimgrey,11
ENSG00000137413,maroon,maroon,16
ENSG00000137414,silver,silver,29
ENSG00000137449,silver,silver,29
ENSG00000137460,darkgrey,darkgrey,7
ENSG00000137463,lightcoral,lightcoral,14
ENSG00000137478,lightcoral,lightcoral,14
ENSG00000137486,gainsboro,gainsboro,13
ENSG00000137492,silver,silver,29
ENSG00000137494,silver,silver,29
ENSG00000137496,dimgrey,dimgrey,11
ENSG00000137497,darkgrey,darkgrey,7
ENSG00000137500,dimgrey,dimgrey,11
ENSG00000137501,silver,silver,29
ENSG00000137502,dimgrey,dimgrey,11
ENSG00000137504,darkgrey,darkgrey,7
ENSG00000137507,white,white,31
ENSG00000137509,darkgrey,darkgrey,7
ENSG00000137513,silver,silver,29
ENSG00000137522,darkgrey,darkgrey,7
ENSG00000137547,silver,silver,29
ENSG00000137563,silver,silver,29
ENSG00000137571,firebrick,firebrick,12
ENSG00000137573,seashell,seashell,27
ENSG00000137574,gainsboro,gainsboro,13
ENSG00000137575,darkgrey,darkgrey,7
ENSG00000137601,gainsboro,gainsboro,13
ENSG00000137628,red,red,24
ENSG00000137642,gainsboro,gainsboro,13
ENSG00000137656,darkgrey,darkgrey,7
ENSG00000137672,silver,silver,29
ENSG00000137691,dimgrey,dimgrey,11
ENSG00000137692,dimgrey,dimgrey,11
ENSG00000137693,linen,linen,15
ENSG00000137710,sandybrown,sandybrown,26
ENSG00000137713,darkgrey,darkgrey,7
ENSG00000137714,dimgrey,dimgrey,11
ENSG00000137720,dimgrey,dimgrey,11
ENSG00000137727,gainsboro,gainsboro,13
ENSG00000137752,dimgrey,dimgrey,11
ENSG00000137760,firebrick,firebrick,12
ENSG00000137764,white,white,31
ENSG00000137767,lightcoral,lightcoral,14
ENSG00000137770,red,red,24
ENSG00000137776,darkgrey,darkgrey,7
ENSG00000137801,silver,silver,29
ENSG00000137802,darkgrey,darkgrey,7
ENSG00000137804,silver,silver,29
ENSG00000137806,dimgrey,dimgrey,11
ENSG00000137807,silver,silver,29
ENSG00000137809,dimgrey,dimgrey,11
ENSG00000137812,darkred,darkred,9
ENSG00000137814,white,white,31
ENSG00000137815,darkgrey,darkgrey,7
ENSG00000137817,silver,silver,29
ENSG00000137818,dimgrey,dimgrey,11
ENSG00000137819,silver,silver,29
ENSG00000137821,silver,silver,29
ENSG00000137822,darkgrey,darkgrey,7
ENSG00000137824,darkgrey,darkgrey,7
ENSG00000137825,gainsboro,gainsboro,13
ENSG00000137831,darkred,darkred,9
ENSG00000137834,darkgrey,darkgrey,7
ENSG00000137841,silver,silver,29
ENSG00000137842,maroon,maroon,16
ENSG00000137845,dimgrey,dimgrey,11
ENSG00000137869,darkgrey,darkgrey,7
ENSG00000137871,sienna,sienna,28
ENSG00000137872,dimgrey,dimgrey,11
ENSG00000137876,dimgrey,dimgrey,11
ENSG00000137936,dimgrey,dimgrey,11
ENSG00000137941,dimgrey,dimgrey,11
ENSG00000137942,silver,silver,29
ENSG00000137944,silver,silver,29
ENSG00000137947,silver,silver,29
ENSG00000137955,darkgrey,darkgrey,7
ENSG00000137959,dimgrey,dimgrey,11
ENSG00000137960,dimgrey,dimgrey,11
ENSG00000137962,dimgrey,dimgrey,11
ENSG00000137965,dimgrey,dimgrey,11
ENSG00000137975,silver,silver,29
ENSG00000137992,gainsboro,gainsboro,13
ENSG00000137996,dimgrey,dimgrey,11
ENSG00000138002,silver,silver,29
ENSG00000138018,dimgrey,dimgrey,11
ENSG00000138029,dimgrey,dimgrey,11
ENSG00000138031,silver,silver,29
ENSG00000138032,dimgrey,dimgrey,11
ENSG00000138035,silver,silver,29
ENSG00000138036,seashell,seashell,27
ENSG00000138050,silver,silver,29
ENSG00000138061,dimgrey,dimgrey,11
ENSG00000138069,dimgrey,dimgrey,11
ENSG00000138071,dimgrey,dimgrey,11
ENSG00000138073,dimgrey,dimgrey,11
ENSG00000138074,dimgrey,dimgrey,11
ENSG00000138078,darkgrey,darkgrey,7
ENSG00000138079,peru,peru,23
ENSG00000138080,dimgrey,dimgrey,11
ENSG00000138081,gainsboro,gainsboro,13
ENSG00000138085,dimgrey,dimgrey,11
ENSG00000138092,darkgrey,darkgrey,7
ENSG00000138095,white,white,31
ENSG00000138101,darkgrey,darkgrey,7
ENSG00000138107,darkgrey,darkgrey,7
ENSG00000138111,darkgrey,darkgrey,7
ENSG00000138119,silver,silver,29
ENSG00000138131,silver,silver,29
ENSG00000138134,dimgrey,dimgrey,11
ENSG00000138135,darkgrey,darkgrey,7
ENSG00000138138,dimgrey,dimgrey,11
ENSG00000138160,darkgrey,darkgrey,7
ENSG00000138162,gainsboro,gainsboro,13
ENSG00000138166,darkgrey,darkgrey,7
ENSG00000138172,dimgrey,dimgrey,11
ENSG00000138175,dimgrey,dimgrey,11
ENSG00000138180,gainsboro,gainsboro,13
ENSG00000138182,darkgrey,darkgrey,7
ENSG00000138185,darkgrey,darkgrey,7
ENSG00000138190,dimgrey,dimgrey,11
ENSG00000138193,darkgrey,darkgrey,7
ENSG00000138231,darkgrey,darkgrey,7
ENSG00000138246,silver,silver,29
ENSG00000138279,silver,silver,29
ENSG00000138286,darksalmon,darksalmon,10
ENSG00000138303,darkgrey,darkgrey,7
ENSG00000138311,darkgrey,darkgrey,7
ENSG00000138316,darkgrey,darkgrey,7
ENSG00000138326,dimgrey,dimgrey,11
ENSG00000138336,gainsboro,gainsboro,13
ENSG00000138346,maroon,maroon,16
ENSG00000138347,dimgrey,dimgrey,11
ENSG00000138356,brown,brown,3
ENSG00000138363,silver,silver,29
ENSG00000138375,dimgrey,dimgrey,11
ENSG00000138376,white,white,31
ENSG00000138378,dimgrey,dimgrey,11
ENSG00000138380,maroon,maroon,16
ENSG00000138381,dimgrey,dimgrey,11
ENSG00000138382,dimgrey,dimgrey,11
ENSG00000138385,gainsboro,gainsboro,13
ENSG00000138386,maroon,maroon,16
ENSG00000138395,silver,silver,29
ENSG00000138398,gainsboro,gainsboro,13
ENSG00000138399,dimgrey,dimgrey,11
ENSG00000138411,darkgrey,darkgrey,7
ENSG00000138413,white,white,31
ENSG00000138430,silver,silver,29
ENSG00000138433,dimgrey,dimgrey,11
ENSG00000138434,silver,silver,29
ENSG00000138435,dimgrey,dimgrey,11
ENSG00000138439,darkgrey,darkgrey,7
ENSG00000138442,silver,silver,29
ENSG00000138443,darkgrey,darkgrey,7
ENSG00000138448,silver,silver,29
ENSG00000138449,darkgrey,darkgrey,7
ENSG00000138459,dimgrey,dimgrey,11
ENSG00000138463,dimgrey,dimgrey,11
ENSG00000138468,gainsboro,gainsboro,13
ENSG00000138495,dimgrey,dimgrey,11
ENSG00000138496,dimgrey,dimgrey,11
ENSG00000138587,gainsboro,gainsboro,13
ENSG00000138592,dimgrey,dimgrey,11
ENSG00000138593,darkgrey,darkgrey,7
ENSG00000138594,gainsboro,gainsboro,13
ENSG00000138600,silver,silver,29
ENSG00000138604,dimgrey,dimgrey,11
ENSG00000138606,darkgrey,darkgrey,7
ENSG00000138613,dimgrey,dimgrey,11
ENSG00000138614,silver,silver,29
ENSG00000138617,silver,silver,29
ENSG00000138621,dimgrey,dimgrey,11
ENSG00000138629,dimgrey,dimgrey,11
ENSG00000138639,darkgrey,darkgrey,7
ENSG00000138640,dimgrey,dimgrey,11
ENSG00000138641,silver,silver,29
ENSG00000138642,dimgrey,dimgrey,11
ENSG00000138646,gainsboro,gainsboro,13
ENSG00000138650,firebrick,firebrick,12
ENSG00000138658,gainsboro,gainsboro,13
ENSG00000138660,gainsboro,gainsboro,13
ENSG00000138663,darkred,darkred,9
ENSG00000138668,silver,silver,29
ENSG00000138669,silver,silver,29
ENSG00000138674,gainsboro,gainsboro,13
ENSG00000138675,silver,silver,29
ENSG00000138678,silver,silver,29
ENSG00000138685,dimgrey,dimgrey,11
ENSG00000138686,dimgrey,dimgrey,11
ENSG00000138688,darkgrey,darkgrey,7
ENSG00000138696,brown,brown,3
ENSG00000138698,dimgrey,dimgrey,11
ENSG00000138709,gainsboro,gainsboro,13
ENSG00000138735,gainsboro,gainsboro,13
ENSG00000138738,brown,brown,3
ENSG00000138741,darkgrey,darkgrey,7
ENSG00000138744,dimgrey,dimgrey,11
ENSG00000138750,silver,silver,29
ENSG00000138756,dimgrey,dimgrey,11
ENSG00000138757,firebrick,firebrick,12
ENSG00000138758,red,red,24
ENSG00000138760,dimgrey,dimgrey,11
ENSG00000138764,darkgrey,darkgrey,7
ENSG00000138767,gainsboro,gainsboro,13
ENSG00000138768,gainsboro,gainsboro,13
ENSG00000138769,silver,silver,29
ENSG00000138771,darkgrey,darkgrey,7
ENSG00000138772,gainsboro,gainsboro,13
ENSG00000138777,silver,silver,29
ENSG00000138778,silver,silver,29
ENSG00000138780,silver,silver,29
ENSG00000138785,dimgrey,dimgrey,11
ENSG00000138794,silver,silver,29
ENSG00000138795,silver,silver,29
ENSG00000138796,dimgrey,dimgrey,11
ENSG00000138798,silver,silver,29
ENSG00000138801,gainsboro,gainsboro,13
ENSG00000138802,silver,silver,29
ENSG00000138814,gainsboro,gainsboro,13
ENSG00000138821,silver,silver,29
ENSG00000138829,dimgrey,dimgrey,11
ENSG00000138834,darkgrey,darkgrey,7
ENSG00000138835,darkgrey,darkgrey,7
ENSG00000138867,darkgrey,darkgrey,7
ENSG00000138942,dimgrey,dimgrey,11
ENSG00000138944,silver,silver,29
ENSG00000139083,darkgrey,darkgrey,7
ENSG00000139112,darkgrey,darkgrey,7
ENSG00000139116,dimgrey,dimgrey,11
ENSG00000139117,silver,silver,29
ENSG00000139131,dimgrey,dimgrey,11
ENSG00000139132,darkgrey,darkgrey,7
ENSG00000139133,silver,silver,29
ENSG00000139146,navajowhite,navajowhite,18
ENSG00000139154,white,white,31
ENSG00000139160,gainsboro,gainsboro,13
ENSG00000139163,dimgrey,dimgrey,11
ENSG00000139168,darkgrey,darkgrey,7
ENSG00000139173,maroon,maroon,16
ENSG00000139174,silver,silver,29
ENSG00000139180,darkgrey,darkgrey,7
ENSG00000139187,darkgrey,darkgrey,7
ENSG00000139190,dimgrey,dimgrey,11
ENSG00000139192,silver,silver,29
ENSG00000139200,darkgrey,darkgrey,7
ENSG00000139209,gainsboro,gainsboro,13
ENSG00000139211,dimgrey,dimgrey,11
ENSG00000139218,darkgrey,darkgrey,7
ENSG00000139220,dimgrey,dimgrey,11
ENSG00000139233,darksalmon,darksalmon,10
ENSG00000139263,silver,silver,29
ENSG00000139266,darkgrey,darkgrey,7
ENSG00000139278,darkred,darkred,9
ENSG00000139289,darkgrey,darkgrey,7
ENSG00000139291,dimgrey,dimgrey,11
ENSG00000139304,dimgrey,dimgrey,11
ENSG00000139318,dimgrey,dimgrey,11
ENSG00000139323,dimgrey,dimgrey,11
ENSG00000139324,dimgrey,dimgrey,11
ENSG00000139329,dimgrey,dimgrey,11
ENSG00000139343,dimgrey,dimgrey,11
ENSG00000139350,darkgrey,darkgrey,7
ENSG00000139351,brown,brown,3
ENSG00000139354,silver,silver,29
ENSG00000139364,silver,silver,29
ENSG00000139370,dimgrey,dimgrey,11
ENSG00000139372,dimgrey,dimgrey,11
ENSG00000139405,brown,brown,3
ENSG00000139410,silver,silver,29
ENSG00000139428,dimgrey,dimgrey,11
ENSG00000139433,dimgrey,dimgrey,11
ENSG00000139436,darkgrey,darkgrey,7
ENSG00000139437,darkgrey,darkgrey,7
ENSG00000139438,maroon,maroon,16
ENSG00000139496,gainsboro,gainsboro,13
ENSG00000139505,dimgrey,dimgrey,11
ENSG00000139508,dimgrey,dimgrey,11
ENSG00000139514,lightcoral,lightcoral,14
ENSG00000139517,white,white,31
ENSG00000139531,firebrick,firebrick,12
ENSG00000139537,dimgrey,dimgrey,11
ENSG00000139546,darkgrey,darkgrey,7
ENSG00000139567,darkgrey,darkgrey,7
ENSG00000139579,dimgrey,dimgrey,11
ENSG00000139597,darkgrey,darkgrey,7
ENSG00000139613,dimgrey,dimgrey,11
ENSG00000139618,gainsboro,gainsboro,13
ENSG00000139620,silver,silver,29
ENSG00000139624,darkgrey,darkgrey,7
ENSG00000139625,white,white,31
ENSG00000139629,darkgrey,darkgrey,7
ENSG00000139631,gainsboro,gainsboro,13
ENSG00000139636,darkgrey,darkgrey,7
ENSG00000139641,dimgrey,dimgrey,11
ENSG00000139644,silver,silver,29
ENSG00000139645,darkgrey,darkgrey,7
ENSG00000139651,dimgrey,dimgrey,11
ENSG00000139668,maroon,maroon,16
ENSG00000139679,dimgrey,dimgrey,11
ENSG00000139684,dimgrey,dimgrey,11
ENSG00000139687,dimgrey,dimgrey,11
ENSG00000139697,gainsboro,gainsboro,13
ENSG00000139718,silver,silver,29
ENSG00000139719,dimgrey,dimgrey,11
ENSG00000139722,silver,silver,29
ENSG00000139726,dimgrey,dimgrey,11
ENSG00000139734,silver,silver,29
ENSG00000139746,silver,silver,29
ENSG00000139793,dimgrey,dimgrey,11
ENSG00000139826,silver,silver,29
ENSG00000139832,lightcoral,lightcoral,14
ENSG00000139835,silver,silver,29
ENSG00000139842,gainsboro,gainsboro,13
ENSG00000139874,dimgrey,dimgrey,11
ENSG00000139880,white,white,31
ENSG00000139899,dimgrey,dimgrey,11
ENSG00000139910,darkgrey,darkgrey,7
ENSG00000139921,silver,silver,29
ENSG00000139926,silver,silver,29
ENSG00000139946,silver,silver,29
ENSG00000139970,dimgrey,dimgrey,11
ENSG00000139971,darkgrey,darkgrey,7
ENSG00000139973,silver,silver,29
ENSG00000139974,darkgrey,darkgrey,7
ENSG00000139977,silver,silver,29
ENSG00000139990,darkgrey,darkgrey,7
ENSG00000139998,maroon,maroon,16
ENSG00000140006,darkgrey,darkgrey,7
ENSG00000140009,darkgrey,darkgrey,7
ENSG00000140025,maroon,maroon,16
ENSG00000140030,white,white,31
ENSG00000140044,darkgrey,darkgrey,7
ENSG00000140092,white,white,31
ENSG00000140104,maroon,maroon,16
ENSG00000140105,darkgrey,darkgrey,7
ENSG00000140153,dimgrey,dimgrey,11
ENSG00000140157,dimgrey,dimgrey,11
ENSG00000140199,darkgrey,darkgrey,7
ENSG00000140259,gainsboro,gainsboro,13
ENSG00000140262,gainsboro,gainsboro,13
ENSG00000140263,dimgrey,dimgrey,11
ENSG00000140264,darkgrey,darkgrey,7
ENSG00000140265,dimgrey,dimgrey,11
ENSG00000140280,maroon,maroon,16
ENSG00000140285,silver,silver,29
ENSG00000140299,dimgrey,dimgrey,11
ENSG00000140307,silver,silver,29
ENSG00000140319,dimgrey,dimgrey,11
ENSG00000140320,dimgrey,dimgrey,11
ENSG00000140323,dimgrey,dimgrey,11
ENSG00000140326,silver,silver,29
ENSG00000140332,darkgrey,darkgrey,7
ENSG00000140350,gainsboro,gainsboro,13
ENSG00000140365,dimgrey,dimgrey,11
ENSG00000140367,silver,silver,29
ENSG00000140368,silver,silver,29
ENSG00000140374,darkgrey,darkgrey,7
ENSG00000140379,dimgrey,dimgrey,11
ENSG00000140382,darkgrey,darkgrey,7
ENSG00000140386,darkgrey,darkgrey,7
ENSG00000140391,dimgrey,dimgrey,11
ENSG00000140395,dimgrey,dimgrey,11
ENSG00000140396,lightcoral,lightcoral,14
ENSG00000140398,maroon,maroon,16
ENSG00000140400,darkgrey,darkgrey,7
ENSG00000140403,silver,silver,29
ENSG00000140406,darkgrey,darkgrey,7
ENSG00000140416,gainsboro,gainsboro,13
ENSG00000140443,darkgrey,darkgrey,7
ENSG00000140450,dimgrey,dimgrey,11
ENSG00000140451,darkgrey,darkgrey,7
ENSG00000140455,darkgrey,darkgrey,7
ENSG00000140463,darkgrey,darkgrey,7
ENSG00000140464,darkgrey,darkgrey,7
ENSG00000140471,darkgrey,darkgrey,7
ENSG00000140474,darkgrey,darkgrey,7
ENSG00000140497,darkgrey,darkgrey,7
ENSG00000140511,darkgrey,darkgrey,7
ENSG00000140521,darkgrey,darkgrey,7
ENSG00000140525,dimgrey,dimgrey,11
ENSG00000140526,gainsboro,gainsboro,13
ENSG00000140534,gainsboro,gainsboro,13
ENSG00000140543,gainsboro,gainsboro,13
ENSG00000140545,darkgrey,darkgrey,7
ENSG00000140548,gainsboro,gainsboro,13
ENSG00000140553,darkgrey,darkgrey,7
ENSG00000140563,darkgrey,darkgrey,7
ENSG00000140564,darkgrey,darkgrey,7
ENSG00000140575,gainsboro,gainsboro,13
ENSG00000140577,dimgrey,dimgrey,11
ENSG00000140598,dimgrey,dimgrey,11
ENSG00000140612,silver,silver,29
ENSG00000140632,silver,silver,29
ENSG00000140650,darkgrey,darkgrey,7
ENSG00000140682,white,white,31
ENSG00000140691,darkgrey,darkgrey,7
ENSG00000140694,darkgrey,darkgrey,7
ENSG00000140718,dimgrey,dimgrey,11
ENSG00000140740,dimgrey,dimgrey,11
ENSG00000140743,white,white,31
ENSG00000140750,silver,silver,29
ENSG00000140795,silver,silver,29
ENSG00000140807,dimgrey,dimgrey,11
ENSG00000140829,gainsboro,gainsboro,13
ENSG00000140830,gainsboro,gainsboro,13
ENSG00000140836,gainsboro,gainsboro,13
ENSG00000140848,red,red,24
ENSG00000140853,darkgrey,darkgrey,7
ENSG00000140854,darkgrey,darkgrey,7
ENSG00000140859,darkgrey,darkgrey,7
ENSG00000140931,silver,silver,29
ENSG00000140937,gainsboro,gainsboro,13
ENSG00000140939,lightcoral,lightcoral,14
ENSG00000140941,dimgrey,dimgrey,11
ENSG00000140943,dimgrey,dimgrey,11
ENSG00000140945,dimgrey,dimgrey,11
ENSG00000140948,chocolate,chocolate,5
ENSG00000140950,silver,silver,29
ENSG00000140961,darkgrey,darkgrey,7
ENSG00000140983,darkgrey,darkgrey,7
ENSG00000140987,darkgrey,darkgrey,7
ENSG00000140988,dimgrey,dimgrey,11
ENSG00000140990,dimgrey,dimgrey,11
ENSG00000140992,silver,silver,29
ENSG00000140993,silver,silver,29
ENSG00000140995,dimgrey,dimgrey,11
ENSG00000141002,darkgrey,darkgrey,7
ENSG00000141012,darkgrey,darkgrey,7
ENSG00000141013,dimgrey,dimgrey,11
ENSG00000141026,dimgrey,dimgrey,11
ENSG00000141027,darkgrey,darkgrey,7
ENSG00000141030,dimgrey,dimgrey,11
ENSG00000141034,darkgrey,darkgrey,7
ENSG00000141040,dimgrey,dimgrey,11
ENSG00000141052,darkgrey,darkgrey,7
ENSG00000141068,silver,silver,29
ENSG00000141076,dimgrey,dimgrey,11
ENSG00000141084,dimgrey,dimgrey,11
ENSG00000141098,dimgrey,dimgrey,11
ENSG00000141101,darksalmon,darksalmon,10
ENSG00000141127,dimgrey,dimgrey,11
ENSG00000141179,dimgrey,dimgrey,11
ENSG00000141198,silver,silver,29
ENSG00000141219,darkgrey,darkgrey,7
ENSG00000141232,silver,silver,29
ENSG00000141252,gainsboro,gainsboro,13
ENSG00000141258,maroon,maroon,16
ENSG00000141279,darkgrey,darkgrey,7
ENSG00000141294,dimgrey,dimgrey,11
ENSG00000141295,dimgrey,dimgrey,11
ENSG00000141298,silver,silver,29
ENSG00000141314,dimgrey,dimgrey,11
ENSG00000141337,darkgrey,darkgrey,7
ENSG00000141338,dimgrey,dimgrey,11
ENSG00000141349,dimgrey,dimgrey,11
ENSG00000141367,silver,silver,29
ENSG00000141376,gainsboro,gainsboro,13
ENSG00000141378,dimgrey,dimgrey,11
ENSG00000141380,dimgrey,dimgrey,11
ENSG00000141384,dimgrey,dimgrey,11
ENSG00000141385,darkgrey,darkgrey,7
ENSG00000141391,darkgrey,darkgrey,7
ENSG00000141401,dimgrey,dimgrey,11
ENSG00000141404,dimgrey,dimgrey,11
ENSG00000141424,gainsboro,gainsboro,13
ENSG00000141425,dimgrey,dimgrey,11
ENSG00000141428,dimgrey,dimgrey,11
ENSG00000141429,gainsboro,gainsboro,13
ENSG00000141441,darkgrey,darkgrey,7
ENSG00000141446,gainsboro,gainsboro,13
ENSG00000141447,gainsboro,gainsboro,13
ENSG00000141448,silver,silver,29
ENSG00000141449,darkgrey,darkgrey,7
ENSG00000141452,dimgrey,dimgrey,11
ENSG00000141456,gainsboro,gainsboro,13
ENSG00000141458,darkgrey,darkgrey,7
ENSG00000141469,darkgrey,darkgrey,7
ENSG00000141480,darkgrey,darkgrey,7
ENSG00000141499,darkgrey,darkgrey,7
ENSG00000141503,maroon,maroon,16
ENSG00000141504,dimgrey,dimgrey,11
ENSG00000141505,darkgrey,darkgrey,7
ENSG00000141510,silver,silver,29
ENSG00000141522,firebrick,firebrick,12
ENSG00000141524,gainsboro,gainsboro,13
ENSG00000141526,darkgrey,darkgrey,7
ENSG00000141540,silver,silver,29
ENSG00000141542,dimgrey,dimgrey,11
ENSG00000141543,dimgrey,dimgrey,11
ENSG00000141551,gainsboro,gainsboro,13
ENSG00000141552,dimgrey,dimgrey,11
ENSG00000141556,darkgrey,darkgrey,7
ENSG00000141560,dimgrey,dimgrey,11
ENSG00000141562,darkgrey,darkgrey,7
ENSG00000141564,dimgrey,dimgrey,11
ENSG00000141568,darkgrey,darkgrey,7
ENSG00000141569,darkgrey,darkgrey,7
ENSG00000141570,maroon,maroon,16
ENSG00000141574,gainsboro,gainsboro,13
ENSG00000141576,dimgrey,dimgrey,11
ENSG00000141577,dimgrey,dimgrey,11
ENSG00000141580,silver,silver,29
ENSG00000141582,gainsboro,gainsboro,13
ENSG00000141627,dimgrey,dimgrey,11
ENSG00000141642,silver,silver,29
ENSG00000141644,dimgrey,dimgrey,11
ENSG00000141646,dimgrey,dimgrey,11
ENSG00000141655,white,white,31
ENSG00000141664,silver,silver,29
ENSG00000141665,maroon,maroon,16
ENSG00000141682,dimgrey,dimgrey,11
ENSG00000141696,white,white,31
ENSG00000141698,maroon,maroon,16
ENSG00000141699,dimgrey,dimgrey,11
ENSG00000141736,darkgrey,darkgrey,7
ENSG00000141738,bisque,bisque,1
ENSG00000141741,dimgrey,dimgrey,11
ENSG00000141753,darkgrey,darkgrey,7
ENSG00000141756,dimgrey,dimgrey,11
ENSG00000141759,dimgrey,dimgrey,11
ENSG00000141837,maroon,maroon,16
ENSG00000141858,white,white,31
ENSG00000141867,gainsboro,gainsboro,13
ENSG00000141873,darkgrey,darkgrey,7
ENSG00000141905,darkgrey,darkgrey,7
ENSG00000141934,darkgrey,darkgrey,7
ENSG00000141956,darkgrey,darkgrey,7
ENSG00000141959,white,white,31
ENSG00000141965,dimgrey,dimgrey,11
ENSG00000141971,darkgrey,darkgrey,7
ENSG00000141985,darkgrey,darkgrey,7
ENSG00000141994,dimgrey,dimgrey,11
ENSG00000142002,dimgrey,dimgrey,11
ENSG00000142039,dimgrey,dimgrey,11
ENSG00000142046,maroon,maroon,16
ENSG00000142065,darkgrey,darkgrey,7
ENSG00000142082,darkgrey,darkgrey,7
ENSG00000142089,white,white,31
ENSG00000142102,firebrick,firebrick,12
ENSG00000142156,darkgrey,darkgrey,7
ENSG00000142166,gainsboro,gainsboro,13
ENSG00000142168,dimgrey,dimgrey,11
ENSG00000142173,darkgrey,darkgrey,7
ENSG00000142186,orange,orange,19
ENSG00000142188,silver,silver,29
ENSG00000142192,dimgrey,dimgrey,11
ENSG00000142197,white,white,31
ENSG00000142207,gainsboro,gainsboro,13
ENSG00000142208,firebrick,firebrick,12
ENSG00000142227,silver,silver,29
ENSG00000142230,dimgrey,dimgrey,11
ENSG00000142235,darkgrey,darkgrey,7
ENSG00000142252,dimgrey,dimgrey,11
ENSG00000142279,darkgrey,darkgrey,7
ENSG00000142303,maroon,maroon,16
ENSG00000142327,darkgrey,darkgrey,7
ENSG00000142330,peachpuff,peachpuff,22
ENSG00000142347,silver,silver,29
ENSG00000142396,gainsboro,gainsboro,13
ENSG00000142408,darkgrey,darkgrey,7
ENSG00000142409,darkgrey,darkgrey,7
ENSG00000142444,dimgrey,dimgrey,11
ENSG00000142459,darkgrey,darkgrey,7
ENSG00000142507,darkgrey,darkgrey,7
ENSG00000142528,lightcoral,lightcoral,14
ENSG00000142534,dimgrey,dimgrey,11
ENSG00000142541,dimgrey,dimgrey,11
ENSG00000142544,dimgrey,dimgrey,11
ENSG00000142546,darkgrey,darkgrey,7
ENSG00000142552,darkgrey,darkgrey,7
ENSG00000142556,brown,brown,3
ENSG00000142599,gainsboro,gainsboro,13
ENSG00000142611,silver,silver,29
ENSG00000142627,dimgrey,dimgrey,11
ENSG00000142634,dimgrey,dimgrey,11
ENSG00000142655,dimgrey,dimgrey,11
ENSG00000142657,silver,silver,29
ENSG00000142669,dimgrey,dimgrey,11
ENSG00000142676,dimgrey,dimgrey,11
ENSG00000142677,darkgrey,darkgrey,7
ENSG00000142686,darkgrey,darkgrey,7
ENSG00000142687,darkgrey,darkgrey,7
ENSG00000142731,silver,silver,29
ENSG00000142733,dimgrey,dimgrey,11
ENSG00000142751,darkgrey,darkgrey,7
ENSG00000142784,silver,silver,29
ENSG00000142798,darkgrey,darkgrey,7
ENSG00000142856,gainsboro,gainsboro,13
ENSG00000142864,gainsboro,gainsboro,13
ENSG00000142867,silver,silver,29
ENSG00000142871,darkgrey,darkgrey,7
ENSG00000142875,silver,silver,29
ENSG00000142892,dimgrey,dimgrey,11
ENSG00000142910,darkgrey,darkgrey,7
ENSG00000142920,darkgrey,darkgrey,7
ENSG00000142937,dimgrey,dimgrey,11
ENSG00000142945,dimgrey,dimgrey,11
ENSG00000142949,bisque,bisque,1
ENSG00000142961,dimgrey,dimgrey,11
ENSG00000143013,dimgrey,dimgrey,11
ENSG00000143028,darkgrey,darkgrey,7
ENSG00000143033,silver,silver,29
ENSG00000143036,silver,silver,29
ENSG00000143067,silver,silver,29
ENSG00000143079,dimgrey,dimgrey,11
ENSG00000143093,darkgrey,darkgrey,7
ENSG00000143106,dimgrey,dimgrey,11
ENSG00000143126,darkgrey,darkgrey,7
ENSG00000143127,bisque,bisque,1
ENSG00000143147,dimgrey,dimgrey,11
ENSG00000143149,darkgrey,darkgrey,7
ENSG00000143153,darkred,darkred,9
ENSG00000143155,dimgrey,dimgrey,11
ENSG00000143156,dimgrey,dimgrey,11
ENSG00000143157,silver,silver,29
ENSG00000143158,dimgrey,dimgrey,11
ENSG00000143162,dimgrey,dimgrey,11
ENSG00000143164,silver,silver,29
ENSG00000143178,dimgrey,dimgrey,11
ENSG00000143179,gainsboro,gainsboro,13
ENSG00000143183,dimgrey,dimgrey,11
ENSG00000143190,darkgrey,darkgrey,7
ENSG00000143198,gainsboro,gainsboro,13
ENSG00000143207,darkgrey,darkgrey,7
ENSG00000143222,darkgrey,darkgrey,7
ENSG00000143224,silver,silver,29
ENSG00000143226,darkgrey,darkgrey,7
ENSG00000143228,darkgrey,darkgrey,7
ENSG00000143248,red,red,24
ENSG00000143252,dimgrey,dimgrey,11
ENSG00000143256,silver,silver,29
ENSG00000143258,dimgrey,dimgrey,11
ENSG00000143294,silver,silver,29
ENSG00000143303,darkgrey,darkgrey,7
ENSG00000143314,darkgrey,darkgrey,7
ENSG00000143315,darkgrey,darkgrey,7
ENSG00000143319,darkgrey,darkgrey,7
ENSG00000143320,darkgrey,darkgrey,7
ENSG00000143321,darkgrey,darkgrey,7
ENSG00000143322,darkgrey,darkgrey,7
ENSG00000143324,silver,silver,29
ENSG00000143337,gainsboro,gainsboro,13
ENSG00000143341,gainsboro,gainsboro,13
ENSG00000143344,silver,silver,29
ENSG00000143353,dimgrey,dimgrey,11
ENSG00000143363,darkgrey,darkgrey,7
ENSG00000143367,darkgrey,darkgrey,7
ENSG00000143368,silver,silver,29
ENSG00000143369,silver,silver,29
ENSG00000143374,darkgrey,darkgrey,7
ENSG00000143376,silver,silver,29
ENSG00000143379,darkgrey,darkgrey,7
ENSG00000143382,darkgrey,darkgrey,7
ENSG00000143384,darkgrey,darkgrey,7
ENSG00000143387,silver,silver,29
ENSG00000143390,dimgrey,dimgrey,11
ENSG00000143393,dimgrey,dimgrey,11
ENSG00000143398,darkgrey,darkgrey,7
ENSG00000143401,darkgrey,darkgrey,7
ENSG00000143409,gainsboro,gainsboro,13
ENSG00000143416,silver,silver,29
ENSG00000143418,dimgrey,dimgrey,11
ENSG00000143420,gainsboro,gainsboro,13
ENSG00000143434,brown,brown,3
ENSG00000143436,silver,silver,29
ENSG00000143437,darkgrey,darkgrey,7
ENSG00000143442,dimgrey,dimgrey,11
ENSG00000143443,dimgrey,dimgrey,11
ENSG00000143450,maroon,maroon,16
ENSG00000143457,dimgrey,dimgrey,11
ENSG00000143458,darkgrey,darkgrey,7
ENSG00000143469,silver,silver,29
ENSG00000143476,darkgrey,darkgrey,7
ENSG00000143479,gainsboro,gainsboro,13
ENSG00000143486,darkgrey,darkgrey,7
ENSG00000143493,darkgrey,darkgrey,7
ENSG00000143494,seashell,seashell,27
ENSG00000143498,gainsboro,gainsboro,13
ENSG00000143499,dimgrey,dimgrey,11
ENSG00000143502,dimgrey,dimgrey,11
ENSG00000143507,silver,silver,29
ENSG00000143514,dimgrey,dimgrey,11
ENSG00000143515,darkgrey,darkgrey,7
ENSG00000143537,dimgrey,dimgrey,11
ENSG00000143543,dimgrey,dimgrey,11
ENSG00000143545,dimgrey,dimgrey,11
ENSG00000143549,dimgrey,dimgrey,11
ENSG00000143552,darkgrey,darkgrey,7
ENSG00000143553,dimgrey,dimgrey,11
ENSG00000143554,silver,silver,29
ENSG00000143569,silver,silver,29
ENSG00000143575,dimgrey,dimgrey,11
ENSG00000143578,gainsboro,gainsboro,13
ENSG00000143590,dimgrey,dimgrey,11
ENSG00000143612,dimgrey,dimgrey,11
ENSG00000143614,darkgrey,darkgrey,7
ENSG00000143621,darkgrey,darkgrey,7
ENSG00000143622,brown,brown,3
ENSG00000143624,darkgrey,darkgrey,7
ENSG00000143633,gainsboro,gainsboro,13
ENSG00000143641,dimgrey,dimgrey,11
ENSG00000143643,dimgrey,dimgrey,11
ENSG00000143653,dimgrey,dimgrey,11
ENSG00000143669,gainsboro,gainsboro,13
ENSG00000143702,linen,linen,15
ENSG00000143727,dimgrey,dimgrey,11
ENSG00000143740,dimgrey,dimgrey,11
ENSG00000143742,dimgrey,dimgrey,11
ENSG00000143748,darkgrey,darkgrey,7
ENSG00000143751,silver,silver,29
ENSG00000143753,gainsboro,gainsboro,13
ENSG00000143756,silver,silver,29
ENSG00000143761,silver,silver,29
ENSG00000143771,dimgrey,dimgrey,11
ENSG00000143772,darkgrey,darkgrey,7
ENSG00000143774,silver,silver,29
ENSG00000143776,dimgrey,dimgrey,11
ENSG00000143786,darkgrey,darkgrey,7
ENSG00000143793,dimgrey,dimgrey,11
ENSG00000143797,firebrick,firebrick,12
ENSG00000143799,darksalmon,darksalmon,10
ENSG00000143801,dimgrey,dimgrey,11
ENSG00000143811,silver,silver,29
ENSG00000143815,silver,silver,29
ENSG00000143816,darkgrey,darkgrey,7
ENSG00000143819,dimgrey,dimgrey,11
ENSG00000143839,silver,silver,29
ENSG00000143842,dimgrey,dimgrey,11
ENSG00000143845,dimgrey,dimgrey,11
ENSG00000143847,darkgrey,darkgrey,7
ENSG00000143850,gainsboro,gainsboro,13
ENSG00000143858,silver,silver,29
ENSG00000143862,brown,brown,3
ENSG00000143867,darkgrey,darkgrey,7
ENSG00000143870,gainsboro,gainsboro,13
ENSG00000143878,silver,silver,29
ENSG00000143889,silver,silver,29
ENSG00000143891,darkgrey,darkgrey,7
ENSG00000143919,dimgrey,dimgrey,11
ENSG00000143924,silver,silver,29
ENSG00000143933,dimgrey,dimgrey,11
ENSG00000143942,silver,silver,29
ENSG00000143947,dimgrey,dimgrey,11
ENSG00000143951,darkgrey,darkgrey,7
ENSG00000143952,silver,silver,29
ENSG00000143970,darkgrey,darkgrey,7
ENSG00000143971,silver,silver,29
ENSG00000143977,dimgrey,dimgrey,11
ENSG00000143995,dimgrey,dimgrey,11
ENSG00000144021,dimgrey,dimgrey,11
ENSG00000144026,dimgrey,dimgrey,11
ENSG00000144028,darkgrey,darkgrey,7
ENSG00000144029,dimgrey,dimgrey,11
ENSG00000144031,silver,silver,29
ENSG00000144034,dimgrey,dimgrey,11
ENSG00000144036,darkgrey,darkgrey,7
ENSG00000144040,brown,brown,3
ENSG00000144043,silver,silver,29
ENSG00000144061,dimgrey,dimgrey,11
ENSG00000144118,gainsboro,gainsboro,13
ENSG00000144120,dimgrey,dimgrey,11
ENSG00000144134,darkgrey,darkgrey,7
ENSG00000144136,darksalmon,darksalmon,10
ENSG00000144152,dimgrey,dimgrey,11
ENSG00000144161,darkgrey,darkgrey,7
ENSG00000144182,gainsboro,gainsboro,13
ENSG00000144218,maroon,maroon,16
ENSG00000144224,dimgrey,dimgrey,11
ENSG00000144228,brown,brown,3
ENSG00000144231,darkgrey,darkgrey,7
ENSG00000144233,dimgrey,dimgrey,11
ENSG00000144283,darkgrey,darkgrey,7
ENSG00000144306,gainsboro,gainsboro,13
ENSG00000144320,darkgrey,darkgrey,7
ENSG00000144339,firebrick,firebrick,12
ENSG00000144354,darkgrey,darkgrey,7
ENSG00000144357,dimgrey,dimgrey,11
ENSG00000144362,brown,brown,3
ENSG00000144366,dimgrey,dimgrey,11
ENSG00000144369,dimgrey,dimgrey,11
ENSG00000144381,dimgrey,dimgrey,11
ENSG00000144395,lightcoral,lightcoral,14
ENSG00000144401,silver,silver,29
ENSG00000144426,dimgrey,dimgrey,11
ENSG00000144445,dimgrey,dimgrey,11
ENSG00000144451,darkgrey,darkgrey,7
ENSG00000144455,dimgrey,dimgrey,11
ENSG00000144468,dimgrey,dimgrey,11
ENSG00000144485,maroon,maroon,16
ENSG00000144488,darkgrey,darkgrey,7
ENSG00000144504,dimgrey,dimgrey,11
ENSG00000144524,darksalmon,darksalmon,10
ENSG00000144535,gainsboro,gainsboro,13
ENSG00000144554,dimgrey,dimgrey,11
ENSG00000144559,darkgrey,darkgrey,7
ENSG00000144560,darkgrey,darkgrey,7
ENSG00000144566,dimgrey,dimgrey,11
ENSG00000144567,dimgrey,dimgrey,11
ENSG00000144579,darkgrey,darkgrey,7
ENSG00000144580,darkgrey,darkgrey,7
ENSG00000144583,silver,silver,29
ENSG00000144589,darkgrey,darkgrey,7
ENSG00000144591,darkgrey,darkgrey,7
ENSG00000144597,silver,silver,29
ENSG00000144635,gainsboro,gainsboro,13
ENSG00000144642,gainsboro,gainsboro,13
ENSG00000144645,darkgrey,darkgrey,7
ENSG00000144647,darkgrey,darkgrey,7
ENSG00000144655,darkgrey,darkgrey,7
ENSG00000144659,darkgrey,darkgrey,7
ENSG00000144671,silver,silver,29
ENSG00000144674,red,red,24
ENSG00000144677,dimgrey,dimgrey,11
ENSG00000144681,silver,silver,29
ENSG00000144711,darkgrey,darkgrey,7
ENSG00000144713,dimgrey,dimgrey,11
ENSG00000144724,dimgrey,dimgrey,11
ENSG00000144730,gainsboro,gainsboro,13
ENSG00000144736,silver,silver,29
ENSG00000144741,dimgrey,dimgrey,11
ENSG00000144744,dimgrey,dimgrey,11
ENSG00000144746,gainsboro,gainsboro,13
ENSG00000144747,silver,silver,29
ENSG00000144791,silver,silver,29
ENSG00000144802,silver,silver,29
ENSG00000144810,dimgrey,dimgrey,11
ENSG00000144815,darkgrey,darkgrey,7
ENSG00000144821,dimgrey,dimgrey,11
ENSG00000144824,darkgrey,darkgrey,7
ENSG00000144827,white,white,31
ENSG00000144834,silver,silver,29
ENSG00000144840,silver,silver,29
ENSG00000144843,dimgrey,dimgrey,11
ENSG00000144848,dimgrey,dimgrey,11
ENSG00000144857,red,red,24
ENSG00000144867,dimgrey,dimgrey,11
ENSG00000144891,silver,silver,29
ENSG00000144893,darkgrey,darkgrey,7
ENSG00000144895,silver,silver,29
ENSG00000144909,dimgrey,dimgrey,11
ENSG00000144935,firebrick,firebrick,12
ENSG00000144959,silver,silver,29
ENSG00000145012,gainsboro,gainsboro,13
ENSG00000145014,maroon,maroon,16
ENSG00000145016,dimgrey,dimgrey,11
ENSG00000145022,silver,silver,29
ENSG00000145041,gainsboro,gainsboro,13
ENSG00000145050,darkgrey,darkgrey,7
ENSG00000145147,gainsboro,gainsboro,13
ENSG00000145191,darkgrey,darkgrey,7
ENSG00000145214,moccasin,moccasin,17
ENSG00000145216,dimgrey,dimgrey,11
ENSG00000145217,dimgrey,dimgrey,11
ENSG00000145220,dimgrey,dimgrey,11
ENSG00000145241,sandybrown,sandybrown,26
ENSG00000145242,dimgrey,dimgrey,11
ENSG00000145244,silver,silver,29
ENSG00000145246,brown,brown,3
ENSG00000145247,dimgrey,dimgrey,11
ENSG00000145284,dimgrey,dimgrey,11
ENSG00000145287,gainsboro,gainsboro,13
ENSG00000145293,silver,silver,29
ENSG00000145331,dimgrey,dimgrey,11
ENSG00000145332,darksalmon,darksalmon,10
ENSG00000145335,silver,silver,29
ENSG00000145348,dimgrey,dimgrey,11
ENSG00000145349,silver,silver,29
ENSG00000145354,dimgrey,dimgrey,11
ENSG00000145358,gainsboro,gainsboro,13
ENSG00000145362,darkgrey,darkgrey,7
ENSG00000145365,silver,silver,29
ENSG00000145375,silver,silver,29
ENSG00000145386,dimgrey,dimgrey,11
ENSG00000145388,gainsboro,gainsboro,13
ENSG00000145390,darkgrey,darkgrey,7
ENSG00000145391,dimgrey,dimgrey,11
ENSG00000145414,firebrick,firebrick,12
ENSG00000145416,silver,silver,29
ENSG00000145425,dimgrey,dimgrey,11
ENSG00000145431,darkgrey,darkgrey,7
ENSG00000145439,dimgrey,dimgrey,11
ENSG00000145476,dimgrey,dimgrey,11
ENSG00000145494,dimgrey,dimgrey,11
ENSG00000145495,lightcoral,lightcoral,14
ENSG00000145526,dimgrey,dimgrey,11
ENSG00000145545,silver,silver,29
ENSG00000145555,dimgrey,dimgrey,11
ENSG00000145569,silver,silver,29
ENSG00000145592,dimgrey,dimgrey,11
ENSG00000145604,silver,silver,29
ENSG00000145623,silver,silver,29
ENSG00000145632,darkgrey,darkgrey,7
ENSG00000145675,firebrick,firebrick,12
ENSG00000145685,darkgrey,darkgrey,7
ENSG00000145687,silver,silver,29
ENSG00000145703,darkgrey,darkgrey,7
ENSG00000145715,dimgrey,dimgrey,11
ENSG00000145723,dimgrey,dimgrey,11
ENSG00000145725,gainsboro,gainsboro,13
ENSG00000145730,silver,silver,29
ENSG00000145734,dimgrey,dimgrey,11
ENSG00000145740,dimgrey,dimgrey,11
ENSG00000145741,silver,silver,29
ENSG00000145743,gainsboro,gainsboro,13
ENSG00000145757,dimgrey,dimgrey,11
ENSG00000145777,silver,silver,29
ENSG00000145779,darkgrey,darkgrey,7
ENSG00000145780,dimgrey,dimgrey,11
ENSG00000145781,dimgrey,dimgrey,11
ENSG00000145782,gainsboro,gainsboro,13
ENSG00000145808,silver,silver,29
ENSG00000145817,dimgrey,dimgrey,11
ENSG00000145819,darkgrey,darkgrey,7
ENSG00000145824,gainsboro,gainsboro,13
ENSG00000145833,gainsboro,gainsboro,13
ENSG00000145860,darkgrey,darkgrey,7
ENSG00000145861,dimgrey,dimgrey,11
ENSG00000145868,silver,silver,29
ENSG00000145882,darkgrey,darkgrey,7
ENSG00000145901,darkgrey,darkgrey,7
ENSG00000145907,darkgrey,darkgrey,7
ENSG00000145908,gainsboro,gainsboro,13
ENSG00000145912,dimgrey,dimgrey,11
ENSG00000145916,darkgrey,darkgrey,7
ENSG00000145919,silver,silver,29
ENSG00000145934,dimgrey,dimgrey,11
ENSG00000145945,dimgrey,dimgrey,11
ENSG00000145979,darkgrey,darkgrey,7
ENSG00000145982,dimgrey,dimgrey,11
ENSG00000145990,darkgrey,darkgrey,7
ENSG00000145996,dimgrey,dimgrey,11
ENSG00000146006,darkgrey,darkgrey,7
ENSG00000146007,darkgrey,darkgrey,7
ENSG00000146021,coral,coral,6
ENSG00000146054,dimgrey,dimgrey,11
ENSG00000146063,brown,brown,3
ENSG00000146066,darkgrey,darkgrey,7
ENSG00000146067,white,white,31
ENSG00000146072,darkgrey,darkgrey,7
ENSG00000146083,white,white,31
ENSG00000146085,coral,coral,6
ENSG00000146094,dimgrey,dimgrey,11
ENSG00000146122,darkgrey,darkgrey,7
ENSG00000146143,silver,silver,29
ENSG00000146197,silver,silver,29
ENSG00000146205,dimgrey,dimgrey,11
ENSG00000146223,gainsboro,gainsboro,13
ENSG00000146232,dimgrey,dimgrey,11
ENSG00000146243,darkgrey,darkgrey,7
ENSG00000146247,darkgrey,darkgrey,7
ENSG00000146250,maroon,maroon,16
ENSG00000146263,gainsboro,gainsboro,13
ENSG00000146267,maroon,maroon,16
ENSG00000146278,white,white,31
ENSG00000146281,silver,silver,29
ENSG00000146282,dimgrey,dimgrey,11
ENSG00000146350,darkgrey,darkgrey,7
ENSG00000146373,darkgrey,darkgrey,7
ENSG00000146374,maroon,maroon,16
ENSG00000146376,darkred,darkred,9
ENSG00000146386,silver,silver,29
ENSG00000146409,lightcoral,lightcoral,14
ENSG00000146410,silver,silver,29
ENSG00000146411,dimgrey,dimgrey,11
ENSG00000146414,gainsboro,gainsboro,13
ENSG00000146416,silver,silver,29
ENSG00000146425,dimgrey,dimgrey,11
ENSG00000146426,white,white,31
ENSG00000146433,silver,silver,29
ENSG00000146457,silver,silver,29
ENSG00000146463,gainsboro,gainsboro,13
ENSG00000146476,silver,silver,29
ENSG00000146535,darkgrey,darkgrey,7
ENSG00000146540,darkgrey,darkgrey,7
ENSG00000146574,darkgrey,darkgrey,7
ENSG00000146576,darkgrey,darkgrey,7
ENSG00000146587,gainsboro,gainsboro,13
ENSG00000146592,darkgrey,darkgrey,7
ENSG00000146648,gainsboro,gainsboro,13
ENSG00000146670,dimgrey,dimgrey,11
ENSG00000146674,dimgrey,dimgrey,11
ENSG00000146676,silver,silver,29
ENSG00000146700,silver,silver,29
ENSG00000146701,darkgrey,darkgrey,7
ENSG00000146707,dimgrey,dimgrey,11
ENSG00000146729,silver,silver,29
ENSG00000146731,dimgrey,dimgrey,11
ENSG00000146733,dimgrey,dimgrey,11
ENSG00000146757,firebrick,firebrick,12
ENSG00000146776,darkgrey,darkgrey,7
ENSG00000146802,gainsboro,gainsboro,13
ENSG00000146826,darkgrey,darkgrey,7
ENSG00000146828,darkgrey,darkgrey,7
ENSG00000146830,darkgrey,darkgrey,7
ENSG00000146833,dimgrey,dimgrey,11
ENSG00000146842,silver,silver,29
ENSG00000146856,silver,silver,29
ENSG00000146858,darkgrey,darkgrey,7
ENSG00000146859,dimgrey,dimgrey,11
ENSG00000146872,darkgrey,darkgrey,7
ENSG00000146909,dimgrey,dimgrey,11
ENSG00000146918,dimgrey,dimgrey,11
ENSG00000146950,dimgrey,dimgrey,11
ENSG00000146963,dimgrey,dimgrey,11
ENSG00000146966,darkgrey,darkgrey,7
ENSG00000147010,red,red,24
ENSG00000147027,red,red,24
ENSG00000147041,darkgrey,darkgrey,7
ENSG00000147044,dimgrey,dimgrey,11
ENSG00000147050,silver,silver,29
ENSG00000147059,darkgrey,darkgrey,7
ENSG00000147065,darkgrey,darkgrey,7
ENSG00000147099,darkgrey,darkgrey,7
ENSG00000147100,dimgrey,dimgrey,11
ENSG00000147118,darkgrey,darkgrey,7
ENSG00000147119,dimgrey,dimgrey,11
ENSG00000147121,dimgrey,dimgrey,11
ENSG00000147123,dimgrey,dimgrey,11
ENSG00000147124,lightcoral,lightcoral,14
ENSG00000147130,darkgrey,darkgrey,7
ENSG00000147133,darkgrey,darkgrey,7
ENSG00000147140,dimgrey,dimgrey,11
ENSG00000147145,brown,brown,3
ENSG00000147155,dimgrey,dimgrey,11
ENSG00000147162,dimgrey,dimgrey,11
ENSG00000147164,dimgrey,dimgrey,11
ENSG00000147166,dimgrey,dimgrey,11
ENSG00000147174,coral,coral,6
ENSG00000147180,lightcoral,lightcoral,14
ENSG00000147202,silver,silver,29
ENSG00000147224,silver,silver,29
ENSG00000147231,dimgrey,dimgrey,11
ENSG00000147251,dimgrey,dimgrey,11
ENSG00000147274,gainsboro,gainsboro,13
ENSG00000147316,silver,silver,29
ENSG00000147364,darkgrey,darkgrey,7
ENSG00000147383,firebrick,firebrick,12
ENSG00000147400,dimgrey,dimgrey,11
ENSG00000147403,dimgrey,dimgrey,11
ENSG00000147408,dimgrey,dimgrey,11
ENSG00000147416,darkgrey,darkgrey,7
ENSG00000147419,darkgrey,darkgrey,7
ENSG00000147421,silver,silver,29
ENSG00000147437,silver,silver,29
ENSG00000147439,dimgrey,dimgrey,11
ENSG00000147454,darkgrey,darkgrey,7
ENSG00000147457,darkgrey,darkgrey,7
ENSG00000147459,darkgrey,darkgrey,7
ENSG00000147465,silver,silver,29
ENSG00000147471,darkgrey,darkgrey,7
ENSG00000147475,silver,silver,29
ENSG00000147488,gainsboro,gainsboro,13
ENSG00000147509,dimgrey,dimgrey,11
ENSG00000147526,gainsboro,gainsboro,13
ENSG00000147533,silver,silver,29
ENSG00000147535,silver,silver,29
ENSG00000147536,dimgrey,dimgrey,11
ENSG00000147548,dimgrey,dimgrey,11
ENSG00000147571,silver,silver,29
ENSG00000147573,dimgrey,dimgrey,11
ENSG00000147576,lightcoral,lightcoral,14
ENSG00000147586,dimgrey,dimgrey,11
ENSG00000147592,coral,coral,6
ENSG00000147601,dimgrey,dimgrey,11
ENSG00000147604,dimgrey,dimgrey,11
ENSG00000147642,silver,silver,29
ENSG00000147649,dimgrey,dimgrey,11
ENSG00000147650,darkgrey,darkgrey,7
ENSG00000147654,dimgrey,dimgrey,11
ENSG00000147669,dimgrey,dimgrey,11
ENSG00000147677,dimgrey,dimgrey,11
ENSG00000147679,silver,silver,29
ENSG00000147684,dimgrey,dimgrey,11
ENSG00000147687,dimgrey,dimgrey,11
ENSG00000147789,dimgrey,dimgrey,11
ENSG00000147799,maroon,maroon,16
ENSG00000147804,dimgrey,dimgrey,11
ENSG00000147813,firebrick,firebrick,12
ENSG00000147852,lightcoral,lightcoral,14
ENSG00000147853,dimgrey,dimgrey,11
ENSG00000147854,darkgrey,darkgrey,7
ENSG00000147862,bisque,bisque,1
ENSG00000147872,darkgrey,darkgrey,7
ENSG00000147874,darkgrey,darkgrey,7
ENSG00000147883,gainsboro,gainsboro,13
ENSG00000147889,darkgrey,darkgrey,7
ENSG00000147894,silver,silver,29
ENSG00000147905,red,red,24
ENSG00000147912,darkgrey,darkgrey,7
ENSG00000147955,darkgrey,darkgrey,7
ENSG00000147996,dimgrey,dimgrey,11
ENSG00000148019,darkgrey,darkgrey,7
ENSG00000148057,dimgrey,dimgrey,11
ENSG00000148082,maroon,maroon,16
ENSG00000148090,silver,silver,29
ENSG00000148110,dimgrey,dimgrey,11
ENSG00000148120,dimgrey,dimgrey,11
ENSG00000148143,dimgrey,dimgrey,11
ENSG00000148153,red,red,24
ENSG00000148154,gainsboro,gainsboro,13
ENSG00000148158,dimgrey,dimgrey,11
ENSG00000148175,silver,silver,29
ENSG00000148180,darkgrey,darkgrey,7
ENSG00000148187,dimgrey,dimgrey,11
ENSG00000148200,darkred,darkred,9
ENSG00000148218,dimgrey,dimgrey,11
ENSG00000148219,silver,silver,29
ENSG00000148225,gainsboro,gainsboro,13
ENSG00000148229,silver,silver,29
ENSG00000148248,gainsboro,gainsboro,13
ENSG00000148288,silver,silver,29
ENSG00000148290,dimgrey,dimgrey,11
ENSG00000148291,dimgrey,dimgrey,11
ENSG00000148296,dimgrey,dimgrey,11
ENSG00000148300,gainsboro,gainsboro,13
ENSG00000148303,dimgrey,dimgrey,11
ENSG00000148308,dimgrey,dimgrey,11
ENSG00000148331,darkgrey,darkgrey,7
ENSG00000148334,darkgrey,darkgrey,7
ENSG00000148335,orange,orange,19
ENSG00000148337,darkgrey,darkgrey,7
ENSG00000148339,gainsboro,gainsboro,13
ENSG00000148341,darkgrey,darkgrey,7
ENSG00000148343,white,white,31
ENSG00000148344,darkgrey,darkgrey,7
ENSG00000148356,darkgrey,darkgrey,7
ENSG00000148358,darkgrey,darkgrey,7
ENSG00000148384,darkgrey,darkgrey,7
ENSG00000148396,darkgrey,darkgrey,7
ENSG00000148399,darkgrey,darkgrey,7
ENSG00000148400,silver,silver,29
ENSG00000148411,silver,silver,29
ENSG00000148426,firebrick,firebrick,12
ENSG00000148429,firebrick,firebrick,12
ENSG00000148444,dimgrey,dimgrey,11
ENSG00000148450,darkgrey,darkgrey,7
ENSG00000148459,orangered,orangered,20
ENSG00000148468,gainsboro,gainsboro,13
ENSG00000148481,silver,silver,29
ENSG00000148484,silver,silver,29
ENSG00000148498,dimgrey,dimgrey,11
ENSG00000148516,gainsboro,gainsboro,13
ENSG00000148541,gainsboro,gainsboro,13
ENSG00000148572,darkgrey,darkgrey,7
ENSG00000148606,lightcoral,lightcoral,14
ENSG00000148634,white,white,31
ENSG00000148655,dimgrey,dimgrey,11
ENSG00000148660,dimgrey,dimgrey,11
ENSG00000148672,gainsboro,gainsboro,13
ENSG00000148677,darkgrey,darkgrey,7
ENSG00000148680,silver,silver,29
ENSG00000148688,silver,silver,29
ENSG00000148690,darkgrey,darkgrey,7
ENSG00000148700,coral,coral,6
ENSG00000148719,silver,silver,29
ENSG00000148730,dimgrey,dimgrey,11
ENSG00000148737,darkgrey,darkgrey,7
ENSG00000148773,darkred,darkred,9
ENSG00000148798,darkgrey,darkgrey,7
ENSG00000148803,darkgrey,darkgrey,7
ENSG00000148814,darkgrey,darkgrey,7
ENSG00000148824,silver,silver,29
ENSG00000148832,darkgrey,darkgrey,7
ENSG00000148834,dimgrey,dimgrey,11
ENSG00000148835,dimgrey,dimgrey,11
ENSG00000148840,darkgrey,darkgrey,7
ENSG00000148841,dimgrey,dimgrey,11
ENSG00000148842,dimgrey,dimgrey,11
ENSG00000148843,red,red,24
ENSG00000148848,darkgrey,darkgrey,7
ENSG00000148908,dimgrey,dimgrey,11
ENSG00000148925,maroon,maroon,16
ENSG00000148926,dimgrey,dimgrey,11
ENSG00000148935,silver,silver,29
ENSG00000148943,dimgrey,dimgrey,11
ENSG00000148948,red,red,24
ENSG00000148950,dimgrey,dimgrey,11
ENSG00000148985,darkgrey,darkgrey,7
ENSG00000149016,peru,peru,23
ENSG00000149050,darkgrey,darkgrey,7
ENSG00000149054,gainsboro,gainsboro,13
ENSG00000149084,dimgrey,dimgrey,11
ENSG00000149089,silver,silver,29
ENSG00000149090,dimgrey,dimgrey,11
ENSG00000149091,darkgrey,darkgrey,7
ENSG00000149100,dimgrey,dimgrey,11
ENSG00000149115,dimgrey,dimgrey,11
ENSG00000149131,darkgrey,darkgrey,7
ENSG00000149136,darkgrey,darkgrey,7
ENSG00000149150,darkgrey,darkgrey,7
ENSG00000149177,silver,silver,29
ENSG00000149179,lightcoral,lightcoral,14
ENSG00000149182,silver,silver,29
ENSG00000149187,gainsboro,gainsboro,13
ENSG00000149196,dimgrey,dimgrey,11
ENSG00000149201,darkgrey,darkgrey,7
ENSG00000149212,sienna,sienna,28
ENSG00000149218,dimgrey,dimgrey,11
ENSG00000149231,red,red,24
ENSG00000149243,silver,silver,29
ENSG00000149256,gainsboro,gainsboro,13
ENSG00000149257,darkgrey,darkgrey,7
ENSG00000149260,dimgrey,dimgrey,11
ENSG00000149262,silver,silver,29
ENSG00000149269,darkgrey,darkgrey,7
ENSG00000149273,dimgrey,dimgrey,11
ENSG00000149289,silver,silver,29
ENSG00000149292,dimgrey,dimgrey,11
ENSG00000149308,darkgrey,darkgrey,7
ENSG00000149311,coral,coral,6
ENSG00000149313,silver,silver,29
ENSG00000149346,dimgrey,dimgrey,11
ENSG00000149357,darkgrey,darkgrey,7
ENSG00000149380,brown,brown,3
ENSG00000149428,white,white,31
ENSG00000149451,brown,brown,3
ENSG00000149474,dimgrey,dimgrey,11
ENSG00000149476,silver,silver,29
ENSG00000149480,darkgrey,darkgrey,7
ENSG00000149483,dimgrey,dimgrey,11
ENSG00000149485,darkgrey,darkgrey,7
ENSG00000149489,dimgrey,dimgrey,11
ENSG00000149499,darkgrey,darkgrey,7
ENSG00000149503,darkgrey,darkgrey,7
ENSG00000149532,dimgrey,dimgrey,11
ENSG00000149541,darkgrey,darkgrey,7
ENSG00000149547,dimgrey,dimgrey,11
ENSG00000149548,silver,silver,29
ENSG00000149554,dimgrey,dimgrey,11
ENSG00000149557,darkgrey,darkgrey,7
ENSG00000149564,maroon,maroon,16
ENSG00000149571,silver,silver,29
ENSG00000149575,brown,brown,3
ENSG00000149577,darkgrey,darkgrey,7
ENSG00000149582,dimgrey,dimgrey,11
ENSG00000149591,dimgrey,dimgrey,11
ENSG00000149596,darkgrey,darkgrey,7
ENSG00000149600,silver,silver,29
ENSG00000149609,darkgrey,darkgrey,7
ENSG00000149633,dimgrey,dimgrey,11
ENSG00000149636,darkgrey,darkgrey,7
ENSG00000149639,darkgrey,darkgrey,7
ENSG00000149657,dimgrey,dimgrey,11
ENSG00000149658,dimgrey,dimgrey,11
ENSG00000149679,silver,silver,29
ENSG00000149716,darkgrey,darkgrey,7
ENSG00000149743,dimgrey,dimgrey,11
ENSG00000149761,silver,silver,29
ENSG00000149781,maroon,maroon,16
ENSG00000149782,white,white,31
ENSG00000149792,dimgrey,dimgrey,11
ENSG00000149806,darkgrey,darkgrey,7
ENSG00000149809,dimgrey,dimgrey,11
ENSG00000149823,firebrick,firebrick,12
ENSG00000149922,silver,silver,29
ENSG00000149923,darkgrey,darkgrey,7
ENSG00000149929,dimgrey,dimgrey,11
ENSG00000149930,darkgrey,darkgrey,7
ENSG00000149932,dimgrey,dimgrey,11
ENSG00000149948,dimgrey,dimgrey,11
ENSG00000149968,silver,silver,29
ENSG00000150051,dimgrey,dimgrey,11
ENSG00000150093,gainsboro,gainsboro,13
ENSG00000150281,dimgrey,dimgrey,11
ENSG00000150316,dimgrey,dimgrey,11
ENSG00000150347,dimgrey,dimgrey,11
ENSG00000150401,dimgrey,dimgrey,11
ENSG00000150403,silver,silver,29
ENSG00000150433,silver,silver,29
ENSG00000150455,silver,silver,29
ENSG00000150456,dimgrey,dimgrey,11
ENSG00000150457,lightcoral,lightcoral,14
ENSG00000150459,dimgrey,dimgrey,11
ENSG00000150477,dimgrey,dimgrey,11
ENSG00000150510,dimgrey,dimgrey,11
ENSG00000150527,darkgrey,darkgrey,7
ENSG00000150540,white,white,31
ENSG00000150551,gainsboro,gainsboro,13
ENSG00000150556,dimgrey,dimgrey,11
ENSG00000150593,silver,silver,29
ENSG00000150627,silver,silver,29
ENSG00000150630,dimgrey,dimgrey,11
ENSG00000150636,dimgrey,dimgrey,11
ENSG00000150637,sandybrown,sandybrown,26
ENSG00000150667,silver,silver,29
ENSG00000150672,dimgrey,dimgrey,11
ENSG00000150687,darkgrey,darkgrey,7
ENSG00000150712,darkgrey,darkgrey,7
ENSG00000150722,sandybrown,sandybrown,26
ENSG00000150753,dimgrey,dimgrey,11
ENSG00000150756,silver,silver,29
ENSG00000150760,darkgrey,darkgrey,7
ENSG00000150764,silver,silver,29
ENSG00000150768,dimgrey,dimgrey,11
ENSG00000150773,dimgrey,dimgrey,11
ENSG00000150776,darkgrey,darkgrey,7
ENSG00000150779,dimgrey,dimgrey,11
ENSG00000150787,dimgrey,dimgrey,11
ENSG00000150867,dimgrey,dimgrey,11
ENSG00000150907,silver,silver,29
ENSG00000150938,firebrick,firebrick,12
ENSG00000150961,silver,silver,29
ENSG00000150967,darkgrey,darkgrey,7
ENSG00000150977,darkgrey,darkgrey,7
ENSG00000150990,silver,silver,29
ENSG00000150991,white,white,31
ENSG00000150995,dimgrey,dimgrey,11
ENSG00000151012,silver,silver,29
ENSG00000151014,dimgrey,dimgrey,11
ENSG00000151065,dimgrey,dimgrey,11
ENSG00000151090,silver,silver,29
ENSG00000151092,maroon,maroon,16
ENSG00000151093,white,white,31
ENSG00000151116,darkgrey,darkgrey,7
ENSG00000151117,silver,silver,29
ENSG00000151131,dimgrey,dimgrey,11
ENSG00000151135,silver,silver,29
ENSG00000151136,dimgrey,dimgrey,11
ENSG00000151148,brown,brown,3
ENSG00000151150,dimgrey,dimgrey,11
ENSG00000151151,burlywood,burlywood,4
ENSG00000151164,dimgrey,dimgrey,11
ENSG00000151176,dimgrey,dimgrey,11
ENSG00000151208,dimgrey,dimgrey,11
ENSG00000151229,darkred,darkred,9
ENSG00000151233,darkgrey,darkgrey,7
ENSG00000151239,darkgrey,darkgrey,7
ENSG00000151240,white,white,31
ENSG00000151247,darkgrey,darkgrey,7
ENSG00000151276,silver,silver,29
ENSG00000151287,silver,silver,29
ENSG00000151292,silver,silver,29
ENSG00000151304,gainsboro,gainsboro,13
ENSG00000151327,gainsboro,gainsboro,13
ENSG00000151332,silver,silver,29
ENSG00000151338,silver,silver,29
ENSG00000151348,darkgrey,darkgrey,7
ENSG00000151353,gainsboro,gainsboro,13
ENSG00000151366,silver,silver,29
ENSG00000151376,darkgrey,darkgrey,7
ENSG00000151388,darkgrey,darkgrey,7
ENSG00000151413,darkgrey,darkgrey,7
ENSG00000151414,darkred,darkred,9
ENSG00000151422,gainsboro,gainsboro,13
ENSG00000151445,silver,silver,29
ENSG00000151458,dimgrey,dimgrey,11
ENSG00000151461,gainsboro,gainsboro,13
ENSG00000151465,dimgrey,dimgrey,11
ENSG00000151466,silver,silver,29
ENSG00000151470,darkgrey,darkgrey,7
ENSG00000151474,firebrick,firebrick,12
ENSG00000151491,gainsboro,gainsboro,13
ENSG00000151498,darkgrey,darkgrey,7
ENSG00000151500,darkgrey,darkgrey,7
ENSG00000151502,dimgrey,dimgrey,11
ENSG00000151503,silver,silver,29
ENSG00000151532,dimgrey,dimgrey,11
ENSG00000151552,darkgrey,darkgrey,7
ENSG00000151553,dimgrey,dimgrey,11
ENSG00000151572,gainsboro,gainsboro,13
ENSG00000151575,brown,brown,3
ENSG00000151576,gainsboro,gainsboro,13
ENSG00000151611,darkgrey,darkgrey,7
ENSG00000151612,darkgrey,darkgrey,7
ENSG00000151617,gainsboro,gainsboro,13
ENSG00000151623,silver,silver,29
ENSG00000151632,gainsboro,gainsboro,13
ENSG00000151640,dimgrey,dimgrey,11
ENSG00000151651,darkgrey,darkgrey,7
ENSG00000151657,gainsboro,gainsboro,13
ENSG00000151665,dimgrey,dimgrey,11
ENSG00000151687,dimgrey,dimgrey,11
ENSG00000151689,darkgrey,darkgrey,7
ENSG00000151690,dimgrey,dimgrey,11
ENSG00000151692,dimgrey,dimgrey,11
ENSG00000151693,darkgrey,darkgrey,7
ENSG00000151694,maroon,maroon,16
ENSG00000151702,dimgrey,dimgrey,11
ENSG00000151718,gainsboro,gainsboro,13
ENSG00000151725,dimgrey,dimgrey,11
ENSG00000151726,dimgrey,dimgrey,11
ENSG00000151729,dimgrey,dimgrey,11
ENSG00000151743,dimgrey,dimgrey,11
ENSG00000151746,gainsboro,gainsboro,13
ENSG00000151748,darkgrey,darkgrey,7
ENSG00000151773,maroon,maroon,16
ENSG00000151778,silver,silver,29
ENSG00000151779,darkgrey,darkgrey,7
ENSG00000151789,firebrick,firebrick,12
ENSG00000151806,silver,silver,29
ENSG00000151835,silver,silver,29
ENSG00000151849,darkgrey,darkgrey,7
ENSG00000151876,silver,silver,29
ENSG00000151881,darkgrey,darkgrey,7
ENSG00000151883,maroon,maroon,16
ENSG00000151892,white,white,31
ENSG00000151893,darkgrey,darkgrey,7
ENSG00000151914,gainsboro,gainsboro,13
ENSG00000151917,firebrick,firebrick,12
ENSG00000151923,dimgrey,dimgrey,11
ENSG00000151929,dimgrey,dimgrey,11
ENSG00000151967,firebrick,firebrick,12
ENSG00000152049,dimgrey,dimgrey,11
ENSG00000152056,darkgrey,darkgrey,7
ENSG00000152061,dimgrey,dimgrey,11
ENSG00000152078,lightcoral,lightcoral,14
ENSG00000152082,maroon,maroon,16
ENSG00000152102,silver,silver,29
ENSG00000152104,darkgrey,darkgrey,7
ENSG00000152127,darkgrey,darkgrey,7
ENSG00000152133,red,red,24
ENSG00000152137,darkgrey,darkgrey,7
ENSG00000152147,dimgrey,dimgrey,11
ENSG00000152154,silver,silver,29
ENSG00000152193,dimgrey,dimgrey,11
ENSG00000152217,darkgrey,darkgrey,7
ENSG00000152219,darkred,darkred,9
ENSG00000152223,darkgrey,darkgrey,7
ENSG00000152229,darkgrey,darkgrey,7
ENSG00000152234,dimgrey,dimgrey,11
ENSG00000152240,silver,silver,29
ENSG00000152242,lightcoral,lightcoral,14
ENSG00000152253,gainsboro,gainsboro,13
ENSG00000152256,dimgrey,dimgrey,11
ENSG00000152270,moccasin,moccasin,17
ENSG00000152284,white,white,31
ENSG00000152291,darkgrey,darkgrey,7
ENSG00000152332,orangered,orangered,20
ENSG00000152348,darkgrey,darkgrey,7
ENSG00000152359,firebrick,firebrick,12
ENSG00000152377,firebrick,firebrick,12
ENSG00000152380,silver,silver,29
ENSG00000152382,dimgrey,dimgrey,11
ENSG00000152404,gainsboro,gainsboro,13
ENSG00000152409,darkgrey,darkgrey,7
ENSG00000152413,dimgrey,dimgrey,11
ENSG00000152422,gainsboro,gainsboro,13
ENSG00000152433,darkgrey,darkgrey,7
ENSG00000152439,darkgrey,darkgrey,7
ENSG00000152443,firebrick,firebrick,12
ENSG00000152454,dimgrey,dimgrey,11
ENSG00000152455,silver,silver,29
ENSG00000152457,dimgrey,dimgrey,11
ENSG00000152464,dimgrey,dimgrey,11
ENSG00000152465,darkgrey,darkgrey,7
ENSG00000152467,darkgrey,darkgrey,7
ENSG00000152475,darkgrey,darkgrey,7
ENSG00000152484,firebrick,firebrick,12
ENSG00000152492,dimgrey,dimgrey,11
ENSG00000152495,silver,silver,29
ENSG00000152503,gainsboro,gainsboro,13
ENSG00000152518,dimgrey,dimgrey,11
ENSG00000152520,darkgrey,darkgrey,7
ENSG00000152527,dimgrey,dimgrey,11
ENSG00000152556,silver,silver,29
ENSG00000152558,silver,silver,29
ENSG00000152582,silver,silver,29
ENSG00000152601,gainsboro,gainsboro,13
ENSG00000152620,silver,silver,29
ENSG00000152642,maroon,maroon,16
ENSG00000152661,dimgrey,dimgrey,11
ENSG00000152683,silver,silver,29
ENSG00000152684,dimgrey,dimgrey,11
ENSG00000152689,silver,silver,29
ENSG00000152700,silver,silver,29
ENSG00000152749,silver,silver,29
ENSG00000152760,dimgrey,dimgrey,11
ENSG00000152763,silver,silver,29
ENSG00000152767,gainsboro,gainsboro,13
ENSG00000152778,silver,silver,29
ENSG00000152779,dimgrey,dimgrey,11
ENSG00000152782,darkgrey,darkgrey,7
ENSG00000152784,darkgrey,darkgrey,7
ENSG00000152785,darkgrey,darkgrey,7
ENSG00000152795,darkgrey,darkgrey,7
ENSG00000152804,white,white,31
ENSG00000152818,red,red,24
ENSG00000152894,dimgrey,dimgrey,11
ENSG00000152904,darkgrey,darkgrey,7
ENSG00000152926,dimgrey,dimgrey,11
ENSG00000152939,silver,silver,29
ENSG00000152942,darkgrey,darkgrey,7
ENSG00000152944,silver,silver,29
ENSG00000152952,gainsboro,gainsboro,13
ENSG00000152953,firebrick,firebrick,12
ENSG00000152977,dimgrey,dimgrey,11
ENSG00000152990,silver,silver,29
ENSG00000153006,dimgrey,dimgrey,11
ENSG00000153015,gainsboro,gainsboro,13
ENSG00000153029,dimgrey,dimgrey,11
ENSG00000153037,dimgrey,dimgrey,11
ENSG00000153044,dimgrey,dimgrey,11
ENSG00000153046,darkgrey,darkgrey,7
ENSG00000153048,darkgrey,darkgrey,7
ENSG00000153064,white,white,31
ENSG00000153066,dimgrey,dimgrey,11
ENSG00000153071,darkgrey,darkgrey,7
ENSG00000153094,darkgrey,darkgrey,7
ENSG00000153107,dimgrey,dimgrey,11
ENSG00000153130,dimgrey,dimgrey,11
ENSG00000153132,dimgrey,dimgrey,11
ENSG00000153140,dimgrey,dimgrey,11
ENSG00000153147,gainsboro,gainsboro,13
ENSG00000153179,darkgrey,darkgrey,7
ENSG00000153187,gainsboro,gainsboro,13
ENSG00000153201,lightcoral,lightcoral,14
ENSG00000153207,silver,silver,29
ENSG00000153214,gainsboro,gainsboro,13
ENSG00000153233,dimgrey,dimgrey,11
ENSG00000153234,antiquewhite,antiquewhite,0
ENSG00000153237,silver,silver,29
ENSG00000153246,brown,brown,3
ENSG00000153250,dimgrey,dimgrey,11
ENSG00000153253,darkgrey,darkgrey,7
ENSG00000153291,dimgrey,dimgrey,11
ENSG00000153310,darkgrey,darkgrey,7
ENSG00000153317,silver,silver,29
ENSG00000153339,silver,silver,29
ENSG00000153347,dimgrey,dimgrey,11
ENSG00000153391,silver,silver,29
ENSG00000153395,gainsboro,gainsboro,13
ENSG00000153404,silver,silver,29
ENSG00000153406,dimgrey,dimgrey,11
ENSG00000153443,silver,silver,29
ENSG00000153487,dimgrey,dimgrey,11
ENSG00000153495,dimgrey,dimgrey,11
ENSG00000153531,dimgrey,dimgrey,11
ENSG00000153551,darkgrey,darkgrey,7
ENSG00000153558,darkgrey,darkgrey,7
ENSG00000153560,sandybrown,sandybrown,26
ENSG00000153561,darkgrey,darkgrey,7
ENSG00000153574,darkgrey,darkgrey,7
ENSG00000153714,dimgrey,dimgrey,11
ENSG00000153721,darkgrey,darkgrey,7
ENSG00000153767,gainsboro,gainsboro,13
ENSG00000153774,gainsboro,gainsboro,13
ENSG00000153786,gainsboro,gainsboro,13
ENSG00000153790,sienna,sienna,28
ENSG00000153814,dimgrey,dimgrey,11
ENSG00000153815,dimgrey,dimgrey,11
ENSG00000153823,darkgrey,darkgrey,7
ENSG00000153827,darkgrey,darkgrey,7
ENSG00000153832,dimgrey,dimgrey,11
ENSG00000153879,silver,silver,29
ENSG00000153885,silver,silver,29
ENSG00000153896,dimgrey,dimgrey,11
ENSG00000153898,darkgrey,darkgrey,7
ENSG00000153902,dimgrey,dimgrey,11
ENSG00000153904,dimgrey,dimgrey,11
ENSG00000153914,gainsboro,gainsboro,13
ENSG00000153922,darkred,darkred,9
ENSG00000153933,silver,silver,29
ENSG00000153936,gainsboro,gainsboro,13
ENSG00000153944,dimgrey,dimgrey,11
ENSG00000153956,maroon,maroon,16
ENSG00000153975,silver,silver,29
ENSG00000153976,darkgrey,darkgrey,7
ENSG00000153982,gainsboro,gainsboro,13
ENSG00000153989,dimgrey,dimgrey,11
ENSG00000153993,darkgrey,darkgrey,7
ENSG00000154001,dimgrey,dimgrey,11
ENSG00000154027,dimgrey,dimgrey,11
ENSG00000154040,silver,silver,29
ENSG00000154059,dimgrey,dimgrey,11
ENSG00000154065,dimgrey,dimgrey,11
ENSG00000154079,silver,silver,29
ENSG00000154096,silver,silver,29
ENSG00000154102,darkgrey,darkgrey,7
ENSG00000154114,silver,silver,29
ENSG00000154122,lightcoral,lightcoral,14
ENSG00000154124,silver,silver,29
ENSG00000154127,darkgrey,darkgrey,7
ENSG00000154133,dimgrey,dimgrey,11
ENSG00000154134,darkgrey,darkgrey,7
ENSG00000154144,darkgrey,darkgrey,7
ENSG00000154146,darkgrey,darkgrey,7
ENSG00000154174,darksalmon,darksalmon,10
ENSG00000154175,firebrick,firebrick,12
ENSG00000154188,gainsboro,gainsboro,13
ENSG00000154217,dimgrey,dimgrey,11
ENSG00000154222,darkgrey,darkgrey,7
ENSG00000154229,dimgrey,dimgrey,11
ENSG00000154237,darkgrey,darkgrey,7
ENSG00000154240,darkgrey,darkgrey,7
ENSG00000154262,dimgrey,dimgrey,11
ENSG00000154265,white,white,31
ENSG00000154274,silver,silver,29
ENSG00000154277,darkgrey,darkgrey,7
ENSG00000154305,darkgrey,darkgrey,7
ENSG00000154309,dimgrey,dimgrey,11
ENSG00000154310,dimgrey,dimgrey,11
ENSG00000154328,dimgrey,dimgrey,11
ENSG00000154330,dimgrey,dimgrey,11
ENSG00000154358,silver,silver,29
ENSG00000154359,darkgrey,darkgrey,7
ENSG00000154370,darkgrey,darkgrey,7
ENSG00000154380,dimgrey,dimgrey,11
ENSG00000154429,dimgrey,dimgrey,11
ENSG00000154447,darkgrey,darkgrey,7
ENSG00000154473,silver,silver,29
ENSG00000154493,dimgrey,dimgrey,11
ENSG00000154511,silver,silver,29
ENSG00000154518,dimgrey,dimgrey,11
ENSG00000154545,gainsboro,gainsboro,13
ENSG00000154553,silver,silver,29
ENSG00000154556,dimgrey,dimgrey,11
ENSG00000154582,dimgrey,dimgrey,11
ENSG00000154589,silver,silver,29
ENSG00000154639,maroon,maroon,16
ENSG00000154640,dimgrey,dimgrey,11
ENSG00000154642,maroon,maroon,16
ENSG00000154654,silver,silver,29
ENSG00000154678,silver,silver,29
ENSG00000154710,darkgrey,darkgrey,7
ENSG00000154719,dimgrey,dimgrey,11
ENSG00000154721,dimgrey,dimgrey,11
ENSG00000154723,dimgrey,dimgrey,11
ENSG00000154727,dimgrey,dimgrey,11
ENSG00000154734,darkgrey,darkgrey,7
ENSG00000154736,gainsboro,gainsboro,13
ENSG00000154743,silver,silver,29
ENSG00000154760,silver,silver,29
ENSG00000154767,darkgrey,darkgrey,7
ENSG00000154781,gainsboro,gainsboro,13
ENSG00000154803,white,white,31
ENSG00000154813,dimgrey,dimgrey,11
ENSG00000154814,dimgrey,dimgrey,11
ENSG00000154832,darkgrey,darkgrey,7
ENSG00000154845,dimgrey,dimgrey,11
ENSG00000154856,silver,silver,29
ENSG00000154864,dimgrey,dimgrey,11
ENSG00000154889,dimgrey,dimgrey,11
ENSG00000154917,coral,coral,6
ENSG00000154928,maroon,maroon,16
ENSG00000154930,gainsboro,gainsboro,13
ENSG00000154945,darkgrey,darkgrey,7
ENSG00000154957,dimgrey,dimgrey,11
ENSG00000154978,darkgrey,darkgrey,7
ENSG00000155008,dimgrey,dimgrey,11
ENSG00000155011,silver,silver,29
ENSG00000155016,dimgrey,dimgrey,11
ENSG00000155034,darkgrey,darkgrey,7
ENSG00000155085,dimgrey,dimgrey,11
ENSG00000155090,dimgrey,dimgrey,11
ENSG00000155093,dimgrey,dimgrey,11
ENSG00000155096,silver,silver,29
ENSG00000155097,dimgrey,dimgrey,11
ENSG00000155099,silver,silver,29
ENSG00000155100,maroon,maroon,16
ENSG00000155111,dimgrey,dimgrey,11
ENSG00000155115,dimgrey,dimgrey,11
ENSG00000155158,maroon,maroon,16
ENSG00000155189,dimgrey,dimgrey,11
ENSG00000155229,darkgrey,darkgrey,7
ENSG00000155252,darkgrey,darkgrey,7
ENSG00000155254,dimgrey,dimgrey,11
ENSG00000155256,darkgrey,darkgrey,7
ENSG00000155275,firebrick,firebrick,12
ENSG00000155287,darkgrey,darkgrey,7
ENSG00000155304,silver,silver,29
ENSG00000155313,seashell,seashell,27
ENSG00000155324,maroon,maroon,16
ENSG00000155329,darkgrey,darkgrey,7
ENSG00000155330,dimgrey,dimgrey,11
ENSG00000155363,darkgrey,darkgrey,7
ENSG00000155366,silver,silver,29
ENSG00000155367,burlywood,burlywood,4
ENSG00000155368,silver,silver,29
ENSG00000155380,darkgrey,darkgrey,7
ENSG00000155393,darkgrey,darkgrey,7
ENSG00000155438,dimgrey,dimgrey,11
ENSG00000155463,dimgrey,dimgrey,11
ENSG00000155465,darkgrey,darkgrey,7
ENSG00000155506,dimgrey,dimgrey,11
ENSG00000155508,silver,silver,29
ENSG00000155542,silver,silver,29
ENSG00000155545,saddlebrown,saddlebrown,25
ENSG00000155561,darkred,darkred,9
ENSG00000155592,gainsboro,gainsboro,13
ENSG00000155621,darkgrey,darkgrey,7
ENSG00000155636,dimgrey,dimgrey,11
ENSG00000155657,lightcoral,lightcoral,14
ENSG00000155660,darkgrey,darkgrey,7
ENSG00000155666,silver,silver,29
ENSG00000155729,silver,silver,29
ENSG00000155744,dimgrey,dimgrey,11
ENSG00000155749,white,white,31
ENSG00000155754,silver,silver,29
ENSG00000155755,dimgrey,dimgrey,11
ENSG00000155760,gainsboro,gainsboro,13
ENSG00000155792,dimgrey,dimgrey,11
ENSG00000155816,silver,silver,29
ENSG00000155827,darkgrey,darkgrey,7
ENSG00000155846,silver,silver,29
ENSG00000155850,darkgrey,darkgrey,7
ENSG00000155858,orangered,orangered,20
ENSG00000155868,silver,silver,29
ENSG00000155875,red,red,24
ENSG00000155876,silver,silver,29
ENSG00000155893,maroon,maroon,16
ENSG00000155903,darkgrey,darkgrey,7
ENSG00000155906,dimgrey,dimgrey,11
ENSG00000155957,dimgrey,dimgrey,11
ENSG00000155959,dimgrey,dimgrey,11
ENSG00000155961,silver,silver,29
ENSG00000155962,maroon,maroon,16
ENSG00000155966,dimgrey,dimgrey,11
ENSG00000155970,darkgrey,darkgrey,7
ENSG00000155974,brown,brown,3
ENSG00000155975,silver,silver,29
ENSG00000155980,dimgrey,dimgrey,11
ENSG00000156011,gainsboro,gainsboro,13
ENSG00000156017,silver,silver,29
ENSG00000156026,darkgrey,darkgrey,7
ENSG00000156030,gainsboro,gainsboro,13
ENSG00000156050,dimgrey,dimgrey,11
ENSG00000156052,silver,silver,29
ENSG00000156103,dimgrey,dimgrey,11
ENSG00000156110,dimgrey,dimgrey,11
ENSG00000156113,silver,silver,29
ENSG00000156127,darkgrey,darkgrey,7
ENSG00000156136,silver,silver,29
ENSG00000156140,darkgrey,darkgrey,7
ENSG00000156162,silver,silver,29
ENSG00000156170,silver,silver,29
ENSG00000156171,dimgrey,dimgrey,11
ENSG00000156172,brown,brown,3
ENSG00000156232,silver,silver,29
ENSG00000156239,dimgrey,dimgrey,11
ENSG00000156253,gainsboro,gainsboro,13
ENSG00000156256,gainsboro,gainsboro,13
ENSG00000156261,dimgrey,dimgrey,11
ENSG00000156273,silver,silver,29
ENSG00000156299,chocolate,chocolate,5
ENSG00000156304,silver,silver,29
ENSG00000156313,gainsboro,gainsboro,13
ENSG00000156345,silver,silver,29
ENSG00000156374,dimgrey,dimgrey,11
ENSG00000156381,darkgrey,darkgrey,7
ENSG00000156384,dimgrey,dimgrey,11
ENSG00000156398,silver,silver,29
ENSG00000156411,dimgrey,dimgrey,11
ENSG00000156427,darkgrey,darkgrey,7
ENSG00000156453,darkgrey,darkgrey,7
ENSG00000156463,lightcoral,lightcoral,14
ENSG00000156467,dimgrey,dimgrey,11
ENSG00000156469,dimgrey,dimgrey,11
ENSG00000156471,dimgrey,dimgrey,11
ENSG00000156475,darkgrey,darkgrey,7
ENSG00000156482,dimgrey,dimgrey,11
ENSG00000156486,dimgrey,dimgrey,11
ENSG00000156500,gainsboro,gainsboro,13
ENSG00000156502,dimgrey,dimgrey,11
ENSG00000156504,dimgrey,dimgrey,11
ENSG00000156508,silver,silver,29
ENSG00000156509,dimgrey,dimgrey,11
ENSG00000156510,silver,silver,29
ENSG00000156515,dimgrey,dimgrey,11
ENSG00000156521,darkgrey,darkgrey,7
ENSG00000156531,dimgrey,dimgrey,11
ENSG00000156535,dimgrey,dimgrey,11
ENSG00000156587,dimgrey,dimgrey,11
ENSG00000156599,darkgrey,darkgrey,7
ENSG00000156603,dimgrey,dimgrey,11
ENSG00000156639,darkgrey,darkgrey,7
ENSG00000156642,dimgrey,dimgrey,11
ENSG00000156650,silver,silver,29
ENSG00000156671,silver,silver,29
ENSG00000156675,dimgrey,dimgrey,11
ENSG00000156689,maroon,maroon,16
ENSG00000156697,silver,silver,29
ENSG00000156709,brown,brown,3
ENSG00000156711,darkgrey,darkgrey,7
ENSG00000156735,gainsboro,gainsboro,13
ENSG00000156787,dimgrey,dimgrey,11
ENSG00000156795,silver,silver,29
ENSG00000156802,gainsboro,gainsboro,13
ENSG00000156804,white,white,31
ENSG00000156831,silver,silver,29
ENSG00000156853,darkgrey,darkgrey,7
ENSG00000156858,darkgrey,darkgrey,7
ENSG00000156860,darkgrey,darkgrey,7
ENSG00000156869,lightcoral,lightcoral,14
ENSG00000156873,darkgrey,darkgrey,7
ENSG00000156876,lightcoral,lightcoral,14
ENSG00000156928,dimgrey,dimgrey,11
ENSG00000156931,gainsboro,gainsboro,13
ENSG00000156958,white,white,31
ENSG00000156959,silver,silver,29
ENSG00000156970,dimgrey,dimgrey,11
ENSG00000156973,dimgrey,dimgrey,11
ENSG00000156976,dimgrey,dimgrey,11
ENSG00000156983,darkgrey,darkgrey,7
ENSG00000156990,dimgrey,dimgrey,11
ENSG00000157014,darkgrey,darkgrey,7
ENSG00000157020,darkgrey,darkgrey,7
ENSG00000157036,white,white,31
ENSG00000157045,dimgrey,dimgrey,11
ENSG00000157064,saddlebrown,saddlebrown,25
ENSG00000157077,darkgrey,darkgrey,7
ENSG00000157106,firebrick,firebrick,12
ENSG00000157107,dimgrey,dimgrey,11
ENSG00000157110,silver,silver,29
ENSG00000157111,firebrick,firebrick,12
ENSG00000157150,maroon,maroon,16
ENSG00000157168,silver,silver,29
ENSG00000157181,silver,silver,29
ENSG00000157184,silver,silver,29
ENSG00000157191,red,red,24
ENSG00000157193,dimgrey,dimgrey,11
ENSG00000157212,gainsboro,gainsboro,13
ENSG00000157214,darkgrey,darkgrey,7
ENSG00000157216,darkgrey,darkgrey,7
ENSG00000157224,dimgrey,dimgrey,11
ENSG00000157227,dimgrey,dimgrey,11
ENSG00000157240,silver,silver,29
ENSG00000157259,darkgrey,darkgrey,7
ENSG00000157303,silver,silver,29
ENSG00000157315,dimgrey,dimgrey,11
ENSG00000157326,dimgrey,dimgrey,11
ENSG00000157349,dimgrey,dimgrey,11
ENSG00000157350,darkgrey,darkgrey,7
ENSG00000157353,white,white,31
ENSG00000157379,dimgrey,dimgrey,11
ENSG00000157399,dimgrey,dimgrey,11
ENSG00000157404,darkgrey,darkgrey,7
ENSG00000157426,dimgrey,dimgrey,11
ENSG00000157429,silver,silver,29
ENSG00000157445,dimgrey,dimgrey,11
ENSG00000157450,seashell,seashell,27
ENSG00000157456,dimgrey,dimgrey,11
ENSG00000157470,gainsboro,gainsboro,13
ENSG00000157483,silver,silver,29
ENSG00000157500,maroon,maroon,16
ENSG00000157510,silver,silver,29
ENSG00000157514,darkgrey,darkgrey,7
ENSG00000157538,dimgrey,dimgrey,11
ENSG00000157540,white,white,31
ENSG00000157542,gainsboro,gainsboro,13
ENSG00000157551,darkgrey,darkgrey,7
ENSG00000157557,darkgrey,darkgrey,7
ENSG00000157570,darkgrey,darkgrey,7
ENSG00000157578,coral,coral,6
ENSG00000157593,orangered,orangered,20
ENSG00000157600,darkgrey,darkgrey,7
ENSG00000157601,silver,silver,29
ENSG00000157613,darkgrey,darkgrey,7
ENSG00000157617,darkgrey,darkgrey,7
ENSG00000157625,dimgrey,dimgrey,11
ENSG00000157637,darkgrey,darkgrey,7
ENSG00000157653,silver,silver,29
ENSG00000157654,dimgrey,dimgrey,11
ENSG00000157657,darkgrey,darkgrey,7
ENSG00000157680,darkgrey,darkgrey,7
ENSG00000157693,dimgrey,dimgrey,11
ENSG00000157734,darkgrey,darkgrey,7
ENSG00000157741,darkgrey,darkgrey,7
ENSG00000157764,silver,silver,29
ENSG00000157766,dimgrey,dimgrey,11
ENSG00000157778,darkgrey,darkgrey,7
ENSG00000157796,dimgrey,dimgrey,11
ENSG00000157800,dimgrey,dimgrey,11
ENSG00000157823,darkgrey,darkgrey,7
ENSG00000157827,darkgrey,darkgrey,7
ENSG00000157833,silver,silver,29
ENSG00000157837,darkgrey,darkgrey,7
ENSG00000157869,darkgrey,darkgrey,7
ENSG00000157895,darkgrey,darkgrey,7
ENSG00000157911,darkgrey,darkgrey,7
ENSG00000157916,darkgrey,darkgrey,7
ENSG00000157927,darkgrey,darkgrey,7
ENSG00000157933,darkgrey,darkgrey,7
ENSG00000157954,darkgrey,darkgrey,7
ENSG00000157978,darkgrey,darkgrey,7
ENSG00000157985,dimgrey,dimgrey,11
ENSG00000157992,sandybrown,sandybrown,26
ENSG00000158006,gainsboro,gainsboro,13
ENSG00000158008,darkgrey,darkgrey,7
ENSG00000158019,silver,silver,29
ENSG00000158023,darkgrey,darkgrey,7
ENSG00000158042,dimgrey,dimgrey,11
ENSG00000158050,sienna,sienna,28
ENSG00000158062,darkgrey,darkgrey,7
ENSG00000158079,darkgrey,darkgrey,7
ENSG00000158092,silver,silver,29
ENSG00000158109,darkgrey,darkgrey,7
ENSG00000158122,dimgrey,dimgrey,11
ENSG00000158125,dimgrey,dimgrey,11
ENSG00000158156,lightcoral,lightcoral,14
ENSG00000158158,gainsboro,gainsboro,13
ENSG00000158161,darkgrey,darkgrey,7
ENSG00000158163,dimgrey,dimgrey,11
ENSG00000158164,silver,silver,29
ENSG00000158169,silver,silver,29
ENSG00000158186,gainsboro,gainsboro,13
ENSG00000158195,darkgrey,darkgrey,7
ENSG00000158201,dimgrey,dimgrey,11
ENSG00000158234,dimgrey,dimgrey,11
ENSG00000158246,silver,silver,29
ENSG00000158258,silver,silver,29
ENSG00000158270,dimgrey,dimgrey,11
ENSG00000158286,dimgrey,dimgrey,11
ENSG00000158290,gainsboro,gainsboro,13
ENSG00000158292,maroon,maroon,16
ENSG00000158296,darkgrey,darkgrey,7
ENSG00000158301,white,white,31
ENSG00000158315,maroon,maroon,16
ENSG00000158321,dimgrey,dimgrey,11
ENSG00000158352,darkgrey,darkgrey,7
ENSG00000158373,dimgrey,dimgrey,11
ENSG00000158402,darkgrey,darkgrey,7
ENSG00000158406,gainsboro,gainsboro,13
ENSG00000158411,red,red,24
ENSG00000158417,gainsboro,gainsboro,13
ENSG00000158435,darkgrey,darkgrey,7
ENSG00000158467,dimgrey,dimgrey,11
ENSG00000158470,dimgrey,dimgrey,11
ENSG00000158480,darkgrey,darkgrey,7
ENSG00000158526,darkgrey,darkgrey,7
ENSG00000158528,silver,silver,29
ENSG00000158545,gainsboro,gainsboro,13
ENSG00000158552,darkgrey,darkgrey,7
ENSG00000158555,maroon,maroon,16
ENSG00000158560,sandybrown,sandybrown,26
ENSG00000158604,silver,silver,29
ENSG00000158615,silver,silver,29
ENSG00000158623,darkgrey,darkgrey,7
ENSG00000158636,darkgrey,darkgrey,7
ENSG00000158639,dimgrey,dimgrey,11
ENSG00000158669,darksalmon,darksalmon,10
ENSG00000158683,darkgrey,darkgrey,7
ENSG00000158691,silver,silver,29
ENSG00000158710,darkgrey,darkgrey,7
ENSG00000158711,silver,silver,29
ENSG00000158715,darkgrey,darkgrey,7
ENSG00000158716,dimgrey,dimgrey,11
ENSG00000158717,darkgrey,darkgrey,7
ENSG00000158747,silver,silver,29
ENSG00000158773,silver,silver,29
ENSG00000158792,dimgrey,dimgrey,11
ENSG00000158793,dimgrey,dimgrey,11
ENSG00000158796,dimgrey,dimgrey,11
ENSG00000158805,darkgrey,darkgrey,7
ENSG00000158825,dimgrey,dimgrey,11
ENSG00000158850,darkgrey,darkgrey,7
ENSG00000158859,dimgrey,dimgrey,11
ENSG00000158863,darkgrey,darkgrey,7
ENSG00000158864,gainsboro,gainsboro,13
ENSG00000158882,silver,silver,29
ENSG00000158887,darkgrey,darkgrey,7
ENSG00000158941,dimgrey,dimgrey,11
ENSG00000158966,silver,silver,29
ENSG00000158985,darkgrey,darkgrey,7
ENSG00000158987,silver,silver,29
ENSG00000159023,maroon,maroon,16
ENSG00000159055,darkgrey,darkgrey,7
ENSG00000159063,dimgrey,dimgrey,11
ENSG00000159069,darkgrey,darkgrey,7
ENSG00000159079,dimgrey,dimgrey,11
ENSG00000159082,darkgrey,darkgrey,7
ENSG00000159086,lightcoral,lightcoral,14
ENSG00000159110,dimgrey,dimgrey,11
ENSG00000159111,silver,silver,29
ENSG00000159128,dimgrey,dimgrey,11
ENSG00000159131,silver,silver,29
ENSG00000159140,dimgrey,dimgrey,11
ENSG00000159147,gainsboro,gainsboro,13
ENSG00000159164,darkgrey,darkgrey,7
ENSG00000159167,silver,silver,29
ENSG00000159176,dimgrey,dimgrey,11
ENSG00000159199,darkgrey,darkgrey,7
ENSG00000159200,darkgrey,darkgrey,7
ENSG00000159202,dimgrey,dimgrey,11
ENSG00000159208,peachpuff,peachpuff,22
ENSG00000159210,darkgrey,darkgrey,7
ENSG00000159212,gainsboro,gainsboro,13
ENSG00000159214,silver,silver,29
ENSG00000159216,brown,brown,3
ENSG00000159217,darkgrey,darkgrey,7
ENSG00000159224,silver,silver,29
ENSG00000159228,dimgrey,dimgrey,11
ENSG00000159231,dimgrey,dimgrey,11
ENSG00000159256,darkgrey,darkgrey,7
ENSG00000159259,dimgrey,dimgrey,11
ENSG00000159267,silver,silver,29
ENSG00000159322,white,white,31
ENSG00000159335,orangered,orangered,20
ENSG00000159346,dimgrey,dimgrey,11
ENSG00000159348,dimgrey,dimgrey,11
ENSG00000159352,darkgrey,darkgrey,7
ENSG00000159377,silver,silver,29
ENSG00000159388,silver,silver,29
ENSG00000159399,dimgrey,dimgrey,11
ENSG00000159423,darkgrey,darkgrey,7
ENSG00000159433,darkgrey,darkgrey,7
ENSG00000159445,saddlebrown,saddlebrown,25
ENSG00000159455,dimgrey,dimgrey,11
ENSG00000159459,dimgrey,dimgrey,11
ENSG00000159461,silver,silver,29
ENSG00000159479,dimgrey,dimgrey,11
ENSG00000159496,darkgrey,darkgrey,7
ENSG00000159556,dimgrey,dimgrey,11
ENSG00000159579,silver,silver,29
ENSG00000159588,silver,silver,29
ENSG00000159592,dimgrey,dimgrey,11
ENSG00000159593,darkgrey,darkgrey,7
ENSG00000159596,sandybrown,sandybrown,26
ENSG00000159640,dimgrey,dimgrey,11
ENSG00000159658,darkgrey,darkgrey,7
ENSG00000159674,darkgrey,darkgrey,7
ENSG00000159685,gainsboro,gainsboro,13
ENSG00000159692,darkgrey,darkgrey,7
ENSG00000159713,white,white,31
ENSG00000159714,darkgrey,darkgrey,7
ENSG00000159720,silver,silver,29
ENSG00000159733,darkgrey,darkgrey,7
ENSG00000159761,darkgrey,darkgrey,7
ENSG00000159784,silver,silver,29
ENSG00000159788,maroon,maroon,16
ENSG00000159792,silver,silver,29
ENSG00000159840,dimgrey,dimgrey,11
ENSG00000159873,darkgrey,darkgrey,7
ENSG00000159882,silver,silver,29
ENSG00000159885,dimgrey,dimgrey,11
ENSG00000159899,darkgrey,darkgrey,7
ENSG00000159915,brown,brown,3
ENSG00000159917,maroon,maroon,16
ENSG00000159921,peru,peru,23
ENSG00000159958,darkgrey,darkgrey,7
ENSG00000160007,gainsboro,gainsboro,13
ENSG00000160013,darkgrey,darkgrey,7
ENSG00000160014,dimgrey,dimgrey,11
ENSG00000160049,darkgrey,darkgrey,7
ENSG00000160050,lightcoral,lightcoral,14
ENSG00000160051,dimgrey,dimgrey,11
ENSG00000160055,dimgrey,dimgrey,11
ENSG00000160058,darkgrey,darkgrey,7
ENSG00000160062,dimgrey,dimgrey,11
ENSG00000160072,darkgrey,darkgrey,7
ENSG00000160075,dimgrey,dimgrey,11
ENSG00000160087,darkgrey,darkgrey,7
ENSG00000160094,darkgrey,darkgrey,7
ENSG00000160097,gainsboro,gainsboro,13
ENSG00000160111,dimgrey,dimgrey,11
ENSG00000160113,darkgrey,darkgrey,7
ENSG00000160117,silver,silver,29
ENSG00000160124,dimgrey,dimgrey,11
ENSG00000160131,darkgrey,darkgrey,7
ENSG00000160145,firebrick,firebrick,12
ENSG00000160161,darkgrey,darkgrey,7
ENSG00000160190,silver,silver,29
ENSG00000160191,gainsboro,gainsboro,13
ENSG00000160193,darkgrey,darkgrey,7
ENSG00000160194,dimgrey,dimgrey,11
ENSG00000160199,silver,silver,29
ENSG00000160201,gainsboro,gainsboro,13
ENSG00000160207,dimgrey,dimgrey,11
ENSG00000160208,silver,silver,29
ENSG00000160209,darkgrey,darkgrey,7
ENSG00000160211,dimgrey,dimgrey,11
ENSG00000160213,white,white,31
ENSG00000160214,darkgrey,darkgrey,7
ENSG00000160216,dimgrey,dimgrey,11
ENSG00000160218,darkgrey,darkgrey,7
ENSG00000160219,brown,brown,3
ENSG00000160221,dimgrey,dimgrey,11
ENSG00000160229,dimgrey,dimgrey,11
ENSG00000160233,darkgrey,darkgrey,7
ENSG00000160255,darkgrey,darkgrey,7
ENSG00000160256,darkgrey,darkgrey,7
ENSG00000160271,darkgrey,darkgrey,7
ENSG00000160282,silver,silver,29
ENSG00000160293,dimgrey,dimgrey,11
ENSG00000160294,dimgrey,dimgrey,11
ENSG00000160298,gainsboro,gainsboro,13
ENSG00000160299,dimgrey,dimgrey,11
ENSG00000160305,darkgrey,darkgrey,7
ENSG00000160307,silver,silver,29
ENSG00000160310,dimgrey,dimgrey,11
ENSG00000160318,silver,silver,29
ENSG00000160336,gainsboro,gainsboro,13
ENSG00000160345,dimgrey,dimgrey,11
ENSG00000160352,darkgrey,darkgrey,7
ENSG00000160360,silver,silver,29
ENSG00000160392,darkgrey,darkgrey,7
ENSG00000160404,dimgrey,dimgrey,11
ENSG00000160410,silver,silver,29
ENSG00000160445,maroon,maroon,16
ENSG00000160446,dimgrey,dimgrey,11
ENSG00000160447,dimgrey,dimgrey,11
ENSG00000160460,silver,silver,29
ENSG00000160539,silver,silver,29
ENSG00000160551,gainsboro,gainsboro,13
ENSG00000160563,darkgrey,darkgrey,7
ENSG00000160570,dimgrey,dimgrey,11
ENSG00000160584,dimgrey,dimgrey,11
ENSG00000160602,dimgrey,dimgrey,11
ENSG00000160606,dimgrey,dimgrey,11
ENSG00000160613,darkgrey,darkgrey,7
ENSG00000160633,dimgrey,dimgrey,11
ENSG00000160679,darkgrey,darkgrey,7
ENSG00000160685,navajowhite,navajowhite,18
ENSG00000160688,dimgrey,dimgrey,11
ENSG00000160691,darkgrey,darkgrey,7
ENSG00000160695,silver,silver,29
ENSG00000160703,lightcoral,lightcoral,14
ENSG00000160710,darkgrey,darkgrey,7
ENSG00000160712,darkgrey,darkgrey,7
ENSG00000160714,dimgrey,dimgrey,11
ENSG00000160741,darkgrey,darkgrey,7
ENSG00000160746,darkgrey,darkgrey,7
ENSG00000160752,darkgrey,darkgrey,7
ENSG00000160753,gainsboro,gainsboro,13
ENSG00000160781,silver,silver,29
ENSG00000160783,white,white,31
ENSG00000160785,silver,silver,29
ENSG00000160789,orangered,orangered,20
ENSG00000160796,silver,silver,29
ENSG00000160799,gainsboro,gainsboro,13
ENSG00000160801,dimgrey,dimgrey,11
ENSG00000160803,dimgrey,dimgrey,11
ENSG00000160813,dimgrey,dimgrey,11
ENSG00000160838,maroon,maroon,16
ENSG00000160867,darkgrey,darkgrey,7
ENSG00000160877,dimgrey,dimgrey,11
ENSG00000160888,dimgrey,dimgrey,11
ENSG00000160908,white,white,31
ENSG00000160917,darkgrey,darkgrey,7
ENSG00000160932,maroon,maroon,16
ENSG00000160948,darkgrey,darkgrey,7
ENSG00000160949,dimgrey,dimgrey,11
ENSG00000160951,silver,silver,29
ENSG00000160953,darkgrey,darkgrey,7
ENSG00000160957,darkgrey,darkgrey,7
ENSG00000160959,maroon,maroon,16
ENSG00000160961,silver,silver,29
ENSG00000160972,dimgrey,dimgrey,11
ENSG00000160991,darkgrey,darkgrey,7
ENSG00000160993,darkgrey,darkgrey,7
ENSG00000160999,dimgrey,dimgrey,11
ENSG00000161011,dimgrey,dimgrey,11
ENSG00000161013,dimgrey,dimgrey,11
ENSG00000161016,dimgrey,dimgrey,11
ENSG00000161036,dimgrey,dimgrey,11
ENSG00000161040,dimgrey,dimgrey,11
ENSG00000161057,dimgrey,dimgrey,11
ENSG00000161091,seashell,seashell,27
ENSG00000161179,gainsboro,gainsboro,13
ENSG00000161202,darkgrey,darkgrey,7
ENSG00000161203,dimgrey,dimgrey,11
ENSG00000161204,maroon,maroon,16
ENSG00000161217,darkgrey,darkgrey,7
ENSG00000161243,silver,silver,29
ENSG00000161249,white,white,31
ENSG00000161265,gainsboro,gainsboro,13
ENSG00000161277,silver,silver,29
ENSG00000161281,dimgrey,dimgrey,11
ENSG00000161298,maroon,maroon,16
ENSG00000161395,white,white,31
ENSG00000161513,darkgrey,darkgrey,7
ENSG00000161526,darkgrey,darkgrey,7
ENSG00000161533,darkgrey,darkgrey,7
ENSG00000161542,dimgrey,dimgrey,11
ENSG00000161544,darkgrey,darkgrey,7
ENSG00000161547,dimgrey,dimgrey,11
ENSG00000161551,darkgrey,darkgrey,7
ENSG00000161558,darkgrey,darkgrey,7
ENSG00000161618,darkgrey,darkgrey,7
ENSG00000161638,silver,silver,29
ENSG00000161642,brown,brown,3
ENSG00000161647,silver,silver,29
ENSG00000161653,silver,silver,29
ENSG00000161654,dimgrey,dimgrey,11
ENSG00000161671,silver,silver,29
ENSG00000161677,white,white,31
ENSG00000161681,darkgrey,darkgrey,7
ENSG00000161682,darkgrey,darkgrey,7
ENSG00000161692,firebrick,firebrick,12
ENSG00000161714,dimgrey,dimgrey,11
ENSG00000161791,darkgrey,darkgrey,7
ENSG00000161800,dimgrey,dimgrey,11
ENSG00000161813,silver,silver,29
ENSG00000161835,darkgrey,darkgrey,7
ENSG00000161847,darkgrey,darkgrey,7
ENSG00000161888,dimgrey,dimgrey,11
ENSG00000161904,darkgrey,darkgrey,7
ENSG00000161914,darkgrey,darkgrey,7
ENSG00000161920,dimgrey,dimgrey,11
ENSG00000161921,brown,brown,3
ENSG00000161956,darkgrey,darkgrey,7
ENSG00000161960,darkgrey,darkgrey,7
ENSG00000161970,dimgrey,dimgrey,11
ENSG00000161980,dimgrey,dimgrey,11
ENSG00000161981,silver,silver,29
ENSG00000161996,darkgrey,darkgrey,7
ENSG00000161999,darkgrey,darkgrey,7
ENSG00000162062,gainsboro,gainsboro,13
ENSG00000162063,firebrick,firebrick,12
ENSG00000162065,gainsboro,gainsboro,13
ENSG00000162066,darkgrey,darkgrey,7
ENSG00000162076,dimgrey,dimgrey,11
ENSG00000162086,firebrick,firebrick,12
ENSG00000162104,dimgrey,dimgrey,11
ENSG00000162105,lightcoral,lightcoral,14
ENSG00000162129,dimgrey,dimgrey,11
ENSG00000162139,darkgrey,darkgrey,7
ENSG00000162144,silver,silver,29
ENSG00000162148,gainsboro,gainsboro,13
ENSG00000162174,bisque,bisque,1
ENSG00000162191,darkgrey,darkgrey,7
ENSG00000162222,silver,silver,29
ENSG00000162227,dimgrey,dimgrey,11
ENSG00000162231,gainsboro,gainsboro,13
ENSG00000162236,white,white,31
ENSG00000162244,dimgrey,dimgrey,11
ENSG00000162298,dimgrey,dimgrey,11
ENSG00000162300,dimgrey,dimgrey,11
ENSG00000162302,darkgrey,darkgrey,7
ENSG00000162337,darkgrey,darkgrey,7
ENSG00000162341,darkgrey,darkgrey,7
ENSG00000162368,silver,silver,29
ENSG00000162377,dimgrey,dimgrey,11
ENSG00000162378,gainsboro,gainsboro,13
ENSG00000162384,silver,silver,29
ENSG00000162385,darkgrey,darkgrey,7
ENSG00000162390,darkgrey,darkgrey,7
ENSG00000162396,gainsboro,gainsboro,13
ENSG00000162402,silver,silver,29
ENSG00000162407,gainsboro,gainsboro,13
ENSG00000162408,darkgrey,darkgrey,7
ENSG00000162409,darkgrey,darkgrey,7
ENSG00000162413,darkgrey,darkgrey,7
ENSG00000162415,silver,silver,29
ENSG00000162419,darkgrey,darkgrey,7
ENSG00000162426,peru,peru,23
ENSG00000162430,silver,silver,29
ENSG00000162433,darkgrey,darkgrey,7
ENSG00000162434,silver,silver,29
ENSG00000162437,maroon,maroon,16
ENSG00000162441,dimgrey,dimgrey,11
ENSG00000162458,lightcoral,lightcoral,14
ENSG00000162461,dimgrey,dimgrey,11
ENSG00000162482,silver,silver,29
ENSG00000162494,dimgrey,dimgrey,11
ENSG00000162496,chocolate,chocolate,5
ENSG00000162511,maroon,maroon,16
ENSG00000162512,darkgrey,darkgrey,7
ENSG00000162517,dimgrey,dimgrey,11
ENSG00000162521,dimgrey,dimgrey,11
ENSG00000162522,dimgrey,dimgrey,11
ENSG00000162542,dimgrey,dimgrey,11
ENSG00000162545,gainsboro,gainsboro,13
ENSG00000162551,dimgrey,dimgrey,11
ENSG00000162572,dimgrey,dimgrey,11
ENSG00000162576,darkgrey,darkgrey,7
ENSG00000162585,dimgrey,dimgrey,11
ENSG00000162591,lightcoral,lightcoral,14
ENSG00000162595,darkgrey,darkgrey,7
ENSG00000162599,darkgrey,darkgrey,7
ENSG00000162600,dimgrey,dimgrey,11
ENSG00000162601,coral,coral,6
ENSG00000162604,darkgrey,darkgrey,7
ENSG00000162607,darkgrey,darkgrey,7
ENSG00000162613,darkgrey,darkgrey,7
ENSG00000162614,gainsboro,gainsboro,13
ENSG00000162616,silver,silver,29
ENSG00000162618,silver,silver,29
ENSG00000162620,dimgrey,dimgrey,11
ENSG00000162623,gainsboro,gainsboro,13
ENSG00000162627,darkgrey,darkgrey,7
ENSG00000162630,white,white,31
ENSG00000162631,silver,silver,29
ENSG00000162636,silver,silver,29
ENSG00000162639,dimgrey,dimgrey,11
ENSG00000162641,darkgrey,darkgrey,7
ENSG00000162642,dimgrey,dimgrey,11
ENSG00000162643,lightcoral,lightcoral,14
ENSG00000162645,darksalmon,darksalmon,10
ENSG00000162650,dimgrey,dimgrey,11
ENSG00000162654,silver,silver,29
ENSG00000162664,gainsboro,gainsboro,13
ENSG00000162688,silver,silver,29
ENSG00000162692,maroon,maroon,16
ENSG00000162694,darkgrey,darkgrey,7
ENSG00000162695,dimgrey,dimgrey,11
ENSG00000162702,gainsboro,gainsboro,13
ENSG00000162704,darkred,darkred,9
ENSG00000162722,gainsboro,gainsboro,13
ENSG00000162729,lightcoral,lightcoral,14
ENSG00000162733,gainsboro,gainsboro,13
ENSG00000162734,dimgrey,dimgrey,11
ENSG00000162735,gainsboro,gainsboro,13
ENSG00000162736,darkgrey,darkgrey,7
ENSG00000162745,dimgrey,dimgrey,11
ENSG00000162746,dimgrey,dimgrey,11
ENSG00000162755,silver,silver,29
ENSG00000162769,sandybrown,sandybrown,26
ENSG00000162772,gainsboro,gainsboro,13
ENSG00000162775,darkgrey,darkgrey,7
ENSG00000162777,dimgrey,dimgrey,11
ENSG00000162783,darkgrey,darkgrey,7
ENSG00000162804,darkgrey,darkgrey,7
ENSG00000162813,silver,silver,29
ENSG00000162814,silver,silver,29
ENSG00000162817,silver,silver,29
ENSG00000162819,dimgrey,dimgrey,11
ENSG00000162825,maroon,maroon,16
ENSG00000162836,brown,brown,3
ENSG00000162851,silver,silver,29
ENSG00000162852,dimgrey,dimgrey,11
ENSG00000162869,blanchedalmond,blanchedalmond,2
ENSG00000162878,darkgrey,darkgrey,7
ENSG00000162882,firebrick,firebrick,12
ENSG00000162889,darkgrey,darkgrey,7
ENSG00000162894,dimgrey,dimgrey,11
ENSG00000162909,silver,silver,29
ENSG00000162910,darkgrey,darkgrey,7
ENSG00000162923,silver,silver,29
ENSG00000162924,dimgrey,dimgrey,11
ENSG00000162927,dimgrey,dimgrey,11
ENSG00000162928,silver,silver,29
ENSG00000162929,dimgrey,dimgrey,11
ENSG00000162944,dimgrey,dimgrey,11
ENSG00000162946,maroon,maroon,16
ENSG00000162959,silver,silver,29
ENSG00000162961,dimgrey,dimgrey,11
ENSG00000162971,silver,silver,29
ENSG00000162972,silver,silver,29
ENSG00000162975,chocolate,chocolate,5
ENSG00000162976,firebrick,firebrick,12
ENSG00000162980,silver,silver,29
ENSG00000162981,dimgrey,dimgrey,11
ENSG00000162994,silver,silver,29
ENSG00000162998,silver,silver,29
ENSG00000162999,maroon,maroon,16
ENSG00000163001,dimgrey,dimgrey,11
ENSG00000163002,darkgrey,darkgrey,7
ENSG00000163006,silver,silver,29
ENSG00000163013,dimgrey,dimgrey,11
ENSG00000163017,dimgrey,dimgrey,11
ENSG00000163026,dimgrey,dimgrey,11
ENSG00000163029,dimgrey,dimgrey,11
ENSG00000163032,dimgrey,dimgrey,11
ENSG00000163040,silver,silver,29
ENSG00000163041,dimgrey,dimgrey,11
ENSG00000163053,darkgrey,darkgrey,7
ENSG00000163069,dimgrey,dimgrey,11
ENSG00000163071,gainsboro,gainsboro,13
ENSG00000163082,dimgrey,dimgrey,11
ENSG00000163083,gainsboro,gainsboro,13
ENSG00000163092,darkgrey,darkgrey,7
ENSG00000163093,dimgrey,dimgrey,11
ENSG00000163104,darkgrey,darkgrey,7
ENSG00000163110,darksalmon,darksalmon,10
ENSG00000163125,darkgrey,darkgrey,7
ENSG00000163126,white,white,31
ENSG00000163131,maroon,maroon,16
ENSG00000163132,darkgrey,darkgrey,7
ENSG00000163138,silver,silver,29
ENSG00000163145,silver,silver,29
ENSG00000163155,dimgrey,dimgrey,11
ENSG00000163156,darkgrey,darkgrey,7
ENSG00000163157,silver,silver,29
ENSG00000163159,darkgrey,darkgrey,7
ENSG00000163161,darkgrey,darkgrey,7
ENSG00000163162,silver,silver,29
ENSG00000163166,darkgrey,darkgrey,7
ENSG00000163170,dimgrey,dimgrey,11
ENSG00000163171,dimgrey,dimgrey,11
ENSG00000163191,white,white,31
ENSG00000163202,dimgrey,dimgrey,11
ENSG00000163207,dimgrey,dimgrey,11
ENSG00000163214,silver,silver,29
ENSG00000163219,dimgrey,dimgrey,11
ENSG00000163249,darkgrey,darkgrey,7
ENSG00000163251,maroon,maroon,16
ENSG00000163257,darkgrey,darkgrey,7
ENSG00000163281,silver,silver,29
ENSG00000163288,gainsboro,gainsboro,13
ENSG00000163291,maroon,maroon,16
ENSG00000163297,dimgrey,dimgrey,11
ENSG00000163312,lightcoral,lightcoral,14
ENSG00000163319,dimgrey,dimgrey,11
ENSG00000163320,dimgrey,dimgrey,11
ENSG00000163322,dimgrey,dimgrey,11
ENSG00000163328,darkgrey,darkgrey,7
ENSG00000163344,silver,silver,29
ENSG00000163346,darkgrey,darkgrey,7
ENSG00000163347,darkgrey,darkgrey,7
ENSG00000163348,darkgrey,darkgrey,7
ENSG00000163349,darkgrey,darkgrey,7
ENSG00000163359,darkgrey,darkgrey,7
ENSG00000163374,white,white,31
ENSG00000163376,dimgrey,dimgrey,11
ENSG00000163378,darkgrey,darkgrey,7
ENSG00000163380,peru,peru,23
ENSG00000163382,silver,silver,29
ENSG00000163389,dimgrey,dimgrey,11
ENSG00000163393,dimgrey,dimgrey,11
ENSG00000163395,maroon,maroon,16
ENSG00000163399,darkgrey,darkgrey,7
ENSG00000163412,dimgrey,dimgrey,11
ENSG00000163428,darkgrey,darkgrey,7
ENSG00000163430,silver,silver,29
ENSG00000163431,gainsboro,gainsboro,13
ENSG00000163444,dimgrey,dimgrey,11
ENSG00000163449,gainsboro,gainsboro,13
ENSG00000163453,dimgrey,dimgrey,11
ENSG00000163462,silver,silver,29
ENSG00000163463,dimgrey,dimgrey,11
ENSG00000163466,gainsboro,gainsboro,13
ENSG00000163467,silver,silver,29
ENSG00000163468,gainsboro,gainsboro,13
ENSG00000163472,darkgrey,darkgrey,7
ENSG00000163479,dimgrey,dimgrey,11
ENSG00000163481,sienna,sienna,28
ENSG00000163482,darkgrey,darkgrey,7
ENSG00000163485,darkgrey,darkgrey,7
ENSG00000163491,maroon,maroon,16
ENSG00000163507,darkgrey,darkgrey,7
ENSG00000163510,red,red,24
ENSG00000163512,antiquewhite,antiquewhite,0
ENSG00000163513,silver,silver,29
ENSG00000163516,darkgrey,darkgrey,7
ENSG00000163517,darkgrey,darkgrey,7
ENSG00000163520,dimgrey,dimgrey,11
ENSG00000163521,maroon,maroon,16
ENSG00000163527,darkgrey,darkgrey,7
ENSG00000163528,silver,silver,29
ENSG00000163531,brown,brown,3
ENSG00000163535,silver,silver,29
ENSG00000163536,dimgrey,dimgrey,11
ENSG00000163539,silver,silver,29
ENSG00000163541,darkgrey,darkgrey,7
ENSG00000163545,dimgrey,dimgrey,11
ENSG00000163558,gainsboro,gainsboro,13
ENSG00000163565,darkgrey,darkgrey,7
ENSG00000163577,dimgrey,dimgrey,11
ENSG00000163584,dimgrey,dimgrey,11
ENSG00000163590,darkgrey,darkgrey,7
ENSG00000163596,silver,silver,29
ENSG00000163602,gainsboro,gainsboro,13
ENSG00000163605,gainsboro,gainsboro,13
ENSG00000163607,dimgrey,dimgrey,11
ENSG00000163608,silver,silver,29
ENSG00000163611,brown,brown,3
ENSG00000163617,dimgrey,dimgrey,11
ENSG00000163618,dimgrey,dimgrey,11
ENSG00000163623,darkgrey,darkgrey,7
ENSG00000163625,gainsboro,gainsboro,13
ENSG00000163626,dimgrey,dimgrey,11
ENSG00000163629,firebrick,firebrick,12
ENSG00000163632,dimgrey,dimgrey,11
ENSG00000163634,dimgrey,dimgrey,11
ENSG00000163635,darkgrey,darkgrey,7
ENSG00000163636,dimgrey,dimgrey,11
ENSG00000163637,dimgrey,dimgrey,11
ENSG00000163638,brown,brown,3
ENSG00000163644,silver,silver,29
ENSG00000163655,dimgrey,dimgrey,11
ENSG00000163659,darkred,darkred,9
ENSG00000163660,gainsboro,gainsboro,13
ENSG00000163661,brown,brown,3
ENSG00000163681,gainsboro,gainsboro,13
ENSG00000163682,dimgrey,dimgrey,11
ENSG00000163683,darkgrey,darkgrey,7
ENSG00000163684,silver,silver,29
ENSG00000163686,dimgrey,dimgrey,11
ENSG00000163689,dimgrey,dimgrey,11
ENSG00000163694,dimgrey,dimgrey,11
ENSG00000163697,silver,silver,29
ENSG00000163701,darkgrey,darkgrey,7
ENSG00000163702,darkgrey,darkgrey,7
ENSG00000163703,silver,silver,29
ENSG00000163704,darkgrey,darkgrey,7
ENSG00000163705,dimgrey,dimgrey,11
ENSG00000163710,darkgrey,darkgrey,7
ENSG00000163714,red,red,24
ENSG00000163719,silver,silver,29
ENSG00000163728,darkgrey,darkgrey,7
ENSG00000163734,white,white,31
ENSG00000163735,darkgrey,darkgrey,7
ENSG00000163738,dimgrey,dimgrey,11
ENSG00000163743,silver,silver,29
ENSG00000163754,silver,silver,29
ENSG00000163755,dimgrey,dimgrey,11
ENSG00000163781,silver,silver,29
ENSG00000163785,darkgrey,darkgrey,7
ENSG00000163788,dimgrey,dimgrey,11
ENSG00000163798,dimgrey,dimgrey,11
ENSG00000163803,silver,silver,29
ENSG00000163807,dimgrey,dimgrey,11
ENSG00000163808,darkgrey,darkgrey,7
ENSG00000163811,dimgrey,dimgrey,11
ENSG00000163812,darkgrey,darkgrey,7
ENSG00000163814,darkgrey,darkgrey,7
ENSG00000163815,silver,silver,29
ENSG00000163818,darkgrey,darkgrey,7
ENSG00000163820,silver,silver,29
ENSG00000163823,dimgrey,dimgrey,11
ENSG00000163827,maroon,maroon,16
ENSG00000163832,dimgrey,dimgrey,11
ENSG00000163840,darkgrey,darkgrey,7
ENSG00000163848,orangered,orangered,20
ENSG00000163866,dimgrey,dimgrey,11
ENSG00000163867,dimgrey,dimgrey,11
ENSG00000163870,white,white,31
ENSG00000163872,darksalmon,darksalmon,10
ENSG00000163874,darkgrey,darkgrey,7
ENSG00000163875,silver,silver,29
ENSG00000163877,silver,silver,29
ENSG00000163879,dimgrey,dimgrey,11
ENSG00000163882,silver,silver,29
ENSG00000163884,dimgrey,dimgrey,11
ENSG00000163888,silver,silver,29
ENSG00000163900,dimgrey,dimgrey,11
ENSG00000163902,silver,silver,29
ENSG00000163904,silver,silver,29
ENSG00000163909,brown,brown,3
ENSG00000163913,darkgrey,darkgrey,7
ENSG00000163918,gainsboro,gainsboro,13
ENSG00000163923,lightcoral,lightcoral,14
ENSG00000163930,darkgrey,darkgrey,7
ENSG00000163931,darkgrey,darkgrey,7
ENSG00000163932,darkgrey,darkgrey,7
ENSG00000163933,darkgrey,darkgrey,7
ENSG00000163935,dimgrey,dimgrey,11
ENSG00000163938,red,red,24
ENSG00000163939,gainsboro,gainsboro,13
ENSG00000163945,darkgrey,darkgrey,7
ENSG00000163946,darkgrey,darkgrey,7
ENSG00000163947,dimgrey,dimgrey,11
ENSG00000163950,dimgrey,dimgrey,11
ENSG00000163956,dimgrey,dimgrey,11
ENSG00000163959,dimgrey,dimgrey,11
ENSG00000163960,gainsboro,gainsboro,13
ENSG00000163961,dimgrey,dimgrey,11
ENSG00000163964,silver,silver,29
ENSG00000163975,darkgrey,darkgrey,7
ENSG00000163995,seashell,seashell,27
ENSG00000164002,silver,silver,29
ENSG00000164008,lightcoral,lightcoral,14
ENSG00000164010,silver,silver,29
ENSG00000164011,silver,silver,29
ENSG00000164022,dimgrey,dimgrey,11
ENSG00000164023,silver,silver,29
ENSG00000164024,darkgrey,darkgrey,7
ENSG00000164031,gainsboro,gainsboro,13
ENSG00000164032,gainsboro,gainsboro,13
ENSG00000164038,dimgrey,dimgrey,11
ENSG00000164039,dimgrey,dimgrey,11
ENSG00000164040,darkgrey,darkgrey,7
ENSG00000164045,gainsboro,gainsboro,13
ENSG00000164048,brown,brown,3
ENSG00000164050,silver,silver,29
ENSG00000164051,dimgrey,dimgrey,11
ENSG00000164053,dimgrey,dimgrey,11
ENSG00000164054,darkgrey,darkgrey,7
ENSG00000164056,gainsboro,gainsboro,13
ENSG00000164062,darkgrey,darkgrey,7
ENSG00000164066,darkgrey,darkgrey,7
ENSG00000164070,lightcoral,lightcoral,14
ENSG00000164073,brown,brown,3
ENSG00000164074,darkgrey,darkgrey,7
ENSG00000164077,dimgrey,dimgrey,11
ENSG00000164080,darkgrey,darkgrey,7
ENSG00000164081,silver,silver,29
ENSG00000164086,darkgrey,darkgrey,7
ENSG00000164087,darkgrey,darkgrey,7
ENSG00000164088,dimgrey,dimgrey,11
ENSG00000164091,white,white,31
ENSG00000164093,dimgrey,dimgrey,11
ENSG00000164096,dimgrey,dimgrey,11
ENSG00000164099,darkgrey,darkgrey,7
ENSG00000164104,darkgrey,darkgrey,7
ENSG00000164105,gainsboro,gainsboro,13
ENSG00000164109,silver,silver,29
ENSG00000164111,silver,silver,29
ENSG00000164112,dimgrey,dimgrey,11
ENSG00000164114,gainsboro,gainsboro,13
ENSG00000164117,maroon,maroon,16
ENSG00000164118,dimgrey,dimgrey,11
ENSG00000164122,dimgrey,dimgrey,11
ENSG00000164124,maroon,maroon,16
ENSG00000164125,darkgrey,darkgrey,7
ENSG00000164134,darkgrey,darkgrey,7
ENSG00000164136,lightcoral,lightcoral,14
ENSG00000164142,peachpuff,peachpuff,22
ENSG00000164144,silver,silver,29
ENSG00000164151,gainsboro,gainsboro,13
ENSG00000164161,gainsboro,gainsboro,13
ENSG00000164162,silver,silver,29
ENSG00000164163,silver,silver,29
ENSG00000164164,silver,silver,29
ENSG00000164167,silver,silver,29
ENSG00000164168,silver,silver,29
ENSG00000164169,silver,silver,29
ENSG00000164171,gainsboro,gainsboro,13
ENSG00000164172,gainsboro,gainsboro,13
ENSG00000164176,silver,silver,29
ENSG00000164180,darkgrey,darkgrey,7
ENSG00000164182,gainsboro,gainsboro,13
ENSG00000164187,darkgrey,darkgrey,7
ENSG00000164190,dimgrey,dimgrey,11
ENSG00000164197,darkgrey,darkgrey,7
ENSG00000164209,dimgrey,dimgrey,11
ENSG00000164211,silver,silver,29
ENSG00000164219,dimgrey,dimgrey,11
ENSG00000164220,dimgrey,dimgrey,11
ENSG00000164221,darkred,darkred,9
ENSG00000164236,darkgrey,darkgrey,7
ENSG00000164237,dimgrey,dimgrey,11
ENSG00000164241,dimgrey,dimgrey,11
ENSG00000164244,gainsboro,gainsboro,13
ENSG00000164251,darkgrey,darkgrey,7
ENSG00000164252,dimgrey,dimgrey,11
ENSG00000164253,dimgrey,dimgrey,11
ENSG00000164258,dimgrey,dimgrey,11
ENSG00000164283,darkgrey,darkgrey,7
ENSG00000164284,dimgrey,dimgrey,11
ENSG00000164291,darkgrey,darkgrey,7
ENSG00000164292,gainsboro,gainsboro,13
ENSG00000164294,dimgrey,dimgrey,11
ENSG00000164296,dimgrey,dimgrey,11
ENSG00000164300,darkgrey,darkgrey,7
ENSG00000164305,darkred,darkred,9
ENSG00000164306,linen,linen,15
ENSG00000164307,coral,coral,6
ENSG00000164308,dimgrey,dimgrey,11
ENSG00000164309,silver,silver,29
ENSG00000164318,dimgrey,dimgrey,11
ENSG00000164323,gainsboro,gainsboro,13
ENSG00000164327,gainsboro,gainsboro,13
ENSG00000164329,silver,silver,29
ENSG00000164330,darkgrey,darkgrey,7
ENSG00000164331,darkred,darkred,9
ENSG00000164332,dimgrey,dimgrey,11
ENSG00000164338,dimgrey,dimgrey,11
ENSG00000164342,maroon,maroon,16
ENSG00000164346,dimgrey,dimgrey,11
ENSG00000164347,silver,silver,29
ENSG00000164366,darkgrey,darkgrey,7
ENSG00000164379,darkgrey,darkgrey,7
ENSG00000164402,darkgrey,darkgrey,7
ENSG00000164403,darkgrey,darkgrey,7
ENSG00000164405,dimgrey,dimgrey,11
ENSG00000164406,darkgrey,darkgrey,7
ENSG00000164414,silver,silver,29
ENSG00000164418,dimgrey,dimgrey,11
ENSG00000164430,brown,brown,3
ENSG00000164442,silver,silver,29
ENSG00000164463,gainsboro,gainsboro,13
ENSG00000164465,darkgrey,darkgrey,7
ENSG00000164466,dimgrey,dimgrey,11
ENSG00000164483,dimgrey,dimgrey,11
ENSG00000164484,silver,silver,29
ENSG00000164494,maroon,maroon,16
ENSG00000164506,white,white,31
ENSG00000164512,silver,silver,29
ENSG00000164520,gainsboro,gainsboro,13
ENSG00000164535,silver,silver,29
ENSG00000164543,coral,coral,6
ENSG00000164548,darkgrey,darkgrey,7
ENSG00000164574,darkgrey,darkgrey,7
ENSG00000164576,gainsboro,gainsboro,13
ENSG00000164587,darkgrey,darkgrey,7
ENSG00000164597,silver,silver,29
ENSG00000164603,darkgrey,darkgrey,7
ENSG00000164604,gainsboro,gainsboro,13
ENSG00000164609,gainsboro,gainsboro,13
ENSG00000164610,dimgrey,dimgrey,11
ENSG00000164611,darkgrey,darkgrey,7
ENSG00000164615,gainsboro,gainsboro,13
ENSG00000164619,dimgrey,dimgrey,11
ENSG00000164631,dimgrey,dimgrey,11
ENSG00000164638,dimgrey,dimgrey,11
ENSG00000164647,dimgrey,dimgrey,11
ENSG00000164649,darkgrey,darkgrey,7
ENSG00000164654,dimgrey,dimgrey,11
ENSG00000164659,darkgrey,darkgrey,7
ENSG00000164663,silver,silver,29
ENSG00000164674,gainsboro,gainsboro,13
ENSG00000164683,gainsboro,gainsboro,13
ENSG00000164687,silver,silver,29
ENSG00000164692,dimgrey,dimgrey,11
ENSG00000164707,dimgrey,dimgrey,11
ENSG00000164713,dimgrey,dimgrey,11
ENSG00000164715,lightcoral,lightcoral,14
ENSG00000164733,silver,silver,29
ENSG00000164741,darkgrey,darkgrey,7
ENSG00000164742,white,white,31
ENSG00000164743,dimgrey,dimgrey,11
ENSG00000164751,silver,silver,29
ENSG00000164754,gainsboro,gainsboro,13
ENSG00000164758,antiquewhite,antiquewhite,0
ENSG00000164761,firebrick,firebrick,12
ENSG00000164764,silver,silver,29
ENSG00000164808,silver,silver,29
ENSG00000164815,darkgrey,darkgrey,7
ENSG00000164818,darkgrey,darkgrey,7
ENSG00000164823,dimgrey,dimgrey,11
ENSG00000164828,silver,silver,29
ENSG00000164830,silver,silver,29
ENSG00000164850,darkgrey,darkgrey,7
ENSG00000164867,darkgrey,darkgrey,7
ENSG00000164877,darkgrey,darkgrey,7
ENSG00000164880,dimgrey,dimgrey,11
ENSG00000164885,darkgrey,darkgrey,7
ENSG00000164889,silver,silver,29
ENSG00000164896,darkgrey,darkgrey,7
ENSG00000164897,darkgrey,darkgrey,7
ENSG00000164898,darkgrey,darkgrey,7
ENSG00000164902,red,red,24
ENSG00000164904,dimgrey,dimgrey,11
ENSG00000164916,darkgrey,darkgrey,7
ENSG00000164919,dimgrey,dimgrey,11
ENSG00000164920,darkgrey,darkgrey,7
ENSG00000164924,dimgrey,dimgrey,11
ENSG00000164929,silver,silver,29
ENSG00000164930,darkred,darkred,9
ENSG00000164932,darkgrey,darkgrey,7
ENSG00000164934,dimgrey,dimgrey,11
ENSG00000164938,dimgrey,dimgrey,11
ENSG00000164941,dimgrey,dimgrey,11
ENSG00000164944,dimgrey,dimgrey,11
ENSG00000164949,silver,silver,29
ENSG00000164951,silver,silver,29
ENSG00000164953,silver,silver,29
ENSG00000164961,dimgrey,dimgrey,11
ENSG00000164967,dimgrey,dimgrey,11
ENSG00000164970,dimgrey,dimgrey,11
ENSG00000164972,dimgrey,dimgrey,11
ENSG00000164975,red,red,24
ENSG00000164976,dimgrey,dimgrey,11
ENSG00000164978,dimgrey,dimgrey,11
ENSG00000164983,white,white,31
ENSG00000164985,red,red,24
ENSG00000164989,silver,silver,29
ENSG00000165006,dimgrey,dimgrey,11
ENSG00000165028,silver,silver,29
ENSG00000165029,gainsboro,gainsboro,13
ENSG00000165030,silver,silver,29
ENSG00000165046,dimgrey,dimgrey,11
ENSG00000165055,darkgrey,darkgrey,7
ENSG00000165060,dimgrey,dimgrey,11
ENSG00000165071,maroon,maroon,16
ENSG00000165072,silver,silver,29
ENSG00000165084,dimgrey,dimgrey,11
ENSG00000165092,dimgrey,dimgrey,11
ENSG00000165097,dimgrey,dimgrey,11
ENSG00000165102,darkgrey,darkgrey,7
ENSG00000165105,silver,silver,29
ENSG00000165113,dimgrey,dimgrey,11
ENSG00000165115,dimgrey,dimgrey,11
ENSG00000165118,darkgrey,darkgrey,7
ENSG00000165119,darkgrey,darkgrey,7
ENSG00000165124,maroon,maroon,16
ENSG00000165138,dimgrey,dimgrey,11
ENSG00000165152,silver,silver,29
ENSG00000165156,silver,silver,29
ENSG00000165169,dimgrey,dimgrey,11
ENSG00000165171,dimgrey,dimgrey,11
ENSG00000165175,silver,silver,29
ENSG00000165181,silver,silver,29
ENSG00000165185,maroon,maroon,16
ENSG00000165194,peru,peru,23
ENSG00000165195,dimgrey,dimgrey,11
ENSG00000165209,silver,silver,29
ENSG00000165219,gainsboro,gainsboro,13
ENSG00000165233,lightcoral,lightcoral,14
ENSG00000165240,darkgrey,darkgrey,7
ENSG00000165244,darkgrey,darkgrey,7
ENSG00000165259,dimgrey,dimgrey,11
ENSG00000165264,silver,silver,29
ENSG00000165271,dimgrey,dimgrey,11
ENSG00000165272,darkgrey,darkgrey,7
ENSG00000165275,darkgrey,darkgrey,7
ENSG00000165280,dimgrey,dimgrey,11
ENSG00000165282,gainsboro,gainsboro,13
ENSG00000165283,darkgrey,darkgrey,7
ENSG00000165288,darkgrey,darkgrey,7
ENSG00000165300,maroon,maroon,16
ENSG00000165304,silver,silver,29
ENSG00000165312,maroon,maroon,16
ENSG00000165322,silver,silver,29
ENSG00000165323,gainsboro,gainsboro,13
ENSG00000165338,silver,silver,29
ENSG00000165355,dimgrey,dimgrey,11
ENSG00000165359,silver,silver,29
ENSG00000165389,dimgrey,dimgrey,11
ENSG00000165392,gainsboro,gainsboro,13
ENSG00000165406,darkgrey,darkgrey,7
ENSG00000165410,silver,silver,29
ENSG00000165416,silver,silver,29
ENSG00000165417,silver,silver,29
ENSG00000165424,darkgrey,darkgrey,7
ENSG00000165434,gainsboro,gainsboro,13
ENSG00000165449,silver,silver,29
ENSG00000165458,darkgrey,darkgrey,7
ENSG00000165475,dimgrey,dimgrey,11
ENSG00000165476,darkgrey,darkgrey,7
ENSG00000165480,dimgrey,dimgrey,11
ENSG00000165487,dimgrey,dimgrey,11
ENSG00000165490,dimgrey,dimgrey,11
ENSG00000165494,dimgrey,dimgrey,11
ENSG00000165495,dimgrey,dimgrey,11
ENSG00000165501,darkgrey,darkgrey,7
ENSG00000165502,dimgrey,dimgrey,11
ENSG00000165506,silver,silver,29
ENSG00000165507,gainsboro,gainsboro,13
ENSG00000165512,darkgrey,darkgrey,7
ENSG00000165516,brown,brown,3
ENSG00000165525,gainsboro,gainsboro,13
ENSG00000165526,darkgrey,darkgrey,7
ENSG00000165527,dimgrey,dimgrey,11
ENSG00000165533,darkgrey,darkgrey,7
ENSG00000165568,silver,silver,29
ENSG00000165572,darkgrey,darkgrey,7
ENSG00000165609,dimgrey,dimgrey,11
ENSG00000165617,white,white,31
ENSG00000165626,brown,brown,3
ENSG00000165629,silver,silver,29
ENSG00000165630,darkgrey,darkgrey,7
ENSG00000165632,gainsboro,gainsboro,13
ENSG00000165633,darkgrey,darkgrey,7
ENSG00000165637,dimgrey,dimgrey,11
ENSG00000165644,dimgrey,dimgrey,11
ENSG00000165650,darkgrey,darkgrey,7
ENSG00000165655,darkgrey,darkgrey,7
ENSG00000165660,dimgrey,dimgrey,11
ENSG00000165661,silver,silver,29
ENSG00000165669,dimgrey,dimgrey,11
ENSG00000165671,gainsboro,gainsboro,13
ENSG00000165672,silver,silver,29
ENSG00000165675,dimgrey,dimgrey,11
ENSG00000165678,dimgrey,dimgrey,11
ENSG00000165684,dimgrey,dimgrey,11
ENSG00000165685,dimgrey,dimgrey,11
ENSG00000165688,firebrick,firebrick,12
ENSG00000165689,silver,silver,29
ENSG00000165698,lightcoral,lightcoral,14
ENSG00000165699,darkgrey,darkgrey,7
ENSG00000165704,dimgrey,dimgrey,11
ENSG00000165724,dimgrey,dimgrey,11
ENSG00000165731,white,white,31
ENSG00000165732,silver,silver,29
ENSG00000165733,darkgrey,darkgrey,7
ENSG00000165752,darkgrey,darkgrey,7
ENSG00000165757,white,white,31
ENSG00000165775,dimgrey,dimgrey,11
ENSG00000165792,silver,silver,29
ENSG00000165801,dimgrey,dimgrey,11
ENSG00000165802,darkgrey,darkgrey,7
ENSG00000165804,white,white,31
ENSG00000165806,gainsboro,gainsboro,13
ENSG00000165813,linen,linen,15
ENSG00000165819,dimgrey,dimgrey,11
ENSG00000165832,darkgrey,darkgrey,7
ENSG00000165861,darkgrey,darkgrey,7
ENSG00000165868,brown,brown,3
ENSG00000165879,brown,brown,3
ENSG00000165886,darkgrey,darkgrey,7
ENSG00000165887,silver,silver,29
ENSG00000165891,firebrick,firebrick,12
ENSG00000165895,dimgrey,dimgrey,11
ENSG00000165898,dimgrey,dimgrey,11
ENSG00000165912,darkgrey,darkgrey,7
ENSG00000165914,darkgrey,darkgrey,7
ENSG00000165915,darkgrey,darkgrey,7
ENSG00000165916,dimgrey,dimgrey,11
ENSG00000165934,gainsboro,gainsboro,13
ENSG00000165935,darkgrey,darkgrey,7
ENSG00000165948,dimgrey,dimgrey,11
ENSG00000165959,dimgrey,dimgrey,11
ENSG00000165983,darkgrey,darkgrey,7
ENSG00000165995,dimgrey,dimgrey,11
ENSG00000165996,dimgrey,dimgrey,11
ENSG00000165997,gainsboro,gainsboro,13
ENSG00000166002,silver,silver,29
ENSG00000166004,gainsboro,gainsboro,13
ENSG00000166012,dimgrey,dimgrey,11
ENSG00000166016,silver,silver,29
ENSG00000166024,silver,silver,29
ENSG00000166025,silver,silver,29
ENSG00000166033,darkgrey,darkgrey,7
ENSG00000166037,silver,silver,29
ENSG00000166046,darkgrey,darkgrey,7
ENSG00000166068,dimgrey,dimgrey,11
ENSG00000166073,dimgrey,dimgrey,11
ENSG00000166086,silver,silver,29
ENSG00000166106,darkgrey,darkgrey,7
ENSG00000166123,darkgrey,darkgrey,7
ENSG00000166128,silver,silver,29
ENSG00000166130,dimgrey,dimgrey,11
ENSG00000166133,darkgrey,darkgrey,7
ENSG00000166135,darkgrey,darkgrey,7
ENSG00000166136,darkgrey,darkgrey,7
ENSG00000166140,dimgrey,dimgrey,11
ENSG00000166147,gainsboro,gainsboro,13
ENSG00000166153,lightcoral,lightcoral,14
ENSG00000166164,gainsboro,gainsboro,13
ENSG00000166165,darkgrey,darkgrey,7
ENSG00000166166,silver,silver,29
ENSG00000166167,darkgrey,darkgrey,7
ENSG00000166169,darkgrey,darkgrey,7
ENSG00000166170,gainsboro,gainsboro,13
ENSG00000166171,brown,brown,3
ENSG00000166173,dimgrey,dimgrey,11
ENSG00000166181,silver,silver,29
ENSG00000166188,dimgrey,dimgrey,11
ENSG00000166189,dimgrey,dimgrey,11
ENSG00000166192,silver,silver,29
ENSG00000166197,silver,silver,29
ENSG00000166199,darksalmon,darksalmon,10
ENSG00000166200,silver,silver,29
ENSG00000166206,maroon,maroon,16
ENSG00000166224,darkgrey,darkgrey,7
ENSG00000166225,darkred,darkred,9
ENSG00000166226,dimgrey,dimgrey,11
ENSG00000166228,dimgrey,dimgrey,11
ENSG00000166233,silver,silver,29
ENSG00000166250,gainsboro,gainsboro,13
ENSG00000166257,silver,silver,29
ENSG00000166260,dimgrey,dimgrey,11
ENSG00000166261,dimgrey,dimgrey,11
ENSG00000166262,darkgrey,darkgrey,7
ENSG00000166263,darksalmon,darksalmon,10
ENSG00000166266,silver,silver,29
ENSG00000166272,darkgrey,darkgrey,7
ENSG00000166275,dimgrey,dimgrey,11
ENSG00000166289,darkgrey,darkgrey,7
ENSG00000166292,gainsboro,gainsboro,13
ENSG00000166295,dimgrey,dimgrey,11
ENSG00000166311,darkgrey,darkgrey,7
ENSG00000166313,dimgrey,dimgrey,11
ENSG00000166317,dimgrey,dimgrey,11
ENSG00000166321,dimgrey,dimgrey,11
ENSG00000166323,gainsboro,gainsboro,13
ENSG00000166326,darkgrey,darkgrey,7
ENSG00000166333,darkgrey,darkgrey,7
ENSG00000166337,silver,silver,29
ENSG00000166340,dimgrey,dimgrey,11
ENSG00000166341,darkgrey,darkgrey,7
ENSG00000166343,dimgrey,dimgrey,11
ENSG00000166347,darkgrey,darkgrey,7
ENSG00000166352,silver,silver,29
ENSG00000166363,silver,silver,29
ENSG00000166377,darkgrey,darkgrey,7
ENSG00000166387,dimgrey,dimgrey,11
ENSG00000166394,darkgrey,darkgrey,7
ENSG00000166396,silver,silver,29
ENSG00000166398,darkgrey,darkgrey,7
ENSG00000166401,silver,silver,29
ENSG00000166402,silver,silver,29
ENSG00000166411,lightcoral,lightcoral,14
ENSG00000166432,darkgrey,darkgrey,7
ENSG00000166435,white,white,31
ENSG00000166436,darkgrey,darkgrey,7
ENSG00000166439,darkgrey,darkgrey,7
ENSG00000166441,darkgrey,darkgrey,7
ENSG00000166444,dimgrey,dimgrey,11
ENSG00000166446,silver,silver,29
ENSG00000166448,maroon,maroon,16
ENSG00000166450,silver,silver,29
ENSG00000166451,dimgrey,dimgrey,11
ENSG00000166452,dimgrey,dimgrey,11
ENSG00000166454,gainsboro,gainsboro,13
ENSG00000166471,silver,silver,29
ENSG00000166477,darkgrey,darkgrey,7
ENSG00000166478,silver,silver,29
ENSG00000166479,darkgrey,darkgrey,7
ENSG00000166482,dimgrey,dimgrey,11
ENSG00000166483,darkgrey,darkgrey,7
ENSG00000166484,dimgrey,dimgrey,11
ENSG00000166503,dimgrey,dimgrey,11
ENSG00000166507,darkgrey,darkgrey,7
ENSG00000166508,darkgrey,darkgrey,7
ENSG00000166510,silver,silver,29
ENSG00000166526,darkgrey,darkgrey,7
ENSG00000166529,silver,silver,29
ENSG00000166532,silver,silver,29
ENSG00000166546,darkgrey,darkgrey,7
ENSG00000166548,darkred,darkred,9
ENSG00000166557,dimgrey,dimgrey,11
ENSG00000166562,dimgrey,dimgrey,11
ENSG00000166575,silver,silver,29
ENSG00000166579,darkgrey,darkgrey,7
ENSG00000166582,dimgrey,dimgrey,11
ENSG00000166592,darkgrey,darkgrey,7
ENSG00000166595,chocolate,chocolate,5
ENSG00000166598,darkgrey,darkgrey,7
ENSG00000166619,silver,silver,29
ENSG00000166669,maroon,maroon,16
ENSG00000166670,darkgrey,darkgrey,7
ENSG00000166676,white,white,31
ENSG00000166681,silver,silver,29
ENSG00000166682,darkgrey,darkgrey,7
ENSG00000166685,silver,silver,29
ENSG00000166689,linen,linen,15
ENSG00000166704,silver,silver,29
ENSG00000166710,dimgrey,dimgrey,11
ENSG00000166716,darkgrey,darkgrey,7
ENSG00000166734,lightcoral,lightcoral,14
ENSG00000166741,silver,silver,29
ENSG00000166747,dimgrey,dimgrey,11
ENSG00000166750,dimgrey,dimgrey,11
ENSG00000166762,silver,silver,29
ENSG00000166780,silver,silver,29
ENSG00000166783,gainsboro,gainsboro,13
ENSG00000166788,darkgrey,darkgrey,7
ENSG00000166793,coral,coral,6
ENSG00000166794,firebrick,firebrick,12
ENSG00000166797,dimgrey,dimgrey,11
ENSG00000166800,dimgrey,dimgrey,11
ENSG00000166801,darkgrey,darkgrey,7
ENSG00000166803,white,white,31
ENSG00000166813,saddlebrown,saddlebrown,25
ENSG00000166821,darkgrey,darkgrey,7
ENSG00000166822,silver,silver,29
ENSG00000166823,dimgrey,dimgrey,11
ENSG00000166825,silver,silver,29
ENSG00000166831,silver,silver,29
ENSG00000166833,white,white,31
ENSG00000166839,darkgrey,darkgrey,7
ENSG00000166845,silver,silver,29
ENSG00000166847,darkgrey,darkgrey,7
ENSG00000166848,darkgrey,darkgrey,7
ENSG00000166851,dimgrey,dimgrey,11
ENSG00000166855,darkgrey,darkgrey,7
ENSG00000166860,silver,silver,29
ENSG00000166881,silver,silver,29
ENSG00000166886,white,white,31
ENSG00000166887,dimgrey,dimgrey,11
ENSG00000166888,silver,silver,29
ENSG00000166889,silver,silver,29
ENSG00000166897,darkgrey,darkgrey,7
ENSG00000166900,darkgrey,darkgrey,7
ENSG00000166902,dimgrey,dimgrey,11
ENSG00000166908,darkgrey,darkgrey,7
ENSG00000166912,dimgrey,dimgrey,11
ENSG00000166913,darkgrey,darkgrey,7
ENSG00000166920,dimgrey,dimgrey,11
ENSG00000166923,red,red,24
ENSG00000166924,silver,silver,29
ENSG00000166925,darkgrey,darkgrey,7
ENSG00000166938,dimgrey,dimgrey,11
ENSG00000166946,dimgrey,dimgrey,11
ENSG00000166949,darkgrey,darkgrey,7
ENSG00000166963,gainsboro,gainsboro,13
ENSG00000166965,silver,silver,29
ENSG00000166971,dimgrey,dimgrey,11
ENSG00000166974,darkgrey,darkgrey,7
ENSG00000166979,silver,silver,29
ENSG00000166986,dimgrey,dimgrey,11
ENSG00000166997,darkgrey,darkgrey,7
ENSG00000167004,gainsboro,gainsboro,13
ENSG00000167005,darkgrey,darkgrey,7
ENSG00000167034,white,white,31
ENSG00000167065,silver,silver,29
ENSG00000167074,darkgrey,darkgrey,7
ENSG00000167077,dimgrey,dimgrey,11
ENSG00000167081,darkgrey,darkgrey,7
ENSG00000167083,silver,silver,29
ENSG00000167085,dimgrey,dimgrey,11
ENSG00000167088,darkgrey,darkgrey,7
ENSG00000167100,peachpuff,peachpuff,22
ENSG00000167103,dimgrey,dimgrey,11
ENSG00000167106,gainsboro,gainsboro,13
ENSG00000167107,tan,tan,30
ENSG00000167110,dimgrey,dimgrey,11
ENSG00000167112,darkgrey,darkgrey,7
ENSG00000167113,dimgrey,dimgrey,11
ENSG00000167114,darkgrey,darkgrey,7
ENSG00000167118,darkgrey,darkgrey,7
ENSG00000167123,darkgrey,darkgrey,7
ENSG00000167130,darkgrey,darkgrey,7
ENSG00000167131,silver,silver,29
ENSG00000167157,darkgrey,darkgrey,7
ENSG00000167173,brown,brown,3
ENSG00000167182,brown,brown,3
ENSG00000167186,firebrick,firebrick,12
ENSG00000167191,darkgrey,darkgrey,7
ENSG00000167193,firebrick,firebrick,12
ENSG00000167196,dimgrey,dimgrey,11
ENSG00000167202,dimgrey,dimgrey,11
ENSG00000167216,dimgrey,dimgrey,11
ENSG00000167232,maroon,maroon,16
ENSG00000167257,darkgrey,darkgrey,7
ENSG00000167258,gainsboro,gainsboro,13
ENSG00000167264,white,white,31
ENSG00000167272,dimgrey,dimgrey,11
ENSG00000167280,dimgrey,dimgrey,11
ENSG00000167283,darksalmon,darksalmon,10
ENSG00000167291,silver,silver,29
ENSG00000167302,dimgrey,dimgrey,11
ENSG00000167315,dimgrey,dimgrey,11
ENSG00000167323,darkgrey,darkgrey,7
ENSG00000167325,silver,silver,29
ENSG00000167333,dimgrey,dimgrey,11
ENSG00000167363,dimgrey,dimgrey,11
ENSG00000167371,darkgrey,darkgrey,7
ENSG00000167378,darkgrey,darkgrey,7
ENSG00000167380,dimgrey,dimgrey,11
ENSG00000167384,dimgrey,dimgrey,11
ENSG00000167395,coral,coral,6
ENSG00000167397,silver,silver,29
ENSG00000167447,silver,silver,29
ENSG00000167460,darkgrey,darkgrey,7
ENSG00000167461,darkgrey,darkgrey,7
ENSG00000167468,orangered,orangered,20
ENSG00000167470,darkgrey,darkgrey,7
ENSG00000167487,darkgrey,darkgrey,7
ENSG00000167491,darkgrey,darkgrey,7
ENSG00000167508,darkgrey,darkgrey,7
ENSG00000167513,gainsboro,gainsboro,13
ENSG00000167515,darkgrey,darkgrey,7
ENSG00000167522,darkred,darkred,9
ENSG00000167523,darkgrey,darkgrey,7
ENSG00000167524,dimgrey,dimgrey,11
ENSG00000167525,dimgrey,dimgrey,11
ENSG00000167526,dimgrey,dimgrey,11
ENSG00000167528,dimgrey,dimgrey,11
ENSG00000167535,white,white,31
ENSG00000167543,darkgrey,darkgrey,7
ENSG00000167548,white,white,31
ENSG00000167549,dimgrey,dimgrey,11
ENSG00000167550,darkgrey,darkgrey,7
ENSG00000167552,dimgrey,dimgrey,11
ENSG00000167553,silver,silver,29
ENSG00000167554,darkgrey,darkgrey,7
ENSG00000167555,darkgrey,darkgrey,7
ENSG00000167562,dimgrey,dimgrey,11
ENSG00000167565,white,white,31
ENSG00000167566,darkgrey,darkgrey,7
ENSG00000167595,darkgrey,darkgrey,7
ENSG00000167600,maroon,maroon,16
ENSG00000167601,darkgrey,darkgrey,7
ENSG00000167604,maroon,maroon,16
ENSG00000167625,darkgrey,darkgrey,7
ENSG00000167632,maroon,maroon,16
ENSG00000167635,silver,silver,29
ENSG00000167637,silver,silver,29
ENSG00000167641,white,white,31
ENSG00000167645,darkgrey,darkgrey,7
ENSG00000167657,dimgrey,dimgrey,11
ENSG00000167658,dimgrey,dimgrey,11
ENSG00000167670,silver,silver,29
ENSG00000167671,darkgrey,darkgrey,7
ENSG00000167674,gainsboro,gainsboro,13
ENSG00000167685,darkgrey,darkgrey,7
ENSG00000167693,darkgrey,darkgrey,7
ENSG00000167695,silver,silver,29
ENSG00000167699,silver,silver,29
ENSG00000167700,darkgrey,darkgrey,7
ENSG00000167703,dimgrey,dimgrey,11
ENSG00000167720,dimgrey,dimgrey,11
ENSG00000167721,red,red,24
ENSG00000167723,dimgrey,dimgrey,11
ENSG00000167733,dimgrey,dimgrey,11
ENSG00000167740,darkgrey,darkgrey,7
ENSG00000167766,dimgrey,dimgrey,11
ENSG00000167767,silver,silver,29
ENSG00000167770,white,white,31
ENSG00000167771,darkgrey,darkgrey,7
ENSG00000167772,dimgrey,dimgrey,11
ENSG00000167775,white,white,31
ENSG00000167778,darkgrey,darkgrey,7
ENSG00000167779,saddlebrown,saddlebrown,25
ENSG00000167792,dimgrey,dimgrey,11
ENSG00000167797,darkgrey,darkgrey,7
ENSG00000167799,darkgrey,darkgrey,7
ENSG00000167815,dimgrey,dimgrey,11
ENSG00000167840,dimgrey,dimgrey,11
ENSG00000167842,silver,silver,29
ENSG00000167862,dimgrey,dimgrey,11
ENSG00000167863,dimgrey,dimgrey,11
ENSG00000167881,dimgrey,dimgrey,11
ENSG00000167900,silver,silver,29
ENSG00000167904,silver,silver,29
ENSG00000167925,darkgrey,darkgrey,7
ENSG00000167930,darkgrey,darkgrey,7
ENSG00000167964,gainsboro,gainsboro,13
ENSG00000167965,silver,silver,29
ENSG00000167967,silver,silver,29
ENSG00000167969,silver,silver,29
ENSG00000167972,brown,brown,3
ENSG00000167977,dimgrey,dimgrey,11
ENSG00000167978,dimgrey,dimgrey,11
ENSG00000167981,dimgrey,dimgrey,11
ENSG00000167984,silver,silver,29
ENSG00000167985,darkgrey,darkgrey,7
ENSG00000167986,gainsboro,gainsboro,13
ENSG00000167987,darkgrey,darkgrey,7
ENSG00000167992,firebrick,firebrick,12
ENSG00000167994,darkgrey,darkgrey,7
ENSG00000167995,silver,silver,29
ENSG00000167996,dimgrey,dimgrey,11
ENSG00000168002,darkgrey,darkgrey,7
ENSG00000168003,white,white,31
ENSG00000168005,darkgrey,darkgrey,7
ENSG00000168010,darkgrey,darkgrey,7
ENSG00000168014,dimgrey,dimgrey,11
ENSG00000168016,gainsboro,gainsboro,13
ENSG00000168026,gainsboro,gainsboro,13
ENSG00000168028,dimgrey,dimgrey,11
ENSG00000168036,white,white,31
ENSG00000168038,darkgrey,darkgrey,7
ENSG00000168056,darkgrey,darkgrey,7
ENSG00000168060,maroon,maroon,16
ENSG00000168061,darkgrey,darkgrey,7
ENSG00000168062,maroon,maroon,16
ENSG00000168066,silver,silver,29
ENSG00000168067,maroon,maroon,16
ENSG00000168071,white,white,31
ENSG00000168077,darkgrey,darkgrey,7
ENSG00000168090,dimgrey,dimgrey,11
ENSG00000168092,silver,silver,29
ENSG00000168096,darkgrey,darkgrey,7
ENSG00000168101,darkgrey,darkgrey,7
ENSG00000168116,silver,silver,29
ENSG00000168118,dimgrey,dimgrey,11
ENSG00000168137,darkgrey,darkgrey,7
ENSG00000168152,darkgrey,darkgrey,7
ENSG00000168172,darkgrey,darkgrey,7
ENSG00000168175,silver,silver,29
ENSG00000168209,dimgrey,dimgrey,11
ENSG00000168214,red,red,24
ENSG00000168216,darkgrey,darkgrey,7
ENSG00000168228,dimgrey,dimgrey,11
ENSG00000168234,silver,silver,29
ENSG00000168237,darkgrey,darkgrey,7
ENSG00000168246,dimgrey,dimgrey,11
ENSG00000168256,silver,silver,29
ENSG00000168259,dimgrey,dimgrey,11
ENSG00000168264,dimgrey,dimgrey,11
ENSG00000168268,dimgrey,dimgrey,11
ENSG00000168273,dimgrey,dimgrey,11
ENSG00000168275,dimgrey,dimgrey,11
ENSG00000168280,silver,silver,29
ENSG00000168283,dimgrey,dimgrey,11
ENSG00000168286,white,white,31
ENSG00000168288,silver,silver,29
ENSG00000168291,dimgrey,dimgrey,11
ENSG00000168297,silver,silver,29
ENSG00000168298,gainsboro,gainsboro,13
ENSG00000168300,silver,silver,29
ENSG00000168301,lightcoral,lightcoral,14
ENSG00000168303,silver,silver,29
ENSG00000168306,dimgrey,dimgrey,11
ENSG00000168310,gainsboro,gainsboro,13
ENSG00000168334,darkgrey,darkgrey,7
ENSG00000168374,silver,silver,29
ENSG00000168385,silver,silver,29
ENSG00000168386,darkgrey,darkgrey,7
ENSG00000168389,lightcoral,lightcoral,14
ENSG00000168393,lightcoral,lightcoral,14
ENSG00000168395,brown,brown,3
ENSG00000168397,darkgrey,darkgrey,7
ENSG00000168398,darkgrey,darkgrey,7
ENSG00000168404,darkgrey,darkgrey,7
ENSG00000168411,white,white,31
ENSG00000168434,dimgrey,dimgrey,11
ENSG00000168438,red,red,24
ENSG00000168439,dimgrey,dimgrey,11
ENSG00000168453,darkgrey,darkgrey,7
ENSG00000168461,darkgrey,darkgrey,7
ENSG00000168476,darkgrey,darkgrey,7
ENSG00000168487,silver,silver,29
ENSG00000168488,darkgrey,darkgrey,7
ENSG00000168491,dimgrey,dimgrey,11
ENSG00000168495,darkgrey,darkgrey,7
ENSG00000168496,dimgrey,dimgrey,11
ENSG00000168497,dimgrey,dimgrey,11
ENSG00000168502,dimgrey,dimgrey,11
ENSG00000168505,darkgrey,darkgrey,7
ENSG00000168522,dimgrey,dimgrey,11
ENSG00000168528,darkgrey,darkgrey,7
ENSG00000168538,dimgrey,dimgrey,11
ENSG00000168542,dimgrey,dimgrey,11
ENSG00000168556,gainsboro,gainsboro,13
ENSG00000168564,white,white,31
ENSG00000168566,dimgrey,dimgrey,11
ENSG00000168569,gainsboro,gainsboro,13
ENSG00000168575,dimgrey,dimgrey,11
ENSG00000168591,darkgrey,darkgrey,7
ENSG00000168610,darkgrey,darkgrey,7
ENSG00000168612,darkgrey,darkgrey,7
ENSG00000168615,white,white,31
ENSG00000168621,darkgrey,darkgrey,7
ENSG00000168646,darkgrey,darkgrey,7
ENSG00000168653,dimgrey,dimgrey,11
ENSG00000168661,brown,brown,3
ENSG00000168679,brown,brown,3
ENSG00000168685,gainsboro,gainsboro,13
ENSG00000168701,maroon,maroon,16
ENSG00000168710,darkgrey,darkgrey,7
ENSG00000168724,red,red,24
ENSG00000168734,dimgrey,dimgrey,11
ENSG00000168758,darkgrey,darkgrey,7
ENSG00000168763,dimgrey,dimgrey,11
ENSG00000168765,dimgrey,dimgrey,11
ENSG00000168769,darkgrey,darkgrey,7
ENSG00000168778,silver,silver,29
ENSG00000168779,dimgrey,dimgrey,11
ENSG00000168781,darkgrey,darkgrey,7
ENSG00000168785,gainsboro,gainsboro,13
ENSG00000168792,silver,silver,29
ENSG00000168795,darkgrey,darkgrey,7
ENSG00000168803,silver,silver,29
ENSG00000168806,dimgrey,dimgrey,11
ENSG00000168807,darkgrey,darkgrey,7
ENSG00000168811,maroon,maroon,16
ENSG00000168813,darkgrey,darkgrey,7
ENSG00000168818,silver,silver,29
ENSG00000168824,silver,silver,29
ENSG00000168826,gainsboro,gainsboro,13
ENSG00000168827,darkgrey,darkgrey,7
ENSG00000168872,dimgrey,dimgrey,11
ENSG00000168874,darkgrey,darkgrey,7
ENSG00000168876,darkgrey,darkgrey,7
ENSG00000168883,darkgrey,darkgrey,7
ENSG00000168884,silver,silver,29
ENSG00000168887,dimgrey,dimgrey,11
ENSG00000168890,darkgrey,darkgrey,7
ENSG00000168894,silver,silver,29
ENSG00000168899,silver,silver,29
ENSG00000168904,dimgrey,dimgrey,11
ENSG00000168906,dimgrey,dimgrey,11
ENSG00000168916,darkgrey,darkgrey,7
ENSG00000168917,silver,silver,29
ENSG00000168924,darkgrey,darkgrey,7
ENSG00000168936,darkgrey,darkgrey,7
ENSG00000168938,darkgrey,darkgrey,7
ENSG00000168944,darkgrey,darkgrey,7
ENSG00000168952,orange,orange,19
ENSG00000168958,dimgrey,dimgrey,11
ENSG00000168961,darkgrey,darkgrey,7
ENSG00000168994,dimgrey,dimgrey,11
ENSG00000169016,darkgrey,darkgrey,7
ENSG00000169018,dimgrey,dimgrey,11
ENSG00000169019,dimgrey,dimgrey,11
ENSG00000169020,dimgrey,dimgrey,11
ENSG00000169021,dimgrey,dimgrey,11
ENSG00000169026,dimgrey,dimgrey,11
ENSG00000169031,silver,silver,29
ENSG00000169032,silver,silver,29
ENSG00000169045,dimgrey,dimgrey,11
ENSG00000169047,silver,silver,29
ENSG00000169057,darkgrey,darkgrey,7
ENSG00000169062,dimgrey,dimgrey,11
ENSG00000169071,saddlebrown,saddlebrown,25
ENSG00000169083,darkgrey,darkgrey,7
ENSG00000169087,dimgrey,dimgrey,11
ENSG00000169105,gainsboro,gainsboro,13
ENSG00000169116,dimgrey,dimgrey,11
ENSG00000169118,darkgrey,darkgrey,7
ENSG00000169122,dimgrey,dimgrey,11
ENSG00000169129,silver,silver,29
ENSG00000169131,dimgrey,dimgrey,11
ENSG00000169136,darkgrey,darkgrey,7
ENSG00000169139,dimgrey,dimgrey,11
ENSG00000169155,darkgrey,darkgrey,7
ENSG00000169169,silver,silver,29
ENSG00000169180,white,white,31
ENSG00000169184,dimgrey,dimgrey,11
ENSG00000169188,silver,silver,29
ENSG00000169189,dimgrey,dimgrey,11
ENSG00000169193,gainsboro,gainsboro,13
ENSG00000169213,white,white,31
ENSG00000169217,darkgrey,darkgrey,7
ENSG00000169220,darkgrey,darkgrey,7
ENSG00000169221,dimgrey,dimgrey,11
ENSG00000169223,darkgrey,darkgrey,7
ENSG00000169228,dimgrey,dimgrey,11
ENSG00000169230,dimgrey,dimgrey,11
ENSG00000169231,silver,silver,29
ENSG00000169239,white,white,31
ENSG00000169241,dimgrey,dimgrey,11
ENSG00000169247,gainsboro,gainsboro,13
ENSG00000169249,darkgrey,darkgrey,7
ENSG00000169251,dimgrey,dimgrey,11
ENSG00000169252,dimgrey,dimgrey,11
ENSG00000169255,silver,silver,29
ENSG00000169271,firebrick,firebrick,12
ENSG00000169282,dimgrey,dimgrey,11
ENSG00000169288,dimgrey,dimgrey,11
ENSG00000169299,silver,silver,29
ENSG00000169302,darkgrey,darkgrey,7
ENSG00000169306,maroon,maroon,16
ENSG00000169330,dimgrey,dimgrey,11
ENSG00000169359,darkgrey,darkgrey,7
ENSG00000169371,darkgrey,darkgrey,7
ENSG00000169372,dimgrey,dimgrey,11
ENSG00000169375,darkgrey,darkgrey,7
ENSG00000169379,linen,linen,15
ENSG00000169398,seashell,seashell,27
ENSG00000169403,dimgrey,dimgrey,11
ENSG00000169410,dimgrey,dimgrey,11
ENSG00000169429,dimgrey,dimgrey,11
ENSG00000169432,gainsboro,gainsboro,13
ENSG00000169436,silver,silver,29
ENSG00000169439,dimgrey,dimgrey,11
ENSG00000169446,darkgrey,darkgrey,7
ENSG00000169490,dimgrey,dimgrey,11
ENSG00000169495,dimgrey,dimgrey,11
ENSG00000169499,dimgrey,dimgrey,11
ENSG00000169504,dimgrey,dimgrey,11
ENSG00000169508,lightcoral,lightcoral,14
ENSG00000169509,dimgrey,dimgrey,11
ENSG00000169515,darkgrey,darkgrey,7
ENSG00000169519,darkgrey,darkgrey,7
ENSG00000169554,gainsboro,gainsboro,13
ENSG00000169567,dimgrey,dimgrey,11
ENSG00000169570,silver,silver,29
ENSG00000169583,dimgrey,dimgrey,11
ENSG00000169592,gainsboro,gainsboro,13
ENSG00000169594,dimgrey,dimgrey,11
ENSG00000169598,darkgrey,darkgrey,7
ENSG00000169599,dimgrey,dimgrey,11
ENSG00000169604,darkgrey,darkgrey,7
ENSG00000169607,dimgrey,dimgrey,11
ENSG00000169609,sienna,sienna,28
ENSG00000169612,dimgrey,dimgrey,11
ENSG00000169621,silver,silver,29
ENSG00000169629,dimgrey,dimgrey,11
ENSG00000169635,darkgrey,darkgrey,7
ENSG00000169641,red,red,24
ENSG00000169660,dimgrey,dimgrey,11
ENSG00000169679,dimgrey,dimgrey,11
ENSG00000169682,darkgrey,darkgrey,7
ENSG00000169683,dimgrey,dimgrey,11
ENSG00000169684,lightcoral,lightcoral,14
ENSG00000169689,darkgrey,darkgrey,7
ENSG00000169692,darkgrey,darkgrey,7
ENSG00000169696,darkgrey,darkgrey,7
ENSG00000169710,darkgrey,darkgrey,7
ENSG00000169714,dimgrey,dimgrey,11
ENSG00000169715,silver,silver,29
ENSG00000169718,dimgrey,dimgrey,11
ENSG00000169727,dimgrey,dimgrey,11
ENSG00000169733,darkgrey,darkgrey,7
ENSG00000169738,dimgrey,dimgrey,11
ENSG00000169740,dimgrey,dimgrey,11
ENSG00000169744,dimgrey,dimgrey,11
ENSG00000169750,dimgrey,dimgrey,11
ENSG00000169752,dimgrey,dimgrey,11
ENSG00000169756,red,red,24
ENSG00000169758,darkgrey,darkgrey,7
ENSG00000169760,silver,silver,29
ENSG00000169762,darkgrey,darkgrey,7
ENSG00000169764,dimgrey,dimgrey,11
ENSG00000169813,darkgrey,darkgrey,7
ENSG00000169814,darkgrey,darkgrey,7
ENSG00000169826,navajowhite,navajowhite,18
ENSG00000169851,dimgrey,dimgrey,11
ENSG00000169855,sienna,sienna,28
ENSG00000169857,silver,silver,29
ENSG00000169860,dimgrey,dimgrey,11
ENSG00000169871,darkgrey,darkgrey,7
ENSG00000169884,silver,silver,29
ENSG00000169895,gainsboro,gainsboro,13
ENSG00000169902,darkgrey,darkgrey,7
ENSG00000169903,silver,silver,29
ENSG00000169905,papayawhip,papayawhip,21
ENSG00000169908,dimgrey,dimgrey,11
ENSG00000169914,silver,silver,29
ENSG00000169919,darkgrey,darkgrey,7
ENSG00000169925,darkgrey,darkgrey,7
ENSG00000169933,linen,linen,15
ENSG00000169946,dimgrey,dimgrey,11
ENSG00000169951,darkgrey,darkgrey,7
ENSG00000169955,silver,silver,29
ENSG00000169957,dimgrey,dimgrey,11
ENSG00000169967,darkgrey,darkgrey,7
ENSG00000169972,dimgrey,dimgrey,11
ENSG00000169976,darkgrey,darkgrey,7
ENSG00000169991,darkgrey,darkgrey,7
ENSG00000170004,darkgrey,darkgrey,7
ENSG00000170006,dimgrey,dimgrey,11
ENSG00000170017,dimgrey,dimgrey,11
ENSG00000170027,dimgrey,dimgrey,11
ENSG00000170035,dimgrey,dimgrey,11
ENSG00000170037,darkgrey,darkgrey,7
ENSG00000170043,dimgrey,dimgrey,11
ENSG00000170049,darkgrey,darkgrey,7
ENSG00000170085,moccasin,moccasin,17
ENSG00000170088,peachpuff,peachpuff,22
ENSG00000170092,silver,silver,29
ENSG00000170100,darkgrey,darkgrey,7
ENSG00000170113,dimgrey,dimgrey,11
ENSG00000170142,gainsboro,gainsboro,13
ENSG00000170144,gainsboro,gainsboro,13
ENSG00000170145,darkgrey,darkgrey,7
ENSG00000170153,brown,brown,3
ENSG00000170160,dimgrey,dimgrey,11
ENSG00000170185,darkgrey,darkgrey,7
ENSG00000170190,dimgrey,dimgrey,11
ENSG00000170191,silver,silver,29
ENSG00000170214,silver,silver,29
ENSG00000170222,dimgrey,dimgrey,11
ENSG00000170234,dimgrey,dimgrey,11
ENSG00000170236,silver,silver,29
ENSG00000170242,gainsboro,gainsboro,13
ENSG00000170248,silver,silver,29
ENSG00000170260,darkgrey,darkgrey,7
ENSG00000170264,darkgrey,darkgrey,7
ENSG00000170265,silver,silver,29
ENSG00000170266,darkgrey,darkgrey,7
ENSG00000170271,maroon,maroon,16
ENSG00000170275,dimgrey,dimgrey,11
ENSG00000170276,dimgrey,dimgrey,11
ENSG00000170291,dimgrey,dimgrey,11
ENSG00000170296,dimgrey,dimgrey,11
ENSG00000170310,dimgrey,dimgrey,11
ENSG00000170312,silver,silver,29
ENSG00000170315,dimgrey,dimgrey,11
ENSG00000170322,darkgrey,darkgrey,7
ENSG00000170323,darkgrey,darkgrey,7
ENSG00000170325,silver,silver,29
ENSG00000170340,darkgrey,darkgrey,7
ENSG00000170345,darkgrey,darkgrey,7
ENSG00000170348,dimgrey,dimgrey,11
ENSG00000170364,dimgrey,dimgrey,11
ENSG00000170365,dimgrey,dimgrey,11
ENSG00000170381,dimgrey,dimgrey,11
ENSG00000170385,white,white,31
ENSG00000170390,white,white,31
ENSG00000170396,dimgrey,dimgrey,11
ENSG00000170417,dimgrey,dimgrey,11
ENSG00000170421,dimgrey,dimgrey,11
ENSG00000170425,peachpuff,peachpuff,22
ENSG00000170430,darkgrey,darkgrey,7
ENSG00000170439,dimgrey,dimgrey,11
ENSG00000170445,dimgrey,dimgrey,11
ENSG00000170448,darkgrey,darkgrey,7
ENSG00000170456,darkgrey,darkgrey,7
ENSG00000170458,dimgrey,dimgrey,11
ENSG00000170464,maroon,maroon,16
ENSG00000170468,darkgrey,darkgrey,7
ENSG00000170469,darkred,darkred,9
ENSG00000170471,gainsboro,gainsboro,13
ENSG00000170473,darkgrey,darkgrey,7
ENSG00000170477,dimgrey,dimgrey,11
ENSG00000170485,silver,silver,29
ENSG00000170498,white,white,31
ENSG00000170502,dimgrey,dimgrey,11
ENSG00000170515,darkgrey,darkgrey,7
ENSG00000170522,darkgrey,darkgrey,7
ENSG00000170525,darkgrey,darkgrey,7
ENSG00000170540,silver,silver,29
ENSG00000170542,silver,silver,29
ENSG00000170545,darkgrey,darkgrey,7
ENSG00000170558,darkgrey,darkgrey,7
ENSG00000170561,darkgrey,darkgrey,7
ENSG00000170571,silver,silver,29
ENSG00000170581,maroon,maroon,16
ENSG00000170584,dimgrey,dimgrey,11
ENSG00000170604,dimgrey,dimgrey,11
ENSG00000170606,dimgrey,dimgrey,11
ENSG00000170619,darkgrey,darkgrey,7
ENSG00000170624,silver,silver,29
ENSG00000170631,darkgrey,darkgrey,7
ENSG00000170632,silver,silver,29
ENSG00000170633,darkgrey,darkgrey,7
ENSG00000170634,sienna,sienna,28
ENSG00000170638,darkgrey,darkgrey,7
ENSG00000170653,dimgrey,dimgrey,11
ENSG00000170667,lightcoral,lightcoral,14
ENSG00000170677,silver,silver,29
ENSG00000170681,dimgrey,dimgrey,11
ENSG00000170684,darkgrey,darkgrey,7
ENSG00000170734,darkgrey,darkgrey,7
ENSG00000170745,dimgrey,dimgrey,11
ENSG00000170759,dimgrey,dimgrey,11
ENSG00000170775,darkgrey,darkgrey,7
ENSG00000170776,gainsboro,gainsboro,13
ENSG00000170779,darkgrey,darkgrey,7
ENSG00000170790,darkgrey,darkgrey,7
ENSG00000170791,dimgrey,dimgrey,11
ENSG00000170801,darkgrey,darkgrey,7
ENSG00000170802,silver,silver,29
ENSG00000170832,dimgrey,dimgrey,11
ENSG00000170836,darkgrey,darkgrey,7
ENSG00000170846,dimgrey,dimgrey,11
ENSG00000170848,maroon,maroon,16
ENSG00000170852,darkgrey,darkgrey,7
ENSG00000170854,peachpuff,peachpuff,22
ENSG00000170855,darkgrey,darkgrey,7
ENSG00000170860,dimgrey,dimgrey,11
ENSG00000170871,dimgrey,dimgrey,11
ENSG00000170873,silver,silver,29
ENSG00000170876,brown,brown,3
ENSG00000170889,dimgrey,dimgrey,11
ENSG00000170892,silver,silver,29
ENSG00000170899,dimgrey,dimgrey,11
ENSG00000170903,darkgrey,darkgrey,7
ENSG00000170906,dimgrey,dimgrey,11
ENSG00000170915,dimgrey,dimgrey,11
ENSG00000170917,silver,silver,29
ENSG00000170921,gainsboro,gainsboro,13
ENSG00000170946,darkgrey,darkgrey,7
ENSG00000170949,darkgrey,darkgrey,7
ENSG00000170954,dimgrey,dimgrey,11
ENSG00000170955,darkgrey,darkgrey,7
ENSG00000170961,darkred,darkred,9
ENSG00000170989,silver,silver,29
ENSG00000171016,darkgrey,darkgrey,7
ENSG00000171033,lightcoral,lightcoral,14
ENSG00000171055,silver,silver,29
ENSG00000171067,silver,silver,29
ENSG00000171097,darkgrey,darkgrey,7
ENSG00000171100,dimgrey,dimgrey,11
ENSG00000171103,silver,silver,29
ENSG00000171105,dimgrey,dimgrey,11
ENSG00000171109,gainsboro,gainsboro,13
ENSG00000171121,gainsboro,gainsboro,13
ENSG00000171130,darkgrey,darkgrey,7
ENSG00000171132,dimgrey,dimgrey,11
ENSG00000171135,brown,brown,3
ENSG00000171148,silver,silver,29
ENSG00000171150,silver,silver,29
ENSG00000171155,dimgrey,dimgrey,11
ENSG00000171159,white,white,31
ENSG00000171160,darkgrey,darkgrey,7
ENSG00000171161,dimgrey,dimgrey,11
ENSG00000171163,brown,brown,3
ENSG00000171169,darkgrey,darkgrey,7
ENSG00000171174,silver,silver,29
ENSG00000171189,darkgrey,darkgrey,7
ENSG00000171202,dimgrey,dimgrey,11
ENSG00000171204,silver,silver,29
ENSG00000171206,dimgrey,dimgrey,11
ENSG00000171208,dimgrey,dimgrey,11
ENSG00000171222,white,white,31
ENSG00000171223,darkgrey,darkgrey,7
ENSG00000171224,dimgrey,dimgrey,11
ENSG00000171227,darkgrey,darkgrey,7
ENSG00000171241,darkgrey,darkgrey,7
ENSG00000171246,dimgrey,dimgrey,11
ENSG00000171262,dimgrey,dimgrey,11
ENSG00000171291,dimgrey,dimgrey,11
ENSG00000171295,darkgrey,darkgrey,7
ENSG00000171302,maroon,maroon,16
ENSG00000171307,dimgrey,dimgrey,11
ENSG00000171310,darkgrey,darkgrey,7
ENSG00000171311,dimgrey,dimgrey,11
ENSG00000171314,dimgrey,dimgrey,11
ENSG00000171316,dimgrey,dimgrey,11
ENSG00000171320,gainsboro,gainsboro,13
ENSG00000171345,darkgrey,darkgrey,7
ENSG00000171346,silver,silver,29
ENSG00000171357,dimgrey,dimgrey,11
ENSG00000171365,darkgrey,darkgrey,7
ENSG00000171385,gainsboro,gainsboro,13
ENSG00000171388,darkgrey,darkgrey,7
ENSG00000171408,darkgrey,darkgrey,7
ENSG00000171421,dimgrey,dimgrey,11
ENSG00000171425,darkgrey,darkgrey,7
ENSG00000171428,darkgrey,darkgrey,7
ENSG00000171443,darkgrey,darkgrey,7
ENSG00000171444,darkgrey,darkgrey,7
ENSG00000171448,dimgrey,dimgrey,11
ENSG00000171450,darkgrey,darkgrey,7
ENSG00000171451,dimgrey,dimgrey,11
ENSG00000171453,dimgrey,dimgrey,11
ENSG00000171456,darkgrey,darkgrey,7
ENSG00000171466,darkgrey,darkgrey,7
ENSG00000171467,darkgrey,darkgrey,7
ENSG00000171469,darkgrey,darkgrey,7
ENSG00000171475,darkgrey,darkgrey,7
ENSG00000171476,silver,silver,29
ENSG00000171488,dimgrey,dimgrey,11
ENSG00000171490,gainsboro,gainsboro,13
ENSG00000171492,white,white,31
ENSG00000171497,linen,linen,15
ENSG00000171502,dimgrey,dimgrey,11
ENSG00000171503,dimgrey,dimgrey,11
ENSG00000171517,darkgrey,darkgrey,7
ENSG00000171522,darkgrey,darkgrey,7
ENSG00000171530,dimgrey,dimgrey,11
ENSG00000171533,darkgrey,darkgrey,7
ENSG00000171552,darkgrey,darkgrey,7
ENSG00000171566,silver,silver,29
ENSG00000171574,maroon,maroon,16
ENSG00000171603,gainsboro,gainsboro,13
ENSG00000171604,gainsboro,gainsboro,13
ENSG00000171606,dimgrey,dimgrey,11
ENSG00000171608,darkgrey,darkgrey,7
ENSG00000171612,dimgrey,dimgrey,11
ENSG00000171617,silver,silver,29
ENSG00000171621,darkgrey,darkgrey,7
ENSG00000171631,gainsboro,gainsboro,13
ENSG00000171634,gainsboro,gainsboro,13
ENSG00000171649,silver,silver,29
ENSG00000171680,darkgrey,darkgrey,7
ENSG00000171681,burlywood,burlywood,4
ENSG00000171700,maroon,maroon,16
ENSG00000171703,darkgrey,darkgrey,7
ENSG00000171720,darkgrey,darkgrey,7
ENSG00000171723,dimgrey,dimgrey,11
ENSG00000171724,silver,silver,29
ENSG00000171729,burlywood,burlywood,4
ENSG00000171735,silver,silver,29
ENSG00000171757,darkgrey,darkgrey,7
ENSG00000171763,firebrick,firebrick,12
ENSG00000171786,darkgrey,darkgrey,7
ENSG00000171791,dimgrey,dimgrey,11
ENSG00000171792,dimgrey,dimgrey,11
ENSG00000171793,silver,silver,29
ENSG00000171798,dimgrey,dimgrey,11
ENSG00000171806,dimgrey,dimgrey,11
ENSG00000171811,silver,silver,29
ENSG00000171812,brown,brown,3
ENSG00000171813,darkgrey,darkgrey,7
ENSG00000171817,dimgrey,dimgrey,11
ENSG00000171823,silver,silver,29
ENSG00000171824,silver,silver,29
ENSG00000171827,gainsboro,gainsboro,13
ENSG00000171840,silver,silver,29
ENSG00000171843,darkgrey,darkgrey,7
ENSG00000171848,dimgrey,dimgrey,11
ENSG00000171853,silver,silver,29
ENSG00000171858,dimgrey,dimgrey,11
ENSG00000171861,dimgrey,dimgrey,11
ENSG00000171862,dimgrey,dimgrey,11
ENSG00000171863,dimgrey,dimgrey,11
ENSG00000171865,darkgrey,darkgrey,7
ENSG00000171867,silver,silver,29
ENSG00000171872,darkgrey,darkgrey,7
ENSG00000171873,gainsboro,gainsboro,13
ENSG00000171877,silver,silver,29
ENSG00000171914,silver,silver,29
ENSG00000171928,silver,silver,29
ENSG00000171940,white,white,31
ENSG00000171943,darkgrey,darkgrey,7
ENSG00000171951,dimgrey,dimgrey,11
ENSG00000171953,darkgrey,darkgrey,7
ENSG00000171960,dimgrey,dimgrey,11
ENSG00000171962,silver,silver,29
ENSG00000171984,saddlebrown,saddlebrown,25
ENSG00000171988,dimgrey,dimgrey,11
ENSG00000171992,darkgrey,darkgrey,7
ENSG00000172006,gainsboro,gainsboro,13
ENSG00000172007,saddlebrown,saddlebrown,25
ENSG00000172009,darkgrey,darkgrey,7
ENSG00000172020,silver,silver,29
ENSG00000172031,dimgrey,dimgrey,11
ENSG00000172037,dimgrey,dimgrey,11
ENSG00000172046,darkgrey,darkgrey,7
ENSG00000172053,dimgrey,dimgrey,11
ENSG00000172057,silver,silver,29
ENSG00000172059,maroon,maroon,16
ENSG00000172061,darkgrey,darkgrey,7
ENSG00000172062,silver,silver,29
ENSG00000172071,darkgrey,darkgrey,7
ENSG00000172081,dimgrey,dimgrey,11
ENSG00000172086,silver,silver,29
ENSG00000172113,darkgrey,darkgrey,7
ENSG00000172115,dimgrey,dimgrey,11
ENSG00000172123,darkgrey,darkgrey,7
ENSG00000172159,dimgrey,dimgrey,11
ENSG00000172164,firebrick,firebrick,12
ENSG00000172167,lightcoral,lightcoral,14
ENSG00000172171,firebrick,firebrick,12
ENSG00000172172,silver,silver,29
ENSG00000172175,darkgrey,darkgrey,7
ENSG00000172183,darkgrey,darkgrey,7
ENSG00000172197,dimgrey,dimgrey,11
ENSG00000172201,brown,brown,3
ENSG00000172216,white,white,31
ENSG00000172239,dimgrey,dimgrey,11
ENSG00000172244,dimgrey,dimgrey,11
ENSG00000172260,silver,silver,29
ENSG00000172262,darkred,darkred,9
ENSG00000172269,dimgrey,dimgrey,11
ENSG00000172270,darkgrey,darkgrey,7
ENSG00000172273,silver,silver,29
ENSG00000172292,silver,silver,29
ENSG00000172296,silver,silver,29
ENSG00000172301,darkgrey,darkgrey,7
ENSG00000172315,dimgrey,dimgrey,11
ENSG00000172318,dimgrey,dimgrey,11
ENSG00000172331,silver,silver,29
ENSG00000172336,darkgrey,darkgrey,7
ENSG00000172339,dimgrey,dimgrey,11
ENSG00000172340,darkgrey,darkgrey,7
ENSG00000172346,silver,silver,29
ENSG00000172348,maroon,maroon,16
ENSG00000172349,dimgrey,dimgrey,11
ENSG00000172354,dimgrey,dimgrey,11
ENSG00000172361,silver,silver,29
ENSG00000172366,firebrick,firebrick,12
ENSG00000172375,darkgrey,darkgrey,7
ENSG00000172379,maroon,maroon,16
ENSG00000172380,darkred,darkred,9
ENSG00000172382,brown,brown,3
ENSG00000172403,silver,silver,29
ENSG00000172409,dimgrey,dimgrey,11
ENSG00000172426,blanchedalmond,blanchedalmond,2
ENSG00000172428,dimgrey,dimgrey,11
ENSG00000172432,silver,silver,29
ENSG00000172456,dimgrey,dimgrey,11
ENSG00000172458,dimgrey,dimgrey,11
ENSG00000172465,darkgrey,darkgrey,7
ENSG00000172466,gainsboro,gainsboro,13
ENSG00000172469,silver,silver,29
ENSG00000172476,dimgrey,dimgrey,11
ENSG00000172493,dimgrey,dimgrey,11
ENSG00000172500,darkgrey,darkgrey,7
ENSG00000172530,darkgrey,darkgrey,7
ENSG00000172531,firebrick,firebrick,12
ENSG00000172534,darkgrey,darkgrey,7
ENSG00000172572,coral,coral,6
ENSG00000172575,dimgrey,dimgrey,11
ENSG00000172586,dimgrey,dimgrey,11
ENSG00000172590,dimgrey,dimgrey,11
ENSG00000172594,silver,silver,29
ENSG00000172613,darkgrey,darkgrey,7
ENSG00000172638,darkgrey,darkgrey,7
ENSG00000172661,dimgrey,dimgrey,11
ENSG00000172663,darkgrey,darkgrey,7
ENSG00000172667,darkgrey,darkgrey,7
ENSG00000172671,white,white,31
ENSG00000172687,darkgrey,darkgrey,7
ENSG00000172716,maroon,maroon,16
ENSG00000172717,maroon,maroon,16
ENSG00000172725,dimgrey,dimgrey,11
ENSG00000172728,silver,silver,29
ENSG00000172731,dimgrey,dimgrey,11
ENSG00000172732,dimgrey,dimgrey,11
ENSG00000172738,coral,coral,6
ENSG00000172748,dimgrey,dimgrey,11
ENSG00000172757,darkgrey,darkgrey,7
ENSG00000172765,darkgrey,darkgrey,7
ENSG00000172766,dimgrey,dimgrey,11
ENSG00000172775,darkgrey,darkgrey,7
ENSG00000172785,dimgrey,dimgrey,11
ENSG00000172795,silver,silver,29
ENSG00000172809,dimgrey,dimgrey,11
ENSG00000172819,darkgrey,darkgrey,7
ENSG00000172824,gainsboro,gainsboro,13
ENSG00000172830,dimgrey,dimgrey,11
ENSG00000172831,dimgrey,dimgrey,11
ENSG00000172840,dimgrey,dimgrey,11
ENSG00000172845,silver,silver,29
ENSG00000172869,silver,silver,29
ENSG00000172888,dimgrey,dimgrey,11
ENSG00000172889,dimgrey,dimgrey,11
ENSG00000172890,white,white,31
ENSG00000172893,white,white,31
ENSG00000172901,silver,silver,29
ENSG00000172915,lightcoral,lightcoral,14
ENSG00000172922,dimgrey,dimgrey,11
ENSG00000172927,burlywood,burlywood,4
ENSG00000172932,dimgrey,dimgrey,11
ENSG00000172935,dimgrey,dimgrey,11
ENSG00000172936,dimgrey,dimgrey,11
ENSG00000172939,darkgrey,darkgrey,7
ENSG00000172940,antiquewhite,antiquewhite,0
ENSG00000172943,darkgrey,darkgrey,7
ENSG00000172954,silver,silver,29
ENSG00000172985,darkgrey,darkgrey,7
ENSG00000172986,dimgrey,dimgrey,11
ENSG00000172992,darkgrey,darkgrey,7
ENSG00000173011,silver,silver,29
ENSG00000173013,gainsboro,gainsboro,13
ENSG00000173020,darkgrey,darkgrey,7
ENSG00000173039,darkgrey,darkgrey,7
ENSG00000173040,dimgrey,dimgrey,11
ENSG00000173041,dimgrey,dimgrey,11
ENSG00000173064,white,white,31
ENSG00000173065,darkgrey,darkgrey,7
ENSG00000173068,darkgrey,darkgrey,7
ENSG00000173085,darkgrey,darkgrey,7
ENSG00000173113,dimgrey,dimgrey,11
ENSG00000173114,silver,silver,29
ENSG00000173120,maroon,maroon,16
ENSG00000173141,dimgrey,dimgrey,11
ENSG00000173145,gainsboro,gainsboro,13
ENSG00000173153,dimgrey,dimgrey,11
ENSG00000173156,gainsboro,gainsboro,13
ENSG00000173163,darkgrey,darkgrey,7
ENSG00000173166,firebrick,firebrick,12
ENSG00000173171,dimgrey,dimgrey,11
ENSG00000173193,lightcoral,lightcoral,14
ENSG00000173200,dimgrey,dimgrey,11
ENSG00000173207,silver,silver,29
ENSG00000173210,darkgrey,darkgrey,7
ENSG00000173212,white,white,31
ENSG00000173214,darkgrey,darkgrey,7
ENSG00000173218,gainsboro,gainsboro,13
ENSG00000173221,dimgrey,dimgrey,11
ENSG00000173226,sienna,sienna,28
ENSG00000173230,gainsboro,gainsboro,13
ENSG00000173258,maroon,maroon,16
ENSG00000173261,maroon,maroon,16
ENSG00000173264,white,white,31
ENSG00000173267,darkgrey,darkgrey,7
ENSG00000173269,dimgrey,dimgrey,11
ENSG00000173272,dimgrey,dimgrey,11
ENSG00000173273,maroon,maroon,16
ENSG00000173275,darkgrey,darkgrey,7
ENSG00000173276,silver,silver,29
ENSG00000173320,lightcoral,lightcoral,14
ENSG00000173327,silver,silver,29
ENSG00000173334,silver,silver,29
ENSG00000173376,dimgrey,dimgrey,11
ENSG00000173391,darkgrey,darkgrey,7
ENSG00000173402,dimgrey,dimgrey,11
ENSG00000173409,dimgrey,dimgrey,11
ENSG00000173418,white,white,31
ENSG00000173421,lightcoral,lightcoral,14
ENSG00000173436,silver,silver,29
ENSG00000173442,darkgrey,darkgrey,7
ENSG00000173451,dimgrey,dimgrey,11
ENSG00000173456,dimgrey,dimgrey,11
ENSG00000173457,silver,silver,29
ENSG00000173465,silver,silver,29
ENSG00000173473,gainsboro,gainsboro,13
ENSG00000173480,darkgrey,darkgrey,7
ENSG00000173482,gainsboro,gainsboro,13
ENSG00000173511,dimgrey,dimgrey,11
ENSG00000173517,darkgrey,darkgrey,7
ENSG00000173530,gainsboro,gainsboro,13
ENSG00000173540,dimgrey,dimgrey,11
ENSG00000173542,dimgrey,dimgrey,11
ENSG00000173545,dimgrey,dimgrey,11
ENSG00000173546,darkgrey,darkgrey,7
ENSG00000173548,darkgrey,darkgrey,7
ENSG00000173559,dimgrey,dimgrey,11
ENSG00000173575,darksalmon,darksalmon,10
ENSG00000173581,white,white,31
ENSG00000173588,darkorange,darkorange,8
ENSG00000173598,silver,silver,29
ENSG00000173599,dimgrey,dimgrey,11
ENSG00000173611,silver,silver,29
ENSG00000173614,darkgrey,darkgrey,7
ENSG00000173641,darkgrey,darkgrey,7
ENSG00000173653,darkgrey,darkgrey,7
ENSG00000173660,dimgrey,dimgrey,11
ENSG00000173674,dimgrey,dimgrey,11
ENSG00000173681,maroon,maroon,16
ENSG00000173692,darkgrey,darkgrey,7
ENSG00000173698,peachpuff,peachpuff,22
ENSG00000173705,darkgrey,darkgrey,7
ENSG00000173706,dimgrey,dimgrey,11
ENSG00000173715,darkgrey,darkgrey,7
ENSG00000173726,dimgrey,dimgrey,11
ENSG00000173744,dimgrey,dimgrey,11
ENSG00000173757,dimgrey,dimgrey,11
ENSG00000173786,darkgrey,darkgrey,7
ENSG00000173801,brown,brown,3
ENSG00000173812,dimgrey,dimgrey,11
ENSG00000173818,darkgrey,darkgrey,7
ENSG00000173821,darkgrey,darkgrey,7
ENSG00000173838,dimgrey,dimgrey,11
ENSG00000173846,darkgrey,darkgrey,7
ENSG00000173848,dimgrey,dimgrey,11
ENSG00000173852,dimgrey,dimgrey,11
ENSG00000173875,darkgrey,darkgrey,7
ENSG00000173889,darkgrey,darkgrey,7
ENSG00000173890,darkgrey,darkgrey,7
ENSG00000173894,dimgrey,dimgrey,11
ENSG00000173898,dimgrey,dimgrey,11
ENSG00000173905,red,red,24
ENSG00000173914,firebrick,firebrick,12
ENSG00000173915,dimgrey,dimgrey,11
ENSG00000173917,red,red,24
ENSG00000173918,darkgrey,darkgrey,7
ENSG00000173926,dimgrey,dimgrey,11
ENSG00000173928,silver,silver,29
ENSG00000173933,gainsboro,gainsboro,13
ENSG00000173950,dimgrey,dimgrey,11
ENSG00000173960,silver,silver,29
ENSG00000173991,dimgrey,dimgrey,11
ENSG00000173992,white,white,31
ENSG00000174004,darkgrey,darkgrey,7
ENSG00000174007,darkred,darkred,9
ENSG00000174010,firebrick,firebrick,12
ENSG00000174013,dimgrey,dimgrey,11
ENSG00000174021,dimgrey,dimgrey,11
ENSG00000174032,lightcoral,lightcoral,14
ENSG00000174059,silver,silver,29
ENSG00000174080,white,white,31
ENSG00000174099,darkgrey,darkgrey,7
ENSG00000174106,gainsboro,gainsboro,13
ENSG00000174109,dimgrey,dimgrey,11
ENSG00000174130,darkgrey,darkgrey,7
ENSG00000174132,dimgrey,dimgrey,11
ENSG00000174136,dimgrey,dimgrey,11
ENSG00000174151,dimgrey,dimgrey,11
ENSG00000174165,darkgrey,darkgrey,7
ENSG00000174173,gainsboro,gainsboro,13
ENSG00000174177,dimgrey,dimgrey,11
ENSG00000174197,darkgrey,darkgrey,7
ENSG00000174206,dimgrey,dimgrey,11
ENSG00000174225,white,white,31
ENSG00000174227,dimgrey,dimgrey,11
ENSG00000174231,dimgrey,dimgrey,11
ENSG00000174233,darkgrey,darkgrey,7
ENSG00000174236,lightcoral,lightcoral,14
ENSG00000174238,tan,tan,30
ENSG00000174243,darkgrey,darkgrey,7
ENSG00000174276,darkgrey,darkgrey,7
ENSG00000174306,dimgrey,dimgrey,11
ENSG00000174307,darkgrey,darkgrey,7
ENSG00000174332,firebrick,firebrick,12
ENSG00000174348,darkgrey,darkgrey,7
ENSG00000174371,dimgrey,dimgrey,11
ENSG00000174373,gainsboro,gainsboro,13
ENSG00000174405,darkgrey,darkgrey,7
ENSG00000174428,dimgrey,dimgrey,11
ENSG00000174437,dimgrey,dimgrey,11
ENSG00000174442,silver,silver,29
ENSG00000174444,dimgrey,dimgrey,11
ENSG00000174446,dimgrey,dimgrey,11
ENSG00000174456,dimgrey,dimgrey,11
ENSG00000174483,dimgrey,dimgrey,11
ENSG00000174485,darkgrey,darkgrey,7
ENSG00000174501,darkgrey,darkgrey,7
ENSG00000174516,silver,silver,29
ENSG00000174521,dimgrey,dimgrey,11
ENSG00000174529,brown,brown,3
ENSG00000174547,dimgrey,dimgrey,11
ENSG00000174564,dimgrey,dimgrey,11
ENSG00000174574,gainsboro,gainsboro,13
ENSG00000174579,darkgrey,darkgrey,7
ENSG00000174586,dimgrey,dimgrey,11
ENSG00000174599,dimgrey,dimgrey,11
ENSG00000174600,darkgrey,darkgrey,7
ENSG00000174606,gainsboro,gainsboro,13
ENSG00000174611,dimgrey,dimgrey,11
ENSG00000174628,dimgrey,dimgrey,11
ENSG00000174640,dimgrey,dimgrey,11
ENSG00000174652,dimgrey,dimgrey,11
ENSG00000174684,darkgrey,darkgrey,7
ENSG00000174695,silver,silver,29
ENSG00000174705,darkgrey,darkgrey,7
ENSG00000174718,darkgrey,darkgrey,7
ENSG00000174720,dimgrey,dimgrey,11
ENSG00000174721,silver,silver,29
ENSG00000174738,dimgrey,dimgrey,11
ENSG00000174740,white,white,31
ENSG00000174744,maroon,maroon,16
ENSG00000174748,dimgrey,dimgrey,11
ENSG00000174749,firebrick,firebrick,12
ENSG00000174775,dimgrey,dimgrey,11
ENSG00000174780,darkgrey,darkgrey,7
ENSG00000174791,silver,silver,29
ENSG00000174796,darkgrey,darkgrey,7
ENSG00000174799,dimgrey,dimgrey,11
ENSG00000174804,dimgrey,dimgrey,11
ENSG00000174807,darkgrey,darkgrey,7
ENSG00000174827,gainsboro,gainsboro,13
ENSG00000174839,dimgrey,dimgrey,11
ENSG00000174840,darkgrey,darkgrey,7
ENSG00000174842,silver,silver,29
ENSG00000174851,darkgrey,darkgrey,7
ENSG00000174871,dimgrey,dimgrey,11
ENSG00000174886,darkgrey,darkgrey,7
ENSG00000174891,darkgrey,darkgrey,7
ENSG00000174915,silver,silver,29
ENSG00000174917,firebrick,firebrick,12
ENSG00000174928,dimgrey,dimgrey,11
ENSG00000174938,darkgrey,darkgrey,7
ENSG00000174939,dimgrey,dimgrey,11
ENSG00000174943,darkgrey,darkgrey,7
ENSG00000174945,lightcoral,lightcoral,14
ENSG00000174953,darkgrey,darkgrey,7
ENSG00000174989,silver,silver,29
ENSG00000174996,darkgrey,darkgrey,7
ENSG00000175003,dimgrey,dimgrey,11
ENSG00000175029,firebrick,firebrick,12
ENSG00000175040,dimgrey,dimgrey,11
ENSG00000175048,darkgrey,darkgrey,7
ENSG00000175054,silver,silver,29
ENSG00000175063,gainsboro,gainsboro,13
ENSG00000175066,darkgrey,darkgrey,7
ENSG00000175073,dimgrey,dimgrey,11
ENSG00000175084,dimgrey,dimgrey,11
ENSG00000175087,dimgrey,dimgrey,11
ENSG00000175104,dimgrey,dimgrey,11
ENSG00000175105,bisque,bisque,1
ENSG00000175106,dimgrey,dimgrey,11
ENSG00000175110,maroon,maroon,16
ENSG00000175115,silver,silver,29
ENSG00000175130,silver,silver,29
ENSG00000175137,darkgrey,darkgrey,7
ENSG00000175155,darkgrey,darkgrey,7
ENSG00000175166,darkgrey,darkgrey,7
ENSG00000175182,brown,brown,3
ENSG00000175183,dimgrey,dimgrey,11
ENSG00000175193,darkgrey,darkgrey,7
ENSG00000175197,dimgrey,dimgrey,11
ENSG00000175198,gainsboro,gainsboro,13
ENSG00000175202,darkgrey,darkgrey,7
ENSG00000175203,darkgrey,darkgrey,7
ENSG00000175213,darkgrey,darkgrey,7
ENSG00000175215,dimgrey,dimgrey,11
ENSG00000175216,gainsboro,gainsboro,13
ENSG00000175220,darkgrey,darkgrey,7
ENSG00000175221,darkgrey,darkgrey,7
ENSG00000175224,darkgrey,darkgrey,7
ENSG00000175264,darkgrey,darkgrey,7
ENSG00000175265,dimgrey,dimgrey,11
ENSG00000175274,dimgrey,dimgrey,11
ENSG00000175279,dimgrey,dimgrey,11
ENSG00000175283,gainsboro,gainsboro,13
ENSG00000175287,darkgrey,darkgrey,7
ENSG00000175294,silver,silver,29
ENSG00000175305,gainsboro,gainsboro,13
ENSG00000175309,gainsboro,gainsboro,13
ENSG00000175315,darkgrey,darkgrey,7
ENSG00000175322,gainsboro,gainsboro,13
ENSG00000175324,silver,silver,29
ENSG00000175334,dimgrey,dimgrey,11
ENSG00000175336,darkgrey,darkgrey,7
ENSG00000175348,darkgrey,darkgrey,7
ENSG00000175352,darkgrey,darkgrey,7
ENSG00000175354,dimgrey,dimgrey,11
ENSG00000175356,darkgrey,darkgrey,7
ENSG00000175376,dimgrey,dimgrey,11
ENSG00000175387,darkgrey,darkgrey,7
ENSG00000175390,dimgrey,dimgrey,11
ENSG00000175395,darkgrey,darkgrey,7
ENSG00000175414,darkgrey,darkgrey,7
ENSG00000175416,darkgrey,darkgrey,7
ENSG00000175449,silver,silver,29
ENSG00000175455,gainsboro,gainsboro,13
ENSG00000175467,silver,silver,29
ENSG00000175470,gainsboro,gainsboro,13
ENSG00000175471,silver,silver,29
ENSG00000175505,darkgrey,darkgrey,7
ENSG00000175536,brown,brown,3
ENSG00000175548,silver,silver,29
ENSG00000175550,darkgrey,darkgrey,7
ENSG00000175564,dimgrey,dimgrey,11
ENSG00000175567,darkgrey,darkgrey,7
ENSG00000175573,dimgrey,dimgrey,11
ENSG00000175575,dimgrey,dimgrey,11
ENSG00000175581,silver,silver,29
ENSG00000175582,dimgrey,dimgrey,11
ENSG00000175592,dimgrey,dimgrey,11
ENSG00000175595,silver,silver,29
ENSG00000175600,darkgrey,darkgrey,7
ENSG00000175602,dimgrey,dimgrey,11
ENSG00000175606,dimgrey,dimgrey,11
ENSG00000175634,dimgrey,dimgrey,11
ENSG00000175643,silver,silver,29
ENSG00000175662,dimgrey,dimgrey,11
ENSG00000175691,silver,silver,29
ENSG00000175701,dimgrey,dimgrey,11
ENSG00000175711,dimgrey,dimgrey,11
ENSG00000175727,darkgrey,darkgrey,7
ENSG00000175745,darkgrey,darkgrey,7
ENSG00000175756,darkgrey,darkgrey,7
ENSG00000175764,dimgrey,dimgrey,11
ENSG00000175768,silver,silver,29
ENSG00000175782,darkgrey,darkgrey,7
ENSG00000175787,darkgrey,darkgrey,7
ENSG00000175792,darkgrey,darkgrey,7
ENSG00000175793,lightcoral,lightcoral,14
ENSG00000175806,darkgrey,darkgrey,7
ENSG00000175820,dimgrey,dimgrey,11
ENSG00000175826,dimgrey,dimgrey,11
ENSG00000175832,dimgrey,dimgrey,11
ENSG00000175854,dimgrey,dimgrey,11
ENSG00000175866,coral,coral,6
ENSG00000175893,white,white,31
ENSG00000175895,dimgrey,dimgrey,11
ENSG00000175899,dimgrey,dimgrey,11
ENSG00000175906,darkgrey,darkgrey,7
ENSG00000175931,darkgrey,darkgrey,7
ENSG00000175938,white,white,31
ENSG00000175946,dimgrey,dimgrey,11
ENSG00000175970,silver,silver,29
ENSG00000175984,darkgrey,darkgrey,7
ENSG00000176014,dimgrey,dimgrey,11
ENSG00000176018,silver,silver,29
ENSG00000176022,darkgrey,darkgrey,7
ENSG00000176024,silver,silver,29
ENSG00000176046,dimgrey,dimgrey,11
ENSG00000176049,maroon,maroon,16
ENSG00000176055,silver,silver,29
ENSG00000176058,gainsboro,gainsboro,13
ENSG00000176076,lightcoral,lightcoral,14
ENSG00000176087,silver,silver,29
ENSG00000176095,silver,silver,29
ENSG00000176101,dimgrey,dimgrey,11
ENSG00000176102,dimgrey,dimgrey,11
ENSG00000176105,silver,silver,29
ENSG00000176125,dimgrey,dimgrey,11
ENSG00000176142,silver,silver,29
ENSG00000176148,silver,silver,29
ENSG00000176155,darkgrey,darkgrey,7
ENSG00000176170,sienna,sienna,28
ENSG00000176171,darkred,darkred,9
ENSG00000176182,darkgrey,darkgrey,7
ENSG00000176194,dimgrey,dimgrey,11
ENSG00000176208,darkorange,darkorange,8
ENSG00000176209,dimgrey,dimgrey,11
ENSG00000176222,darkgrey,darkgrey,7
ENSG00000176225,dimgrey,dimgrey,11
ENSG00000176244,darkgrey,darkgrey,7
ENSG00000176248,darkgrey,darkgrey,7
ENSG00000176261,dimgrey,dimgrey,11
ENSG00000176273,coral,coral,6
ENSG00000176293,dimgrey,dimgrey,11
ENSG00000176340,darkgrey,darkgrey,7
ENSG00000176383,dimgrey,dimgrey,11
ENSG00000176386,maroon,maroon,16
ENSG00000176387,lightcoral,lightcoral,14
ENSG00000176390,silver,silver,29
ENSG00000176393,darkgrey,darkgrey,7
ENSG00000176396,dimgrey,dimgrey,11
ENSG00000176401,maroon,maroon,16
ENSG00000176406,lightcoral,lightcoral,14
ENSG00000176407,dimgrey,dimgrey,11
ENSG00000176410,silver,silver,29
ENSG00000176422,dimgrey,dimgrey,11
ENSG00000176428,silver,silver,29
ENSG00000176435,dimgrey,dimgrey,11
ENSG00000176438,dimgrey,dimgrey,11
ENSG00000176444,silver,silver,29
ENSG00000176454,darkgrey,darkgrey,7
ENSG00000176463,darkgrey,darkgrey,7
ENSG00000176472,dimgrey,dimgrey,11
ENSG00000176473,dimgrey,dimgrey,11
ENSG00000176476,dimgrey,dimgrey,11
ENSG00000176485,darkgrey,darkgrey,7
ENSG00000176490,darkgrey,darkgrey,7
ENSG00000176531,darkgrey,darkgrey,7
ENSG00000176533,white,white,31
ENSG00000176542,darkgrey,darkgrey,7
ENSG00000176619,maroon,maroon,16
ENSG00000176623,gainsboro,gainsboro,13
ENSG00000176624,silver,silver,29
ENSG00000176641,silver,silver,29
ENSG00000176658,dimgrey,dimgrey,11
ENSG00000176678,silver,silver,29
ENSG00000176692,darkred,darkred,9
ENSG00000176697,dimgrey,dimgrey,11
ENSG00000176714,dimgrey,dimgrey,11
ENSG00000176715,silver,silver,29
ENSG00000176720,darkgrey,darkgrey,7
ENSG00000176723,gainsboro,gainsboro,13
ENSG00000176731,dimgrey,dimgrey,11
ENSG00000176732,firebrick,firebrick,12
ENSG00000176749,darkgrey,darkgrey,7
ENSG00000176771,red,red,24
ENSG00000176783,gainsboro,gainsboro,13
ENSG00000176788,gainsboro,gainsboro,13
ENSG00000176809,dimgrey,dimgrey,11
ENSG00000176834,darkgrey,darkgrey,7
ENSG00000176845,darkgrey,darkgrey,7
ENSG00000176853,silver,silver,29
ENSG00000176871,silver,silver,29
ENSG00000176887,darkgrey,darkgrey,7
ENSG00000176890,lightcoral,lightcoral,14
ENSG00000176894,dimgrey,dimgrey,11
ENSG00000176896,darkgrey,darkgrey,7
ENSG00000176903,darkgrey,darkgrey,7
ENSG00000176909,lightcoral,lightcoral,14
ENSG00000176915,gainsboro,gainsboro,13
ENSG00000176920,darkgrey,darkgrey,7
ENSG00000176928,maroon,maroon,16
ENSG00000176946,darkgrey,darkgrey,7
ENSG00000176953,white,white,31
ENSG00000176971,darkgrey,darkgrey,7
ENSG00000176973,silver,silver,29
ENSG00000176978,darkgrey,darkgrey,7
ENSG00000176986,darkgrey,darkgrey,7
ENSG00000177000,white,white,31
ENSG00000177025,silver,silver,29
ENSG00000177030,firebrick,firebrick,12
ENSG00000177034,silver,silver,29
ENSG00000177042,dimgrey,dimgrey,11
ENSG00000177051,darkgrey,darkgrey,7
ENSG00000177054,silver,silver,29
ENSG00000177058,dimgrey,dimgrey,11
ENSG00000177084,darkgrey,darkgrey,7
ENSG00000177098,dimgrey,dimgrey,11
ENSG00000177105,darkgrey,darkgrey,7
ENSG00000177106,silver,silver,29
ENSG00000177119,gainsboro,gainsboro,13
ENSG00000177125,silver,silver,29
ENSG00000177150,darkred,darkred,9
ENSG00000177156,dimgrey,dimgrey,11
ENSG00000177169,darkgrey,darkgrey,7
ENSG00000177189,firebrick,firebrick,12
ENSG00000177192,silver,silver,29
ENSG00000177200,silver,silver,29
ENSG00000177225,darkgrey,darkgrey,7
ENSG00000177239,darkgrey,darkgrey,7
ENSG00000177272,silver,silver,29
ENSG00000177283,silver,silver,29
ENSG00000177303,silver,silver,29
ENSG00000177311,gainsboro,gainsboro,13
ENSG00000177352,dimgrey,dimgrey,11
ENSG00000177363,gainsboro,gainsboro,13
ENSG00000177370,dimgrey,dimgrey,11
ENSG00000177374,white,white,31
ENSG00000177383,dimgrey,dimgrey,11
ENSG00000177409,silver,silver,29
ENSG00000177425,gainsboro,gainsboro,13
ENSG00000177426,lightcoral,lightcoral,14
ENSG00000177432,darkgrey,darkgrey,7
ENSG00000177453,dimgrey,dimgrey,11
ENSG00000177459,silver,silver,29
ENSG00000177462,darkgrey,darkgrey,7
ENSG00000177463,gainsboro,gainsboro,13
ENSG00000177469,darkgrey,darkgrey,7
ENSG00000177479,darkgrey,darkgrey,7
ENSG00000177485,darkgrey,darkgrey,7
ENSG00000177508,darkgrey,darkgrey,7
ENSG00000177542,darkgrey,darkgrey,7
ENSG00000177548,dimgrey,dimgrey,11
ENSG00000177556,silver,silver,29
ENSG00000177565,dimgrey,dimgrey,11
ENSG00000177570,dimgrey,dimgrey,11
ENSG00000177576,gainsboro,gainsboro,13
ENSG00000177595,lightcoral,lightcoral,14
ENSG00000177599,maroon,maroon,16
ENSG00000177600,dimgrey,dimgrey,11
ENSG00000177602,dimgrey,dimgrey,11
ENSG00000177606,dimgrey,dimgrey,11
ENSG00000177613,dimgrey,dimgrey,11
ENSG00000177614,gainsboro,gainsboro,13
ENSG00000177628,dimgrey,dimgrey,11
ENSG00000177646,silver,silver,29
ENSG00000177663,darkgrey,darkgrey,7
ENSG00000177666,white,white,31
ENSG00000177674,silver,silver,29
ENSG00000177675,silver,silver,29
ENSG00000177679,darkgrey,darkgrey,7
ENSG00000177683,dimgrey,dimgrey,11
ENSG00000177685,darkgrey,darkgrey,7
ENSG00000177688,silver,silver,29
ENSG00000177694,gainsboro,gainsboro,13
ENSG00000177697,darkgrey,darkgrey,7
ENSG00000177700,dimgrey,dimgrey,11
ENSG00000177706,white,white,31
ENSG00000177707,darkgrey,darkgrey,7
ENSG00000177721,silver,silver,29
ENSG00000177728,dimgrey,dimgrey,11
ENSG00000177731,gainsboro,gainsboro,13
ENSG00000177732,darkgrey,darkgrey,7
ENSG00000177733,silver,silver,29
ENSG00000177830,darkgrey,darkgrey,7
ENSG00000177842,silver,silver,29
ENSG00000177853,firebrick,firebrick,12
ENSG00000177854,dimgrey,dimgrey,11
ENSG00000177868,darkgrey,darkgrey,7
ENSG00000177873,darkgrey,darkgrey,7
ENSG00000177875,darkgrey,darkgrey,7
ENSG00000177879,dimgrey,dimgrey,11
ENSG00000177885,dimgrey,dimgrey,11
ENSG00000177888,darkgrey,darkgrey,7
ENSG00000177889,dimgrey,dimgrey,11
ENSG00000177917,dimgrey,dimgrey,11
ENSG00000177932,dimgrey,dimgrey,11
ENSG00000177943,maroon,maroon,16
ENSG00000177951,dimgrey,dimgrey,11
ENSG00000177954,dimgrey,dimgrey,11
ENSG00000177963,dimgrey,dimgrey,11
ENSG00000177971,dimgrey,dimgrey,11
ENSG00000177981,darkgrey,darkgrey,7
ENSG00000177990,sienna,sienna,28
ENSG00000178015,silver,silver,29
ENSG00000178026,dimgrey,dimgrey,11
ENSG00000178028,gainsboro,gainsboro,13
ENSG00000178031,maroon,maroon,16
ENSG00000178033,dimgrey,dimgrey,11
ENSG00000178038,lightcoral,lightcoral,14
ENSG00000178053,silver,silver,29
ENSG00000178057,dimgrey,dimgrey,11
ENSG00000178074,dimgrey,dimgrey,11
ENSG00000178075,darkgrey,darkgrey,7
ENSG00000178078,lightcoral,lightcoral,14
ENSG00000178093,silver,silver,29
ENSG00000178096,dimgrey,dimgrey,11
ENSG00000178104,tan,tan,30
ENSG00000178105,red,red,24
ENSG00000178127,silver,silver,29
ENSG00000178149,dimgrey,dimgrey,11
ENSG00000178163,papayawhip,papayawhip,21
ENSG00000178177,darkgrey,darkgrey,7
ENSG00000178184,darkgrey,darkgrey,7
ENSG00000178187,maroon,maroon,16
ENSG00000178188,darkgrey,darkgrey,7
ENSG00000178201,gainsboro,gainsboro,13
ENSG00000178202,maroon,maroon,16
ENSG00000178209,dimgrey,dimgrey,11
ENSG00000178222,silver,silver,29
ENSG00000178229,dimgrey,dimgrey,11
ENSG00000178234,linen,linen,15
ENSG00000178235,silver,silver,29
ENSG00000178252,dimgrey,dimgrey,11
ENSG00000178295,silver,silver,29
ENSG00000178301,gainsboro,gainsboro,13
ENSG00000178307,darkgrey,darkgrey,7
ENSG00000178338,silver,silver,29
ENSG00000178342,darkgrey,darkgrey,7
ENSG00000178343,dimgrey,dimgrey,11
ENSG00000178381,dimgrey,dimgrey,11
ENSG00000178385,dimgrey,dimgrey,11
ENSG00000178386,silver,silver,29
ENSG00000178401,silver,silver,29
ENSG00000178409,dimgrey,dimgrey,11
ENSG00000178425,silver,silver,29
ENSG00000178445,silver,silver,29
ENSG00000178449,dimgrey,dimgrey,11
ENSG00000178460,darkgrey,darkgrey,7
ENSG00000178467,dimgrey,dimgrey,11
ENSG00000178498,darkgrey,darkgrey,7
ENSG00000178502,silver,silver,29
ENSG00000178531,silver,silver,29
ENSG00000178537,dimgrey,dimgrey,11
ENSG00000178567,darkgrey,darkgrey,7
ENSG00000178573,white,white,31
ENSG00000178585,darkgrey,darkgrey,7
ENSG00000178607,dimgrey,dimgrey,11
ENSG00000178662,silver,silver,29
ENSG00000178665,silver,silver,29
ENSG00000178685,darkgrey,darkgrey,7
ENSG00000178691,dimgrey,dimgrey,11
ENSG00000178694,darkgrey,darkgrey,7
ENSG00000178695,silver,silver,29
ENSG00000178700,antiquewhite,antiquewhite,0
ENSG00000178718,silver,silver,29
ENSG00000178719,darkgrey,darkgrey,7
ENSG00000178726,gainsboro,gainsboro,13
ENSG00000178741,dimgrey,dimgrey,11
ENSG00000178752,dimgrey,dimgrey,11
ENSG00000178761,dimgrey,dimgrey,11
ENSG00000178764,darkgrey,darkgrey,7
ENSG00000178773,darkgrey,darkgrey,7
ENSG00000178802,gainsboro,gainsboro,13
ENSG00000178821,gainsboro,gainsboro,13
ENSG00000178852,darkgrey,darkgrey,7
ENSG00000178860,silver,silver,29
ENSG00000178878,gainsboro,gainsboro,13
ENSG00000178896,dimgrey,dimgrey,11
ENSG00000178904,silver,silver,29
ENSG00000178913,silver,silver,29
ENSG00000178919,dimgrey,dimgrey,11
ENSG00000178921,dimgrey,dimgrey,11
ENSG00000178927,navajowhite,navajowhite,18
ENSG00000178935,dimgrey,dimgrey,11
ENSG00000178950,darkgrey,darkgrey,7
ENSG00000178951,darkgrey,darkgrey,7
ENSG00000178952,dimgrey,dimgrey,11
ENSG00000178966,maroon,maroon,16
ENSG00000178971,gainsboro,gainsboro,13
ENSG00000178974,dimgrey,dimgrey,11
ENSG00000178980,darkgrey,darkgrey,7
ENSG00000178982,dimgrey,dimgrey,11
ENSG00000178988,darkgrey,darkgrey,7
ENSG00000178996,dimgrey,dimgrey,11
ENSG00000178999,darkgrey,darkgrey,7
ENSG00000179010,silver,silver,29
ENSG00000179021,silver,silver,29
ENSG00000179029,darkgrey,darkgrey,7
ENSG00000179041,darksalmon,darksalmon,10
ENSG00000179071,dimgrey,dimgrey,11
ENSG00000179083,dimgrey,dimgrey,11
ENSG00000179085,darkgrey,darkgrey,7
ENSG00000179091,silver,silver,29
ENSG00000179094,darkgrey,darkgrey,7
ENSG00000179097,dimgrey,dimgrey,11
ENSG00000179104,dimgrey,dimgrey,11
ENSG00000179111,white,white,31
ENSG00000179115,darkgrey,darkgrey,7
ENSG00000179119,gainsboro,gainsboro,13
ENSG00000179134,dimgrey,dimgrey,11
ENSG00000179151,silver,silver,29
ENSG00000179152,silver,silver,29
ENSG00000179163,dimgrey,dimgrey,11
ENSG00000179168,maroon,maroon,16
ENSG00000179195,silver,silver,29
ENSG00000179218,gainsboro,gainsboro,13
ENSG00000179222,darkgrey,darkgrey,7
ENSG00000179240,white,white,31
ENSG00000179241,gainsboro,gainsboro,13
ENSG00000179242,darkgrey,darkgrey,7
ENSG00000179262,darkgrey,darkgrey,7
ENSG00000179271,silver,silver,29
ENSG00000179295,gainsboro,gainsboro,13
ENSG00000179300,silver,silver,29
ENSG00000179335,dimgrey,dimgrey,11
ENSG00000179348,maroon,maroon,16
ENSG00000179361,white,white,31
ENSG00000179364,white,white,31
ENSG00000179387,dimgrey,dimgrey,11
ENSG00000179388,silver,silver,29
ENSG00000179403,darkgrey,darkgrey,7
ENSG00000179409,dimgrey,dimgrey,11
ENSG00000179431,dimgrey,dimgrey,11
ENSG00000179454,darkgrey,darkgrey,7
ENSG00000179456,darkgrey,darkgrey,7
ENSG00000179476,darkgrey,darkgrey,7
ENSG00000179526,silver,silver,29
ENSG00000179528,silver,silver,29
ENSG00000179532,dimgrey,dimgrey,11
ENSG00000179562,darkgrey,darkgrey,7
ENSG00000179583,dimgrey,dimgrey,11
ENSG00000179588,darkgrey,darkgrey,7
ENSG00000179598,brown,brown,3
ENSG00000179604,darkgrey,darkgrey,7
ENSG00000179627,darkgrey,darkgrey,7
ENSG00000179630,lightcoral,lightcoral,14
ENSG00000179632,dimgrey,dimgrey,11
ENSG00000179715,lightcoral,lightcoral,14
ENSG00000179820,darkgrey,darkgrey,7
ENSG00000179832,dimgrey,dimgrey,11
ENSG00000179833,dimgrey,dimgrey,11
ENSG00000179841,silver,silver,29
ENSG00000179859,maroon,maroon,16
ENSG00000179862,gainsboro,gainsboro,13
ENSG00000179889,gainsboro,gainsboro,13
ENSG00000179909,silver,silver,29
ENSG00000179912,gainsboro,gainsboro,13
ENSG00000179918,darkgrey,darkgrey,7
ENSG00000179922,darkgrey,darkgrey,7
ENSG00000179933,dimgrey,dimgrey,11
ENSG00000179941,darkgrey,darkgrey,7
ENSG00000179943,darkgrey,darkgrey,7
ENSG00000179950,dimgrey,dimgrey,11
ENSG00000179954,darkgrey,darkgrey,7
ENSG00000179958,dimgrey,dimgrey,11
ENSG00000179965,darkgrey,darkgrey,7
ENSG00000179981,silver,silver,29
ENSG00000179988,brown,brown,3
ENSG00000180008,silver,silver,29
ENSG00000180011,dimgrey,dimgrey,11
ENSG00000180035,dimgrey,dimgrey,11
ENSG00000180089,gainsboro,gainsboro,13
ENSG00000180098,dimgrey,dimgrey,11
ENSG00000180104,darkgrey,darkgrey,7
ENSG00000180155,darkgrey,darkgrey,7
ENSG00000180182,silver,silver,29
ENSG00000180185,dimgrey,dimgrey,11
ENSG00000180190,darkgrey,darkgrey,7
ENSG00000180198,darkgrey,darkgrey,7
ENSG00000180209,maroon,maroon,16
ENSG00000180228,dimgrey,dimgrey,11
ENSG00000180233,dimgrey,dimgrey,11
ENSG00000180245,gainsboro,gainsboro,13
ENSG00000180257,sienna,sienna,28
ENSG00000180263,darkgrey,darkgrey,7
ENSG00000180287,dimgrey,dimgrey,11
ENSG00000180304,darkgrey,darkgrey,7
ENSG00000180329,dimgrey,dimgrey,11
ENSG00000180332,darkgrey,darkgrey,7
ENSG00000180336,silver,silver,29
ENSG00000180340,gainsboro,gainsboro,13
ENSG00000180346,darkgrey,darkgrey,7
ENSG00000180353,lightcoral,lightcoral,14
ENSG00000180354,dimgrey,dimgrey,11
ENSG00000180357,gainsboro,gainsboro,13
ENSG00000180370,dimgrey,dimgrey,11
ENSG00000180376,darkred,darkred,9
ENSG00000180398,dimgrey,dimgrey,11
ENSG00000180423,darkgrey,darkgrey,7
ENSG00000180425,dimgrey,dimgrey,11
ENSG00000180447,brown,brown,3
ENSG00000180479,lightcoral,lightcoral,14
ENSG00000180481,dimgrey,dimgrey,11
ENSG00000180488,silver,silver,29
ENSG00000180509,silver,silver,29
ENSG00000180530,dimgrey,dimgrey,11
ENSG00000180537,silver,silver,29
ENSG00000180543,dimgrey,dimgrey,11
ENSG00000180573,dimgrey,dimgrey,11
ENSG00000180574,dimgrey,dimgrey,11
ENSG00000180592,dimgrey,dimgrey,11
ENSG00000180596,dimgrey,dimgrey,11
ENSG00000180611,dimgrey,dimgrey,11
ENSG00000180626,maroon,maroon,16
ENSG00000180628,dimgrey,dimgrey,11
ENSG00000180660,silver,silver,29
ENSG00000180667,silver,silver,29
ENSG00000180694,darkgrey,darkgrey,7
ENSG00000180739,dimgrey,dimgrey,11
ENSG00000180758,silver,silver,29
ENSG00000180773,lightcoral,lightcoral,14
ENSG00000180776,silver,silver,29
ENSG00000180777,dimgrey,dimgrey,11
ENSG00000180787,gainsboro,gainsboro,13
ENSG00000180801,silver,silver,29
ENSG00000180806,darkgrey,darkgrey,7
ENSG00000180815,darkgrey,darkgrey,7
ENSG00000180817,dimgrey,dimgrey,11
ENSG00000180822,dimgrey,dimgrey,11
ENSG00000180855,silver,silver,29
ENSG00000180875,dimgrey,dimgrey,11
ENSG00000180879,dimgrey,dimgrey,11
ENSG00000180881,darkgrey,darkgrey,7
ENSG00000180884,brown,brown,3
ENSG00000180891,dimgrey,dimgrey,11
ENSG00000180900,gainsboro,gainsboro,13
ENSG00000180901,darkgrey,darkgrey,7
ENSG00000180902,gainsboro,gainsboro,13
ENSG00000180914,gainsboro,gainsboro,13
ENSG00000180938,saddlebrown,saddlebrown,25
ENSG00000180957,silver,silver,29
ENSG00000180964,dimgrey,dimgrey,11
ENSG00000180979,gainsboro,gainsboro,13
ENSG00000180992,dimgrey,dimgrey,11
ENSG00000180998,dimgrey,dimgrey,11
ENSG00000181004,silver,silver,29
ENSG00000181007,darkgrey,darkgrey,7
ENSG00000181019,silver,silver,29
ENSG00000181026,darksalmon,darksalmon,10
ENSG00000181027,silver,silver,29
ENSG00000181029,dimgrey,dimgrey,11
ENSG00000181035,darkgrey,darkgrey,7
ENSG00000181038,dimgrey,dimgrey,11
ENSG00000181045,maroon,maroon,16
ENSG00000181061,dimgrey,dimgrey,11
ENSG00000181072,gainsboro,gainsboro,13
ENSG00000181090,darkgrey,darkgrey,7
ENSG00000181104,gainsboro,gainsboro,13
ENSG00000181163,dimgrey,dimgrey,11
ENSG00000181191,dimgrey,dimgrey,11
ENSG00000181192,darkgrey,darkgrey,7
ENSG00000181195,dimgrey,dimgrey,11
ENSG00000181220,dimgrey,dimgrey,11
ENSG00000181222,darkgrey,darkgrey,7
ENSG00000181264,dimgrey,dimgrey,11
ENSG00000181274,lightcoral,lightcoral,14
ENSG00000181322,dimgrey,dimgrey,11
ENSG00000181333,lightcoral,lightcoral,14
ENSG00000181374,dimgrey,dimgrey,11
ENSG00000181381,darkgrey,darkgrey,7
ENSG00000181392,silver,silver,29
ENSG00000181396,darkgrey,darkgrey,7
ENSG00000181404,dimgrey,dimgrey,11
ENSG00000181444,coral,coral,6
ENSG00000181450,darkgrey,darkgrey,7
ENSG00000181458,dimgrey,dimgrey,11
ENSG00000181467,silver,silver,29
ENSG00000181472,dimgrey,dimgrey,11
ENSG00000181513,darkgrey,darkgrey,7
ENSG00000181544,maroon,maroon,16
ENSG00000181555,dimgrey,dimgrey,11
ENSG00000181588,gainsboro,gainsboro,13
ENSG00000181610,dimgrey,dimgrey,11
ENSG00000181619,lightcoral,lightcoral,14
ENSG00000181626,dimgrey,dimgrey,11
ENSG00000181638,gainsboro,gainsboro,13
ENSG00000181649,dimgrey,dimgrey,11
ENSG00000181666,dimgrey,dimgrey,11
ENSG00000181690,dimgrey,dimgrey,11
ENSG00000181704,dimgrey,dimgrey,11
ENSG00000181722,darkgrey,darkgrey,7
ENSG00000181744,dimgrey,dimgrey,11
ENSG00000181751,silver,silver,29
ENSG00000181754,gainsboro,gainsboro,13
ENSG00000181773,darkgrey,darkgrey,7
ENSG00000181788,darkgrey,darkgrey,7
ENSG00000181789,dimgrey,dimgrey,11
ENSG00000181804,dimgrey,dimgrey,11
ENSG00000181817,darkgrey,darkgrey,7
ENSG00000181826,silver,silver,29
ENSG00000181827,gainsboro,gainsboro,13
ENSG00000181830,gainsboro,gainsboro,13
ENSG00000181852,darkgrey,darkgrey,7
ENSG00000181873,gainsboro,gainsboro,13
ENSG00000181894,dimgrey,dimgrey,11
ENSG00000181896,silver,silver,29
ENSG00000181904,darkgrey,darkgrey,7
ENSG00000181915,maroon,maroon,16
ENSG00000181924,dimgrey,dimgrey,11
ENSG00000181929,darkgrey,darkgrey,7
ENSG00000181938,dimgrey,dimgrey,11
ENSG00000181982,darkgrey,darkgrey,7
ENSG00000181991,silver,silver,29
ENSG00000182004,dimgrey,dimgrey,11
ENSG00000182010,darkgrey,darkgrey,7
ENSG00000182013,silver,silver,29
ENSG00000182022,dimgrey,dimgrey,11
ENSG00000182054,darkgrey,darkgrey,7
ENSG00000182087,darkgrey,darkgrey,7
ENSG00000182093,silver,silver,29
ENSG00000182095,gainsboro,gainsboro,13
ENSG00000182107,gainsboro,gainsboro,13
ENSG00000182108,brown,brown,3
ENSG00000182117,dimgrey,dimgrey,11
ENSG00000182118,dimgrey,dimgrey,11
ENSG00000182134,silver,silver,29
ENSG00000182141,bisque,bisque,1
ENSG00000182149,white,white,31
ENSG00000182150,firebrick,firebrick,12
ENSG00000182154,white,white,31
ENSG00000182158,coral,coral,6
ENSG00000182168,red,red,24
ENSG00000182173,darkgrey,darkgrey,7
ENSG00000182179,chocolate,chocolate,5
ENSG00000182180,dimgrey,dimgrey,11
ENSG00000182185,dimgrey,dimgrey,11
ENSG00000182195,dimgrey,dimgrey,11
ENSG00000182197,dimgrey,dimgrey,11
ENSG00000182199,white,white,31
ENSG00000182218,dimgrey,dimgrey,11
ENSG00000182220,darkgrey,darkgrey,7
ENSG00000182240,gainsboro,gainsboro,13
ENSG00000182247,silver,silver,29
ENSG00000182253,dimgrey,dimgrey,11
ENSG00000182263,gainsboro,gainsboro,13
ENSG00000182272,white,white,31
ENSG00000182287,dimgrey,dimgrey,11
ENSG00000182307,silver,silver,29
ENSG00000182308,silver,silver,29
ENSG00000182310,darkgrey,darkgrey,7
ENSG00000182318,dimgrey,dimgrey,11
ENSG00000182324,darkgrey,darkgrey,7
ENSG00000182325,silver,silver,29
ENSG00000182326,silver,silver,29
ENSG00000182329,navajowhite,navajowhite,18
ENSG00000182359,dimgrey,dimgrey,11
ENSG00000182362,silver,silver,29
ENSG00000182379,darkgrey,darkgrey,7
ENSG00000182400,gainsboro,gainsboro,13
ENSG00000182405,gainsboro,gainsboro,13
ENSG00000182446,darkgrey,darkgrey,7
ENSG00000182463,darkgrey,darkgrey,7
ENSG00000182473,dimgrey,dimgrey,11
ENSG00000182481,dimgrey,dimgrey,11
ENSG00000182492,dimgrey,dimgrey,11
ENSG00000182504,darkgrey,darkgrey,7
ENSG00000182511,silver,silver,29
ENSG00000182512,darkgrey,darkgrey,7
ENSG00000182518,darkgrey,darkgrey,7
ENSG00000182534,dimgrey,dimgrey,11
ENSG00000182541,dimgrey,dimgrey,11
ENSG00000182544,darkgrey,darkgrey,7
ENSG00000182551,darkgrey,darkgrey,7
ENSG00000182552,dimgrey,dimgrey,11
ENSG00000182568,dimgrey,dimgrey,11
ENSG00000182575,silver,silver,29
ENSG00000182578,brown,brown,3
ENSG00000182580,darkgrey,darkgrey,7
ENSG00000182600,lightcoral,lightcoral,14
ENSG00000182606,darkgrey,darkgrey,7
ENSG00000182612,darkgrey,darkgrey,7
ENSG00000182621,darksalmon,darksalmon,10
ENSG00000182628,dimgrey,dimgrey,11
ENSG00000182667,darkgrey,darkgrey,7
ENSG00000182670,darkgrey,darkgrey,7
ENSG00000182700,dimgrey,dimgrey,11
ENSG00000182704,orangered,orangered,20
ENSG00000182718,dimgrey,dimgrey,11
ENSG00000182742,dimgrey,dimgrey,11
ENSG00000182749,darkgrey,darkgrey,7
ENSG00000182752,darkgrey,darkgrey,7
ENSG00000182768,dimgrey,dimgrey,11
ENSG00000182782,bisque,bisque,1
ENSG00000182809,darkgrey,darkgrey,7
ENSG00000182810,dimgrey,dimgrey,11
ENSG00000182827,silver,silver,29
ENSG00000182831,dimgrey,dimgrey,11
ENSG00000182858,dimgrey,dimgrey,11
ENSG00000182872,darkgrey,darkgrey,7
ENSG00000182899,dimgrey,dimgrey,11
ENSG00000182901,darkgrey,darkgrey,7
ENSG00000182902,dimgrey,dimgrey,11
ENSG00000182903,dimgrey,dimgrey,11
ENSG00000182916,dimgrey,dimgrey,11
ENSG00000182919,sandybrown,sandybrown,26
ENSG00000182923,dimgrey,dimgrey,11
ENSG00000182934,silver,silver,29
ENSG00000182944,dimgrey,dimgrey,11
ENSG00000182957,gainsboro,gainsboro,13
ENSG00000182963,darkgrey,darkgrey,7
ENSG00000182973,silver,silver,29
ENSG00000182979,silver,silver,29
ENSG00000182983,dimgrey,dimgrey,11
ENSG00000182985,darkgrey,darkgrey,7
ENSG00000182986,gainsboro,gainsboro,13
ENSG00000182993,maroon,maroon,16
ENSG00000183011,dimgrey,dimgrey,11
ENSG00000183020,dimgrey,dimgrey,11
ENSG00000183023,darkgrey,darkgrey,7
ENSG00000183032,dimgrey,dimgrey,11
ENSG00000183044,dimgrey,dimgrey,11
ENSG00000183048,antiquewhite,antiquewhite,0
ENSG00000183049,darkgrey,darkgrey,7
ENSG00000183060,maroon,maroon,16
ENSG00000183077,dimgrey,dimgrey,11
ENSG00000183087,darkgrey,darkgrey,7
ENSG00000183091,darkgrey,darkgrey,7
ENSG00000183092,dimgrey,dimgrey,11
ENSG00000183098,darkgrey,darkgrey,7
ENSG00000183111,dimgrey,dimgrey,11
ENSG00000183137,darkgrey,darkgrey,7
ENSG00000183155,dimgrey,dimgrey,11
ENSG00000183160,dimgrey,dimgrey,11
ENSG00000183161,chocolate,chocolate,5
ENSG00000183172,dimgrey,dimgrey,11
ENSG00000183206,darkgrey,darkgrey,7
ENSG00000183207,dimgrey,dimgrey,11
ENSG00000183208,brown,brown,3
ENSG00000183255,silver,silver,29
ENSG00000183258,darkgrey,darkgrey,7
ENSG00000183283,silver,silver,29
ENSG00000183287,dimgrey,dimgrey,11
ENSG00000183291,dimgrey,dimgrey,11
ENSG00000183307,dimgrey,dimgrey,11
ENSG00000183323,chocolate,chocolate,5
ENSG00000183324,gainsboro,gainsboro,13
ENSG00000183337,darkgrey,darkgrey,7
ENSG00000183340,gainsboro,gainsboro,13
ENSG00000183346,dimgrey,dimgrey,11
ENSG00000183354,dimgrey,dimgrey,11
ENSG00000183386,dimgrey,dimgrey,11
ENSG00000183401,silver,silver,29
ENSG00000183431,firebrick,firebrick,12
ENSG00000183439,silver,silver,29
ENSG00000183454,brown,brown,3
ENSG00000183474,gainsboro,gainsboro,13
ENSG00000183475,dimgrey,dimgrey,11
ENSG00000183486,silver,silver,29
ENSG00000183495,darkgrey,darkgrey,7
ENSG00000183496,white,white,31
ENSG00000183508,dimgrey,dimgrey,11
ENSG00000183513,dimgrey,dimgrey,11
ENSG00000183520,dimgrey,dimgrey,11
ENSG00000183527,dimgrey,dimgrey,11
ENSG00000183530,gainsboro,gainsboro,13
ENSG00000183570,white,white,31
ENSG00000183576,dimgrey,dimgrey,11
ENSG00000183578,darkgrey,darkgrey,7
ENSG00000183579,dimgrey,dimgrey,11
ENSG00000183580,silver,silver,29
ENSG00000183597,dimgrey,dimgrey,11
ENSG00000183605,darkgrey,darkgrey,7
ENSG00000183615,peachpuff,peachpuff,22
ENSG00000183617,darkgrey,darkgrey,7
ENSG00000183621,silver,silver,29
ENSG00000183624,darkgrey,darkgrey,7
ENSG00000183644,silver,silver,29
ENSG00000183647,coral,coral,6
ENSG00000183648,dimgrey,dimgrey,11
ENSG00000183655,white,white,31
ENSG00000183665,dimgrey,dimgrey,11
ENSG00000183668,white,white,31
ENSG00000183682,darkgrey,darkgrey,7
ENSG00000183684,darkgrey,darkgrey,7
ENSG00000183691,silver,silver,29
ENSG00000183696,dimgrey,dimgrey,11
ENSG00000183718,gainsboro,gainsboro,13
ENSG00000183722,silver,silver,29
ENSG00000183723,dimgrey,dimgrey,11
ENSG00000183726,silver,silver,29
ENSG00000183735,maroon,maroon,16
ENSG00000183741,darkgrey,darkgrey,7
ENSG00000183751,gainsboro,gainsboro,13
ENSG00000183762,silver,silver,29
ENSG00000183763,darkgrey,darkgrey,7
ENSG00000183765,darkgrey,darkgrey,7
ENSG00000183770,firebrick,firebrick,12
ENSG00000183779,darkgrey,darkgrey,7
ENSG00000183780,dimgrey,dimgrey,11
ENSG00000183783,red,red,24
ENSG00000183801,darkgrey,darkgrey,7
ENSG00000183807,dimgrey,dimgrey,11
ENSG00000183808,darkgrey,darkgrey,7
ENSG00000183814,silver,silver,29
ENSG00000183826,dimgrey,dimgrey,11
ENSG00000183828,chocolate,chocolate,5
ENSG00000183840,dimgrey,dimgrey,11
ENSG00000183850,darkgrey,darkgrey,7
ENSG00000183853,linen,linen,15
ENSG00000183864,darkgrey,darkgrey,7
ENSG00000183873,silver,silver,29
ENSG00000183876,silver,silver,29
ENSG00000183891,red,red,24
ENSG00000183943,gainsboro,gainsboro,13
ENSG00000183955,gainsboro,gainsboro,13
ENSG00000183963,dimgrey,dimgrey,11
ENSG00000183978,dimgrey,dimgrey,11
ENSG00000184005,darkgrey,darkgrey,7
ENSG00000184007,gainsboro,gainsboro,13
ENSG00000184009,dimgrey,dimgrey,11
ENSG00000184014,dimgrey,dimgrey,11
ENSG00000184056,lightcoral,lightcoral,14
ENSG00000184076,dimgrey,dimgrey,11
ENSG00000184083,darkgrey,darkgrey,7
ENSG00000184110,dimgrey,dimgrey,11
ENSG00000184117,darkgrey,darkgrey,7
ENSG00000184154,darkgrey,darkgrey,7
ENSG00000184160,maroon,maroon,16
ENSG00000184162,darkgrey,darkgrey,7
ENSG00000184164,dimgrey,dimgrey,11
ENSG00000184178,darkgrey,darkgrey,7
ENSG00000184182,gainsboro,gainsboro,13
ENSG00000184194,gainsboro,gainsboro,13
ENSG00000184203,dimgrey,dimgrey,11
ENSG00000184205,seashell,seashell,27
ENSG00000184207,silver,silver,29
ENSG00000184209,gainsboro,gainsboro,13
ENSG00000184216,dimgrey,dimgrey,11
ENSG00000184220,gainsboro,gainsboro,13
ENSG00000184226,silver,silver,29
ENSG00000184232,darkgrey,darkgrey,7
ENSG00000184254,darkgrey,darkgrey,7
ENSG00000184260,silver,silver,29
ENSG00000184270,darkgrey,darkgrey,7
ENSG00000184271,dimgrey,dimgrey,11
ENSG00000184277,silver,silver,29
ENSG00000184281,darkgrey,darkgrey,7
ENSG00000184304,silver,silver,29
ENSG00000184307,dimgrey,dimgrey,11
ENSG00000184349,darkgrey,darkgrey,7
ENSG00000184357,maroon,maroon,16
ENSG00000184363,maroon,maroon,16
ENSG00000184368,gainsboro,gainsboro,13
ENSG00000184371,darkgrey,darkgrey,7
ENSG00000184374,gainsboro,gainsboro,13
ENSG00000184378,darkgrey,darkgrey,7
ENSG00000184381,dimgrey,dimgrey,11
ENSG00000184384,gainsboro,gainsboro,13
ENSG00000184402,maroon,maroon,16
ENSG00000184408,dimgrey,dimgrey,11
ENSG00000184428,darkgrey,darkgrey,7
ENSG00000184432,gainsboro,gainsboro,13
ENSG00000184434,saddlebrown,saddlebrown,25
ENSG00000184436,gainsboro,gainsboro,13
ENSG00000184445,silver,silver,29
ENSG00000184451,darkgrey,darkgrey,7
ENSG00000184465,dimgrey,dimgrey,11
ENSG00000184470,silver,silver,29
ENSG00000184481,darkgrey,darkgrey,7
ENSG00000184497,coral,coral,6
ENSG00000184500,silver,silver,29
ENSG00000184508,darkgrey,darkgrey,7
ENSG00000184517,silver,silver,29
ENSG00000184524,darkgrey,darkgrey,7
ENSG00000184557,darkgrey,darkgrey,7
ENSG00000184564,dimgrey,dimgrey,11
ENSG00000184575,silver,silver,29
ENSG00000184584,dimgrey,dimgrey,11
ENSG00000184588,silver,silver,29
ENSG00000184602,dimgrey,dimgrey,11
ENSG00000184619,firebrick,firebrick,12
ENSG00000184634,silver,silver,29
ENSG00000184635,silver,silver,29
ENSG00000184640,darkgrey,darkgrey,7
ENSG00000184661,silver,silver,29
ENSG00000184675,darkgrey,darkgrey,7
ENSG00000184677,darkgrey,darkgrey,7
ENSG00000184678,dimgrey,dimgrey,11
ENSG00000184708,darkgrey,darkgrey,7
ENSG00000184719,silver,silver,29
ENSG00000184743,dimgrey,dimgrey,11
ENSG00000184752,dimgrey,dimgrey,11
ENSG00000184785,darkgrey,darkgrey,7
ENSG00000184787,gainsboro,gainsboro,13
ENSG00000184792,dimgrey,dimgrey,11
ENSG00000184831,dimgrey,dimgrey,11
ENSG00000184838,silver,silver,29
ENSG00000184840,darkgrey,darkgrey,7
ENSG00000184845,gainsboro,gainsboro,13
ENSG00000184857,dimgrey,dimgrey,11
ENSG00000184860,dimgrey,dimgrey,11
ENSG00000184863,dimgrey,dimgrey,11
ENSG00000184867,silver,silver,29
ENSG00000184887,silver,silver,29
ENSG00000184897,darkgrey,darkgrey,7
ENSG00000184898,gainsboro,gainsboro,13
ENSG00000184900,darkgrey,darkgrey,7
ENSG00000184903,darkgrey,darkgrey,7
ENSG00000184916,dimgrey,dimgrey,11
ENSG00000184922,dimgrey,dimgrey,11
ENSG00000184924,darkgrey,darkgrey,7
ENSG00000184939,silver,silver,29
ENSG00000184949,darkgrey,darkgrey,7
ENSG00000184967,silver,silver,29
ENSG00000184979,dimgrey,dimgrey,11
ENSG00000184983,dimgrey,dimgrey,11
ENSG00000184985,dimgrey,dimgrey,11
ENSG00000184986,dimgrey,dimgrey,11
ENSG00000184988,darkgrey,darkgrey,7
ENSG00000184990,darkgrey,darkgrey,7
ENSG00000184992,dimgrey,dimgrey,11
ENSG00000184995,dimgrey,dimgrey,11
ENSG00000185000,silver,silver,29
ENSG00000185008,silver,silver,29
ENSG00000185009,dimgrey,dimgrey,11
ENSG00000185010,silver,silver,29
ENSG00000185015,lightcoral,lightcoral,14
ENSG00000185019,silver,silver,29
ENSG00000185022,maroon,maroon,16
ENSG00000185024,darkgrey,darkgrey,7
ENSG00000185033,darkgrey,darkgrey,7
ENSG00000185043,orangered,orangered,20
ENSG00000185046,dimgrey,dimgrey,11
ENSG00000185049,darkgrey,darkgrey,7
ENSG00000185070,silver,silver,29
ENSG00000185085,darkgrey,darkgrey,7
ENSG00000185088,dimgrey,dimgrey,11
ENSG00000185090,dimgrey,dimgrey,11
ENSG00000185100,dimgrey,dimgrey,11
ENSG00000185104,darkgrey,darkgrey,7
ENSG00000185112,darkgrey,darkgrey,7
ENSG00000185127,dimgrey,dimgrey,11
ENSG00000185129,darkgrey,darkgrey,7
ENSG00000185158,maroon,maroon,16
ENSG00000185187,darkgrey,darkgrey,7
ENSG00000185189,silver,silver,29
ENSG00000185201,darkgrey,darkgrey,7
ENSG00000185215,darkgrey,darkgrey,7
ENSG00000185219,white,white,31
ENSG00000185220,dimgrey,dimgrey,11
ENSG00000185222,darkgrey,darkgrey,7
ENSG00000185236,darkgrey,darkgrey,7
ENSG00000185238,silver,silver,29
ENSG00000185245,firebrick,firebrick,12
ENSG00000185246,firebrick,firebrick,12
ENSG00000185252,dimgrey,dimgrey,11
ENSG00000185261,silver,silver,29
ENSG00000185262,darkgrey,darkgrey,7
ENSG00000185267,silver,silver,29
ENSG00000185278,darkgrey,darkgrey,7
ENSG00000185298,gainsboro,gainsboro,13
ENSG00000185305,dimgrey,dimgrey,11
ENSG00000185306,gainsboro,gainsboro,13
ENSG00000185324,white,white,31
ENSG00000185338,darkgrey,darkgrey,7
ENSG00000185339,silver,silver,29
ENSG00000185340,darkgrey,darkgrey,7
ENSG00000185344,darkgrey,darkgrey,7
ENSG00000185347,darkgrey,darkgrey,7
ENSG00000185359,darkgrey,darkgrey,7
ENSG00000185361,darkgrey,darkgrey,7
ENSG00000185379,darkgrey,darkgrey,7
ENSG00000185386,darkgrey,darkgrey,7
ENSG00000185404,darkgrey,darkgrey,7
ENSG00000185414,dimgrey,dimgrey,11
ENSG00000185418,darkgrey,darkgrey,7
ENSG00000185420,dimgrey,dimgrey,11
ENSG00000185432,darkgrey,darkgrey,7
ENSG00000185442,maroon,maroon,16
ENSG00000185453,darkgrey,darkgrey,7
ENSG00000185475,dimgrey,dimgrey,11
ENSG00000185480,silver,silver,29
ENSG00000185482,darkgrey,darkgrey,7
ENSG00000185483,dimgrey,dimgrey,11
ENSG00000185499,darkgrey,darkgrey,7
ENSG00000185504,darkgrey,darkgrey,7
ENSG00000185513,maroon,maroon,16
ENSG00000185515,dimgrey,dimgrey,11
ENSG00000185519,dimgrey,dimgrey,11
ENSG00000185532,silver,silver,29
ENSG00000185551,dimgrey,dimgrey,11
ENSG00000185565,gainsboro,gainsboro,13
ENSG00000185567,darkred,darkred,9
ENSG00000185585,brown,brown,3
ENSG00000185591,darkgrey,darkgrey,7
ENSG00000185608,silver,silver,29
ENSG00000185614,silver,silver,29
ENSG00000185619,darksalmon,darksalmon,10
ENSG00000185621,gainsboro,gainsboro,13
ENSG00000185624,gainsboro,gainsboro,13
ENSG00000185627,darkgrey,darkgrey,7
ENSG00000185630,maroon,maroon,16
ENSG00000185634,maroon,maroon,16
ENSG00000185650,darkgrey,darkgrey,7
ENSG00000185651,dimgrey,dimgrey,11
ENSG00000185652,dimgrey,dimgrey,11
ENSG00000185658,gainsboro,gainsboro,13
ENSG00000185664,maroon,maroon,16
ENSG00000185670,dimgrey,dimgrey,11
ENSG00000185674,darkgrey,darkgrey,7
ENSG00000185697,silver,silver,29
ENSG00000185716,silver,silver,29
ENSG00000185721,dimgrey,dimgrey,11
ENSG00000185722,gainsboro,gainsboro,13
ENSG00000185728,darkgrey,darkgrey,7
ENSG00000185730,dimgrey,dimgrey,11
ENSG00000185742,white,white,31
ENSG00000185745,dimgrey,dimgrey,11
ENSG00000185753,dimgrey,dimgrey,11
ENSG00000185760,dimgrey,dimgrey,11
ENSG00000185761,dimgrey,dimgrey,11
ENSG00000185774,silver,silver,29
ENSG00000185787,darkgrey,darkgrey,7
ENSG00000185798,dimgrey,dimgrey,11
ENSG00000185800,darkgrey,darkgrey,7
ENSG00000185803,darkred,darkred,9
ENSG00000185808,darkred,darkred,9
ENSG00000185813,darkgrey,darkgrey,7
ENSG00000185818,peachpuff,peachpuff,22
ENSG00000185825,darkgrey,darkgrey,7
ENSG00000185838,dimgrey,dimgrey,11
ENSG00000185842,white,white,31
ENSG00000185864,darkgrey,darkgrey,7
ENSG00000185869,darkgrey,darkgrey,7
ENSG00000185875,silver,silver,29
ENSG00000185885,dimgrey,dimgrey,11
ENSG00000185896,darkgrey,darkgrey,7
ENSG00000185900,darkgrey,darkgrey,7
ENSG00000185909,dimgrey,dimgrey,11
ENSG00000185917,dimgrey,dimgrey,11
ENSG00000185920,brown,brown,3
ENSG00000185946,darksalmon,darksalmon,10
ENSG00000185947,dimgrey,dimgrey,11
ENSG00000185950,darkgrey,darkgrey,7
ENSG00000185955,dimgrey,dimgrey,11
ENSG00000185958,dimgrey,dimgrey,11
ENSG00000185962,dimgrey,dimgrey,11
ENSG00000185963,dimgrey,dimgrey,11
ENSG00000185972,gainsboro,gainsboro,13
ENSG00000185973,brown,brown,3
ENSG00000185989,darkgrey,darkgrey,7
ENSG00000186001,gainsboro,gainsboro,13
ENSG00000186010,white,white,31
ENSG00000186017,darkgrey,darkgrey,7
ENSG00000186020,lightcoral,lightcoral,14
ENSG00000186026,dimgrey,dimgrey,11
ENSG00000186063,silver,silver,29
ENSG00000186073,dimgrey,dimgrey,11
ENSG00000186088,darkgrey,darkgrey,7
ENSG00000186104,dimgrey,dimgrey,11
ENSG00000186106,gainsboro,gainsboro,13
ENSG00000186111,dimgrey,dimgrey,11
ENSG00000186130,dimgrey,dimgrey,11
ENSG00000186132,dimgrey,dimgrey,11
ENSG00000186141,darkgrey,darkgrey,7
ENSG00000186153,red,red,24
ENSG00000186166,silver,silver,29
ENSG00000186174,gainsboro,gainsboro,13
ENSG00000186184,dimgrey,dimgrey,11
ENSG00000186185,silver,silver,29
ENSG00000186187,gainsboro,gainsboro,13
ENSG00000186193,dimgrey,dimgrey,11
ENSG00000186197,darkred,darkred,9
ENSG00000186205,silver,silver,29
ENSG00000186222,dimgrey,dimgrey,11
ENSG00000186226,dimgrey,dimgrey,11
ENSG00000186230,darkgrey,darkgrey,7
ENSG00000186260,silver,silver,29
ENSG00000186272,white,white,31
ENSG00000186280,silver,silver,29
ENSG00000186281,dimgrey,dimgrey,11
ENSG00000186283,darkgrey,darkgrey,7
ENSG00000186297,silver,silver,29
ENSG00000186298,silver,silver,29
ENSG00000186300,maroon,maroon,16
ENSG00000186310,darkgrey,darkgrey,7
ENSG00000186314,gainsboro,gainsboro,13
ENSG00000186318,dimgrey,dimgrey,11
ENSG00000186340,brown,brown,3
ENSG00000186350,dimgrey,dimgrey,11
ENSG00000186376,dimgrey,dimgrey,11
ENSG00000186395,darkgrey,darkgrey,7
ENSG00000186409,silver,silver,29
ENSG00000186417,maroon,maroon,16
ENSG00000186432,gainsboro,gainsboro,13
ENSG00000186453,silver,silver,29
ENSG00000186462,gainsboro,gainsboro,13
ENSG00000186468,dimgrey,dimgrey,11
ENSG00000186469,silver,silver,29
ENSG00000186470,dimgrey,dimgrey,11
ENSG00000186472,firebrick,firebrick,12
ENSG00000186480,silver,silver,29
ENSG00000186501,dimgrey,dimgrey,11
ENSG00000186522,silver,silver,29
ENSG00000186532,linen,linen,15
ENSG00000186564,dimgrey,dimgrey,11
ENSG00000186566,gainsboro,gainsboro,13
ENSG00000186567,dimgrey,dimgrey,11
ENSG00000186575,dimgrey,dimgrey,11
ENSG00000186577,dimgrey,dimgrey,11
ENSG00000186591,darkgrey,darkgrey,7
ENSG00000186603,silver,silver,29
ENSG00000186625,dimgrey,dimgrey,11
ENSG00000186635,maroon,maroon,16
ENSG00000186638,dimgrey,dimgrey,11
ENSG00000186642,maroon,maroon,16
ENSG00000186654,dimgrey,dimgrey,11
ENSG00000186660,gainsboro,gainsboro,13
ENSG00000186665,darkorange,darkorange,8
ENSG00000186666,gainsboro,gainsboro,13
ENSG00000186687,dimgrey,dimgrey,11
ENSG00000186716,darkgrey,darkgrey,7
ENSG00000186767,darkgrey,darkgrey,7
ENSG00000186777,silver,silver,29
ENSG00000186787,dimgrey,dimgrey,11
ENSG00000186792,dimgrey,dimgrey,11
ENSG00000186806,darkgrey,darkgrey,7
ENSG00000186812,dimgrey,dimgrey,11
ENSG00000186814,silver,silver,29
ENSG00000186815,dimgrey,dimgrey,11
ENSG00000186834,gainsboro,gainsboro,13
ENSG00000186854,darkgrey,darkgrey,7
ENSG00000186862,seashell,seashell,27
ENSG00000186866,silver,silver,29
ENSG00000186871,dimgrey,dimgrey,11
ENSG00000186889,silver,silver,29
ENSG00000186908,gainsboro,gainsboro,13
ENSG00000186918,darkgrey,darkgrey,7
ENSG00000186951,white,white,31
ENSG00000187024,silver,silver,29
ENSG00000187049,darkgrey,darkgrey,7
ENSG00000187051,dimgrey,dimgrey,11
ENSG00000187068,gainsboro,gainsboro,13
ENSG00000187079,silver,silver,29
ENSG00000187091,maroon,maroon,16
ENSG00000187094,darkgrey,darkgrey,7
ENSG00000187097,gainsboro,gainsboro,13
ENSG00000187098,silver,silver,29
ENSG00000187109,dimgrey,dimgrey,11
ENSG00000187118,dimgrey,dimgrey,11
ENSG00000187123,darksalmon,darksalmon,10
ENSG00000187134,silver,silver,29
ENSG00000187147,darkgrey,darkgrey,7
ENSG00000187164,darkgrey,darkgrey,7
ENSG00000187170,dimgrey,dimgrey,11
ENSG00000187173,darkgrey,darkgrey,7
ENSG00000187180,silver,silver,29
ENSG00000187189,silver,silver,29
ENSG00000187193,silver,silver,29
ENSG00000187210,maroon,maroon,16
ENSG00000187231,gainsboro,gainsboro,13
ENSG00000187239,darkgrey,darkgrey,7
ENSG00000187240,darkgrey,darkgrey,7
ENSG00000187244,darkgrey,darkgrey,7
ENSG00000187257,gainsboro,gainsboro,13
ENSG00000187266,dimgrey,dimgrey,11
ENSG00000187325,dimgrey,dimgrey,11
ENSG00000187391,silver,silver,29
ENSG00000187446,dimgrey,dimgrey,11
ENSG00000187479,silver,silver,29
ENSG00000187498,silver,silver,29
ENSG00000187510,silver,silver,29
ENSG00000187514,red,red,24
ENSG00000187522,dimgrey,dimgrey,11
ENSG00000187531,darkgrey,darkgrey,7
ENSG00000187535,dimgrey,dimgrey,11
ENSG00000187555,darkgrey,darkgrey,7
ENSG00000187566,seashell,seashell,27
ENSG00000187583,dimgrey,dimgrey,11
ENSG00000187601,dimgrey,dimgrey,11
ENSG00000187605,navajowhite,navajowhite,18
ENSG00000187607,darkgrey,darkgrey,7
ENSG00000187608,darkred,darkred,9
ENSG00000187609,lightcoral,lightcoral,14
ENSG00000187626,darkgrey,darkgrey,7
ENSG00000187676,silver,silver,29
ENSG00000187678,silver,silver,29
ENSG00000187688,dimgrey,dimgrey,11
ENSG00000187699,dimgrey,dimgrey,11
ENSG00000187713,dimgrey,dimgrey,11
ENSG00000187720,darkgrey,darkgrey,7
ENSG00000187735,gainsboro,gainsboro,13
ENSG00000187736,dimgrey,dimgrey,11
ENSG00000187741,darkgrey,darkgrey,7
ENSG00000187742,darkgrey,darkgrey,7
ENSG00000187764,sandybrown,sandybrown,26
ENSG00000187778,dimgrey,dimgrey,11
ENSG00000187790,silver,silver,29
ENSG00000187792,darkgrey,darkgrey,7
ENSG00000187800,dimgrey,dimgrey,11
ENSG00000187801,sandybrown,sandybrown,26
ENSG00000187808,silver,silver,29
ENSG00000187815,silver,silver,29
ENSG00000187824,dimgrey,dimgrey,11
ENSG00000187837,gainsboro,gainsboro,13
ENSG00000187840,silver,silver,29
ENSG00000187860,darkgrey,darkgrey,7
ENSG00000187866,dimgrey,dimgrey,11
ENSG00000187950,gainsboro,gainsboro,13
ENSG00000187954,darkgrey,darkgrey,7
ENSG00000187955,dimgrey,dimgrey,11
ENSG00000187957,silver,silver,29
ENSG00000187961,darkgrey,darkgrey,7
ENSG00000187987,gainsboro,gainsboro,13
ENSG00000188010,dimgrey,dimgrey,11
ENSG00000188015,darkgrey,darkgrey,7
ENSG00000188021,dimgrey,dimgrey,11
ENSG00000188026,maroon,maroon,16
ENSG00000188033,darkgrey,darkgrey,7
ENSG00000188042,darkgrey,darkgrey,7
ENSG00000188060,silver,silver,29
ENSG00000188070,dimgrey,dimgrey,11
ENSG00000188092,dimgrey,dimgrey,11
ENSG00000188095,dimgrey,dimgrey,11
ENSG00000188112,darkgrey,darkgrey,7
ENSG00000188124,darkgrey,darkgrey,7
ENSG00000188130,darkgrey,darkgrey,7
ENSG00000188153,darkgrey,darkgrey,7
ENSG00000188157,darkgrey,darkgrey,7
ENSG00000188158,dimgrey,dimgrey,11
ENSG00000188167,coral,coral,6
ENSG00000188171,darkgrey,darkgrey,7
ENSG00000188177,maroon,maroon,16
ENSG00000188186,dimgrey,dimgrey,11
ENSG00000188191,white,white,31
ENSG00000188211,dimgrey,dimgrey,11
ENSG00000188215,sienna,sienna,28
ENSG00000188227,darkgrey,darkgrey,7
ENSG00000188229,dimgrey,dimgrey,11
ENSG00000188234,lightcoral,lightcoral,14
ENSG00000188243,dimgrey,dimgrey,11
ENSG00000188266,dimgrey,dimgrey,11
ENSG00000188283,silver,silver,29
ENSG00000188290,darkgrey,darkgrey,7
ENSG00000188295,red,red,24
ENSG00000188305,dimgrey,dimgrey,11
ENSG00000188312,silver,silver,29
ENSG00000188313,linen,linen,15
ENSG00000188315,dimgrey,dimgrey,11
ENSG00000188321,dimgrey,dimgrey,11
ENSG00000188342,dimgrey,dimgrey,11
ENSG00000188343,silver,silver,29
ENSG00000188352,darkgrey,darkgrey,7
ENSG00000188368,silver,silver,29
ENSG00000188372,gainsboro,gainsboro,13
ENSG00000188385,silver,silver,29
ENSG00000188419,dimgrey,dimgrey,11
ENSG00000188428,firebrick,firebrick,12
ENSG00000188452,dimgrey,dimgrey,11
ENSG00000188483,darkgrey,darkgrey,7
ENSG00000188486,gainsboro,gainsboro,13
ENSG00000188487,silver,silver,29
ENSG00000188493,darkgrey,darkgrey,7
ENSG00000188501,dimgrey,dimgrey,11
ENSG00000188522,darkgrey,darkgrey,7
ENSG00000188529,silver,silver,29
ENSG00000188542,darkgrey,darkgrey,7
ENSG00000188549,dimgrey,dimgrey,11
ENSG00000188554,dimgrey,dimgrey,11
ENSG00000188559,dimgrey,dimgrey,11
ENSG00000188566,darkgrey,darkgrey,7
ENSG00000188596,silver,silver,29
ENSG00000188603,gainsboro,gainsboro,13
ENSG00000188611,dimgrey,dimgrey,11
ENSG00000188612,gainsboro,gainsboro,13
ENSG00000188613,silver,silver,29
ENSG00000188636,darkgrey,darkgrey,7
ENSG00000188641,silver,silver,29
ENSG00000188643,darkgrey,darkgrey,7
ENSG00000188647,silver,silver,29
ENSG00000188677,darkgrey,darkgrey,7
ENSG00000188690,silver,silver,29
ENSG00000188706,darkgrey,darkgrey,7
ENSG00000188725,dimgrey,dimgrey,11
ENSG00000188732,gainsboro,gainsboro,13
ENSG00000188735,darkgrey,darkgrey,7
ENSG00000188739,gainsboro,gainsboro,13
ENSG00000188760,dimgrey,dimgrey,11
ENSG00000188761,dimgrey,dimgrey,11
ENSG00000188766,darkgrey,darkgrey,7
ENSG00000188783,darkgrey,darkgrey,7
ENSG00000188785,lightcoral,lightcoral,14
ENSG00000188786,darkgrey,darkgrey,7
ENSG00000188807,darkgrey,darkgrey,7
ENSG00000188811,firebrick,firebrick,12
ENSG00000188818,gainsboro,gainsboro,13
ENSG00000188827,dimgrey,dimgrey,11
ENSG00000188846,dimgrey,dimgrey,11
ENSG00000188868,sandybrown,sandybrown,26
ENSG00000188878,gainsboro,gainsboro,13
ENSG00000188895,white,white,31
ENSG00000188906,darkgrey,darkgrey,7
ENSG00000188916,lightcoral,lightcoral,14
ENSG00000188917,brown,brown,3
ENSG00000188921,dimgrey,dimgrey,11
ENSG00000188938,silver,silver,29
ENSG00000188958,darkgrey,darkgrey,7
ENSG00000188976,gainsboro,gainsboro,13
ENSG00000188986,orangered,orangered,20
ENSG00000188994,darkred,darkred,9
ENSG00000188997,dimgrey,dimgrey,11
ENSG00000189001,dimgrey,dimgrey,11
ENSG00000189007,dimgrey,dimgrey,11
ENSG00000189042,silver,silver,29
ENSG00000189043,dimgrey,dimgrey,11
ENSG00000189046,maroon,maroon,16
ENSG00000189050,dimgrey,dimgrey,11
ENSG00000189056,gainsboro,gainsboro,13
ENSG00000189057,dimgrey,dimgrey,11
ENSG00000189060,darkgrey,darkgrey,7
ENSG00000189067,dimgrey,dimgrey,11
ENSG00000189077,darkgrey,darkgrey,7
ENSG00000189079,silver,silver,29
ENSG00000189091,darkgrey,darkgrey,7
ENSG00000189114,darkgrey,darkgrey,7
ENSG00000189120,gainsboro,gainsboro,13
ENSG00000189129,darkgrey,darkgrey,7
ENSG00000189134,dimgrey,dimgrey,11
ENSG00000189143,darkgrey,darkgrey,7
ENSG00000189159,silver,silver,29
ENSG00000189164,gainsboro,gainsboro,13
ENSG00000189171,darkgrey,darkgrey,7
ENSG00000189180,gainsboro,gainsboro,13
ENSG00000189184,silver,silver,29
ENSG00000189190,firebrick,firebrick,12
ENSG00000189195,dimgrey,dimgrey,11
ENSG00000189221,darkgrey,darkgrey,7
ENSG00000189227,darkgrey,darkgrey,7
ENSG00000189241,silver,silver,29
ENSG00000189266,dimgrey,dimgrey,11
ENSG00000189269,darkgrey,darkgrey,7
ENSG00000189298,firebrick,firebrick,12
ENSG00000189306,darkgrey,darkgrey,7
ENSG00000189308,dimgrey,dimgrey,11
ENSG00000189319,maroon,maroon,16
ENSG00000189320,dimgrey,dimgrey,11
ENSG00000189337,darkgrey,darkgrey,7
ENSG00000189339,maroon,maroon,16
ENSG00000189362,silver,silver,29
ENSG00000189369,gainsboro,gainsboro,13
ENSG00000189376,silver,silver,29
ENSG00000189403,silver,silver,29
ENSG00000189410,silver,silver,29
ENSG00000196072,gainsboro,gainsboro,13
ENSG00000196074,firebrick,firebrick,12
ENSG00000196081,maroon,maroon,16
ENSG00000196083,dimgrey,dimgrey,11
ENSG00000196110,dimgrey,dimgrey,11
ENSG00000196116,darksalmon,darksalmon,10
ENSG00000196123,dimgrey,dimgrey,11
ENSG00000196139,dimgrey,dimgrey,11
ENSG00000196141,dimgrey,dimgrey,11
ENSG00000196150,darkgrey,darkgrey,7
ENSG00000196151,silver,silver,29
ENSG00000196152,dimgrey,dimgrey,11
ENSG00000196154,darkgrey,darkgrey,7
ENSG00000196155,silver,silver,29
ENSG00000196159,gainsboro,gainsboro,13
ENSG00000196172,silver,silver,29
ENSG00000196177,dimgrey,dimgrey,11
ENSG00000196182,dimgrey,dimgrey,11
ENSG00000196187,darkgrey,darkgrey,7
ENSG00000196189,darkgrey,darkgrey,7
ENSG00000196196,darkgrey,darkgrey,7
ENSG00000196199,gainsboro,gainsboro,13
ENSG00000196208,gainsboro,gainsboro,13
ENSG00000196214,darkgrey,darkgrey,7
ENSG00000196220,white,white,31
ENSG00000196227,red,red,24
ENSG00000196233,darkgrey,darkgrey,7
ENSG00000196235,maroon,maroon,16
ENSG00000196236,darkgrey,darkgrey,7
ENSG00000196247,silver,silver,29
ENSG00000196262,dimgrey,dimgrey,11
ENSG00000196263,maroon,maroon,16
ENSG00000196267,darkgrey,darkgrey,7
ENSG00000196268,darkgrey,darkgrey,7
ENSG00000196275,dimgrey,dimgrey,11
ENSG00000196284,saddlebrown,saddlebrown,25
ENSG00000196290,dimgrey,dimgrey,11
ENSG00000196305,coral,coral,6
ENSG00000196313,maroon,maroon,16
ENSG00000196323,darkgrey,darkgrey,7
ENSG00000196338,dimgrey,dimgrey,11
ENSG00000196352,silver,silver,29
ENSG00000196357,dimgrey,dimgrey,11
ENSG00000196358,gainsboro,gainsboro,13
ENSG00000196361,darkgrey,darkgrey,7
ENSG00000196363,white,white,31
ENSG00000196365,bisque,bisque,1
ENSG00000196367,silver,silver,29
ENSG00000196368,darkgrey,darkgrey,7
ENSG00000196369,dimgrey,dimgrey,11
ENSG00000196371,silver,silver,29
ENSG00000196372,silver,silver,29
ENSG00000196378,gainsboro,gainsboro,13
ENSG00000196387,dimgrey,dimgrey,11
ENSG00000196391,darkgrey,darkgrey,7
ENSG00000196396,darkgrey,darkgrey,7
ENSG00000196405,firebrick,firebrick,12
ENSG00000196411,darkgrey,darkgrey,7
ENSG00000196417,gainsboro,gainsboro,13
ENSG00000196418,silver,silver,29
ENSG00000196419,dimgrey,dimgrey,11
ENSG00000196422,gainsboro,gainsboro,13
ENSG00000196428,silver,silver,29
ENSG00000196437,darkgrey,darkgrey,7
ENSG00000196440,brown,brown,3
ENSG00000196449,dimgrey,dimgrey,11
ENSG00000196453,darkgrey,darkgrey,7
ENSG00000196455,dimgrey,dimgrey,11
ENSG00000196456,burlywood,burlywood,4
ENSG00000196458,brown,brown,3
ENSG00000196459,silver,silver,29
ENSG00000196460,dimgrey,dimgrey,11
ENSG00000196465,dimgrey,dimgrey,11
ENSG00000196466,sienna,sienna,28
ENSG00000196470,silver,silver,29
ENSG00000196476,darkgrey,darkgrey,7
ENSG00000196498,darkgrey,darkgrey,7
ENSG00000196503,silver,silver,29
ENSG00000196504,darkgrey,darkgrey,7
ENSG00000196505,dimgrey,dimgrey,11
ENSG00000196507,gainsboro,gainsboro,13
ENSG00000196510,dimgrey,dimgrey,11
ENSG00000196511,silver,silver,29
ENSG00000196517,dimgrey,dimgrey,11
ENSG00000196526,silver,silver,29
ENSG00000196531,dimgrey,dimgrey,11
ENSG00000196535,darkgrey,darkgrey,7
ENSG00000196544,darkgrey,darkgrey,7
ENSG00000196547,sienna,sienna,28
ENSG00000196549,darkgrey,darkgrey,7
ENSG00000196550,maroon,maroon,16
ENSG00000196557,dimgrey,dimgrey,11
ENSG00000196562,dimgrey,dimgrey,11
ENSG00000196569,darkgrey,darkgrey,7
ENSG00000196576,dimgrey,dimgrey,11
ENSG00000196584,darkgrey,darkgrey,7
ENSG00000196586,dimgrey,dimgrey,11
ENSG00000196588,darkgrey,darkgrey,7
ENSG00000196591,dimgrey,dimgrey,11
ENSG00000196597,silver,silver,29
ENSG00000196605,dimgrey,dimgrey,11
ENSG00000196611,dimgrey,dimgrey,11
ENSG00000196616,gainsboro,gainsboro,13
ENSG00000196628,gainsboro,gainsboro,13
ENSG00000196632,lightcoral,lightcoral,14
ENSG00000196636,silver,silver,29
ENSG00000196639,darkgrey,darkgrey,7
ENSG00000196642,dimgrey,dimgrey,11
ENSG00000196646,silver,silver,29
ENSG00000196652,darkgrey,darkgrey,7
ENSG00000196655,dimgrey,dimgrey,11
ENSG00000196659,darkgrey,darkgrey,7
ENSG00000196663,gainsboro,gainsboro,13
ENSG00000196670,darkgrey,darkgrey,7
ENSG00000196678,silver,silver,29
ENSG00000196683,dimgrey,dimgrey,11
ENSG00000196689,darkred,darkred,9
ENSG00000196693,gainsboro,gainsboro,13
ENSG00000196700,darkgrey,darkgrey,7
ENSG00000196704,dimgrey,dimgrey,11
ENSG00000196705,darkgrey,darkgrey,7
ENSG00000196712,gainsboro,gainsboro,13
ENSG00000196715,dimgrey,dimgrey,11
ENSG00000196724,darkgrey,darkgrey,7
ENSG00000196730,darkgrey,darkgrey,7
ENSG00000196739,darkgrey,darkgrey,7
ENSG00000196743,dimgrey,dimgrey,11
ENSG00000196754,darkgrey,darkgrey,7
ENSG00000196757,dimgrey,dimgrey,11
ENSG00000196776,dimgrey,dimgrey,11
ENSG00000196781,darkgrey,darkgrey,7
ENSG00000196782,darkgrey,darkgrey,7
ENSG00000196792,gainsboro,gainsboro,13
ENSG00000196793,firebrick,firebrick,12
ENSG00000196812,dimgrey,dimgrey,11
ENSG00000196814,dimgrey,dimgrey,11
ENSG00000196821,darkgrey,darkgrey,7
ENSG00000196839,silver,silver,29
ENSG00000196843,dimgrey,dimgrey,11
ENSG00000196850,gainsboro,gainsboro,13
ENSG00000196860,dimgrey,dimgrey,11
ENSG00000196865,silver,silver,29
ENSG00000196867,dimgrey,dimgrey,11
ENSG00000196876,gainsboro,gainsboro,13
ENSG00000196878,dimgrey,dimgrey,11
ENSG00000196911,dimgrey,dimgrey,11
ENSG00000196912,darkgrey,darkgrey,7
ENSG00000196914,silver,silver,29
ENSG00000196917,darkgrey,darkgrey,7
ENSG00000196923,dimgrey,dimgrey,11
ENSG00000196924,dimgrey,dimgrey,11
ENSG00000196932,seashell,seashell,27
ENSG00000196935,darkgrey,darkgrey,7
ENSG00000196937,darkgrey,darkgrey,7
ENSG00000196950,gainsboro,gainsboro,13
ENSG00000196954,dimgrey,dimgrey,11
ENSG00000196961,darkgrey,darkgrey,7
ENSG00000196967,firebrick,firebrick,12
ENSG00000196968,darkgrey,darkgrey,7
ENSG00000196972,maroon,maroon,16
ENSG00000196975,dimgrey,dimgrey,11
ENSG00000196976,dimgrey,dimgrey,11
ENSG00000196981,dimgrey,dimgrey,11
ENSG00000196998,dimgrey,dimgrey,11
ENSG00000197006,silver,silver,29
ENSG00000197008,dimgrey,dimgrey,11
ENSG00000197013,darkgrey,darkgrey,7
ENSG00000197016,maroon,maroon,16
ENSG00000197019,dimgrey,dimgrey,11
ENSG00000197020,saddlebrown,saddlebrown,25
ENSG00000197021,dimgrey,dimgrey,11
ENSG00000197024,dimgrey,dimgrey,11
ENSG00000197037,darkgrey,darkgrey,7
ENSG00000197043,darkgrey,darkgrey,7
ENSG00000197044,dimgrey,dimgrey,11
ENSG00000197045,silver,silver,29
ENSG00000197046,dimgrey,dimgrey,11
ENSG00000197050,darkgrey,darkgrey,7
ENSG00000197054,brown,brown,3
ENSG00000197056,silver,silver,29
ENSG00000197061,gainsboro,gainsboro,13
ENSG00000197062,dimgrey,dimgrey,11
ENSG00000197063,darkgrey,darkgrey,7
ENSG00000197070,dimgrey,dimgrey,11
ENSG00000197077,maroon,maroon,16
ENSG00000197081,darkgrey,darkgrey,7
ENSG00000197093,darksalmon,darksalmon,10
ENSG00000197102,gainsboro,gainsboro,13
ENSG00000197106,dimgrey,dimgrey,11
ENSG00000197111,white,white,31
ENSG00000197121,sandybrown,sandybrown,26
ENSG00000197124,lightcoral,lightcoral,14
ENSG00000197128,dimgrey,dimgrey,11
ENSG00000197136,darkgrey,darkgrey,7
ENSG00000197142,dimgrey,dimgrey,11
ENSG00000197147,darkgrey,darkgrey,7
ENSG00000197150,silver,silver,29
ENSG00000197157,darkgrey,darkgrey,7
ENSG00000197162,darkgrey,darkgrey,7
ENSG00000197168,darkgrey,darkgrey,7
ENSG00000197170,silver,silver,29
ENSG00000197183,saddlebrown,saddlebrown,25
ENSG00000197191,gainsboro,gainsboro,13
ENSG00000197208,dimgrey,dimgrey,11
ENSG00000197217,dimgrey,dimgrey,11
ENSG00000197223,dimgrey,dimgrey,11
ENSG00000197226,white,white,31
ENSG00000197238,maroon,maroon,16
ENSG00000197256,dimgrey,dimgrey,11
ENSG00000197261,darkgrey,darkgrey,7
ENSG00000197265,white,white,31
ENSG00000197275,darkred,darkred,9
ENSG00000197296,dimgrey,dimgrey,11
ENSG00000197299,silver,silver,29
ENSG00000197302,darkgrey,darkgrey,7
ENSG00000197312,darkgrey,darkgrey,7
ENSG00000197321,silver,silver,29
ENSG00000197323,darkgrey,darkgrey,7
ENSG00000197324,dimgrey,dimgrey,11
ENSG00000197329,papayawhip,papayawhip,21
ENSG00000197343,dimgrey,dimgrey,11
ENSG00000197345,gainsboro,gainsboro,13
ENSG00000197355,dimgrey,dimgrey,11
ENSG00000197361,silver,silver,29
ENSG00000197362,dimgrey,dimgrey,11
ENSG00000197363,maroon,maroon,16
ENSG00000197372,dimgrey,dimgrey,11
ENSG00000197375,gainsboro,gainsboro,13
ENSG00000197380,darkgrey,darkgrey,7
ENSG00000197381,dimgrey,dimgrey,11
ENSG00000197386,white,white,31
ENSG00000197405,chocolate,chocolate,5
ENSG00000197415,maroon,maroon,16
ENSG00000197417,silver,silver,29
ENSG00000197429,darkgrey,darkgrey,7
ENSG00000197442,gainsboro,gainsboro,13
ENSG00000197448,dimgrey,dimgrey,11
ENSG00000197451,gainsboro,gainsboro,13
ENSG00000197457,darkgrey,darkgrey,7
ENSG00000197461,darkgrey,darkgrey,7
ENSG00000197465,darkred,darkred,9
ENSG00000197467,darkgrey,darkgrey,7
ENSG00000197472,silver,silver,29
ENSG00000197483,silver,silver,29
ENSG00000197496,dimgrey,dimgrey,11
ENSG00000197497,dimgrey,dimgrey,11
ENSG00000197498,gainsboro,gainsboro,13
ENSG00000197506,peru,peru,23
ENSG00000197530,darkgrey,darkgrey,7
ENSG00000197535,coral,coral,6
ENSG00000197548,silver,silver,29
ENSG00000197555,darkgrey,darkgrey,7
ENSG00000197557,maroon,maroon,16
ENSG00000197562,coral,coral,6
ENSG00000197563,silver,silver,29
ENSG00000197566,lightcoral,lightcoral,14
ENSG00000197579,gainsboro,gainsboro,13
ENSG00000197580,darkgrey,darkgrey,7
ENSG00000197586,dimgrey,dimgrey,11
ENSG00000197594,darkgrey,darkgrey,7
ENSG00000197601,darkgrey,darkgrey,7
ENSG00000197603,gainsboro,gainsboro,13
ENSG00000197608,gainsboro,gainsboro,13
ENSG00000197614,dimgrey,dimgrey,11
ENSG00000197619,silver,silver,29
ENSG00000197620,dimgrey,dimgrey,11
ENSG00000197622,darkgrey,darkgrey,7
ENSG00000197632,silver,silver,29
ENSG00000197635,white,white,31
ENSG00000197646,silver,silver,29
ENSG00000197647,coral,coral,6
ENSG00000197694,dimgrey,dimgrey,11
ENSG00000197696,darkgrey,darkgrey,7
ENSG00000197702,dimgrey,dimgrey,11
ENSG00000197712,red,red,24
ENSG00000197713,dimgrey,dimgrey,11
ENSG00000197724,white,white,31
ENSG00000197728,dimgrey,dimgrey,11
ENSG00000197746,darkgrey,darkgrey,7
ENSG00000197747,dimgrey,dimgrey,11
ENSG00000197756,dimgrey,dimgrey,11
ENSG00000197757,dimgrey,dimgrey,11
ENSG00000197763,dimgrey,dimgrey,11
ENSG00000197771,darkred,darkred,9
ENSG00000197774,tan,tan,30
ENSG00000197776,dimgrey,dimgrey,11
ENSG00000197779,gainsboro,gainsboro,13
ENSG00000197780,silver,silver,29
ENSG00000197785,darkgrey,darkgrey,7
ENSG00000197798,darkgrey,darkgrey,7
ENSG00000197808,darkgrey,darkgrey,7
ENSG00000197818,darkgrey,darkgrey,7
ENSG00000197826,silver,silver,29
ENSG00000197841,darkgrey,darkgrey,7
ENSG00000197852,gainsboro,gainsboro,13
ENSG00000197857,maroon,maroon,16
ENSG00000197858,darkgrey,darkgrey,7
ENSG00000197860,dimgrey,dimgrey,11
ENSG00000197863,dimgrey,dimgrey,11
ENSG00000197872,darkgrey,darkgrey,7
ENSG00000197879,dimgrey,dimgrey,11
ENSG00000197885,dimgrey,dimgrey,11
ENSG00000197892,darkgrey,darkgrey,7
ENSG00000197894,dimgrey,dimgrey,11
ENSG00000197903,dimgrey,dimgrey,11
ENSG00000197905,darkgrey,darkgrey,7
ENSG00000197912,darkgrey,darkgrey,7
ENSG00000197928,dimgrey,dimgrey,11
ENSG00000197930,dimgrey,dimgrey,11
ENSG00000197933,dimgrey,dimgrey,11
ENSG00000197937,darkgrey,darkgrey,7
ENSG00000197948,darkgrey,darkgrey,7
ENSG00000197951,silver,silver,29
ENSG00000197956,darkgrey,darkgrey,7
ENSG00000197958,dimgrey,dimgrey,11
ENSG00000197959,firebrick,firebrick,12
ENSG00000197961,dimgrey,dimgrey,11
ENSG00000197965,darkred,darkred,9
ENSG00000197969,orangered,orangered,20
ENSG00000197971,gainsboro,gainsboro,13
ENSG00000197977,darkgrey,darkgrey,7
ENSG00000197978,dimgrey,dimgrey,11
ENSG00000197982,darkgrey,darkgrey,7
ENSG00000198000,dimgrey,dimgrey,11
ENSG00000198001,gainsboro,gainsboro,13
ENSG00000198015,silver,silver,29
ENSG00000198018,peru,peru,23
ENSG00000198026,darkgrey,darkgrey,7
ENSG00000198028,dimgrey,dimgrey,11
ENSG00000198034,darkgrey,darkgrey,7
ENSG00000198039,orange,orange,19
ENSG00000198040,silver,silver,29
ENSG00000198042,dimgrey,dimgrey,11
ENSG00000198046,darkgrey,darkgrey,7
ENSG00000198053,darkgrey,darkgrey,7
ENSG00000198055,darkgrey,darkgrey,7
ENSG00000198056,gainsboro,gainsboro,13
ENSG00000198060,dimgrey,dimgrey,11
ENSG00000198074,silver,silver,29
ENSG00000198081,silver,silver,29
ENSG00000198087,maroon,maroon,16
ENSG00000198089,firebrick,firebrick,12
ENSG00000198093,firebrick,firebrick,12
ENSG00000198105,darkgrey,darkgrey,7
ENSG00000198108,silver,silver,29
ENSG00000198113,dimgrey,dimgrey,11
ENSG00000198121,dimgrey,dimgrey,11
ENSG00000198130,dimgrey,dimgrey,11
ENSG00000198131,darkgrey,darkgrey,7
ENSG00000198133,darkgrey,darkgrey,7
ENSG00000198142,darkgrey,darkgrey,7
ENSG00000198146,silver,silver,29
ENSG00000198157,gainsboro,gainsboro,13
ENSG00000198160,gainsboro,gainsboro,13
ENSG00000198162,red,red,24
ENSG00000198168,darkgrey,darkgrey,7
ENSG00000198171,silver,silver,29
ENSG00000198176,darkgrey,darkgrey,7
ENSG00000198182,dimgrey,dimgrey,11
ENSG00000198185,darkgrey,darkgrey,7
ENSG00000198189,red,red,24
ENSG00000198198,white,white,31
ENSG00000198205,red,red,24
ENSG00000198208,gainsboro,gainsboro,13
ENSG00000198218,gainsboro,gainsboro,13
ENSG00000198225,dimgrey,dimgrey,11
ENSG00000198231,gainsboro,gainsboro,13
ENSG00000198242,gainsboro,gainsboro,13
ENSG00000198246,red,red,24
ENSG00000198252,dimgrey,dimgrey,11
ENSG00000198258,silver,silver,29
ENSG00000198265,gainsboro,gainsboro,13
ENSG00000198270,dimgrey,dimgrey,11
ENSG00000198276,gainsboro,gainsboro,13
ENSG00000198298,dimgrey,dimgrey,11
ENSG00000198301,dimgrey,dimgrey,11
ENSG00000198315,silver,silver,29
ENSG00000198324,darkgrey,darkgrey,7
ENSG00000198331,white,white,31
ENSG00000198342,firebrick,firebrick,12
ENSG00000198346,darkgrey,darkgrey,7
ENSG00000198353,red,red,24
ENSG00000198355,darkgrey,darkgrey,7
ENSG00000198356,dimgrey,dimgrey,11
ENSG00000198363,dimgrey,dimgrey,11
ENSG00000198369,silver,silver,29
ENSG00000198373,darkgrey,darkgrey,7
ENSG00000198380,white,white,31
ENSG00000198382,silver,silver,29
ENSG00000198393,gainsboro,gainsboro,13
ENSG00000198399,dimgrey,dimgrey,11
ENSG00000198408,silver,silver,29
ENSG00000198417,darkgrey,darkgrey,7
ENSG00000198420,antiquewhite,antiquewhite,0
ENSG00000198429,darkgrey,darkgrey,7
ENSG00000198431,silver,silver,29
ENSG00000198440,silver,silver,29
ENSG00000198453,darkgrey,darkgrey,7
ENSG00000198455,silver,silver,29
ENSG00000198464,silver,silver,29
ENSG00000198466,darkgrey,darkgrey,7
ENSG00000198467,dimgrey,dimgrey,11
ENSG00000198478,darkgrey,darkgrey,7
ENSG00000198482,darkgrey,darkgrey,7
ENSG00000198483,gainsboro,gainsboro,13
ENSG00000198492,dimgrey,dimgrey,11
ENSG00000198498,dimgrey,dimgrey,11
ENSG00000198513,darkgrey,darkgrey,7
ENSG00000198521,darkgrey,darkgrey,7
ENSG00000198522,dimgrey,dimgrey,11
ENSG00000198523,silver,silver,29
ENSG00000198538,silver,silver,29
ENSG00000198542,dimgrey,dimgrey,11
ENSG00000198546,dimgrey,dimgrey,11
ENSG00000198551,silver,silver,29
ENSG00000198554,coral,coral,6
ENSG00000198556,silver,silver,29
ENSG00000198561,silver,silver,29
ENSG00000198585,dimgrey,dimgrey,11
ENSG00000198586,dimgrey,dimgrey,11
ENSG00000198589,silver,silver,29
ENSG00000198598,darkgrey,darkgrey,7
ENSG00000198604,darkgrey,darkgrey,7
ENSG00000198612,silver,silver,29
ENSG00000198624,darkgrey,darkgrey,7
ENSG00000198625,dimgrey,dimgrey,11
ENSG00000198642,darkgrey,darkgrey,7
ENSG00000198646,gainsboro,gainsboro,13
ENSG00000198648,orangered,orangered,20
ENSG00000198663,dimgrey,dimgrey,11
ENSG00000198668,gainsboro,gainsboro,13
ENSG00000198673,gainsboro,gainsboro,13
ENSG00000198677,silver,silver,29
ENSG00000198680,darkgrey,darkgrey,7
ENSG00000198682,gainsboro,gainsboro,13
ENSG00000198689,white,white,31
ENSG00000198690,dimgrey,dimgrey,11
ENSG00000198695,dimgrey,dimgrey,11
ENSG00000198700,darkgrey,darkgrey,7
ENSG00000198707,gainsboro,gainsboro,13
ENSG00000198712,dimgrey,dimgrey,11
ENSG00000198715,dimgrey,dimgrey,11
ENSG00000198718,gainsboro,gainsboro,13
ENSG00000198720,dimgrey,dimgrey,11
ENSG00000198721,silver,silver,29
ENSG00000198722,dimgrey,dimgrey,11
ENSG00000198727,dimgrey,dimgrey,11
ENSG00000198728,darkgrey,darkgrey,7
ENSG00000198730,red,red,24
ENSG00000198732,darkgrey,darkgrey,7
ENSG00000198740,lightcoral,lightcoral,14
ENSG00000198742,silver,silver,29
ENSG00000198743,darkgrey,darkgrey,7
ENSG00000198746,darkgrey,darkgrey,7
ENSG00000198752,gainsboro,gainsboro,13
ENSG00000198754,gainsboro,gainsboro,13
ENSG00000198755,silver,silver,29
ENSG00000198756,gainsboro,gainsboro,13
ENSG00000198763,gainsboro,gainsboro,13
ENSG00000198768,dimgrey,dimgrey,11
ENSG00000198771,darkgrey,darkgrey,7
ENSG00000198783,peru,peru,23
ENSG00000198786,gainsboro,gainsboro,13
ENSG00000198791,darkgrey,darkgrey,7
ENSG00000198792,dimgrey,dimgrey,11
ENSG00000198793,dimgrey,dimgrey,11
ENSG00000198794,dimgrey,dimgrey,11
ENSG00000198795,darkgrey,darkgrey,7
ENSG00000198796,darkgrey,darkgrey,7
ENSG00000198799,dimgrey,dimgrey,11
ENSG00000198804,dimgrey,dimgrey,11
ENSG00000198814,darkgrey,darkgrey,7
ENSG00000198815,dimgrey,dimgrey,11
ENSG00000198816,darkgrey,darkgrey,7
ENSG00000198818,silver,silver,29
ENSG00000198824,dimgrey,dimgrey,11
ENSG00000198825,silver,silver,29
ENSG00000198826,dimgrey,dimgrey,11
ENSG00000198830,dimgrey,dimgrey,11
ENSG00000198832,dimgrey,dimgrey,11
ENSG00000198833,silver,silver,29
ENSG00000198835,darkgrey,darkgrey,7
ENSG00000198836,silver,silver,29
ENSG00000198837,darkgrey,darkgrey,7
ENSG00000198838,gainsboro,gainsboro,13
ENSG00000198839,maroon,maroon,16
ENSG00000198840,dimgrey,dimgrey,11
ENSG00000198841,dimgrey,dimgrey,11
ENSG00000198843,dimgrey,dimgrey,11
ENSG00000198846,gainsboro,gainsboro,13
ENSG00000198853,silver,silver,29
ENSG00000198855,dimgrey,dimgrey,11
ENSG00000198856,linen,linen,15
ENSG00000198858,darkgrey,darkgrey,7
ENSG00000198860,darkgrey,darkgrey,7
ENSG00000198862,dimgrey,dimgrey,11
ENSG00000198863,gainsboro,gainsboro,13
ENSG00000198865,dimgrey,dimgrey,11
ENSG00000198873,darkgrey,darkgrey,7
ENSG00000198874,gainsboro,gainsboro,13
ENSG00000198876,darkgrey,darkgrey,7
ENSG00000198879,lightcoral,lightcoral,14
ENSG00000198885,firebrick,firebrick,12
ENSG00000198886,dimgrey,dimgrey,11
ENSG00000198887,gainsboro,gainsboro,13
ENSG00000198888,dimgrey,dimgrey,11
ENSG00000198890,silver,silver,29
ENSG00000198892,darkgrey,darkgrey,7
ENSG00000198894,dimgrey,dimgrey,11
ENSG00000198898,dimgrey,dimgrey,11
ENSG00000198899,dimgrey,dimgrey,11
ENSG00000198900,darkred,darkred,9
ENSG00000198901,dimgrey,dimgrey,11
ENSG00000198909,darkgrey,darkgrey,7
ENSG00000198910,dimgrey,dimgrey,11
ENSG00000198911,darkgrey,darkgrey,7
ENSG00000198912,brown,brown,3
ENSG00000198915,dimgrey,dimgrey,11
ENSG00000198918,gainsboro,gainsboro,13
ENSG00000198919,silver,silver,29
ENSG00000198924,silver,silver,29
ENSG00000198929,gainsboro,gainsboro,13
ENSG00000198931,silver,silver,29
ENSG00000198932,darkgrey,darkgrey,7
ENSG00000198933,darkgrey,darkgrey,7
ENSG00000198934,dimgrey,dimgrey,11
ENSG00000198937,dimgrey,dimgrey,11
ENSG00000198938,dimgrey,dimgrey,11
ENSG00000198945,darkgrey,darkgrey,7
ENSG00000198947,silver,silver,29
ENSG00000198948,red,red,24
ENSG00000198951,silver,silver,29
ENSG00000198952,dimgrey,dimgrey,11
ENSG00000198954,orangered,orangered,20
ENSG00000198959,silver,silver,29
ENSG00000198960,dimgrey,dimgrey,11
ENSG00000198961,gainsboro,gainsboro,13
ENSG00000198963,dimgrey,dimgrey,11
ENSG00000198964,silver,silver,29
ENSG00000203326,gainsboro,gainsboro,13
ENSG00000203485,darkgrey,darkgrey,7
ENSG00000203666,darkgrey,darkgrey,7
ENSG00000203668,silver,silver,29
ENSG00000203705,dimgrey,dimgrey,11
ENSG00000203722,dimgrey,dimgrey,11
ENSG00000203724,silver,silver,29
ENSG00000203727,darkgrey,darkgrey,7
ENSG00000203760,dimgrey,dimgrey,11
ENSG00000203778,dimgrey,dimgrey,11
ENSG00000203780,darkgrey,darkgrey,7
ENSG00000203786,darkorange,darkorange,8
ENSG00000203791,dimgrey,dimgrey,11
ENSG00000203797,lightcoral,lightcoral,14
ENSG00000203805,dimgrey,dimgrey,11
ENSG00000203867,dimgrey,dimgrey,11
ENSG00000203872,darkgrey,darkgrey,7
ENSG00000203879,dimgrey,dimgrey,11
ENSG00000203880,blanchedalmond,blanchedalmond,2
ENSG00000203910,dimgrey,dimgrey,11
ENSG00000203943,gainsboro,gainsboro,13
ENSG00000203950,darkgrey,darkgrey,7
ENSG00000203965,silver,silver,29
ENSG00000203995,dimgrey,dimgrey,11
ENSG00000204052,maroon,maroon,16
ENSG00000204054,dimgrey,dimgrey,11
ENSG00000204070,darkgrey,darkgrey,7
ENSG00000204084,silver,silver,29
ENSG00000204086,dimgrey,dimgrey,11
ENSG00000204103,maroon,maroon,16
ENSG00000204104,darkgrey,darkgrey,7
ENSG00000204116,dimgrey,dimgrey,11
ENSG00000204120,dimgrey,dimgrey,11
ENSG00000204128,brown,brown,3
ENSG00000204130,gainsboro,gainsboro,13
ENSG00000204131,dimgrey,dimgrey,11
ENSG00000204138,gainsboro,gainsboro,13
ENSG00000204147,dimgrey,dimgrey,11
ENSG00000204152,silver,silver,29
ENSG00000204160,dimgrey,dimgrey,11
ENSG00000204172,silver,silver,29
ENSG00000204176,silver,silver,29
ENSG00000204178,firebrick,firebrick,12
ENSG00000204209,silver,silver,29
ENSG00000204217,darkgrey,darkgrey,7
ENSG00000204219,silver,silver,29
ENSG00000204220,maroon,maroon,16
ENSG00000204227,dimgrey,dimgrey,11
ENSG00000204237,darkgrey,darkgrey,7
ENSG00000204256,dimgrey,dimgrey,11
ENSG00000204257,silver,silver,29
ENSG00000204262,silver,silver,29
ENSG00000204264,dimgrey,dimgrey,11
ENSG00000204271,dimgrey,dimgrey,11
ENSG00000204272,dimgrey,dimgrey,11
ENSG00000204291,dimgrey,dimgrey,11
ENSG00000204304,gainsboro,gainsboro,13
ENSG00000204308,orange,orange,19
ENSG00000204311,silver,silver,29
ENSG00000204334,dimgrey,dimgrey,11
ENSG00000204348,maroon,maroon,16
ENSG00000204351,silver,silver,29
ENSG00000204356,dimgrey,dimgrey,11
ENSG00000204370,dimgrey,dimgrey,11
ENSG00000204371,red,red,24
ENSG00000204381,white,white,31
ENSG00000204392,dimgrey,dimgrey,11
ENSG00000204394,dimgrey,dimgrey,11
ENSG00000204397,dimgrey,dimgrey,11
ENSG00000204406,dimgrey,dimgrey,11
ENSG00000204438,dimgrey,dimgrey,11
ENSG00000204442,darkgrey,darkgrey,7
ENSG00000204444,dimgrey,dimgrey,11
ENSG00000204463,dimgrey,dimgrey,11
ENSG00000204469,firebrick,firebrick,12
ENSG00000204514,firebrick,firebrick,12
ENSG00000204519,gainsboro,gainsboro,13
ENSG00000204520,dimgrey,dimgrey,11
ENSG00000204524,brown,brown,3
ENSG00000204525,dimgrey,dimgrey,11
ENSG00000204536,dimgrey,dimgrey,11
ENSG00000204560,dimgrey,dimgrey,11
ENSG00000204564,silver,silver,29
ENSG00000204569,darkgrey,darkgrey,7
ENSG00000204574,red,red,24
ENSG00000204590,dimgrey,dimgrey,11
ENSG00000204592,dimgrey,dimgrey,11
ENSG00000204604,brown,brown,3
ENSG00000204611,dimgrey,dimgrey,11
ENSG00000204619,dimgrey,dimgrey,11
ENSG00000204628,dimgrey,dimgrey,11
ENSG00000204634,dimgrey,dimgrey,11
ENSG00000204642,dimgrey,dimgrey,11
ENSG00000204673,darkgrey,darkgrey,7
ENSG00000204681,white,white,31
ENSG00000204713,white,white,31
ENSG00000204764,silver,silver,29
ENSG00000204767,darkgrey,darkgrey,7
ENSG00000204842,darkgrey,darkgrey,7
ENSG00000204843,gainsboro,gainsboro,13
ENSG00000204852,darkgrey,darkgrey,7
ENSG00000204856,dimgrey,dimgrey,11
ENSG00000204859,dimgrey,dimgrey,11
ENSG00000204899,dimgrey,dimgrey,11
ENSG00000204922,dimgrey,dimgrey,11
ENSG00000204923,dimgrey,dimgrey,11
ENSG00000204941,dimgrey,dimgrey,11
ENSG00000204946,lightcoral,lightcoral,14
ENSG00000204947,darkgrey,darkgrey,7
ENSG00000204954,silver,silver,29
ENSG00000204956,silver,silver,29
ENSG00000204977,darkgrey,darkgrey,7
ENSG00000204991,dimgrey,dimgrey,11
ENSG00000205045,maroon,maroon,16
ENSG00000205060,darkgrey,darkgrey,7
ENSG00000205084,silver,silver,29
ENSG00000205085,gainsboro,gainsboro,13
ENSG00000205090,darkgrey,darkgrey,7
ENSG00000205133,dimgrey,dimgrey,11
ENSG00000205138,dimgrey,dimgrey,11
ENSG00000205155,darkgrey,darkgrey,7
ENSG00000205189,silver,silver,29
ENSG00000205208,dimgrey,dimgrey,11
ENSG00000205213,silver,silver,29
ENSG00000205250,dimgrey,dimgrey,11
ENSG00000205268,silver,silver,29
ENSG00000205269,silver,silver,29
ENSG00000205277,chocolate,chocolate,5
ENSG00000205302,dimgrey,dimgrey,11
ENSG00000205309,lightcoral,lightcoral,14
ENSG00000205323,darkgrey,darkgrey,7
ENSG00000205336,silver,silver,29
ENSG00000205339,darkred,darkred,9
ENSG00000205352,dimgrey,dimgrey,11
ENSG00000205356,darkgrey,darkgrey,7
ENSG00000205362,darkgrey,darkgrey,7
ENSG00000205364,silver,silver,29
ENSG00000205403,dimgrey,dimgrey,11
ENSG00000205413,darkgrey,darkgrey,7
ENSG00000205423,silver,silver,29
ENSG00000205426,darkgrey,darkgrey,7
ENSG00000205476,lightcoral,lightcoral,14
ENSG00000205482,silver,silver,29
ENSG00000205517,silver,silver,29
ENSG00000205531,gainsboro,gainsboro,13
ENSG00000205542,dimgrey,dimgrey,11
ENSG00000205581,dimgrey,dimgrey,11
ENSG00000205593,dimgrey,dimgrey,11
ENSG00000205629,blanchedalmond,blanchedalmond,2
ENSG00000205639,darkgrey,darkgrey,7
ENSG00000205643,maroon,maroon,16
ENSG00000205659,darkgrey,darkgrey,7
ENSG00000205683,dimgrey,dimgrey,11
ENSG00000205707,gainsboro,gainsboro,13
ENSG00000205726,darkgrey,darkgrey,7
ENSG00000205730,gainsboro,gainsboro,13
ENSG00000205758,dimgrey,dimgrey,11
ENSG00000205765,lightcoral,lightcoral,14
ENSG00000205795,dimgrey,dimgrey,11
ENSG00000205808,dimgrey,dimgrey,11
ENSG00000205835,silver,silver,29
ENSG00000205838,dimgrey,dimgrey,11
ENSG00000205863,silver,silver,29
ENSG00000205903,darkgrey,darkgrey,7
ENSG00000205937,dimgrey,dimgrey,11
ENSG00000205978,gainsboro,gainsboro,13
ENSG00000205981,dimgrey,dimgrey,11
ENSG00000206052,darkgrey,darkgrey,7
ENSG00000206053,dimgrey,dimgrey,11
ENSG00000206140,silver,silver,29
ENSG00000206190,dimgrey,dimgrey,11
ENSG00000206384,white,white,31
ENSG00000206418,darkgrey,darkgrey,7
ENSG00000206503,dimgrey,dimgrey,11
ENSG00000206527,sandybrown,sandybrown,26
ENSG00000206530,brown,brown,3
ENSG00000206535,firebrick,firebrick,12
ENSG00000206538,darkgrey,darkgrey,7
ENSG00000206559,dimgrey,dimgrey,11
ENSG00000206560,gainsboro,gainsboro,13
ENSG00000206561,white,white,31
ENSG00000206562,gainsboro,gainsboro,13
ENSG00000206567,dimgrey,dimgrey,11
ENSG00000211445,dimgrey,dimgrey,11
ENSG00000211448,dimgrey,dimgrey,11
ENSG00000211450,darkgrey,darkgrey,7
ENSG00000211454,dimgrey,dimgrey,11
ENSG00000211455,dimgrey,dimgrey,11
ENSG00000211456,darkgrey,darkgrey,7
ENSG00000211460,gainsboro,gainsboro,13
ENSG00000211584,darkgrey,darkgrey,7
ENSG00000212123,brown,brown,3
ENSG00000212747,dimgrey,dimgrey,11
ENSG00000212864,dimgrey,dimgrey,11
ENSG00000212907,darkgrey,darkgrey,7
ENSG00000212916,dimgrey,dimgrey,11
ENSG00000213015,dimgrey,dimgrey,11
ENSG00000213020,darkgrey,darkgrey,7
ENSG00000213024,silver,silver,29
ENSG00000213047,silver,silver,29
ENSG00000213064,dimgrey,dimgrey,11
ENSG00000213066,lightcoral,lightcoral,14
ENSG00000213079,dimgrey,dimgrey,11
ENSG00000213085,silver,silver,29
ENSG00000213096,firebrick,firebrick,12
ENSG00000213123,dimgrey,dimgrey,11
ENSG00000213139,silver,silver,29
ENSG00000213160,darkgrey,darkgrey,7
ENSG00000213185,dimgrey,dimgrey,11
ENSG00000213186,silver,silver,29
ENSG00000213190,dimgrey,dimgrey,11
ENSG00000213213,silver,silver,29
ENSG00000213221,dimgrey,dimgrey,11
ENSG00000213281,silver,silver,29
ENSG00000213337,darkgrey,darkgrey,7
ENSG00000213339,darkgrey,darkgrey,7
ENSG00000213341,dimgrey,dimgrey,11
ENSG00000213347,orangered,orangered,20
ENSG00000213366,silver,silver,29
ENSG00000213380,silver,silver,29
ENSG00000213390,gainsboro,gainsboro,13
ENSG00000213397,darkgrey,darkgrey,7
ENSG00000213398,darkgrey,darkgrey,7
ENSG00000213420,brown,brown,3
ENSG00000213445,silver,silver,29
ENSG00000213462,gainsboro,gainsboro,13
ENSG00000213463,red,red,24
ENSG00000213465,white,white,31
ENSG00000213516,darkgrey,darkgrey,7
ENSG00000213523,silver,silver,29
ENSG00000213533,darkgrey,darkgrey,7
ENSG00000213551,gainsboro,gainsboro,13
ENSG00000213563,darkgrey,darkgrey,7
ENSG00000213585,lightcoral,lightcoral,14
ENSG00000213593,darkgrey,darkgrey,7
ENSG00000213614,darkgrey,darkgrey,7
ENSG00000213619,dimgrey,dimgrey,11
ENSG00000213625,darkgrey,darkgrey,7
ENSG00000213626,darkgrey,darkgrey,7
ENSG00000213639,silver,silver,29
ENSG00000213658,darkgrey,darkgrey,7
ENSG00000213672,darkgrey,darkgrey,7
ENSG00000213694,dimgrey,dimgrey,11
ENSG00000213699,white,white,31
ENSG00000213719,dimgrey,dimgrey,11
ENSG00000213722,brown,brown,3
ENSG00000213741,darkgrey,darkgrey,7
ENSG00000213762,dimgrey,dimgrey,11
ENSG00000213793,darkgrey,darkgrey,7
ENSG00000213799,silver,silver,29
ENSG00000213853,gainsboro,gainsboro,13
ENSG00000213889,dimgrey,dimgrey,11
ENSG00000213901,dimgrey,dimgrey,11
ENSG00000213918,darkgrey,darkgrey,7
ENSG00000213923,darkgrey,darkgrey,7
ENSG00000213930,silver,silver,29
ENSG00000213949,darkgrey,darkgrey,7
ENSG00000213965,dimgrey,dimgrey,11
ENSG00000213967,silver,silver,29
ENSG00000213983,dimgrey,dimgrey,11
ENSG00000213988,maroon,maroon,16
ENSG00000213995,dimgrey,dimgrey,11
ENSG00000213996,maroon,maroon,16
ENSG00000214013,silver,silver,29
ENSG00000214021,darkgrey,darkgrey,7
ENSG00000214022,silver,silver,29
ENSG00000214026,silver,silver,29
ENSG00000214029,darkorange,darkorange,8
ENSG00000214046,dimgrey,dimgrey,11
ENSG00000214063,darkgrey,darkgrey,7
ENSG00000214078,silver,silver,29
ENSG00000214087,dimgrey,dimgrey,11
ENSG00000214113,darkgrey,darkgrey,7
ENSG00000214114,silver,silver,29
ENSG00000214140,dimgrey,dimgrey,11
ENSG00000214160,darkgrey,darkgrey,7
ENSG00000214193,dimgrey,dimgrey,11
ENSG00000214194,dimgrey,dimgrey,11
ENSG00000214226,dimgrey,dimgrey,11
ENSG00000214253,dimgrey,dimgrey,11
ENSG00000214274,lightcoral,lightcoral,14
ENSG00000214279,dimgrey,dimgrey,11
ENSG00000214300,silver,silver,29
ENSG00000214309,dimgrey,dimgrey,11
ENSG00000214338,silver,silver,29
ENSG00000214357,dimgrey,dimgrey,11
ENSG00000214367,brown,brown,3
ENSG00000214376,darkgrey,darkgrey,7
ENSG00000214413,dimgrey,dimgrey,11
ENSG00000214517,gainsboro,gainsboro,13
ENSG00000214530,darkred,darkred,9
ENSG00000214595,seashell,seashell,27
ENSG00000214652,dimgrey,dimgrey,11
ENSG00000214654,darkgrey,darkgrey,7
ENSG00000214655,darkgrey,darkgrey,7
ENSG00000214694,silver,silver,29
ENSG00000214706,dimgrey,dimgrey,11
ENSG00000214753,dimgrey,dimgrey,11
ENSG00000214756,gainsboro,gainsboro,13
ENSG00000214941,dimgrey,dimgrey,11
ENSG00000214944,gainsboro,gainsboro,13
ENSG00000214954,darkgrey,darkgrey,7
ENSG00000214960,white,white,31
ENSG00000215012,darkgrey,darkgrey,7
ENSG00000215021,dimgrey,dimgrey,11
ENSG00000215114,dimgrey,dimgrey,11
ENSG00000215126,silver,silver,29
ENSG00000215156,silver,silver,29
ENSG00000215193,darkgrey,darkgrey,7
ENSG00000215251,silver,silver,29
ENSG00000215252,lightcoral,lightcoral,14
ENSG00000215262,silver,silver,29
ENSG00000215301,silver,silver,29
ENSG00000215305,darkgrey,darkgrey,7
ENSG00000215375,dimgrey,dimgrey,11
ENSG00000215421,darkgrey,darkgrey,7
ENSG00000215440,silver,silver,29
ENSG00000215712,dimgrey,dimgrey,11
ENSG00000215717,white,white,31
ENSG00000215784,seashell,seashell,27
ENSG00000215817,gainsboro,gainsboro,13
ENSG00000215883,darkgrey,darkgrey,7
ENSG00000216937,dimgrey,dimgrey,11
ENSG00000217128,gainsboro,gainsboro,13
ENSG00000218336,dimgrey,dimgrey,11
ENSG00000218739,dimgrey,dimgrey,11
ENSG00000218891,silver,silver,29
ENSG00000219200,blanchedalmond,blanchedalmond,2
ENSG00000219481,silver,silver,29
ENSG00000219545,dimgrey,dimgrey,11
ENSG00000219607,dimgrey,dimgrey,11
ENSG00000219626,dimgrey,dimgrey,11
ENSG00000220201,dimgrey,dimgrey,11
ENSG00000220205,darkgrey,darkgrey,7
ENSG00000221818,silver,silver,29
ENSG00000221821,darkgrey,darkgrey,7
ENSG00000221823,darkgrey,darkgrey,7
ENSG00000221829,darkgrey,darkgrey,7
ENSG00000221838,darkgrey,darkgrey,7
ENSG00000221843,silver,silver,29
ENSG00000221866,dimgrey,dimgrey,11
ENSG00000221869,gainsboro,gainsboro,13
ENSG00000221878,dimgrey,dimgrey,11
ENSG00000221886,silver,silver,29
ENSG00000221887,dimgrey,dimgrey,11
ENSG00000221890,darkgrey,darkgrey,7
ENSG00000221909,silver,silver,29
ENSG00000221914,dimgrey,dimgrey,11
ENSG00000221923,dimgrey,dimgrey,11
ENSG00000221926,silver,silver,29
ENSG00000221944,peru,peru,23
ENSG00000221955,peachpuff,peachpuff,22
ENSG00000221963,darkgrey,darkgrey,7
ENSG00000221968,darkgrey,darkgrey,7
ENSG00000221978,darkgrey,darkgrey,7
ENSG00000221983,silver,silver,29
ENSG00000222009,darkgrey,darkgrey,7
ENSG00000222011,silver,silver,29
ENSG00000223496,darkgrey,darkgrey,7
ENSG00000223547,silver,silver,29
ENSG00000223609,dimgrey,dimgrey,11
ENSG00000223611,darkgrey,darkgrey,7
ENSG00000223802,dimgrey,dimgrey,11
ENSG00000223865,dimgrey,dimgrey,11
ENSG00000224051,darkgrey,darkgrey,7
ENSG00000224470,dimgrey,dimgrey,11
ENSG00000224531,dimgrey,dimgrey,11
ENSG00000224578,white,white,31
ENSG00000224877,darkgrey,darkgrey,7
ENSG00000225177,dimgrey,dimgrey,11
ENSG00000225528,darkgrey,darkgrey,7
ENSG00000225614,dimgrey,dimgrey,11
ENSG00000225663,darkgrey,darkgrey,7
ENSG00000225697,darkgrey,darkgrey,7
ENSG00000225828,dimgrey,dimgrey,11
ENSG00000225830,silver,silver,29
ENSG00000225921,dimgrey,dimgrey,11
ENSG00000225968,darkgrey,darkgrey,7
ENSG00000225973,dimgrey,dimgrey,11
ENSG00000226124,silver,silver,29
ENSG00000226174,dimgrey,dimgrey,11
ENSG00000226479,dimgrey,dimgrey,11
ENSG00000226742,dimgrey,dimgrey,11
ENSG00000227051,dimgrey,dimgrey,11
ENSG00000227057,dimgrey,dimgrey,11
ENSG00000227124,dimgrey,dimgrey,11
ENSG00000227234,dimgrey,dimgrey,11
ENSG00000227345,dimgrey,dimgrey,11
ENSG00000227500,darkgrey,darkgrey,7
ENSG00000228049,dimgrey,dimgrey,11
ENSG00000228253,gainsboro,gainsboro,13
ENSG00000228474,dimgrey,dimgrey,11
ENSG00000228594,darkgrey,darkgrey,7
ENSG00000228623,lightcoral,lightcoral,14
ENSG00000228672,dimgrey,dimgrey,11
ENSG00000228696,dimgrey,dimgrey,11
ENSG00000228716,dimgrey,dimgrey,11
ENSG00000229117,dimgrey,dimgrey,11
ENSG00000229676,silver,silver,29
ENSG00000229809,peachpuff,peachpuff,22
ENSG00000229833,dimgrey,dimgrey,11
ENSG00000230124,silver,silver,29
ENSG00000230453,dimgrey,dimgrey,11
ENSG00000230797,dimgrey,dimgrey,11
ENSG00000230989,darkgrey,darkgrey,7
ENSG00000231500,dimgrey,dimgrey,11
ENSG00000231924,darkgrey,darkgrey,7
ENSG00000231925,dimgrey,dimgrey,11
ENSG00000232112,dimgrey,dimgrey,11
ENSG00000232119,dimgrey,dimgrey,11
ENSG00000232388,dimgrey,dimgrey,11
ENSG00000232593,silver,silver,29
ENSG00000232838,silver,silver,29
ENSG00000232859,darkgrey,darkgrey,7
ENSG00000233030,gainsboro,gainsboro,13
ENSG00000233493,maroon,maroon,16
ENSG00000233757,silver,silver,29
ENSG00000233822,gainsboro,gainsboro,13
ENSG00000233927,dimgrey,dimgrey,11
ENSG00000233954,dimgrey,dimgrey,11
ENSG00000234284,firebrick,firebrick,12
ENSG00000234444,darkgrey,darkgrey,7
ENSG00000234465,white,white,31
ENSG00000234545,dimgrey,dimgrey,11
ENSG00000234616,darkgrey,darkgrey,7
ENSG00000234719,dimgrey,dimgrey,11
ENSG00000234745,dimgrey,dimgrey,11
ENSG00000235098,gainsboro,gainsboro,13
ENSG00000235106,darkgrey,darkgrey,7
ENSG00000235109,dimgrey,dimgrey,11
ENSG00000235162,silver,silver,29
ENSG00000235169,dimgrey,dimgrey,11
ENSG00000235173,dimgrey,dimgrey,11
ENSG00000235194,lightcoral,lightcoral,14
ENSG00000235272,maroon,maroon,16
ENSG00000235376,silver,silver,29
ENSG00000235453,dimgrey,dimgrey,11
ENSG00000235750,darkgrey,darkgrey,7
ENSG00000235961,darkgrey,darkgrey,7
ENSG00000236287,dimgrey,dimgrey,11
ENSG00000236383,peachpuff,peachpuff,22
ENSG00000236444,dimgrey,dimgrey,11
ENSG00000236609,dimgrey,dimgrey,11
ENSG00000236699,firebrick,firebrick,12
ENSG00000237172,silver,silver,29
ENSG00000237190,dimgrey,dimgrey,11
ENSG00000237440,dimgrey,dimgrey,11
ENSG00000237489,silver,silver,29
ENSG00000237649,dimgrey,dimgrey,11
ENSG00000237765,dimgrey,dimgrey,11
ENSG00000238083,darkgrey,darkgrey,7
ENSG00000238227,darkgrey,darkgrey,7
ENSG00000239282,darkgrey,darkgrey,7
ENSG00000239305,darkgrey,darkgrey,7
ENSG00000239306,dimgrey,dimgrey,11
ENSG00000239382,darkgrey,darkgrey,7
ENSG00000239388,dimgrey,dimgrey,11
ENSG00000239672,dimgrey,dimgrey,11
ENSG00000239697,dimgrey,dimgrey,11
ENSG00000239713,dimgrey,dimgrey,11
ENSG00000239779,darkgrey,darkgrey,7
ENSG00000239789,silver,silver,29
ENSG00000239900,dimgrey,dimgrey,11
ENSG00000240065,darkgrey,darkgrey,7
ENSG00000240230,darkgrey,darkgrey,7
ENSG00000240344,lightcoral,lightcoral,14
ENSG00000240386,dimgrey,dimgrey,11
ENSG00000240445,lightcoral,lightcoral,14
ENSG00000240583,darkgrey,darkgrey,7
ENSG00000240682,darkgrey,darkgrey,7
ENSG00000240849,dimgrey,dimgrey,11
ENSG00000240857,dimgrey,dimgrey,11
ENSG00000240891,silver,silver,29
ENSG00000241058,dimgrey,dimgrey,11
ENSG00000241127,dimgrey,dimgrey,11
ENSG00000241258,gainsboro,gainsboro,13
ENSG00000241322,dimgrey,dimgrey,11
ENSG00000241343,darkgrey,darkgrey,7
ENSG00000241399,maroon,maroon,16
ENSG00000241468,dimgrey,dimgrey,11
ENSG00000241553,darkgrey,darkgrey,7
ENSG00000241644,dimgrey,dimgrey,11
ENSG00000241685,dimgrey,dimgrey,11
ENSG00000241837,darkgrey,darkgrey,7
ENSG00000241839,darkgrey,darkgrey,7
ENSG00000241852,silver,silver,29
ENSG00000241878,dimgrey,dimgrey,11
ENSG00000241945,silver,silver,29
ENSG00000241973,dimgrey,dimgrey,11
ENSG00000242028,darkgrey,darkgrey,7
ENSG00000242110,darkgrey,darkgrey,7
ENSG00000242247,dimgrey,dimgrey,11
ENSG00000242259,darkgrey,darkgrey,7
ENSG00000242265,darkgrey,darkgrey,7
ENSG00000242372,dimgrey,dimgrey,11
ENSG00000242485,dimgrey,dimgrey,11
ENSG00000242498,silver,silver,29
ENSG00000242715,silver,silver,29
ENSG00000242732,darkgrey,darkgrey,7
ENSG00000242802,darkgrey,darkgrey,7
ENSG00000243147,dimgrey,dimgrey,11
ENSG00000243156,darkgrey,darkgrey,7
ENSG00000243244,brown,brown,3
ENSG00000243284,darkgrey,darkgrey,7
ENSG00000243317,silver,silver,29
ENSG00000243335,darkgrey,darkgrey,7
ENSG00000243364,sienna,sienna,28
ENSG00000243449,orangered,orangered,20
ENSG00000243477,darkgrey,darkgrey,7
ENSG00000243646,silver,silver,29
ENSG00000243660,maroon,maroon,16
ENSG00000243667,darkgrey,darkgrey,7
ENSG00000243678,darkgrey,darkgrey,7
ENSG00000243710,gainsboro,gainsboro,13
ENSG00000243725,dimgrey,dimgrey,11
ENSG00000243811,dimgrey,dimgrey,11
ENSG00000243927,dimgrey,dimgrey,11
ENSG00000243943,gainsboro,gainsboro,13
ENSG00000243978,darkgrey,darkgrey,7
ENSG00000243989,silver,silver,29
ENSG00000244005,silver,silver,29
ENSG00000244038,dimgrey,dimgrey,11
ENSG00000244045,dimgrey,dimgrey,11
ENSG00000244165,darkgrey,darkgrey,7
ENSG00000244187,maroon,maroon,16
ENSG00000244219,dimgrey,dimgrey,11
ENSG00000244405,darkgrey,darkgrey,7
ENSG00000244462,silver,silver,29
ENSG00000244486,firebrick,firebrick,12
ENSG00000244509,darkgrey,darkgrey,7
ENSG00000244588,moccasin,moccasin,17
ENSG00000244687,sienna,sienna,28
ENSG00000244694,silver,silver,29
ENSG00000244754,dimgrey,dimgrey,11
ENSG00000245146,darkgrey,darkgrey,7
ENSG00000245680,saddlebrown,saddlebrown,25
ENSG00000246705,dimgrey,dimgrey,11
ENSG00000246922,dimgrey,dimgrey,11
ENSG00000247077,darkgrey,darkgrey,7
ENSG00000247315,silver,silver,29
ENSG00000247595,darkgrey,darkgrey,7
ENSG00000247596,dimgrey,dimgrey,11
ENSG00000247626,dimgrey,dimgrey,11
ENSG00000247746,darkgrey,darkgrey,7
ENSG00000248333,red,red,24
ENSG00000248483,gainsboro,gainsboro,13
ENSG00000248487,dimgrey,dimgrey,11
ENSG00000248712,silver,silver,29
ENSG00000248905,gainsboro,gainsboro,13
ENSG00000249115,dimgrey,dimgrey,11
ENSG00000249222,dimgrey,dimgrey,11
ENSG00000249242,silver,silver,29
ENSG00000249471,maroon,maroon,16
ENSG00000249853,gainsboro,gainsboro,13
ENSG00000249915,gainsboro,gainsboro,13
ENSG00000249992,darkgrey,darkgrey,7
ENSG00000250067,darkgrey,darkgrey,7
ENSG00000250305,dimgrey,dimgrey,11
ENSG00000250312,silver,silver,29
ENSG00000250317,dimgrey,dimgrey,11
ENSG00000250479,dimgrey,dimgrey,11
ENSG00000250510,darkgrey,darkgrey,7
ENSG00000250565,silver,silver,29
ENSG00000250571,silver,silver,29
ENSG00000250722,maroon,maroon,16
ENSG00000251192,darkgrey,darkgrey,7
ENSG00000251247,dimgrey,dimgrey,11
ENSG00000251369,gainsboro,gainsboro,13
ENSG00000251493,silver,silver,29
ENSG00000253159,maroon,maroon,16
ENSG00000253251,dimgrey,dimgrey,11
ENSG00000253276,silver,silver,29
ENSG00000253293,darkgrey,darkgrey,7
ENSG00000253304,dimgrey,dimgrey,11
ENSG00000253305,silver,silver,29
ENSG00000253352,silver,silver,29
ENSG00000253368,dimgrey,dimgrey,11
ENSG00000253485,darkgrey,darkgrey,7
ENSG00000253506,silver,silver,29
ENSG00000253537,silver,silver,29
ENSG00000253626,dimgrey,dimgrey,11
ENSG00000253710,gainsboro,gainsboro,13
ENSG00000253719,silver,silver,29
ENSG00000253729,gainsboro,gainsboro,13
ENSG00000253731,darkgrey,darkgrey,7
ENSG00000253767,darkgrey,darkgrey,7
ENSG00000253846,dimgrey,dimgrey,11
ENSG00000253873,silver,silver,29
ENSG00000253910,maroon,maroon,16
ENSG00000254004,silver,silver,29
ENSG00000254087,darkgrey,darkgrey,7
ENSG00000254122,gainsboro,gainsboro,13
ENSG00000254206,darksalmon,darksalmon,10
ENSG00000254469,sandybrown,sandybrown,26
ENSG00000254470,darkgrey,darkgrey,7
ENSG00000254535,dimgrey,dimgrey,11
ENSG00000254685,dimgrey,dimgrey,11
ENSG00000254726,dimgrey,dimgrey,11
ENSG00000254858,dimgrey,dimgrey,11
ENSG00000254901,darkgrey,darkgrey,7
ENSG00000254986,dimgrey,dimgrey,11
ENSG00000254996,lightcoral,lightcoral,14
ENSG00000254999,dimgrey,dimgrey,11
ENSG00000255112,dimgrey,dimgrey,11
ENSG00000255150,darkgrey,darkgrey,7
ENSG00000255302,gainsboro,gainsboro,13
ENSG00000255423,silver,silver,29
ENSG00000255529,darkgrey,darkgrey,7
ENSG00000255561,silver,silver,29
ENSG00000256053,darkgrey,darkgrey,7
ENSG00000256060,dimgrey,dimgrey,11
ENSG00000256061,brown,brown,3
ENSG00000256087,dimgrey,dimgrey,11
ENSG00000256223,darkgrey,darkgrey,7
ENSG00000256229,antiquewhite,antiquewhite,0
ENSG00000256235,dimgrey,dimgrey,11
ENSG00000256269,dimgrey,dimgrey,11
ENSG00000256294,dimgrey,dimgrey,11
ENSG00000256525,dimgrey,dimgrey,11
ENSG00000256683,dimgrey,dimgrey,11
ENSG00000256771,darkgrey,darkgrey,7
ENSG00000256806,dimgrey,dimgrey,11
ENSG00000257103,dimgrey,dimgrey,11
ENSG00000257218,darkgrey,darkgrey,7
ENSG00000257365,darkgrey,darkgrey,7
ENSG00000257704,darkgrey,darkgrey,7
ENSG00000257727,silver,silver,29
ENSG00000257923,white,white,31
ENSG00000258102,darkgrey,darkgrey,7
ENSG00000258289,dimgrey,dimgrey,11
ENSG00000258366,darkgrey,darkgrey,7
ENSG00000258405,darkgrey,darkgrey,7
ENSG00000258484,silver,silver,29
ENSG00000258839,dimgrey,dimgrey,11
ENSG00000258890,gainsboro,gainsboro,13
ENSG00000258947,darkgrey,darkgrey,7
ENSG00000259030,gainsboro,gainsboro,13
ENSG00000259207,darkgrey,darkgrey,7
ENSG00000259305,maroon,maroon,16
ENSG00000259330,silver,silver,29
ENSG00000259494,dimgrey,dimgrey,11
ENSG00000259571,darkgrey,darkgrey,7
ENSG00000259956,darkgrey,darkgrey,7
ENSG00000260027,dimgrey,dimgrey,11
ENSG00000260316,darkgrey,darkgrey,7
ENSG00000260428,darkgrey,darkgrey,7
ENSG00000260456,dimgrey,dimgrey,11
ENSG00000260916,darkgrey,darkgrey,7
ENSG00000261115,darkgrey,darkgrey,7
ENSG00000261221,darkgrey,darkgrey,7
ENSG00000261236,darkgrey,darkgrey,7
ENSG00000261341,silver,silver,29
ENSG00000261609,darkgrey,darkgrey,7
ENSG00000261652,dimgrey,dimgrey,11
ENSG00000261971,peachpuff,peachpuff,22
ENSG00000262165,bisque,bisque,1
ENSG00000262655,silver,silver,29
ENSG00000262814,silver,silver,29
ENSG00000262919,dimgrey,dimgrey,11
ENSG00000263001,darkgrey,darkgrey,7
ENSG00000263002,gainsboro,gainsboro,13
ENSG00000263465,dimgrey,dimgrey,11
ENSG00000263513,maroon,maroon,16
ENSG00000263528,silver,silver,29
ENSG00000263874,lightcoral,lightcoral,14
ENSG00000263956,maroon,maroon,16
ENSG00000264343,dimgrey,dimgrey,11
ENSG00000264364,darkgrey,darkgrey,7
ENSG00000264522,darkgrey,darkgrey,7
ENSG00000265241,darkgrey,darkgrey,7
ENSG00000265354,dimgrey,dimgrey,11
ENSG00000265491,dimgrey,dimgrey,11
ENSG00000265590,silver,silver,29
ENSG00000265808,dimgrey,dimgrey,11
ENSG00000265817,maroon,maroon,16
ENSG00000265972,darkgrey,darkgrey,7
ENSG00000266028,dimgrey,dimgrey,11
ENSG00000266094,brown,brown,3
ENSG00000266173,darkgrey,darkgrey,7
ENSG00000266338,white,white,31
ENSG00000266412,dimgrey,dimgrey,11
ENSG00000266472,darkgrey,darkgrey,7
ENSG00000266524,silver,silver,29
ENSG00000266967,dimgrey,dimgrey,11
ENSG00000267041,silver,silver,29
ENSG00000267060,silver,silver,29
ENSG00000267508,maroon,maroon,16
ENSG00000267534,darkgrey,darkgrey,7
ENSG00000267680,white,white,31
ENSG00000267855,darkred,darkred,9
ENSG00000268043,dimgrey,dimgrey,11
ENSG00000269343,darkred,darkred,9
ENSG00000269556,dimgrey,dimgrey,11
ENSG00000269696,dimgrey,dimgrey,11
ENSG00000269713,darkgrey,darkgrey,7
ENSG00000269743,dimgrey,dimgrey,11
ENSG00000269825,silver,silver,29
ENSG00000270170,darksalmon,darksalmon,10
ENSG00000270231,silver,silver,29
ENSG00000270629,gainsboro,gainsboro,13
ENSG00000270647,darkgrey,darkgrey,7
ENSG00000270885,gainsboro,gainsboro,13
ENSG00000271092,darkgrey,darkgrey,7
ENSG00000271383,darkgrey,darkgrey,7
ENSG00000271425,dimgrey,dimgrey,11
ENSG00000271601,silver,silver,29
ENSG00000271605,brown,brown,3
ENSG00000272008,gainsboro,gainsboro,13
ENSG00000272031,dimgrey,dimgrey,11
ENSG00000272047,dimgrey,dimgrey,11
ENSG00000272333,dimgrey,dimgrey,11
ENSG00000272391,darkgrey,darkgrey,7
ENSG00000272602,dimgrey,dimgrey,11
ENSG00000272886,darkred,darkred,9
ENSG00000272899,darkgrey,darkgrey,7
ENSG00000273173,dimgrey,dimgrey,11
ENSG00000273213,brown,brown,3
ENSG00000273559,dimgrey,dimgrey,11
ENSG00000273611,maroon,maroon,16
ENSG00000273749,darkgrey,darkgrey,7
ENSG00000273802,dimgrey,dimgrey,11
ENSG00000273820,dimgrey,dimgrey,11
ENSG00000273899,darkgrey,darkgrey,7
ENSG00000274070,dimgrey,dimgrey,11
ENSG00000274180,silver,silver,29
ENSG00000274211,silver,silver,29
ENSG00000274290,darkgrey,darkgrey,7
ENSG00000274349,silver,silver,29
ENSG00000274523,dimgrey,dimgrey,11
ENSG00000274750,dimgrey,dimgrey,11
ENSG00000275052,silver,silver,29
ENSG00000275066,gainsboro,gainsboro,13
ENSG00000275074,peru,peru,23
ENSG00000275111,dimgrey,dimgrey,11
ENSG00000275464,silver,silver,29
ENSG00000275700,dimgrey,dimgrey,11
ENSG00000275713,gainsboro,gainsboro,13
ENSG00000275832,dimgrey,dimgrey,11
ENSG00000275835,gainsboro,gainsboro,13
ENSG00000276043,dimgrey,dimgrey,11
ENSG00000276234,gainsboro,gainsboro,13
ENSG00000276293,dimgrey,dimgrey,11
ENSG00000276368,darkgrey,darkgrey,7
ENSG00000276547,peachpuff,peachpuff,22
ENSG00000276600,dimgrey,dimgrey,11
ENSG00000276644,dimgrey,dimgrey,11
ENSG00000277075,gainsboro,gainsboro,13
ENSG00000277149,maroon,maroon,16
ENSG00000277224,darkgrey,darkgrey,7
ENSG00000277443,dimgrey,dimgrey,11
ENSG00000277462,dimgrey,dimgrey,11
ENSG00000277586,dimgrey,dimgrey,11
ENSG00000277639,gainsboro,gainsboro,13
ENSG00000277791,silver,silver,29
ENSG00000277972,dimgrey,dimgrey,11
ENSG00000278053,dimgrey,dimgrey,11
ENSG00000278129,silver,silver,29
ENSG00000278311,dimgrey,dimgrey,11
ENSG00000278318,dimgrey,dimgrey,11
ENSG00000278540,white,white,31
ENSG00000278570,darkgrey,darkgrey,7
ENSG00000278619,darkgrey,darkgrey,7
ENSG00000278828,darkgrey,darkgrey,7
ENSG00000278845,white,white,31
ENSG00000279486,dimgrey,dimgrey,11
ENSG00000280071,dimgrey,dimgrey,11
ENSG00000280433,dimgrey,dimgrey,11
ENSG00000280670,dimgrey,dimgrey,11
ENSG00000280789,darkgrey,darkgrey,7
ENSG00000284024,darkgrey,darkgrey,7
ENSG00000284308,firebrick,firebrick,12
ENSG00000284691,peru,peru,23
ENSG00000284753,silver,silver,29
ENSG00000284862,gainsboro,gainsboro,13
ENSG00000285437,dimgrey,dimgrey,11
ENSG00000286019,dimgrey,dimgrey,11
ENSG00000286219,darksalmon,darksalmon,10
ENSG00000287080,brown,brown,3
ENSG00000288558,silver,silver,29
ENSG00000288649,darkgrey,darkgrey,7
ENSG00000288675,gainsboro,gainsboro,13
ENSG00000288701,darkgrey,darkgrey,7
ENSG00000288722,dimgrey,dimgrey,11
ENSG00000288838,dimgrey,dimgrey,11
ENSG00000288920,dimgrey,dimgrey,11
ENSG00000290292,darkgrey,darkgrey,7
ENSG00000291237,dimgrey,dimgrey,11
ENSG00000291317,darkgrey,darkgrey,7
ENSG00000293137,silver,silver,29
