gene_id,WGCNA_Module
ENSG00000210082,black
ENSG00000125148,black
ENSG00000228253,black
ENSG00000108821,black
ENSG00000026025,black
ENSG00000198840,black
ENSG00000198938,black
ENSG00000197756,black
ENSG00000211459,black
ENSG00000198763,black
ENSG00000100097,black
ENSG00000198888,black
ENSG00000198886,black
ENSG00000164692,black
ENSG00000105372,black
ENSG00000080824,black
ENSG00000135404,black
ENSG00000198899,black
ENSG00000198727,black
ENSG00000213741,black
ENSG00000197956,black
ENSG00000087086,black
ENSG00000091986,black
ENSG00000205542,black
ENSG00000177469,dimgrey
ENSG00000196924,black
ENSG00000164032,black
ENSG00000115461,black
ENSG00000167658,black
ENSG00000122786,black
ENSG00000136026,black
ENSG00000198712,black
ENSG00000167460,black
ENSG00000142156,black
ENSG00000227615,black
ENSG00000137818,black
ENSG00000125534,black
ENSG00000172757,black
ENSG00000169715,black
ENSG00000137154,black
ENSG00000138326,black
ENSG00000034510,black
ENSG00000198786,black
ENSG00000106211,black
ENSG00000245532,black
ENSG00000149273,black
ENSG00000133112,black
ENSG00000159674,black
ENSG00000198034,black
ENSG00000164587,black
ENSG00000070756,black
ENSG00000177954,black
ENSG00000198695,black
ENSG00000198755,black
ENSG00000187514,black
ENSG00000137831,black
ENSG00000075624,black
ENSG00000108424,black
ENSG00000071082,black
ENSG00000110321,black
ENSG00000105438,black
ENSG00000131711,black
ENSG00000210196,black
ENSG00000108518,black
ENSG00000149806,black
ENSG00000035862,black
ENSG00000100106,black
ENSG00000156508,black
ENSG00000113739,black
ENSG00000072110,black
ENSG00000130508,black
ENSG00000085063,black
ENSG00000249992,black
ENSG00000132341,black
ENSG00000162576,black
ENSG00000112306,black
ENSG00000068697,black
ENSG00000167552,black
ENSG00000145592,black
ENSG00000126247,black
ENSG00000137309,black
ENSG00000034152,black
ENSG00000167283,black
ENSG00000077549,black
ENSG00000138758,black
ENSG00000236824,black
ENSG00000166598,black
ENSG00000142937,black
ENSG00000092841,black
ENSG00000143947,black
ENSG00000115414,black
ENSG00000131747,black
ENSG00000147065,black
ENSG00000128595,black
ENSG00000215030,black
ENSG00000102265,black
ENSG00000074800,black
ENSG00000141905,black
ENSG00000101335,black
ENSG00000166441,black
ENSG00000189343,black
ENSG00000197102,black
ENSG00000142676,black
ENSG00000212907,black
ENSG00000069275,black
ENSG00000142089,black
ENSG00000063177,black
ENSG00000288920,black
ENSG00000220842,black
ENSG00000163191,black
ENSG00000165119,black
ENSG00000132432,black
ENSG00000096384,black
ENSG00000164111,black
ENSG00000136830,black
ENSG00000231500,black
ENSG00000089157,black
ENSG00000169567,black
ENSG00000135046,black
ENSG00000293293,black
ENSG00000251562,black
ENSG00000087460,black
ENSG00000233927,black
ENSG00000167978,black
ENSG00000189403,black
ENSG00000198804,black
ENSG00000100345,black
ENSG00000120708,black
ENSG00000144674,black
ENSG00000134363,black
ENSG00000197746,black
ENSG00000124942,black
ENSG00000141753,black
ENSG00000116260,black
ENSG00000174444,black
ENSG00000173812,black
ENSG00000103187,black
ENSG00000167601,black
ENSG00000198258,black
ENSG00000227081,black
ENSG00000108298,black
ENSG00000182718,black
ENSG00000122641,black
ENSG00000065534,black
ENSG00000125868,black
ENSG00000122566,black
ENSG00000057019,black
ENSG00000140988,black
ENSG00000105401,black
ENSG00000185896,black
ENSG00000149257,black
ENSG00000198900,black
ENSG00000210049,black
ENSG00000158710,black
ENSG00000197043,black
ENSG00000151914,black
ENSG00000182899,black
ENSG00000167526,black
ENSG00000105221,black
ENSG00000228929,black
ENSG00000119335,black
ENSG00000105974,black
ENSG00000198467,black
ENSG00000124762,black
ENSG00000030582,black
ENSG00000140264,black
ENSG00000115310,black
ENSG00000136810,black
ENSG00000185201,black
ENSG00000185650,black
ENSG00000143933,black
ENSG00000009307,black
ENSG00000237973,black
ENSG00000106153,black
ENSG00000230629,black
ENSG00000197958,black
ENSG00000172809,black
ENSG00000126777,black
ENSG00000109475,black
ENSG00000106366,black
ENSG00000229117,black
ENSG00000117724,black
ENSG00000226532,black
ENSG00000109332,black
ENSG00000089220,black
ENSG00000164346,black
ENSG00000159140,black
ENSG00000185787,black
ENSG00000153187,black
ENSG00000104904,black
ENSG00000162614,black
ENSG00000130255,black
ENSG00000232573,black
ENSG00000163466,black
ENSG00000142864,black
ENSG00000044574,black
ENSG00000196262,black
ENSG00000212802,black
ENSG00000092199,black
ENSG00000099783,black
ENSG00000157613,black
ENSG00000139289,black
ENSG00000157227,black
ENSG00000134294,black
ENSG00000142534,black
ENSG00000234742,black
ENSG00000162909,black
ENSG00000214535,black
ENSG00000133226,black
ENSG00000131469,black
ENSG00000150093,black
ENSG00000148773,black
ENSG00000105640,black
ENSG00000177697,black
ENSG00000084234,black
ENSG00000132475,black
ENSG00000089597,black
ENSG00000083845,black
ENSG00000124795,black
ENSG00000177600,black
ENSG00000079819,black
ENSG00000122026,black
ENSG00000156467,black
ENSG00000154518,black
ENSG00000197728,black
ENSG00000077380,black
ENSG00000142173,black
ENSG00000008988,black
ENSG00000159335,black
ENSG00000116754,black
ENSG00000140319,black
ENSG00000118680,black
ENSG00000167986,black
ENSG00000010278,black
ENSG00000277443,black
ENSG00000197081,black
ENSG00000088832,black
ENSG00000185641,black
ENSG00000115677,black
ENSG00000150687,black
ENSG00000090621,black
ENSG00000197061,black
ENSG00000196683,black
ENSG00000117984,black
ENSG00000067560,black
ENSG00000114353,black
ENSG00000074695,black
ENSG00000137801,black
ENSG00000231767,black
ENSG00000110651,black
ENSG00000185551,black
ENSG00000047849,black
ENSG00000185129,black
ENSG00000141002,black
ENSG00000116133,black
ENSG00000204628,black
ENSG00000144136,black
ENSG00000112695,black
ENSG00000136942,black
ENSG00000240463,black
ENSG00000171858,black
ENSG00000143761,black
ENSG00000248527,black
ENSG00000174748,black
ENSG00000244313,black
ENSG00000111142,black
ENSG00000169213,black
ENSG00000244398,black
ENSG00000182670,black
ENSG00000117632,black
ENSG00000146677,black
ENSG00000105193,black
ENSG00000166963,black
ENSG00000162734,black
ENSG00000119707,black
ENSG00000167088,black
ENSG00000171863,black
ENSG00000198668,black
ENSG00000117362,black
ENSG00000149357,black
ENSG00000131236,black
ENSG00000117523,black
ENSG00000250321,black
ENSG00000163430,black
ENSG00000107581,black
ENSG00000142871,black
ENSG00000185088,black
ENSG00000100243,black
ENSG00000184840,black
ENSG00000158864,black
ENSG00000163468,black
ENSG00000184640,black
ENSG00000134013,black
ENSG00000242071,black
ENSG00000129250,black
ENSG00000176788,black
ENSG00000179222,black
ENSG00000161016,black
ENSG00000125753,black
ENSG00000113810,black
ENSG00000115268,black
ENSG00000026508,black
ENSG00000106803,black
ENSG00000153071,black
ENSG00000143549,black
ENSG00000134419,black
ENSG00000176014,black
ENSG00000145494,black
ENSG00000138778,black
ENSG00000067900,black
ENSG00000114391,black
ENSG00000150347,black
ENSG00000070614,black
ENSG00000135318,black
ENSG00000163359,black
ENSG00000132963,black
ENSG00000155368,black
ENSG00000143321,black
ENSG00000167522,black
ENSG00000011422,black
ENSG00000088986,black
ENSG00000141367,black
ENSG00000187109,black
ENSG00000196531,black
ENSG00000118816,black
ENSG00000011465,black
ENSG00000117298,black
ENSG00000137970,black
ENSG00000169813,black
ENSG00000158417,black
ENSG00000170759,black
ENSG00000113140,black
ENSG00000137575,black
ENSG00000179010,black
ENSG00000163682,black
ENSG00000231940,black
ENSG00000105887,black
ENSG00000205871,black
ENSG00000067225,black
ENSG00000096746,black
ENSG00000101608,black
ENSG00000110880,black
ENSG00000108107,black
ENSG00000140545,black
ENSG00000105185,black
ENSG00000117519,black
ENSG00000134531,black
ENSG00000229638,black
ENSG00000166913,black
ENSG00000196141,black
ENSG00000035403,black
ENSG00000135390,black
ENSG00000264229,black
ENSG00000214548,black
ENSG00000162733,black
ENSG00000177700,black
ENSG00000130985,black
ENSG00000134590,black
ENSG00000269893,black
ENSG00000167325,black
ENSG00000065000,black
ENSG00000136240,black
ENSG00000054118,black
ENSG00000113712,black
ENSG00000137409,black
ENSG00000168028,black
ENSG00000162889,black
ENSG00000105281,black
ENSG00000129116,black
ENSG00000213442,black
ENSG00000008018,black
ENSG00000101150,black
ENSG00000229659,black
ENSG00000233762,black
ENSG00000111669,black
ENSG00000165502,black
ENSG00000060339,black
ENSG00000183741,black
ENSG00000088247,black
ENSG00000163110,black
ENSG00000221983,black
ENSG00000136238,black
ENSG00000066279,black
ENSG00000147403,black
ENSG00000127184,black
ENSG00000125968,black
ENSG00000160789,black
ENSG00000137076,black
ENSG00000213553,black
ENSG00000184007,black
ENSG00000176340,black
ENSG00000226396,black
ENSG00000115053,black
ENSG00000104131,black
ENSG00000009954,black
ENSG00000236844,black
ENSG00000168374,black
ENSG00000127603,black
ENSG00000074842,black
ENSG00000122359,black
ENSG00000085224,black
ENSG00000144810,black
ENSG00000047410,black
ENSG00000198242,black
ENSG00000093010,black
ENSG00000109180,black
ENSG00000122406,black
ENSG00000154380,black
ENSG00000145741,black
ENSG00000112658,black
ENSG00000113719,black
ENSG00000006125,black
ENSG00000082781,black
ENSG00000160213,black
ENSG00000102317,black
ENSG00000173706,black
ENSG00000147133,dimgrey
ENSG00000173905,black
ENSG00000164919,black
ENSG00000153914,black
ENSG00000119681,black
ENSG00000164405,black
ENSG00000107438,black
ENSG00000165283,black
ENSG00000136149,black
ENSG00000124145,black
ENSG00000130147,black
ENSG00000008441,black
ENSG00000008952,black
ENSG00000077782,black
ENSG00000181019,black
ENSG00000072501,black
ENSG00000109971,black
ENSG00000181163,black
ENSG00000116560,black
ENSG00000123384,black
ENSG00000140575,black
ENSG00000169223,black
ENSG00000100234,black
ENSG00000124191,black
ENSG00000130635,black
ENSG00000164104,black
ENSG00000148154,black
ENSG00000089693,black
ENSG00000101224,black
ENSG00000158195,black
ENSG00000107223,black
ENSG00000113732,black
ENSG00000134825,black
ENSG00000185222,black
ENSG00000148834,black
ENSG00000123562,black
ENSG00000126457,black
ENSG00000125743,black
ENSG00000147274,black
ENSG00000058668,black
ENSG00000173457,black
ENSG00000168066,black
ENSG00000147872,black
ENSG00000147604,black
ENSG00000197747,black
ENSG00000069849,black
ENSG00000147649,black
ENSG00000123240,black
ENSG00000100804,black
ENSG00000140416,black
ENSG00000221823,dimgrey
ENSG00000142192,black
ENSG00000196396,black
ENSG00000168092,black
ENSG00000100316,black
ENSG00000122545,black
ENSG00000084207,black
ENSG00000068489,black
ENSG00000112769,black
ENSG00000134308,black
ENSG00000122861,black
ENSG00000213626,black
ENSG00000124172,black
ENSG00000129038,black
ENSG00000132646,black
ENSG00000132688,black
ENSG00000058272,black
ENSG00000089009,black
ENSG00000138398,black
ENSG00000058262,black
ENSG00000223551,black
ENSG00000167863,black
ENSG00000139644,black
ENSG00000162704,black
ENSG00000071054,black
ENSG00000107833,black
ENSG00000186432,black
ENSG00000129128,black
ENSG00000100764,black
ENSG00000239559,black
ENSG00000136153,black
ENSG00000136824,black
ENSG00000188612,black
ENSG00000135698,black
ENSG00000135926,black
ENSG00000170017,black
ENSG00000161970,black
ENSG00000078808,dimgrey
ENSG00000263266,black
ENSG00000110700,black
ENSG00000150991,black
ENSG00000125844,black
ENSG00000148303,black
ENSG00000117411,black
ENSG00000170275,black
ENSG00000163584,black
ENSG00000104331,black
ENSG00000198355,black
ENSG00000050405,black
ENSG00000138071,black
ENSG00000112655,black
ENSG00000240652,black
ENSG00000197256,black
ENSG00000173473,black
ENSG00000173692,black
ENSG00000145425,black
ENSG00000089280,black
ENSG00000117592,black
ENSG00000180398,black
ENSG00000039560,black
ENSG00000156411,black
ENSG00000140612,black
ENSG00000137710,black
ENSG00000213280,black
ENSG00000113721,black
ENSG00000159228,black
ENSG00000244509,black
ENSG00000127837,black
ENSG00000141867,black
ENSG00000104388,black
ENSG00000197157,black
ENSG00000255302,black
ENSG00000149547,black
ENSG00000108344,black
ENSG00000136450,black
ENSG00000105058,black
ENSG00000167110,black
ENSG00000260260,black
ENSG00000091136,black
ENSG00000075213,black
ENSG00000121067,black
ENSG00000143545,black
ENSG00000171634,black
ENSG00000106636,black
ENSG00000120694,black
ENSG00000124831,black
ENSG00000108848,black
ENSG00000136542,black
ENSG00000109861,black
ENSG00000143198,black
ENSG00000171530,black
ENSG00000102172,black
ENSG00000145555,black
ENSG00000222041,black
ENSG00000070961,black
ENSG00000129680,black
ENSG00000130164,black
ENSG00000138182,black
ENSG00000224877,black
ENSG00000266472,black
ENSG00000106333,black
ENSG00000116489,black
ENSG00000172301,black
ENSG00000065978,black
ENSG00000172115,black
ENSG00000197632,black
ENSG00000049656,black
ENSG00000100216,black
ENSG00000108055,black
ENSG00000125952,black
ENSG00000136938,black
ENSG00000119669,black
ENSG00000011304,black
ENSG00000117395,black
ENSG00000164292,black
ENSG00000182197,black
ENSG00000187079,black
ENSG00000213585,black
ENSG00000174437,black
ENSG00000150938,black
ENSG00000154096,black
ENSG00000174807,black
ENSG00000127914,black
ENSG00000164548,black
ENSG00000187498,black
ENSG00000110092,black
ENSG00000099250,black
ENSG00000163714,black
ENSG00000185627,black
ENSG00000144381,black
ENSG00000163479,black
ENSG00000151366,black
ENSG00000157654,black
ENSG00000138814,black
ENSG00000166741,black
ENSG00000197301,black
ENSG00000125676,black
ENSG00000136156,black
ENSG00000175166,black
ENSG00000168385,black
ENSG00000189043,black
ENSG00000108671,black
ENSG00000162244,black
ENSG00000117899,black
ENSG00000213315,black
ENSG00000025800,black
ENSG00000013810,black
ENSG00000166681,black
ENSG00000232472,black
ENSG00000147955,black
ENSG00000130309,black
ENSG00000049449,black
ENSG00000161544,black
ENSG00000136295,black
ENSG00000197712,black
ENSG00000164040,black
ENSG00000143977,black
ENSG00000103275,black
ENSG00000125977,black
ENSG00000091409,black
ENSG00000114302,black
ENSG00000147416,black
ENSG00000170348,black
ENSG00000165280,black
ENSG00000070087,black
ENSG00000130816,black
ENSG00000182492,black
ENSG00000115415,black
ENSG00000126267,black
ENSG00000114850,black
ENSG00000101182,black
ENSG00000128656,black
ENSG00000147140,black
ENSG00000169976,black
ENSG00000148926,black
ENSG00000112378,black
ENSG00000126698,black
ENSG00000122565,black
ENSG00000186468,black
ENSG00000136448,black
ENSG00000105220,black
ENSG00000203950,black
ENSG00000198363,black
ENSG00000184900,black
ENSG00000084623,black
ENSG00000229119,black
ENSG00000017797,black
ENSG00000091640,black
ENSG00000178719,black
ENSG00000092853,black
ENSG00000100353,black
ENSG00000170515,black
ENSG00000125691,black
ENSG00000113648,black
ENSG00000142949,black
ENSG00000122257,black
ENSG00000155876,black
ENSG00000142230,black
ENSG00000127922,black
ENSG00000131116,black
ENSG00000054116,black
ENSG00000132463,black
ENSG00000172667,black
ENSG00000235776,black
ENSG00000136003,black
ENSG00000064419,black
ENSG00000133026,black
ENSG00000188846,black
ENSG00000171490,black
ENSG00000011028,black
ENSG00000092201,black
ENSG00000143799,black
ENSG00000165416,black
ENSG00000065613,black
ENSG00000164924,black
ENSG00000173210,black
ENSG00000125356,black
ENSG00000086065,black
ENSG00000101745,black
ENSG00000110958,black
ENSG00000188042,black
ENSG00000100401,black
ENSG00000114857,black
ENSG00000114867,black
ENSG00000198604,black
ENSG00000218426,black
ENSG00000102189,black
ENSG00000128272,black
ENSG00000173221,black
ENSG00000169020,black
ENSG00000048828,black
ENSG00000068912,black
ENSG00000074071,black
ENSG00000266944,black
ENSG00000128591,black
ENSG00000197879,black
ENSG00000029363,black
ENSG00000079246,black
ENSG00000118900,black
ENSG00000024422,black
ENSG00000141551,black
ENSG00000145012,black
ENSG00000105254,black
ENSG00000123144,black
ENSG00000146535,black
ENSG00000169217,black
ENSG00000149948,black
ENSG00000140497,black
ENSG00000143252,black
ENSG00000137815,black
ENSG00000231747,black
ENSG00000105971,black
ENSG00000165525,black
ENSG00000136628,black
ENSG00000005022,black
ENSG00000155506,black
ENSG00000225475,black
ENSG00000260032,black
ENSG00000163171,black
ENSG00000177156,black
ENSG00000119326,black
ENSG00000115963,black
ENSG00000125995,black
ENSG00000185112,black
ENSG00000006451,black
ENSG00000155366,black
ENSG00000127920,black
ENSG00000243147,black
ENSG00000145050,black
ENSG00000125520,black
ENSG00000187173,black
ENSG00000064393,black
ENSG00000134369,black
ENSG00000168610,black
ENSG00000078674,black
ENSG00000130522,black
ENSG00000136485,black
ENSG00000138385,black
ENSG00000054267,black
ENSG00000100241,dimgrey
ENSG00000106261,black
ENSG00000113758,black
ENSG00000070081,black
ENSG00000075618,black
ENSG00000051128,black
ENSG00000154734,black
ENSG00000104332,black
ENSG00000116649,black
ENSG00000131508,black
ENSG00000168273,black
ENSG00000090863,black
ENSG00000132535,dimgrey
ENSG00000136930,black
ENSG00000133687,black
ENSG00000167397,black
ENSG00000169180,black
ENSG00000172717,black
ENSG00000182481,black
ENSG00000038427,black
ENSG00000135624,black
ENSG00000204262,black
ENSG00000065135,black
ENSG00000170004,black
ENSG00000105323,black
ENSG00000175220,black
ENSG00000241685,black
ENSG00000126767,black
ENSG00000164054,black
ENSG00000106263,black
ENSG00000116729,black
ENSG00000196504,black
ENSG00000038219,black
ENSG00000103502,black
ENSG00000108946,black
ENSG00000182287,black
ENSG00000213853,black
ENSG00000100201,black
ENSG00000110330,black
ENSG00000118181,black
ENSG00000123983,black
ENSG00000125991,black
ENSG00000141526,black
ENSG00000148516,black
ENSG00000236552,black
ENSG00000135723,black
ENSG00000164733,black
ENSG00000173674,black
ENSG00000087245,black
ENSG00000102882,black
ENSG00000239524,black
ENSG00000100403,black
ENSG00000110047,black
ENSG00000113387,black
ENSG00000230734,black
ENSG00000153140,black
ENSG00000173230,black
ENSG00000197324,black
ENSG00000174136,black
ENSG00000152601,black
ENSG00000095139,black
ENSG00000149136,black
ENSG00000115641,black
ENSG00000131143,black
ENSG00000100554,black
ENSG00000170855,black
ENSG00000053254,black
ENSG00000143774,black
ENSG00000189320,black
ENSG00000197912,black
ENSG00000126653,black
ENSG00000228474,black
ENSG00000099817,black
ENSG00000153904,black
ENSG00000023287,black
ENSG00000173113,black
ENSG00000049245,black
ENSG00000099804,black
ENSG00000111328,black
ENSG00000131051,black
ENSG00000158669,black
ENSG00000135862,black
ENSG00000167641,black
ENSG00000174780,black
ENSG00000126524,black
ENSG00000235162,black
ENSG00000132424,black
ENSG00000008838,black
ENSG00000139218,black
ENSG00000110917,black
ENSG00000162545,black
ENSG00000172216,black
ENSG00000094916,black
ENSG00000169895,black
ENSG00000174099,black
ENSG00000099341,black
ENSG00000087365,black
ENSG00000154174,black
ENSG00000175416,black
ENSG00000132485,black
ENSG00000159202,black
ENSG00000164754,black
ENSG00000113407,black
ENSG00000172638,black
ENSG00000142168,black
ENSG00000198856,black
ENSG00000153317,black
ENSG00000100664,black
ENSG00000111716,black
ENSG00000175203,black
ENSG00000157020,black
ENSG00000167470,black
ENSG00000196656,black
ENSG00000130513,black
ENSG00000112977,black
ENSG00000075785,black
ENSG00000139112,black
ENSG00000153786,black
ENSG00000112514,black
ENSG00000116584,black
ENSG00000178952,black
ENSG00000110696,black
ENSG00000138180,black
ENSG00000164932,black
ENSG00000159377,black
ENSG00000160551,black
ENSG00000162434,black
ENSG00000164134,black
ENSG00000136732,black
ENSG00000137807,black
ENSG00000148229,black
ENSG00000134690,black
ENSG00000146674,black
ENSG00000090857,black
ENSG00000103994,black
ENSG00000116288,black
ENSG00000153113,black
ENSG00000165732,black
ENSG00000089048,black
ENSG00000101474,black
ENSG00000153250,black
ENSG00000172534,black
ENSG00000241837,black
ENSG00000041357,black
ENSG00000122862,black
ENSG00000126067,black
ENSG00000183648,black
ENSG00000142507,black
ENSG00000152795,black
ENSG00000100596,black
ENSG00000135047,black
ENSG00000143771,black
ENSG00000009413,black
ENSG00000080345,black
ENSG00000172380,black
ENSG00000115380,black
ENSG00000139842,black
ENSG00000152492,black
ENSG00000119655,black
ENSG00000120913,black
ENSG00000129562,black
ENSG00000184557,black
ENSG00000099800,black
ENSG00000104852,black
ENSG00000177200,black
ENSG00000102753,black
ENSG00000266402,black
ENSG00000128965,black
ENSG00000168393,black
ENSG00000140374,black
ENSG00000165916,black
ENSG00000134910,black
ENSG00000197111,black
ENSG00000167004,black
ENSG00000162407,black
ENSG00000108854,black
ENSG00000253368,black
ENSG00000079785,black
ENSG00000198162,black
ENSG00000163931,black
ENSG00000215301,black
ENSG00000005893,black
ENSG00000084754,black
ENSG00000166710,black
ENSG00000101333,black
ENSG00000105894,black
ENSG00000214160,black
ENSG00000071626,black
ENSG00000102024,black
ENSG00000102054,black
ENSG00000135486,black
ENSG00000135919,black
ENSG00000153006,black
ENSG00000157916,black
ENSG00000137509,black
ENSG00000138760,black
ENSG00000146731,black
ENSG00000168785,black
ENSG00000129084,black
ENSG00000168653,black
ENSG00000100280,black
ENSG00000198431,black
ENSG00000110108,black
ENSG00000165915,black
ENSG00000168724,black
ENSG00000154582,black
ENSG00000164896,black
ENSG00000168214,black
ENSG00000242299,black
ENSG00000013364,black
ENSG00000103591,black
ENSG00000146376,black
ENSG00000163811,black
ENSG00000167468,black
ENSG00000022277,black
ENSG00000103363,black
ENSG00000175390,black
ENSG00000117525,black
ENSG00000179820,black
ENSG00000184897,dimgrey
ENSG00000067248,black
ENSG00000099795,black
ENSG00000169710,black
ENSG00000175550,black
ENSG00000065308,black
ENSG00000075151,black
ENSG00000176619,black
ENSG00000197894,black
ENSG00000091436,black
ENSG00000111676,black
ENSG00000170919,black
ENSG00000011426,black
ENSG00000205339,black
ENSG00000205352,black
ENSG00000238227,dimgrey
ENSG00000063660,black
ENSG00000087586,black
ENSG00000135956,black
ENSG00000139239,black
ENSG00000153922,black
ENSG00000163297,black
ENSG00000109685,black
ENSG00000122218,black
ENSG00000125746,black
ENSG00000178982,black
ENSG00000088930,black
ENSG00000136193,black
ENSG00000119392,black
ENSG00000118473,black
ENSG00000144224,black
ENSG00000065548,black
ENSG00000100815,black
ENSG00000162736,black
ENSG00000056097,black
ENSG00000111799,black
ENSG00000143384,black
ENSG00000170961,black
ENSG00000115738,black
ENSG00000134318,black
ENSG00000169641,black
ENSG00000196611,black
ENSG00000115091,black
ENSG00000116132,black
ENSG00000126391,black
ENSG00000134046,black
ENSG00000244245,black
ENSG00000120948,black
ENSG00000168894,black
ENSG00000111186,black
ENSG00000115694,black
ENSG00000139343,black
ENSG00000148700,black
ENSG00000183255,black
ENSG00000067167,black
ENSG00000102119,black
ENSG00000144867,black
ENSG00000123975,black
ENSG00000104321,black
ENSG00000163535,black
ENSG00000196199,black
ENSG00000123200,black
ENSG00000175745,black
ENSG00000048649,black
ENSG00000100632,black
ENSG00000134884,black
ENSG00000228462,black
ENSG00000147526,black
ENSG00000165410,black
ENSG00000198682,black
ENSG00000134352,black
ENSG00000141027,black
ENSG00000169446,black
ENSG00000198843,black
ENSG00000159176,black
ENSG00000230590,black
ENSG00000108774,black
ENSG00000111481,black
ENSG00000127445,black
ENSG00000089006,black
ENSG00000117152,black
ENSG00000073921,black
ENSG00000293057,black
ENSG00000134186,black
ENSG00000164985,black
ENSG00000025772,black
ENSG00000100941,black
ENSG00000148634,black
ENSG00000177707,black
ENSG00000186298,black
ENSG00000077097,black
ENSG00000104979,black
ENSG00000130741,black
ENSG00000113580,black
ENSG00000166889,black
ENSG00000050165,black
ENSG00000107341,black
ENSG00000143322,black
ENSG00000168461,black
ENSG00000160211,black
ENSG00000213237,black
ENSG00000049323,black
ENSG00000111011,black
ENSG00000139278,black
ENSG00000163017,black
ENSG00000166825,black
ENSG00000183291,black
ENSG00000131462,black
ENSG00000114942,black
ENSG00000127616,black
ENSG00000170540,black
ENSG00000184232,black
ENSG00000225972,black
ENSG00000114251,black
ENSG00000115306,black
ENSG00000143621,black
ENSG00000177733,black
ENSG00000178741,black
ENSG00000182158,black
ENSG00000197345,black
ENSG00000272047,black
ENSG00000168710,black
ENSG00000213639,black
ENSG00000071127,black
ENSG00000124201,black
ENSG00000134440,black
ENSG00000142541,black
ENSG00000099337,black
ENSG00000061676,black
ENSG00000133216,black
ENSG00000198121,black
ENSG00000170035,black
ENSG00000013297,black
ENSG00000067082,black
ENSG00000074416,black
ENSG00000116459,black
ENSG00000174695,black
ENSG00000003436,black
ENSG00000177885,black
ENSG00000186395,black
ENSG00000244754,black
ENSG00000125686,black
ENSG00000185728,black
ENSG00000082153,black
ENSG00000125755,black
ENSG00000143612,black
ENSG00000146701,black
ENSG00000165629,black
ENSG00000182180,black
ENSG00000103769,black
ENSG00000125835,black
ENSG00000133816,black
ENSG00000092964,black
ENSG00000136527,black
ENSG00000138674,black
ENSG00000155229,black
ENSG00000106244,black
ENSG00000115524,black
ENSG00000156482,black
ENSG00000130176,black
ENSG00000154978,black
ENSG00000184076,black
ENSG00000140682,black
ENSG00000160746,black
ENSG00000170558,black
ENSG00000178988,black
ENSG00000128951,black
ENSG00000154277,black
ENSG00000265972,black
ENSG00000125826,black
ENSG00000135930,black
ENSG00000169607,black
ENSG00000108468,black
ENSG00000119421,black
ENSG00000175215,black
ENSG00000112312,black
ENSG00000169908,black
ENSG00000167693,black
ENSG00000213593,black
ENSG00000214078,black
ENSG00000124155,black
ENSG00000106105,black
ENSG00000183087,black
ENSG00000073712,black
ENSG00000099194,black
ENSG00000129245,black
ENSG00000166949,black
ENSG00000185651,black
ENSG00000205937,black
ENSG00000077147,black
ENSG00000114315,black
ENSG00000136859,black
ENSG00000143222,black
ENSG00000148484,black
ENSG00000165672,black
ENSG00000100300,black
ENSG00000129351,black
ENSG00000140262,black
ENSG00000019549,black
ENSG00000078618,black
ENSG00000116209,black
ENSG00000119402,black
ENSG00000078369,black
ENSG00000110237,black
ENSG00000115355,black
ENSG00000118523,black
ENSG00000134871,black
ENSG00000143753,black
ENSG00000010610,black
ENSG00000115756,black
ENSG00000150316,black
ENSG00000005884,dimgrey
ENSG00000108179,black
ENSG00000113657,black
ENSG00000168003,black
ENSG00000091527,black
ENSG00000107957,black
ENSG00000128050,black
ENSG00000133142,black
ENSG00000122952,black
ENSG00000160209,black
ENSG00000166226,black
ENSG00000072778,black
ENSG00000197498,black
ENSG00000214357,black
ENSG00000086062,black
ENSG00000111229,black
ENSG00000116251,black
ENSG00000132780,black
ENSG00000177479,black
ENSG00000112739,black
ENSG00000144713,black
ENSG00000157110,black
ENSG00000164761,black
ENSG00000052802,black
ENSG00000153147,black
ENSG00000167792,black
ENSG00000185825,black
ENSG00000197982,black
ENSG00000110906,black
ENSG00000115762,black
ENSG00000131981,black
ENSG00000134375,black
ENSG00000182827,black
ENSG00000188895,black
ENSG00000089154,black
ENSG00000151923,black
ENSG00000166147,black
ENSG00000171475,black
ENSG00000223496,black
ENSG00000100528,black
ENSG00000106723,black
ENSG00000110955,black
ENSG00000114999,black
ENSG00000128641,black
ENSG00000168002,black
ENSG00000187051,black
ENSG00000163507,black
ENSG00000171848,black
ENSG00000070814,black
ENSG00000090060,black
ENSG00000101160,black
ENSG00000106609,black
ENSG00000115128,black
ENSG00000167081,black
ENSG00000090686,black
ENSG00000108828,black
ENSG00000112851,black
ENSG00000135111,black
ENSG00000138119,black
ENSG00000143153,black
ENSG00000145833,black
ENSG00000159167,black
ENSG00000076201,black
ENSG00000123992,black
ENSG00000164171,black
ENSG00000180914,black
ENSG00000189159,black
ENSG00000196507,black
ENSG00000241494,black
ENSG00000042753,black
ENSG00000135069,black
ENSG00000139684,black
ENSG00000189067,black
ENSG00000265808,black
ENSG00000100811,black
ENSG00000120742,black
ENSG00000127483,black
ENSG00000084093,black
ENSG00000182004,black
ENSG00000065809,black
ENSG00000075413,black
ENSG00000145817,black
ENSG00000160007,black
ENSG00000178464,black
ENSG00000087111,black
ENSG00000112576,black
ENSG00000135829,black
ENSG00000137601,black
ENSG00000138757,black
ENSG00000234797,black
ENSG00000129353,black
ENSG00000135837,black
ENSG00000150630,black
ENSG00000166130,black
ENSG00000179218,black
ENSG00000106052,black
ENSG00000175193,black
ENSG00000205581,black
ENSG00000221869,black
ENSG00000101161,black
ENSG00000103647,black
ENSG00000116685,black
ENSG00000164611,black
ENSG00000065150,black
ENSG00000069329,black
ENSG00000086061,black
ENSG00000130638,black
ENSG00000143398,black
ENSG00000151491,black
ENSG00000157954,black
ENSG00000163166,black
ENSG00000163840,black
ENSG00000152518,black
ENSG00000169925,black
ENSG00000175455,black
ENSG00000211460,black
ENSG00000099246,black
ENSG00000113013,black
ENSG00000119403,black
ENSG00000149480,black
ENSG00000162783,black
ENSG00000181104,black
ENSG00000114125,black
ENSG00000145907,black
ENSG00000155254,black
ENSG00000164713,black
ENSG00000165637,black
ENSG00000070423,black
ENSG00000152332,black
ENSG00000291105,black
ENSG00000105821,black
ENSG00000105968,black
ENSG00000148175,black
ENSG00000178950,black
ENSG00000103202,black
ENSG00000103642,black
ENSG00000131871,black
ENSG00000125912,black
ENSG00000134717,black
ENSG00000241468,black
ENSG00000114416,black
ENSG00000126945,black
ENSG00000134153,black
ENSG00000146425,black
ENSG00000115241,black
ENSG00000129534,black
ENSG00000133059,black
ENSG00000133657,black
ENSG00000135316,black
ENSG00000182195,black
ENSG00000229994,black
ENSG00000128606,black
ENSG00000138592,black
ENSG00000149485,black
ENSG00000101350,black
ENSG00000100739,black
ENSG00000139641,black
ENSG00000140943,black
ENSG00000095261,black
ENSG00000106615,black
ENSG00000123505,black
ENSG00000125818,black
ENSG00000198015,black
ENSG00000060237,black
ENSG00000073614,black
ENSG00000087077,black
ENSG00000182809,black
ENSG00000103018,black
ENSG00000127946,black
ENSG00000156256,black
ENSG00000167779,black
ENSG00000134248,black
ENSG00000141279,black
ENSG00000265241,black
ENSG00000092148,black
ENSG00000100519,black
ENSG00000115875,black
ENSG00000136451,black
ENSG00000143641,black
ENSG00000196535,dimgrey
ENSG00000213699,black
ENSG00000104164,black
ENSG00000125821,black
ENSG00000132002,black
ENSG00000139697,black
ENSG00000078140,black
ENSG00000119969,black
ENSG00000129292,black
ENSG00000143106,black
ENSG00000146223,black
ENSG00000162878,black
ENSG00000184164,black
ENSG00000265491,black
ENSG00000119487,black
ENSG00000147164,black
ENSG00000160131,black
ENSG00000177565,black
ENSG00000138675,black
ENSG00000160563,dimgrey
ENSG00000136068,black
ENSG00000160087,black
ENSG00000188554,black
ENSG00000005483,black
ENSG00000140092,black
ENSG00000178999,black
ENSG00000188994,black
ENSG00000198663,black
ENSG00000087274,black
ENSG00000111540,black
ENSG00000162517,black
ENSG00000165655,black
ENSG00000173915,black
ENSG00000055332,black
ENSG00000111678,black
ENSG00000112110,black
ENSG00000122642,black
ENSG00000137267,black
ENSG00000198707,black
ENSG00000110090,black
ENSG00000123933,black
ENSG00000149187,black
ENSG00000242372,black
ENSG00000113083,black
ENSG00000128245,black
ENSG00000138279,black
ENSG00000163029,black
ENSG00000172428,black
ENSG00000074201,black
ENSG00000089327,black
ENSG00000161203,black
ENSG00000172586,black
ENSG00000186660,black
ENSG00000225921,black
ENSG00000116161,black
ENSG00000120802,black
ENSG00000169021,black
ENSG00000164163,black
ENSG00000170906,black
ENSG00000181924,black
ENSG00000101193,black
ENSG00000101558,black
ENSG00000057608,black
ENSG00000105393,black
ENSG00000161547,black
ENSG00000168036,black
ENSG00000102309,black
ENSG00000109689,black
ENSG00000128340,black
ENSG00000179134,black
ENSG00000183258,black
ENSG00000209082,black
ENSG00000004897,black
ENSG00000040275,black
ENSG00000109606,black
ENSG00000159199,black
ENSG00000120306,black
ENSG00000129071,black
ENSG00000131016,black
ENSG00000133030,black
ENSG00000149100,black
ENSG00000149600,black
ENSG00000164294,black
ENSG00000198791,black
ENSG00000071242,black
ENSG00000110841,black
ENSG00000161281,black
ENSG00000163453,black
ENSG00000108654,black
ENSG00000112419,black
ENSG00000124098,black
ENSG00000166250,black
ENSG00000189171,black
ENSG00000196591,black
ENSG00000102900,black
ENSG00000113583,black
ENSG00000124228,black
ENSG00000131467,black
ENSG00000173575,black
ENSG00000204941,black
ENSG00000253626,black
ENSG00000112697,black
ENSG00000113643,black
ENSG00000116044,black
ENSG00000166340,black
ENSG00000174720,black
ENSG00000213625,black
ENSG00000104976,dimgrey
ENSG00000177830,black
ENSG00000108861,black
ENSG00000111775,black
ENSG00000135387,black
ENSG00000141759,black
ENSG00000151835,black
ENSG00000154723,black
ENSG00000242125,black
ENSG00000134283,black
ENSG00000136279,black
ENSG00000152104,black
ENSG00000183726,black
ENSG00000204843,black
ENSG00000111832,black
ENSG00000112081,black
ENSG00000130779,black
ENSG00000105677,black
ENSG00000167323,black
ENSG00000182446,black
ENSG00000080986,black
ENSG00000119596,black
ENSG00000131446,black
ENSG00000140836,black
ENSG00000170860,black
ENSG00000182534,black
ENSG00000100503,black
ENSG00000119812,black
ENSG00000146540,black
ENSG00000169871,black
ENSG00000101266,black
ENSG00000111639,black
ENSG00000117143,black
ENSG00000131100,black
ENSG00000143569,black
ENSG00000184661,black
ENSG00000198959,black
ENSG00000031698,black
ENSG00000103342,black
ENSG00000118482,black
ENSG00000130764,black
ENSG00000162604,black
ENSG00000143149,black
ENSG00000143575,black
ENSG00000157483,black
ENSG00000164323,black
ENSG00000203875,black
ENSG00000126950,black
ENSG00000139734,black
ENSG00000161057,black
ENSG00000105176,black
ENSG00000105825,black
ENSG00000166136,black
ENSG00000084463,black
ENSG00000113649,black
ENSG00000090861,black
ENSG00000130340,black
ENSG00000169714,black
ENSG00000072952,black
ENSG00000161638,black
ENSG00000165678,black
ENSG00000169432,black
ENSG00000172965,black
ENSG00000188486,black
ENSG00000091542,black
ENSG00000163754,black
ENSG00000177311,black
ENSG00000185043,black
ENSG00000226360,black
ENSG00000001461,black
ENSG00000010295,black
ENSG00000065882,black
ENSG00000147010,black
ENSG00000172939,black
ENSG00000187720,black
ENSG00000092108,black
ENSG00000120688,black
ENSG00000141756,black
ENSG00000164741,black
ENSG00000183624,black
ENSG00000111674,black
ENSG00000142227,black
ENSG00000157657,black
ENSG00000178951,black
ENSG00000013561,black
ENSG00000081870,black
ENSG00000088833,black
ENSG00000137573,black
ENSG00000140307,black
ENSG00000170312,black
ENSG00000196419,black
ENSG00000196954,black
ENSG00000219274,black
ENSG00000044115,black
ENSG00000129235,black
ENSG00000131473,black
ENSG00000135002,black
ENSG00000149932,black
ENSG00000022840,black
ENSG00000127838,black
ENSG00000135940,black
ENSG00000136813,black
ENSG00000143924,black
ENSG00000053372,black
ENSG00000089022,black
ENSG00000113312,black
ENSG00000116016,black
ENSG00000121068,black
ENSG00000177606,black
ENSG00000204217,black
ENSG00000101367,black
ENSG00000109133,black
ENSG00000113141,black
ENSG00000115993,black
ENSG00000134697,black
ENSG00000183963,black
ENSG00000143256,black
ENSG00000160710,black
ENSG00000290018,black
ENSG00000067057,black
ENSG00000107959,black
ENSG00000118363,black
ENSG00000119048,black
ENSG00000140564,black
ENSG00000165102,black
ENSG00000173402,black
ENSG00000175348,black
ENSG00000188243,black
ENSG00000037474,black
ENSG00000090266,black
ENSG00000131876,black
ENSG00000145495,black
ENSG00000177105,black
ENSG00000183011,black
ENSG00000232112,black
ENSG00000279483,black
ENSG00000137210,black
ENSG00000153976,black
ENSG00000170027,black
ENSG00000197170,black
ENSG00000132383,black
ENSG00000164182,black
ENSG00000038382,black
ENSG00000087191,black
ENSG00000136827,black
ENSG00000156599,black
ENSG00000171223,black
ENSG00000205250,black
ENSG00000100354,black
ENSG00000120705,black
ENSG00000126214,black
ENSG00000133961,black
ENSG00000089248,black
ENSG00000106682,black
ENSG00000152952,black
ENSG00000159720,black
ENSG00000161217,black
ENSG00000163683,black
ENSG00000214063,black
ENSG00000075426,black
ENSG00000143013,black
ENSG00000171345,black
ENSG00000283041,black
ENSG00000080608,black
ENSG00000102316,black
ENSG00000107863,black
ENSG00000135535,black
ENSG00000142166,black
ENSG00000143387,black
ENSG00000160310,black
ENSG00000123689,black
ENSG00000133110,black
ENSG00000138768,black
ENSG00000148719,black
ENSG00000176903,black
ENSG00000179091,black
ENSG00000239306,black
ENSG00000068366,black
ENSG00000100393,black
ENSG00000113048,black
ENSG00000171865,black
ENSG00000178980,black
ENSG00000198931,black
ENSG00000100030,black
ENSG00000153179,black
ENSG00000164109,black
ENSG00000167671,black
ENSG00000167987,black
ENSG00000169504,black
ENSG00000293064,black
ENSG00000101421,black
ENSG00000113194,black
ENSG00000124383,black
ENSG00000136021,black
ENSG00000138685,black
ENSG00000168137,black
ENSG00000178977,black
ENSG00000182154,black
ENSG00000015171,black
ENSG00000065154,black
ENSG00000115839,black
ENSG00000198677,black
ENSG00000033867,black
ENSG00000107984,black
ENSG00000122299,black
ENSG00000123106,black
ENSG00000133639,black
ENSG00000142910,black
ENSG00000163902,black
ENSG00000182512,black
ENSG00000204574,black
ENSG00000062485,black
ENSG00000072958,black
ENSG00000110075,black
ENSG00000118705,black
ENSG00000139746,black
ENSG00000139990,black
ENSG00000143878,black
ENSG00000010256,black
ENSG00000067182,black
ENSG00000102181,black
ENSG00000104218,black
ENSG00000113658,black
ENSG00000120075,black
ENSG00000135250,black
ENSG00000147123,black
ENSG00000144118,black
ENSG00000151893,black
ENSG00000013583,black
ENSG00000102144,black
ENSG00000104695,black
ENSG00000123136,black
ENSG00000151388,black
ENSG00000163428,black
ENSG00000164944,black
ENSG00000172172,black
ENSG00000198721,black
ENSG00000213864,black
ENSG00000006042,black
ENSG00000042445,black
ENSG00000114062,black
ENSG00000116478,black
ENSG00000143155,black
ENSG00000146247,black
ENSG00000153048,black
ENSG00000172336,black
ENSG00000174307,black
ENSG00000169764,black
ENSG00000172500,black
ENSG00000198168,black
ENSG00000079332,black
ENSG00000114902,black
ENSG00000130706,black
ENSG00000139233,black
ENSG00000154803,black
ENSG00000164543,black
ENSG00000174917,black
ENSG00000197780,black
ENSG00000221914,black
ENSG00000070214,black
ENSG00000109846,black
ENSG00000119383,black
ENSG00000137100,black
ENSG00000165264,black
ENSG00000182326,black
ENSG00000183287,black
ENSG00000005007,black
ENSG00000167900,black
ENSG00000180817,black
ENSG00000181026,black
ENSG00000105202,black
ENSG00000106355,black
ENSG00000171241,black
ENSG00000240682,black
ENSG00000115944,black
ENSG00000125870,black
ENSG00000130826,black
ENSG00000143183,black
ENSG00000152234,black
ENSG00000226243,black
ENSG00000105755,black
ENSG00000107372,black
ENSG00000108679,black
ENSG00000123064,black
ENSG00000131174,black
ENSG00000136271,black
ENSG00000184752,black
ENSG00000188643,black
ENSG00000020129,black
ENSG00000100442,black
ENSG00000108691,black
ENSG00000113621,black
ENSG00000155660,black
ENSG00000011451,black
ENSG00000134644,black
ENSG00000136819,black
ENSG00000158747,black
ENSG00000183779,black
ENSG00000094975,black
ENSG00000115419,black
ENSG00000132467,black
ENSG00000172270,black
ENSG00000006016,black
ENSG00000073792,black
ENSG00000128791,black
ENSG00000134371,black
ENSG00000144320,black
ENSG00000154813,black
ENSG00000172590,black
ENSG00000243317,black
ENSG00000099991,black
ENSG00000105397,black
ENSG00000137812,black
ENSG00000166200,black
ENSG00000212747,black
ENSG00000248333,black
ENSG00000083444,black
ENSG00000102804,black
ENSG00000111652,black
ENSG00000117228,black
ENSG00000147677,black
ENSG00000198176,black
ENSG00000083520,black
ENSG00000166803,black
ENSG00000054793,black
ENSG00000073008,black
ENSG00000106785,black
ENSG00000118508,black
ENSG00000129460,black
ENSG00000135372,black
ENSG00000137776,black
ENSG00000144746,black
ENSG00000186577,black
ENSG00000187555,black
ENSG00000130202,black
ENSG00000135090,black
ENSG00000168264,black
ENSG00000228300,black
ENSG00000003402,black
ENSG00000039123,black
ENSG00000116005,black
ENSG00000120254,black
ENSG00000130724,black
ENSG00000164402,black
ENSG00000175137,black
ENSG00000117410,black
ENSG00000147548,black
ENSG00000184787,black
ENSG00000254999,black
ENSG00000025796,black
ENSG00000114650,black
ENSG00000119729,black
ENSG00000137216,black
ENSG00000145675,black
ENSG00000146066,black
ENSG00000171055,black
ENSG00000187735,black
ENSG00000049239,black
ENSG00000186111,black
ENSG00000014641,black
ENSG00000109099,black
ENSG00000115204,black
ENSG00000138107,black
ENSG00000143420,black
ENSG00000156471,black
ENSG00000175029,black
ENSG00000175063,black
ENSG00000197930,black
ENSG00000081154,black
ENSG00000088325,black
ENSG00000090054,black
ENSG00000104872,black
ENSG00000105993,black
ENSG00000131504,black
ENSG00000144848,black
ENSG00000156802,black
ENSG00000170545,black
ENSG00000226084,black
ENSG00000100219,black
ENSG00000104408,black
ENSG00000121774,black
ENSG00000126458,black
ENSG00000130165,black
ENSG00000142002,black
ENSG00000159352,black
ENSG00000169490,black
ENSG00000180370,black
ENSG00000185630,black
ENSG00000253276,black
ENSG00000079805,black
ENSG00000165501,black
ENSG00000184220,black
ENSG00000213281,black
ENSG00000214748,black
ENSG00000277791,black
ENSG00000112146,black
ENSG00000164442,black
ENSG00000168090,black
ENSG00000174442,black
ENSG00000185104,black
ENSG00000099622,black
ENSG00000128524,black
ENSG00000134853,black
ENSG00000135931,black
ENSG00000224078,black
ENSG00000004142,black
ENSG00000023734,black
ENSG00000087074,black
ENSG00000253729,black
ENSG00000035681,black
ENSG00000067066,black
ENSG00000083099,black
ENSG00000128829,black
ENSG00000131148,black
ENSG00000131966,black
ENSG00000152700,black
ENSG00000160194,black
ENSG00000165458,black
ENSG00000171867,black
ENSG00000173145,black
ENSG00000197535,black
ENSG00000198408,black
ENSG00000084652,black
ENSG00000102038,black
ENSG00000134779,black
ENSG00000164828,black
ENSG00000034713,black
ENSG00000071859,black
ENSG00000135842,black
ENSG00000151012,black
ENSG00000173660,black
ENSG00000007384,black
ENSG00000103353,black
ENSG00000115159,black
ENSG00000116120,black
ENSG00000147224,black
ENSG00000164190,black
ENSG00000196776,black
ENSG00000257923,black
ENSG00000066654,black
ENSG00000082641,black
ENSG00000099814,black
ENSG00000154845,black
ENSG00000165733,black
ENSG00000172775,black
ENSG00000173559,black
ENSG00000179271,black
ENSG00000204138,black
ENSG00000113328,black
ENSG00000115368,black
ENSG00000117394,black
ENSG00000128805,black
ENSG00000135720,black
ENSG00000241553,black
ENSG00000089063,black
ENSG00000104660,black
ENSG00000105849,black
ENSG00000120129,black
ENSG00000120265,black
ENSG00000130520,black
ENSG00000145220,black
ENSG00000152127,black
ENSG00000173068,black
ENSG00000178913,black
ENSG00000223749,black
ENSG00000108349,black
ENSG00000146648,black
ENSG00000151327,black
ENSG00000171307,black
ENSG00000215193,black
ENSG00000247516,black
ENSG00000013306,black
ENSG00000080371,black
ENSG00000103888,black
ENSG00000106484,black
ENSG00000123091,black
ENSG00000124486,black
ENSG00000127463,black
ENSG00000166801,black
ENSG00000182628,black
ENSG00000198586,black
ENSG00000023697,black
ENSG00000048162,black
ENSG00000091483,black
ENSG00000108588,black
ENSG00000115561,black
ENSG00000130560,black
ENSG00000183283,black
ENSG00000189184,black
ENSG00000198833,black
ENSG00000055211,black
ENSG00000125875,black
ENSG00000130021,black
ENSG00000132824,black
ENSG00000146386,black
ENSG00000156928,black
ENSG00000171456,black
ENSG00000067141,black
ENSG00000115233,black
ENSG00000144579,black
ENSG00000150776,black
ENSG00000166833,black
ENSG00000099385,black
ENSG00000100591,black
ENSG00000104765,black
ENSG00000111269,black
ENSG00000114956,black
ENSG00000128335,black
ENSG00000132612,black
ENSG00000143401,black
ENSG00000157933,black
ENSG00000162664,black
ENSG00000179632,black
ENSG00000006007,black
ENSG00000103978,black
ENSG00000105576,black
ENSG00000109089,black
ENSG00000116473,black
ENSG00000130827,black
ENSG00000137693,black
ENSG00000140350,black
ENSG00000164091,black
ENSG00000166068,black
ENSG00000196923,black
ENSG00000197448,black
ENSG00000107021,black
ENSG00000116962,black
ENSG00000153015,black
ENSG00000181722,black
ENSG00000214253,black
ENSG00000009844,black
ENSG00000091490,black
ENSG00000106034,black
ENSG00000108582,black
ENSG00000117868,black
ENSG00000118689,black
ENSG00000129317,black
ENSG00000169083,black
ENSG00000005810,black
ENSG00000062194,black
ENSG00000100325,black
ENSG00000137193,dimgrey
ENSG00000156110,black
ENSG00000164484,black
ENSG00000023902,black
ENSG00000038274,black
ENSG00000125827,black
ENSG00000144028,black
ENSG00000154229,black
ENSG00000178585,black
ENSG00000274070,black
ENSG00000088205,black
ENSG00000167491,black
ENSG00000178209,black
ENSG00000182544,black
ENSG00000257704,black
ENSG00000083312,black
ENSG00000100852,black
ENSG00000129195,black
ENSG00000136758,black
ENSG00000163159,black
ENSG00000171604,black
ENSG00000197601,black
ENSG00000005243,black
ENSG00000080493,black
ENSG00000111602,black
ENSG00000139437,black
ENSG00000148908,black
ENSG00000196642,black
ENSG00000008083,black
ENSG00000101444,black
ENSG00000103196,black
ENSG00000108826,black
ENSG00000117691,black
ENSG00000122705,black
ENSG00000168899,black
ENSG00000173039,black
ENSG00000180957,black
ENSG00000197965,black
ENSG00000198231,black
ENSG00000092010,black
ENSG00000109046,black
ENSG00000145390,black
ENSG00000168807,black
ENSG00000171314,black
ENSG00000196072,black
ENSG00000100220,black
ENSG00000120738,black
ENSG00000139180,black
ENSG00000154473,black
ENSG00000156639,black
ENSG00000175792,black
ENSG00000189060,black
ENSG00000196154,black
ENSG00000243964,black
ENSG00000100266,black
ENSG00000140365,black
ENSG00000163634,black
ENSG00000168685,black
ENSG00000259956,black
ENSG00000009830,black
ENSG00000047249,black
ENSG00000102531,black
ENSG00000136108,black
ENSG00000139329,black
ENSG00000146007,black
ENSG00000146282,black
ENSG00000149636,black
ENSG00000163565,black
ENSG00000163956,black
ENSG00000164830,black
ENSG00000187840,black
ENSG00000111707,black
ENSG00000125347,black
ENSG00000131435,black
ENSG00000143314,black
ENSG00000144043,black
ENSG00000213064,black
ENSG00000267534,black
ENSG00000077235,black
ENSG00000108439,black
ENSG00000113360,black
ENSG00000139168,black
ENSG00000152661,black
ENSG00000157637,black
ENSG00000100461,black
ENSG00000119899,black
ENSG00000134852,black
ENSG00000136770,black
ENSG00000150459,black
ENSG00000164647,black
ENSG00000176915,black
ENSG00000276043,black
ENSG00000085365,black
ENSG00000100644,black
ENSG00000139318,black
ENSG00000143742,black
ENSG00000145349,black
ENSG00000145860,black
ENSG00000159593,black
ENSG00000164096,black
ENSG00000168288,black
ENSG00000189091,black
ENSG00000227462,black
ENSG00000004961,black
ENSG00000100380,black
ENSG00000163605,black
ENSG00000164114,black
ENSG00000176678,black
ENSG00000196510,black
ENSG00000076706,black
ENSG00000120992,black
ENSG00000123374,black
ENSG00000160785,black
ENSG00000164818,black
ENSG00000165476,black
ENSG00000204856,black
ENSG00000249669,black
ENSG00000064607,black
ENSG00000083642,black
ENSG00000101856,black
ENSG00000101972,black
ENSG00000140367,black
ENSG00000158435,black
ENSG00000172354,black
ENSG00000214389,black
ENSG00000106554,black
ENSG00000138663,black
ENSG00000160049,black
ENSG00000176261,black
ENSG00000186566,black
ENSG00000189057,black
ENSG00000198700,black
ENSG00000214753,black
ENSG00000231007,black
ENSG00000070010,black
ENSG00000083896,black
ENSG00000085117,black
ENSG00000103855,black
ENSG00000117133,black
ENSG00000125037,black
ENSG00000151233,black
ENSG00000151465,black
ENSG00000189241,black
ENSG00000006327,black
ENSG00000041982,black
ENSG00000056050,black
ENSG00000079999,black
ENSG00000083168,black
ENSG00000101361,black
ENSG00000103145,black
ENSG00000149269,black
ENSG00000170043,black
ENSG00000176697,black
ENSG00000185624,black
ENSG00000196628,black
ENSG00000233913,black
ENSG00000008394,black
ENSG00000025293,black
ENSG00000101040,black
ENSG00000101966,black
ENSG00000106367,black
ENSG00000107521,black
ENSG00000115216,black
ENSG00000162627,black
ENSG00000166012,black
ENSG00000106603,black
ENSG00000113811,black
ENSG00000116337,black
ENSG00000121691,black
ENSG00000136877,black
ENSG00000136950,black
ENSG00000166888,black
ENSG00000173465,black
ENSG00000064115,black
ENSG00000072042,black
ENSG00000074410,black
ENSG00000078304,black
ENSG00000080503,black
ENSG00000113460,black
ENSG00000114439,black
ENSG00000116786,black
ENSG00000206053,black
ENSG00000214194,black
ENSG00000015676,black
ENSG00000029993,black
ENSG00000092621,black
ENSG00000141696,black
ENSG00000152465,black
ENSG00000163798,black
ENSG00000167645,black
ENSG00000167721,black
ENSG00000168938,black
ENSG00000018408,black
ENSG00000067955,black
ENSG00000100422,black
ENSG00000101132,black
ENSG00000101654,black
ENSG00000114019,black
ENSG00000122417,black
ENSG00000124222,black
ENSG00000137500,black
ENSG00000138600,black
ENSG00000145782,black
ENSG00000158109,black
ENSG00000158604,black
ENSG00000173530,black
ENSG00000174953,black
ENSG00000187240,black
ENSG00000196363,black
ENSG00000242247,black
ENSG00000245910,black
ENSG00000067533,black
ENSG00000083857,black
ENSG00000102401,black
ENSG00000108061,black
ENSG00000115234,black
ENSG00000118985,black
ENSG00000122068,black
ENSG00000126453,black
ENSG00000132361,black
ENSG00000151612,black
ENSG00000160799,black
ENSG00000163950,black
ENSG00000165671,black
ENSG00000166165,black
ENSG00000184990,black
ENSG00000225733,black
ENSG00000247627,black
ENSG00000061273,black
ENSG00000077232,black
ENSG00000089685,black
ENSG00000090615,black
ENSG00000107890,black
ENSG00000130177,black
ENSG00000136731,black
ENSG00000164332,black
ENSG00000169136,black
ENSG00000178498,black
ENSG00000198648,black
ENSG00000119408,black
ENSG00000129515,black
ENSG00000144524,black
ENSG00000156642,black
ENSG00000165632,black
ENSG00000168936,black
ENSG00000172081,black
ENSG00000075407,black
ENSG00000084112,black
ENSG00000104722,black
ENSG00000146729,black
ENSG00000164062,black
ENSG00000180198,black
ENSG00000181904,black
ENSG00000012061,black
ENSG00000116688,black
ENSG00000130726,black
ENSG00000145901,black
ENSG00000164244,black
ENSG00000177889,black
ENSG00000185619,black
ENSG00000205356,black
ENSG00000088888,black
ENSG00000156976,black
ENSG00000168077,dimgrey
ENSG00000198265,black
ENSG00000198954,black
ENSG00000053371,black
ENSG00000112208,black
ENSG00000128989,black
ENSG00000148688,black
ENSG00000162413,dimgrey
ENSG00000175592,black
ENSG00000196821,black
ENSG00000197702,black
ENSG00000013288,black
ENSG00000084733,black
ENSG00000087087,black
ENSG00000100225,black
ENSG00000103485,black
ENSG00000112984,black
ENSG00000115661,black
ENSG00000115760,black
ENSG00000117399,black
ENSG00000119705,black
ENSG00000166974,black
ENSG00000170242,black
ENSG00000171202,black
ENSG00000171729,black
ENSG00000205903,black
ENSG00000211456,black
ENSG00000073711,black
ENSG00000104325,black
ENSG00000108510,black
ENSG00000108953,black
ENSG00000116750,black
ENSG00000118260,black
ENSG00000127314,black
ENSG00000136381,black
ENSG00000165424,black
ENSG00000166902,black
ENSG00000175334,black
ENSG00000182831,black
ENSG00000065427,black
ENSG00000076984,dimgrey
ENSG00000085662,black
ENSG00000100749,black
ENSG00000106348,black
ENSG00000110713,black
ENSG00000169359,black
ENSG00000178057,black
ENSG00000197467,black
ENSG00000198642,black
ENSG00000204899,black
ENSG00000268388,black
ENSG00000065054,black
ENSG00000103005,black
ENSG00000108010,black
ENSG00000108256,black
ENSG00000148399,black
ENSG00000155760,black
ENSG00000163527,black
ENSG00000173546,black
ENSG00000196411,black
ENSG00000196781,black
ENSG00000023608,black
ENSG00000080823,black
ENSG00000101146,black
ENSG00000101782,black
ENSG00000114978,black
ENSG00000133773,black
ENSG00000134684,black
ENSG00000136436,black
ENSG00000137207,black
ENSG00000138668,black
ENSG00000160113,black
ENSG00000168172,black
ENSG00000168297,black
ENSG00000171311,black
ENSG00000198792,black
ENSG00000011198,black
ENSG00000055609,black
ENSG00000072364,black
ENSG00000109390,black
ENSG00000115084,black
ENSG00000124422,dimgrey
ENSG00000128699,black
ENSG00000152558,black
ENSG00000164087,black
ENSG00000164172,black
ENSG00000168924,black
ENSG00000196586,black
ENSG00000278311,black
ENSG00000071553,black
ENSG00000099910,black
ENSG00000100196,black
ENSG00000102178,black
ENSG00000104805,black
ENSG00000115758,black
ENSG00000130312,black
ENSG00000134152,black
ENSG00000147419,black
ENSG00000155463,black
ENSG00000166033,black
ENSG00000168528,black
ENSG00000169905,black
ENSG00000186918,black
ENSG00000234741,black
ENSG00000137809,black
ENSG00000149639,black
ENSG00000107771,black
ENSG00000112062,black
ENSG00000115806,black
ENSG00000117450,black
ENSG00000137574,black
ENSG00000150867,black
ENSG00000168496,black
ENSG00000176407,black
ENSG00000215039,black
ENSG00000279225,black
ENSG00000105197,black
ENSG00000112343,black
ENSG00000114861,black
ENSG00000121579,black
ENSG00000126773,black
ENSG00000131507,black
ENSG00000144895,black
ENSG00000171914,black
ENSG00000185515,black
ENSG00000186522,black
ENSG00000219023,black
ENSG00000004779,black
ENSG00000061337,black
ENSG00000108021,black
ENSG00000113068,black
ENSG00000131732,black
ENSG00000135968,black
ENSG00000137876,black
ENSG00000143870,black
ENSG00000160679,black
ENSG00000181061,black
ENSG00000005175,black
ENSG00000051108,black
ENSG00000072415,black
ENSG00000090487,black
ENSG00000100697,black
ENSG00000105669,black
ENSG00000113456,black
ENSG00000117139,black
ENSG00000120509,black
ENSG00000128510,black
ENSG00000141552,black
ENSG00000144747,black
ENSG00000151929,black
ENSG00000074696,black
ENSG00000090905,black
ENSG00000138434,black
ENSG00000164609,black
ENSG00000177410,black
ENSG00000180879,black
ENSG00000196498,black
ENSG00000253352,black
ENSG00000068745,black
ENSG00000086232,black
ENSG00000101346,black
ENSG00000105976,black
ENSG00000139921,black
ENSG00000168701,black
ENSG00000176946,black
ENSG00000203879,black
ENSG00000214517,black
ENSG00000234456,black
ENSG00000049618,black
ENSG00000072571,black
ENSG00000100297,black
ENSG00000101216,black
ENSG00000105419,black
ENSG00000108064,black
ENSG00000110031,black
ENSG00000134313,black
ENSG00000136710,black
ENSG00000156026,black
ENSG00000156990,black
ENSG00000159348,black
ENSG00000168497,black
ENSG00000174705,black
ENSG00000036054,black
ENSG00000058799,black
ENSG00000106853,black
ENSG00000108528,black
ENSG00000116539,black
ENSG00000130640,black
ENSG00000144824,black
ENSG00000163872,black
ENSG00000167130,black
ENSG00000172732,black
ENSG00000177663,black
ENSG00000196576,black
ENSG00000004399,black
ENSG00000013374,black
ENSG00000099875,black
ENSG00000109171,black
ENSG00000112893,black
ENSG00000166135,black
ENSG00000167123,black
ENSG00000169439,black
ENSG00000174243,black
ENSG00000175573,black
ENSG00000175727,black
ENSG00000221978,black
ENSG00000092140,black
ENSG00000104738,black
ENSG00000113369,black
ENSG00000151552,black
ENSG00000153037,black
ENSG00000163961,black
ENSG00000257178,black
ENSG00000274523,black
ENSG00000008282,black
ENSG00000065911,black
ENSG00000086598,black
ENSG00000131724,black
ENSG00000132471,black
ENSG00000134108,black
ENSG00000137955,black
ENSG00000162702,black
ENSG00000167635,black
ENSG00000197321,black
ENSG00000198498,black
ENSG00000198858,black
ENSG00000130517,black
ENSG00000133703,black
ENSG00000138709,black
ENSG00000141380,black
ENSG00000145632,black
ENSG00000148672,black
ENSG00000164463,black
ENSG00000165169,black
ENSG00000198860,black
ENSG00000213024,black
ENSG00000075415,black
ENSG00000091140,black
ENSG00000107758,black
ENSG00000115307,black
ENSG00000121621,black
ENSG00000123066,black
ENSG00000133884,black
ENSG00000136522,black
ENSG00000140577,black
ENSG00000164904,black
ENSG00000169851,black
ENSG00000173517,black
ENSG00000188229,black
ENSG00000198873,black
ENSG00000013588,black
ENSG00000065989,dimgrey
ENSG00000082515,black
ENSG00000097021,black
ENSG00000100387,black
ENSG00000105327,black
ENSG00000108651,black
ENSG00000119917,black
ENSG00000124541,black
ENSG00000131374,black
ENSG00000163636,black
ENSG00000163812,black
ENSG00000165996,black
ENSG00000166025,black
ENSG00000008513,black
ENSG00000075856,black
ENSG00000102898,black
ENSG00000119185,black
ENSG00000120833,black
ENSG00000135521,black
ENSG00000137941,black
ENSG00000148730,black
ENSG00000151353,black
ENSG00000152404,black
ENSG00000167196,black
ENSG00000067208,black
ENSG00000106392,black
ENSG00000113441,black
ENSG00000116171,black
ENSG00000117906,black
ENSG00000122490,black
ENSG00000125944,black
ENSG00000132254,black
ENSG00000140391,black
ENSG00000142687,black
ENSG00000159164,black
ENSG00000173821,black
ENSG00000174501,black
ENSG00000177556,black
ENSG00000125970,black
ENSG00000138080,black
ENSG00000138443,black
ENSG00000147853,black
ENSG00000151131,black
ENSG00000152484,black
ENSG00000163939,black
ENSG00000171735,black
ENSG00000179085,black
ENSG00000180340,black
ENSG00000215021,black
ENSG00000028528,black
ENSG00000100335,black
ENSG00000108100,black
ENSG00000113761,black
ENSG00000133872,black
ENSG00000138777,black
ENSG00000141030,black
ENSG00000144815,black
ENSG00000146963,black
ENSG00000150787,black
ENSG00000154146,black
ENSG00000160714,black
ENSG00000168411,black
ENSG00000184207,black
ENSG00000244405,black
ENSG00000269958,black
ENSG00000069956,black
ENSG00000071282,black
ENSG00000078269,black
ENSG00000079308,black
ENSG00000084090,black
ENSG00000091039,black
ENSG00000113552,black
ENSG00000114054,black
ENSG00000135677,black
ENSG00000138496,black
ENSG00000151422,black
ENSG00000157778,black
ENSG00000163541,black
ENSG00000173207,black
ENSG00000174851,black
ENSG00000175582,black
ENSG00000184226,black
ENSG00000204209,black
ENSG00000206560,black
ENSG00000247077,black
ENSG00000100014,black
ENSG00000112249,black
ENSG00000135245,dimgrey
ENSG00000158290,black
ENSG00000162385,black
ENSG00000164898,black
ENSG00000171246,black
ENSG00000175274,black
ENSG00000205302,black
ENSG00000078668,black
ENSG00000099995,black
ENSG00000134001,black
ENSG00000134057,black
ENSG00000136051,black
ENSG00000136868,black
ENSG00000146872,black
ENSG00000162368,black
ENSG00000162923,black
ENSG00000170776,black
ENSG00000101152,black
ENSG00000101849,black
ENSG00000133104,black
ENSG00000136104,black
ENSG00000137504,black
ENSG00000148396,black
ENSG00000149503,black
ENSG00000160991,black
ENSG00000162512,black
ENSG00000162623,black
ENSG00000167515,black
ENSG00000179562,black
ENSG00000187239,black
ENSG00000011007,black
ENSG00000075223,black
ENSG00000105443,black
ENSG00000106624,black
ENSG00000111640,black
ENSG00000119801,black
ENSG00000129625,black
ENSG00000135272,black
ENSG00000135655,black
ENSG00000139354,black
ENSG00000141504,black
ENSG00000143376,black
ENSG00000159692,black
ENSG00000162961,black
ENSG00000166508,black
ENSG00000173744,black
ENSG00000006625,black
ENSG00000069998,black
ENSG00000071564,black
ENSG00000100350,black
ENSG00000100906,black
ENSG00000107929,black
ENSG00000130254,black
ENSG00000131773,black
ENSG00000141985,black
ENSG00000142634,black
ENSG00000156535,black
ENSG00000164687,black
ENSG00000168439,black
ENSG00000171988,black
ENSG00000172831,black
ENSG00000172992,black
ENSG00000178105,black
ENSG00000182944,black
ENSG00000204397,black
ENSG00000102384,black
ENSG00000103241,black
ENSG00000105810,black
ENSG00000113161,black
ENSG00000121075,black
ENSG00000131558,black
ENSG00000138246,black
ENSG00000145293,black
ENSG00000149231,black
ENSG00000163659,black
ENSG00000163918,black
ENSG00000168566,black
ENSG00000168944,black
ENSG00000171681,black
ENSG00000173120,black
ENSG00000180801,black
ENSG00000198646,black
ENSG00000006715,black
ENSG00000014123,black
ENSG00000065457,black
ENSG00000077152,black
ENSG00000100138,black
ENSG00000106266,black
ENSG00000111906,black
ENSG00000119953,black
ENSG00000123080,black
ENSG00000124783,black
ENSG00000138433,black
ENSG00000163482,black
ENSG00000171566,black
ENSG00000179295,black
ENSG00000021762,black
ENSG00000059573,black
ENSG00000121274,black
ENSG00000130382,black
ENSG00000133858,black
ENSG00000136888,black
ENSG00000143093,black
ENSG00000143537,black
ENSG00000148450,black
ENSG00000149577,black
ENSG00000155115,black
ENSG00000155959,black
ENSG00000173163,black
ENSG00000177951,black
ENSG00000266412,black
ENSG00000102241,black
ENSG00000103496,black
ENSG00000122958,black
ENSG00000129187,black
ENSG00000134905,black
ENSG00000142599,black
ENSG00000152818,black
ENSG00000154127,black
ENSG00000186575,black
ENSG00000234545,black
ENSG00000293060,black
ENSG00000003756,black
ENSG00000104723,black
ENSG00000115145,black
ENSG00000116017,black
ENSG00000136146,black
ENSG00000141456,black
ENSG00000148843,black
ENSG00000162599,black
ENSG00000166347,black
ENSG00000166562,black
ENSG00000196544,dimgrey
ENSG00000272888,black
ENSG00000077684,black
ENSG00000100075,black
ENSG00000101974,black
ENSG00000109534,black
ENSG00000111670,black
ENSG00000115541,black
ENSG00000125378,black
ENSG00000138688,black
ENSG00000141741,black
ENSG00000150760,black
ENSG00000154370,black
ENSG00000166848,black
ENSG00000171302,black
ENSG00000196549,black
ENSG00000196914,black
ENSG00000196935,black
ENSG00000197858,black
ENSG00000204842,black
ENSG00000230124,black
ENSG00000075218,black
ENSG00000100304,black
ENSG00000100526,black
ENSG00000103035,black
ENSG00000106477,black
ENSG00000108587,black
ENSG00000111912,black
ENSG00000124006,black
ENSG00000128311,black
ENSG00000134250,black
ENSG00000143891,black
ENSG00000154222,black
ENSG00000163960,black
ENSG00000181396,black
ENSG00000189077,black
ENSG00000196449,black
ENSG00000213949,black
ENSG00000242588,black
ENSG00000005156,black
ENSG00000060138,black
ENSG00000063245,black
ENSG00000103194,black
ENSG00000104219,black
ENSG00000107290,black
ENSG00000113272,dimgrey
ENSG00000117713,black
ENSG00000118939,black
ENSG00000125304,black
ENSG00000133895,black
ENSG00000135341,black
ENSG00000137288,black
ENSG00000138085,black
ENSG00000147027,black
ENSG00000147155,black
ENSG00000156587,black
ENSG00000164975,black
ENSG00000165092,black
ENSG00000169756,black
ENSG00000198546,black
ENSG00000002834,black
ENSG00000006634,black
ENSG00000011405,black
ENSG00000055483,dimgrey
ENSG00000062650,black
ENSG00000078804,black
ENSG00000101871,black
ENSG00000105698,black
ENSG00000106462,black
ENSG00000109736,black
ENSG00000122884,black
ENSG00000124784,black
ENSG00000126787,black
ENSG00000132305,black
ENSG00000134222,black
ENSG00000135048,black
ENSG00000163069,black
ENSG00000164022,black
ENSG00000188938,black
ENSG00000076513,black
ENSG00000089289,black
ENSG00000092470,black
ENSG00000103544,black
ENSG00000106443,black
ENSG00000111371,black
ENSG00000115540,black
ENSG00000122140,black
ENSG00000124120,black
ENSG00000139926,black
ENSG00000141582,black
ENSG00000147669,black
ENSG00000160613,black
ENSG00000170430,black
ENSG00000174574,black
ENSG00000180901,black
ENSG00000182220,black
ENSG00000198689,black
ENSG00000080845,black
ENSG00000087116,black
ENSG00000135932,black
ENSG00000151148,black
ENSG00000151849,black
ENSG00000167657,black
ENSG00000171135,black
ENSG00000171421,black
ENSG00000172037,black
ENSG00000184014,black
ENSG00000196704,black
ENSG00000197063,black
ENSG00000226479,black
ENSG00000068724,black
ENSG00000105171,black
ENSG00000111247,black
ENSG00000118579,black
ENSG00000119541,black
ENSG00000125386,black
ENSG00000137767,black
ENSG00000138069,black
ENSG00000141349,black
ENSG00000144426,black
ENSG00000146676,black
ENSG00000163848,black
ENSG00000178567,black
ENSG00000182606,black
ENSG00000197969,black
ENSG00000213465,black
ENSG00000052723,black
ENSG00000091317,black
ENSG00000107175,black
ENSG00000112773,black
ENSG00000119280,black
ENSG00000119396,black
ENSG00000120885,black
ENSG00000124789,black
ENSG00000126749,black
ENSG00000136709,black
ENSG00000141568,black
ENSG00000144283,black
ENSG00000170677,black
ENSG00000231721,black
ENSG00000006015,black
ENSG00000011260,black
ENSG00000104442,black
ENSG00000105722,black
ENSG00000106080,black
ENSG00000115649,black
ENSG00000116871,black
ENSG00000120686,black
ENSG00000125834,black
ENSG00000138593,black
ENSG00000139433,black
ENSG00000172340,black
ENSG00000035687,black
ENSG00000090020,black
ENSG00000102226,black
ENSG00000109881,black
ENSG00000143228,black
ENSG00000156860,black
ENSG00000179041,black
ENSG00000186350,black
ENSG00000112335,black
ENSG00000113361,black
ENSG00000113845,black
ENSG00000120053,black
ENSG00000123178,black
ENSG00000124562,black
ENSG00000129003,black
ENSG00000132842,black
ENSG00000138029,black
ENSG00000149968,black
ENSG00000169018,black
ENSG00000169062,black
ENSG00000174938,black
ENSG00000180992,black
ENSG00000214087,black
ENSG00000076043,black
ENSG00000105612,black
ENSG00000117543,black
ENSG00000137845,black
ENSG00000138061,black
ENSG00000139974,black
ENSG00000142552,black
ENSG00000159200,black
ENSG00000160216,black
ENSG00000160888,black
ENSG00000161526,black
ENSG00000166233,black
ENSG00000172922,black
ENSG00000210112,black
ENSG00000090889,black
ENSG00000103175,black
ENSG00000108561,black
ENSG00000111711,black
ENSG00000121022,black
ENSG00000129083,black
ENSG00000138735,black
ENSG00000140474,black
ENSG00000143164,black
ENSG00000151239,black
ENSG00000151779,black
ENSG00000154832,black
ENSG00000164902,black
ENSG00000168275,black
ENSG00000204381,black
ENSG00000220749,black
ENSG00000242802,black
ENSG00000107731,black
ENSG00000119138,black
ENSG00000119865,black
ENSG00000129315,black
ENSG00000139496,black
ENSG00000143995,black
ENSG00000148444,black
ENSG00000155096,black
ENSG00000166579,black
ENSG00000169139,black
ENSG00000174547,black
ENSG00000182054,black
ENSG00000235175,black
ENSG00000061938,black
ENSG00000099290,black
ENSG00000100418,black
ENSG00000118058,black
ENSG00000124570,black
ENSG00000138175,black
ENSG00000149084,black
ENSG00000157500,black
ENSG00000169679,black
ENSG00000198301,black
ENSG00000204104,black
ENSG00000246705,black
ENSG00000077238,black
ENSG00000096092,black
ENSG00000100028,black
ENSG00000104611,black
ENSG00000104635,black
ENSG00000110046,black
ENSG00000110274,black
ENSG00000113282,black
ENSG00000113319,black
ENSG00000119718,black
ENSG00000124767,black
ENSG00000125482,black
ENSG00000143315,black
ENSG00000163660,black
ENSG00000168522,black
ENSG00000173875,black
ENSG00000008311,black
ENSG00000019991,black
ENSG00000033050,black
ENSG00000074266,black
ENSG00000102034,black
ENSG00000102225,black
ENSG00000111596,black
ENSG00000163431,black
ENSG00000164574,black
ENSG00000197579,black
ENSG00000051620,black
ENSG00000065518,black
ENSG00000092978,black
ENSG00000100813,black
ENSG00000100865,black
ENSG00000101194,black
ENSG00000112029,black
ENSG00000112078,black
ENSG00000138160,black
ENSG00000165688,black
ENSG00000166394,black
ENSG00000168010,black
ENSG00000184178,black
ENSG00000185658,black
ENSG00000188352,black
ENSG00000105865,black
ENSG00000109111,black
ENSG00000116641,black
ENSG00000119720,black
ENSG00000131238,black
ENSG00000132912,black
ENSG00000134970,black
ENSG00000142657,black
ENSG00000143797,black
ENSG00000144677,black
ENSG00000148498,black
ENSG00000173726,black
ENSG00000187837,black
ENSG00000228305,black
ENSG00000243829,black
ENSG00000035928,black
ENSG00000115652,black
ENSG00000123908,black
ENSG00000131844,black
ENSG00000140553,black
ENSG00000147475,black
ENSG00000163785,black
ENSG00000166295,black
ENSG00000166595,black
ENSG00000168303,black
ENSG00000181038,black
ENSG00000188186,black
ENSG00000197694,black
ENSG00000205726,black
ENSG00000219222,black
ENSG00000270069,black
ENSG00000029725,black
ENSG00000059804,black
ENSG00000064313,black
ENSG00000087302,black
ENSG00000099949,black
ENSG00000112033,black
ENSG00000135541,black
ENSG00000135899,black
ENSG00000159322,black
ENSG00000167118,black
ENSG00000167930,black
ENSG00000171792,black
ENSG00000178307,black
ENSG00000198053,black
ENSG00000097007,black
ENSG00000104412,black
ENSG00000115170,black
ENSG00000119446,black
ENSG00000121289,black
ENSG00000124766,black
ENSG00000126226,black
ENSG00000132613,black
ENSG00000140406,black
ENSG00000145725,black
ENSG00000156711,black
ENSG00000163513,black
ENSG00000164291,black
ENSG00000172403,black
ENSG00000175756,black
ENSG00000184277,black
ENSG00000184575,black
ENSG00000257621,black
ENSG00000107949,black
ENSG00000115107,black
ENSG00000148337,black
ENSG00000158042,black
ENSG00000181751,black
ENSG00000183684,black
ENSG00000068878,black
ENSG00000103174,black
ENSG00000127540,black
ENSG00000135070,black
ENSG00000137501,black
ENSG00000142945,black
ENSG00000153823,black
ENSG00000163655,black
ENSG00000165572,black
ENSG00000166479,black
ENSG00000171992,black
ENSG00000175376,black
ENSG00000014216,black
ENSG00000064995,black
ENSG00000066044,black
ENSG00000088256,black
ENSG00000100650,black
ENSG00000100796,black
ENSG00000100888,black
ENSG00000112983,black
ENSG00000144744,black
ENSG00000155438,black
ENSG00000157514,black
ENSG00000160953,black
ENSG00000170638,dimgrey
ENSG00000172716,black
ENSG00000177738,black
ENSG00000179431,black
ENSG00000196937,black
ENSG00000197323,black
ENSG00000066697,black
ENSG00000075142,black
ENSG00000109113,black
ENSG00000109519,black
ENSG00000130150,black
ENSG00000130939,black
ENSG00000133704,black
ENSG00000138081,black
ENSG00000138430,black
ENSG00000147862,black
ENSG00000153214,black
ENSG00000167969,black
ENSG00000177879,black
ENSG00000048544,black
ENSG00000072506,black
ENSG00000104549,black
ENSG00000109920,black
ENSG00000125651,black
ENSG00000132386,black
ENSG00000156113,black
ENSG00000157216,black
ENSG00000165392,black
ENSG00000177981,black
ENSG00000182093,black
ENSG00000184785,black
ENSG00000197451,black
ENSG00000264364,black
ENSG00000274422,black
ENSG00000102393,black
ENSG00000106829,black
ENSG00000108773,black
ENSG00000120616,black
ENSG00000130332,black
ENSG00000135631,black
ENSG00000138867,black
ENSG00000147459,black
ENSG00000153827,black
ENSG00000154736,black
ENSG00000167258,black
ENSG00000170266,black
ENSG00000178904,black
ENSG00000179604,black
ENSG00000196792,black
ENSG00000237187,black
ENSG00000048991,black
ENSG00000068438,black
ENSG00000092820,black
ENSG00000099917,black
ENSG00000105137,black
ENSG00000109917,black
ENSG00000114354,black
ENSG00000126088,black
ENSG00000126947,black
ENSG00000129933,black
ENSG00000139618,black
ENSG00000140299,black
ENSG00000148468,black
ENSG00000151176,black
ENSG00000165271,black
ENSG00000166747,black
ENSG00000169398,black
ENSG00000170606,black
ENSG00000170779,black
ENSG00000171067,black
ENSG00000178691,black
ENSG00000182963,black
ENSG00000198918,black
ENSG00000269821,black
ENSG00000010270,black
ENSG00000011454,black
ENSG00000037241,black
ENSG00000050393,black
ENSG00000066427,black
ENSG00000077942,black
ENSG00000090924,black
ENSG00000095787,black
ENSG00000111424,black
ENSG00000116741,black
ENSG00000120805,black
ENSG00000134287,black
ENSG00000135679,black
ENSG00000162616,black
ENSG00000165934,black
ENSG00000170955,black
ENSG00000172046,black
ENSG00000181467,black
ENSG00000182199,black
ENSG00000197312,black
ENSG00000198356,black
ENSG00000205364,black
ENSG00000006468,black
ENSG00000010322,black
ENSG00000044459,black
ENSG00000081059,black
ENSG00000101407,black
ENSG00000102781,black
ENSG00000114686,black
ENSG00000116586,black
ENSG00000121851,black
ENSG00000123643,black
ENSG00000127334,black
ENSG00000132300,black
ENSG00000140443,black
ENSG00000151414,black
ENSG00000153815,black
ENSG00000163637,black
ENSG00000163661,black
ENSG00000165322,black
ENSG00000170468,black
ENSG00000175216,black
ENSG00000187098,black
ENSG00000223768,black
ENSG00000232388,black
ENSG00000012232,black
ENSG00000062716,black
ENSG00000070367,black
ENSG00000071205,black
ENSG00000096401,black
ENSG00000103490,black
ENSG00000106635,black
ENSG00000111726,black
ENSG00000112531,black
ENSG00000114346,black
ENSG00000126756,black
ENSG00000135018,black
ENSG00000136044,black
ENSG00000136111,black
ENSG00000137492,black
ENSG00000143079,black
ENSG00000169118,black
ENSG00000171206,black
ENSG00000171552,black
ENSG00000172819,black
ENSG00000181704,black
ENSG00000187688,black
ENSG00000087263,black
ENSG00000100258,black
ENSG00000100714,black
ENSG00000106144,black
ENSG00000114316,black
ENSG00000116747,black
ENSG00000124688,black
ENSG00000132323,black
ENSG00000136158,black
ENSG00000136280,black
ENSG00000140526,black
ENSG00000145386,black
ENSG00000151746,black
ENSG00000155393,black
ENSG00000158863,black
ENSG00000167700,black
ENSG00000186854,black
ENSG00000188529,black
ENSG00000198113,black
ENSG00000198612,black
ENSG00000204406,black
ENSG00000204673,black
ENSG00000213923,black
ENSG00000005100,black
ENSG00000006282,black
ENSG00000064102,black
ENSG00000076382,black
ENSG00000109084,black
ENSG00000111790,black
ENSG00000115350,black
ENSG00000116863,black
ENSG00000122591,black
ENSG00000131873,black
ENSG00000135241,black
ENSG00000135823,black
ENSG00000137168,black
ENSG00000152240,black
ENSG00000160075,black
ENSG00000168259,black
ENSG00000176871,black
ENSG00000196743,black
ENSG00000197457,black
ENSG00000288722,black
ENSG00000004534,black
ENSG00000032219,black
ENSG00000099331,black
ENSG00000106028,black
ENSG00000113300,black
ENSG00000114270,black
ENSG00000119004,black
ENSG00000125656,black
ENSG00000133789,black
ENSG00000140105,black
ENSG00000144451,black
ENSG00000151461,black
ENSG00000152223,black
ENSG00000154640,black
ENSG00000162910,black
ENSG00000169375,black
ENSG00000183978,black
ENSG00000187134,black
ENSG00000293352,black
ENSG00000100592,black
ENSG00000101337,black
ENSG00000103051,black
ENSG00000104067,black
ENSG00000111530,black
ENSG00000112305,black
ENSG00000112308,black
ENSG00000112742,black
ENSG00000114982,black
ENSG00000115816,black
ENSG00000117505,black
ENSG00000120800,black
ENSG00000132313,black
ENSG00000133731,black
ENSG00000136720,black
ENSG00000138413,black
ENSG00000143158,black
ENSG00000162191,black
ENSG00000165898,black
ENSG00000167797,black
ENSG00000169047,black
ENSG00000267279,black
ENSG00000289194,black
ENSG00000009335,black
ENSG00000077254,black
ENSG00000096872,black
ENSG00000101343,black
ENSG00000101811,black
ENSG00000107566,black
ENSG00000113742,black
ENSG00000114126,black
ENSG00000116906,black
ENSG00000121749,black
ENSG00000127511,black
ENSG00000136270,black
ENSG00000137563,black
ENSG00000139687,black
ENSG00000145623,black
ENSG00000147454,black
ENSG00000153207,black
ENSG00000156983,black
ENSG00000161996,dimgrey
ENSG00000170525,black
ENSG00000178074,black
ENSG00000198730,black
ENSG00000247556,black
ENSG00000041802,black
ENSG00000055044,black
ENSG00000077514,black
ENSG00000086666,black
ENSG00000091164,black
ENSG00000100029,black
ENSG00000103043,black
ENSG00000157259,black
ENSG00000162408,black
ENSG00000164024,black
ENSG00000166228,black
ENSG00000166797,black
ENSG00000168061,black
ENSG00000184281,black
ENSG00000005075,black
ENSG00000065357,black
ENSG00000076108,black
ENSG00000093167,black
ENSG00000107263,black
ENSG00000111961,black
ENSG00000116670,black
ENSG00000118418,black
ENSG00000130935,black
ENSG00000131669,black
ENSG00000133706,black
ENSG00000140937,black
ENSG00000147457,dimgrey
ENSG00000149218,black
ENSG00000150779,black
ENSG00000168958,black
ENSG00000169554,black
ENSG00000172086,black
ENSG00000173065,black
ENSG00000183137,black
ENSG00000188690,black
ENSG00000006576,black
ENSG00000008256,black
ENSG00000074319,black
ENSG00000088448,black
ENSG00000106268,black
ENSG00000108819,black
ENSG00000111450,black
ENSG00000116857,black
ENSG00000117114,black
ENSG00000117533,black
ENSG00000133275,black
ENSG00000136213,black
ENSG00000137713,black
ENSG00000140859,dimgrey
ENSG00000141959,black
ENSG00000143793,black
ENSG00000144566,black
ENSG00000152137,black
ENSG00000157106,black
ENSG00000157837,black
ENSG00000159055,black
ENSG00000213341,black
ENSG00000058804,black
ENSG00000086102,black
ENSG00000102858,black
ENSG00000112118,black
ENSG00000129474,black
ENSG00000130396,black
ENSG00000142875,black
ENSG00000151474,black
ENSG00000152147,black
ENSG00000158006,black
ENSG00000160013,black
ENSG00000163510,black
ENSG00000163558,black
ENSG00000165233,black
ENSG00000166263,black
ENSG00000170734,black
ENSG00000291152,black
ENSG00000000419,black
ENSG00000047932,black
ENSG00000071967,black
ENSG00000102974,black
ENSG00000116350,black
ENSG00000120533,black
ENSG00000121073,black
ENSG00000122482,black
ENSG00000133612,black
ENSG00000143543,black
ENSG00000163528,black
ENSG00000165813,black
ENSG00000169499,black
ENSG00000169604,black
ENSG00000170234,black
ENSG00000170619,black
ENSG00000175130,black
ENSG00000185236,black
ENSG00000206527,black
ENSG00000239672,black
ENSG00000001629,black
ENSG00000048342,black
ENSG00000072849,black
ENSG00000079432,black
ENSG00000092203,black
ENSG00000110717,black
ENSG00000111860,black
ENSG00000117620,black
ENSG00000118257,black
ENSG00000119041,black
ENSG00000122033,black
ENSG00000126903,black
ENSG00000132466,black
ENSG00000136045,black
ENSG00000136718,black
ENSG00000140395,black
ENSG00000162402,black
ENSG00000168268,black
ENSG00000168283,black
ENSG00000168397,black
ENSG00000198585,black
ENSG00000234354,black
ENSG00000242265,black
ENSG00000258102,black
ENSG00000113575,black
ENSG00000123636,black
ENSG00000133243,black
ENSG00000137106,black
ENSG00000155363,black
ENSG00000163319,black
ENSG00000165156,black
ENSG00000165494,black
ENSG00000183023,black
ENSG00000186480,black
ENSG00000197381,black
ENSG00000198026,black
ENSG00000012174,black
ENSG00000099797,black
ENSG00000100221,black
ENSG00000111237,black
ENSG00000116977,black
ENSG00000119321,black
ENSG00000124164,black
ENSG00000132670,black
ENSG00000138095,black
ENSG00000138382,black
ENSG00000143811,black
ENSG00000151718,black
ENSG00000160753,black
ENSG00000162302,black
ENSG00000173418,black
ENSG00000180964,black
ENSG00000187257,black
ENSG00000196715,black
ENSG00000286219,black
ENSG00000023318,black
ENSG00000071537,black
ENSG00000075539,black
ENSG00000089053,black
ENSG00000101882,black
ENSG00000105270,black
ENSG00000118263,black
ENSG00000118292,black
ENSG00000130714,black
ENSG00000131378,black
ENSG00000132153,black
ENSG00000135596,black
ENSG00000137177,black
ENSG00000140950,black
ENSG00000143727,black
ENSG00000165029,black
ENSG00000168078,black
ENSG00000170802,black
ENSG00000173141,black
ENSG00000173786,black
ENSG00000174799,black
ENSG00000213066,black
ENSG00000213995,black
ENSG00000235106,black
ENSG00000049130,black
ENSG00000071994,black
ENSG00000099810,black
ENSG00000101294,black
ENSG00000101439,black
ENSG00000101557,black
ENSG00000104356,black
ENSG00000114738,black
ENSG00000115808,black
ENSG00000116667,black
ENSG00000116679,black
ENSG00000117500,black
ENSG00000120727,black
ENSG00000122729,black
ENSG00000128563,black
ENSG00000132680,black
ENSG00000138835,black
ENSG00000158161,black
ENSG00000160299,black
ENSG00000163946,black
ENSG00000167535,black
ENSG00000173436,black
ENSG00000196428,black
ENSG00000243667,black
ENSG00000244187,black
ENSG00000290032,black
ENSG00000065328,black
ENSG00000068796,black
ENSG00000082512,black
ENSG00000115942,black
ENSG00000127527,black
ENSG00000130349,black
ENSG00000135870,black
ENSG00000139645,black
ENSG00000140718,black
ENSG00000141699,black
ENSG00000144580,black
ENSG00000162430,black
ENSG00000164885,black
ENSG00000174891,black
ENSG00000180304,black
ENSG00000184863,black
ENSG00000185324,black
ENSG00000197442,black
ENSG00000228716,black
ENSG00000248092,black
ENSG00000259330,black
ENSG00000061794,black
ENSG00000093000,black
ENSG00000104853,black
ENSG00000105404,black
ENSG00000113318,black
ENSG00000117751,black
ENSG00000118096,black
ENSG00000119318,black
ENSG00000125484,black
ENSG00000159063,black
ENSG00000162104,black
ENSG00000164176,black
ENSG00000165669,black
ENSG00000168386,black
ENSG00000170581,black
ENSG00000171148,black
ENSG00000185567,black
ENSG00000188735,dimgrey
ENSG00000211448,black
ENSG00000213563,black
ENSG00000215252,black
ENSG00000057663,black
ENSG00000074603,black
ENSG00000077044,dimgrey
ENSG00000078403,black
ENSG00000081923,black
ENSG00000090612,black
ENSG00000118855,black
ENSG00000122042,black
ENSG00000122741,black
ENSG00000123737,black
ENSG00000129493,black
ENSG00000131089,black
ENSG00000137038,black
ENSG00000139324,black
ENSG00000140992,black
ENSG00000148180,black
ENSG00000148341,black
ENSG00000162341,black
ENSG00000168827,black
ENSG00000183527,black
ENSG00000196876,black
ENSG00000005812,black
ENSG00000005889,black
ENSG00000010292,black
ENSG00000090470,black
ENSG00000111252,black
ENSG00000115464,black
ENSG00000126953,black
ENSG00000130311,black
ENSG00000157036,black
ENSG00000163608,black
ENSG00000171488,black
ENSG00000175662,black
ENSG00000242732,black
ENSG00000035141,black
ENSG00000083457,black
ENSG00000088298,black
ENSG00000099256,black
ENSG00000104671,black
ENSG00000104756,black
ENSG00000119684,black
ENSG00000120451,black
ENSG00000122707,black
ENSG00000123989,black
ENSG00000142208,black
ENSG00000144647,black
ENSG00000160305,black
ENSG00000165487,black
ENSG00000166189,black
ENSG00000166503,black
ENSG00000167157,black
ENSG00000169189,black
ENSG00000174306,black
ENSG00000176641,black
ENSG00000181830,black
ENSG00000197182,black
ENSG00000204256,black
ENSG00000253738,black
ENSG00000015475,black
ENSG00000085998,black
ENSG00000106665,black
ENSG00000108406,black
ENSG00000121486,black
ENSG00000126062,black
ENSG00000135365,black
ENSG00000135801,black
ENSG00000135972,black
ENSG00000141698,black
ENSG00000148110,black
ENSG00000148308,black
ENSG00000152256,black
ENSG00000154589,black
ENSG00000157456,black
ENSG00000158711,black
ENSG00000163629,black
ENSG00000169288,black
ENSG00000177374,black
ENSG00000177917,black
ENSG00000186687,black
ENSG00000188342,black
ENSG00000196323,black
ENSG00000198887,black
ENSG00000230989,black
ENSG00000243335,black
ENSG00000090971,black
ENSG00000100603,black
ENSG00000103326,black
ENSG00000108578,black
ENSG00000110107,black
ENSG00000117118,black
ENSG00000130348,black
ENSG00000131149,black
ENSG00000144567,black
ENSG00000146433,black
ENSG00000152684,black
ENSG00000167881,black
ENSG00000167985,black
ENSG00000168872,black
ENSG00000182240,black
ENSG00000197724,black
ENSG00000220205,black
ENSG00000020577,black
ENSG00000055130,black
ENSG00000072756,black
ENSG00000100364,black
ENSG00000100934,black
ENSG00000110367,black
ENSG00000111276,black
ENSG00000111817,black
ENSG00000112667,black
ENSG00000115761,black
ENSG00000118971,black
ENSG00000135821,black
ENSG00000144366,black
ENSG00000146143,black
ENSG00000147854,black
ENSG00000148187,black
ENSG00000149923,black
ENSG00000163162,black
ENSG00000187800,black
ENSG00000290720,black
ENSG00000023516,black
ENSG00000070770,black
ENSG00000080802,black
ENSG00000107560,black
ENSG00000108091,black
ENSG00000116830,black
ENSG00000129657,black
ENSG00000131171,black
ENSG00000136273,black
ENSG00000136754,black
ENSG00000138495,black
ENSG00000148143,black
ENSG00000153044,black
ENSG00000153774,black
ENSG00000155561,black
ENSG00000159210,black
ENSG00000159423,black
ENSG00000166734,black
ENSG00000170889,black
ENSG00000197265,black
ENSG00000005339,black
ENSG00000065485,black
ENSG00000082482,black
ENSG00000089916,black
ENSG00000101236,dimgrey
ENSG00000104142,black
ENSG00000105559,black
ENSG00000106991,black
ENSG00000107362,black
ENSG00000109445,black
ENSG00000110315,black
ENSG00000111897,black
ENSG00000116030,black
ENSG00000119203,black
ENSG00000128228,black
ENSG00000130305,black
ENSG00000130313,black
ENSG00000133265,black
ENSG00000134265,black
ENSG00000135905,black
ENSG00000135924,black
ENSG00000139514,black
ENSG00000140945,black
ENSG00000145916,black
ENSG00000145979,black
ENSG00000150753,black
ENSG00000163348,black
ENSG00000166181,black
ENSG00000184983,black
ENSG00000198276,black
ENSG00000198399,black
ENSG00000198919,black
ENSG00000203778,black
ENSG00000236444,black
ENSG00000007168,black
ENSG00000010244,black
ENSG00000085415,black
ENSG00000088854,black
ENSG00000101057,black
ENSG00000105939,black
ENSG00000114988,black
ENSG00000125877,black
ENSG00000129636,black
ENSG00000130811,black
ENSG00000132589,black
ENSG00000133641,black
ENSG00000139793,black
ENSG00000144959,black
ENSG00000156011,black
ENSG00000156515,black
ENSG00000161204,black
ENSG00000175826,black
ENSG00000179954,black
ENSG00000184432,black
ENSG00000184988,black
ENSG00000188647,black
ENSG00000226928,black
ENSG00000004866,black
ENSG00000050748,black
ENSG00000071189,black
ENSG00000089335,black
ENSG00000100575,black
ENSG00000121766,black
ENSG00000123485,black
ENSG00000130414,black
ENSG00000130589,black
ENSG00000135414,black
ENSG00000136816,black
ENSG00000139291,black
ENSG00000141424,black
ENSG00000143457,black
ENSG00000155097,black
ENSG00000156970,black
ENSG00000162813,black
ENSG00000165512,black
ENSG00000165752,black
ENSG00000165886,black
ENSG00000166128,black
ENSG00000167380,black
ENSG00000178996,black
ENSG00000181817,black
ENSG00000185344,black
ENSG00000185950,black
ENSG00000198876,black
ENSG00000221963,black
ENSG00000245573,black
ENSG00000260027,black
ENSG00000063046,black
ENSG00000075420,black
ENSG00000090520,black
ENSG00000100100,black
ENSG00000103197,black
ENSG00000111321,black
ENSG00000117859,black
ENSG00000119471,black
ENSG00000130449,black
ENSG00000141510,black
ENSG00000141580,black
ENSG00000144909,black
ENSG00000145734,black
ENSG00000146918,black
ENSG00000147601,black
ENSG00000149657,black
ENSG00000151247,black
ENSG00000164283,black
ENSG00000165661,black
ENSG00000166557,black
ENSG00000181458,black
ENSG00000185049,dimgrey
ENSG00000186187,black
ENSG00000187608,black
ENSG00000197045,black
ENSG00000271601,black
ENSG00000023041,black
ENSG00000064651,black
ENSG00000065802,black
ENSG00000083635,black
ENSG00000090989,black
ENSG00000095752,black
ENSG00000097033,black
ENSG00000099968,black
ENSG00000103351,black
ENSG00000109743,black
ENSG00000112186,black
ENSG00000140848,black
ENSG00000151240,black
ENSG00000153989,black
ENSG00000162378,black
ENSG00000164403,black
ENSG00000165801,black
ENSG00000168488,black
ENSG00000214612,dimgrey
ENSG00000225528,black
ENSG00000273319,black
ENSG00000075239,black
ENSG00000099940,black
ENSG00000104714,black
ENSG00000107164,black
ENSG00000108389,black
ENSG00000108592,black
ENSG00000110002,black
ENSG00000116918,black
ENSG00000120963,black
ENSG00000125351,black
ENSG00000126351,black
ENSG00000133169,black
ENSG00000133835,black
ENSG00000134851,black
ENSG00000143653,black
ENSG00000163743,black
ENSG00000164031,black
ENSG00000166716,black
ENSG00000168438,black
ENSG00000182621,black
ENSG00000189306,black
ENSG00000198898,black
ENSG00000287001,black
ENSG00000004478,black
ENSG00000020426,black
ENSG00000033178,black
ENSG00000065243,black
ENSG00000079462,black
ENSG00000100410,black
ENSG00000103365,black
ENSG00000109670,black
ENSG00000116198,black
ENSG00000117448,black
ENSG00000117593,black
ENSG00000119844,black
ENSG00000126814,black
ENSG00000133739,black
ENSG00000135269,black
ENSG00000136861,black
ENSG00000141385,black
ENSG00000142327,black
ENSG00000149260,black
ENSG00000152904,black
ENSG00000163904,black
ENSG00000165699,black
ENSG00000166396,black
ENSG00000175224,black
ENSG00000177485,black
ENSG00000205659,black
ENSG00000257365,black
ENSG00000285410,black
ENSG00000291080,black
ENSG00000023909,black
ENSG00000029364,black
ENSG00000054523,black
ENSG00000066135,black
ENSG00000085982,black
ENSG00000088367,black
ENSG00000106400,black
ENSG00000107643,black
ENSG00000110395,black
ENSG00000114491,black
ENSG00000115946,black
ENSG00000122644,black
ENSG00000122966,black
ENSG00000124788,black
ENSG00000131408,black
ENSG00000133028,black
ENSG00000133818,black
ENSG00000136854,black
ENSG00000143889,black
ENSG00000149308,black
ENSG00000149557,black
ENSG00000151726,black
ENSG00000161714,black
ENSG00000163933,black
ENSG00000164144,black
ENSG00000165055,black
ENSG00000165775,black
ENSG00000172663,black
ENSG00000177119,black
ENSG00000198793,black
ENSG00000205531,black
ENSG00000213523,black
ENSG00000213619,black
ENSG00000218891,black
ENSG00000242485,black
ENSG00000269293,black
ENSG00000270170,black
ENSG00000011009,black
ENSG00000049540,dimgrey
ENSG00000081307,black
ENSG00000082258,black
ENSG00000101447,black
ENSG00000102030,black
ENSG00000106399,black
ENSG00000110344,black
ENSG00000116774,black
ENSG00000117226,black
ENSG00000125166,black
ENSG00000127884,black
ENSG00000131779,black
ENSG00000134668,black
ENSG00000135074,black
ENSG00000136504,black
ENSG00000140983,black
ENSG00000141646,black
ENSG00000143324,black
ENSG00000152556,black
ENSG00000160124,black
ENSG00000168291,black
ENSG00000168883,black
ENSG00000180776,black
ENSG00000187446,black
ENSG00000189223,black
ENSG00000196712,black
ENSG00000230076,black
ENSG00000254635,black
ENSG00000259207,black
ENSG00000283390,black
ENSG00000010810,black
ENSG00000065923,black
ENSG00000092096,black
ENSG00000095303,black
ENSG00000100342,black
ENSG00000109066,black
ENSG00000109814,black
ENSG00000116191,black
ENSG00000120438,black
ENSG00000122126,black
ENSG00000122515,black
ENSG00000124702,black
ENSG00000128731,black
ENSG00000129055,black
ENSG00000135503,black
ENSG00000137547,black
ENSG00000139505,black
ENSG00000140650,black
ENSG00000143207,black
ENSG00000143476,black
ENSG00000145730,black
ENSG00000147162,black
ENSG00000159658,black
ENSG00000164610,black
ENSG00000166477,black
ENSG00000169016,black
ENSG00000181072,black
ENSG00000183520,black
ENSG00000185246,black
ENSG00000185697,black
ENSG00000197594,black
ENSG00000205981,black
ENSG00000039523,black
ENSG00000082516,black
ENSG00000093183,black
ENSG00000101911,black
ENSG00000111737,black
ENSG00000114503,black
ENSG00000122965,black
ENSG00000125450,black
ENSG00000128585,black
ENSG00000131495,black
ENSG00000139579,black
ENSG00000144026,black
ENSG00000148690,black
ENSG00000149554,black
ENSG00000151292,black
ENSG00000163378,black
ENSG00000164978,black
ENSG00000166908,black
ENSG00000166946,black
ENSG00000168495,black
ENSG00000170522,black
ENSG00000173917,black
ENSG00000174231,black
ENSG00000180573,black
ENSG00000183431,black
ENSG00000184100,black
ENSG00000203760,black
ENSG00000204569,black
ENSG00000027847,dimgrey
ENSG00000037965,black
ENSG00000072682,black
ENSG00000103494,black
ENSG00000106460,black
ENSG00000108784,black
ENSG00000116984,black
ENSG00000125772,black
ENSG00000126934,black
ENSG00000131437,black
ENSG00000134109,black
ENSG00000134574,black
ENSG00000139719,black
ENSG00000154678,black
ENSG00000166169,black
ENSG00000166199,black
ENSG00000177732,black
ENSG00000179958,black
ENSG00000183722,black
ENSG00000186470,black
ENSG00000188986,black
ENSG00000196235,black
ENSG00000013375,black
ENSG00000109118,black
ENSG00000109787,black
ENSG00000111875,black
ENSG00000114209,black
ENSG00000115904,black
ENSG00000118873,black
ENSG00000123143,black
ENSG00000123213,black
ENSG00000123728,black
ENSG00000130749,black
ENSG00000134759,black
ENSG00000137055,black
ENSG00000137124,black
ENSG00000138166,black
ENSG00000140153,black
ENSG00000143970,black
ENSG00000144468,black
ENSG00000148660,black
ENSG00000149131,black
ENSG00000152291,black
ENSG00000165891,black
ENSG00000166526,black
ENSG00000169105,black
ENSG00000170791,black
ENSG00000184384,black
ENSG00000198382,black
ENSG00000205413,black
ENSG00000279670,black
ENSG00000069345,black
ENSG00000091947,black
ENSG00000095319,black
ENSG00000100578,black
ENSG00000102910,black
ENSG00000103550,black
ENSG00000111605,black
ENSG00000118515,black
ENSG00000121864,black
ENSG00000131634,black
ENSG00000136935,black
ENSG00000137074,black
ENSG00000137656,black
ENSG00000139428,black
ENSG00000140285,black
ENSG00000146197,black
ENSG00000147471,black
ENSG00000152749,black
ENSG00000153046,black
ENSG00000153560,black
ENSG00000165609,black
ENSG00000166170,black
ENSG00000166750,black
ENSG00000166847,black
ENSG00000166997,black
ENSG00000167005,black
ENSG00000170037,black
ENSG00000182552,black
ENSG00000182934,black
ENSG00000185900,black
ENSG00000187147,black
ENSG00000197496,black
ENSG00000064652,black
ENSG00000074054,black
ENSG00000100211,black
ENSG00000108797,black
ENSG00000114573,black
ENSG00000116809,black
ENSG00000120333,black
ENSG00000123496,black
ENSG00000127418,black
ENSG00000127947,black
ENSG00000133302,black
ENSG00000134291,black
ENSG00000135457,black
ENSG00000136908,black
ENSG00000138796,black
ENSG00000140691,black
ENSG00000143337,black
ENSG00000144554,black
ENSG00000145439,black
ENSG00000160917,black
ENSG00000164209,black
ENSG00000166260,black
ENSG00000172057,black
ENSG00000177225,black
ENSG00000178188,black
ENSG00000178966,black
ENSG00000198752,black
ENSG00000206573,black
ENSG00000234745,black
ENSG00000264522,black
ENSG00000286067,black
ENSG00000013619,black
ENSG00000020922,black
ENSG00000048140,black
ENSG00000085760,black
ENSG00000099942,black
ENSG00000101935,black
ENSG00000107862,black
ENSG00000109536,black
ENSG00000116954,black
ENSG00000131626,black
ENSG00000136986,black
ENSG00000146072,black
ENSG00000151304,black
ENSG00000158411,black
ENSG00000159086,black
ENSG00000166452,black
ENSG00000175782,black
ENSG00000176887,black
ENSG00000183207,black
ENSG00000184743,black
ENSG00000185453,black
ENSG00000189227,black
ENSG00000240583,black
ENSG00000256053,black
ENSG00000099624,black
ENSG00000107562,black
ENSG00000108312,black
ENSG00000115504,black
ENSG00000122873,black
ENSG00000125901,black
ENSG00000129932,black
ENSG00000130175,black
ENSG00000136536,black
ENSG00000136937,black
ENSG00000138376,black
ENSG00000141429,black
ENSG00000141447,black
ENSG00000163938,black
ENSG00000164099,black
ENSG00000164221,black
ENSG00000165152,black
ENSG00000165219,black
ENSG00000166173,black
ENSG00000166471,black
ENSG00000169045,black
ENSG00000170345,black
ENSG00000266962,black
ENSG00000048740,black
ENSG00000069248,black
ENSG00000078246,black
ENSG00000100567,black
ENSG00000101901,black
ENSG00000101928,black
ENSG00000109919,black
ENSG00000112715,black
ENSG00000125885,black
ENSG00000128283,black
ENSG00000130204,black
ENSG00000130731,black
ENSG00000136261,black
ENSG00000140463,black
ENSG00000142279,black
ENSG00000144635,black
ENSG00000144724,black
ENSG00000151348,black
ENSG00000153201,black
ENSG00000155975,black
ENSG00000163681,black
ENSG00000164053,black
ENSG00000021355,black
ENSG00000063587,black
ENSG00000087206,black
ENSG00000100139,black
ENSG00000100292,black
ENSG00000101843,black
ENSG00000105339,black
ENSG00000107262,black
ENSG00000115163,black
ENSG00000115970,black
ENSG00000115977,black
ENSG00000117640,black
ENSG00000117758,black
ENSG00000125445,black
ENSG00000126005,black
ENSG00000126432,black
ENSG00000127481,black
ENSG00000134900,black
ENSG00000135845,black
ENSG00000137944,black
ENSG00000140632,black
ENSG00000149716,black
ENSG00000151532,black
ENSG00000151917,black
ENSG00000154767,black
ENSG00000155850,black
ENSG00000162613,black
ENSG00000169902,black
ENSG00000172009,black
ENSG00000172315,black
ENSG00000175701,black
ENSG00000180104,black
ENSG00000183513,black
ENSG00000189007,black
ENSG00000197217,black
ENSG00000061936,black
ENSG00000069020,black
ENSG00000093144,black
ENSG00000101003,black
ENSG00000109944,black
ENSG00000111802,black
ENSG00000119787,black
ENSG00000125384,black
ENSG00000126522,black
ENSG00000127452,black
ENSG00000130005,black
ENSG00000141425,black
ENSG00000150403,black
ENSG00000152229,black
ENSG00000162231,black
ENSG00000164080,black
ENSG00000166965,black
ENSG00000172260,black
ENSG00000174840,black
ENSG00000175606,black
ENSG00000213015,black
ENSG00000241839,black
ENSG00000004455,black
ENSG00000007866,black
ENSG00000074047,black
ENSG00000105568,black
ENSG00000114744,black
ENSG00000124207,black
ENSG00000134201,black
ENSG00000134882,black
ENSG00000138138,black
ENSG00000144036,black
ENSG00000152133,black
ENSG00000155755,black
ENSG00000158470,black
ENSG00000163349,black
ENSG00000165526,black
ENSG00000167670,black
ENSG00000176953,black
ENSG00000179195,black
ENSG00000184445,black
ENSG00000185215,black
ENSG00000196663,black
ENSG00000198909,black
ENSG00000213694,black
ENSG00000263327,black
ENSG00000275052,black
ENSG00000006695,black
ENSG00000012983,black
ENSG00000033170,black
ENSG00000072274,black
ENSG00000072657,black
ENSG00000074356,black
ENSG00000076003,black
ENSG00000101189,black
ENSG00000104341,black
ENSG00000104969,black
ENSG00000107819,black
ENSG00000118217,black
ENSG00000122034,black
ENSG00000126858,black
ENSG00000134897,black
ENSG00000135334,black
ENSG00000136521,black
ENSG00000138802,black
ENSG00000140931,black
ENSG00000142207,black
ENSG00000143319,black
ENSG00000157557,black
ENSG00000163389,black
ENSG00000165417,black
ENSG00000169249,black
ENSG00000169967,black
ENSG00000170584,black
ENSG00000179933,black
ENSG00000197536,black
ENSG00000198874,black
ENSG00000250317,black
ENSG00000269929,black
ENSG00000276168,black
ENSG00000022267,black
ENSG00000040341,black
ENSG00000070495,black
ENSG00000075292,black
ENSG00000085788,black
ENSG00000095380,black
ENSG00000100348,black
ENSG00000100983,black
ENSG00000100991,black
ENSG00000101773,black
ENSG00000102580,black
ENSG00000102595,black
ENSG00000102802,black
ENSG00000104472,black
ENSG00000106344,black
ENSG00000107020,black
ENSG00000118640,black
ENSG00000119938,black
ENSG00000123472,black
ENSG00000130544,black
ENSG00000132635,black
ENSG00000132676,black
ENSG00000135336,black
ENSG00000142546,black
ENSG00000147874,black
ENSG00000151657,black
ENSG00000152944,black
ENSG00000159216,black
ENSG00000163964,black
ENSG00000170322,black
ENSG00000172269,black
ENSG00000176463,black
ENSG00000181789,black
ENSG00000183801,black
ENSG00000185022,black
ENSG00000185621,black
ENSG00000198060,black
ENSG00000221829,black
ENSG00000271122,black
ENSG00000026950,black
ENSG00000049541,black
ENSG00000070882,black
ENSG00000076650,black
ENSG00000082898,black
ENSG00000086758,black
ENSG00000099377,black
ENSG00000109790,black
ENSG00000119523,black
ENSG00000124357,black
ENSG00000128185,black
ENSG00000128923,black
ENSG00000132356,black
ENSG00000132823,black
ENSG00000133195,black
ENSG00000138395,black
ENSG00000144711,black
ENSG00000152767,black
ENSG00000153130,black
ENSG00000161533,black
ENSG00000164039,black
ENSG00000164258,black
ENSG00000166164,black
ENSG00000168175,black
ENSG00000169221,black
ENSG00000172465,black
ENSG00000185946,black
ENSG00000213347,black
ENSG00000255262,black
ENSG00000015532,black
ENSG00000036257,black
ENSG00000069399,dimgrey
ENSG00000080822,black
ENSG00000084676,black
ENSG00000090530,black
ENSG00000106771,black
ENSG00000112039,black
ENSG00000112237,black
ENSG00000112941,black
ENSG00000115207,black
ENSG00000116353,black
ENSG00000121210,black
ENSG00000121775,black
ENSG00000123131,black
ENSG00000128534,black
ENSG00000128944,black
ENSG00000133193,black
ENSG00000147889,black
ENSG00000148737,black
ENSG00000151092,black
ENSG00000158615,black
ENSG00000162377,black
ENSG00000162972,black
ENSG00000164576,black
ENSG00000166326,black
ENSG00000167291,black
ENSG00000172113,black
ENSG00000180185,black
ENSG00000181649,black
ENSG00000183955,black
ENSG00000198743,black
ENSG00000198912,black
ENSG00000198961,black
ENSG00000217128,black
ENSG00000293274,black
ENSG00000107897,black
ENSG00000108639,black
ENSG00000111196,black
ENSG00000117000,black
ENSG00000119632,black
ENSG00000122870,black
ENSG00000123159,black
ENSG00000138078,black
ENSG00000145388,black
ENSG00000161888,black
ENSG00000162129,black
ENSG00000163531,black
ENSG00000164751,black
ENSG00000167699,black
ENSG00000170144,black
ENSG00000172409,black
ENSG00000185379,black
ENSG00000188725,black
ENSG00000198483,black
ENSG00000198796,black
ENSG00000204767,black
ENSG00000221866,black
ENSG00000224411,black
ENSG00000251136,black
ENSG00000263753,black
ENSG00000272622,black
ENSG00000293322,black
ENSG00000010404,black
ENSG00000014824,black
ENSG00000048392,black
ENSG00000048707,black
ENSG00000071575,black
ENSG00000079974,black
ENSG00000089195,black
ENSG00000100347,black
ENSG00000101220,black
ENSG00000102158,black
ENSG00000103257,black
ENSG00000103653,black
ENSG00000106608,black
ENSG00000107130,black
ENSG00000109323,black
ENSG00000114021,black
ENSG00000119777,black
ENSG00000122376,black
ENSG00000137714,black
ENSG00000140525,black
ENSG00000141026,black
ENSG00000141076,black
ENSG00000143815,black
ENSG00000145147,black
ENSG00000154330,black
ENSG00000159147,black
ENSG00000159346,black
ENSG00000162618,black
ENSG00000163125,black
ENSG00000163577,black
ENSG00000169727,black
ENSG00000175105,black
ENSG00000181264,black
ENSG00000182150,black
ENSG00000185305,black
ENSG00000196639,black
ENSG00000261236,black
ENSG00000288781,black
ENSG00000005194,black
ENSG00000054983,black
ENSG00000100092,dimgrey
ENSG00000110911,black
ENSG00000112701,black
ENSG00000114383,black
ENSG00000114480,black
ENSG00000116221,black
ENSG00000121058,black
ENSG00000124275,black
ENSG00000127663,black
ENSG00000127990,black
ENSG00000131791,black
ENSG00000136205,black
ENSG00000136235,black
ENSG00000138459,black
ENSG00000138594,black
ENSG00000138613,black
ENSG00000147202,black
ENSG00000149115,black
ENSG00000160410,black
ENSG00000161904,black
ENSG00000162642,black
ENSG00000165527,black
ENSG00000165533,black
ENSG00000169826,black
ENSG00000185532,black
ENSG00000189129,black
ENSG00000196182,black
ENSG00000198937,black
ENSG00000204525,black
ENSG00000047579,black
ENSG00000081760,black
ENSG00000083799,black
ENSG00000103932,black
ENSG00000104324,black
ENSG00000116212,black
ENSG00000119979,black
ENSG00000126261,black
ENSG00000131475,black
ENSG00000132128,black
ENSG00000134014,black
ENSG00000136897,black
ENSG00000137996,black
ENSG00000139629,black
ENSG00000140280,black
ENSG00000143368,black
ENSG00000154727,black
ENSG00000155330,black
ENSG00000156381,black
ENSG00000163374,black
ENSG00000166225,black
ENSG00000168874,black
ENSG00000169855,black
ENSG00000171204,black
ENSG00000171960,black
ENSG00000173545,black
ENSG00000179241,black
ENSG00000185432,black
ENSG00000197128,black
ENSG00000205730,black
ENSG00000214046,black
ENSG00000242259,black
ENSG00000057252,black
ENSG00000086504,black
ENSG00000101109,black
ENSG00000101544,black
ENSG00000105136,black
ENSG00000105711,black
ENSG00000112759,black
ENSG00000116237,black
ENSG00000117697,black
ENSG00000118200,black
ENSG00000119401,black
ENSG00000123130,black
ENSG00000134987,black
ENSG00000135218,black
ENSG00000136874,black
ENSG00000151729,black
ENSG00000158186,black
ENSG00000160293,black
ENSG00000162980,black
ENSG00000164938,black
ENSG00000168961,black
ENSG00000169689,black
ENSG00000177425,black
ENSG00000182752,black
ENSG00000196295,black
ENSG00000198087,black
ENSG00000239900,black
ENSG00000255717,black
ENSG00000269836,black
ENSG00000272391,black
ENSG00000006534,black
ENSG00000008324,black
ENSG00000062598,black
ENSG00000064042,black
ENSG00000090432,black
ENSG00000100105,black
ENSG00000100296,black
ENSG00000102359,black
ENSG00000106591,black
ENSG00000112320,black
ENSG00000114554,black
ENSG00000115282,black
ENSG00000119013,black
ENSG00000121060,black
ENSG00000123473,black
ENSG00000123609,black
ENSG00000129355,black
ENSG00000132792,black
ENSG00000134330,black
ENSG00000139668,black
ENSG00000142544,black
ENSG00000143437,black
ENSG00000143507,black
ENSG00000143786,black
ENSG00000149658,black
ENSG00000151466,black
ENSG00000151576,black
ENSG00000151806,black
ENSG00000159579,black
ENSG00000166197,black
ENSG00000167770,black
ENSG00000173548,black
ENSG00000173914,black
ENSG00000175581,black
ENSG00000177409,black
ENSG00000185909,black
ENSG00000185947,black
ENSG00000186001,black
ENSG00000188636,black
ENSG00000189266,black
ENSG00000233101,black
ENSG00000001036,black
ENSG00000005302,black
ENSG00000091732,black
ENSG00000096093,black
ENSG00000105053,black
ENSG00000106346,black
ENSG00000108094,black
ENSG00000116717,black
ENSG00000117528,black
ENSG00000120896,black
ENSG00000123684,black
ENSG00000125257,black
ENSG00000129810,black
ENSG00000130119,black
ENSG00000130158,black
ENSG00000130717,black
ENSG00000132549,black
ENSG00000133131,black
ENSG00000139546,black
ENSG00000140259,black
ENSG00000143486,black
ENSG00000145604,black
ENSG00000148334,black
ENSG00000149532,black
ENSG00000162065,black
ENSG00000163597,black
ENSG00000169692,black
ENSG00000172053,black
ENSG00000173598,black
ENSG00000177051,black
ENSG00000178033,black
ENSG00000178695,black
ENSG00000185591,black
ENSG00000196458,black
ENSG00000196700,black
ENSG00000215712,black
ENSG00000007376,black
ENSG00000056586,black
ENSG00000081791,black
ENSG00000082805,black
ENSG00000083937,black
ENSG00000084073,black
ENSG00000095564,black
ENSG00000099901,black
ENSG00000101000,black
ENSG00000103381,black
ENSG00000104812,black
ENSG00000107937,black
ENSG00000109016,black
ENSG00000109756,black
ENSG00000110925,black
ENSG00000111667,black
ENSG00000112159,black
ENSG00000112406,black
ENSG00000117174,black
ENSG00000134058,black
ENSG00000143971,black
ENSG00000157181,black
ENSG00000158796,black
ENSG00000161513,black
ENSG00000168502,black
ENSG00000170775,black
ENSG00000171621,black
ENSG00000172379,black
ENSG00000175073,black
ENSG00000176853,black
ENSG00000185963,black
ENSG00000188010,black
ENSG00000189398,black
ENSG00000204442,black
ENSG00000240230,black
ENSG00000240498,black
ENSG00000267080,black
ENSG00000065268,black
ENSG00000076641,black
ENSG00000082996,black
ENSG00000085449,black
ENSG00000096060,black
ENSG00000100911,black
ENSG00000102978,black
ENSG00000108039,black
ENSG00000111615,black
ENSG00000113569,black
ENSG00000114993,black
ENSG00000116752,black
ENSG00000119314,black
ENSG00000119640,black
ENSG00000122484,black
ENSG00000131013,black
ENSG00000133318,black
ENSG00000136715,black
ENSG00000138131,black
ENSG00000138442,black
ENSG00000144021,black
ENSG00000145332,black
ENSG00000145685,black
ENSG00000158092,black
ENSG00000160298,black
ENSG00000162600,black
ENSG00000164167,black
ENSG00000166845,black
ENSG00000172893,black
ENSG00000176101,black
ENSG00000183160,black
ENSG00000188021,black
ENSG00000196455,black
ENSG00000235173,black
ENSG00000017260,black
ENSG00000042286,black
ENSG00000064012,black
ENSG00000075188,black
ENSG00000079102,black
ENSG00000089159,black
ENSG00000100997,black
ENSG00000104365,black
ENSG00000104517,black
ENSG00000105447,black
ENSG00000106628,black
ENSG00000109065,black
ENSG00000109805,black
ENSG00000116698,black
ENSG00000117616,black
ENSG00000119397,black
ENSG00000138018,black
ENSG00000151503,black
ENSG00000155329,black
ENSG00000158163,black
ENSG00000164081,black
ENSG00000164305,black
ENSG00000174013,black
ENSG00000175906,black
ENSG00000177169,black
ENSG00000185009,black
ENSG00000185127,black
ENSG00000197563,black
ENSG00000197713,black
ENSG00000204356,black
ENSG00000021776,black
ENSG00000025156,black
ENSG00000076321,black
ENSG00000083223,black
ENSG00000088543,black
ENSG00000092847,black
ENSG00000095383,black
ENSG00000100416,black
ENSG00000102908,black
ENSG00000105325,black
ENSG00000105472,black
ENSG00000105518,black
ENSG00000116406,black
ENSG00000118960,black
ENSG00000122912,black
ENSG00000124226,black
ENSG00000125503,black
ENSG00000128789,black
ENSG00000130193,black
ENSG00000133606,black
ENSG00000133943,black
ENSG00000134955,black
ENSG00000135148,black
ENSG00000135686,black
ENSG00000136936,black
ENSG00000137478,black
ENSG00000143363,black
ENSG00000147687,black
ENSG00000149313,black
ENSG00000151413,black
ENSG00000153956,black
ENSG00000162694,black
ENSG00000164930,black
ENSG00000169598,dimgrey
ENSG00000170876,black
ENSG00000171033,black
ENSG00000171105,black
ENSG00000172466,black
ENSG00000172661,black
ENSG00000179981,black
ENSG00000181588,black
ENSG00000181826,black
ENSG00000184209,black
ENSG00000186814,black
ENSG00000196756,black
ENSG00000206418,black
ENSG00000206538,black
ENSG00000229344,black
ENSG00000241127,black
ENSG00000243943,black
ENSG00000254470,black
ENSG00000272886,black
ENSG00000279532,black
ENSG00000007202,black
ENSG00000024526,black
ENSG00000028203,black
ENSG00000070413,black
ENSG00000070785,black
ENSG00000072803,black
ENSG00000087448,black
ENSG00000092445,black
ENSG00000096696,black
ENSG00000100372,black
ENSG00000117614,black
ENSG00000118596,black
ENSG00000119650,black
ENSG00000130725,black
ENSG00000139372,black
ENSG00000139636,dimgrey
ENSG00000147130,black
ENSG00000149196,black
ENSG00000157240,black
ENSG00000157978,black
ENSG00000158079,black
ENSG00000163882,black
ENSG00000166483,black
ENSG00000177192,black
ENSG00000178234,black
ENSG00000185340,black
ENSG00000185813,black
ENSG00000196975,black
ENSG00000203485,black
ENSG00000205060,black
ENSG00000219626,black
ENSG00000223482,black
ENSG00000268230,black
ENSG00000286259,black
ENSG00000006652,black
ENSG00000014919,black
ENSG00000039319,black
ENSG00000066136,black
ENSG00000100647,black
ENSG00000101940,black
ENSG00000105953,black
ENSG00000106009,black
ENSG00000107789,black
ENSG00000108433,black
ENSG00000110427,black
ENSG00000110429,black
ENSG00000111361,black
ENSG00000115685,black
ENSG00000122882,black
ENSG00000127870,black
ENSG00000132434,black
ENSG00000132581,black
ENSG00000134597,black
ENSG00000134802,black
ENSG00000136603,black
ENSG00000152056,black
ENSG00000155827,black
ENSG00000156603,black
ENSG00000156709,black
ENSG00000160271,black
ENSG00000163625,black
ENSG00000164105,black
ENSG00000166887,black
ENSG00000176973,black
ENSG00000182149,black
ENSG00000196911,black
ENSG00000211584,black
ENSG00000225630,black
ENSG00000241973,black
ENSG00000266028,black
ENSG00000279365,black
ENSG00000287516,black
ENSG00000006704,black
ENSG00000038210,black
ENSG00000046651,black
ENSG00000056998,black
ENSG00000071462,black
ENSG00000074755,black
ENSG00000105186,black
ENSG00000109270,black
ENSG00000109572,black
ENSG00000110852,black
ENSG00000114023,black
ENSG00000115825,black
ENSG00000120925,black
ENSG00000121481,black
ENSG00000132716,black
ENSG00000134809,black
ENSG00000135045,black
ENSG00000138640,black
ENSG00000151445,black
ENSG00000154027,black
ENSG00000156030,black
ENSG00000156795,black
ENSG00000161618,black
ENSG00000164506,black
ENSG00000174365,black
ENSG00000180822,black
ENSG00000185808,black
ENSG00000186141,black
ENSG00000196865,black
ENSG00000196950,black
ENSG00000215717,black
ENSG00000249859,black
ENSG00000260877,black
ENSG00000024048,black
ENSG00000025770,black
ENSG00000066379,black
ENSG00000086712,black
ENSG00000087502,black
ENSG00000088812,black
ENSG00000100142,black
ENSG00000101166,black
ENSG00000104687,black
ENSG00000107537,black
ENSG00000112685,black
ENSG00000113273,black
ENSG00000125398,black
ENSG00000130958,black
ENSG00000137073,black
ENSG00000138686,black
ENSG00000145919,black
ENSG00000148606,black
ENSG00000150281,black
ENSG00000169599,black
ENSG00000170385,black
ENSG00000170624,black
ENSG00000173011,black
ENSG00000175414,black
ENSG00000176105,black
ENSG00000180376,black
ENSG00000182872,black
ENSG00000182923,black
ENSG00000185070,black
ENSG00000185608,black
ENSG00000198901,black
ENSG00000204852,black
ENSG00000253710,black
ENSG00000263343,black
ENSG00000289472,black
ENSG00000291186,black
ENSG00000006712,black
ENSG00000017483,black
ENSG00000028839,dimgrey
ENSG00000100299,dimgrey
ENSG00000102081,black
ENSG00000104368,black
ENSG00000111412,black
ENSG00000112902,black
ENSG00000114770,black
ENSG00000116062,black
ENSG00000119878,black
ENSG00000119977,black
ENSG00000124496,black
ENSG00000126705,black
ENSG00000136048,black
ENSG00000140853,black
ENSG00000143320,black
ENSG00000144591,black
ENSG00000147679,black
ENSG00000161542,black
ENSG00000162496,black
ENSG00000164125,black
ENSG00000165282,black
ENSG00000169019,black
ENSG00000169032,black
ENSG00000176087,black
ENSG00000176393,black
ENSG00000182667,black
ENSG00000234498,black
ENSG00000235582,black
ENSG00000250536,black
ENSG00000258890,black
ENSG00000261221,black
ENSG00000290770,black
ENSG00000070404,black
ENSG00000075336,black
ENSG00000089351,black
ENSG00000100731,black
ENSG00000108479,black
ENSG00000108523,black
ENSG00000113384,black
ENSG00000116791,black
ENSG00000125249,black
ENSG00000125843,black
ENSG00000128059,black
ENSG00000131043,black
ENSG00000133121,black
ENSG00000140464,black
ENSG00000141101,black
ENSG00000144736,black
ENSG00000146457,black
ENSG00000148411,black
ENSG00000164051,black
ENSG00000166788,black
ENSG00000169814,black
ENSG00000172954,black
ENSG00000174842,black
ENSG00000175115,black
ENSG00000181915,black
ENSG00000183495,black
ENSG00000184216,black
ENSG00000185420,black
ENSG00000197386,black
ENSG00000243927,black
ENSG00000277586,black
ENSG00000090316,black
ENSG00000100162,black
ENSG00000103248,black
ENSG00000104447,black
ENSG00000107738,black
ENSG00000110442,black
ENSG00000112787,black
ENSG00000114098,black
ENSG00000120725,black
ENSG00000127337,black
ENSG00000131153,black
ENSG00000135999,black
ENSG00000145247,black
ENSG00000145715,black
ENSG00000151725,black
ENSG00000162458,black
ENSG00000164920,black
ENSG00000165175,black
ENSG00000165630,black
ENSG00000167257,black
ENSG00000173852,black
ENSG00000174165,black
ENSG00000176095,black
ENSG00000176148,black
ENSG00000187678,black
ENSG00000188130,black
ENSG00000188419,black
ENSG00000196367,black
ENSG00000198816,black
ENSG00000229807,black
ENSG00000005700,black
ENSG00000047644,black
ENSG00000059588,black
ENSG00000060718,black
ENSG00000067704,black
ENSG00000071539,black
ENSG00000072786,black
ENSG00000077312,black
ENSG00000079257,black
ENSG00000080573,black
ENSG00000080815,black
ENSG00000081014,black
ENSG00000081692,black
ENSG00000089094,black
ENSG00000103264,black
ENSG00000110422,black
ENSG00000111911,black
ENSG00000121310,black
ENSG00000126070,black
ENSG00000134575,black
ENSG00000136999,black
ENSG00000138134,black
ENSG00000140995,black
ENSG00000144231,black
ENSG00000146476,black
ENSG00000149091,black
ENSG00000163512,black
ENSG00000167920,black
ENSG00000170502,black
ENSG00000173542,black
ENSG00000186063,black
ENSG00000198198,black
ENSG00000198625,black
ENSG00000198830,black
ENSG00000204977,black
ENSG00000288888,dimgrey
ENSG00000037897,black
ENSG00000052795,black
ENSG00000058063,black
ENSG00000058091,black
ENSG00000070061,black
ENSG00000076242,black
ENSG00000087088,black
ENSG00000103876,black
ENSG00000108175,dimgrey
ENSG00000120314,black
ENSG00000121440,black
ENSG00000124214,black
ENSG00000124535,black
ENSG00000137054,black
ENSG00000138381,black
ENSG00000143374,black
ENSG00000143499,black
ENSG00000143740,black
ENSG00000143756,black
ENSG00000144659,black
ENSG00000146416,black
ENSG00000148925,black
ENSG00000153551,black
ENSG00000154781,black
ENSG00000158122,black
ENSG00000160957,black
ENSG00000161558,black
ENSG00000166106,black
ENSG00000167202,black
ENSG00000168286,black
ENSG00000168612,black
ENSG00000169733,black
ENSG00000171617,black
ENSG00000172725,black
ENSG00000173272,black
ENSG00000181610,black
ENSG00000198832,black
ENSG00000221926,black
ENSG00000245937,black
ENSG00000265354,black
ENSG00000269439,black
ENSG00000011523,black
ENSG00000026103,black
ENSG00000031691,black
ENSG00000067798,black
ENSG00000070778,black
ENSG00000086200,black
ENSG00000095906,black
ENSG00000103249,black
ENSG00000104973,black
ENSG00000107036,black
ENSG00000108846,black
ENSG00000109184,black
ENSG00000109586,black
ENSG00000112473,black
ENSG00000115325,black
ENSG00000115484,black
ENSG00000117625,black
ENSG00000117682,black
ENSG00000121089,black
ENSG00000130227,black
ENSG00000134748,black
ENSG00000137806,black
ENSG00000139567,black
ENSG00000141012,black
ENSG00000146733,black
ENSG00000157168,black
ENSG00000160948,black
ENSG00000162825,black
ENSG00000170921,black
ENSG00000174791,black
ENSG00000179456,black
ENSG00000182179,black
ENSG00000183735,black
ENSG00000184708,black
ENSG00000189319,dimgrey
ENSG00000198554,black
ENSG00000204070,black
ENSG00000228393,dimgrey
ENSG00000238103,black
ENSG00000010803,black
ENSG00000018610,black
ENSG00000029153,black
ENSG00000031823,black
ENSG00000041988,black
ENSG00000057757,black
ENSG00000070444,black
ENSG00000075131,black
ENSG00000078687,black
ENSG00000090447,black
ENSG00000101945,black
ENSG00000104859,black
ENSG00000107625,black
ENSG00000111348,black
ENSG00000112339,black
ENSG00000121152,black
ENSG00000127526,black
ENSG00000130159,black
ENSG00000131018,black
ENSG00000131459,black
ENSG00000133119,black
ENSG00000136811,black
ENSG00000138780,black
ENSG00000139718,black
ENSG00000146463,black
ENSG00000151287,black
ENSG00000154511,black
ENSG00000160014,black
ENSG00000164961,black
ENSG00000169410,black
ENSG00000170145,black
ENSG00000170315,black
ENSG00000170949,black
ENSG00000173889,black
ENSG00000184428,black
ENSG00000187231,black
ENSG00000188191,black
ENSG00000232533,black
ENSG00000240344,black
ENSG00000251194,black
ENSG00000260916,black
ENSG00000008283,black
ENSG00000033100,black
ENSG00000085377,black
ENSG00000089050,black
ENSG00000099904,black
ENSG00000111144,black
ENSG00000117475,black
ENSG00000124380,black
ENSG00000128191,black
ENSG00000128739,black
ENSG00000134453,black
ENSG00000134954,black
ENSG00000138764,black
ENSG00000140854,black
ENSG00000145241,black
ENSG00000154217,black
ENSG00000158169,black
ENSG00000159479,black
ENSG00000169519,black
ENSG00000170633,black
ENSG00000176225,black
ENSG00000181788,black
ENSG00000186184,black
ENSG00000188677,black
ENSG00000198252,black
ENSG00000224945,dimgrey
ENSG00000231889,black
ENSG00000278974,black
ENSG00000279088,black
ENSG00000006744,black
ENSG00000011243,black
ENSG00000023191,black
ENSG00000063244,black
ENSG00000065883,black
ENSG00000067365,black
ENSG00000076928,black
ENSG00000085276,black
ENSG00000085719,black
ENSG00000100823,dimgrey
ENSG00000101955,black
ENSG00000108932,black
ENSG00000108960,black
ENSG00000110871,black
ENSG00000116205,black
ENSG00000121671,black
ENSG00000122203,black
ENSG00000122863,black
ENSG00000124523,black
ENSG00000130338,black
ENSG00000137094,black
ENSG00000140265,black
ENSG00000143442,black
ENSG00000164466,black
ENSG00000167778,black
ENSG00000169718,black
ENSG00000189337,black
ENSG00000197355,black
ENSG00000197818,black
ENSG00000213462,black
ENSG00000005020,black
ENSG00000005206,black
ENSG00000051596,black
ENSG00000069011,black
ENSG00000080839,black
ENSG00000086475,black
ENSG00000094804,black
ENSG00000100883,black
ENSG00000101079,black
ENSG00000105127,black
ENSG00000105486,black
ENSG00000109654,black
ENSG00000110218,black
ENSG00000117877,black
ENSG00000121957,black
ENSG00000123096,black
ENSG00000124151,black
ENSG00000132109,black
ENSG00000132570,black
ENSG00000134049,black
ENSG00000134508,black
ENSG00000138035,black
ENSG00000144455,black
ENSG00000144645,black
ENSG00000146909,black
ENSG00000153310,black
ENSG00000156469,black
ENSG00000158636,black
ENSG00000159445,black
ENSG00000162607,black
ENSG00000164045,black
ENSG00000168209,black
ENSG00000168216,black
ENSG00000168876,black
ENSG00000172888,black
ENSG00000197757,black
ENSG00000198000,black
ENSG00000041880,black
ENSG00000048028,black
ENSG00000067221,black
ENSG00000069702,black
ENSG00000071794,black
ENSG00000072134,black
ENSG00000110172,black
ENSG00000111300,black
ENSG00000112079,black
ENSG00000112996,black
ENSG00000116497,black
ENSG00000120647,black
ENSG00000122085,black
ENSG00000123094,black
ENSG00000124193,black
ENSG00000132274,black
ENSG00000132388,black
ENSG00000135451,black
ENSG00000135976,black
ENSG00000136010,black
ENSG00000136802,black
ENSG00000140948,black
ENSG00000141560,black
ENSG00000144827,black
ENSG00000160193,black
ENSG00000162976,black
ENSG00000166167,black
ENSG00000168476,black
ENSG00000179119,black
ENSG00000179335,black
ENSG00000181035,black
ENSG00000183765,black
ENSG00000188997,black
ENSG00000196505,black
ENSG00000198841,black
ENSG00000236287,black
ENSG00000241852,black
ENSG00000246067,black
ENSG00000257218,black
ENSG00000293510,black
ENSG00000049759,black
ENSG00000066777,black
ENSG00000066933,black
ENSG00000070476,black
ENSG00000084731,black
ENSG00000101825,black
ENSG00000105497,black
ENSG00000109103,black
ENSG00000110851,black
ENSG00000112139,black
ENSG00000115183,black
ENSG00000118193,black
ENSG00000124177,black
ENSG00000136141,black
ENSG00000138375,black
ENSG00000145743,black
ENSG00000149311,black
ENSG00000150456,black
ENSG00000152377,black
ENSG00000157593,black
ENSG00000158545,black
ENSG00000163214,black
ENSG00000164168,black
ENSG00000166224,black
ENSG00000168487,black
ENSG00000168765,black
ENSG00000174109,black
ENSG00000185869,black
ENSG00000186767,black
ENSG00000198331,black
ENSG00000236333,black
ENSG00000257727,black
ENSG00000008853,black
ENSG00000040487,black
ENSG00000053900,black
ENSG00000065029,black
ENSG00000079150,black
ENSG00000095321,black
ENSG00000102606,black
ENSG00000106012,black
ENSG00000106546,black
ENSG00000107745,black
ENSG00000107815,black
ENSG00000108262,black
ENSG00000113368,black
ENSG00000116138,black
ENSG00000119616,black
ENSG00000120675,black
ENSG00000123545,black
ENSG00000132840,black
ENSG00000134077,black
ENSG00000134324,black
ENSG00000134444,black
ENSG00000136144,black
ENSG00000136159,black
ENSG00000138363,black
ENSG00000141562,black
ENSG00000141627,black
ENSG00000142444,black
ENSG00000143776,black
ENSG00000145191,black
ENSG00000151116,black
ENSG00000152642,black
ENSG00000156504,black
ENSG00000159433,black
ENSG00000159733,black
ENSG00000162441,black
ENSG00000163820,black
ENSG00000163832,black
ENSG00000165997,black
ENSG00000166004,black
ENSG00000167371,black
ENSG00000168398,black
ENSG00000169738,black
ENSG00000170903,dimgrey
ENSG00000173511,black
ENSG00000174684,black
ENSG00000174738,black
ENSG00000176658,black
ENSG00000178773,dimgrey
ENSG00000178878,black
ENSG00000180011,black
ENSG00000184887,black
ENSG00000186222,black
ENSG00000187531,black
ENSG00000196968,black
ENSG00000204954,black
ENSG00000227051,black
ENSG00000228794,black
ENSG00000255529,black
ENSG00000011275,black
ENSG00000049860,black
ENSG00000102471,black
ENSG00000111880,black
ENSG00000114127,black
ENSG00000114446,black
ENSG00000115129,black
ENSG00000117481,black
ENSG00000120217,black
ENSG00000120942,black
ENSG00000125965,black
ENSG00000131828,black
ENSG00000133065,black
ENSG00000138286,black
ENSG00000138658,black
ENSG00000148798,black
ENSG00000162852,black
ENSG00000165660,black
ENSG00000167555,black
ENSG00000167772,black
ENSG00000171608,black
ENSG00000175467,black
ENSG00000178104,black
ENSG00000185761,black
ENSG00000198001,black
ENSG00000198380,black
ENSG00000224578,black
ENSG00000230979,black
ENSG00000247596,black
ENSG00000250461,black
ENSG00000005801,black
ENSG00000007545,black
ENSG00000023572,black
ENSG00000028310,black
ENSG00000038532,black
ENSG00000065183,black
ENSG00000066322,black
ENSG00000082458,black
ENSG00000092020,black
ENSG00000096063,black
ENSG00000104427,black
ENSG00000105819,black
ENSG00000107186,black
ENSG00000109929,black
ENSG00000111145,black
ENSG00000115363,black
ENSG00000124217,black
ENSG00000124786,black
ENSG00000127666,black
ENSG00000128309,black
ENSG00000133114,black
ENSG00000138032,black
ENSG00000151276,black
ENSG00000155957,black
ENSG00000162384,black
ENSG00000163291,black
ENSG00000164970,black
ENSG00000168116,dimgrey
ENSG00000168300,black
ENSG00000171453,black
ENSG00000171703,black
ENSG00000172932,black
ENSG00000177352,black
ENSG00000177666,black
ENSG00000185745,black
ENSG00000186318,black
ENSG00000189079,black
ENSG00000189144,black
ENSG00000196236,black
ENSG00000204370,black
ENSG00000250519,dimgrey
ENSG00000252498,black
ENSG00000000003,black
ENSG00000008294,black
ENSG00000062725,black
ENSG00000069869,black
ENSG00000069966,black
ENSG00000078699,black
ENSG00000083720,black
ENSG00000087269,black
ENSG00000101290,black
ENSG00000101639,black
ENSG00000105829,black
ENSG00000105928,black
ENSG00000106299,black
ENSG00000107798,black
ENSG00000110318,black
ENSG00000110888,black
ENSG00000113070,black
ENSG00000114544,black
ENSG00000114735,black
ENSG00000118564,black
ENSG00000124160,black
ENSG00000124209,black
ENSG00000125817,black
ENSG00000138660,black
ENSG00000140451,black
ENSG00000143157,black
ENSG00000144161,black
ENSG00000144357,black
ENSG00000144369,black
ENSG00000145022,black
ENSG00000148291,black
ENSG00000148840,black
ENSG00000152520,black
ENSG00000154124,black
ENSG00000163161,black
ENSG00000163808,black
ENSG00000163870,black
ENSG00000164465,black
ENSG00000164916,black
ENSG00000165060,black
ENSG00000165304,black
ENSG00000166436,black
ENSG00000171603,black
ENSG00000171843,black
ENSG00000174197,black
ENSG00000179918,black
ENSG00000180530,black
ENSG00000183696,black
ENSG00000184349,black
ENSG00000187522,black
ENSG00000188786,black
ENSG00000189410,black
ENSG00000198055,black
ENSG00000205707,black
ENSG00000205758,black
ENSG00000214113,black
ENSG00000256087,black
ENSG00000256525,black
ENSG00000273559,black
ENSG00000288953,black
ENSG00000004975,black
ENSG00000036549,black
ENSG00000047230,black
ENSG00000051180,black
ENSG00000067334,black
ENSG00000073169,black
ENSG00000087510,black
ENSG00000100379,black
ENSG00000100994,black
ENSG00000102218,black
ENSG00000103507,black
ENSG00000104897,black
ENSG00000106799,black
ENSG00000110063,black
ENSG00000113389,black
ENSG00000114520,black
ENSG00000115211,black
ENSG00000122970,black
ENSG00000124074,black
ENSG00000124444,black
ENSG00000127528,black
ENSG00000133313,black
ENSG00000136783,black
ENSG00000138801,black
ENSG00000139436,black
ENSG00000144802,black
ENSG00000148358,black
ENSG00000156136,black
ENSG00000157540,black
ENSG00000158321,black
ENSG00000159461,black
ENSG00000160058,black
ENSG00000163728,black
ENSG00000163945,black
ENSG00000167543,dimgrey
ENSG00000177646,black
ENSG00000179151,black
ENSG00000183386,black
ENSG00000183807,black
ENSG00000184924,black
ENSG00000185917,black
ENSG00000198818,black
ENSG00000254986,black
ENSG00000262814,black
ENSG00000279307,black
ENSG00000004487,black
ENSG00000064961,black
ENSG00000086827,black
ENSG00000095002,black
ENSG00000100307,black
ENSG00000101104,black
ENSG00000101391,black
ENSG00000102125,black
ENSG00000102390,black
ENSG00000105835,black
ENSG00000111801,black
ENSG00000112319,black
ENSG00000115514,black
ENSG00000115594,black
ENSG00000123352,black
ENSG00000124299,black
ENSG00000135052,black
ENSG00000136717,black
ENSG00000136848,dimgrey
ENSG00000139910,black
ENSG00000144120,black
ENSG00000147536,black
ENSG00000148344,black
ENSG00000154814,black
ENSG00000158301,black
ENSG00000160352,black
ENSG00000162688,black
ENSG00000163874,black
ENSG00000168016,black
ENSG00000171408,black
ENSG00000172175,black
ENSG00000176208,black
ENSG00000177674,black
ENSG00000181827,black
ENSG00000183826,black
ENSG00000186174,black
ENSG00000186193,black
ENSG00000198189,black
ENSG00000225746,black
ENSG00000241316,black
ENSG00000289357,black
ENSG00000001631,black
ENSG00000003393,black
ENSG00000048471,dimgrey
ENSG00000077713,black
ENSG00000080819,black
ENSG00000081019,black
ENSG00000087253,black
ENSG00000089057,black
ENSG00000092931,black
ENSG00000094841,black
ENSG00000100034,black
ENSG00000100320,black
ENSG00000101138,black
ENSG00000102870,black
ENSG00000113269,black
ENSG00000114026,black
ENSG00000120733,black
ENSG00000124356,black
ENSG00000124596,black
ENSG00000126775,black
ENSG00000132768,black
ENSG00000134138,black
ENSG00000134480,black
ENSG00000134996,black
ENSG00000136643,black
ENSG00000136982,black
ENSG00000141569,black
ENSG00000145431,black
ENSG00000148572,black
ENSG00000148803,black
ENSG00000149591,black
ENSG00000150990,black
ENSG00000151502,black
ENSG00000160094,black
ENSG00000161277,black
ENSG00000163002,black
ENSG00000164330,black
ENSG00000165124,black
ENSG00000165633,black
ENSG00000170248,black
ENSG00000171425,black
ENSG00000171940,black
ENSG00000174516,black
ENSG00000175279,black
ENSG00000176749,dimgrey
ENSG00000181472,black
ENSG00000184009,black
ENSG00000184838,black
ENSG00000186591,black
ENSG00000187742,black
ENSG00000187961,black
ENSG00000196810,black
ENSG00000197857,black
ENSG00000198142,black
ENSG00000203668,black
ENSG00000218596,black
ENSG00000232677,black
ENSG00000244462,black
ENSG00000005448,black
ENSG00000031003,black
ENSG00000047634,black
ENSG00000048405,black
ENSG00000059122,black
ENSG00000078043,black
ENSG00000079739,black
ENSG00000083123,black
ENSG00000100124,black
ENSG00000101868,black
ENSG00000104613,black
ENSG00000105245,dimgrey
ENSG00000110048,black
ENSG00000111052,black
ENSG00000111665,black
ENSG00000118162,black
ENSG00000120008,black
ENSG00000126254,black
ENSG00000132669,black
ENSG00000132718,black
ENSG00000134504,black
ENSG00000135617,black
ENSG00000141837,black
ENSG00000144597,black
ENSG00000149499,black
ENSG00000152102,black
ENSG00000156958,black
ENSG00000163900,black
ENSG00000164615,black
ENSG00000167513,black
ENSG00000168234,black
ENSG00000171720,black
ENSG00000187266,black
ENSG00000196116,black
ENSG00000197415,black
ENSG00000198042,black
ENSG00000198225,black
ENSG00000198892,black
ENSG00000204351,black
ENSG00000221821,black
ENSG00000221890,black
ENSG00000221968,black
ENSG00000241343,black
ENSG00000281649,black
ENSG00000040633,black
ENSG00000069431,black
ENSG00000072518,black
ENSG00000082068,black
ENSG00000087470,black
ENSG00000101412,black
ENSG00000104960,black
ENSG00000105341,black
ENSG00000106004,black
ENSG00000108604,black
ENSG00000111275,black
ENSG00000115902,black
ENSG00000117748,black
ENSG00000119638,black
ENSG00000119682,black
ENSG00000120685,black
ENSG00000125863,black
ENSG00000128159,black
ENSG00000131019,black
ENSG00000132170,black
ENSG00000138698,black
ENSG00000139116,black
ENSG00000139163,black
ENSG00000144535,black
ENSG00000146414,black
ENSG00000146802,black
ENSG00000151500,black
ENSG00000152457,black
ENSG00000155906,black
ENSG00000162869,black
ENSG00000162928,black
ENSG00000163001,black
ENSG00000163932,black
ENSG00000164967,black
ENSG00000165480,black
ENSG00000166317,black
ENSG00000166851,black
ENSG00000168118,black
ENSG00000170631,black
ENSG00000175066,black
ENSG00000176022,black
ENSG00000177150,black
ENSG00000179364,black
ENSG00000185404,black
ENSG00000213965,black
ENSG00000218175,black
ENSG00000224546,black
ENSG00000232956,black
ENSG00000236830,black
ENSG00000239305,black
ENSG00000253719,black
ENSG00000276529,black
ENSG00000010219,black
ENSG00000055950,black
ENSG00000066583,black
ENSG00000069509,black
ENSG00000070761,black
ENSG00000096968,black
ENSG00000106330,black
ENSG00000107554,black
ENSG00000108786,black
ENSG00000111057,black
ENSG00000113916,black
ENSG00000116106,black
ENSG00000120656,black
ENSG00000121644,black
ENSG00000122420,black
ENSG00000128609,black
ENSG00000131165,black
ENSG00000132879,black
ENSG00000137145,black
ENSG00000146833,black
ENSG00000147905,black
ENSG00000153714,black
ENSG00000153936,black
ENSG00000155380,black
ENSG00000155816,black
ENSG00000156374,black
ENSG00000157224,black
ENSG00000159259,black
ENSG00000159459,black
ENSG00000162522,black
ENSG00000167766,black
ENSG00000170899,black
ENSG00000175054,black
ENSG00000176834,black
ENSG00000177888,black
ENSG00000184182,black
ENSG00000186812,black
ENSG00000188522,dimgrey
ENSG00000196976,black
ENSG00000204160,black
ENSG00000213079,black
ENSG00000213339,black
ENSG00000224032,black
ENSG00000235121,black
ENSG00000241258,black
ENSG00000248113,dimgrey
ENSG00000262454,black
ENSG00000005238,black
ENSG00000010818,black
ENSG00000027697,black
ENSG00000033327,black
ENSG00000050426,black
ENSG00000078061,black
ENSG00000090238,black
ENSG00000091127,black
ENSG00000100281,black
ENSG00000100376,black
ENSG00000102921,black
ENSG00000103111,black
ENSG00000104866,dimgrey
ENSG00000104880,black
ENSG00000106683,black
ENSG00000109436,black
ENSG00000110400,black
ENSG00000112992,black
ENSG00000118655,black
ENSG00000118762,black
ENSG00000121578,black
ENSG00000123610,black
ENSG00000126107,black
ENSG00000127419,dimgrey
ENSG00000128915,black
ENSG00000131023,black
ENSG00000133812,black
ENSG00000136098,dimgrey
ENSG00000136444,black
ENSG00000139613,black
ENSG00000140450,black
ENSG00000145041,black
ENSG00000145996,black
ENSG00000148848,black
ENSG00000151881,black
ENSG00000154429,black
ENSG00000154719,black
ENSG00000157600,black
ENSG00000157617,black
ENSG00000161999,dimgrey
ENSG00000164877,black
ENSG00000164951,black
ENSG00000165684,black
ENSG00000166272,black
ENSG00000172845,black
ENSG00000173681,black
ENSG00000173918,black
ENSG00000177432,black
ENSG00000180611,black
ENSG00000180875,black
ENSG00000181192,black
ENSG00000182541,black
ENSG00000183172,black
ENSG00000183943,black
ENSG00000184205,black
ENSG00000184867,black
ENSG00000197429,black
ENSG00000197461,black
ENSG00000198561,black
ENSG00000204130,black
ENSG00000225224,black
ENSG00000267100,black
ENSG00000269834,black
ENSG00000280798,black
ENSG00000288948,black
ENSG00000291174,black
ENSG00000291237,black
ENSG00000007047,black
ENSG00000054282,black
ENSG00000054356,dimgrey
ENSG00000059758,black
ENSG00000061987,black
ENSG00000066117,black
ENSG00000066557,black
ENSG00000069122,black
ENSG00000074964,black
ENSG00000075399,black
ENSG00000078124,black
ENSG00000100522,black
ENSG00000105229,black
ENSG00000105701,black
ENSG00000106415,black
ENSG00000111727,black
ENSG00000112031,black
ENSG00000114405,black
ENSG00000114450,black
ENSG00000115365,black
ENSG00000120696,black
ENSG00000124659,black
ENSG00000127993,black
ENSG00000132661,black
ENSG00000135108,black
ENSG00000135749,dimgrey
ENSG00000136114,black
ENSG00000136143,black
ENSG00000136379,black
ENSG00000141127,black
ENSG00000142867,black
ENSG00000145740,black
ENSG00000156735,black
ENSG00000162063,black
ENSG00000163257,black
ENSG00000163344,black
ENSG00000163491,black
ENSG00000164983,black
ENSG00000165355,black
ENSG00000169955,black
ENSG00000169991,black
ENSG00000173334,black
ENSG00000179833,black
ENSG00000181982,black
ENSG00000187601,black
ENSG00000198369,black
ENSG00000225973,black
ENSG00000254901,black
ENSG00000261609,black
ENSG00000270607,black
ENSG00000290567,black
ENSG00000293478,black
ENSG00000013503,black
ENSG00000032389,black
ENSG00000065970,black
ENSG00000068001,black
ENSG00000077157,black
ENSG00000079950,black
ENSG00000100629,black
ENSG00000101596,black
ENSG00000102699,black
ENSG00000103671,black
ENSG00000115884,black
ENSG00000120159,black
ENSG00000121413,black
ENSG00000122550,black
ENSG00000125124,black
ENSG00000125352,black
ENSG00000128872,black
ENSG00000130830,black
ENSG00000135763,black
ENSG00000135900,black
ENSG00000136870,black
ENSG00000139977,black
ENSG00000141219,black
ENSG00000142396,black
ENSG00000147573,black
ENSG00000149090,black
ENSG00000150527,black
ENSG00000151458,black
ENSG00000162236,black
ENSG00000162419,black
ENSG00000164023,black
ENSG00000164308,black
ENSG00000166341,black
ENSG00000170571,black
ENSG00000175048,black
ENSG00000175854,black
ENSG00000176142,black
ENSG00000176422,black
ENSG00000177613,black
ENSG00000185262,black
ENSG00000196739,black
ENSG00000197343,black
ENSG00000198466,black
ENSG00000198742,black
ENSG00000203791,black
ENSG00000237887,black
ENSG00000243199,black
ENSG00000016864,black
ENSG00000026297,black
ENSG00000042493,black
ENSG00000054148,black
ENSG00000054965,black
ENSG00000068079,black
ENSG00000073060,black
ENSG00000078237,black
ENSG00000080546,black
ENSG00000081087,black
ENSG00000084774,black
ENSG00000086015,black
ENSG00000100284,black
ENSG00000101019,black
ENSG00000101457,black
ENSG00000101752,black
ENSG00000102760,black
ENSG00000105364,black
ENSG00000108395,black
ENSG00000109452,black
ENSG00000112242,black
ENSG00000113615,black
ENSG00000115239,black
ENSG00000115392,black
ENSG00000117054,black
ENSG00000117153,black
ENSG00000117408,black
ENSG00000119537,black
ENSG00000120137,black
ENSG00000120837,black
ENSG00000132423,black
ENSG00000138074,black
ENSG00000140941,black
ENSG00000141428,black
ENSG00000146085,black
ENSG00000146830,black
ENSG00000147044,black
ENSG00000147400,black
ENSG00000149792,black
ENSG00000155252,black
ENSG00000156531,black
ENSG00000156671,black
ENSG00000156973,black
ENSG00000158019,black
ENSG00000159267,black
ENSG00000160218,black
ENSG00000162631,black
ENSG00000163104,black
ENSG00000165914,black
ENSG00000166352,black
ENSG00000166478,black
ENSG00000167524,black
ENSG00000168916,black
ENSG00000170473,black
ENSG00000171161,black
ENSG00000177189,black
ENSG00000182979,black
ENSG00000186908,black
ENSG00000188177,black
ENSG00000206195,black
ENSG00000244038,black
ENSG00000247626,black
ENSG00000256235,black
ENSG00000291136,black
ENSG00000293115,black
ENSG00000065559,black
ENSG00000085185,black
ENSG00000087338,black
ENSG00000100441,black
ENSG00000100625,black
ENSG00000101365,black
ENSG00000105705,black
ENSG00000106571,black
ENSG00000107874,black
ENSG00000112200,black
ENSG00000114395,black
ENSG00000117597,black
ENSG00000118007,black
ENSG00000119333,black
ENSG00000119723,black
ENSG00000120029,black
ENSG00000120798,black
ENSG00000124802,black
ENSG00000125430,black
ENSG00000132155,black
ENSG00000132294,black
ENSG00000135632,black
ENSG00000135974,black
ENSG00000137692,black
ENSG00000137752,black
ENSG00000137814,black
ENSG00000143515,black
ENSG00000144401,black
ENSG00000145216,black
ENSG00000145354,black
ENSG00000153029,black
ENSG00000155090,black
ENSG00000156103,black
ENSG00000160221,black
ENSG00000160570,black
ENSG00000163807,black
ENSG00000164338,black
ENSG00000164379,black
ENSG00000165689,black
ENSG00000166311,black
ENSG00000170852,black
ENSG00000173064,black
ENSG00000173193,black
ENSG00000173588,black
ENSG00000174173,black
ENSG00000175183,black
ENSG00000176438,black
ENSG00000176894,black
ENSG00000179115,black
ENSG00000197062,black
ENSG00000198783,black
ENSG00000214413,black
ENSG00000232593,black
ENSG00000292997,black
ENSG00000293084,black
ENSG00000004864,black
ENSG00000011295,black
ENSG00000085832,black
ENSG00000090776,black
ENSG00000106638,black
ENSG00000109501,black
ENSG00000111859,black
ENSG00000113971,black
ENSG00000116898,black
ENSG00000118454,black
ENSG00000119661,black
ENSG00000119685,black
ENSG00000120690,black
ENSG00000121542,black
ENSG00000122335,black
ENSG00000123146,black
ENSG00000129472,black
ENSG00000130818,black
ENSG00000137364,black
ENSG00000138231,black
ENSG00000138448,black
ENSG00000139826,black
ENSG00000140386,black
ENSG00000140511,dimgrey
ENSG00000141378,black
ENSG00000141480,black
ENSG00000142197,black
ENSG00000151135,black
ENSG00000152219,black
ENSG00000152620,black
ENSG00000154059,black
ENSG00000156239,black
ENSG00000160539,black
ENSG00000164219,black
ENSG00000167378,black
ENSG00000168434,black
ENSG00000169635,black
ENSG00000174606,black
ENSG00000176209,black
ENSG00000181938,black
ENSG00000182473,black
ENSG00000183828,black
ENSG00000184497,black
ENSG00000185414,black
ENSG00000210184,black
ENSG00000231609,black
ENSG00000232119,black
ENSG00000233527,black
ENSG00000237190,black
ENSG00000243477,black
ENSG00000269343,black
ENSG00000270916,black
ENSG00000271643,black
ENSG00000009780,black
ENSG00000010072,black
ENSG00000058056,black
ENSG00000063601,black
ENSG00000068137,black
ENSG00000080561,black
ENSG00000084092,black
ENSG00000101464,black
ENSG00000102763,black
ENSG00000103042,black
ENSG00000103540,black
ENSG00000115020,black
ENSG00000117335,black
ENSG00000119906,black
ENSG00000119950,black
ENSG00000124641,black
ENSG00000129518,black
ENSG00000133935,black
ENSG00000134744,black
ENSG00000136492,black
ENSG00000136840,dimgrey
ENSG00000137819,black
ENSG00000138356,black
ENSG00000147912,black
ENSG00000155893,black
ENSG00000159921,black
ENSG00000162735,black
ENSG00000164237,black
ENSG00000167114,black
ENSG00000167994,black
ENSG00000169957,black
ENSG00000170396,black
ENSG00000176692,black
ENSG00000176771,black
ENSG00000177542,black
ENSG00000179021,black
ENSG00000180346,black
ENSG00000181191,dimgrey
ENSG00000186834,black
ENSG00000187790,black
ENSG00000196368,black
ENSG00000197296,black
ENSG00000197989,black
ENSG00000213445,black
ENSG00000244486,black
ENSG00000262185,black
ENSG00000279159,black
ENSG00000293050,black
ENSG00000011132,black
ENSG00000018510,black
ENSG00000057657,black
ENSG00000060982,black
ENSG00000066422,black
ENSG00000068097,black
ENSG00000107821,black
ENSG00000108239,black
ENSG00000113163,black
ENSG00000114388,black
ENSG00000116455,black
ENSG00000116793,black
ENSG00000117602,black
ENSG00000120063,black
ENSG00000120253,black
ENSG00000120860,black
ENSG00000121297,black
ENSG00000126461,black
ENSG00000128908,black
ENSG00000131269,black
ENSG00000132357,black
ENSG00000132478,black
ENSG00000132639,black
ENSG00000132953,dimgrey
ENSG00000144559,black
ENSG00000148943,black
ENSG00000150764,black
ENSG00000155016,black
ENSG00000160688,black
ENSG00000162076,black
ENSG00000163607,black
ENSG00000166266,black
ENSG00000166398,black
ENSG00000168884,black
ENSG00000172164,black
ENSG00000172262,black
ENSG00000175040,black
ENSG00000176018,black
ENSG00000180488,black
ENSG00000184371,black
ENSG00000185760,black
ENSG00000196754,black
ENSG00000197124,black
ENSG00000198315,black
ENSG00000198768,black
ENSG00000214944,black
ENSG00000237765,black
ENSG00000248275,black
ENSG00000279207,black
ENSG00000051382,black
ENSG00000067064,black
ENSG00000072422,black
ENSG00000089902,black
ENSG00000090263,black
ENSG00000099219,black
ENSG00000101246,black
ENSG00000103047,black
ENSG00000103415,black
ENSG00000104884,black
ENSG00000112167,black
ENSG00000121039,black
ENSG00000123575,black
ENSG00000123600,black
ENSG00000127022,black
ENSG00000130813,black
ENSG00000132561,black
ENSG00000134255,black
ENSG00000134470,black
ENSG00000136147,black
ENSG00000139323,black
ENSG00000144306,black
ENSG00000144655,black
ENSG00000150712,dimgrey
ENSG00000155868,black
ENSG00000160199,black
ENSG00000161800,black
ENSG00000162139,black
ENSG00000162819,black
ENSG00000163444,black
ENSG00000164088,dimgrey
ENSG00000167272,black
ENSG00000167566,black
ENSG00000167977,black
ENSG00000168056,black
ENSG00000168101,black
ENSG00000169188,black
ENSG00000170310,black
ENSG00000172890,black
ENSG00000175575,black
ENSG00000176102,black
ENSG00000182916,black
ENSG00000185189,black
ENSG00000196365,black
ENSG00000197223,black
ENSG00000197771,black
ENSG00000198171,black
ENSG00000205683,black
ENSG00000232931,black
ENSG00000234608,black
ENSG00000235508,black
ENSG00000241990,black
ENSG00000254004,black
ENSG00000255248,black
ENSG00000258289,black
ENSG00000289443,black
ENSG00000290923,black
ENSG00000291106,black
ENSG00000291207,black
ENSG00000066455,black
ENSG00000080189,black
ENSG00000084072,black
ENSG00000085871,dimgrey
ENSG00000087053,black
ENSG00000092531,black
ENSG00000095066,black
ENSG00000100083,black
ENSG00000103657,black
ENSG00000104320,black
ENSG00000104679,black
ENSG00000104691,black
ENSG00000108306,black
ENSG00000110074,black
ENSG00000115866,black
ENSG00000116213,black
ENSG00000116273,black
ENSG00000120662,black
ENSG00000124588,black
ENSG00000128512,black
ENSG00000132763,black
ENSG00000133997,black
ENSG00000135945,black
ENSG00000137522,black
ENSG00000142856,black
ENSG00000143514,black
ENSG00000143553,black
ENSG00000144233,black
ENSG00000144589,black
ENSG00000147421,black
ENSG00000154265,black
ENSG00000156858,black
ENSG00000157077,black
ENSG00000159131,black
ENSG00000160392,black
ENSG00000162772,black
ENSG00000163814,black
ENSG00000166289,dimgrey
ENSG00000172840,black
ENSG00000174238,black
ENSG00000175387,black
ENSG00000182247,black
ENSG00000197557,black
ENSG00000197646,black
ENSG00000204054,black
ENSG00000204147,black
ENSG00000247828,black
ENSG00000262919,black
ENSG00000007341,black
ENSG00000043143,black
ENSG00000054654,black
ENSG00000055208,black
ENSG00000059769,black
ENSG00000063241,black
ENSG00000071243,black
ENSG00000071894,black
ENSG00000090975,black
ENSG00000095485,black
ENSG00000101126,black
ENSG00000101311,black
ENSG00000101493,black
ENSG00000101844,black
ENSG00000102871,black
ENSG00000102901,black
ENSG00000103066,black
ENSG00000106049,black
ENSG00000107185,black
ENSG00000107338,black
ENSG00000109458,black
ENSG00000110514,black
ENSG00000110619,black
ENSG00000112578,dimgrey
ENSG00000112679,black
ENSG00000116128,black
ENSG00000117461,black
ENSG00000118922,black
ENSG00000119760,black
ENSG00000123104,black
ENSG00000126562,black
ENSG00000132603,black
ENSG00000132604,black
ENSG00000137502,black
ENSG00000138399,black
ENSG00000138794,black
ENSG00000139132,black
ENSG00000140044,black
ENSG00000140320,black
ENSG00000140396,black
ENSG00000140740,black
ENSG00000143033,black
ENSG00000143190,black
ENSG00000143633,black
ENSG00000155313,black
ENSG00000161551,black
ENSG00000162521,black
ENSG00000162729,black
ENSG00000163930,black
ENSG00000167461,black
ENSG00000168679,black
ENSG00000169155,black
ENSG00000169306,black
ENSG00000173992,black
ENSG00000174132,black
ENSG00000176124,black
ENSG00000178860,black
ENSG00000180008,black
ENSG00000180354,black
ENSG00000181220,black
ENSG00000184992,black
ENSG00000196961,black
ENSG00000197050,black
ENSG00000197785,black
ENSG00000212978,black
ENSG00000226742,black
ENSG00000240849,black
ENSG00000241945,black
ENSG00000248487,black
ENSG00000250471,black
ENSG00000250786,black
ENSG00000255198,black
ENSG00000272031,black
ENSG00000279821,black
ENSG00000288066,black
ENSG00000029639,black
ENSG00000037757,black
ENSG00000047315,black
ENSG00000065833,black
ENSG00000075711,black
ENSG00000100226,black
ENSG00000101134,black
ENSG00000101347,black
ENSG00000102007,black
ENSG00000104312,black
ENSG00000106070,black
ENSG00000106245,black
ENSG00000112367,black
ENSG00000120697,black
ENSG00000125447,black
ENSG00000130299,black
ENSG00000131323,black
ENSG00000134901,black
ENSG00000135709,black
ENSG00000136940,black
ENSG00000137821,black
ENSG00000137824,black
ENSG00000141446,black
ENSG00000143369,black
ENSG00000144034,black
ENSG00000145348,black
ENSG00000157193,black
ENSG00000157827,black
ENSG00000157895,black
ENSG00000158402,black
ENSG00000161980,black
ENSG00000163138,black
ENSG00000164220,black
ENSG00000164815,black
ENSG00000165209,black
ENSG00000166275,black
ENSG00000169609,black
ENSG00000170445,black
ENSG00000171763,black
ENSG00000173264,black
ENSG00000176623,black
ENSG00000180806,black
ENSG00000183354,black
ENSG00000183691,black
ENSG00000186130,black
ENSG00000186185,black
ENSG00000188158,black
ENSG00000197302,black
ENSG00000197417,black
ENSG00000197548,black
ENSG00000197860,black
ENSG00000198835,black
ENSG00000203880,black
ENSG00000215251,black
ENSG00000215305,black
ENSG00000226499,black
ENSG00000226824,black
ENSG00000259642,black
ENSG00000261801,black
ENSG00000279078,black
ENSG00000289384,black
ENSG00000004777,black
ENSG00000011376,black
ENSG00000028277,black
ENSG00000033627,black
ENSG00000047346,black
ENSG00000064545,dimgrey
ENSG00000065615,black
ENSG00000076356,black
ENSG00000100478,black
ENSG00000105429,black
ENSG00000105676,black
ENSG00000105784,black
ENSG00000105889,black
ENSG00000105926,black
ENSG00000107404,black
ENSG00000110876,dimgrey
ENSG00000112144,black
ENSG00000120334,black
ENSG00000121057,black
ENSG00000121741,black
ENSG00000122390,black
ENSG00000123607,black
ENSG00000124181,black
ENSG00000125144,black
ENSG00000125388,black
ENSG00000125630,black
ENSG00000128567,black
ENSG00000128928,black
ENSG00000132740,black
ENSG00000135480,black
ENSG00000136933,black
ENSG00000137720,black
ENSG00000138771,black
ENSG00000138785,black
ENSG00000138829,black
ENSG00000142655,black
ENSG00000150457,black
ENSG00000151892,black
ENSG00000152422,black
ENSG00000152990,black
ENSG00000155099,black
ENSG00000159256,black
ENSG00000159685,black
ENSG00000160783,black
ENSG00000162409,black
ENSG00000162585,black
ENSG00000163719,black
ENSG00000167074,black
ENSG00000168237,black
ENSG00000170871,black
ENSG00000172869,black
ENSG00000173848,black
ENSG00000175806,black
ENSG00000176624,black
ENSG00000181027,black
ENSG00000181894,black
ENSG00000182310,dimgrey
ENSG00000183475,black
ENSG00000188153,black
ENSG00000196465,black
ENSG00000206190,black
ENSG00000240065,black
ENSG00000273218,black
ENSG00000280088,black
ENSG00000290746,black
ENSG00000291100,black
ENSG00000293176,black
ENSG00000293235,black
ENSG00000001167,black
ENSG00000006607,black
ENSG00000010704,black
ENSG00000039068,black
ENSG00000063854,black
ENSG00000068354,black
ENSG00000089225,black
ENSG00000095015,black
ENSG00000102312,black
ENSG00000102786,black
ENSG00000105726,black
ENSG00000106993,black
ENSG00000107371,black
ENSG00000112592,black
ENSG00000113391,black
ENSG00000115520,black
ENSG00000116285,black
ENSG00000119711,black
ENSG00000122692,black
ENSG00000124608,black
ENSG00000130921,black
ENSG00000131386,black
ENSG00000134262,black
ENSG00000134874,black
ENSG00000137221,black
ENSG00000138050,black
ENSG00000149179,black
ENSG00000149930,black
ENSG00000161202,black
ENSG00000163875,black
ENSG00000166938,black
ENSG00000168564,black
ENSG00000169241,black
ENSG00000169255,black
ENSG00000171492,black
ENSG00000172985,black
ENSG00000173214,black
ENSG00000173218,black
ENSG00000175287,black
ENSG00000180155,black
ENSG00000182141,black
ENSG00000183155,black
ENSG00000197093,black
ENSG00000197162,black
ENSG00000197635,black
ENSG00000198836,black
ENSG00000198855,black
ENSG00000198865,black
ENSG00000204237,black
ENSG00000205765,black
ENSG00000211450,black
ENSG00000231607,black
ENSG00000232333,black
ENSG00000262879,black
ENSG00000273456,black
ENSG00000010539,black
ENSG00000012660,black
ENSG00000034693,black
ENSG00000042088,black
ENSG00000065526,black
ENSG00000066084,black
ENSG00000067715,black
ENSG00000073331,black
ENSG00000075089,black
ENSG00000075568,black
ENSG00000076053,black
ENSG00000083544,black
ENSG00000085274,black
ENSG00000096717,black
ENSG00000100412,black
ENSG00000100580,black
ENSG00000101546,black
ENSG00000101577,black
ENSG00000102103,black
ENSG00000105373,black
ENSG00000105983,black
ENSG00000110042,black
ENSG00000110711,black
ENSG00000112234,black
ENSG00000112365,black
ENSG00000119772,black
ENSG00000119900,black
ENSG00000122643,black
ENSG00000124313,black
ENSG00000130024,black
ENSG00000132275,black
ENSG00000133424,black
ENSG00000135916,black
ENSG00000136274,black
ENSG00000140455,black
ENSG00000142459,black
ENSG00000142892,black
ENSG00000143669,black
ENSG00000149256,black
ENSG00000156787,black
ENSG00000160972,black
ENSG00000162722,black
ENSG00000166073,black
ENSG00000166439,black
ENSG00000166783,black
ENSG00000167333,black
ENSG00000167842,black
ENSG00000168256,black
ENSG00000175938,dimgrey
ENSG00000176485,black
ENSG00000181381,black
ENSG00000183718,black
ENSG00000185753,black
ENSG00000185800,black
ENSG00000186010,black
ENSG00000196159,black
ENSG00000196440,black
ENSG00000197024,black
ENSG00000197928,black
ENSG00000211445,black
ENSG00000213123,black
ENSG00000213390,black
ENSG00000215114,black
ENSG00000246859,black
ENSG00000254685,black
ENSG00000258405,black
ENSG00000291122,black
ENSG00000006638,black
ENSG00000013016,black
ENSG00000050628,black
ENSG00000079616,black
ENSG00000083454,black
ENSG00000086289,black
ENSG00000100558,black
ENSG00000101460,black
ENSG00000107651,black
ENSG00000108559,black
ENSG00000119328,black
ENSG00000125741,black
ENSG00000132329,black
ENSG00000137413,black
ENSG00000143952,black
ENSG00000147251,black
ENSG00000151553,black
ENSG00000153879,black
ENSG00000154188,black
ENSG00000156232,black
ENSG00000157349,black
ENSG00000163626,black
ENSG00000166900,black
ENSG00000167113,black
ENSG00000168887,black
ENSG00000169057,black
ENSG00000173085,black
ENSG00000173327,black
ENSG00000174744,black
ENSG00000175061,black
ENSG00000175893,black
ENSG00000176715,black
ENSG00000177058,black
ENSG00000180628,black
ENSG00000184254,black
ENSG00000186501,black
ENSG00000187189,black
ENSG00000187210,black
ENSG00000189369,black
ENSG00000197961,black
ENSG00000198513,black
ENSG00000232346,black
ENSG00000241058,black
ENSG00000290644,dimgrey
ENSG00000291153,black
ENSG00000293311,black
ENSG00000003096,black
ENSG00000006757,black
ENSG00000012048,black
ENSG00000021574,black
ENSG00000026652,black
ENSG00000052126,black
ENSG00000076248,black
ENSG00000081721,black
ENSG00000089682,black
ENSG00000094880,black
ENSG00000100916,black
ENSG00000119522,black
ENSG00000119673,black
ENSG00000119782,black
ENSG00000119986,black
ENSG00000120820,black
ENSG00000128016,black
ENSG00000129691,black
ENSG00000132436,black
ENSG00000137449,black
ENSG00000142627,black
ENSG00000154310,black
ENSG00000155304,black
ENSG00000157823,black
ENSG00000160584,black
ENSG00000164366,black
ENSG00000165118,black
ENSG00000165272,black
ENSG00000165650,black
ENSG00000167302,black
ENSG00000168014,black
ENSG00000169379,black
ENSG00000171467,black
ENSG00000172530,black
ENSG00000173641,black
ENSG00000173960,black
ENSG00000174371,black
ENSG00000174579,black
ENSG00000174989,black
ENSG00000176170,black
ENSG00000176182,black
ENSG00000177731,black
ENSG00000178921,black
ENSG00000179912,black
ENSG00000181555,black
ENSG00000186625,black
ENSG00000197852,black
ENSG00000198482,black
ENSG00000198715,black
ENSG00000204520,black
ENSG00000229809,black
ENSG00000233016,black
ENSG00000235437,black
ENSG00000235531,black
ENSG00000260367,black
ENSG00000272330,black
ENSG00000279789,black
ENSG00000014164,black
ENSG00000020256,black
ENSG00000069667,black
ENSG00000088727,black
ENSG00000090061,dimgrey
ENSG00000100154,black
ENSG00000101191,black
ENSG00000101310,black
ENSG00000101417,black
ENSG00000101574,black
ENSG00000103199,black
ENSG00000104763,black
ENSG00000105135,black
ENSG00000106692,black
ENSG00000109189,black
ENSG00000115486,black
ENSG00000117280,black
ENSG00000117569,black
ENSG00000120526,black
ENSG00000121350,black
ENSG00000130695,black
ENSG00000131725,black
ENSG00000134056,black
ENSG00000134686,black
ENSG00000135164,black
ENSG00000136997,black
ENSG00000137770,black
ENSG00000143162,black
ENSG00000144583,black
ENSG00000144840,black
ENSG00000145990,black
ENSG00000146592,black
ENSG00000147099,black
ENSG00000148218,black
ENSG00000150540,black
ENSG00000152464,black
ENSG00000157741,black
ENSG00000160712,black
ENSG00000161981,black
ENSG00000163156,black
ENSG00000164211,black
ENSG00000164494,black
ENSG00000166548,black
ENSG00000167815,black
ENSG00000168818,black
ENSG00000169857,black
ENSG00000171320,black
ENSG00000172766,black
ENSG00000172943,black
ENSG00000174227,black
ENSG00000181544,black
ENSG00000184260,black
ENSG00000187180,black
ENSG00000187713,black
ENSG00000205155,black
ENSG00000213020,black
ENSG00000213516,black
ENSG00000214114,black
ENSG00000214655,dimgrey
ENSG00000227525,black
ENSG00000262265,black
ENSG00000269888,black
ENSG00000270504,black
ENSG00000284024,black
ENSG00000288982,black
ENSG00000291203,black
ENSG00000032742,black
ENSG00000070501,black
ENSG00000072163,black
ENSG00000073578,black
ENSG00000082701,black
ENSG00000085733,black
ENSG00000089818,black
ENSG00000107779,black
ENSG00000108187,black
ENSG00000110921,black
ENSG00000113108,black
ENSG00000120709,black
ENSG00000121361,black
ENSG00000123595,black
ENSG00000132122,black
ENSG00000134259,black
ENSG00000134815,black
ENSG00000137075,black
ENSG00000137312,black
ENSG00000142784,black
ENSG00000145391,black
ENSG00000145687,black
ENSG00000145912,black
ENSG00000146828,dimgrey
ENSG00000148835,black
ENSG00000150636,black
ENSG00000153558,black
ENSG00000155508,black
ENSG00000158480,black
ENSG00000161813,black
ENSG00000163520,black
ENSG00000166532,black
ENSG00000167112,black
ENSG00000169919,black
ENSG00000171310,black
ENSG00000171503,black
ENSG00000172456,black
ENSG00000174775,black
ENSG00000177383,black
ENSG00000179922,dimgrey
ENSG00000180979,black
ENSG00000181852,black
ENSG00000183340,black
ENSG00000183853,black
ENSG00000184162,black
ENSG00000186866,black
ENSG00000196187,dimgrey
ENSG00000197586,black
ENSG00000198018,black
ENSG00000198440,black
ENSG00000198799,black
ENSG00000198964,black
ENSG00000202078,black
ENSG00000204272,black
ENSG00000213337,black
ENSG00000213621,black
ENSG00000233461,black
ENSG00000240386,black
ENSG00000251022,black
ENSG00000255399,black
ENSG00000275066,black
ENSG00000285867,black
ENSG00000289520,black
ENSG00000007541,black
ENSG00000060688,black
ENSG00000060762,black
ENSG00000077150,black
ENSG00000077420,black
ENSG00000084764,black
ENSG00000091009,black
ENSG00000100099,black
ENSG00000100360,black
ENSG00000100425,black
ENSG00000100485,black
ENSG00000100612,black
ENSG00000104361,black
ENSG00000105426,black
ENSG00000105723,black
ENSG00000105732,black
ENSG00000106524,black
ENSG00000108511,black
ENSG00000110328,black
ENSG00000110435,black
ENSG00000113812,black
ENSG00000118369,black
ENSG00000119927,black
ENSG00000120832,black
ENSG00000122778,black
ENSG00000124615,black
ENSG00000125629,black
ENSG00000129219,black
ENSG00000131503,black
ENSG00000134490,black
ENSG00000134824,black
ENSG00000136478,black
ENSG00000137992,black
ENSG00000141642,black
ENSG00000143179,black
ENSG00000143751,black
ENSG00000152049,black
ENSG00000156052,black
ENSG00000157426,black
ENSG00000158985,black
ENSG00000160633,black
ENSG00000161791,black
ENSG00000162595,black
ENSG00000163346,black
ENSG00000167034,black
ENSG00000168803,black
ENSG00000169372,black
ENSG00000170421,black
ENSG00000175309,black
ENSG00000179409,black
ENSG00000181007,black
ENSG00000182985,black
ENSG00000186132,black
ENSG00000186665,black
ENSG00000198130,black
ENSG00000198131,black
ENSG00000198814,black
ENSG00000198824,black
ENSG00000198825,black
ENSG00000225558,black
ENSG00000229358,black
ENSG00000237938,dimgrey
ENSG00000256268,black
ENSG00000267809,black
ENSG00000279133,black
ENSG00000285437,black
ENSG00000291093,black
ENSG00000068028,black
ENSG00000068305,black
ENSG00000071889,black
ENSG00000075914,black
ENSG00000077348,black
ENSG00000080200,black
ENSG00000095794,black
ENSG00000103091,black
ENSG00000104343,black
ENSG00000104381,black
ENSG00000105700,black
ENSG00000106397,black
ENSG00000108840,black
ENSG00000109079,black
ENSG00000109320,black
ENSG00000115568,black
ENSG00000116266,black
ENSG00000123415,black
ENSG00000124782,black
ENSG00000126804,black
ENSG00000128607,black
ENSG00000129347,black
ENSG00000130810,black
ENSG00000139405,black
ENSG00000144560,dimgrey
ENSG00000145779,black
ENSG00000146278,black
ENSG00000146410,black
ENSG00000149782,black
ENSG00000153721,black
ENSG00000154928,black
ENSG00000157450,black
ENSG00000162086,black
ENSG00000162222,black
ENSG00000162601,black
ENSG00000164743,black
ENSG00000165802,black
ENSG00000166881,black
ENSG00000168395,black
ENSG00000168575,black
ENSG00000169252,black
ENSG00000169299,black
ENSG00000172339,black
ENSG00000176731,black
ENSG00000178449,black
ENSG00000179029,black
ENSG00000179387,black
ENSG00000184677,black
ENSG00000185298,black
ENSG00000196214,black
ENSG00000196227,black
ENSG00000196233,black
ENSG00000196584,black
ENSG00000198837,black
ENSG00000213672,black
ENSG00000214022,black
ENSG00000224531,black
ENSG00000244485,black
ENSG00000275764,black
ENSG00000278053,black
ENSG00000008086,black
ENSG00000008405,black
ENSG00000010165,black
ENSG00000018189,black
ENSG00000037042,black
ENSG00000042429,black
ENSG00000051825,black
ENSG00000064999,black
ENSG00000068120,black
ENSG00000069974,black
ENSG00000072135,black
ENSG00000079134,black
ENSG00000091844,black
ENSG00000099860,black
ENSG00000100744,black
ENSG00000102893,black
ENSG00000108443,black
ENSG00000109321,black
ENSG00000109775,black
ENSG00000115457,dimgrey
ENSG00000116157,black
ENSG00000117360,black
ENSG00000118707,black
ENSG00000119574,black
ENSG00000122483,black
ENSG00000125652,black
ENSG00000132640,black
ENSG00000132964,black
ENSG00000134758,black
ENSG00000138193,black
ENSG00000141574,black
ENSG00000143147,black
ENSG00000145331,black
ENSG00000146054,black
ENSG00000147119,black
ENSG00000147592,black
ENSG00000147654,black
ENSG00000150593,black
ENSG00000153132,black
ENSG00000154237,black
ENSG00000155034,black
ENSG00000156931,black
ENSG00000159069,black
ENSG00000163867,black
ENSG00000166133,black
ENSG00000167695,black
ENSG00000168556,black
ENSG00000171943,black
ENSG00000174373,black
ENSG00000175395,black
ENSG00000176971,black
ENSG00000180891,black
ENSG00000185219,black
ENSG00000185652,black
ENSG00000197530,black
ENSG00000198373,black
ENSG00000204922,black
ENSG00000205978,black
ENSG00000206503,black
ENSG00000214013,black
ENSG00000214293,black
ENSG00000224660,black
ENSG00000230417,black
ENSG00000248318,black
ENSG00000253846,black
ENSG00000267470,black
ENSG00000289437,black
ENSG00000003509,black
ENSG00000005882,black
ENSG00000027001,black
ENSG00000046647,black
ENSG00000064601,black
ENSG00000073536,black
ENSG00000090372,black
ENSG00000094631,black
ENSG00000102078,black
ENSG00000102466,black
ENSG00000105321,black
ENSG00000105520,black
ENSG00000107672,black
ENSG00000109466,black
ENSG00000110497,black
ENSG00000111445,black
ENSG00000114331,black
ENSG00000115539,black
ENSG00000118600,black
ENSG00000119599,black
ENSG00000130038,black
ENSG00000130590,black
ENSG00000131381,black
ENSG00000133983,black
ENSG00000135297,black
ENSG00000137200,black
ENSG00000138190,black
ENSG00000139173,black
ENSG00000142669,black
ENSG00000148120,black
ENSG00000149428,black
ENSG00000150961,black
ENSG00000156502,black
ENSG00000157766,dimgrey
ENSG00000158850,black
ENSG00000160446,black
ENSG00000164331,black
ENSG00000165240,black
ENSG00000166140,black
ENSG00000170365,black
ENSG00000170846,black
ENSG00000170989,black
ENSG00000171016,black
ENSG00000172171,black
ENSG00000175354,black
ENSG00000176542,black
ENSG00000177854,black
ENSG00000178694,black
ENSG00000183665,black
ENSG00000185085,black
ENSG00000187097,black
ENSG00000188227,black
ENSG00000188785,black
ENSG00000189056,black
ENSG00000196476,black
ENSG00000198324,black
ENSG00000198522,black
ENSG00000198795,black
ENSG00000204514,black
ENSG00000204677,black
ENSG00000210144,black
ENSG00000212719,black
ENSG00000213186,black
ENSG00000215068,black
ENSG00000223745,black
ENSG00000226049,black
ENSG00000240695,black
ENSG00000252759,black
ENSG00000256060,black
ENSG00000260279,black
ENSG00000273247,black
ENSG00000278129,black
ENSG00000288899,black
ENSG00000289942,black
ENSG00000291154,black
ENSG00000031081,black
ENSG00000044090,black
ENSG00000060656,black
ENSG00000067829,black
ENSG00000083097,black
ENSG00000088179,black
ENSG00000090273,black
ENSG00000096070,black
ENSG00000104047,black
ENSG00000104064,black
ENSG00000104870,black
ENSG00000107249,black
ENSG00000113595,black
ENSG00000115966,black
ENSG00000118246,black
ENSG00000120458,black
ENSG00000121931,black
ENSG00000123179,black
ENSG00000124279,black
ENSG00000126746,black
ENSG00000129473,black
ENSG00000133805,black
ENSG00000134243,black
ENSG00000137507,black
ENSG00000138604,black
ENSG00000138744,black
ENSG00000139350,black
ENSG00000143367,black
ENSG00000143379,black
ENSG00000143919,dimgrey
ENSG00000145246,black
ENSG00000145375,black
ENSG00000145780,black
ENSG00000148057,black
ENSG00000149548,black
ENSG00000149679,black
ENSG00000154134,black
ENSG00000155158,black
ENSG00000161956,black
ENSG00000163866,black
ENSG00000164086,black
ENSG00000171953,black
ENSG00000173801,black
ENSG00000173950,black
ENSG00000174106,black
ENSG00000176783,black
ENSG00000179832,black
ENSG00000180035,black
ENSG00000180098,black
ENSG00000180329,black
ENSG00000181666,black
ENSG00000184117,black
ENSG00000187118,black
ENSG00000188818,black
ENSG00000196456,black
ENSG00000205208,black
ENSG00000205336,black
ENSG00000231924,black
ENSG00000240342,black
ENSG00000253833,black
ENSG00000255112,black
ENSG00000267383,black
ENSG00000272335,black
ENSG00000276600,black
ENSG00000291067,black
ENSG00000006025,dimgrey
ENSG00000006756,black
ENSG00000034677,black
ENSG00000059691,black
ENSG00000066629,black
ENSG00000067445,black
ENSG00000073050,black
ENSG00000074527,black
ENSG00000079277,black
ENSG00000087266,black
ENSG00000104946,black
ENSG00000105854,black
ENSG00000106089,black
ENSG00000113734,black
ENSG00000114767,black
ENSG00000117155,black
ENSG00000117385,black
ENSG00000118961,black
ENSG00000119285,black
ENSG00000123685,black
ENSG00000125962,black
ENSG00000127863,black
ENSG00000132906,black
ENSG00000133107,black
ENSG00000137338,black
ENSG00000139117,black
ENSG00000141098,black
ENSG00000141682,black
ENSG00000141873,black
ENSG00000143622,black
ENSG00000148400,black
ENSG00000156697,black
ENSG00000156804,black
ENSG00000157184,black
ENSG00000159217,black
ENSG00000163320,black
ENSG00000163913,black
ENSG00000164949,black
ENSG00000167595,black
ENSG00000168813,black
ENSG00000170832,black
ENSG00000172986,black
ENSG00000176171,black
ENSG00000178802,black
ENSG00000178927,black
ENSG00000179094,dimgrey
ENSG00000183621,black
ENSG00000185024,dimgrey
ENSG00000185338,black
ENSG00000185386,black
ENSG00000186260,black
ENSG00000187325,black
ENSG00000196878,black
ENSG00000198157,black
ENSG00000198722,black
ENSG00000214941,black
ENSG00000215012,black
ENSG00000218739,black
ENSG00000220130,black
ENSG00000221990,black
ENSG00000235904,black
ENSG00000239719,black
ENSG00000240857,black
ENSG00000242498,black
ENSG00000245275,black
ENSG00000250565,black
ENSG00000260910,black
ENSG00000261227,black
ENSG00000272695,black
ENSG00000064666,black
ENSG00000075391,black
ENSG00000077458,black
ENSG00000085433,black
ENSG00000085872,black
ENSG00000093009,black
ENSG00000100532,black
ENSG00000102738,black
ENSG00000103260,black
ENSG00000103852,black
ENSG00000103995,black
ENSG00000106617,black
ENSG00000107951,black
ENSG00000108829,black
ENSG00000111364,black
ENSG00000111647,black
ENSG00000112297,black
ENSG00000117222,black
ENSG00000119231,black
ENSG00000119912,black
ENSG00000130720,black
ENSG00000131080,black
ENSG00000131759,black
ENSG00000135482,black
ENSG00000135776,black
ENSG00000136531,black
ENSG00000136560,black
ENSG00000136875,black
ENSG00000137414,black
ENSG00000140332,black
ENSG00000141543,black
ENSG00000146263,black
ENSG00000146576,black
ENSG00000146670,black
ENSG00000147789,black
ENSG00000151151,black
ENSG00000151694,black
ENSG00000156162,black
ENSG00000158715,black
ENSG00000160062,black
ENSG00000162775,black
ENSG00000162894,black
ENSG00000163281,black
ENSG00000164151,black
ENSG00000165475,black
ENSG00000166592,black
ENSG00000167085,black
ENSG00000169251,black
ENSG00000170542,black
ENSG00000171150,black
ENSG00000173276,black
ENSG00000176055,black
ENSG00000181690,black
ENSG00000182518,black
ENSG00000188428,black
ENSG00000189046,black
ENSG00000197555,black
ENSG00000198429,black
ENSG00000203930,dimgrey
ENSG00000205423,black
ENSG00000225614,black
ENSG00000234546,black
ENSG00000235865,dimgrey
ENSG00000241644,black
ENSG00000250479,black
ENSG00000257167,black
ENSG00000257219,black
ENSG00000258056,black
ENSG00000261105,black
ENSG00000281183,black
ENSG00000282057,black
ENSG00000285756,black
ENSG00000288808,black
ENSG00000018699,black
ENSG00000047188,black
ENSG00000054967,black
ENSG00000088356,black
ENSG00000088826,black
ENSG00000100109,black
ENSG00000100321,black
ENSG00000102977,black
ENSG00000105223,black
ENSG00000105948,black
ENSG00000114779,black
ENSG00000116001,black
ENSG00000124067,black
ENSG00000124532,black
ENSG00000128294,black
ENSG00000128513,black
ENSG00000130713,black
ENSG00000135315,black
ENSG00000136631,black
ENSG00000137161,black
ENSG00000137273,black
ENSG00000138468,black
ENSG00000140263,black
ENSG00000140990,black
ENSG00000141736,black
ENSG00000143224,black
ENSG00000146063,black
ENSG00000147650,black
ENSG00000148225,black
ENSG00000149177,black
ENSG00000154305,black
ENSG00000155100,black
ENSG00000156273,black
ENSG00000156831,black
ENSG00000157404,black
ENSG00000157800,black
ENSG00000158234,black
ENSG00000158526,black
ENSG00000160294,black
ENSG00000160877,black
ENSG00000161677,black
ENSG00000163781,black
ENSG00000164654,black
ENSG00000165704,black
ENSG00000166619,black
ENSG00000167264,black
ENSG00000168310,black
ENSG00000171159,black
ENSG00000171222,black
ENSG00000171723,black
ENSG00000172071,black
ENSG00000173482,black
ENSG00000173926,black
ENSG00000175305,black
ENSG00000180182,black
ENSG00000182612,black
ENSG00000183077,black
ENSG00000185347,black
ENSG00000186073,black
ENSG00000189114,black
ENSG00000196263,black
ENSG00000197905,black
ENSG00000198680,black
ENSG00000213609,black
ENSG00000224973,dimgrey
ENSG00000227028,black
ENSG00000228988,dimgrey
ENSG00000249222,black
ENSG00000257337,black
ENSG00000267280,black
ENSG00000273382,black
ENSG00000276517,black
ENSG00000279738,black
ENSG00000293490,black
ENSG00000008130,black
ENSG00000020633,black
ENSG00000049883,black
ENSG00000064763,black
ENSG00000075945,black
ENSG00000078401,black
ENSG00000079387,black
ENSG00000082213,black
ENSG00000087095,black
ENSG00000100426,black
ENSG00000100523,black
ENSG00000101199,black
ENSG00000105258,dimgrey
ENSG00000110693,black
ENSG00000110811,black
ENSG00000113594,black
ENSG00000115525,black
ENSG00000116117,black
ENSG00000126091,black
ENSG00000126106,black
ENSG00000127054,black
ENSG00000130755,black
ENSG00000131943,black
ENSG00000134982,black
ENSG00000135597,black
ENSG00000135966,black
ENSG00000136518,black
ENSG00000137760,black
ENSG00000137871,black
ENSG00000138617,black
ENSG00000138834,black
ENSG00000139083,black
ENSG00000142409,black
ENSG00000147535,black
ENSG00000152382,black
ENSG00000156261,black
ENSG00000157985,black
ENSG00000158373,black
ENSG00000159388,black
ENSG00000159399,black
ENSG00000162645,black
ENSG00000162924,black
ENSG00000163517,black
ENSG00000164252,black
ENSG00000165006,black
ENSG00000166855,black
ENSG00000168389,black
ENSG00000169914,black
ENSG00000171130,black
ENSG00000171928,black
ENSG00000172493,black
ENSG00000174718,black
ENSG00000175104,black
ENSG00000175283,black
ENSG00000178202,black
ENSG00000180543,black
ENSG00000182742,black
ENSG00000184986,black
ENSG00000188641,black
ENSG00000196460,black
ENSG00000198951,black
ENSG00000203705,black
ENSG00000220370,black
ENSG00000225697,dimgrey
ENSG00000236467,black
ENSG00000237352,black
ENSG00000246695,black
ENSG00000253829,black
ENSG00000257354,black
ENSG00000263465,black
ENSG00000267575,black
ENSG00000291035,black
ENSG00000024862,black
ENSG00000054611,black
ENSG00000065057,black
ENSG00000068885,black
ENSG00000070610,black
ENSG00000073605,black
ENSG00000079482,black
ENSG00000086589,black
ENSG00000088387,black
ENSG00000089737,black
ENSG00000091656,black
ENSG00000099326,black
ENSG00000100577,black
ENSG00000104731,black
ENSG00000105483,black
ENSG00000106479,black
ENSG00000106537,black
ENSG00000106605,black
ENSG00000106688,black
ENSG00000107938,black
ENSG00000108666,black
ENSG00000111885,black
ENSG00000114030,black
ENSG00000126581,black
ENSG00000126883,black
ENSG00000128581,black
ENSG00000130669,black
ENSG00000130962,black
ENSG00000131196,black
ENSG00000131591,black
ENSG00000133027,black
ENSG00000136100,black
ENSG00000136169,black
ENSG00000136891,black
ENSG00000137103,dimgrey
ENSG00000138172,black
ENSG00000139726,black
ENSG00000143458,black
ENSG00000157214,black
ENSG00000157538,black
ENSG00000158941,black
ENSG00000163202,black
ENSG00000163788,black
ENSG00000165861,black
ENSG00000170634,black
ENSG00000171806,black
ENSG00000174446,black
ENSG00000177084,black
ENSG00000178467,black
ENSG00000179348,black
ENSG00000179526,black
ENSG00000185238,black
ENSG00000185504,black
ENSG00000187824,black
ENSG00000189298,black
ENSG00000205362,black
ENSG00000219665,black
ENSG00000230896,black
ENSG00000234444,black
ENSG00000235790,black
ENSG00000247679,black
ENSG00000250038,black
ENSG00000251493,black
ENSG00000259891,black
ENSG00000260257,black
ENSG00000263956,black
ENSG00000267041,black
ENSG00000268205,black
ENSG00000271605,black
ENSG00000280071,black
ENSG00000291131,black
ENSG00000293237,black
ENSG00000011143,black
ENSG00000040199,black
ENSG00000064199,black
ENSG00000074181,black
ENSG00000079931,black
ENSG00000103126,black
ENSG00000105671,black
ENSG00000105875,black
ENSG00000107669,black
ENSG00000109911,black
ENSG00000113716,black
ENSG00000115295,black
ENSG00000115364,black
ENSG00000116096,black
ENSG00000119414,black
ENSG00000119820,black
ENSG00000122008,black
ENSG00000126790,black
ENSG00000129925,black
ENSG00000131263,black
ENSG00000135441,black
ENSG00000135537,black
ENSG00000137825,black
ENSG00000143416,black
ENSG00000148481,black
ENSG00000149929,black
ENSG00000155085,black
ENSG00000155275,black
ENSG00000155903,black
ENSG00000157014,black
ENSG00000163818,black
ENSG00000165617,black
ENSG00000166123,black
ENSG00000167107,dimgrey
ENSG00000167549,black
ENSG00000167625,black
ENSG00000167775,dimgrey
ENSG00000168453,dimgrey
ENSG00000170456,black
ENSG00000171522,black
ENSG00000172061,black
ENSG00000172469,black
ENSG00000178028,black
ENSG00000179403,black
ENSG00000180902,black
ENSG00000182919,dimgrey
ENSG00000182957,black
ENSG00000187676,black
ENSG00000196951,black
ENSG00000197150,black
ENSG00000198911,black
ENSG00000204120,black
ENSG00000205639,black
ENSG00000228649,black
ENSG00000247675,black
ENSG00000276234,black
ENSG00000280789,black
ENSG00000285909,black
ENSG00000288838,black
ENSG00000289092,black
ENSG00000293313,black
ENSG00000293495,black
ENSG00000035115,black
ENSG00000051341,black
ENSG00000052841,black
ENSG00000074657,black
ENSG00000088035,black
ENSG00000090097,black
ENSG00000100228,black
ENSG00000102755,black
ENSG00000103707,black
ENSG00000104228,black
ENSG00000106258,black
ENSG00000109083,black
ENSG00000110203,dimgrey
ENSG00000111642,black
ENSG00000115687,black
ENSG00000115947,black
ENSG00000116095,black
ENSG00000118894,black
ENSG00000120318,black
ENSG00000122432,black
ENSG00000122971,dimgrey
ENSG00000125611,black
ENSG00000127720,black
ENSG00000129911,black
ENSG00000130707,black
ENSG00000130803,black
ENSG00000130844,black
ENSG00000136367,black
ENSG00000140403,black
ENSG00000140563,black
ENSG00000141052,black
ENSG00000141252,black
ENSG00000142528,black
ENSG00000143393,black
ENSG00000143842,black
ENSG00000146373,black
ENSG00000156170,black
ENSG00000157353,black
ENSG00000160256,black
ENSG00000161692,black
ENSG00000164934,black
ENSG00000165259,black
ENSG00000165995,black
ENSG00000166925,black
ENSG00000170946,black
ENSG00000171208,black
ENSG00000172331,black
ENSG00000172348,black
ENSG00000172531,black
ENSG00000174943,black
ENSG00000175352,black
ENSG00000175471,black
ENSG00000176928,black
ENSG00000179988,black
ENSG00000180667,black
ENSG00000182117,black
ENSG00000185418,black
ENSG00000185904,black
ENSG00000186314,black
ENSG00000188706,black
ENSG00000196850,black
ENSG00000197872,black
ENSG00000203709,black
ENSG00000204271,black
ENSG00000204463,black
ENSG00000204923,black
ENSG00000211455,black
ENSG00000225933,black
ENSG00000226328,black
ENSG00000239213,black
ENSG00000244625,black
ENSG00000250303,black
ENSG00000250742,black
ENSG00000258634,black
ENSG00000259463,black
ENSG00000260558,black
ENSG00000271590,black
ENSG00000291224,black
ENSG00000002919,black
ENSG00000052749,black
ENSG00000060069,black
ENSG00000063169,black
ENSG00000066739,black
ENSG00000068654,black
ENSG00000073417,black
ENSG00000078142,black
ENSG00000082146,black
ENSG00000095209,black
ENSG00000100417,black
ENSG00000102780,black
ENSG00000103034,black
ENSG00000103510,black
ENSG00000109674,black
ENSG00000113593,black
ENSG00000113638,black
ENSG00000121897,black
ENSG00000127081,black
ENSG00000127191,black
ENSG00000130702,black
ENSG00000130856,black
ENSG00000132849,black
ENSG00000136630,black
ENSG00000136636,black
ENSG00000137872,black
ENSG00000137962,black
ENSG00000138036,black
ENSG00000139154,dimgrey
ENSG00000139620,black
ENSG00000147364,black
ENSG00000147684,black
ENSG00000148362,black
ENSG00000149016,black
ENSG00000149571,black
ENSG00000151883,black
ENSG00000154079,black
ENSG00000158158,black
ENSG00000160691,black
ENSG00000162851,black
ENSG00000163249,black
ENSG00000164850,black
ENSG00000166171,black
ENSG00000166986,black
ENSG00000172795,black
ENSG00000174151,black
ENSG00000176390,black
ENSG00000177337,black
ENSG00000177932,black
ENSG00000178607,black
ENSG00000182405,black
ENSG00000183508,black
ENSG00000184083,black
ENSG00000186716,black
ENSG00000187866,black
ENSG00000188549,black
ENSG00000196912,black
ENSG00000197056,black
ENSG00000197603,black
ENSG00000197798,black
ENSG00000198952,black
ENSG00000213190,black
ENSG00000216866,black
ENSG00000223485,black
ENSG00000224616,black
ENSG00000228073,black
ENSG00000235560,black
ENSG00000249593,dimgrey
ENSG00000253811,dimgrey
ENSG00000255874,black
ENSG00000258366,black
ENSG00000259865,black
ENSG00000266651,black
ENSG00000273061,black
ENSG00000279170,black
ENSG00000283498,black
ENSG00000293263,black
ENSG00000002330,black
ENSG00000004766,black
ENSG00000071051,black
ENSG00000083844,black
ENSG00000090006,black
ENSG00000091592,black
ENSG00000092439,black
ENSG00000093217,black
ENSG00000100330,black
ENSG00000100600,black
ENSG00000101384,black
ENSG00000101400,black
ENSG00000105778,black
ENSG00000107281,black
ENSG00000107854,black
ENSG00000114120,black
ENSG00000118242,black
ENSG00000119042,black
ENSG00000120519,black
ENSG00000130066,black
ENSG00000133138,black
ENSG00000133794,black
ENSG00000137040,black
ENSG00000137842,black
ENSG00000138031,black
ENSG00000138411,black
ENSG00000138463,black
ENSG00000138738,black
ENSG00000141956,black
ENSG00000145882,dimgrey
ENSG00000148677,black
ENSG00000150551,black
ENSG00000151689,black
ENSG00000154743,black
ENSG00000158270,black
ENSG00000160445,black
ENSG00000163710,black
ENSG00000164236,dimgrey
ENSG00000165698,black
ENSG00000166024,black
ENSG00000167553,black
ENSG00000169570,black
ENSG00000170653,black
ENSG00000171649,black
ENSG00000172935,black
ENSG00000173442,black
ENSG00000175322,black
ENSG00000176896,black
ENSG00000180758,black
ENSG00000182359,black
ENSG00000182810,black
ENSG00000183337,black
ENSG00000183576,black
ENSG00000184635,black
ENSG00000188033,black
ENSG00000188921,black
ENSG00000198182,black
ENSG00000198453,black
ENSG00000198924,black
ENSG00000199366,black
ENSG00000203805,black
ENSG00000204264,black
ENSG00000204792,black
ENSG00000228526,black
ENSG00000228594,black
ENSG00000230202,black
ENSG00000231365,black
ENSG00000242512,black
ENSG00000260944,black
ENSG00000290292,black
ENSG00000290450,black
ENSG00000007392,black
ENSG00000011105,dimgrey
ENSG00000013441,black
ENSG00000014914,black
ENSG00000074935,black
ENSG00000075303,black
ENSG00000085840,black
ENSG00000087884,black
ENSG00000100395,black
ENSG00000104881,black
ENSG00000105298,black
ENSG00000105605,dimgrey
ENSG00000108599,black
ENSG00000110721,black
ENSG00000111331,black
ENSG00000112130,black
ENSG00000113597,black
ENSG00000114473,dimgrey
ENSG00000115232,black
ENSG00000116652,black
ENSG00000118495,black
ENSG00000119509,black
ENSG00000121716,black
ENSG00000123739,black
ENSG00000125266,black
ENSG00000126970,dimgrey
ENSG00000127980,black
ENSG00000137947,black
ENSG00000141458,dimgrey
ENSG00000143344,black
ENSG00000143479,black
ENSG00000145545,black
ENSG00000148824,black
ENSG00000149474,black
ENSG00000151617,black
ENSG00000152804,black
ENSG00000154144,black
ENSG00000158987,black
ENSG00000159110,black
ENSG00000162804,black
ENSG00000165675,black
ENSG00000166188,black
ENSG00000167771,black
