gene_id,WGCNA_Module
ENSG00000210082,lightsalmon
ENSG00000198886,darksalmon
ENSG00000198938,ivory
ENSG00000228253,lightsalmon
ENSG00000026025,ivory
ENSG00000198763,darksalmon
ENSG00000080824,darksalmon
ENSG00000125148,ivory
ENSG00000198888,darkolivegreen
ENSG00000211459,ivory
ENSG00000075624,ivory
ENSG00000213741,ivory
ENSG00000198727,darksalmon
ENSG00000198712,darkred
ENSG00000108821,beige
ENSG00000198899,darksalmon
ENSG00000198840,bisque
ENSG00000138326,darksalmon
ENSG00000197756,blanchedalmond
ENSG00000106211,lightsalmon
ENSG00000177469,ivory
ENSG00000237973,ivory
ENSG00000182718,bisque
ENSG00000100097,ivory
ENSG00000167658,ivory
ENSG00000071082,bisque
ENSG00000135404,ivory
ENSG00000133112,forestgreen
ENSG00000115461,ivory
ENSG00000105974,ivory
ENSG00000131469,ivory
ENSG00000091986,ivory
ENSG00000205542,ivory
ENSG00000177954,darkred
ENSG00000136026,lightsalmon
ENSG00000145592,bisque
ENSG00000230629,bisque
ENSG00000113140,lightsalmon
ENSG00000143947,darkolivegreen
ENSG00000087086,ivory
ENSG00000167460,ivory
ENSG00000156508,darkred
ENSG00000164692,ivory
ENSG00000115310,ivory
ENSG00000196924,ivory
ENSG00000092841,ivory
ENSG00000067225,ivory
ENSG00000106366,blanchedalmond
ENSG00000122786,lightsalmon
ENSG00000167526,lightsalmon
ENSG00000102265,ivory
ENSG00000142676,darksalmon
ENSG00000143933,blanchedalmond
ENSG00000109475,darksalmon
ENSG00000227615,darksalmon
ENSG00000172757,ivory
ENSG00000125691,bisque
ENSG00000110321,ivory
ENSG00000065978,bisque
ENSG00000142156,ivory
ENSG00000198467,lightsalmon
ENSG00000131747,ivory
ENSG00000245532,ivory
ENSG00000189343,lightsalmon
ENSG00000112306,darksalmon
ENSG00000108298,lightsalmon
ENSG00000113739,ivory
ENSG00000105372,coral
ENSG00000172809,lightsalmon
ENSG00000137154,darksalmon
ENSG00000026508,blanchedalmond
ENSG00000171858,bisque
ENSG00000108518,lemonchiffon
ENSG00000174444,darksalmon
ENSG00000034152,darkolivegreen
ENSG00000204628,lightsalmon
ENSG00000210196,lightsalmon
ENSG00000212907,ivory
ENSG00000077549,linen
ENSG00000164346,lightsalmon
ENSG00000220842,lightsalmon
ENSG00000160789,ivory
ENSG00000122406,bisque
ENSG00000115414,ivory
ENSG00000215030,lightsalmon
ENSG00000070756,ivory
ENSG00000122026,bisque
ENSG00000198695,lightsalmon
ENSG00000164111,red
ENSG00000141905,blanchedalmond
ENSG00000137831,lightsalmon
ENSG00000083845,darkred
ENSG00000141753,ivory
ENSG00000169715,ivory
ENSG00000142937,lightsalmon
ENSG00000138758,ivory
ENSG00000196531,darksalmon
ENSG00000044574,ivory
ENSG00000248527,darksalmon
ENSG00000197958,bisque
ENSG00000197956,ivory
ENSG00000188846,darksalmon
ENSG00000231500,bisque
ENSG00000114391,bisque
ENSG00000087460,lightsalmon
ENSG00000164032,darkolivegreen
ENSG00000229659,darksalmon
ENSG00000096384,lemonchiffon
ENSG00000109971,bisque
ENSG00000072110,ivory
ENSG00000182899,lightsalmon
ENSG00000288920,lightsalmon
ENSG00000108107,darkred
ENSG00000221983,ivory
ENSG00000165119,ivory
ENSG00000227081,blanchedalmond
ENSG00000197061,darksalmon
ENSG00000119335,ivory
ENSG00000212802,lightsalmon
ENSG00000101335,ivory
ENSG00000250321,darkred
ENSG00000167283,darkkhaki
ENSG00000174748,bisque
ENSG00000069275,ivory
ENSG00000198755,linen
ENSG00000249992,lawngreen
ENSG00000129250,antiquewhite
ENSG00000063177,darkolivegreen
ENSG00000088986,ivory
ENSG00000103187,darkolivegreen
ENSG00000198786,ivory
ENSG00000137801,ivory
ENSG00000136810,bisque
ENSG00000034510,cornsilk
ENSG00000142541,darksalmon
ENSG00000226360,ivory
ENSG00000163466,ivory
ENSG00000197746,antiquewhite
ENSG00000163191,darkred
ENSG00000163430,ivory
ENSG00000229117,ivory
ENSG00000185641,lightsalmon
ENSG00000144713,lightsalmon
ENSG00000130255,lightsalmon
ENSG00000088832,ivory
ENSG00000130508,ivory
ENSG00000242299,darkred
ENSG00000198804,ivory
ENSG00000131236,darkred
ENSG00000239559,lightsalmon
ENSG00000116260,ivory
ENSG00000214535,lightsalmon
ENSG00000120708,lightsalmon
ENSG00000150991,ivory
ENSG00000166441,linen
ENSG00000149806,palegreen
ENSG00000184840,ivory
ENSG00000128595,ivory
ENSG00000171863,darksalmon
ENSG00000163682,bisque
ENSG00000139644,blanchedalmond
ENSG00000156467,darksalmon
ENSG00000090621,lightsalmon
ENSG00000142534,darkred
ENSG00000105193,ivory
ENSG00000131711,lightsalmon
ENSG00000130985,lightsalmon
ENSG00000162576,antiquewhite
ENSG00000244398,darksalmon
ENSG00000169567,cornsilk
ENSG00000140264,ivory
ENSG00000074800,ivory
ENSG00000136238,ivory
ENSG00000147065,ivory
ENSG00000163359,ivory
ENSG00000008952,darksalmon
ENSG00000158710,ivory
ENSG00000137818,beige
ENSG00000101608,ivory
ENSG00000228929,darkred
ENSG00000197728,bisque
ENSG00000106153,ivory
ENSG00000165502,darksalmon
ENSG00000149273,ivory
ENSG00000126247,ivory
ENSG00000159674,ivory
ENSG00000162909,lightsalmon
ENSG00000205871,sienna
ENSG00000181019,darkred
ENSG00000293293,ivory
ENSG00000115963,ivory
ENSG00000125534,ivory
ENSG00000116133,ivory
ENSG00000135318,forestgreen
ENSG00000234742,darksalmon
ENSG00000149257,ivory
ENSG00000132432,palegreen
ENSG00000126777,lightsalmon
ENSG00000142173,ivory
ENSG00000187514,ivory
ENSG00000145741,darkred
ENSG00000236824,red
ENSG00000148303,blanchedalmond
ENSG00000168028,darkred
ENSG00000277443,lightsalmon
ENSG00000213280,bisque
ENSG00000110700,bisque
ENSG00000105438,darkkhaki
ENSG00000122641,darkred
ENSG00000159335,lightsalmon
ENSG00000213315,darkred
ENSG00000150093,ivory
ENSG00000137076,ivory
ENSG00000105640,beige
ENSG00000185787,linen
ENSG00000134419,darkred
ENSG00000158417,lightsalmon
ENSG00000163584,bisque
ENSG00000009307,ivory
ENSG00000117724,lightsalmon
ENSG00000240463,lightsalmon
ENSG00000167552,coral
ENSG00000177697,ivory
ENSG00000143761,ivory
ENSG00000137575,darkolivegreen
ENSG00000069849,darksalmon
ENSG00000068697,ivory
ENSG00000136942,bisque
ENSG00000101182,bisque
ENSG00000088247,ivory
ENSG00000114850,darksalmon
ENSG00000226532,ivory
ENSG00000124942,lightsalmon
ENSG00000124795,lightsalmon
ENSG00000251562,ivory
ENSG00000198034,darksalmon
ENSG00000161970,darksalmon
ENSG00000141002,sienna
ENSG00000169908,darksalmon
ENSG00000084234,ivory
ENSG00000139239,lightsalmon
ENSG00000135046,bisque
ENSG00000114353,darkred
ENSG00000151914,lightsalmon
ENSG00000125977,bisque
ENSG00000035403,blanchedalmond
ENSG00000146677,ivory
ENSG00000185896,linen
ENSG00000176788,lightsalmon
ENSG00000166913,darkred
ENSG00000196141,lightsalmon
ENSG00000154518,ivory
ENSG00000110880,forestgreen
ENSG00000115677,ivory
ENSG00000242071,lightsalmon
ENSG00000255302,bisque
ENSG00000057019,blanchedalmond
ENSG00000110651,ivory
ENSG00000089157,beige
ENSG00000140319,ivory
ENSG00000092199,ivory
ENSG00000124172,bisque
ENSG00000110092,ivory
ENSG00000244313,darksalmon
ENSG00000011465,ivory
ENSG00000185551,lightsalmon
ENSG00000100106,darkkhaki
ENSG00000236552,darksalmon
ENSG00000253626,ivory
ENSG00000133226,lightsalmon
ENSG00000113719,ivory
ENSG00000198363,darkred
ENSG00000100316,darksalmon
ENSG00000164587,linen
ENSG00000137970,bisque
ENSG00000008988,blanchedalmond
ENSG00000210049,ivory
ENSG00000167601,cornsilk
ENSG00000078369,lightsalmon
ENSG00000143321,ivory
ENSG00000198668,bisque
ENSG00000185129,ivory
ENSG00000100234,ivory
ENSG00000187109,darkred
ENSG00000136240,ivory
ENSG00000105401,ivory
ENSG00000196262,forestgreen
ENSG00000122566,linen
ENSG00000223551,forestgreen
ENSG00000166598,linen
ENSG00000189403,forestgreen
ENSG00000232573,lightsalmon
ENSG00000167986,beige
ENSG00000198242,ivory
ENSG00000089693,darkred
ENSG00000013297,blanchedalmond
ENSG00000030582,linen
ENSG00000132341,blanchedalmond
ENSG00000183255,darkred
ENSG00000136930,darksalmon
ENSG00000180398,bisque
ENSG00000109180,darkkhaki
ENSG00000185088,ivory
ENSG00000136149,darksalmon
ENSG00000197081,darkkhaki
ENSG00000142089,cornsilk
ENSG00000197102,darkkhaki
ENSG00000071127,ivory
ENSG00000125743,darkred
ENSG00000109861,lightsalmon
ENSG00000117632,ivory
ENSG00000149357,darkolivegreen
ENSG00000170759,antiquewhite
ENSG00000067560,ivory
ENSG00000084623,bisque
ENSG00000110955,ivory
ENSG00000197632,blanchedalmond
ENSG00000124762,ivory
ENSG00000116489,ivory
ENSG00000117395,darksalmon
ENSG00000147649,ivory
ENSG00000168385,ivory
ENSG00000142192,lightsalmon
ENSG00000075415,lightsalmon
ENSG00000102144,ivory
ENSG00000263266,ivory
ENSG00000181163,darkred
ENSG00000225475,lightsalmon
ENSG00000161638,lightsalmon
ENSG00000142864,ivory
ENSG00000079246,blanchedalmond
ENSG00000138778,lightsalmon
ENSG00000197747,darkred
ENSG00000176340,ivory
ENSG00000050165,ivory
ENSG00000013810,ivory
ENSG00000104904,ivory
ENSG00000065308,ivory
ENSG00000162734,ivory
ENSG00000173457,ivory
ENSG00000162244,lightsalmon
ENSG00000182492,ivory
ENSG00000167978,ivory
ENSG00000127184,lightsalmon
ENSG00000196504,lightsalmon
ENSG00000170275,ivory
ENSG00000135486,ivory
ENSG00000173915,darksalmon
ENSG00000089597,linen
ENSG00000111639,bisque
ENSG00000125868,lightsalmon
ENSG00000138674,ivory
ENSG00000115641,darkred
ENSG00000235162,ivory
ENSG00000169213,ivory
ENSG00000185650,ivory
ENSG00000136830,ivory
ENSG00000167522,palegoldenrod
ENSG00000177600,ivory
ENSG00000058272,lightsalmon
ENSG00000198900,lightsalmon
ENSG00000231767,darkkhaki
ENSG00000159228,lightsalmon
ENSG00000105887,ivory
ENSG00000198959,ivory
ENSG00000119705,darksalmon
ENSG00000150347,lightsalmon
ENSG00000164924,blanchedalmond
ENSG00000184007,lightsalmon
ENSG00000011426,ivory
ENSG00000150687,blanchedalmond
ENSG00000196683,coral
ENSG00000122359,ivory
ENSG00000150938,ivory
ENSG00000118181,darkolivegreen
ENSG00000138668,ivory
ENSG00000146731,darkred
ENSG00000112335,ivory
ENSG00000130164,ivory
ENSG00000167863,darksalmon
ENSG00000153071,ivory
ENSG00000100243,ivory
ENSG00000182670,lightsalmon
ENSG00000129116,ivory
ENSG00000084207,cornsilk
ENSG00000145555,darkred
ENSG00000134590,ivory
ENSG00000241685,bisque
ENSG00000125356,darksalmon
ENSG00000147403,forestgreen
ENSG00000231940,lightsalmon
ENSG00000144136,goldenrod
ENSG00000112769,lightsalmon
ENSG00000140416,ivory
ENSG00000157227,ivory
ENSG00000104332,ivory
ENSG00000134294,ivory
ENSG00000105185,darksalmon
ENSG00000008394,ivory
ENSG00000105221,darkkhaki
ENSG00000117592,lightsalmon
ENSG00000155366,ivory
ENSG00000147604,bisque
ENSG00000186468,darksalmon
ENSG00000170540,darkred
ENSG00000229638,lightsalmon
ENSG00000068489,ivory
ENSG00000154734,ivory
ENSG00000172115,bisque
ENSG00000070614,antiquewhite
ENSG00000122565,ivory
ENSG00000213626,ivory
ENSG00000148773,lightsalmon
ENSG00000197043,ivory
ENSG00000143549,ivory
ENSG00000182197,lightsalmon
ENSG00000134013,cornsilk
ENSG00000159377,blanchedalmond
ENSG00000058668,ivory
ENSG00000050405,ivory
ENSG00000054118,lightsalmon
ENSG00000048828,ivory
ENSG00000221823,antiquewhite
ENSG00000117298,ivory
ENSG00000100664,ivory
ENSG00000087245,ivory
ENSG00000118816,ivory
ENSG00000124145,ivory
ENSG00000151366,darkred
ENSG00000159167,blanchedalmond
ENSG00000134363,ivory
ENSG00000122861,ivory
ENSG00000108854,blanchedalmond
ENSG00000113810,lightsalmon
ENSG00000161016,darkred
ENSG00000154380,ivory
ENSG00000130726,ivory
ENSG00000112695,cornsilk
ENSG00000113732,ivory
ENSG00000187498,ivory
ENSG00000119655,ivory
ENSG00000100345,ivory
ENSG00000189067,lightsalmon
ENSG00000165280,lightsalmon
ENSG00000169504,ivory
ENSG00000137710,lightsalmon
ENSG00000157613,ivory
ENSG00000188042,lawngreen
ENSG00000143198,linen
ENSG00000185201,ivory
ENSG00000136295,lawngreen
ENSG00000104979,lightsalmon
ENSG00000114942,darksalmon
ENSG00000170017,ivory
ENSG00000054116,lawngreen
ENSG00000117984,peru
ENSG00000041357,bisque
ENSG00000075618,ivory
ENSG00000139289,ivory
ENSG00000039560,ivory
ENSG00000229119,ivory
ENSG00000066279,ivory
ENSG00000114867,ivory
ENSG00000074695,ivory
ENSG00000134871,ivory
ENSG00000177733,ivory
ENSG00000179010,darksalmon
ENSG00000121067,sienna
ENSG00000142871,linen
ENSG00000148175,lightsalmon
ENSG00000136045,darkred
ENSG00000188643,darkred
ENSG00000138071,ivory
ENSG00000162704,ivory
ENSG00000071054,ivory
ENSG00000142168,lightsalmon
ENSG00000159140,darkkhaki
ENSG00000165629,ivory
ENSG00000166226,darkred
ENSG00000083312,ivory
ENSG00000120913,ivory
ENSG00000236844,lightsalmon
ENSG00000100804,ivory
ENSG00000164919,bisque
ENSG00000175550,lightsalmon
ENSG00000241494,darksalmon
ENSG00000126267,ivory
ENSG00000112655,ivory
ENSG00000111142,lightsalmon
ENSG00000136153,blanchedalmond
ENSG00000173812,forestgreen
ENSG00000035862,beige
ENSG00000144674,lightsalmon
ENSG00000128656,ivory
ENSG00000146674,ivory
ENSG00000189043,ivory
ENSG00000155506,lightsalmon
ENSG00000198355,antiquewhite
ENSG00000163468,ivory
ENSG00000091640,ivory
ENSG00000136542,ivory
ENSG00000168066,ivory
ENSG00000125844,sienna
ENSG00000135926,red
ENSG00000171490,red
ENSG00000155368,darksalmon
ENSG00000067900,lightsalmon
ENSG00000131143,lightsalmon
ENSG00000197879,ivory
ENSG00000146540,ivory
ENSG00000134531,ivory
ENSG00000170919,blanchedalmond
ENSG00000113387,lightsalmon
ENSG00000115875,darkred
ENSG00000123562,ivory
ENSG00000127837,lawngreen
ENSG00000148926,lightsalmon
ENSG00000213442,ivory
ENSG00000099817,peru
ENSG00000139343,bisque
ENSG00000183741,ivory
ENSG00000147133,antiquewhite
ENSG00000175745,ivory
ENSG00000006125,ivory
ENSG00000064393,ivory
ENSG00000175166,ivory
ENSG00000135829,ivory
ENSG00000168374,ivory
ENSG00000152234,darksalmon
ENSG00000113083,ivory
ENSG00000009954,lightsalmon
ENSG00000103275,darkred
ENSG00000105281,cornsilk
ENSG00000117519,ivory
ENSG00000173692,lightsalmon
ENSG00000225972,darksalmon
ENSG00000161203,darkred
ENSG00000152492,lightsalmon
ENSG00000174780,lightsalmon
ENSG00000119681,ivory
ENSG00000108671,linen
ENSG00000283041,darkred
ENSG00000126458,lightsalmon
ENSG00000118523,ivory
ENSG00000144746,ivory
ENSG00000100401,ivory
ENSG00000132475,ivory
ENSG00000091136,lightsalmon
ENSG00000197712,ivory
ENSG00000075785,darkred
ENSG00000143977,darksalmon
ENSG00000115053,ivory
ENSG00000183287,ivory
ENSG00000133816,forestgreen
ENSG00000153317,ivory
ENSG00000182481,blanchedalmond
ENSG00000141526,ivory
ENSG00000173660,bisque
ENSG00000161547,forestgreen
ENSG00000101558,lightsalmon
ENSG00000169607,darkred
ENSG00000133657,blanchedalmond
ENSG00000172380,darkred
ENSG00000093010,darkolivegreen
ENSG00000118680,ivory
ENSG00000149547,ivory
ENSG00000147010,ivory
ENSG00000143545,coral
ENSG00000114302,ivory
ENSG00000134057,bisque
ENSG00000244245,sienna
ENSG00000157916,blanchedalmond
ENSG00000127922,darksalmon
ENSG00000024422,ivory
ENSG00000137309,darkolivegreen
ENSG00000187173,blanchedalmond
ENSG00000105971,lightsalmon
ENSG00000134352,bisque
ENSG00000120742,lightsalmon
ENSG00000129625,bisque
ENSG00000072501,lightsalmon
ENSG00000214548,palegoldenrod
ENSG00000117362,darkkhaki
ENSG00000104388,ivory
ENSG00000011422,honeydew
ENSG00000135862,ivory
ENSG00000132688,ivory
ENSG00000141027,lightsalmon
ENSG00000111775,bisque
ENSG00000129038,ivory
ENSG00000242125,bisque
ENSG00000075213,darkred
ENSG00000159202,ivory
ENSG00000135919,ivory
ENSG00000125952,ivory
ENSG00000128050,ivory
ENSG00000131981,lightsalmon
ENSG00000177700,darkred
ENSG00000145817,red
ENSG00000184076,lightsalmon
ENSG00000068912,lightsalmon
ENSG00000132646,lightsalmon
ENSG00000118900,peru
ENSG00000224877,ivory
ENSG00000125753,darkolivegreen
ENSG00000164040,coral
ENSG00000049656,ivory
ENSG00000122862,ivory
ENSG00000183648,cornsilk
ENSG00000057608,ivory
ENSG00000067167,ivory
ENSG00000133110,ivory
ENSG00000115268,ivory
ENSG00000196396,ivory
ENSG00000141552,bisque
ENSG00000158864,blanchedalmond
ENSG00000233762,peru
ENSG00000145012,ivory
ENSG00000165283,antiquewhite
ENSG00000070814,darksalmon
ENSG00000174437,ivory
ENSG00000164405,lightsalmon
ENSG00000171634,ivory
ENSG00000196611,linen
ENSG00000127920,darkred
ENSG00000113657,darkkhaki
ENSG00000170961,blanchedalmond
ENSG00000182004,bisque
ENSG00000182287,ivory
ENSG00000077380,darkkhaki
ENSG00000169710,ivory
ENSG00000070087,ivory
ENSG00000122545,ivory
ENSG00000167088,ivory
ENSG00000116560,lightsalmon
ENSG00000213585,ivory
ENSG00000146376,sienna
ENSG00000153187,darkolivegreen
ENSG00000290018,blanchedalmond
ENSG00000132963,forestgreen
ENSG00000111669,ivory
ENSG00000144810,lightsalmon
ENSG00000181104,lightsalmon
ENSG00000100632,bisque
ENSG00000104408,darksalmon
ENSG00000113712,ivory
ENSG00000172216,ivory
ENSG00000130309,lawngreen
ENSG00000147274,ivory
ENSG00000112081,ivory
ENSG00000140262,ivory
ENSG00000091436,darkred
ENSG00000230734,lightsalmon
ENSG00000103363,ivory
ENSG00000153006,darksalmon
ENSG00000112977,ivory
ENSG00000168710,ivory
ENSG00000105323,ivory
ENSG00000178741,darkred
ENSG00000172428,red
ENSG00000153904,lightsalmon
ENSG00000145833,darksalmon
ENSG00000163479,lightsalmon
ENSG00000164611,blanchedalmond
ENSG00000228474,palegreen
ENSG00000114354,lightsalmon
ENSG00000136628,ivory
ENSG00000138675,blanchedalmond
ENSG00000106333,ivory
ENSG00000204262,ivory
ENSG00000198258,darkkhaki
ENSG00000100138,darkred
ENSG00000163535,darkred
ENSG00000162407,ivory
ENSG00000099341,lightsalmon
ENSG00000135535,ivory
ENSG00000150459,darkred
ENSG00000145050,darkolivegreen
ENSG00000164292,ivory
ENSG00000135698,peru
ENSG00000163902,blanchedalmond
ENSG00000168393,ivory
ENSG00000198121,lightsalmon
ENSG00000100387,ivory
ENSG00000117411,darksalmon
ENSG00000136156,lightsalmon
ENSG00000138182,lightsalmon
ENSG00000148154,ivory
ENSG00000058262,bisque
ENSG00000167325,cornsilk
ENSG00000038427,ivory
ENSG00000167110,ivory
ENSG00000244509,lightsalmon
ENSG00000152601,ivory
ENSG00000130635,sienna
ENSG00000047410,red
ENSG00000189241,darkred
ENSG00000112658,darkkhaki
ENSG00000173905,darkred
ENSG00000231747,bisque
ENSG00000178988,darksalmon
ENSG00000171867,darkred
ENSG00000167641,lightsalmon
ENSG00000099783,darkolivegreen
ENSG00000106028,darksalmon
ENSG00000115128,ivory
ENSG00000125676,lightsalmon
ENSG00000168785,ivory
ENSG00000102119,ivory
ENSG00000123384,cornsilk
ENSG00000154096,cornsilk
ENSG00000113721,ivory
ENSG00000119392,darkkhaki
ENSG00000125835,ivory
ENSG00000147526,ivory
ENSG00000162733,ivory
ENSG00000165916,lightsalmon
ENSG00000165410,ivory
ENSG00000047849,ivory
ENSG00000087365,ivory
ENSG00000143384,ivory
ENSG00000164754,darkred
ENSG00000170515,ivory
ENSG00000107341,ivory
ENSG00000115758,bisque
ENSG00000169020,lightsalmon
ENSG00000179222,ivory
ENSG00000102882,antiquewhite
ENSG00000168653,darksalmon
ENSG00000198856,blanchedalmond
ENSG00000085224,bisque
ENSG00000123144,forestgreen
ENSG00000141867,beige
ENSG00000164713,ivory
ENSG00000074842,beige
ENSG00000196154,darkolivegreen
ENSG00000198408,ivory
ENSG00000164294,bisque
ENSG00000183087,lightsalmon
ENSG00000060339,lightsalmon
ENSG00000115866,ivory
ENSG00000104852,ivory
ENSG00000107833,ivory
ENSG00000079819,ivory
ENSG00000170855,darkkhaki
ENSG00000109390,bisque
ENSG00000160213,ivory
ENSG00000247627,darksalmon
ENSG00000023734,ivory
ENSG00000117523,lightsalmon
ENSG00000162736,ivory
ENSG00000159176,darkred
ENSG00000233927,palegreen
ENSG00000078674,ivory
ENSG00000135111,ivory
ENSG00000173674,forestgreen
ENSG00000113648,ivory
ENSG00000266944,ivory
ENSG00000110696,ivory
ENSG00000167004,ivory
ENSG00000005893,ivory
ENSG00000008441,lightsalmon
ENSG00000136527,ivory
ENSG00000120129,blanchedalmond
ENSG00000143774,ivory
ENSG00000166681,ivory
ENSG00000177606,ivory
ENSG00000138061,antiquewhite
ENSG00000101333,darkred
ENSG00000134825,ivory
ENSG00000156411,bisque
ENSG00000169813,ivory
ENSG00000197324,lightsalmon
ENSG00000155660,ivory
ENSG00000196923,red
ENSG00000090487,darkolivegreen
ENSG00000137807,forestgreen
ENSG00000158195,ivory
ENSG00000072958,ivory
ENSG00000076043,ivory
ENSG00000134046,antiquewhite
ENSG00000163714,lightsalmon
ENSG00000241468,lightsalmon
ENSG00000103769,ivory
ENSG00000108179,blanchedalmond
ENSG00000175416,ivory
ENSG00000130779,lightsalmon
ENSG00000106263,lightsalmon
ENSG00000134308,lightsalmon
ENSG00000169895,ivory
ENSG00000154277,ivory
ENSG00000183283,ivory
ENSG00000187079,ivory
ENSG00000221869,ivory
ENSG00000203875,blanchedalmond
ENSG00000243147,darkkhaki
ENSG00000090863,ivory
ENSG00000177156,blanchedalmond
ENSG00000070081,lightsalmon
ENSG00000013364,lightsalmon
ENSG00000110917,lightsalmon
ENSG00000113013,darkred
ENSG00000125870,bisque
ENSG00000127603,ivory
ENSG00000070423,darksalmon
ENSG00000133026,ivory
ENSG00000141367,lightsalmon
ENSG00000163513,blanchedalmond
ENSG00000175063,ivory
ENSG00000215301,ivory
ENSG00000100526,bisque
ENSG00000154978,ivory
ENSG00000131116,ivory
ENSG00000116729,blanchedalmond
ENSG00000135316,ivory
ENSG00000154723,lightsalmon
ENSG00000163171,lightsalmon
ENSG00000154582,bisque
ENSG00000105254,ivory
ENSG00000213553,linen
ENSG00000242372,bisque
ENSG00000205339,darkred
ENSG00000205581,bisque
ENSG00000062485,lightsalmon
ENSG00000166595,ivory
ENSG00000222041,antiquewhite
ENSG00000119408,lawngreen
ENSG00000177707,ivory
ENSG00000115541,bisque
ENSG00000170043,ivory
ENSG00000089009,forestgreen
ENSG00000011304,ivory
ENSG00000214748,bisque
ENSG00000147140,ivory
ENSG00000088930,lightsalmon
ENSG00000198682,ivory
ENSG00000113643,ivory
ENSG00000233913,darkred
ENSG00000049245,ivory
ENSG00000108946,ivory
ENSG00000129680,bisque
ENSG00000109332,coral
ENSG00000065518,darkred
ENSG00000146247,lightsalmon
ENSG00000170860,darkred
ENSG00000101150,peru
ENSG00000162889,linen
ENSG00000149100,forestgreen
ENSG00000196576,ivory
ENSG00000197912,ivory
ENSG00000163565,ivory
ENSG00000172053,darkred
ENSG00000174099,ivory
ENSG00000179271,ivory
ENSG00000067248,lightsalmon
ENSG00000076513,ivory
ENSG00000082898,ivory
ENSG00000116288,lightsalmon
ENSG00000168137,ivory
ENSG00000010610,lightsalmon
ENSG00000114251,ivory
ENSG00000152952,ivory
ENSG00000163017,lightsalmon
ENSG00000108654,darkred
ENSG00000175215,beige
ENSG00000090273,lightsalmon
ENSG00000198604,lightsalmon
ENSG00000071626,ivory
ENSG00000078808,ivory
ENSG00000112514,ivory
ENSG00000129245,antiquewhite
ENSG00000185222,sienna
ENSG00000106052,darkred
ENSG00000109881,bisque
ENSG00000107581,ivory
ENSG00000119013,darksalmon
ENSG00000128606,blanchedalmond
ENSG00000148516,ivory
ENSG00000164442,ivory
ENSG00000167468,lightsalmon
ENSG00000225921,bisque
ENSG00000140988,lightsalmon
ENSG00000111186,ivory
ENSG00000134697,darksalmon
ENSG00000148834,ivory
ENSG00000143870,ivory
ENSG00000113407,ivory
ENSG00000138180,ivory
ENSG00000164761,ivory
ENSG00000197256,ivory
ENSG00000139684,bisque
ENSG00000113758,ivory
ENSG00000153113,ivory
ENSG00000100554,blanchedalmond
ENSG00000129351,ivory
ENSG00000171055,ivory
ENSG00000008838,darksalmon
ENSG00000003436,lightsalmon
ENSG00000077097,ivory
ENSG00000138814,ivory
ENSG00000090266,bisque
ENSG00000196776,forestgreen
ENSG00000260260,coral
ENSG00000008282,ivory
ENSG00000165733,darkkhaki
ENSG00000092108,lightsalmon
ENSG00000131100,ivory
ENSG00000143013,lightgreen
ENSG00000180879,lightsalmon
ENSG00000198791,blanchedalmond
ENSG00000049323,ivory
ENSG00000067082,ivory
ENSG00000172270,darkred
ENSG00000042753,ivory
ENSG00000197702,ivory
ENSG00000119326,bisque
ENSG00000166803,ivory
ENSG00000178982,beige
ENSG00000185112,linen
ENSG00000130522,ivory
ENSG00000140575,ivory
ENSG00000182158,ivory
ENSG00000142230,ivory
ENSG00000073792,ivory
ENSG00000075151,beige
ENSG00000111540,ivory
ENSG00000120533,darkred
ENSG00000122952,ivory
ENSG00000167470,ivory
ENSG00000065548,bisque
ENSG00000184743,darkred
ENSG00000104131,palegoldenrod
ENSG00000114125,bisque
ENSG00000167797,ivory
ENSG00000184752,bisque
ENSG00000025800,ivory
ENSG00000143256,blanchedalmond
ENSG00000119185,darkred
ENSG00000106682,darksalmon
ENSG00000114416,ivory
ENSG00000119669,ivory
ENSG00000134884,bisque
ENSG00000161544,ivory
ENSG00000114062,lightsalmon
ENSG00000124767,red
ENSG00000116016,ivory
ENSG00000124831,darkred
ENSG00000166825,blanchedalmond
ENSG00000279483,ivory
ENSG00000108774,ivory
ENSG00000124191,darkkhaki
ENSG00000128591,ivory
ENSG00000219023,darkred
ENSG00000011028,ivory
ENSG00000102024,darkred
ENSG00000189159,forestgreen
ENSG00000008018,ivory
ENSG00000074071,ivory
ENSG00000164096,forestgreen
ENSG00000171530,red
ENSG00000125991,lightsalmon
ENSG00000168264,ivory
ENSG00000228462,lightsalmon
ENSG00000014641,darkred
ENSG00000070961,peru
ENSG00000106105,lightsalmon
ENSG00000148484,ivory
ENSG00000162434,ivory
ENSG00000102317,palegreen
ENSG00000166250,lightsalmon
ENSG00000186432,ivory
ENSG00000115738,blanchedalmond
ENSG00000124486,lightsalmon
ENSG00000164022,bisque
ENSG00000038219,lightsalmon
ENSG00000099250,lightsalmon
ENSG00000110330,blanchedalmond
ENSG00000168092,ivory
ENSG00000065534,ivory
ENSG00000089063,forestgreen
ENSG00000100815,lightsalmon
ENSG00000134153,forestgreen
ENSG00000153250,darkred
ENSG00000214357,ivory
ENSG00000293064,darkred
ENSG00000129562,ivory
ENSG00000025772,ivory
ENSG00000100403,lightsalmon
ENSG00000129083,blanchedalmond
ENSG00000142949,ivory
ENSG00000187735,ivory
ENSG00000198918,bisque
ENSG00000135390,blanchedalmond
ENSG00000196507,ivory
ENSG00000010256,lightsalmon
ENSG00000082781,darkkhaki
ENSG00000130147,cornsilk
ENSG00000013306,cornsilk
ENSG00000113552,antiquewhite
ENSG00000128245,forestgreen
ENSG00000169139,darksalmon
ENSG00000170004,ivory
ENSG00000170606,darkred
ENSG00000063660,ivory
ENSG00000105202,ivory
ENSG00000108424,palegreen
ENSG00000109536,bisque
ENSG00000169714,ivory
ENSG00000218426,darkseagreen
ENSG00000124201,lawngreen
ENSG00000115694,ivory
ENSG00000183963,darkred
ENSG00000151461,darksalmon
ENSG00000119777,ivory
ENSG00000131435,ivory
ENSG00000143252,bisque
ENSG00000166750,ivory
ENSG00000173221,lightsalmon
ENSG00000088325,ivory
ENSG00000105568,ivory
ENSG00000166963,lightsalmon
ENSG00000178719,ivory
ENSG00000204843,ivory
ENSG00000006327,darkred
ENSG00000119707,lightsalmon
ENSG00000141756,ivory
ENSG00000169905,darkred
ENSG00000171848,lightsalmon
ENSG00000029363,antiquewhite
ENSG00000061676,ivory
ENSG00000106803,palegreen
ENSG00000130513,sienna
ENSG00000157654,sienna
ENSG00000196591,darkred
ENSG00000213639,red
ENSG00000172590,lightsalmon
ENSG00000197301,ivory
ENSG00000166012,bisque
ENSG00000188612,ivory
ENSG00000004779,forestgreen
ENSG00000173473,ivory
ENSG00000160211,ivory
ENSG00000188243,darkred
ENSG00000133687,ivory
ENSG00000173120,ivory
ENSG00000173706,honeydew
ENSG00000130826,ivory
ENSG00000089327,darkred
ENSG00000108468,ivory
ENSG00000146535,linen
ENSG00000157954,darkolivegreen
ENSG00000160087,ivory
ENSG00000165672,forestgreen
ENSG00000184640,ivory
ENSG00000005022,lightsalmon
ENSG00000100934,lightsalmon
ENSG00000136003,coral
ENSG00000136827,ivory
ENSG00000165732,ivory
ENSG00000180801,blanchedalmond
ENSG00000264229,ivory
ENSG00000065000,palegoldenrod
ENSG00000118985,ivory
ENSG00000127483,lightsalmon
ENSG00000143753,blanchedalmond
ENSG00000161057,bisque
ENSG00000111799,ivory
ENSG00000114902,bisque
ENSG00000165637,darkred
ENSG00000167081,goldenrod
ENSG00000089280,ivory
ENSG00000105825,blanchedalmond
ENSG00000112378,ivory
ENSG00000120705,lightgreen
ENSG00000138757,ivory
ENSG00000135048,bisque
ENSG00000214078,ivory
ENSG00000238227,ivory
ENSG00000065427,darkred
ENSG00000130741,ivory
ENSG00000044115,darkred
ENSG00000100393,coral
ENSG00000160746,ivory
ENSG00000073614,lightsalmon
ENSG00000107438,ivory
ENSG00000115415,ivory
ENSG00000116871,ivory
ENSG00000156642,ivory
ENSG00000005483,lightsalmon
ENSG00000009413,ivory
ENSG00000162614,lightsalmon
ENSG00000163931,lightsalmon
ENSG00000164104,palegreen
ENSG00000076706,ivory
ENSG00000111832,lightsalmon
ENSG00000115760,darkred
ENSG00000154229,lightsalmon
ENSG00000164985,darkred
ENSG00000167397,ivory
ENSG00000175203,lightsalmon
ENSG00000196656,ivory
ENSG00000198707,lightsalmon
ENSG00000143612,darkred
ENSG00000091409,linen
ENSG00000060138,ivory
ENSG00000100353,darksalmon
ENSG00000106615,blanchedalmond
ENSG00000122218,ivory
ENSG00000166710,palegreen
ENSG00000198431,ivory
ENSG00000092201,ivory
ENSG00000120802,ivory
ENSG00000006042,ivory
ENSG00000179820,ivory
ENSG00000180340,ivory
ENSG00000234797,lightsalmon
ENSG00000062716,ivory
ENSG00000130816,palegreen
ENSG00000163754,lightsalmon
ENSG00000066044,ivory
ENSG00000104765,ivory
ENSG00000090060,ivory
ENSG00000123983,ivory
ENSG00000219274,lightsalmon
ENSG00000088833,ivory
ENSG00000111716,bisque
ENSG00000140545,ivory
ENSG00000169641,lightsalmon
ENSG00000178951,lightsalmon
ENSG00000179091,darkred
ENSG00000213593,forestgreen
ENSG00000116459,bisque
ENSG00000121068,ivory
ENSG00000164402,ivory
ENSG00000004142,ivory
ENSG00000100997,ivory
ENSG00000151491,ivory
ENSG00000166741,ivory
ENSG00000182446,ivory
ENSG00000129128,ivory
ENSG00000156639,bisque
ENSG00000160075,darkred
ENSG00000164548,linen
ENSG00000065135,ivory
ENSG00000101220,darkred
ENSG00000168090,ivory
ENSG00000172965,lightsalmon
ENSG00000164134,lightsalmon
ENSG00000132780,antiquewhite
ENSG00000134970,darkred
ENSG00000101224,coral
ENSG00000110237,ivory
ENSG00000011405,antiquewhite
ENSG00000143569,darkred
ENSG00000051620,lightsalmon
ENSG00000115306,ivory
ENSG00000130177,lightsalmon
ENSG00000134440,lightsalmon
ENSG00000136451,ivory
ENSG00000183291,darkred
ENSG00000087274,ivory
ENSG00000121774,ivory
ENSG00000161217,ivory
ENSG00000073921,ivory
ENSG00000140374,ivory
ENSG00000099622,ivory
ENSG00000108100,ivory
ENSG00000123374,ivory
ENSG00000139926,ivory
ENSG00000148700,ivory
ENSG00000168496,darkred
ENSG00000189171,darksalmon
ENSG00000198721,ivory
ENSG00000203760,darkred
ENSG00000103994,sienna
ENSG00000104321,darkred
ENSG00000140564,ivory
ENSG00000144224,lightsalmon
ENSG00000144381,palegreen
ENSG00000147872,lawngreen
ENSG00000239672,lightsalmon
ENSG00000010244,ivory
ENSG00000106723,ivory
ENSG00000141759,lightsalmon
ENSG00000169432,ivory
ENSG00000213281,ivory
ENSG00000111711,darkred
ENSG00000121579,forestgreen
ENSG00000266412,forestgreen
ENSG00000163634,ivory
ENSG00000174720,darkred
ENSG00000100075,ivory
ENSG00000100528,lightsalmon
ENSG00000113580,ivory
ENSG00000114573,ivory
ENSG00000158290,ivory
ENSG00000180370,ivory
ENSG00000116209,palegreen
ENSG00000160551,ivory
ENSG00000234456,blanchedalmond
ENSG00000084652,ivory
ENSG00000100596,darkkhaki
ENSG00000125968,blanchedalmond
ENSG00000171067,darkred
ENSG00000115762,ivory
ENSG00000163636,bisque
ENSG00000184900,linen
ENSG00000265808,ivory
ENSG00000106636,ivory
ENSG00000240652,lightsalmon
ENSG00000073712,ivory
ENSG00000100941,lightsalmon
ENSG00000155254,ivory
ENSG00000204941,ivory
ENSG00000078618,lightsalmon
ENSG00000130638,ivory
ENSG00000136758,lightsalmon
ENSG00000163840,ivory
ENSG00000165678,forestgreen
ENSG00000079332,lightsalmon
ENSG00000099901,ivory
ENSG00000125520,ivory
ENSG00000162783,linen
ENSG00000185043,lightsalmon
ENSG00000100258,ivory
ENSG00000134283,ivory
ENSG00000162545,ivory
ENSG00000136824,lightsalmon
ENSG00000139278,bisque
ENSG00000163453,ivory
ENSG00000004455,bisque
ENSG00000072952,ivory
ENSG00000087116,lightsalmon
ENSG00000123091,ivory
ENSG00000131446,ivory
ENSG00000147419,darksalmon
ENSG00000147955,goldenrod
ENSG00000109846,palegoldenrod
ENSG00000116649,beige
ENSG00000129353,ivory
ENSG00000189184,lightsalmon
ENSG00000235776,ivory
ENSG00000099814,ivory
ENSG00000101266,ivory
ENSG00000119729,ivory
ENSG00000124098,ivory
ENSG00000138385,blanchedalmond
ENSG00000138495,darksalmon
ENSG00000185630,ivory
ENSG00000031698,ivory
ENSG00000114315,bisque
ENSG00000122873,darkred
ENSG00000129534,lightsalmon
ENSG00000137100,lightsalmon
ENSG00000104331,lawngreen
ENSG00000126214,ivory
ENSG00000127914,palegoldenrod
ENSG00000134108,ivory
ENSG00000135047,ivory
ENSG00000143575,blanchedalmond
ENSG00000149948,ivory
ENSG00000164543,ivory
ENSG00000214063,ivory
ENSG00000265972,ivory
ENSG00000091164,darkred
ENSG00000174851,beige
ENSG00000093000,blanchedalmond
ENSG00000111481,ivory
ENSG00000119396,ivory
ENSG00000164258,bisque
ENSG00000104738,blanchedalmond
ENSG00000115380,lightsalmon
ENSG00000168172,ivory
ENSG00000115204,blanchedalmond
ENSG00000152795,ivory
ENSG00000167900,lightsalmon
ENSG00000136485,sienna
ENSG00000155096,ivory
ENSG00000205937,ivory
ENSG00000105810,ivory
ENSG00000117713,lightsalmon
ENSG00000150779,bisque
ENSG00000172354,ivory
ENSG00000115993,ivory
ENSG00000153914,lightsalmon
ENSG00000174695,darkred
ENSG00000185651,ivory
ENSG00000078140,ivory
ENSG00000100567,darkred
ENSG00000101160,ivory
ENSG00000169223,linen
ENSG00000184164,lightsalmon
ENSG00000269821,darkkhaki
ENSG00000107223,darkkhaki
ENSG00000122642,ivory
ENSG00000232472,lightsalmon
ENSG00000113649,darkred
ENSG00000168002,ivory
ENSG00000226396,lightsalmon
ENSG00000017797,lightsalmon
ENSG00000084112,ivory
ENSG00000105698,ivory
ENSG00000109606,blanchedalmond
ENSG00000229994,lightsalmon
ENSG00000128272,lightsalmon
ENSG00000128951,lightsalmon
ENSG00000143641,ivory
ENSG00000101294,sienna
ENSG00000198931,ivory
ENSG00000113141,ivory
ENSG00000164323,ivory
ENSG00000164484,blanchedalmond
ENSG00000164944,blanchedalmond
ENSG00000075142,ivory
ENSG00000118482,ivory
ENSG00000140682,ivory
ENSG00000135931,sienna
ENSG00000143878,honeydew
ENSG00000168807,ivory
ENSG00000131504,blanchedalmond
ENSG00000139218,sienna
ENSG00000141380,darkred
ENSG00000168439,ivory
ENSG00000175220,ivory
ENSG00000198833,linen
ENSG00000293057,ivory
ENSG00000076201,ivory
ENSG00000145907,ivory
ENSG00000177105,ivory
ENSG00000117143,darkred
ENSG00000136021,lightsalmon
ENSG00000169871,bisque
ENSG00000170027,ivory
ENSG00000178913,ivory
ENSG00000005884,blanchedalmond
ENSG00000085063,coral
ENSG00000100811,ivory
ENSG00000269893,darkkhaki
ENSG00000066322,darkred
ENSG00000100201,ivory
ENSG00000100354,ivory
ENSG00000172717,ivory
ENSG00000197780,lightsalmon
ENSG00000023287,coral
ENSG00000136193,lightsalmon
ENSG00000164054,darkkhaki
ENSG00000164932,antiquewhite
ENSG00000173726,palegreen
ENSG00000087077,ivory
ENSG00000178999,ivory
ENSG00000048649,lightsalmon
ENSG00000183726,forestgreen
ENSG00000120694,darkred
ENSG00000143106,bisque
ENSG00000145782,ivory
ENSG00000189091,darkred
ENSG00000279225,sienna
ENSG00000063245,ivory
ENSG00000065150,ivory
ENSG00000108344,ivory
ENSG00000115944,ivory
ENSG00000131174,darkred
ENSG00000163811,darkred
ENSG00000166200,ivory
ENSG00000168899,ivory
ENSG00000077782,ivory
ENSG00000134684,lightsalmon
ENSG00000135930,lightsalmon
ENSG00000138119,ivory
ENSG00000260032,ivory
ENSG00000277791,ivory
ENSG00000173230,ivory
ENSG00000038382,ivory
ENSG00000110108,ivory
ENSG00000113194,blanchedalmond
ENSG00000128641,ivory
ENSG00000148229,darksalmon
ENSG00000149485,darksalmon
ENSG00000180914,bisque
ENSG00000119383,ivory
ENSG00000198898,ivory
ENSG00000033867,ivory
ENSG00000075420,ivory
ENSG00000162613,ivory
ENSG00000170348,ivory
ENSG00000144283,lightsalmon
ENSG00000086065,ivory
ENSG00000099795,lightsalmon
ENSG00000106261,antiquewhite
ENSG00000109113,ivory
ENSG00000117899,ivory
ENSG00000123240,ivory
ENSG00000129292,darkkhaki
ENSG00000149968,blanchedalmond
ENSG00000175592,darkred
ENSG00000253276,ivory
ENSG00000091483,darksalmon
ENSG00000099194,linen
ENSG00000102753,ivory
ENSG00000134248,lightsalmon
ENSG00000137563,ivory
ENSG00000143742,forestgreen
ENSG00000179632,ivory
ENSG00000241837,ivory
ENSG00000087111,darkolivegreen
ENSG00000100739,blanchedalmond
ENSG00000119899,ivory
ENSG00000143369,lightsalmon
ENSG00000219222,sienna
ENSG00000022277,ivory
ENSG00000068366,ivory
ENSG00000112851,red
ENSG00000137693,ivory
ENSG00000153140,ivory
ENSG00000156113,darkred
ENSG00000176619,ivory
ENSG00000185627,ivory
ENSG00000112419,ivory
ENSG00000128524,ivory
ENSG00000153827,ivory
ENSG00000157456,blanchedalmond
ENSG00000170312,darkred
ENSG00000173113,palegreen
ENSG00000056097,lightsalmon
ENSG00000099804,darksalmon
ENSG00000102054,beige
ENSG00000103888,red
ENSG00000177200,lightsalmon
ENSG00000214753,ivory
ENSG00000072274,ivory
ENSG00000101161,red
ENSG00000171604,ivory
ENSG00000203879,red
ENSG00000006451,bisque
ENSG00000114857,palegoldenrod
ENSG00000119812,blanchedalmond
ENSG00000128965,ivory
ENSG00000145425,bisque
ENSG00000166165,cornsilk
ENSG00000025293,lightsalmon
ENSG00000041982,blanchedalmond
ENSG00000066654,ivory
ENSG00000103342,ivory
ENSG00000143771,ivory
ENSG00000187720,ivory
ENSG00000231721,darkred
ENSG00000008083,ivory
ENSG00000105854,darkred
ENSG00000079308,ivory
ENSG00000127445,sienna
ENSG00000133639,ivory
ENSG00000053372,ivory
ENSG00000104164,ivory
ENSG00000106367,ivory
ENSG00000126088,bisque
ENSG00000143387,ivory
ENSG00000168288,ivory
ENSG00000074416,lightsalmon
ENSG00000105669,lightsalmon
ENSG00000131473,ivory
ENSG00000151893,goldenrod
ENSG00000157110,ivory
ENSG00000158747,blanchedalmond
ENSG00000165915,ivory
ENSG00000168273,darkkhaki
ENSG00000204569,antiquewhite
ENSG00000120833,darkred
ENSG00000171421,darkred
ENSG00000111328,ivory
ENSG00000126698,ivory
ENSG00000136279,ivory
ENSG00000138768,blanchedalmond
ENSG00000149187,ivory
ENSG00000174547,ivory
ENSG00000265241,ivory
ENSG00000024526,ivory
ENSG00000105220,ivory
ENSG00000134874,ivory
ENSG00000139697,lightsalmon
ENSG00000136938,cornsilk
ENSG00000141741,ivory
ENSG00000112576,lightsalmon
ENSG00000119318,ivory
ENSG00000122729,lightsalmon
ENSG00000124783,blanchedalmond
ENSG00000147123,lightsalmon
ENSG00000160007,ivory
ENSG00000172586,lightsalmon
ENSG00000052802,ivory
ENSG00000069329,ivory
ENSG00000090054,ivory
ENSG00000111652,darkkhaki
ENSG00000131016,ivory
ENSG00000133818,darkred
ENSG00000134690,ivory
ENSG00000139726,darkred
ENSG00000176393,ivory
ENSG00000203950,antiquewhite
ENSG00000107372,ivory
ENSG00000116132,lightgreen
ENSG00000134910,ivory
ENSG00000135090,ivory
ENSG00000140497,linen
ENSG00000226084,darksalmon
ENSG00000006715,ivory
ENSG00000099875,lightsalmon
ENSG00000149136,ivory
ENSG00000186111,lightsalmon
ENSG00000198612,forestgreen
ENSG00000100906,antiquewhite
ENSG00000123136,lightsalmon
ENSG00000126351,ivory
ENSG00000144848,bisque
ENSG00000188486,lemonchiffon
ENSG00000115091,ivory
ENSG00000138085,blanchedalmond
ENSG00000149480,coral
ENSG00000007168,darkred
ENSG00000103642,ivory
ENSG00000130332,red
ENSG00000141424,ivory
ENSG00000151414,darkred
ENSG00000164609,antiquewhite
ENSG00000272047,lightsalmon
ENSG00000113368,ivory
ENSG00000138175,ivory
ENSG00000171988,darkkhaki
ENSG00000197930,blanchedalmond
ENSG00000112146,darkred
ENSG00000133858,lightsalmon
ENSG00000145220,darkred
ENSG00000152404,darksalmon
ENSG00000186577,darkred
ENSG00000147416,ivory
ENSG00000175348,lawngreen
ENSG00000197448,ivory
ENSG00000104325,bisque
ENSG00000115350,darkred
ENSG00000122490,ivory
ENSG00000137038,darkred
ENSG00000184220,lightsalmon
ENSG00000131467,ivory
ENSG00000135940,beige
ENSG00000137509,darksalmon
ENSG00000172939,lightsalmon
ENSG00000005007,ivory
ENSG00000094916,ivory
ENSG00000105576,ivory
ENSG00000105968,ivory
ENSG00000109685,ivory
ENSG00000131051,ivory
ENSG00000168003,ivory
ENSG00000182154,ivory
ENSG00000205903,sienna
ENSG00000028528,darkkhaki
ENSG00000082153,lightsalmon
ENSG00000086062,blanchedalmond
ENSG00000123505,ivory
ENSG00000131374,ivory
ENSG00000159593,blanchedalmond
ENSG00000170906,cornsilk
ENSG00000183011,lightsalmon
ENSG00000104695,ivory
ENSG00000177885,ivory
ENSG00000241839,ivory
ENSG00000264364,ivory
ENSG00000064102,blanchedalmond
ENSG00000084463,ivory
ENSG00000112739,lightsalmon
ENSG00000165156,darkred
ENSG00000169180,ivory
ENSG00000172667,ivory
ENSG00000179218,ivory
ENSG00000112697,ivory
ENSG00000120948,palegreen
ENSG00000124357,ivory
ENSG00000129187,ivory
ENSG00000136536,red
ENSG00000138685,forestgreen
ENSG00000163166,lightsalmon
ENSG00000189320,ivory
ENSG00000197894,antiquewhite
ENSG00000065054,ivory
ENSG00000072849,lightsalmon
ENSG00000085662,ivory
ENSG00000106785,sienna
ENSG00000134852,ivory
ENSG00000138080,ivory
ENSG00000138107,ivory
ENSG00000146066,bisque
ENSG00000177479,antiquewhite
ENSG00000205531,ivory
ENSG00000242265,lightsalmon
ENSG00000088888,ivory
ENSG00000100644,ivory
ENSG00000115084,lightsalmon
ENSG00000132535,antiquewhite
ENSG00000133706,ivory
ENSG00000162878,ivory
ENSG00000176407,bisque
ENSG00000005243,lightsalmon
ENSG00000083444,darkred
ENSG00000116473,ivory
ENSG00000119596,red
ENSG00000131165,lawngreen
ENSG00000135069,blanchedalmond
ENSG00000136813,darkkhaki
ENSG00000137601,lightsalmon
ENSG00000141985,ivory
ENSG00000143155,ivory
ENSG00000167779,lightsalmon
ENSG00000196914,ivory
ENSG00000205352,ivory
ENSG00000103018,ivory
ENSG00000111678,linen
ENSG00000116539,ivory
ENSG00000130520,ivory
ENSG00000148908,bisque
ENSG00000101856,bisque
ENSG00000105894,ivory
ENSG00000126945,ivory
ENSG00000127947,darkred
ENSG00000129235,lightgreen
ENSG00000153786,darkkhaki
ENSG00000168214,ivory
ENSG00000171202,bisque
ENSG00000185825,sienna
ENSG00000204899,darkred
ENSG00000211460,ivory
ENSG00000244462,darkred
ENSG00000080345,lightsalmon
ENSG00000081154,blanchedalmond
ENSG00000100030,blanchedalmond
ENSG00000106400,lightsalmon
ENSG00000115756,lawngreen
ENSG00000163527,ivory
ENSG00000176697,lightsalmon
ENSG00000186575,darkred
ENSG00000105849,lightsalmon
ENSG00000112110,forestgreen
ENSG00000135624,ivory
ENSG00000169021,lightsalmon
ENSG00000169976,ivory
ENSG00000171206,lightsalmon
ENSG00000174953,lightsalmon
ENSG00000068745,ivory
ENSG00000108010,bisque
ENSG00000119969,ivory
ENSG00000125912,red
ENSG00000150787,blanchedalmond
ENSG00000176171,blanchedalmond
ENSG00000197321,lightsalmon
ENSG00000253368,bisque
ENSG00000080371,bisque
ENSG00000118508,ivory
ENSG00000135723,palegreen
ENSG00000151835,ivory
ENSG00000163029,lightsalmon
ENSG00000163110,linen
ENSG00000166068,ivory
ENSG00000259956,ivory
ENSG00000138867,darksalmon
ENSG00000152700,darkred
ENSG00000173418,ivory
ENSG00000206560,ivory
ENSG00000232112,ivory
ENSG00000065613,palegoldenrod
ENSG00000114861,ivory
ENSG00000116044,lightsalmon
ENSG00000163069,darkred
ENSG00000183624,linen
ENSG00000038274,blanchedalmond
ENSG00000090316,darkred
ENSG00000100650,antiquewhite
ENSG00000101421,ivory
ENSG00000102172,ivory
ENSG00000102316,ivory
ENSG00000108679,ivory
ENSG00000121766,darksalmon
ENSG00000123200,bisque
ENSG00000126767,linen
ENSG00000141349,ivory
ENSG00000157483,ivory
ENSG00000180817,bisque
ENSG00000053371,ivory
ENSG00000070010,darksalmon
ENSG00000080986,bisque
ENSG00000126067,ivory
ENSG00000137409,ivory
ENSG00000140937,ivory
ENSG00000169217,beige
ENSG00000172037,darksalmon
ENSG00000176973,darkred
ENSG00000188895,ivory
ENSG00000053254,darksalmon
ENSG00000126524,linen
ENSG00000136859,blanchedalmond
ENSG00000198843,blanchedalmond
ENSG00000014216,ivory
ENSG00000099385,ivory
ENSG00000130165,ivory
ENSG00000003402,sienna
ENSG00000086598,bisque
ENSG00000095303,ivory
ENSG00000118762,ivory
ENSG00000119048,ivory
ENSG00000119403,lightsalmon
ENSG00000160714,darkred
ENSG00000051128,ivory
ENSG00000128335,lightsalmon
ENSG00000131507,lightsalmon
ENSG00000132383,ivory
ENSG00000138434,darkred
ENSG00000102158,ivory
ENSG00000119414,darkred
ENSG00000128989,blanchedalmond
ENSG00000165416,lightgreen
ENSG00000196419,cornsilk
ENSG00000091527,bisque
ENSG00000106991,lightsalmon
ENSG00000107984,bisque
ENSG00000131171,ivory
ENSG00000132613,ivory
ENSG00000134369,sienna
ENSG00000143727,darkred
ENSG00000147475,ivory
ENSG00000164574,ivory
ENSG00000167671,cornsilk
ENSG00000080845,ivory
ENSG00000095380,bisque
ENSG00000106635,lightsalmon
ENSG00000129195,ivory
ENSG00000135956,darkolivegreen
ENSG00000151612,sienna
ENSG00000091140,forestgreen
ENSG00000132485,lightsalmon
ENSG00000132612,ivory
ENSG00000139112,sienna
ENSG00000291105,linen
ENSG00000089685,ivory
ENSG00000100764,ivory
ENSG00000111605,blanchedalmond
ENSG00000138433,lightsalmon
ENSG00000140365,lightsalmon
ENSG00000071537,darkred
ENSG00000101361,darkred
ENSG00000116030,bisque
ENSG00000131462,ivory
ENSG00000138363,ivory
ENSG00000146282,ivory
ENSG00000156256,lightsalmon
ENSG00000168528,bisque
ENSG00000205302,ivory
ENSG00000087191,lightsalmon
ENSG00000104723,darkred
ENSG00000107863,coral
ENSG00000115761,darkred
ENSG00000133216,goldenrod
ENSG00000154803,ivory
ENSG00000243927,lightsalmon
ENSG00000267534,ivory
ENSG00000078269,ivory
ENSG00000106603,lightsalmon
ENSG00000114019,ivory
ENSG00000117525,ivory
ENSG00000123064,beige
ENSG00000130202,ivory
ENSG00000132824,ivory
ENSG00000144895,blanchedalmond
ENSG00000160953,ivory
ENSG00000183978,darkred
ENSG00000214160,ivory
ENSG00000293322,ivory
ENSG00000062650,ivory
ENSG00000111676,darksalmon
ENSG00000117410,ivory
ENSG00000125817,ivory
ENSG00000125970,ivory
ENSG00000134186,lightsalmon
ENSG00000184785,ivory
ENSG00000188529,ivory
ENSG00000104671,darkred
ENSG00000106609,darkolivegreen
ENSG00000125304,ivory
ENSG00000130204,bisque
ENSG00000137573,ivory
ENSG00000156482,darkolivegreen
ENSG00000166173,darkred
ENSG00000171246,lightsalmon
ENSG00000049449,bisque
ENSG00000113369,ivory
ENSG00000115685,ivory
ENSG00000124193,ivory
ENSG00000127884,ivory
ENSG00000147027,ivory
ENSG00000148672,ivory
ENSG00000167118,ivory
ENSG00000188229,darkolivegreen
ENSG00000100325,ivory
ENSG00000100591,antiquewhite
ENSG00000100603,ivory
ENSG00000102189,forestgreen
ENSG00000119421,ivory
ENSG00000127314,lightgreen
ENSG00000129003,sienna
ENSG00000143153,blanchedalmond
ENSG00000165476,ivory
ENSG00000171223,ivory
ENSG00000174917,cornsilk
ENSG00000067057,ivory
ENSG00000074201,darkolivegreen
ENSG00000101972,ivory
ENSG00000129084,bisque
ENSG00000131508,cornsilk
ENSG00000132153,darkred
ENSG00000167792,goldenrod
ENSG00000197694,ivory
ENSG00000213237,lightsalmon
ENSG00000086232,cornsilk
ENSG00000124541,darkred
ENSG00000146223,lightsalmon
ENSG00000156928,forestgreen
ENSG00000198700,lightsalmon
ENSG00000080493,darkred
ENSG00000100142,ivory
ENSG00000103978,lawngreen
ENSG00000117133,ivory
ENSG00000143621,palegreen
ENSG00000152127,ivory
ENSG00000173402,ivory
ENSG00000229807,antiquewhite
ENSG00000075426,ivory
ENSG00000087074,ivory
ENSG00000100418,blanchedalmond
ENSG00000102241,bisque
ENSG00000115524,ivory
ENSG00000120688,lightsalmon
ENSG00000128829,lightsalmon
ENSG00000154473,ivory
ENSG00000169727,ivory
ENSG00000197601,blanchedalmond
ENSG00000071242,ivory
ENSG00000100196,ivory
ENSG00000106355,palegreen
ENSG00000108588,ivory
ENSG00000116786,ivory
ENSG00000124380,ivory
ENSG00000134250,ivory
ENSG00000135341,ivory
ENSG00000074410,ivory
ENSG00000100300,ivory
ENSG00000101040,sienna
ENSG00000103145,lightsalmon
ENSG00000163939,ivory
ENSG00000185950,lawngreen
ENSG00000089006,darkred
ENSG00000099991,peru
ENSG00000102401,sienna
ENSG00000111906,bisque
ENSG00000128791,ivory
ENSG00000134954,ivory
ENSG00000143776,lightsalmon
ENSG00000173141,ivory
ENSG00000187446,lightsalmon
ENSG00000109099,ivory
ENSG00000137288,lightsalmon
ENSG00000149600,ivory
ENSG00000112759,lemonchiffon
ENSG00000123933,ivory
ENSG00000140391,bisque
ENSG00000143368,ivory
ENSG00000144747,lightsalmon
ENSG00000147889,ivory
ENSG00000163541,lightsalmon
ENSG00000168724,lightsalmon
ENSG00000173530,ivory
ENSG00000174442,bisque
ENSG00000023572,darkred
ENSG00000125995,forestgreen
ENSG00000134049,blanchedalmond
ENSG00000134375,bisque
ENSG00000168924,ivory
ENSG00000184990,ivory
ENSG00000225733,ivory
ENSG00000037474,goldenrod
ENSG00000055332,ivory
ENSG00000071994,lightsalmon
ENSG00000090889,ivory
ENSG00000100813,ivory
ENSG00000102898,ivory
ENSG00000123689,linen
ENSG00000136731,ivory
ENSG00000162413,lawngreen
ENSG00000169764,darkred
ENSG00000005075,lightsalmon
ENSG00000036054,darkred
ENSG00000054523,ivory
ENSG00000065911,ivory
ENSG00000146386,darkkhaki
ENSG00000165233,ivory
ENSG00000181467,ivory
ENSG00000293060,ivory
ENSG00000100714,bisque
ENSG00000104611,lightsalmon
ENSG00000126756,antiquewhite
ENSG00000147677,lightsalmon
ENSG00000157514,darkkhaki
ENSG00000157933,ivory
ENSG00000178464,lightsalmon
ENSG00000226243,lightsalmon
ENSG00000241553,ivory
ENSG00000078246,darkred
ENSG00000084733,ivory
ENSG00000090857,lawngreen
ENSG00000100211,sienna
ENSG00000116688,bisque
ENSG00000126903,ivory
ENSG00000136205,ivory
ENSG00000139180,lightsalmon
ENSG00000139437,lightsalmon
ENSG00000140350,ivory
ENSG00000162616,ivory
ENSG00000206527,ivory
ENSG00000065268,ivory
ENSG00000066135,ivory
ENSG00000108691,ivory
ENSG00000112208,blanchedalmond
ENSG00000120675,bisque
ENSG00000125450,darkolivegreen
ENSG00000125818,honeydew
ENSG00000138760,ivory
ENSG00000166130,palegreen
ENSG00000170545,blanchedalmond
ENSG00000174307,ivory
ENSG00000067955,blanchedalmond
ENSG00000122958,darkred
ENSG00000126457,ivory
ENSG00000150630,bisque
ENSG00000006468,blanchedalmond
ENSG00000125037,blanchedalmond
ENSG00000140941,ivory
ENSG00000143158,ivory
ENSG00000151923,blanchedalmond
ENSG00000152518,cornsilk
ENSG00000168827,darkred
ENSG00000100380,blanchedalmond
ENSG00000102900,goldenrod
ENSG00000117000,ivory
ENSG00000120963,ivory
ENSG00000132361,ivory
ENSG00000145390,ivory
ENSG00000164109,darkred
ENSG00000165424,ivory
ENSG00000198492,ivory
ENSG00000257727,darkred
ENSG00000040275,ivory
ENSG00000141582,ivory
ENSG00000147224,ivory
ENSG00000204381,ivory
ENSG00000266472,ivory
ENSG00000106392,darkred
ENSG00000120885,sienna
ENSG00000125351,lightsalmon
ENSG00000126749,darkred
ENSG00000141551,ivory
ENSG00000142657,ivory
ENSG00000171865,lightsalmon
ENSG00000172081,lightsalmon
ENSG00000173559,sienna
ENSG00000198168,blanchedalmond
ENSG00000105953,ivory
ENSG00000120992,ivory
ENSG00000124562,lightsalmon
ENSG00000132300,blanchedalmond
ENSG00000163577,darkred
ENSG00000180304,ivory
ENSG00000039123,red
ENSG00000103502,ivory
ENSG00000124155,sienna
ENSG00000135677,ivory
ENSG00000137207,darkred
ENSG00000139324,lightsalmon
ENSG00000152818,ivory
ENSG00000159720,ivory
ENSG00000164305,blanchedalmond
ENSG00000166833,sienna
ENSG00000173210,ivory
ENSG00000198954,darkred
ENSG00000240230,linen
ENSG00000071967,forestgreen
ENSG00000083168,ivory
ENSG00000100281,ivory
ENSG00000102225,ivory
ENSG00000102910,ivory
ENSG00000108510,ivory
ENSG00000110395,ivory
ENSG00000115234,ivory
ENSG00000116584,sienna
ENSG00000141030,blanchedalmond
ENSG00000153015,palegoldenrod
ENSG00000176915,ivory
ENSG00000177830,linen
ENSG00000204356,cornsilk
ENSG00000055211,lightsalmon
ENSG00000100461,lightsalmon
ENSG00000122042,darkred
ENSG00000125821,ivory
ENSG00000131828,darksalmon
ENSG00000140632,ivory
ENSG00000155115,darkred
ENSG00000170525,ivory
ENSG00000175792,ivory
ENSG00000178209,ivory
ENSG00000182512,ivory
ENSG00000213523,darkred
ENSG00000214253,ivory
ENSG00000048991,red
ENSG00000070214,ivory
ENSG00000117868,blanchedalmond
ENSG00000132842,ivory
ENSG00000135679,ivory
ENSG00000160563,goldenrod
ENSG00000171735,ivory
ENSG00000244754,lightsalmon
ENSG00000013583,ivory
ENSG00000103507,darkred
ENSG00000105722,sienna
ENSG00000114686,ivory
ENSG00000120686,ivory
ENSG00000141568,ivory
ENSG00000142507,ivory
ENSG00000145494,darkkhaki
ENSG00000149577,lawngreen
ENSG00000158604,ivory
ENSG00000171475,ivory
ENSG00000177565,ivory
ENSG00000213949,ivory
ENSG00000101474,bisque
ENSG00000103241,darkred
ENSG00000104447,red
ENSG00000105176,beige
ENSG00000105939,lightsalmon
ENSG00000116251,ivory
ENSG00000118473,lightsalmon
ENSG00000139921,ivory
ENSG00000144959,darkred
ENSG00000146425,forestgreen
ENSG00000253352,ivory
ENSG00000084093,darkred
ENSG00000092621,ivory
ENSG00000103202,lightsalmon
ENSG00000111145,ivory
ENSG00000113361,lightsalmon
ENSG00000141429,ivory
ENSG00000164896,ivory
ENSG00000166579,darkseagreen
ENSG00000172831,lightsalmon
ENSG00000198162,palegoldenrod
ENSG00000069011,lightsalmon
ENSG00000119801,ivory
ENSG00000128805,darkred
ENSG00000130176,ivory
ENSG00000136261,ivory
ENSG00000138592,darkred
ENSG00000144043,darkred
ENSG00000163848,blanchedalmond
ENSG00000167645,lightsalmon
ENSG00000186591,sienna
ENSG00000196498,ivory
ENSG00000072657,blanchedalmond
ENSG00000085719,ivory
ENSG00000112984,palegreen
ENSG00000113811,peru
ENSG00000115233,ivory
ENSG00000131495,lightsalmon
ENSG00000133773,lightsalmon
ENSG00000152661,ivory
ENSG00000154370,darkkhaki
ENSG00000198730,lightsalmon
ENSG00000100297,ivory
ENSG00000109814,darkred
ENSG00000111269,ivory
ENSG00000114346,darkred
ENSG00000140612,darkolivegreen
ENSG00000143183,bisque
ENSG00000151239,springgreen
ENSG00000159200,blanchedalmond
ENSG00000171241,darkred
ENSG00000173786,lightsalmon
ENSG00000047932,ivory
ENSG00000048544,ivory
ENSG00000049618,ivory
ENSG00000083642,lightsalmon
ENSG00000095139,cornsilk
ENSG00000110090,blanchedalmond
ENSG00000110107,sienna
ENSG00000137124,bisque
ENSG00000156052,ivory
ENSG00000183207,ivory
ENSG00000184661,lightsalmon
ENSG00000196510,darkred
ENSG00000198015,darkred
ENSG00000227462,lightsalmon
ENSG00000074696,ivory
ENSG00000101871,ivory
ENSG00000102181,sienna
ENSG00000103855,ivory
ENSG00000119138,ivory
ENSG00000123989,lightsalmon
ENSG00000157657,ivory
ENSG00000159199,ivory
ENSG00000170734,ivory
ENSG00000172500,beige
ENSG00000013375,lightsalmon
ENSG00000029153,darkred
ENSG00000033627,ivory
ENSG00000105058,darksalmon
ENSG00000106244,ivory
ENSG00000135837,ivory
ENSG00000146833,ivory
ENSG00000149218,lightsalmon
ENSG00000159352,blanchedalmond
ENSG00000174136,ivory
ENSG00000196937,ivory
ENSG00000204217,ivory
ENSG00000214517,ivory
ENSG00000078304,darkred
ENSG00000097007,ivory
ENSG00000111237,forestgreen
ENSG00000163866,bisque
ENSG00000182199,ivory
ENSG00000182326,ivory
ENSG00000185624,ivory
ENSG00000006634,blanchedalmond
ENSG00000075407,sienna
ENSG00000090861,ivory
ENSG00000093167,lightsalmon
ENSG00000101193,antiquewhite
ENSG00000105404,ivory
ENSG00000109171,ivory
ENSG00000124784,lightsalmon
ENSG00000130724,blanchedalmond
ENSG00000136108,ivory
ENSG00000139168,cornsilk
ENSG00000143222,darksalmon
ENSG00000153214,ivory
ENSG00000176261,darksalmon
ENSG00000180957,bisque
ENSG00000185697,lightsalmon
ENSG00000116161,lightsalmon
ENSG00000136861,ivory
ENSG00000173465,forestgreen
ENSG00000180530,ivory
ENSG00000196642,darkred
ENSG00000113441,antiquewhite
ENSG00000118579,ivory
ENSG00000120265,forestgreen
ENSG00000133606,ivory
ENSG00000136732,red
ENSG00000138735,ivory
ENSG00000147548,lightsalmon
ENSG00000147669,bisque
ENSG00000162385,ivory
ENSG00000186660,ivory
ENSG00000197457,lightsalmon
ENSG00000257704,antiquewhite
ENSG00000087053,bisque
ENSG00000104368,blanchedalmond
ENSG00000132467,bisque
ENSG00000133872,lightsalmon
ENSG00000139746,ivory
ENSG00000142945,darkred
ENSG00000160613,sienna
ENSG00000164171,ivory
ENSG00000178950,ivory
ENSG00000244187,ivory
ENSG00000008294,sienna
ENSG00000065154,linen
ENSG00000103197,ivory
ENSG00000123178,blanchedalmond
ENSG00000162961,forestgreen
ENSG00000165525,lightsalmon
ENSG00000168175,ivory
ENSG00000173039,ivory
ENSG00000176102,ivory
ENSG00000184575,ivory
ENSG00000197982,beige
ENSG00000213864,lightsalmon
ENSG00000100139,darkred
ENSG00000106829,sienna
ENSG00000137177,ivory
ENSG00000138594,peru
ENSG00000147853,ivory
ENSG00000160310,ivory
ENSG00000230124,lightsalmon
ENSG00000064115,blanchedalmond
ENSG00000075223,lightsalmon
ENSG00000100503,ivory
ENSG00000108055,lightsalmon
ENSG00000110958,ivory
ENSG00000122591,ivory
ENSG00000163659,blanchedalmond
ENSG00000170876,ivory
ENSG00000182628,ivory
ENSG00000183779,lightsalmon
ENSG00000184216,ivory
ENSG00000188021,lightsalmon
ENSG00000253729,ivory
ENSG00000254999,ivory
ENSG00000006282,lightsalmon
ENSG00000064651,blanchedalmond
ENSG00000084754,ivory
ENSG00000107263,ivory
ENSG00000110002,beige
ENSG00000120075,ivory
ENSG00000124570,ivory
ENSG00000139329,honeydew
ENSG00000151422,red
ENSG00000162368,ivory
ENSG00000168411,ivory
ENSG00000065809,ivory
ENSG00000072364,ivory
ENSG00000078668,forestgreen
ENSG00000109736,ivory
ENSG00000112249,ivory
ENSG00000114650,ivory
ENSG00000127463,red
ENSG00000133961,blanchedalmond
ENSG00000134453,darkred
ENSG00000138069,lightsalmon
ENSG00000167693,antiquewhite
ENSG00000178498,linen
ENSG00000179115,ivory
ENSG00000104722,darkred
ENSG00000127540,ivory
ENSG00000128228,blanchedalmond
ENSG00000151465,ivory
ENSG00000168701,lightsalmon
ENSG00000198586,darkred
ENSG00000010278,blanchedalmond
ENSG00000049130,blanchedalmond
ENSG00000083857,darkred
ENSG00000133313,darkred
ENSG00000137500,ivory
ENSG00000158435,sienna
ENSG00000173821,ivory
ENSG00000180198,sienna
ENSG00000198836,ivory
ENSG00000077254,blanchedalmond
ENSG00000092820,ivory
ENSG00000102580,blanchedalmond
ENSG00000107758,ivory
ENSG00000116171,ivory
ENSG00000120738,ivory
ENSG00000125257,ivory
ENSG00000130382,lightsalmon
ENSG00000132604,ivory
ENSG00000136999,ivory
ENSG00000162604,ivory
ENSG00000164114,lightsalmon
ENSG00000165417,ivory
ENSG00000176014,ivory
ENSG00000186522,ivory
ENSG00000197111,ivory
ENSG00000266402,ivory
ENSG00000272888,ivory
ENSG00000100219,ivory
ENSG00000106554,darkkhaki
ENSG00000115216,darkred
ENSG00000121691,lightsalmon
ENSG00000140367,ivory
ENSG00000155463,ivory
ENSG00000163960,ivory
ENSG00000166347,ivory
ENSG00000224078,ivory
ENSG00000001461,ivory
ENSG00000092964,ivory
ENSG00000114316,lightsalmon
ENSG00000115839,lightsalmon
ENSG00000130725,lightsalmon
ENSG00000131871,red
ENSG00000153048,coral
ENSG00000166801,ivory
ENSG00000183137,darkred
ENSG00000260027,bisque
ENSG00000039523,ivory
ENSG00000047249,blanchedalmond
ENSG00000111252,darkred
ENSG00000121022,lightsalmon
ENSG00000139618,ivory
ENSG00000151849,ivory
ENSG00000162512,ivory
ENSG00000164091,ivory
ENSG00000166233,lightsalmon
ENSG00000168036,ivory
ENSG00000171148,lightsalmon
ENSG00000228300,beige
ENSG00000265491,ivory
ENSG00000077238,ivory
ENSG00000079785,ivory
ENSG00000085415,blanchedalmond
ENSG00000089048,lightsalmon
ENSG00000102038,ivory
ENSG00000116005,sienna
ENSG00000123485,darkred
ENSG00000126773,ivory
ENSG00000138029,bisque
ENSG00000163507,lightsalmon
ENSG00000163946,ivory
ENSG00000168303,ivory
ENSG00000173436,blanchedalmond
ENSG00000187840,lightsalmon
ENSG00000232388,ivory
ENSG00000071859,lightsalmon
ENSG00000089351,lightsalmon
ENSG00000100280,antiquewhite
ENSG00000104442,ivory
ENSG00000120800,lightsalmon
ENSG00000135250,ivory
ENSG00000142599,ivory
ENSG00000184226,darkred
ENSG00000198663,darkred
ENSG00000018408,darkred
ENSG00000105821,lightsalmon
ENSG00000112742,darkred
ENSG00000117139,sienna
ENSG00000125656,ivory
ENSG00000133059,lightsalmon
ENSG00000148730,ivory
ENSG00000162599,lightsalmon
ENSG00000164978,darksalmon
ENSG00000197345,darksalmon
ENSG00000101882,bisque
ENSG00000108826,darkolivegreen
ENSG00000113312,bisque
ENSG00000135720,ivory
ENSG00000143537,ivory
ENSG00000151176,lightsalmon
ENSG00000155760,ivory
ENSG00000172819,ivory
ENSG00000197170,darkred
ENSG00000011009,ivory
ENSG00000083937,ivory
ENSG00000092853,lightsalmon
ENSG00000101557,ivory
ENSG00000102309,darksalmon
ENSG00000106399,lightsalmon
ENSG00000107771,lightsalmon
ENSG00000110047,ivory
ENSG00000115307,darkred
ENSG00000135842,ivory
ENSG00000136450,forestgreen
ENSG00000143228,ivory
ENSG00000144566,blanchedalmond
ENSG00000149269,ivory
ENSG00000155229,forestgreen
ENSG00000169925,peru
ENSG00000170242,red
ENSG00000171135,lightsalmon
ENSG00000171302,ivory
ENSG00000242588,darkred
ENSG00000052723,blanchedalmond
ENSG00000106034,blanchedalmond
ENSG00000122705,ivory
ENSG00000138398,lightsalmon
ENSG00000144824,lightsalmon
ENSG00000146701,beige
ENSG00000150403,ivory
ENSG00000155876,ivory
ENSG00000164291,ivory
ENSG00000166136,red
ENSG00000173598,lightsalmon
ENSG00000184014,ivory
ENSG00000058799,bisque
ENSG00000100410,blanchedalmond
ENSG00000104067,peru
ENSG00000105559,ivory
ENSG00000111674,lightsalmon
ENSG00000111707,honeydew
ENSG00000116962,ivory
ENSG00000119402,ivory
ENSG00000121289,lightsalmon
ENSG00000125877,honeydew
ENSG00000128283,ivory
ENSG00000131773,forestgreen
ENSG00000132294,ivory
ENSG00000134644,ivory
ENSG00000139318,blanchedalmond
ENSG00000141510,lightsalmon
ENSG00000143420,darkred
ENSG00000148337,darkred
ENSG00000159348,ivory
ENSG00000164190,ivory
ENSG00000175390,honeydew
ENSG00000177889,ivory
ENSG00000184203,ivory
ENSG00000188342,bisque
ENSG00000196549,lightsalmon
ENSG00000197535,ivory
ENSG00000198901,ivory
ENSG00000106484,palegreen
ENSG00000111817,ivory
ENSG00000118515,darkred
ENSG00000164209,lightsalmon
ENSG00000166949,lightsalmon
ENSG00000167770,ivory
ENSG00000169857,lightsalmon
ENSG00000205250,forestgreen
ENSG00000214194,bisque
ENSG00000055044,blanchedalmond
ENSG00000068796,ivory
ENSG00000084073,darkred
ENSG00000104660,blanchedalmond
ENSG00000105976,lightsalmon
ENSG00000106591,ivory
ENSG00000126453,ivory
ENSG00000133030,lightsalmon
ENSG00000137193,antiquewhite
ENSG00000142634,forestgreen
ENSG00000145675,ivory
ENSG00000154813,ivory
ENSG00000156802,beige
ENSG00000164975,lightsalmon
ENSG00000166562,bisque
ENSG00000175727,ivory
ENSG00000179085,ivory
ENSG00000183495,sienna
ENSG00000211456,linen
ENSG00000225746,sienna
ENSG00000055483,ivory
ENSG00000062194,lemonchiffon
ENSG00000104756,darkred
ENSG00000116685,darkolivegreen
ENSG00000118418,darkred
ENSG00000123213,darkred
ENSG00000131475,darkred
ENSG00000139718,ivory
ENSG00000153560,ivory
ENSG00000158669,lightsalmon
ENSG00000197858,ivory
ENSG00000117500,darkred
ENSG00000118260,ivory
ENSG00000118855,darkred
ENSG00000123131,ivory
ENSG00000148634,ivory
ENSG00000159210,lawngreen
ENSG00000165632,lightsalmon
ENSG00000166848,ivory
ENSG00000170638,ivory
ENSG00000196715,lightsalmon
ENSG00000197157,ivory
ENSG00000239306,ivory
ENSG00000100364,darksalmon
ENSG00000107021,ivory
ENSG00000112118,blanchedalmond
ENSG00000112308,ivory
ENSG00000123908,ivory
ENSG00000125651,lightsalmon
ENSG00000136868,forestgreen
ENSG00000140650,ivory
ENSG00000140836,lightsalmon
ENSG00000165029,ivory
ENSG00000175573,ivory
ENSG00000181458,ivory
ENSG00000197579,blanchedalmond
ENSG00000012660,ivory
ENSG00000090905,ivory
ENSG00000122966,blanchedalmond
ENSG00000133169,ivory
ENSG00000134597,darkred
ENSG00000136104,lightsalmon
ENSG00000143793,bisque
ENSG00000181924,blanchedalmond
ENSG00000184897,ivory
ENSG00000204856,blanchedalmond
ENSG00000015475,lightsalmon
ENSG00000110717,lightsalmon
ENSG00000110841,ivory
ENSG00000111371,blanchedalmond
ENSG00000112343,palegoldenrod
ENSG00000117152,blanchedalmond
ENSG00000120333,ivory
ENSG00000137955,darkseagreen
ENSG00000144426,ivory
ENSG00000155959,bisque
ENSG00000163349,ivory
ENSG00000168259,coral
ENSG00000184983,darksalmon
ENSG00000198874,lightsalmon
ENSG00000276043,forestgreen
ENSG00000112983,lightsalmon
ENSG00000139990,lightsalmon
ENSG00000144028,sienna
ENSG00000146007,ivory
ENSG00000160216,ivory
ENSG00000163660,ivory
ENSG00000166847,ivory
ENSG00000176678,blanchedalmond
ENSG00000210112,lightsalmon
ENSG00000023608,lightsalmon
ENSG00000086061,darkred
ENSG00000100442,lightsalmon
ENSG00000108349,ivory
ENSG00000115355,lightsalmon
ENSG00000121274,ivory
ENSG00000126653,lightsalmon
ENSG00000136950,darkkhaki
ENSG00000137106,lightsalmon
ENSG00000137776,lightsalmon
ENSG00000144118,sienna
ENSG00000144320,darkred
ENSG00000148180,honeydew
ENSG00000152223,blanchedalmond
ENSG00000164163,darkred
ENSG00000164733,linen
ENSG00000164818,ivory
ENSG00000168685,ivory
ENSG00000170955,ivory
ENSG00000183160,ivory
ENSG00000185104,darkkhaki
ENSG00000213024,ivory
ENSG00000004897,ivory
ENSG00000014824,darksalmon
ENSG00000020129,darkolivegreen
ENSG00000087586,ivory
ENSG00000103194,lightsalmon
ENSG00000104356,darksalmon
ENSG00000105755,ivory
ENSG00000109917,bisque
ENSG00000114738,ivory
ENSG00000115241,ivory
ENSG00000124383,lightsalmon
ENSG00000125901,ivory
ENSG00000128609,darksalmon
ENSG00000137812,ivory
ENSG00000156515,ivory
ENSG00000167987,ivory
ENSG00000169446,darkolivegreen
ENSG00000169499,lightsalmon
ENSG00000172340,darkolivegreen
ENSG00000173546,ivory
ENSG00000173917,ivory
ENSG00000188554,ivory
ENSG00000215193,lightsalmon
ENSG00000071243,darksalmon
ENSG00000101337,darkolivegreen
ENSG00000143164,ivory
ENSG00000148843,peru
ENSG00000149923,darkolivegreen
ENSG00000171345,ivory
ENSG00000182944,ivory
ENSG00000198625,ivory
ENSG00000209082,ivory
ENSG00000049239,ivory
ENSG00000070367,ivory
ENSG00000103353,ivory
ENSG00000109534,ivory
ENSG00000117399,ivory
ENSG00000119865,lightsalmon
ENSG00000123545,blanchedalmond
ENSG00000128923,honeydew
ENSG00000129515,ivory
ENSG00000138835,sienna
ENSG00000158042,darkred
ENSG00000164930,darkred
ENSG00000198176,darkkhaki
ENSG00000221963,ivory
ENSG00000081307,lightsalmon
ENSG00000089916,ivory
ENSG00000090615,ivory
ENSG00000113615,darkred
ENSG00000126226,ivory
ENSG00000132669,ivory
ENSG00000147155,darksalmon
ENSG00000152465,ivory
ENSG00000163918,darksalmon
ENSG00000180901,darkolivegreen
ENSG00000015676,darkred
ENSG00000099331,lightsalmon
ENSG00000106144,ivory
ENSG00000109089,darkkhaki
ENSG00000109689,lightsalmon
ENSG00000116237,blanchedalmond
ENSG00000117906,ivory
ENSG00000126005,red
ENSG00000129493,sienna
ENSG00000142892,darkred
ENSG00000145147,ivory
ENSG00000153774,ivory
ENSG00000165572,red
ENSG00000178952,palegreen
ENSG00000213015,lightsalmon
ENSG00000274070,lightsalmon
ENSG00000006016,sienna
ENSG00000012061,lightsalmon
ENSG00000061273,blanchedalmond
ENSG00000076003,darkred
ENSG00000091542,ivory
ENSG00000104969,cornsilk
ENSG00000105397,ivory
ENSG00000117475,darkred
ENSG00000122126,ivory
ENSG00000124222,ivory
ENSG00000124802,darkred
ENSG00000132912,ivory
ENSG00000138430,darkred
ENSG00000140950,blanchedalmond
ENSG00000143797,ivory
ENSG00000148498,palegoldenrod
ENSG00000151552,ivory
ENSG00000163348,antiquewhite
ENSG00000163605,ivory
ENSG00000163781,darkred
ENSG00000167657,darkred
ENSG00000173575,lightsalmon
ENSG00000291080,blanchedalmond
ENSG00000021762,ivory
ENSG00000051108,ivory
ENSG00000104549,ivory
ENSG00000105327,ivory
ENSG00000111011,ivory
ENSG00000116754,lightsalmon
ENSG00000119979,ivory
ENSG00000120860,bisque
ENSG00000143398,ivory
ENSG00000152104,ivory
ENSG00000172262,darkred
ENSG00000172893,ivory
ENSG00000182093,blanchedalmond
ENSG00000183258,lawngreen
ENSG00000205726,lightsalmon
ENSG00000228305,bisque
ENSG00000111450,ivory
ENSG00000116704,blanchedalmond
ENSG00000144021,lightsalmon
ENSG00000145919,ivory
ENSG00000166033,ivory
ENSG00000166747,darkred
ENSG00000169045,darkred
ENSG00000169490,forestgreen
ENSG00000176101,ivory
ENSG00000187240,red
ENSG00000198887,ivory
ENSG00000067533,ivory
ENSG00000075239,ivory
ENSG00000089220,lightsalmon
ENSG00000133104,ivory
ENSG00000134371,ivory
ENSG00000140307,darkred
ENSG00000172992,red
ENSG00000175756,ivory
ENSG00000230590,lightsalmon
ENSG00000243829,darksalmon
ENSG00000023041,forestgreen
ENSG00000105270,lightsalmon
ENSG00000109084,ivory
ENSG00000117360,forestgreen
ENSG00000130340,ivory
ENSG00000146143,darkred
ENSG00000146433,ivory
ENSG00000147164,ivory
ENSG00000149503,lawngreen
ENSG00000151131,darksalmon
ENSG00000151746,ivory
ENSG00000152558,ivory
ENSG00000159692,red
ENSG00000162191,antiquewhite
ENSG00000162607,darkred
ENSG00000164087,beige
ENSG00000165813,ivory
ENSG00000174938,sienna
ENSG00000177732,ivory
ENSG00000179134,ivory
ENSG00000186566,blanchedalmond
ENSG00000198356,ivory
ENSG00000010295,darksalmon
ENSG00000040633,bisque
ENSG00000055950,bisque
ENSG00000074603,ivory
ENSG00000099246,ivory
ENSG00000117691,ivory
ENSG00000131876,blanchedalmond
ENSG00000134138,lightsalmon
ENSG00000149636,palegreen
ENSG00000173068,linen
ENSG00000173207,ivory
ENSG00000173517,sienna
ENSG00000188647,ivory
ENSG00000238103,bisque
ENSG00000083520,lightsalmon
ENSG00000086015,sienna
ENSG00000096060,blanchedalmond
ENSG00000096746,darkolivegreen
ENSG00000101966,ivory
ENSG00000109133,blanchedalmond
ENSG00000110075,ivory
ENSG00000119280,ivory
ENSG00000134086,ivory
ENSG00000150776,honeydew
ENSG00000154027,bisque
ENSG00000167969,lightsalmon
ENSG00000186298,darkred
ENSG00000055609,ivory
ENSG00000079432,lightsalmon
ENSG00000116221,ivory
ENSG00000138279,ivory
ENSG00000139641,lightsalmon
ENSG00000143337,blanchedalmond
ENSG00000143543,ivory
ENSG00000147454,ivory
ENSG00000159579,blanchedalmond
ENSG00000165092,lightsalmon
ENSG00000166508,ivory
ENSG00000170633,ivory
ENSG00000172638,ivory
ENSG00000177374,ivory
ENSG00000183354,red
ENSG00000198677,lightsalmon
ENSG00000011198,ivory
ENSG00000064419,ivory
ENSG00000069345,ivory
ENSG00000072571,darkred
ENSG00000090013,red
ENSG00000108256,ivory
ENSG00000111581,blanchedalmond
ENSG00000115159,linen
ENSG00000116698,ivory
ENSG00000116857,ivory
ENSG00000133265,ivory
ENSG00000137809,lightsalmon
ENSG00000138078,ivory
ENSG00000150760,ivory
ENSG00000166908,ivory
ENSG00000168476,coral
ENSG00000169733,ivory
ENSG00000179958,darkred
ENSG00000185236,palegreen
ENSG00000197451,ivory
ENSG00000249669,lightsalmon
ENSG00000075218,ivory
ENSG00000101444,darkolivegreen
ENSG00000116906,lightsalmon
ENSG00000131669,ivory
ENSG00000132313,bisque
ENSG00000133884,ivory
ENSG00000139734,lightsalmon
ENSG00000156587,lightsalmon
ENSG00000170035,ivory
ENSG00000181555,ivory
ENSG00000184277,darksalmon
ENSG00000188677,darkred
ENSG00000204442,ivory
ENSG00000008311,red
ENSG00000050393,forestgreen
ENSG00000087302,darkred
ENSG00000103005,darkolivegreen
ENSG00000119041,lightsalmon
ENSG00000126787,lemonchiffon
ENSG00000130119,ivory
ENSG00000140299,ivory
ENSG00000140983,ivory
ENSG00000144815,lightsalmon
ENSG00000152332,blanchedalmond
ENSG00000162104,ivory
ENSG00000163374,ivory
ENSG00000167323,linen
ENSG00000181826,darkred
ENSG00000182963,ivory
ENSG00000196544,sienna
ENSG00000204842,ivory
ENSG00000270069,ivory
ENSG00000033178,ivory
ENSG00000044459,sienna
ENSG00000077235,ivory
ENSG00000085832,darkred
ENSG00000117228,ivory
ENSG00000123179,darkred
ENSG00000124702,ivory
ENSG00000129355,lightsalmon
ENSG00000134014,lightsalmon
ENSG00000134982,ivory
ENSG00000137273,ivory
ENSG00000138600,blanchedalmond
ENSG00000140990,lightsalmon
ENSG00000152684,lightsalmon
ENSG00000173065,lightsalmon
ENSG00000175216,ivory
ENSG00000178074,darkred
ENSG00000223768,ivory
ENSG00000017483,ivory
ENSG00000035681,ivory
ENSG00000059804,ivory
ENSG00000083457,forestgreen
ENSG00000102781,blanchedalmond
ENSG00000117335,ivory
ENSG00000118939,lightsalmon
ENSG00000127616,antiquewhite
ENSG00000130560,ivory
ENSG00000130935,darkolivegreen
ENSG00000134668,ivory
ENSG00000143970,sienna
ENSG00000145431,ivory
ENSG00000149115,ivory
ENSG00000155816,darkred
ENSG00000156970,ivory
ENSG00000159423,red
ENSG00000162923,ivory
ENSG00000163431,ivory
ENSG00000163950,darkred
ENSG00000165609,darkred
ENSG00000167258,ivory
ENSG00000168958,ivory
ENSG00000172403,lightsalmon
ENSG00000182809,lightsalmon
ENSG00000186834,ivory
ENSG00000213853,ivory
ENSG00000005156,ivory
ENSG00000089289,ivory
ENSG00000100335,ivory
ENSG00000101911,darkred
ENSG00000105520,blanchedalmond
ENSG00000106460,ivory
ENSG00000112531,ivory
ENSG00000118193,lightsalmon
ENSG00000119321,lightsalmon
ENSG00000130811,linen
ENSG00000155438,bisque
ENSG00000167491,ivory
ENSG00000169189,palegreen
ENSG00000170037,ivory
ENSG00000174891,darkred
ENSG00000004961,ivory
ENSG00000082641,lightsalmon
ENSG00000109519,blanchedalmond
ENSG00000111961,ivory
ENSG00000113460,lightgreen
ENSG00000121644,ivory
ENSG00000126391,antiquewhite
ENSG00000130764,linen
ENSG00000136718,lightsalmon
ENSG00000156860,ivory
ENSG00000168291,lightsalmon
ENSG00000178691,ivory
ENSG00000185900,ivory
ENSG00000213923,ivory
ENSG00000022840,sienna
ENSG00000067141,ivory
ENSG00000075413,ivory
ENSG00000093144,blanchedalmond
ENSG00000112237,lightsalmon
ENSG00000112312,darkred
ENSG00000118058,ivory
ENSG00000130517,sienna
ENSG00000136819,blanchedalmond
ENSG00000138777,darkred
ENSG00000140943,ivory
ENSG00000152147,bisque
ENSG00000159322,ivory
ENSG00000164081,ivory
ENSG00000181026,forestgreen
ENSG00000196535,sienna
ENSG00000197265,ivory
ENSG00000198265,ivory
ENSG00000023902,ivory
ENSG00000090530,darkred
ENSG00000100266,ivory
ENSG00000101745,lightsalmon
ENSG00000105197,ivory
ENSG00000119487,palegreen
ENSG00000124006,red
ENSG00000124207,darkred
ENSG00000131873,ivory
ENSG00000134265,darkred
ENSG00000142208,ivory
ENSG00000143149,bisque
ENSG00000145780,darkred
ENSG00000148399,darkolivegreen
ENSG00000148450,ivory
ENSG00000161813,darkred
ENSG00000177192,ivory
ENSG00000197965,blanchedalmond
ENSG00000069956,ivory
ENSG00000083799,darkred
ENSG00000090020,antiquewhite
ENSG00000111300,ivory
ENSG00000117505,ivory
ENSG00000135018,ivory
ENSG00000137501,ivory
ENSG00000139668,darkred
ENSG00000145349,ivory
ENSG00000155111,ivory
ENSG00000164144,blanchedalmond
ENSG00000173852,bisque
ENSG00000198818,ivory
ENSG00000247516,darkkhaki
ENSG00000289194,ivory
ENSG00000067208,ivory
ENSG00000103653,blanchedalmond
ENSG00000105171,forestgreen
ENSG00000105258,cornsilk
ENSG00000110031,blanchedalmond
ENSG00000121851,lightsalmon
ENSG00000131844,lightsalmon
ENSG00000136710,ivory
ENSG00000140092,ivory
ENSG00000152767,ivory
ENSG00000182180,coral
ENSG00000186480,ivory
ENSG00000243667,antiquewhite
ENSG00000026103,blanchedalmond
ENSG00000042445,peru
ENSG00000111665,ivory
ENSG00000113328,palegreen
ENSG00000114978,ivory
ENSG00000116670,lightsalmon
ENSG00000120306,ivory
ENSG00000136715,lightsalmon
ENSG00000145354,darksalmon
ENSG00000145860,ivory
ENSG00000147874,darkred
ENSG00000163162,ivory
ENSG00000170471,ivory
ENSG00000177119,ivory
ENSG00000184232,antiquewhite
ENSG00000196792,ivory
ENSG00000198642,ivory
ENSG00000198768,ivory
ENSG00000071553,bisque
ENSG00000100888,ivory
ENSG00000101439,ivory
ENSG00000101447,ivory
ENSG00000105393,ivory
ENSG00000106443,blanchedalmond
ENSG00000116717,blanchedalmond
ENSG00000117640,darkred
ENSG00000127022,lawngreen
ENSG00000129518,honeydew
ENSG00000146729,ivory
ENSG00000164182,bisque
ENSG00000167700,ivory
ENSG00000168575,ivory
ENSG00000171914,darkkhaki
ENSG00000172046,linen
ENSG00000172086,darkkhaki
ENSG00000172534,ivory
ENSG00000182606,antiquewhite
ENSG00000187098,ivory
ENSG00000010270,blanchedalmond
ENSG00000080608,palegoldenrod
ENSG00000085117,red
ENSG00000086666,ivory
ENSG00000101152,darkkhaki
ENSG00000103490,ivory
ENSG00000108528,palegreen
ENSG00000111640,beige
ENSG00000116641,forestgreen
ENSG00000126950,ivory
ENSG00000130414,ivory
ENSG00000136048,ivory
ENSG00000143319,ivory
ENSG00000143811,blanchedalmond
ENSG00000153815,ivory
ENSG00000154832,ivory
ENSG00000177556,ivory
ENSG00000189077,antiquewhite
ENSG00000205683,blanchedalmond
ENSG00000220749,darksalmon
ENSG00000245910,cornsilk
ENSG00000010292,ivory
ENSG00000011451,ivory
ENSG00000081870,forestgreen
ENSG00000089248,honeydew
ENSG00000100225,ivory
ENSG00000100422,darkseagreen
ENSG00000108883,ivory
ENSG00000110344,ivory
ENSG00000125398,ivory
ENSG00000125826,ivory
ENSG00000130313,lightsalmon
ENSG00000132471,ivory
ENSG00000135870,peru
ENSG00000137267,cornsilk
ENSG00000141456,lightsalmon
ENSG00000143889,darkred
ENSG00000160783,blanchedalmond
ENSG00000161888,bisque
ENSG00000163558,ivory
ENSG00000164244,ivory
ENSG00000170385,ivory
ENSG00000185085,ivory
ENSG00000198060,bisque
ENSG00000223496,ivory
ENSG00000250317,lightsalmon
ENSG00000100241,ivory
ENSG00000100697,ivory
ENSG00000103591,darkolivegreen
ENSG00000107175,peru
ENSG00000108523,lightsalmon
ENSG00000112667,darkred
ENSG00000115419,ivory
ENSG00000117450,palegreen
ENSG00000120896,darkred
ENSG00000130830,ivory
ENSG00000134779,ivory
ENSG00000134987,ivory
ENSG00000135387,ivory
ENSG00000138031,darkred
ENSG00000138459,darkred
ENSG00000150961,blanchedalmond
ENSG00000162378,ivory
ENSG00000163728,lightsalmon
ENSG00000166311,darksalmon
ENSG00000169398,ivory
ENSG00000169604,ivory
ENSG00000170779,ivory
ENSG00000171792,lightsalmon
ENSG00000198752,ivory
ENSG00000007202,lightsalmon
ENSG00000011007,beige
ENSG00000048740,ivory
ENSG00000049860,darkolivegreen
ENSG00000100865,blanchedalmond
ENSG00000107290,ivory
ENSG00000108061,ivory
ENSG00000108561,forestgreen
ENSG00000112033,lightsalmon
ENSG00000112893,blanchedalmond
ENSG00000117620,ivory
ENSG00000130338,ivory
ENSG00000132254,lightsalmon
ENSG00000134313,ivory
ENSG00000139793,lightsalmon
ENSG00000145901,goldenrod
ENSG00000154736,ivory
ENSG00000157036,ivory
ENSG00000165458,darkkhaki
ENSG00000187147,ivory
ENSG00000196935,ivory
ENSG00000198113,darkred
ENSG00000088256,ivory
ENSG00000099624,lightsalmon
ENSG00000102393,lightsalmon
ENSG00000102871,darkred
ENSG00000105443,ivory
ENSG00000108039,darkseagreen
ENSG00000108582,ivory
ENSG00000113761,goldenrod
ENSG00000116191,ivory
ENSG00000138698,darkred
ENSG00000145685,ivory
ENSG00000153310,lawngreen
ENSG00000156471,forestgreen
ENSG00000162063,ivory
ENSG00000179833,lightsalmon
ENSG00000184867,ivory
ENSG00000197771,darkred
ENSG00000029364,darkred
ENSG00000064995,lightsalmon
ENSG00000075856,ivory
ENSG00000099904,ivory
ENSG00000102804,bisque
ENSG00000106348,lightsalmon
ENSG00000117751,lightsalmon
ENSG00000134986,beige
ENSG00000137275,antiquewhite
ENSG00000137845,ivory
ENSG00000138095,ivory
ENSG00000140931,ivory
ENSG00000143924,beige
ENSG00000145725,ivory
ENSG00000156110,bisque
ENSG00000157637,ivory
ENSG00000166181,ivory
ENSG00000171681,ivory
ENSG00000089053,ivory
ENSG00000096401,darkred
ENSG00000104853,lightsalmon
ENSG00000115368,blanchedalmond
ENSG00000121073,forestgreen
ENSG00000148468,lightsalmon
ENSG00000166260,darkred
ENSG00000169032,blanchedalmond
ENSG00000187678,blanchedalmond
ENSG00000060237,ivory
ENSG00000061936,sienna
ENSG00000101189,darkred
ENSG00000106397,ivory
ENSG00000115540,beige
ENSG00000116353,bisque
ENSG00000125686,ivory
ENSG00000132128,ivory
ENSG00000135966,ivory
ENSG00000136521,darkred
ENSG00000136875,darkred
ENSG00000137492,ivory
ENSG00000139842,ivory
ENSG00000142687,sienna
ENSG00000143401,ivory
ENSG00000144583,ivory
ENSG00000156535,ivory
ENSG00000161526,lightsalmon
ENSG00000173744,ivory
ENSG00000175029,ivory
ENSG00000204138,ivory
ENSG00000258102,goldenrod
ENSG00000021776,ivory
ENSG00000055917,darkred
ENSG00000066777,sienna
ENSG00000089154,red
ENSG00000099949,ivory
ENSG00000106462,forestgreen
ENSG00000109920,red
ENSG00000113575,ivory
ENSG00000115107,blanchedalmond
ENSG00000118705,lightsalmon
ENSG00000131013,ivory
ENSG00000132466,darkred
ENSG00000138801,ivory
ENSG00000153922,lightsalmon
ENSG00000163956,darkred
ENSG00000169083,ivory
ENSG00000170832,lightsalmon
ENSG00000187051,darkred
ENSG00000226479,blanchedalmond
ENSG00000235175,lightsalmon
ENSG00000288722,blanchedalmond
ENSG00000033170,darkred
ENSG00000066629,bisque
ENSG00000074054,lightsalmon
ENSG00000077152,lightgreen
ENSG00000077232,lightsalmon
ENSG00000085998,ivory
ENSG00000105419,ivory
ENSG00000107789,ivory
ENSG00000108312,ivory
ENSG00000113569,darkred
ENSG00000116747,ivory
ENSG00000117543,sienna
ENSG00000126062,ivory
ENSG00000136068,lemonchiffon
ENSG00000143995,ivory
ENSG00000148688,red
ENSG00000164506,ivory
ENSG00000165669,forestgreen
ENSG00000167699,ivory
ENSG00000179151,lightsalmon
ENSG00000182827,darkred
ENSG00000213563,ivory
ENSG00000248333,lightsalmon
ENSG00000293352,lightsalmon
ENSG00000002834,blanchedalmond
ENSG00000014919,honeydew
ENSG00000056050,lightgreen
ENSG00000071539,blanchedalmond
ENSG00000090372,blanchedalmond
ENSG00000100852,lightsalmon
ENSG00000101146,ivory
ENSG00000111670,ivory
ENSG00000126814,ivory
ENSG00000130449,ivory
ENSG00000133119,bisque
ENSG00000134851,ivory
ENSG00000137713,ivory
ENSG00000145293,ivory
ENSG00000148334,sienna
ENSG00000157557,ivory
ENSG00000165494,blanchedalmond
ENSG00000165934,ivory
ENSG00000172775,lightsalmon
ENSG00000177917,peru
ENSG00000182831,blanchedalmond
ENSG00000184863,lightsalmon
ENSG00000187239,sienna
ENSG00000189337,ivory
ENSG00000196663,ivory
ENSG00000196712,ivory
ENSG00000213625,ivory
ENSG00000243964,goldenrod
ENSG00000286219,darkkhaki
ENSG00000022267,lightsalmon
ENSG00000034713,coral
ENSG00000076984,ivory
ENSG00000079950,bisque
ENSG00000112787,ivory
ENSG00000113048,ivory
ENSG00000119471,red
ENSG00000122870,lightsalmon
ENSG00000127870,darkred
ENSG00000133275,ivory
ENSG00000136147,ivory
ENSG00000136709,ivory
ENSG00000149591,goldenrod
ENSG00000156504,ivory
ENSG00000165055,red
ENSG00000168078,darkred
ENSG00000180104,ivory
ENSG00000180488,ivory
ENSG00000184557,palegreen
ENSG00000061337,ivory
ENSG00000063587,ivory
ENSG00000069399,ivory
ENSG00000112305,darksalmon
ENSG00000112578,ivory
ENSG00000114450,darkred
ENSG00000116478,ivory
ENSG00000117280,ivory
ENSG00000122884,ivory
ENSG00000127481,ivory
ENSG00000127663,ivory
ENSG00000136986,antiquewhite
ENSG00000137941,ivory
ENSG00000145632,darkolivegreen
ENSG00000152137,antiquewhite
ENSG00000160305,ivory
ENSG00000160888,darkkhaki
ENSG00000164610,darksalmon
ENSG00000171621,ivory
ENSG00000172922,blanchedalmond
ENSG00000197442,blanchedalmond
ENSG00000215039,red
ENSG00000101236,ivory
ENSG00000101407,darksalmon
ENSG00000108592,ivory
ENSG00000112473,bisque
ENSG00000117394,darkolivegreen
ENSG00000132635,sienna
ENSG00000138663,lightsalmon
ENSG00000140285,ivory
ENSG00000142002,lightsalmon
ENSG00000155561,blanchedalmond
ENSG00000157168,forestgreen
ENSG00000165175,darkred
ENSG00000165271,antiquewhite
ENSG00000167005,darkolivegreen
ENSG00000170677,lightsalmon
ENSG00000178977,ivory
ENSG00000187555,ivory
ENSG00000187608,darkred
ENSG00000196628,ivory
ENSG00000196704,ivory
ENSG00000197646,bisque
ENSG00000025796,ivory
ENSG00000092203,ivory
ENSG00000108773,darkred
ENSG00000117697,bisque
ENSG00000122203,ivory
ENSG00000132002,darkolivegreen
ENSG00000136159,bisque
ENSG00000136235,sienna
ENSG00000144451,blanchedalmond
ENSG00000163625,ivory
ENSG00000164647,bisque
ENSG00000170248,blanchedalmond
ENSG00000186001,ivory
ENSG00000197724,ivory
ENSG00000205730,ivory
ENSG00000214389,darkkhaki
ENSG00000065357,darkred
ENSG00000066557,blanchedalmond
ENSG00000072310,ivory
ENSG00000100154,ivory
ENSG00000100342,ivory
ENSG00000104897,honeydew
ENSG00000105137,ivory
ENSG00000111321,sienna
ENSG00000113300,ivory
ENSG00000128563,red
ENSG00000139354,ivory
ENSG00000141385,ivory
ENSG00000144827,ivory
ENSG00000145623,ivory
ENSG00000154640,lightsalmon
ENSG00000160124,blanchedalmond
ENSG00000160131,lightsalmon
ENSG00000160209,sienna
ENSG00000160753,blanchedalmond
ENSG00000162664,ivory
ENSG00000167695,blanchedalmond
ENSG00000169967,forestgreen
ENSG00000173889,antiquewhite
ENSG00000174173,darkred
ENSG00000175193,bisque
ENSG00000177311,ivory
ENSG00000182054,ivory
ENSG00000198792,bisque
ENSG00000206053,ivory
ENSG00000274523,ivory
ENSG00000013374,lightsalmon
ENSG00000060982,darkred
ENSG00000079805,sienna
ENSG00000100014,ivory
ENSG00000104427,ivory
ENSG00000104805,ivory
ENSG00000106266,ivory
ENSG00000107562,red
ENSG00000109670,lawngreen
ENSG00000111667,ivory
ENSG00000115145,forestgreen
ENSG00000127838,lightsalmon
ENSG00000128789,blanchedalmond
ENSG00000132424,lightsalmon
ENSG00000135899,ivory
ENSG00000157106,ivory
ENSG00000157224,darkred
ENSG00000174705,darkolivegreen
ENSG00000175334,forestgreen
ENSG00000198858,ivory
ENSG00000213066,lightsalmon
ENSG00000008324,ivory
ENSG00000054148,cornsilk
ENSG00000066697,blanchedalmond
ENSG00000090432,ivory
ENSG00000100216,forestgreen
ENSG00000132388,blanchedalmond
ENSG00000132463,cornsilk
ENSG00000134287,ivory
ENSG00000135108,ivory
ENSG00000136888,ivory
ENSG00000138074,ivory
ENSG00000139514,ivory
ENSG00000150867,ivory
ENSG00000157259,ivory
ENSG00000163832,darkkhaki
ENSG00000166128,ivory
ENSG00000174501,lightsalmon
ENSG00000175137,ivory
ENSG00000177239,lightsalmon
ENSG00000197045,blanchedalmond
ENSG00000213694,lightsalmon
ENSG00000221968,darkolivegreen
ENSG00000234741,coral
ENSG00000248092,ivory
ENSG00000274422,palegoldenrod
ENSG00000021355,lightsalmon
ENSG00000037965,lightsalmon
ENSG00000057252,darkred
ENSG00000067182,ivory
ENSG00000080802,lightsalmon
ENSG00000094975,palegoldenrod
ENSG00000099968,ivory
ENSG00000115520,ivory
ENSG00000135631,ivory
ENSG00000137074,bisque
ENSG00000142669,forestgreen
ENSG00000151502,ivory
ENSG00000168944,lightsalmon
ENSG00000177981,lightsalmon
ENSG00000181061,darksalmon
ENSG00000185215,sienna
ENSG00000215717,ivory
ENSG00000005302,ivory
ENSG00000100731,ivory
ENSG00000101654,antiquewhite
ENSG00000101849,ivory
ENSG00000102908,ivory
ENSG00000104320,ivory
ENSG00000108953,beige
ENSG00000136877,ivory
ENSG00000139496,ivory
ENSG00000169188,ivory
ENSG00000171109,ivory
ENSG00000186767,darkkhaki
ENSG00000218891,lightsalmon
ENSG00000221978,sienna
ENSG00000006015,lightsalmon
ENSG00000046651,lightsalmon
ENSG00000099290,sienna
ENSG00000101191,ivory
ENSG00000104679,cornsilk
ENSG00000108861,blanchedalmond
ENSG00000114446,ivory
ENSG00000115649,darkred
ENSG00000118496,ivory
ENSG00000118564,darkred
ENSG00000125166,linen
ENSG00000136522,darkred
ENSG00000141560,antiquewhite
ENSG00000159216,ivory
ENSG00000162430,lightsalmon
ENSG00000165102,antiquewhite
ENSG00000168209,lightsalmon
ENSG00000169047,ivory
ENSG00000171204,darkred
ENSG00000196975,darkred
ENSG00000197312,sienna
ENSG00000221926,sienna
ENSG00000039650,ivory
ENSG00000084070,darkred
ENSG00000102226,ivory
ENSG00000107521,ivory
ENSG00000107560,blanchedalmond
ENSG00000107929,blanchedalmond
ENSG00000108604,ivory
ENSG00000112139,lightsalmon
ENSG00000114209,ivory
ENSG00000118922,ivory
ENSG00000120451,sienna
ENSG00000128309,lemonchiffon
ENSG00000140526,ivory
ENSG00000143756,blanchedalmond
ENSG00000144567,cornsilk
ENSG00000145391,bisque
ENSG00000145730,ivory
ENSG00000148396,ivory
ENSG00000157593,ivory
ENSG00000168061,cornsilk
ENSG00000181027,darkseagreen
ENSG00000196199,lightsalmon
ENSG00000198860,blanchedalmond
ENSG00000203791,goldenrod
ENSG00000001629,ivory
ENSG00000013588,beige
ENSG00000032219,darkred
ENSG00000070413,ivory
ENSG00000104365,lightsalmon
ENSG00000104872,ivory
ENSG00000106692,darkred
ENSG00000108587,darksalmon
ENSG00000117385,ivory
ENSG00000120509,blanchedalmond
ENSG00000125746,sienna
ENSG00000135272,ivory
ENSG00000135617,darkred
ENSG00000138376,ivory
ENSG00000138796,darkred
ENSG00000143314,ivory
ENSG00000144867,bisque
ENSG00000149932,cornsilk
ENSG00000151657,ivory
ENSG00000155975,blanchedalmond
ENSG00000157181,lightsalmon
ENSG00000162402,darkred
ENSG00000164062,sienna
ENSG00000166170,ivory
ENSG00000169679,ivory
ENSG00000169756,sienna
ENSG00000172766,lightsalmon
ENSG00000188186,ivory
ENSG00000015171,ivory
ENSG00000073417,darkred
ENSG00000100162,forestgreen
ENSG00000106268,bisque
ENSG00000109787,ivory
ENSG00000111802,forestgreen
ENSG00000115170,blanchedalmond
ENSG00000134324,ivory
ENSG00000136603,darkred
ENSG00000140395,forestgreen
ENSG00000141959,ivory
ENSG00000151718,ivory
ENSG00000155099,ivory
ENSG00000160208,ivory
ENSG00000167515,antiquewhite
ENSG00000171456,ivory
ENSG00000171992,ivory
ENSG00000172985,lightsalmon
ENSG00000173992,ivory
ENSG00000181610,darkred
ENSG00000185800,blanchedalmond
ENSG00000013288,lightsalmon
ENSG00000029725,ivory
ENSG00000072415,ivory
ENSG00000076382,lightsalmon
ENSG00000106080,ivory
ENSG00000108848,darkred
ENSG00000111642,ivory
ENSG00000112701,ivory
ENSG00000114491,blanchedalmond
ENSG00000115129,lightsalmon
ENSG00000116273,ivory
ENSG00000133028,forestgreen
ENSG00000136854,coral
ENSG00000137574,ivory
ENSG00000151116,blanchedalmond
ENSG00000157978,darkolivegreen
ENSG00000159461,blanchedalmond
ENSG00000168566,sienna
ENSG00000169814,ivory
ENSG00000174231,ivory
ENSG00000184787,blanchedalmond
ENSG00000184924,ivory
ENSG00000185262,lightsalmon
ENSG00000196876,sienna
ENSG00000204574,lightsalmon
ENSG00000234354,palegoldenrod
ENSG00000011454,sienna
ENSG00000054267,palegoldenrod
ENSG00000071282,ivory
ENSG00000088367,darkred
ENSG00000100029,darkkhaki
ENSG00000100983,ivory
ENSG00000109944,lightsalmon
ENSG00000113456,ivory
ENSG00000121075,ivory
ENSG00000129460,blanchedalmond
ENSG00000132823,lightsalmon
ENSG00000134077,sienna
ENSG00000135052,lightsalmon
ENSG00000145916,lightsalmon
ENSG00000147099,ivory
ENSG00000153037,bisque
ENSG00000155097,blanchedalmond
ENSG00000156026,ivory
ENSG00000163297,linen
ENSG00000163528,blanchedalmond
ENSG00000165661,darkseagreen
ENSG00000166526,ivory
ENSG00000168487,ivory
ENSG00000176871,ivory
ENSG00000178980,darkolivegreen
ENSG00000180964,ivory
ENSG00000197323,lightsalmon
ENSG00000204351,blanchedalmond
ENSG00000244405,darksalmon
ENSG00000000419,blanchedalmond
ENSG00000017260,ivory
ENSG00000051825,ivory
ENSG00000097033,ivory
ENSG00000100028,bisque
ENSG00000100504,darkred
ENSG00000116954,blanchedalmond
ENSG00000117226,ivory
ENSG00000127337,ivory
ENSG00000129933,darkred
ENSG00000130175,ivory
ENSG00000130396,ivory
ENSG00000132670,lightsalmon
ENSG00000133142,ivory
ENSG00000138382,darksalmon
ENSG00000143376,ivory
ENSG00000156976,darkolivegreen
ENSG00000163964,ivory
ENSG00000168497,honeydew
ENSG00000170791,ivory
ENSG00000171453,darkred
ENSG00000171729,antiquewhite
ENSG00000179918,palegoldenrod
ENSG00000183520,ivory
ENSG00000183530,ivory
ENSG00000184470,lightsalmon
ENSG00000029993,ivory
ENSG00000062725,lightsalmon
ENSG00000100417,ivory
ENSG00000100522,linen
ENSG00000105928,ivory
ENSG00000111737,ivory
ENSG00000116138,ivory
ENSG00000123992,coral
ENSG00000130640,ivory
ENSG00000130695,red
ENSG00000136051,ivory
ENSG00000136636,bisque
ENSG00000160917,lightsalmon
ENSG00000162222,ivory
ENSG00000175115,ivory
ENSG00000178105,lightsalmon
ENSG00000213699,ivory
ENSG00000234545,red
ENSG00000102471,darkred
ENSG00000115504,ivory
ENSG00000119684,blanchedalmond
ENSG00000121060,ivory
ENSG00000125843,ivory
ENSG00000135821,lightsalmon
ENSG00000151474,ivory
ENSG00000154127,ivory
ENSG00000160679,ivory
ENSG00000163214,lightsalmon
ENSG00000167130,beige
ENSG00000169599,bisque
ENSG00000171617,darkred
ENSG00000172661,sienna
ENSG00000182149,ivory
ENSG00000186470,ivory
ENSG00000187257,lightsalmon
ENSG00000198399,palegoldenrod
ENSG00000198961,ivory
ENSG00000204397,lightsalmon
ENSG00000009335,ivory
ENSG00000023516,ivory
ENSG00000065457,red
ENSG00000077147,antiquewhite
ENSG00000085276,darksalmon
ENSG00000104687,ivory
ENSG00000116679,lightsalmon
ENSG00000125885,darksalmon
ENSG00000130731,lightsalmon
ENSG00000130749,ivory
ENSG00000131378,ivory
ENSG00000133243,ivory
ENSG00000135521,blanchedalmond
ENSG00000138134,lightsalmon
ENSG00000138246,ivory
ENSG00000140995,darksalmon
ENSG00000145495,ivory
ENSG00000151806,lightsalmon
ENSG00000162775,ivory
ENSG00000163932,ivory
ENSG00000165169,sienna
ENSG00000167930,antiquewhite
ENSG00000169105,ivory
ENSG00000171566,blanchedalmond
ENSG00000174791,ivory
ENSG00000178904,blanchedalmond
ENSG00000183722,ivory
ENSG00000198053,antiquewhite
ENSG00000205981,darksalmon
ENSG00000213965,bisque
ENSG00000214046,ivory
ENSG00000232931,sienna
ENSG00000240344,darkred
ENSG00000007384,lightsalmon
ENSG00000014138,ivory
ENSG00000028310,ivory
ENSG00000065833,darkred
ENSG00000067334,ivory
ENSG00000072042,cornsilk
ENSG00000074319,ivory
ENSG00000103550,ivory
ENSG00000108306,antiquewhite
ENSG00000110315,ivory
ENSG00000121089,bisque
ENSG00000123636,red
ENSG00000126705,sienna
ENSG00000136280,bisque
ENSG00000139433,darksalmon
ENSG00000141012,ivory
ENSG00000146197,ivory
ENSG00000146416,darkred
ENSG00000147471,ivory
ENSG00000155393,blanchedalmond
ENSG00000161281,sienna
ENSG00000162702,ivory
ENSG00000166197,ivory
ENSG00000186185,ivory
ENSG00000196950,ivory
ENSG00000198911,lawngreen
ENSG00000242485,ivory
ENSG00000283498,ivory
ENSG00000291152,blanchedalmond
ENSG00000077312,antiquewhite
ENSG00000083720,blanchedalmond
ENSG00000100823,ivory
ENSG00000101310,blanchedalmond
ENSG00000101367,forestgreen
ENSG00000104218,lightsalmon
ENSG00000107731,ivory
ENSG00000108175,ivory
ENSG00000108433,ivory
ENSG00000111596,ivory
ENSG00000111912,lightsalmon
ENSG00000116350,ivory
ENSG00000118971,antiquewhite
ENSG00000119446,lightsalmon
ENSG00000122417,ivory
ENSG00000122515,blanchedalmond
ENSG00000127526,ivory
ENSG00000130158,lightsalmon
ENSG00000131724,lightsalmon
ENSG00000131966,ivory
ENSG00000135541,lightsalmon
ENSG00000136816,blanchedalmond
ENSG00000138448,lightsalmon
ENSG00000139629,lightsalmon
ENSG00000142197,darkred
ENSG00000154678,lightsalmon
ENSG00000156011,ivory
ENSG00000157778,linen
ENSG00000159479,bisque
ENSG00000164741,ivory
ENSG00000165512,darkseagreen
ENSG00000166396,blanchedalmond
ENSG00000172172,blanchedalmond
ENSG00000176853,ivory
ENSG00000179041,lightgreen
ENSG00000180891,ivory
ENSG00000181192,ivory
ENSG00000186187,ivory
ENSG00000237187,ivory
ENSG00000241127,bisque
ENSG00000012174,ivory
ENSG00000067798,ivory
ENSG00000079739,ivory
ENSG00000085185,ivory
ENSG00000101109,ivory
ENSG00000103381,forestgreen
ENSG00000113319,blanchedalmond
ENSG00000113658,ivory
ENSG00000117054,lightsalmon
ENSG00000128944,ivory
ENSG00000132323,sienna
ENSG00000136271,blanchedalmond
ENSG00000139546,ivory
ENSG00000140853,sienna
ENSG00000143653,darksalmon
ENSG00000149658,darkred
ENSG00000151388,ivory
ENSG00000154330,lightsalmon
ENSG00000155330,lightsalmon
ENSG00000157014,ivory
ENSG00000159346,bisque
ENSG00000161714,darksalmon
ENSG00000165322,ivory
ENSG00000165688,cornsilk
ENSG00000171608,lawngreen
ENSG00000173875,sienna
ENSG00000186010,darkred
ENSG00000198841,darkred
ENSG00000255262,darkred
ENSG00000069248,forestgreen
ENSG00000071575,ivory
ENSG00000076108,ivory
ENSG00000100796,goldenrod
ENSG00000100883,darkred
ENSG00000106477,red
ENSG00000106853,darksalmon
ENSG00000113742,forestgreen
ENSG00000114480,ivory
ENSG00000119977,blanchedalmond
ENSG00000135932,blanchedalmond
ENSG00000136111,blanchedalmond
ENSG00000148400,ivory
ENSG00000163597,darkred
ENSG00000163938,lemonchiffon
ENSG00000171940,ivory
ENSG00000173950,ivory
ENSG00000197635,ivory
ENSG00000198648,ivory
ENSG00000198876,goldenrod
ENSG00000290032,lightsalmon
ENSG00000040341,ivory
ENSG00000057757,darkseagreen
ENSG00000067066,sienna
ENSG00000100991,ivory
ENSG00000101343,antiquewhite
ENSG00000108439,antiquewhite
ENSG00000108651,honeydew
ENSG00000110925,ivory
ENSG00000112773,sienna
ENSG00000122484,ivory
ENSG00000127666,darkkhaki
ENSG00000141447,ivory
ENSG00000144597,blanchedalmond
ENSG00000154124,forestgreen
ENSG00000156735,ivory
ENSG00000162517,ivory
ENSG00000164830,lightsalmon
ENSG00000165671,cornsilk
ENSG00000168216,darksalmon
ENSG00000168883,lightsalmon
ENSG00000189223,peru
ENSG00000198160,ivory
ENSG00000205208,blanchedalmond
ENSG00000231007,blanchedalmond
ENSG00000005810,ivory
ENSG00000048140,cornsilk
ENSG00000084731,darksalmon
ENSG00000090989,ivory
ENSG00000091039,ivory
ENSG00000092010,ivory
ENSG00000103485,ivory
ENSG00000107566,ivory
ENSG00000109805,ivory
ENSG00000109911,sienna
ENSG00000115970,red
ENSG00000125741,sienna
ENSG00000138032,lightsalmon
ENSG00000144034,forestgreen
ENSG00000145386,forestgreen
ENSG00000146963,red
ENSG00000149483,darkred
ENSG00000159592,bisque
ENSG00000163629,lightsalmon
ENSG00000164902,ivory
ENSG00000166471,peru
ENSG00000170584,lightsalmon
ENSG00000173163,ivory
ENSG00000174574,ivory
ENSG00000175455,sienna
ENSG00000176105,darkred
ENSG00000196821,linen
ENSG00000255717,lightsalmon
ENSG00000010810,ivory
ENSG00000085788,blanchedalmond
ENSG00000104859,ivory
ENSG00000108828,ivory
ENSG00000119938,lightsalmon
ENSG00000122482,coral
ENSG00000125755,ivory
ENSG00000129071,forestgreen
ENSG00000131732,blanchedalmond
ENSG00000135074,ivory
ENSG00000135334,ivory
ENSG00000135655,lightsalmon
ENSG00000136631,ivory
ENSG00000138035,darkred
ENSG00000142875,ivory
ENSG00000147400,ivory
ENSG00000148719,red
ENSG00000153201,ivory
ENSG00000162231,lightsalmon
ENSG00000162627,ivory
ENSG00000170776,ivory
ENSG00000179933,darkred
ENSG00000182534,ivory
ENSG00000183431,ivory
ENSG00000184992,blanchedalmond
ENSG00000187837,ivory
ENSG00000198689,ivory
ENSG00000204104,beige
ENSG00000270170,lightgreen
ENSG00000012983,ivory
ENSG00000065029,goldenrod
ENSG00000073711,darkred
ENSG00000074266,ivory
ENSG00000079102,ivory
ENSG00000080822,lightsalmon
ENSG00000101752,ivory
ENSG00000104219,ivory
ENSG00000107281,lightsalmon
ENSG00000109046,ivory
ENSG00000115561,darkred
ENSG00000116406,ivory
ENSG00000117114,darkred
ENSG00000117155,ivory
ENSG00000127946,ivory
ENSG00000132589,lightsalmon
ENSG00000137210,cornsilk
ENSG00000137962,ivory
ENSG00000143457,darkred
ENSG00000143815,ivory
ENSG00000144554,ivory
ENSG00000144744,darkred
ENSG00000145996,lightsalmon
ENSG00000158470,bisque
ENSG00000161677,darkred
ENSG00000162302,ivory
ENSG00000163320,ivory
ENSG00000163814,ivory
ENSG00000168916,ivory
ENSG00000172269,ivory
ENSG00000176182,ivory
ENSG00000178104,ivory
ENSG00000179981,lightsalmon
ENSG00000185619,ivory
ENSG00000196743,ivory
ENSG00000198380,ivory
ENSG00000241258,ivory
ENSG00000006007,darksalmon
ENSG00000058804,blanchedalmond
ENSG00000078124,red
ENSG00000082515,ivory
ENSG00000087253,forestgreen
ENSG00000093183,ivory
ENSG00000105705,bisque
ENSG00000107819,ivory
ENSG00000113594,ivory
ENSG00000114554,ivory
ENSG00000118217,ivory
ENSG00000118257,sienna
ENSG00000121749,ivory
ENSG00000123473,ivory
ENSG00000124214,ivory
ENSG00000124788,ivory
ENSG00000125633,ivory
ENSG00000129474,ivory
ENSG00000130720,sienna
ENSG00000134900,sienna
ENSG00000138686,lightsalmon
ENSG00000156304,darkred
ENSG00000158711,blanchedalmond
ENSG00000166228,darkred
ENSG00000173145,lightsalmon
ENSG00000175274,beige
ENSG00000197594,blanchedalmond
ENSG00000224411,blanchedalmond
ENSG00000010322,ivory
ENSG00000086758,ivory
ENSG00000106299,ivory
ENSG00000115806,ivory
ENSG00000118873,darkred
ENSG00000128731,ivory
ENSG00000130348,palegoldenrod
ENSG00000135372,lightsalmon
ENSG00000135596,sienna
ENSG00000148019,ivory
ENSG00000150433,lightsalmon
ENSG00000156261,darksalmon
ENSG00000157216,lemonchiffon
ENSG00000159658,ivory
ENSG00000163882,ivory
ENSG00000166295,ivory
ENSG00000166483,ivory
ENSG00000167123,ivory
ENSG00000169288,bisque
ENSG00000173511,ivory
ENSG00000175582,ivory
ENSG00000177542,ivory
ENSG00000178773,ivory
ENSG00000181904,ivory
ENSG00000182240,ivory
ENSG00000197355,ivory
ENSG00000198832,ivory
ENSG00000198909,ivory
ENSG00000234498,bisque
ENSG00000293495,ivory
ENSG00000023697,palegreen
ENSG00000033100,ivory
ENSG00000061938,ivory
ENSG00000072756,ivory
ENSG00000096872,lightsalmon
ENSG00000100083,antiquewhite
ENSG00000100519,honeydew
ENSG00000102030,ivory
ENSG00000110713,ivory
ENSG00000112715,ivory
ENSG00000116001,darkred
ENSG00000116198,darkred
ENSG00000116830,ivory
ENSG00000117650,blanchedalmond
ENSG00000124209,antiquewhite
ENSG00000125347,darkred
ENSG00000131018,ivory
ENSG00000134686,ivory
ENSG00000137815,lightsalmon
ENSG00000138395,ivory
ENSG00000138413,ivory
ENSG00000151348,ivory
ENSG00000153179,linen
ENSG00000156990,honeydew
ENSG00000158863,ivory
ENSG00000163159,ivory
ENSG00000163608,blanchedalmond
ENSG00000164332,forestgreen
ENSG00000168522,lightsalmon
ENSG00000171310,blanchedalmond
ENSG00000178057,blanchedalmond
ENSG00000182621,ivory
ENSG00000184281,lightsalmon
ENSG00000185946,darkred
ENSG00000188419,ivory
ENSG00000196700,antiquewhite
ENSG00000197063,lawngreen
ENSG00000204272,darkred
ENSG00000211448,lightsalmon
ENSG00000214113,ivory
ENSG00000214941,darksalmon
ENSG00000228716,bisque
ENSG00000250536,ivory
ENSG00000254901,ivory
ENSG00000286067,blanchedalmond
ENSG00000290720,ivory
ENSG00000005020,ivory
ENSG00000043143,coral
ENSG00000060718,sienna
ENSG00000081059,ivory
ENSG00000100749,ivory
ENSG00000103326,ivory
ENSG00000108094,forestgreen
ENSG00000116898,lightsalmon
ENSG00000117597,darkred
ENSG00000117859,ivory
ENSG00000122033,lightsalmon
ENSG00000124177,ivory
ENSG00000124766,ivory
ENSG00000129317,ivory
ENSG00000134897,ivory
ENSG00000137522,lawngreen
ENSG00000138443,ivory
ENSG00000139505,ivory
ENSG00000139687,bisque
ENSG00000142856,ivory
ENSG00000147684,ivory
ENSG00000148737,ivory
ENSG00000163482,coral
ENSG00000164023,darkred
ENSG00000166716,lawngreen
ENSG00000167985,darkred
ENSG00000168077,ivory
ENSG00000169019,blanchedalmond
ENSG00000175130,forestgreen
ENSG00000180185,ivory
ENSG00000185963,darkred
ENSG00000186918,ivory
ENSG00000264522,sienna
ENSG00000278311,coral
ENSG00000003756,ivory
ENSG00000076928,darkred
ENSG00000087206,ivory
ENSG00000102974,lightsalmon
ENSG00000109790,ivory
ENSG00000113621,lightsalmon
ENSG00000119650,ivory
ENSG00000120137,ivory
ENSG00000123106,lightsalmon
ENSG00000125630,blanchedalmond
ENSG00000129657,ivory
ENSG00000138709,bisque
ENSG00000140553,ivory
ENSG00000154719,blanchedalmond
ENSG00000158301,ivory
ENSG00000162813,bisque
ENSG00000163531,lightsalmon
ENSG00000168495,ivory
ENSG00000171720,cornsilk
ENSG00000172725,ivory
ENSG00000175581,sienna
ENSG00000183684,ivory
ENSG00000183955,ivory
ENSG00000186141,darkred
ENSG00000196850,ivory
ENSG00000198331,ivory
ENSG00000256235,lightsalmon
ENSG00000063241,ivory
ENSG00000075336,bisque
ENSG00000100350,honeydew
ENSG00000103671,ivory
ENSG00000107164,ivory
ENSG00000120008,ivory
ENSG00000120063,darkred
ENSG00000122068,ivory
ENSG00000122707,ivory
ENSG00000126934,darkred
ENSG00000129636,ivory
ENSG00000139645,antiquewhite
ENSG00000142327,blanchedalmond
ENSG00000144677,ivory
ENSG00000152102,ivory
ENSG00000157193,ivory
ENSG00000163344,ivory
ENSG00000163697,lightsalmon
ENSG00000165996,forestgreen
ENSG00000168268,cornsilk
ENSG00000168283,blanchedalmond
ENSG00000184887,ivory
ENSG00000198373,ivory
ENSG00000231607,lightsalmon
ENSG00000004975,ivory
ENSG00000078403,ivory
ENSG00000095261,lemonchiffon
ENSG00000112078,ivory
ENSG00000112159,ivory
ENSG00000119953,ivory
ENSG00000133318,ivory
ENSG00000135749,blanchedalmond
ENSG00000138160,lightgreen
ENSG00000138593,ivory
ENSG00000142279,sienna
ENSG00000143476,darkseagreen
ENSG00000146670,forestgreen
ENSG00000147202,ivory
ENSG00000147862,lightsalmon
ENSG00000154447,ivory
ENSG00000159079,blanchedalmond
ENSG00000160410,lightsalmon
ENSG00000162623,ivory
ENSG00000164329,darkred
ENSG00000166135,red
ENSG00000169118,ivory
ENSG00000170266,ivory
ENSG00000171311,lightsalmon
ENSG00000185532,sienna
ENSG00000198000,bisque
ENSG00000236287,lightsalmon
ENSG00000260877,goldenrod
ENSG00000070495,darkred
ENSG00000086504,bisque
ENSG00000100372,darkred
ENSG00000105472,ivory
ENSG00000105676,ivory
ENSG00000107745,ivory
ENSG00000111229,darksalmon
ENSG00000112029,ivory
ENSG00000118689,ivory
ENSG00000119285,ivory
ENSG00000123143,blanchedalmond
ENSG00000126778,red
ENSG00000139291,blanchedalmond
ENSG00000140945,darkred
ENSG00000143374,darkred
ENSG00000143891,linen
ENSG00000157837,ivory
ENSG00000160049,ivory
ENSG00000165392,ivory
ENSG00000165689,linen
ENSG00000166025,ivory
ENSG00000169062,darksalmon
ENSG00000170581,ivory
ENSG00000173218,ivory
ENSG00000177674,lightsalmon
ENSG00000184708,ivory
ENSG00000185414,lightsalmon
ENSG00000188010,bisque
ENSG00000205060,peru
ENSG00000220205,ivory
ENSG00000275052,ivory
ENSG00000008130,blanchedalmond
ENSG00000011275,ivory
ENSG00000015532,linen
ENSG00000026652,red
ENSG00000035928,ivory
ENSG00000036549,linen
ENSG00000068438,ivory
ENSG00000070061,ivory
ENSG00000087338,ivory
ENSG00000099917,ivory
ENSG00000103647,forestgreen
ENSG00000104635,blanchedalmond
ENSG00000108021,lightsalmon
ENSG00000111801,red
ENSG00000114503,honeydew
ENSG00000115946,darkred
ENSG00000121152,ivory
ENSG00000122483,lightsalmon
ENSG00000123411,ivory
ENSG00000124226,cornsilk
ENSG00000130544,coral
ENSG00000130939,blanchedalmond
ENSG00000137944,lightsalmon
ENSG00000140691,lawngreen
ENSG00000147601,lightsalmon
ENSG00000149554,blanchedalmond
ENSG00000161011,ivory
ENSG00000162980,linen
ENSG00000166886,ivory
ENSG00000166900,sienna
ENSG00000166902,forestgreen
ENSG00000167380,coral
ENSG00000169851,beige
ENSG00000176692,blanchedalmond
ENSG00000177425,ivory
ENSG00000184384,ivory
ENSG00000241973,lightsalmon
ENSG00000247556,ivory
ENSG00000027697,beige
ENSG00000028203,ivory
ENSG00000037897,lawngreen
ENSG00000063046,ivory
ENSG00000064313,ivory
ENSG00000101928,ivory
ENSG00000104412,red
ENSG00000107897,ivory
ENSG00000108384,bisque
ENSG00000113318,lightsalmon
ENSG00000121486,sienna
ENSG00000125482,palegoldenrod
ENSG00000127418,ivory
ENSG00000128908,lightsalmon
ENSG00000134853,ivory
ENSG00000137814,ivory
ENSG00000140259,darkred
ENSG00000140948,ivory
ENSG00000151233,ivory
ENSG00000157500,ivory
ENSG00000162825,ivory
ENSG00000164168,ivory
ENSG00000166974,ivory
ENSG00000168010,ivory
ENSG00000173914,blanchedalmond
ENSG00000173960,lightsalmon
ENSG00000181072,ivory
ENSG00000185022,ivory
ENSG00000196236,darkred
ENSG00000196458,darkred
ENSG00000198546,ivory
ENSG00000198814,darkolivegreen
ENSG00000204256,lightsalmon
ENSG00000029639,darkred
ENSG00000072134,ivory
ENSG00000076650,lightsalmon
ENSG00000077942,ivory
ENSG00000086475,honeydew
ENSG00000089225,antiquewhite
ENSG00000099797,beige
ENSG00000103707,lightsalmon
ENSG00000114767,ivory
ENSG00000115661,lawngreen
ENSG00000133704,antiquewhite
ENSG00000135164,darkred
ENSG00000136379,darkkhaki
ENSG00000137876,ivory
ENSG00000141580,ivory
ENSG00000145868,darkred
ENSG00000148411,coral
ENSG00000149231,lightsalmon
ENSG00000155957,lightsalmon
ENSG00000158109,ivory
ENSG00000158850,ivory
ENSG00000159086,darkred
ENSG00000160799,lightsalmon
ENSG00000164172,lightsalmon
ENSG00000166888,darkkhaki
ENSG00000179119,ivory
ENSG00000184838,ivory
ENSG00000186395,ivory
ENSG00000188786,ivory
ENSG00000196449,blanchedalmond
ENSG00000220130,ivory
ENSG00000005194,ivory
ENSG00000006712,lawngreen
ENSG00000042493,ivory
ENSG00000051341,ivory
ENSG00000060762,darkred
ENSG00000100348,ivory
ENSG00000101347,lightsalmon
ENSG00000101955,ivory
ENSG00000102901,ivory
ENSG00000107651,ivory
ENSG00000107937,ivory
ENSG00000107938,lightsalmon
ENSG00000112941,blanchedalmond
ENSG00000115020,lightsalmon
ENSG00000115652,ivory
ENSG00000124313,ivory
ENSG00000125834,coral
ENSG00000127863,ivory
ENSG00000145041,ivory
ENSG00000146414,sienna
ENSG00000152240,darkred
ENSG00000154144,ivory
ENSG00000154767,honeydew
ENSG00000156531,ivory
ENSG00000160299,ivory
ENSG00000161791,ivory
ENSG00000168894,ivory
ENSG00000170775,ivory
ENSG00000172009,lightgreen
ENSG00000176887,darkseagreen
ENSG00000182872,ivory
ENSG00000183853,ivory
ENSG00000185721,forestgreen
ENSG00000186687,ivory
ENSG00000188690,darkred
ENSG00000197798,ivory
ENSG00000213516,sienna
ENSG00000236444,lightsalmon
ENSG00000257621,sienna
ENSG00000291136,sienna
ENSG00000007080,lightsalmon
ENSG00000079999,ivory
ENSG00000085377,beige
ENSG00000099337,lightsalmon
ENSG00000105771,lightsalmon
ENSG00000106344,ivory
ENSG00000106628,goldenrod
ENSG00000120727,lightsalmon
ENSG00000133731,ivory
ENSG00000135002,ivory
ENSG00000135241,ivory
ENSG00000143093,lawngreen
ENSG00000145191,coral
ENSG00000145979,darkolivegreen
ENSG00000155304,darkred
ENSG00000165898,ivory
ENSG00000172301,forestgreen
ENSG00000189060,lawngreen
ENSG00000198026,antiquewhite
ENSG00000253710,antiquewhite
ENSG00000293235,ivory
ENSG00000019549,blanchedalmond
ENSG00000063244,ivory
ENSG00000064012,goldenrod
ENSG00000065183,ivory
ENSG00000065923,ivory
ENSG00000081923,sienna
ENSG00000087502,blanchedalmond
ENSG00000103196,ivory
ENSG00000104324,ivory
ENSG00000105229,ivory
ENSG00000105486,sienna
ENSG00000105865,red
ENSG00000108395,ivory
ENSG00000113558,lightsalmon
ENSG00000114127,ivory
ENSG00000114956,ivory
ENSG00000115808,ivory
ENSG00000115942,lightsalmon
ENSG00000119397,ivory
ENSG00000119523,ivory
ENSG00000123643,darkolivegreen
ENSG00000130706,lightgreen
ENSG00000134759,lightsalmon
ENSG00000136770,darkseagreen
ENSG00000138688,ivory
ENSG00000141279,ivory
ENSG00000146733,forestgreen
ENSG00000151327,ivory
ENSG00000151466,honeydew
ENSG00000152556,ivory
ENSG00000152904,palegoldenrod
ENSG00000152944,ivory
ENSG00000155329,lightsalmon
ENSG00000161980,darksalmon
ENSG00000163281,darkred
ENSG00000163655,lemonchiffon
ENSG00000163798,lightsalmon
ENSG00000168397,ivory
ENSG00000169718,darkred
ENSG00000173933,ivory
ENSG00000174744,darkred
ENSG00000174799,honeydew
ENSG00000174840,ivory
ENSG00000177051,bisque
ENSG00000179912,ivory
ENSG00000182195,darkolivegreen
ENSG00000198912,ivory
ENSG00000206418,ivory
ENSG00000211445,blanchedalmond
ENSG00000212747,ivory
ENSG00000253719,ivory
ENSG00000262814,lightsalmon
ENSG00000269958,ivory
ENSG00000005339,lightsalmon
ENSG00000041802,ivory
ENSG00000069702,ivory
ENSG00000075188,darkseagreen
ENSG00000077157,antiquewhite
ENSG00000083635,forestgreen
ENSG00000096696,ivory
ENSG00000097021,ivory
ENSG00000103051,ivory
ENSG00000105518,ivory
ENSG00000112200,antiquewhite
ENSG00000112339,darkred
ENSG00000115977,ivory
ENSG00000119638,ivory
ENSG00000121210,lightsalmon
ENSG00000125445,lightsalmon
ENSG00000125827,blanchedalmond
ENSG00000126254,honeydew
ENSG00000131375,lightsalmon
ENSG00000134748,lightsalmon
ENSG00000136143,lightsalmon
ENSG00000136448,red
ENSG00000136908,cornsilk
ENSG00000144366,ivory
ENSG00000148308,red
ENSG00000151917,blanchedalmond
ENSG00000159069,ivory
ENSG00000167881,lightsalmon
ENSG00000169018,lightsalmon
ENSG00000170624,lemonchiffon
ENSG00000171843,palegoldenrod
ENSG00000172466,ivory
ENSG00000174606,ivory
ENSG00000175662,lightsalmon
ENSG00000185420,darkred
ENSG00000206538,lightsalmon
ENSG00000215252,palegoldenrod
ENSG00000287001,sienna
ENSG00000069998,palegreen
ENSG00000085982,ivory
ENSG00000103540,ivory
ENSG00000106346,antiquewhite
ENSG00000109270,forestgreen
ENSG00000111412,ivory
ENSG00000111726,darkred
ENSG00000116106,ivory
ENSG00000117528,ivory
ENSG00000117614,darkkhaki
ENSG00000122741,ivory
ENSG00000122912,forestgreen
ENSG00000123352,red
ENSG00000126261,ivory
ENSG00000139211,sienna
ENSG00000139233,goldenrod
ENSG00000139974,lawngreen
ENSG00000146648,ivory
ENSG00000147130,ivory
ENSG00000148925,ivory
ENSG00000150764,ivory
ENSG00000161996,ivory
ENSG00000165704,bisque
ENSG00000166164,lightsalmon
ENSG00000166845,ivory
ENSG00000174738,lightsalmon
ENSG00000177409,lightsalmon
ENSG00000185246,blanchedalmond
ENSG00000196182,beige
ENSG00000204977,red
ENSG00000223482,blanchedalmond
ENSG00000023909,darkred
ENSG00000039319,darkred
ENSG00000072778,ivory
ENSG00000089195,bisque
ENSG00000091732,coral
ENSG00000101940,ivory
ENSG00000101974,ivory
ENSG00000111361,lightsalmon
ENSG00000118200,ivory
ENSG00000118596,ivory
ENSG00000126953,lightsalmon
ENSG00000130159,ivory
ENSG00000131148,lawngreen
ENSG00000132676,darkred
ENSG00000135945,darksalmon
ENSG00000136044,lightsalmon
ENSG00000137996,darkred
ENSG00000138036,darkred
ENSG00000143633,ivory
ENSG00000152749,blanchedalmond
ENSG00000153044,blanchedalmond
ENSG00000156804,peru
ENSG00000162236,ivory
ENSG00000165487,lightsalmon
ENSG00000166557,ivory
ENSG00000169299,darkred
ENSG00000177613,darkred
ENSG00000183527,darkred
ENSG00000184178,darkred
ENSG00000186665,forestgreen
ENSG00000203668,red
ENSG00000225630,darkkhaki
ENSG00000272622,ivory
ENSG00000281649,ivory
ENSG00000006744,lightsalmon
ENSG00000007047,blanchedalmond
ENSG00000070444,ivory
ENSG00000075568,ivory
ENSG00000086200,darkred
ENSG00000100124,lightsalmon
ENSG00000102802,ivory
ENSG00000102858,ivory
ENSG00000104312,darkred
ENSG00000104341,ivory
ENSG00000120616,lightsalmon
ENSG00000123737,blanchedalmond
ENSG00000124422,ivory
ENSG00000133195,darkkhaki
ENSG00000137504,antiquewhite
ENSG00000142227,forestgreen
ENSG00000142396,lightsalmon
ENSG00000142552,ivory
ENSG00000146872,lightsalmon
ENSG00000149084,lightsalmon
ENSG00000149532,ivory
ENSG00000163161,peru
ENSG00000163389,peru
ENSG00000166263,darkseagreen
ENSG00000185917,ivory
ENSG00000186814,bisque
ENSG00000197563,antiquewhite
ENSG00000242498,ivory
ENSG00000007392,ivory
ENSG00000058063,ivory
ENSG00000075539,coral
ENSG00000084764,darkred
ENSG00000095787,ivory
ENSG00000099995,lightsalmon
ENSG00000103260,ivory
ENSG00000106608,darkseagreen
ENSG00000108064,ivory
ENSG00000109118,lightsalmon
ENSG00000119537,ivory
ENSG00000129925,antiquewhite
ENSG00000135924,beige
ENSG00000139624,red
ENSG00000143786,blanchedalmond
ENSG00000151276,ivory
ENSG00000154001,ivory
ENSG00000162408,ivory
ENSG00000163820,darkred
ENSG00000164211,bisque
ENSG00000168434,lightsalmon
ENSG00000168765,lemonchiffon
ENSG00000174165,ivory
ENSG00000175376,linen
ENSG00000176953,ivory
ENSG00000177150,antiquewhite
ENSG00000182923,lightsalmon
ENSG00000196323,beige
ENSG00000197381,lightsalmon
ENSG00000205629,ivory
ENSG00000245573,darkred
ENSG00000267100,darkred
ENSG00000064933,darkred
ENSG00000084774,ivory
ENSG00000092148,ivory
ENSG00000092470,darkred
ENSG00000102531,lightgreen
ENSG00000103494,lightsalmon
ENSG00000112130,ivory
ENSG00000116918,ivory
ENSG00000118640,red
ENSG00000124789,blanchedalmond
ENSG00000126456,ivory
ENSG00000128699,ivory
ENSG00000130254,peru
ENSG00000131558,lightsalmon
ENSG00000133121,ivory
ENSG00000134291,bisque
ENSG00000135211,ivory
ENSG00000136643,lightsalmon
ENSG00000140577,ivory
ENSG00000143515,ivory
ENSG00000144802,ivory
ENSG00000145604,ivory
ENSG00000145715,ivory
ENSG00000146278,ivory
ENSG00000153339,darkred
ENSG00000154174,lightgreen
ENSG00000154845,ivory
ENSG00000158186,ivory
ENSG00000159921,forestgreen
ENSG00000164308,blanchedalmond
ENSG00000164687,cornsilk
ENSG00000169136,darkkhaki
ENSG00000169826,ivory
ENSG00000172379,cornsilk
ENSG00000172954,forestgreen
ENSG00000184207,lightsalmon
ENSG00000185340,ivory
ENSG00000246705,blanchedalmond
ENSG00000256087,palegoldenrod
ENSG00000064607,ivory
ENSG00000065328,lightsalmon
ENSG00000066926,ivory
ENSG00000070761,bisque
ENSG00000075711,ivory
ENSG00000076248,bisque
ENSG00000091490,darkkhaki
ENSG00000099800,darkkhaki
ENSG00000104976,ivory
ENSG00000108479,lightsalmon
ENSG00000109572,ivory
ENSG00000110422,ivory
ENSG00000110429,forestgreen
ENSG00000111727,ivory
ENSG00000119401,ivory
ENSG00000122965,darkred
ENSG00000123094,darkred
ENSG00000135905,lightsalmon
ENSG00000136492,ivory
ENSG00000136504,sienna
ENSG00000139977,ivory
ENSG00000146457,ivory
ENSG00000151092,forestgreen
ENSG00000160013,red
ENSG00000163683,darkkhaki
ENSG00000163870,ivory
ENSG00000166340,lightsalmon
ENSG00000168679,ivory
ENSG00000172336,antiquewhite
ENSG00000173327,red
ENSG00000178033,darkseagreen
ENSG00000182979,darkred
ENSG00000189129,palegoldenrod
ENSG00000196363,ivory
ENSG00000197386,ivory
ENSG00000197603,sienna
ENSG00000242732,ivory
ENSG00000025770,ivory
ENSG00000074356,ivory
ENSG00000082805,ivory
ENSG00000101000,lightgreen
ENSG00000101003,ivory
ENSG00000101811,ivory
ENSG00000104361,ivory
ENSG00000105136,beige
ENSG00000108599,ivory
ENSG00000111445,ivory
ENSG00000115363,darkred
ENSG00000119203,lightsalmon
ENSG00000120438,darksalmon
ENSG00000121621,blanchedalmond
ENSG00000124120,ivory
ENSG00000125965,lightsalmon
ENSG00000133895,linen
ENSG00000134905,lightsalmon
ENSG00000138496,red
ENSG00000151413,ivory
ENSG00000159147,bisque
ENSG00000161960,darkolivegreen
ENSG00000165060,lightsalmon
ENSG00000166822,red
ENSG00000169689,ivory
ENSG00000171603,ivory
ENSG00000179195,darkred
ENSG00000183801,lightsalmon
ENSG00000185761,lightsalmon
ENSG00000188725,linen
ENSG00000189227,ivory
ENSG00000205356,ivory
ENSG00000205413,lemonchiffon
ENSG00000230989,darkred
ENSG00000001036,ivory
ENSG00000031003,ivory
ENSG00000041880,sienna
ENSG00000054598,ivory
ENSG00000074755,darkred
ENSG00000080573,lightsalmon
ENSG00000080815,ivory
ENSG00000084636,ivory
ENSG00000104064,ivory
ENSG00000107862,ivory
ENSG00000110851,ivory
ENSG00000111530,ivory
ENSG00000111647,blanchedalmond
ENSG00000123066,ivory
ENSG00000128510,ivory
ENSG00000134996,darkred
ENSG00000138942,ivory
ENSG00000140848,red
ENSG00000149196,ivory
ENSG00000151445,ivory
ENSG00000153147,ivory
ENSG00000164167,blanchedalmond
ENSG00000165304,ivory
ENSG00000165650,ivory
ENSG00000166401,blanchedalmond
ENSG00000167862,bisque
ENSG00000168884,ivory
ENSG00000169635,ivory
ENSG00000177666,ivory
ENSG00000196428,ivory
ENSG00000198189,ivory
ENSG00000198466,lightsalmon
ENSG00000269293,palegoldenrod
ENSG00000283390,lightsalmon
ENSG00000058056,ivory
ENSG00000061987,lightsalmon
ENSG00000065485,ivory
ENSG00000088448,ivory
ENSG00000088854,ivory
ENSG00000100209,ivory
ENSG00000101596,ivory
ENSG00000102760,ivory
ENSG00000107643,red
ENSG00000108784,ivory
ENSG00000108819,ivory
ENSG00000116793,lightsalmon
ENSG00000128294,ivory
ENSG00000128311,beige
ENSG00000128585,forestgreen
ENSG00000130150,ivory
ENSG00000132570,lightsalmon
ENSG00000138303,ivory
ENSG00000141504,antiquewhite
ENSG00000142546,lightsalmon
ENSG00000148153,ivory
ENSG00000148384,darkolivegreen
ENSG00000148840,ivory
ENSG00000148943,lightsalmon
ENSG00000155363,cornsilk
ENSG00000160271,red
ENSG00000163930,ivory
ENSG00000165389,ivory
ENSG00000166946,sienna
ENSG00000169439,lightsalmon
ENSG00000173272,lightsalmon
ENSG00000176641,darkred
ENSG00000178188,sienna
ENSG00000204673,cornsilk
ENSG00000243335,linen
ENSG00000250786,red
ENSG00000006625,darksalmon
ENSG00000023191,beige
ENSG00000042286,coral
ENSG00000051382,ivory
ENSG00000054965,ivory
ENSG00000064652,ivory
ENSG00000072506,ivory
ENSG00000075234,ivory
ENSG00000079257,lightsalmon
ENSG00000105245,ivory
ENSG00000106617,blanchedalmond
ENSG00000107798,ivory
ENSG00000113583,darkolivegreen
ENSG00000115325,darkkhaki
ENSG00000115904,darkred
ENSG00000120314,lightsalmon
ENSG00000123975,ivory
ENSG00000126107,darkred
ENSG00000131626,lightsalmon
ENSG00000132274,ivory
ENSG00000132640,ivory
ENSG00000134222,ivory
ENSG00000135070,lightsalmon
ENSG00000135503,ivory
ENSG00000143157,darkred
ENSG00000144909,ivory
ENSG00000157020,ivory
ENSG00000160785,linen
ENSG00000160991,ivory
ENSG00000163872,antiquewhite
ENSG00000169057,ivory
ENSG00000175387,ivory
ENSG00000176018,ivory
ENSG00000186063,ivory
ENSG00000196586,bisque
ENSG00000243449,forestgreen
ENSG00000246859,ivory
ENSG00000269888,ivory
ENSG00000288888,lawngreen
ENSG00000076321,darkred
ENSG00000090238,ivory
ENSG00000100263,ivory
ENSG00000111348,darksalmon
ENSG00000120093,ivory
ENSG00000121542,lightsalmon
ENSG00000124243,darkred
ENSG00000129932,darkred
ENSG00000130005,lightsalmon
ENSG00000132680,sienna
ENSG00000135365,red
ENSG00000135974,linen
ENSG00000138834,lightsalmon
ENSG00000151247,blanchedalmond
ENSG00000151779,ivory
ENSG00000152229,ivory
ENSG00000160298,ivory
ENSG00000162458,ivory
ENSG00000163125,ivory
ENSG00000164576,lightsalmon
ENSG00000164751,darkred
ENSG00000165501,blanchedalmond
ENSG00000168438,lightsalmon
ENSG00000168813,ivory
ENSG00000171492,darkred
ENSG00000172260,ivory
ENSG00000178695,ivory
ENSG00000182544,forestgreen
ENSG00000185813,sienna
ENSG00000187688,darkolivegreen
ENSG00000198554,ivory
ENSG00000213614,ivory
ENSG00000235582,lightgreen
ENSG00000266028,lightsalmon
ENSG00000048392,ivory
ENSG00000072135,palegoldenrod
ENSG00000076641,cornsilk
ENSG00000087263,ivory
ENSG00000096093,lightsalmon
ENSG00000102359,darkred
ENSG00000103035,darksalmon
ENSG00000103175,ivory
ENSG00000105329,darkred
ENSG00000105879,darkred
ENSG00000111364,ivory
ENSG00000112320,palegoldenrod
ENSG00000122257,lightsalmon
ENSG00000123610,lightsalmon
ENSG00000130227,ivory
ENSG00000132423,lightsalmon
ENSG00000136381,ivory
ENSG00000136436,ivory
ENSG00000136940,ivory
ENSG00000140718,blanchedalmond
ENSG00000143067,ivory
ENSG00000150316,lightsalmon
ENSG00000163933,bisque
ENSG00000164039,bisque
ENSG00000168769,ivory
ENSG00000170571,blanchedalmond
ENSG00000171488,blanchedalmond
ENSG00000175701,blanchedalmond
ENSG00000180357,darkred
ENSG00000183576,darkkhaki
ENSG00000184349,antiquewhite
ENSG00000188352,ivory
ENSG00000198042,bisque
ENSG00000205659,ivory
ENSG00000230076,blanchedalmond
ENSG00000242512,ivory
ENSG00000263465,ivory
ENSG00000007541,darkred
ENSG00000065883,ivory
ENSG00000070778,darkred
ENSG00000074047,ivory
ENSG00000080189,ivory
ENSG00000081014,blanchedalmond
ENSG00000099910,ivory
ENSG00000100379,ivory
ENSG00000103932,sienna
ENSG00000110442,ivory
ENSG00000112624,antiquewhite
ENSG00000117569,darkred
ENSG00000124067,ivory
ENSG00000132356,ivory
ENSG00000134001,forestgreen
ENSG00000136152,antiquewhite
ENSG00000143033,ivory
ENSG00000144736,ivory
ENSG00000148331,blanchedalmond
ENSG00000158545,darkred
ENSG00000160094,ivory
ENSG00000160691,bisque
ENSG00000161204,ivory
ENSG00000167778,darkred
ENSG00000171033,bisque
ENSG00000171552,blanchedalmond
ENSG00000173193,ivory
ENSG00000173545,darksalmon
ENSG00000174485,ivory
ENSG00000177879,lightsalmon
ENSG00000184898,ivory
ENSG00000196072,darkkhaki
ENSG00000197343,ivory
ENSG00000204054,ivory
ENSG00000001084,blanchedalmond
ENSG00000014123,blanchedalmond
ENSG00000070501,ivory
ENSG00000085365,ivory
ENSG00000090686,darksalmon
ENSG00000100292,sienna
ENSG00000104812,bisque
ENSG00000105726,lightsalmon
ENSG00000109756,ivory
ENSG00000110911,ivory
ENSG00000116667,antiquewhite
ENSG00000119333,cornsilk
ENSG00000120029,lightsalmon
ENSG00000120725,ivory
ENSG00000123609,ivory
ENSG00000130717,lightsalmon
ENSG00000134717,ivory
ENSG00000136146,ivory
ENSG00000143740,darkred
ENSG00000149548,lightsalmon
ENSG00000163202,linen
ENSG00000163428,honeydew
ENSG00000163818,antiquewhite
ENSG00000164088,ivory
ENSG00000164180,ivory
ENSG00000164983,ivory
ENSG00000166889,darksalmon
ENSG00000168275,ivory
ENSG00000170315,darksalmon
ENSG00000170430,lightsalmon
ENSG00000171150,ivory
ENSG00000196781,ivory
ENSG00000198171,peru
ENSG00000206573,forestgreen
ENSG00000213337,darkkhaki
ENSG00000259207,sienna
ENSG00000260916,cornsilk
ENSG00000263343,ivory
ENSG00000267279,bisque
ENSG00000291237,lightsalmon
ENSG00000006534,ivory
ENSG00000020577,ivory
ENSG00000049759,ivory
ENSG00000050748,ivory
ENSG00000057657,blanchedalmond
ENSG00000065243,ivory
ENSG00000078061,ivory
ENSG00000079616,ivory
ENSG00000082701,ivory
ENSG00000083896,ivory
ENSG00000088812,coral
ENSG00000090263,bisque
ENSG00000096092,ivory
ENSG00000109919,darkolivegreen
ENSG00000110427,darkred
ENSG00000110888,ivory
ENSG00000114054,lightsalmon
ENSG00000116752,antiquewhite
ENSG00000116791,ivory
ENSG00000120697,peru
ENSG00000121361,blanchedalmond
ENSG00000122140,ivory
ENSG00000131149,darksalmon
ENSG00000133193,darkolivegreen
ENSG00000134480,blanchedalmond
ENSG00000138356,bisque
ENSG00000140474,lawngreen
ENSG00000143442,ivory
ENSG00000143622,lightsalmon
ENSG00000144231,lightsalmon
ENSG00000144357,blanchedalmond
ENSG00000144659,darkkhaki
ENSG00000145388,ivory
ENSG00000152193,bisque
ENSG00000155827,sienna
ENSG00000160446,cornsilk
ENSG00000163635,ivory
ENSG00000164934,lightsalmon
ENSG00000165861,antiquewhite
ENSG00000168286,darkolivegreen
ENSG00000168297,darksalmon
ENSG00000169519,ivory
ENSG00000176485,darkkhaki
ENSG00000178307,darkred
ENSG00000183077,lightsalmon
ENSG00000184432,ivory
ENSG00000185567,sienna
ENSG00000189057,lightsalmon
ENSG00000197969,ivory
ENSG00000198919,darksalmon
ENSG00000221829,ivory
ENSG00000005175,ivory
ENSG00000010818,darkkhaki
ENSG00000037241,bisque
ENSG00000054983,antiquewhite
ENSG00000068724,red
ENSG00000080823,darkkhaki
ENSG00000083535,ivory
ENSG00000090470,lightsalmon
ENSG00000095794,blanchedalmond
ENSG00000101019,lightsalmon
ENSG00000101132,ivory
ENSG00000102738,ivory
ENSG00000108511,darksalmon
ENSG00000109111,ivory
ENSG00000114166,blanchedalmond
ENSG00000115464,ivory
ENSG00000137767,ivory
ENSG00000139083,antiquewhite
ENSG00000141698,ivory
ENSG00000144580,ivory
ENSG00000144655,red
ENSG00000147854,ivory
ENSG00000149311,ivory
ENSG00000151576,ivory
ENSG00000154188,ivory
ENSG00000154217,forestgreen
ENSG00000160948,beige
ENSG00000162377,darkred
ENSG00000164105,ivory
ENSG00000164221,blanchedalmond
ENSG00000165891,ivory
ENSG00000166619,ivory
ENSG00000167112,bisque
ENSG00000167543,ivory
ENSG00000168386,ivory
ENSG00000175826,blanchedalmond
ENSG00000179562,palegreen
ENSG00000183617,darksalmon
ENSG00000188735,ivory
ENSG00000196411,antiquewhite
ENSG00000198301,darkred
ENSG00000213463,darkred
ENSG00000215021,palegreen
ENSG00000226648,darkred
ENSG00000025156,linen
ENSG00000032742,ivory
ENSG00000054654,ivory
ENSG00000065526,ivory
ENSG00000066933,ivory
ENSG00000070882,darkred
ENSG00000081026,lawngreen
ENSG00000082068,ivory
ENSG00000083223,peru
ENSG00000089022,lightgreen
ENSG00000100578,lightsalmon
ENSG00000101166,blanchedalmond
ENSG00000101417,ivory
ENSG00000103042,ivory
ENSG00000105889,blanchedalmond
ENSG00000109320,darkred
ENSG00000113360,red
ENSG00000114405,blanchedalmond
ENSG00000114744,ivory
ENSG00000128534,cornsilk
ENSG00000132953,ivory
ENSG00000134802,ivory
ENSG00000139517,darkolivegreen
ENSG00000141378,darkred
ENSG00000143499,darkred
ENSG00000145439,sienna
ENSG00000146476,darkred
ENSG00000148606,ivory
ENSG00000149639,lightsalmon
ENSG00000152056,sienna
ENSG00000152484,cornsilk
ENSG00000153956,ivory
ENSG00000155850,ivory
ENSG00000156381,ivory
ENSG00000163945,sienna
ENSG00000164031,blanchedalmond
ENSG00000164187,ivory
ENSG00000165997,ivory
ENSG00000166887,lightsalmon
ENSG00000167513,ivory
ENSG00000168994,ivory
ENSG00000173085,linen
ENSG00000176087,ivory
ENSG00000186350,ivory
ENSG00000189369,lightsalmon
ENSG00000196455,darkred
ENSG00000198793,lightsalmon
ENSG00000198825,lightsalmon
ENSG00000204209,ivory
ENSG00000214087,darksalmon
ENSG00000231609,lightsalmon
ENSG00000241990,ivory
ENSG00000269439,darkred
ENSG00000286259,ivory
ENSG00000293176,blanchedalmond
ENSG00000048028,darkred
ENSG00000082996,lightsalmon
ENSG00000089094,ivory
ENSG00000099940,ivory
ENSG00000104763,darkred
ENSG00000108799,ivory
ENSG00000115183,ivory
ENSG00000116750,bisque
ENSG00000128512,blanchedalmond
ENSG00000133835,lightsalmon
ENSG00000136936,lightsalmon
ENSG00000144369,ivory
ENSG00000149782,ivory
ENSG00000150457,ivory
ENSG00000163002,beige
ENSG00000163319,darksalmon
ENSG00000164330,ivory
ENSG00000165699,ivory
ENSG00000166965,ivory
ENSG00000167635,lawngreen
ENSG00000169255,sienna
ENSG00000170234,honeydew
ENSG00000174013,blanchedalmond
ENSG00000175782,red
ENSG00000177888,darkolivegreen
ENSG00000181751,blanchedalmond
ENSG00000182150,blanchedalmond
ENSG00000185379,lightsalmon
ENSG00000186184,ivory
ENSG00000187134,ivory
ENSG00000198001,lightsalmon
ENSG00000198198,lightsalmon
ENSG00000198824,darkred
ENSG00000245937,lemonchiffon
ENSG00000279307,bisque
ENSG00000004866,ivory
ENSG00000031691,ivory
ENSG00000065882,goldenrod
ENSG00000069966,ivory
ENSG00000081189,darkred
ENSG00000087470,darkkhaki
ENSG00000100296,ivory
ENSG00000106524,blanchedalmond
ENSG00000108960,ivory
ENSG00000111696,ivory
ENSG00000112039,ivory
ENSG00000117625,ivory
ENSG00000119778,lightsalmon
ENSG00000120159,cornsilk
ENSG00000124356,lightsalmon
ENSG00000129315,lightgreen
ENSG00000132109,blanchedalmond
ENSG00000132792,lightsalmon
ENSG00000133131,lightsalmon
ENSG00000138785,darkred
ENSG00000145332,darkkhaki
ENSG00000151240,ivory
ENSG00000151304,ivory
ENSG00000153976,ivory
ENSG00000160392,cornsilk
ENSG00000165264,darkred
ENSG00000166783,ivory
ENSG00000169738,lightsalmon
ENSG00000175073,lightsalmon
ENSG00000175906,ivory
ENSG00000178878,lightsalmon
ENSG00000184634,darksalmon
ENSG00000186132,ivory
ENSG00000186501,darkred
ENSG00000187231,ivory
ENSG00000250471,forestgreen
ENSG00000250519,coral
ENSG00000285857,red
ENSG00000010219,beige
ENSG00000018699,lightsalmon
ENSG00000061794,ivory
ENSG00000065989,darkolivegreen
ENSG00000073008,sienna
ENSG00000081791,ivory
ENSG00000099810,blanchedalmond
ENSG00000099942,lightsalmon
ENSG00000100614,ivory
ENSG00000119599,ivory
ENSG00000123472,honeydew
ENSG00000128915,darkolivegreen
ENSG00000137055,blanchedalmond
ENSG00000137547,ivory
ENSG00000140443,ivory
ENSG00000143799,beige
ENSG00000145022,ivory
ENSG00000151689,ivory
ENSG00000157077,sienna
ENSG00000157680,antiquewhite
ENSG00000158402,darkolivegreen
ENSG00000164176,ivory
ENSG00000164463,ivory
ENSG00000168398,palegreen
ENSG00000169221,ivory
ENSG00000171408,ivory
ENSG00000185453,ivory
ENSG00000189079,ivory
ENSG00000204219,lightsalmon
ENSG00000205707,ivory
ENSG00000212719,ivory
ENSG00000221866,darkred
ENSG00000229344,lightsalmon
ENSG00000231312,lemonchiffon
ENSG00000244879,ivory
ENSG00000248905,ivory
ENSG00000255198,blanchedalmond
ENSG00000288953,darkred
ENSG00000052841,ivory
ENSG00000058091,ivory
ENSG00000059758,blanchedalmond
ENSG00000065970,ivory
ENSG00000101773,ivory
ENSG00000104047,ivory
ENSG00000105993,ivory
ENSG00000107554,ivory
ENSG00000110583,sienna
ENSG00000114988,ivory
ENSG00000118096,red
ENSG00000119917,sienna
ENSG00000122863,ivory
ENSG00000126775,ivory
ENSG00000128607,ivory
ENSG00000130349,lightsalmon
ENSG00000130844,ivory
ENSG00000131153,forestgreen
ENSG00000135976,sienna
ENSG00000136158,blanchedalmond
ENSG00000138190,darkred
ENSG00000140854,linen
ENSG00000142166,red
ENSG00000148344,linen
ENSG00000148444,ivory
ENSG00000149929,darkred
ENSG00000153989,cornsilk
ENSG00000158092,blanchedalmond
ENSG00000160352,ivory
ENSG00000165434,forestgreen
ENSG00000166503,darkred
ENSG00000167196,lightsalmon
ENSG00000167272,lightsalmon
ENSG00000167378,red
ENSG00000168118,ivory
ENSG00000168488,ivory
ENSG00000173848,beige
ENSG00000176396,cornsilk
ENSG00000176903,darkolivegreen
ENSG00000178966,ivory
ENSG00000184205,ivory
ENSG00000185049,ivory
ENSG00000185808,sienna
ENSG00000189114,darkolivegreen
ENSG00000204070,ivory
ENSG00000235173,lightsalmon
ENSG00000242802,lawngreen
ENSG00000259330,blanchedalmond
ENSG00000263753,forestgreen
ENSG00000268388,ivory
ENSG00000008513,ivory
ENSG00000035687,ivory
ENSG00000042088,darkred
ENSG00000047230,ivory
ENSG00000057663,darkred
ENSG00000068001,ivory
ENSG00000068305,antiquewhite
ENSG00000084090,forestgreen
ENSG00000088205,lightsalmon
ENSG00000102125,sienna
ENSG00000106665,peru
ENSG00000107362,lightsalmon
ENSG00000108666,lightgreen
ENSG00000110852,darkkhaki
ENSG00000111897,lightsalmon
ENSG00000118263,lightsalmon
ENSG00000119878,ivory
ENSG00000122376,palegreen
ENSG00000124228,lightsalmon
ENSG00000125378,blanchedalmond
ENSG00000126858,blanchedalmond
ENSG00000127528,ivory
ENSG00000128872,darkred
ENSG00000132661,ivory
ENSG00000134882,ivory
ENSG00000138442,ivory
ENSG00000138771,sienna
ENSG00000140406,goldenrod
ENSG00000142444,blanchedalmond
ENSG00000147654,darkred
ENSG00000154589,blanchedalmond
ENSG00000156599,ivory
ENSG00000156711,honeydew
ENSG00000158006,goldenrod
ENSG00000158796,darkred
ENSG00000159131,blanchedalmond
ENSG00000160193,ivory
ENSG00000162618,darkred
ENSG00000163378,ivory
ENSG00000163900,forestgreen
ENSG00000164045,bisque
ENSG00000165282,darksalmon
ENSG00000166851,cornsilk
ENSG00000166997,ivory
ENSG00000172175,ivory
ENSG00000177951,cornsilk
ENSG00000196295,ivory
ENSG00000198056,sienna
ENSG00000198585,palegoldenrod
ENSG00000246067,ivory
ENSG00000004478,forestgreen
ENSG00000005889,ivory
ENSG00000011260,forestgreen
ENSG00000031081,ivory
ENSG00000072163,ivory
ENSG00000107130,ivory
ENSG00000114331,ivory
ENSG00000116337,lawngreen
ENSG00000117461,lightsalmon
ENSG00000120254,lemonchiffon
ENSG00000120647,blanchedalmond
ENSG00000122390,blanchedalmond
ENSG00000124608,lightsalmon
ENSG00000145734,goldenrod
ENSG00000146776,ivory
ENSG00000152256,ivory
ENSG00000152422,lightsalmon
ENSG00000154781,lightsalmon
ENSG00000158163,ivory
ENSG00000159063,darkred
ENSG00000161981,darkred
ENSG00000163510,lightsalmon
ENSG00000164151,ivory
ENSG00000165724,lightsalmon
ENSG00000166532,blanchedalmond
ENSG00000168300,darkred
ENSG00000172845,ivory
ENSG00000174684,lightsalmon
ENSG00000175352,ivory
ENSG00000181220,ivory
ENSG00000196639,ivory
ENSG00000197182,lightsalmon
ENSG00000198369,red
ENSG00000198483,linen
ENSG00000198680,blanchedalmond
ENSG00000213064,ivory
ENSG00000215251,darkkhaki
ENSG00000225528,blanchedalmond
ENSG00000230979,darkred
ENSG00000244486,cornsilk
ENSG00000066583,lightsalmon
ENSG00000071894,beige
ENSG00000078043,ivory
ENSG00000080819,darkred
ENSG00000085433,darkred
ENSG00000092531,ivory
ENSG00000100416,darkred
ENSG00000100575,forestgreen
ENSG00000101126,ivory
ENSG00000106049,ivory
ENSG00000110367,ivory
ENSG00000115295,ivory
ENSG00000115825,ivory
ENSG00000115966,darkred
ENSG00000118007,ivory
ENSG00000119541,lightsalmon
ENSG00000119616,darkred
ENSG00000126883,linen
ENSG00000127334,linen
ENSG00000127804,ivory
ENSG00000137656,lawngreen
ENSG00000138613,honeydew
ENSG00000140451,ivory
ENSG00000141569,lawngreen
ENSG00000143486,blanchedalmond
ENSG00000147535,ivory
ENSG00000148341,bisque
ENSG00000148481,blanchedalmond
ENSG00000149499,ivory
ENSG00000151292,ivory
ENSG00000151729,lightsalmon
ENSG00000152409,ivory
ENSG00000155903,ivory
ENSG00000156931,ivory
ENSG00000157827,ivory
ENSG00000158122,bisque
ENSG00000164219,darkred
ENSG00000164283,blanchedalmond
ENSG00000164615,ivory
ENSG00000165490,darkred
ENSG00000166272,darkred
ENSG00000170522,ivory
ENSG00000171467,ivory
ENSG00000174943,ivory
ENSG00000176542,ivory
ENSG00000183098,ivory
ENSG00000185591,ivory
ENSG00000185658,darkred
ENSG00000197461,ivory
ENSG00000213341,blanchedalmond
ENSG00000213672,ivory
ENSG00000258289,palegoldenrod
ENSG00000265354,lightsalmon
ENSG00000005206,ivory
ENSG00000013561,linen
ENSG00000052749,darkred
ENSG00000056586,ivory
ENSG00000066117,ivory
ENSG00000071794,darkred
ENSG00000090612,honeydew
ENSG00000102786,ivory
ENSG00000103199,ivory
ENSG00000105447,ivory
ENSG00000106638,lightsalmon
ENSG00000107371,blanchedalmond
ENSG00000108639,lightsalmon
ENSG00000110042,antiquewhite
ENSG00000110218,ivory
ENSG00000111875,bisque
ENSG00000112167,sienna
ENSG00000114120,ivory
ENSG00000114395,lightsalmon
ENSG00000119720,lightsalmon
ENSG00000120820,lightsalmon
ENSG00000123159,ivory
ENSG00000123496,lightgreen
ENSG00000131023,lightsalmon
ENSG00000132256,lightsalmon
ENSG00000137145,ivory
ENSG00000137414,blanchedalmond
ENSG00000139436,ivory
ENSG00000143162,bisque
ENSG00000144036,lemonchiffon
ENSG00000144524,ivory
ENSG00000144535,peru
ENSG00000147457,ivory
ENSG00000161542,blanchedalmond
ENSG00000161558,darksalmon
ENSG00000164379,honeydew
ENSG00000164961,blanchedalmond
ENSG00000165240,ivory
ENSG00000167114,ivory
ENSG00000168256,ivory
ENSG00000168556,ivory
ENSG00000169598,lawngreen
ENSG00000169692,peru
ENSG00000172716,forestgreen
ENSG00000173264,ivory
ENSG00000175467,ivory
ENSG00000178567,ivory
ENSG00000180182,darkred
ENSG00000181191,blanchedalmond
ENSG00000181788,darkolivegreen
ENSG00000183386,ivory
ENSG00000198382,blanchedalmond
ENSG00000198892,ivory
ENSG00000218283,sienna
ENSG00000239305,sienna
ENSG00000254635,lightsalmon
ENSG00000280798,lightsalmon
ENSG00000293323,red
ENSG00000066455,ivory
ENSG00000082482,ivory
ENSG00000095319,ivory
ENSG00000101665,blanchedalmond
ENSG00000101935,darkred
ENSG00000103657,ivory
ENSG00000104133,ivory
ENSG00000104866,ivory
ENSG00000105341,ivory
ENSG00000105429,lightsalmon
ENSG00000105926,ivory
ENSG00000107020,lightsalmon
ENSG00000108091,ivory
ENSG00000113916,lightsalmon
ENSG00000116266,blanchedalmond
ENSG00000120805,darkred
ENSG00000124587,red
ENSG00000131759,ivory
ENSG00000134744,lightsalmon
ENSG00000137094,darkolivegreen
ENSG00000141873,ivory
ENSG00000143322,ivory
ENSG00000143507,ivory
ENSG00000147592,ivory
ENSG00000151929,darksalmon
ENSG00000153443,ivory
ENSG00000156017,ivory
ENSG00000159399,lightgreen
ENSG00000160058,sienna
ENSG00000164125,darkolivegreen
ENSG00000165118,blanchedalmond
ENSG00000165630,ivory
ENSG00000167461,ivory
ENSG00000167994,darkred
ENSG00000170498,ivory
ENSG00000171960,ivory
ENSG00000173011,blanchedalmond
ENSG00000173918,ivory
ENSG00000175309,red
ENSG00000188938,palegreen
ENSG00000204406,ivory
ENSG00000214013,lightsalmon
ENSG00000224531,darkred
ENSG00000253159,darkred
ENSG00000290770,ivory
ENSG00000013441,ivory
ENSG00000043093,darkred
ENSG00000075089,darkred
ENSG00000079974,linen
ENSG00000092847,ivory
ENSG00000100284,ivory
ENSG00000100592,lightsalmon
ENSG00000100647,ivory
ENSG00000101057,ivory
ENSG00000102218,ivory
ENSG00000106624,palegoldenrod
ENSG00000112282,darkred
ENSG00000114126,lightsalmon
ENSG00000116285,bisque
ENSG00000120733,goldenrod
ENSG00000122299,ivory
ENSG00000125124,ivory
ENSG00000131238,darkkhaki
ENSG00000131943,darkred
ENSG00000132879,darksalmon
ENSG00000135686,ivory
ENSG00000137936,lightgreen
ENSG00000139372,ivory
ENSG00000142207,ivory
ENSG00000144589,lawngreen
ENSG00000144791,darkred
ENSG00000147251,ivory
ENSG00000156675,antiquewhite
ENSG00000163785,ivory
ENSG00000164465,darkkhaki
ENSG00000167670,ivory
ENSG00000168615,ivory
ENSG00000170145,linen
ENSG00000170396,peru
ENSG00000170903,darkolivegreen
ENSG00000172315,palegreen
ENSG00000177663,ivory
ENSG00000180376,sienna
ENSG00000180776,ivory
ENSG00000181704,ivory
ENSG00000181938,forestgreen
ENSG00000182117,forestgreen
ENSG00000182247,darkred
ENSG00000183735,ivory
ENSG00000185760,darkred
ENSG00000186174,ivory
ENSG00000188641,ivory
ENSG00000188994,palegoldenrod
ENSG00000189266,lightsalmon
ENSG00000196235,ivory
ENSG00000198231,ivory
ENSG00000198498,antiquewhite
ENSG00000204677,ivory
ENSG00000240498,lightsalmon
ENSG00000293115,darksalmon
ENSG00000020922,ivory
ENSG00000072518,ivory
ENSG00000074590,ivory
ENSG00000080561,darkred
ENSG00000101460,ivory
ENSG00000103876,ivory
ENSG00000104613,ivory
ENSG00000107104,ivory
ENSG00000110066,ivory
ENSG00000111911,lightsalmon
ENSG00000112242,linen
ENSG00000114993,blanchedalmond
ENSG00000119661,lightsalmon
ENSG00000121039,ivory
ENSG00000124275,blanchedalmond
ENSG00000124299,ivory
ENSG00000125249,ivory
ENSG00000130813,ivory
ENSG00000131437,red
ENSG00000132329,lightsalmon
ENSG00000134444,forestgreen
ENSG00000137073,ivory
ENSG00000138381,bisque
ENSG00000138802,blanchedalmond
ENSG00000139350,cornsilk
ENSG00000140199,antiquewhite
ENSG00000141101,darksalmon
ENSG00000141425,blanchedalmond
ENSG00000148187,ivory
ENSG00000149716,ivory
ENSG00000156103,darkseagreen
ENSG00000156162,ivory
ENSG00000156170,darkred
ENSG00000162910,blanchedalmond
ENSG00000162928,forestgreen
ENSG00000164916,darkolivegreen
ENSG00000165675,ivory
ENSG00000167535,ivory
ENSG00000177963,ivory
ENSG00000179431,linen
ENSG00000179604,ivory
ENSG00000181038,lightsalmon
ENSG00000182220,ivory
ENSG00000183655,ivory
ENSG00000185728,linen
ENSG00000196352,ivory
ENSG00000198561,ivory
ENSG00000234608,lightsalmon
ENSG00000261801,blanchedalmond
ENSG00000279088,palegoldenrod
ENSG00000293050,ivory
ENSG00000006757,blanchedalmond
ENSG00000007866,ivory
ENSG00000013503,ivory
ENSG00000053900,ivory
ENSG00000075131,blanchedalmond
ENSG00000084676,ivory
ENSG00000088543,honeydew
ENSG00000091592,ivory
ENSG00000091651,darkred
ENSG00000101639,ivory
ENSG00000101901,linen
ENSG00000103091,ivory
ENSG00000104946,lightsalmon
ENSG00000105497,ivory
ENSG00000112290,ivory
ENSG00000114098,ivory
ENSG00000118518,sienna
ENSG00000121057,forestgreen
ENSG00000124641,ivory
ENSG00000125484,ivory
ENSG00000134318,ivory
ENSG00000135968,ivory
ENSG00000141646,ivory
ENSG00000144724,ivory
ENSG00000146828,ivory
ENSG00000151500,cornsilk
ENSG00000152242,ivory
ENSG00000152455,ivory
ENSG00000160741,ivory
ENSG00000162688,blanchedalmond
ENSG00000164967,cornsilk
ENSG00000164970,ivory
ENSG00000165219,ivory
ENSG00000165806,bisque
ENSG00000170340,blanchedalmond
ENSG00000172840,darkseagreen
ENSG00000178177,ivory
ENSG00000181381,ivory
ENSG00000187961,ivory
ENSG00000197555,bisque
ENSG00000262265,lightsalmon
ENSG00000267080,ivory
ENSG00000281183,sienna
ENSG00000004399,ivory
ENSG00000018189,ivory
ENSG00000056972,lawngreen
ENSG00000059588,ivory
ENSG00000060688,ivory
ENSG00000072803,lightsalmon
ENSG00000078687,lightsalmon
ENSG00000081087,ivory
ENSG00000101391,ivory
ENSG00000103111,lawngreen
ENSG00000105677,beige
ENSG00000110811,ivory
ENSG00000112902,ivory
ENSG00000113068,forestgreen
ENSG00000114026,ivory
ENSG00000115648,bisque
ENSG00000116774,ivory
ENSG00000117533,bisque
ENSG00000118495,ivory
ENSG00000121864,honeydew
ENSG00000127948,beige
ENSG00000137221,ivory
ENSG00000137478,blanchedalmond
ENSG00000137824,ivory
ENSG00000143437,ivory
ENSG00000149313,darkred
ENSG00000149451,ivory
ENSG00000160194,ivory
ENSG00000162298,ivory
ENSG00000163001,ivory
ENSG00000163904,blanchedalmond
ENSG00000166352,lawngreen
ENSG00000166881,ivory
ENSG00000167384,lightsalmon
ENSG00000169744,darkred
ENSG00000170445,ivory
ENSG00000170448,ivory
ENSG00000172164,sienna
ENSG00000176209,cornsilk
ENSG00000176473,forestgreen
ENSG00000177189,ivory
ENSG00000183665,darksalmon
ENSG00000185298,ivory
ENSG00000185324,ivory
ENSG00000187210,lemonchiffon
ENSG00000198087,lightsalmon
ENSG00000198589,palegoldenrod
ENSG00000203709,lightsalmon
ENSG00000204463,lightsalmon
ENSG00000205268,darkred
ENSG00000234745,beige
ENSG00000273319,sienna
ENSG00000011566,ivory
ENSG00000012232,ivory
ENSG00000035115,ivory
ENSG00000060491,ivory
ENSG00000064961,ivory
ENSG00000074181,lightsalmon
ENSG00000076356,blanchedalmond
ENSG00000077420,ivory
ENSG00000089335,lightsalmon
ENSG00000101400,ivory
ENSG00000101782,ivory
ENSG00000104880,ivory
ENSG00000108389,beige
ENSG00000109103,ivory
ENSG00000134504,blanchedalmond
ENSG00000135218,lemonchiffon
ENSG00000136807,ivory
ENSG00000137692,lightsalmon
ENSG00000140105,ivory
ENSG00000141252,sienna
ENSG00000141298,honeydew
ENSG00000141446,ivory
ENSG00000145781,ivory
ENSG00000152291,beige
ENSG00000155252,ivory
ENSG00000156973,ivory
ENSG00000164885,ivory
ENSG00000164949,blanchedalmond
ENSG00000170185,antiquewhite
ENSG00000170802,darkred
ENSG00000171793,darkred
ENSG00000172331,lightsalmon
ENSG00000173641,blanchedalmond
ENSG00000178726,blanchedalmond
ENSG00000179241,ivory
ENSG00000179295,ivory
ENSG00000180573,darkolivegreen
ENSG00000180875,ivory
ENSG00000181722,ivory
ENSG00000181830,blanchedalmond
ENSG00000182179,palegoldenrod
ENSG00000187800,ivory
ENSG00000197302,red
ENSG00000198783,ivory
ENSG00000198873,lightsalmon
ENSG00000205758,darkred
ENSG00000214022,ivory
ENSG00000214413,ivory
ENSG00000243317,ivory
ENSG00000252498,lightsalmon
ENSG00000291122,peru
ENSG00000063854,antiquewhite
ENSG00000068097,darkred
ENSG00000072682,ivory
ENSG00000075399,lightsalmon
ENSG00000100425,red
ENSG00000107186,ivory
ENSG00000109321,blanchedalmond
ENSG00000112406,lightsalmon
ENSG00000117153,darkolivegreen
ENSG00000117308,ivory
ENSG00000117481,red
ENSG00000118363,goldenrod
ENSG00000125772,ivory
ENSG00000126070,ivory
ENSG00000130589,sienna
ENSG00000132763,coral
ENSG00000133703,goldenrod
ENSG00000133739,lightsalmon
ENSG00000135457,lawngreen
ENSG00000137764,ivory
ENSG00000138614,darkolivegreen
ENSG00000139163,honeydew
ENSG00000144711,sienna
ENSG00000145241,ivory
ENSG00000151135,ivory
ENSG00000151503,ivory
ENSG00000153132,lightgreen
ENSG00000153814,darksalmon
ENSG00000162729,ivory
ENSG00000165684,darkseagreen
ENSG00000169554,ivory
ENSG00000169855,ivory
ENSG00000171016,ivory
ENSG00000171307,blanchedalmond
ENSG00000172830,lightsalmon
ENSG00000177363,linen
ENSG00000182667,ivory
ENSG00000186073,sienna
ENSG00000188706,ivory
ENSG00000197852,ivory
ENSG00000204519,lightsalmon
ENSG00000205765,ivory
ENSG00000224063,forestgreen
ENSG00000253738,coral
ENSG00000263327,ivory
ENSG00000272695,ivory
ENSG00000276234,lightsalmon
ENSG00000293274,darkred
ENSG00000008086,darkred
ENSG00000023318,ivory
ENSG00000028116,ivory
ENSG00000034693,blanchedalmond
ENSG00000049246,ivory
ENSG00000063601,forestgreen
ENSG00000066136,ivory
ENSG00000066422,darkred
ENSG00000069509,blanchedalmond
ENSG00000079134,lightsalmon
ENSG00000100220,ivory
ENSG00000101843,forestgreen
ENSG00000102780,ivory
ENSG00000105373,lightgreen
ENSG00000107815,lightsalmon
ENSG00000110274,darkred
ENSG00000111196,bisque
ENSG00000115816,ivory
ENSG00000130669,ivory
ENSG00000130714,darkred
ENSG00000133065,lightsalmon
ENSG00000135245,linen
ENSG00000136010,forestgreen
ENSG00000141699,ivory
ENSG00000142627,blanchedalmond
ENSG00000143294,ivory
ENSG00000147883,ivory
ENSG00000148291,bisque
ENSG00000149930,sienna
ENSG00000153551,blanchedalmond
ENSG00000153558,sienna
ENSG00000154222,sienna
ENSG00000160633,ivory
ENSG00000163026,cornsilk
ENSG00000163644,ivory
ENSG00000164494,lightsalmon
ENSG00000165914,coral
ENSG00000168612,ivory
ENSG00000174579,ivory
ENSG00000177646,darksalmon
ENSG00000177853,ivory
ENSG00000178996,sienna
ENSG00000183578,ivory
ENSG00000198225,ivory
ENSG00000210144,ivory
ENSG00000230417,ivory
ENSG00000236830,darkred
ENSG00000247596,ivory
ENSG00000250461,darkseagreen
ENSG00000276368,sienna
ENSG00000289472,darkkhaki
ENSG00000001631,ivory
ENSG00000011105,ivory
ENSG00000012048,ivory
ENSG00000033050,bisque
ENSG00000034677,blanchedalmond
ENSG00000042429,darkred
ENSG00000054282,darkred
ENSG00000064703,ivory
ENSG00000069122,lightsalmon
ENSG00000086589,ivory
ENSG00000091844,darkred
ENSG00000092445,lightsalmon
ENSG00000095002,ivory
ENSG00000095752,bisque
ENSG00000099860,ivory
ENSG00000101825,ivory
ENSG00000103174,ivory
ENSG00000105711,red
ENSG00000109323,lightgreen
ENSG00000115884,ivory
ENSG00000116017,ivory
ENSG00000117118,bisque
ENSG00000121879,ivory
ENSG00000122420,ivory
ENSG00000123096,lawngreen
ENSG00000123728,darkred
ENSG00000124181,cornsilk
ENSG00000124496,ivory
ENSG00000124596,lightsalmon
ENSG00000132436,goldenrod
ENSG00000132819,forestgreen
ENSG00000135900,darkred
ENSG00000136100,ivory
ENSG00000136848,ivory
ENSG00000137413,bisque
ENSG00000137872,darkred
ENSG00000138744,ivory
ENSG00000152784,blanchedalmond
ENSG00000157741,ivory
ENSG00000157823,sienna
ENSG00000159055,ivory
ENSG00000159733,ivory
ENSG00000160293,lightsalmon
ENSG00000162772,lightsalmon
ENSG00000164877,beige
ENSG00000164904,lightsalmon
ENSG00000170468,goldenrod
ENSG00000170473,blanchedalmond
ENSG00000170558,bisque
ENSG00000172932,lightsalmon
ENSG00000176058,red
ENSG00000180822,lightsalmon
ENSG00000182749,blanchedalmond
ENSG00000188549,lightsalmon
ENSG00000196967,ivory
ENSG00000213465,ivory
ENSG00000224945,goldenrod
ENSG00000247077,blanchedalmond
ENSG00000255399,ivory
ENSG00000293313,ivory
ENSG00000002549,darkred
ENSG00000021574,ivory
ENSG00000021826,ivory
ENSG00000035141,ivory
ENSG00000067829,ivory
ENSG00000069974,sienna
ENSG00000074582,darkred
ENSG00000083097,lightsalmon
ENSG00000090097,antiquewhite
ENSG00000090447,goldenrod
ENSG00000104884,ivory
ENSG00000106012,ivory
ENSG00000107036,darkred
ENSG00000108932,ivory
ENSG00000111144,cornsilk
ENSG00000113384,ivory
ENSG00000115484,blanchedalmond
ENSG00000116213,sienna
ENSG00000117616,ivory
ENSG00000118402,blanchedalmond
ENSG00000125871,bisque
ENSG00000126432,sienna
ENSG00000132639,ivory
ENSG00000133114,ivory
ENSG00000135823,ivory
ENSG00000139719,goldenrod
ENSG00000140511,ivory
ENSG00000142655,bisque
ENSG00000145545,ivory
ENSG00000147044,ivory
ENSG00000158615,ivory
ENSG00000161956,antiquewhite
ENSG00000162496,lightsalmon
ENSG00000166169,sienna
ENSG00000166199,cornsilk
ENSG00000167182,blanchedalmond
ENSG00000171314,blanchedalmond
ENSG00000171813,palegoldenrod
ENSG00000172339,bisque
ENSG00000173156,ivory
ENSG00000176022,lightsalmon
ENSG00000181744,ivory
ENSG00000183155,lightsalmon
ENSG00000183508,bisque
ENSG00000184371,ivory
ENSG00000187118,bisque
ENSG00000188636,sienna
ENSG00000197217,ivory
ENSG00000198252,red
ENSG00000217128,ivory
ENSG00000233308,bisque
ENSG00000009844,ivory
ENSG00000011332,forestgreen
ENSG00000037757,forestgreen
ENSG00000069869,darkolivegreen
ENSG00000082512,red
ENSG00000087269,ivory
ENSG00000092020,bisque
ENSG00000094804,darkred
ENSG00000095015,ivory
ENSG00000095383,lightsalmon
ENSG00000100395,ivory
ENSG00000101346,blanchedalmond
ENSG00000102897,darkred
ENSG00000104472,honeydew
ENSG00000104960,ivory
ENSG00000106415,blanchedalmond
ENSG00000107249,ivory
ENSG00000111057,honeydew
ENSG00000116096,lightsalmon
ENSG00000118655,ivory
ENSG00000119632,coral
ENSG00000119723,lightsalmon
ENSG00000123146,ivory
ENSG00000123552,ivory
ENSG00000131748,ivory
ENSG00000132549,ivory
ENSG00000133997,blanchedalmond
ENSG00000134152,ivory
ENSG00000137364,forestgreen
ENSG00000138750,ivory
ENSG00000139154,ivory
ENSG00000141543,darkolivegreen
ENSG00000143320,lightsalmon
ENSG00000146676,darkred
ENSG00000149308,ivory
ENSG00000156603,ivory
ENSG00000157404,lightsalmon
ENSG00000159267,peru
ENSG00000161202,ivory
ENSG00000166188,ivory
ENSG00000167555,darkred
ENSG00000168116,goldenrod
ENSG00000168591,darkred
ENSG00000168874,honeydew
ENSG00000171425,lightsalmon
ENSG00000171889,darkred
ENSG00000172943,ivory
ENSG00000173818,ivory
ENSG00000174109,honeydew
ENSG00000179152,ivory
ENSG00000179364,ivory
ENSG00000183696,ivory
ENSG00000187531,forestgreen
ENSG00000187742,ivory
ENSG00000197557,lightsalmon
ENSG00000198081,bisque
ENSG00000211584,ivory
ENSG00000214612,peru
ENSG00000224032,goldenrod
ENSG00000224546,linen
ENSG00000279159,ivory
ENSG00000005448,goldenrod
ENSG00000011295,palegoldenrod
ENSG00000013619,palegreen
ENSG00000020426,blanchedalmond
ENSG00000047346,ivory
ENSG00000059769,ivory
ENSG00000063978,darkred
ENSG00000082516,darkred
ENSG00000089060,ivory
ENSG00000092439,ivory
ENSG00000101311,darkolivegreen
ENSG00000102178,goldenrod
ENSG00000102384,darkred
ENSG00000105127,darkred
ENSG00000105186,lightsalmon
ENSG00000105656,ivory
ENSG00000107959,darkred
ENSG00000109079,ivory
ENSG00000110619,lightsalmon
ENSG00000110711,darkred
ENSG00000110987,ivory
ENSG00000117593,forestgreen
ENSG00000119906,ivory
ENSG00000123739,ivory
ENSG00000125734,lemonchiffon
ENSG00000128654,lightsalmon
ENSG00000130312,blanchedalmond
ENSG00000132718,ivory
ENSG00000136213,ivory
ENSG00000136231,ivory
ENSG00000136783,ivory
ENSG00000146067,sienna
ENSG00000148143,ivory
ENSG00000148218,darkred
ENSG00000149091,ivory
ENSG00000152457,lightsalmon
ENSG00000153944,ivory
ENSG00000155313,ivory
ENSG00000156876,darkred
ENSG00000164086,darkolivegreen
ENSG00000168610,ivory
ENSG00000174243,darkkhaki
ENSG00000176623,ivory
ENSG00000179456,ivory
ENSG00000185515,darkolivegreen
ENSG00000185565,sienna
ENSG00000196214,lightsalmon
ENSG00000197429,ivory
ENSG00000197860,blanchedalmond
ENSG00000198952,forestgreen
ENSG00000226928,ivory
ENSG00000228393,sienna
ENSG00000240849,lightsalmon
ENSG00000249115,lightsalmon
ENSG00000040487,lightsalmon
ENSG00000063169,darkolivegreen
ENSG00000068654,ivory
ENSG00000080200,ivory
ENSG00000087448,lightsalmon
ENSG00000088298,lawngreen
ENSG00000095321,blanchedalmond
ENSG00000095906,ivory
ENSG00000100092,ivory
ENSG00000103351,sienna
ENSG00000106004,ivory
ENSG00000107890,lightsalmon
ENSG00000107957,sienna
ENSG00000109184,ivory
ENSG00000111247,bisque
ENSG00000111602,ivory
ENSG00000114982,lightsalmon
ENSG00000116120,ivory
ENSG00000118707,ivory
ENSG00000119522,antiquewhite
ENSG00000120868,ivory
ENSG00000127955,lightsalmon
ENSG00000128016,ivory
ENSG00000130703,blanchedalmond
ENSG00000131323,sienna
ENSG00000131408,ivory
ENSG00000132740,ivory
ENSG00000136738,ivory
ENSG00000137714,lightsalmon
ENSG00000138092,cornsilk
ENSG00000138660,ivory
ENSG00000139567,antiquewhite
ENSG00000140386,darkred
ENSG00000143315,ivory
ENSG00000143344,ivory
ENSG00000150753,ivory
ENSG00000156709,ivory
ENSG00000157240,blanchedalmond
ENSG00000157764,ivory
ENSG00000161179,ivory
ENSG00000163867,ivory
ENSG00000163877,darkred
ENSG00000164743,beige
ENSG00000166317,ivory
ENSG00000168005,sienna
ENSG00000169359,blanchedalmond
ENSG00000170836,darkseagreen
ENSG00000172663,ivory
ENSG00000176124,lightsalmon
ENSG00000180992,lightsalmon
ENSG00000181035,peru
ENSG00000182752,sienna
ENSG00000198855,ivory
ENSG00000205364,ivory
ENSG00000253829,darkred
ENSG00000254960,blanchedalmond
ENSG00000255248,ivory
ENSG00000256053,ivory
ENSG00000011376,ivory
ENSG00000019991,ivory
ENSG00000071564,darkred
ENSG00000077713,blanchedalmond
ENSG00000087510,lightgreen
ENSG00000088876,darkred
ENSG00000091947,ivory
ENSG00000100600,lightsalmon
ENSG00000100982,darkred
ENSG00000103160,ivory
ENSG00000105732,lemonchiffon
ENSG00000109466,blanchedalmond
ENSG00000109501,ivory
ENSG00000110063,linen
ENSG00000115446,darkred
ENSG00000117174,ivory
ENSG00000120217,blanchedalmond
ENSG00000120709,sienna
ENSG00000121671,red
ENSG00000124688,goldenrod
ENSG00000133641,ivory
ENSG00000134574,ivory
ENSG00000135709,sienna
ENSG00000135972,lightsalmon
ENSG00000136754,ivory
ENSG00000138463,beige
ENSG00000138756,ivory
ENSG00000140450,beige
ENSG00000142867,ivory
ENSG00000147408,darkred
ENSG00000152520,lightgreen
ENSG00000152683,ivory
ENSG00000159259,lightsalmon
ENSG00000160688,blanchedalmond
ENSG00000161904,sienna
ENSG00000163291,lightsalmon
ENSG00000164307,lightsalmon
ENSG00000165832,darkkhaki
ENSG00000166275,ivory
ENSG00000168461,ivory
ENSG00000170871,ivory
ENSG00000171105,red
ENSG00000171161,red
ENSG00000176731,darksalmon
ENSG00000180354,lightsalmon
ENSG00000196233,ivory
ENSG00000196968,antiquewhite
ENSG00000205362,ivory
ENSG00000206190,lightsalmon
ENSG00000251257,lightsalmon
ENSG00000267254,bisque
ENSG00000267809,ivory
ENSG00000290923,palegoldenrod
ENSG00000004487,ivory
ENSG00000011523,ivory
ENSG00000028137,ivory
ENSG00000064042,cornsilk
ENSG00000066855,forestgreen
ENSG00000070476,palegoldenrod
ENSG00000092096,ivory
ENSG00000096968,lawngreen
ENSG00000100294,darkred
ENSG00000100304,ivory
ENSG00000101577,ivory
ENSG00000103249,antiquewhite
ENSG00000109775,sienna
ENSG00000110318,lightsalmon
ENSG00000111725,ivory
ENSG00000113163,ivory
ENSG00000113272,linen
ENSG00000114023,sienna
ENSG00000119718,forestgreen
ENSG00000121310,sienna
ENSG00000124279,darkolivegreen
ENSG00000124588,lightsalmon
ENSG00000128274,ivory
ENSG00000128694,ivory
ENSG00000128739,lightsalmon
ENSG00000129911,darkkhaki
ENSG00000130066,ivory
ENSG00000130856,lightsalmon
ENSG00000131043,ivory
ENSG00000135336,bisque
ENSG00000137770,darkred
ENSG00000140859,ivory
ENSG00000145743,ivory
ENSG00000148660,cornsilk
ENSG00000149179,red
ENSG00000150540,ivory
ENSG00000150636,sienna
ENSG00000152049,ivory
ENSG00000154305,ivory
ENSG00000155508,blanchedalmond
ENSG00000156136,blanchedalmond
ENSG00000158480,linen
ENSG00000163661,ivory
ENSG00000163875,ivory
ENSG00000166004,ivory
ENSG00000166479,ivory
ENSG00000170310,darksalmon
ENSG00000172375,darkred
ENSG00000172531,cornsilk
ENSG00000174807,lightsalmon
ENSG00000175893,ivory
ENSG00000176170,ivory
ENSG00000182934,ivory
ENSG00000185608,darksalmon
ENSG00000186812,ivory
ENSG00000187866,darkolivegreen
ENSG00000188191,cornsilk
ENSG00000196705,darkred
ENSG00000196976,ivory
ENSG00000197536,linen
ENSG00000213390,ivory
ENSG00000215305,antiquewhite
ENSG00000247809,darksalmon
ENSG00000048162,linen
ENSG00000049540,ivory
ENSG00000066084,ivory
ENSG00000089050,blanchedalmond
ENSG00000090776,ivory
ENSG00000091127,linen
ENSG00000091157,ivory
ENSG00000092140,ivory
ENSG00000092978,coral
ENSG00000096717,ivory
ENSG00000101365,lightsalmon
ENSG00000101457,lightgreen
ENSG00000102606,lightsalmon
ENSG00000105612,darkkhaki
ENSG00000105671,ivory
ENSG00000105701,ivory
ENSG00000105819,honeydew
ENSG00000107779,lightsalmon
ENSG00000115364,springgreen
ENSG00000120656,beige
ENSG00000120832,sienna
ENSG00000121741,ivory
ENSG00000121957,lightsalmon
ENSG00000122435,ivory
ENSG00000124444,sienna
ENSG00000124523,antiquewhite
ENSG00000129810,darkred
ENSG00000135451,ivory
ENSG00000135637,lawngreen
ENSG00000136630,ivory
ENSG00000136874,ivory
ENSG00000139173,blanchedalmond
ENSG00000139323,ivory
ENSG00000141627,lightsalmon
ENSG00000145861,blanchedalmond
ENSG00000146842,blanchedalmond
ENSG00000148362,lightsalmon
ENSG00000148690,lightsalmon
ENSG00000149089,ivory
ENSG00000149679,darkred
ENSG00000156469,bisque
ENSG00000156983,blanchedalmond
ENSG00000158019,ivory
ENSG00000159388,lightsalmon
ENSG00000162819,darkolivegreen
ENSG00000162971,palegoldenrod
ENSG00000163874,cornsilk
ENSG00000164403,darkseagreen
ENSG00000164466,bisque
ENSG00000165633,ivory
ENSG00000168938,palegreen
ENSG00000177000,ivory
ENSG00000177169,ivory
ENSG00000184117,ivory
ENSG00000184182,bisque
ENSG00000184260,sienna
ENSG00000185219,ivory
ENSG00000187741,ivory
ENSG00000197050,linen
ENSG00000197162,linen
ENSG00000198453,lightsalmon
ENSG00000198743,ivory
ENSG00000204954,blanchedalmond
ENSG00000240857,forestgreen
ENSG00000270916,bisque
ENSG00000277586,lightgreen
ENSG00000279078,ivory
ENSG00000279170,sienna
ENSG00000289357,ivory
ENSG00000004700,ivory
ENSG00000005812,darkred
ENSG00000032389,bisque
ENSG00000036257,ivory
ENSG00000064763,goldenrod
ENSG00000067596,lightsalmon
ENSG00000082213,ivory
ENSG00000085733,ivory
ENSG00000085760,coral
ENSG00000091317,darkolivegreen
ENSG00000100479,bisque
ENSG00000105983,blanchedalmond
ENSG00000106459,lightsalmon
ENSG00000106771,blanchedalmond
ENSG00000113269,ivory
ENSG00000114520,blanchedalmond
ENSG00000116062,blanchedalmond
ENSG00000116984,ivory
ENSG00000125875,linen
ENSG00000127952,sienna
ENSG00000130299,darkred
ENSG00000132155,ivory
ENSG00000134758,ivory
ENSG00000136937,ivory
ENSG00000137040,darkred
ENSG00000137720,lightsalmon
ENSG00000139910,darkolivegreen
ENSG00000140153,ivory
ENSG00000143379,antiquewhite
ENSG00000145990,linen
ENSG00000148798,blanchedalmond
ENSG00000149428,ivory
ENSG00000152377,ivory
ENSG00000153879,ivory
ENSG00000156232,ivory
ENSG00000156795,forestgreen
ENSG00000157538,bisque
ENSG00000159433,sienna
ENSG00000164828,darkkhaki
ENSG00000165526,palegreen
ENSG00000166167,ivory
ENSG00000166925,ivory
ENSG00000167566,ivory
ENSG00000167595,lightsalmon
ENSG00000167842,red
ENSG00000170946,ivory
ENSG00000175061,lightsalmon
ENSG00000175414,ivory
ENSG00000176422,lightsalmon
ENSG00000182985,ivory
ENSG00000183475,lightsalmon
ENSG00000183826,peru
ENSG00000185347,coral
ENSG00000189144,ivory
ENSG00000189306,ivory
ENSG00000196459,ivory
ENSG00000203705,darksalmon
ENSG00000212978,red
ENSG00000213123,blanchedalmond
ENSG00000213619,linen
ENSG00000214944,sienna
ENSG00000227525,bisque
ENSG00000237190,darksalmon
ENSG00000254726,palegreen
ENSG00000262919,cornsilk
ENSG00000280071,red
ENSG00000005801,ivory
ENSG00000007376,ivory
ENSG00000064601,beige
ENSG00000067365,cornsilk
ENSG00000068028,red
ENSG00000070785,cornsilk
ENSG00000071246,ivory
ENSG00000073578,ivory
ENSG00000074527,ivory
ENSG00000090975,ivory
ENSG00000092208,lawngreen
ENSG00000094841,bisque
ENSG00000100221,ivory
ENSG00000100625,darkolivegreen
ENSG00000101544,ivory
ENSG00000101945,darkred
ENSG00000102710,ivory
ENSG00000103496,darkolivegreen
ENSG00000104517,ivory
ENSG00000104886,ivory
ENSG00000105053,ivory
ENSG00000106683,ivory
ENSG00000107262,ivory
ENSG00000110172,lightsalmon
ENSG00000111052,lightsalmon
ENSG00000112186,ivory
ENSG00000120253,ivory
ENSG00000122034,ivory
ENSG00000122335,forestgreen
ENSG00000125503,ivory
ENSG00000126012,red
ENSG00000131459,honeydew
ENSG00000132541,darkred
ENSG00000133935,ivory
ENSG00000134259,blanchedalmond
ENSG00000134824,ivory
ENSG00000136274,antiquewhite
ENSG00000136518,ivory
ENSG00000136897,blanchedalmond
ENSG00000138678,blanchedalmond
ENSG00000138767,ivory
ENSG00000138780,ivory
ENSG00000142731,blanchedalmond
ENSG00000143416,ivory
ENSG00000149531,lightsalmon
ENSG00000151012,ivory
ENSG00000151778,ivory
ENSG00000151876,ivory
ENSG00000156030,ivory
ENSG00000160014,coral
ENSG00000163156,sienna
ENSG00000163637,lightsalmon
ENSG00000164897,lightsalmon
ENSG00000167977,ivory
ENSG00000170191,blanchedalmond
ENSG00000173540,bisque
ENSG00000174365,palegoldenrod
ENSG00000175040,lightgreen
ENSG00000175224,ivory
ENSG00000178234,ivory
ENSG00000178425,darkred
ENSG00000178607,lightsalmon
ENSG00000178802,red
ENSG00000181007,ivory
ENSG00000185344,ivory
ENSG00000186314,blanchedalmond
ENSG00000197024,lightsalmon
ENSG00000197713,bisque
ENSG00000197937,blanchedalmond
ENSG00000213347,ivory
ENSG00000213621,bisque
ENSG00000218739,darkred
ENSG00000221890,ivory
ENSG00000221990,ivory
ENSG00000226950,bisque
ENSG00000232346,darkred
ENSG00000250565,ivory
ENSG00000255529,blanchedalmond
ENSG00000257178,ivory
ENSG00000257923,ivory
ENSG00000272886,darkred
ENSG00000048342,ivory
ENSG00000070831,lightsalmon
ENSG00000071889,ivory
ENSG00000073050,bisque
ENSG00000079931,ivory
ENSG00000083099,darkkhaki
ENSG00000089234,lemonchiffon
ENSG00000094880,darkseagreen
ENSG00000095574,blanchedalmond
ENSG00000102103,cornsilk
ENSG00000102547,blanchedalmond
ENSG00000103257,ivory
ENSG00000105325,forestgreen
ENSG00000108788,ivory
ENSG00000109452,ivory
ENSG00000109586,blanchedalmond
ENSG00000110074,lightsalmon
ENSG00000110435,darkred
ENSG00000111271,lightsalmon
ENSG00000111424,lightsalmon
ENSG00000113845,ivory
ENSG00000114439,ivory
ENSG00000117408,lightsalmon
ENSG00000119771,sienna
ENSG00000125652,lightsalmon
ENSG00000130402,beige
ENSG00000130827,ivory
ENSG00000132952,blanchedalmond
ENSG00000134056,darksalmon
ENSG00000137806,lightsalmon
ENSG00000139370,ivory
ENSG00000139613,ivory
ENSG00000144645,ivory
ENSG00000144834,linen
ENSG00000145247,darkred
ENSG00000147162,ivory
ENSG00000153574,lawngreen
ENSG00000154429,darkred
ENSG00000157796,darkolivegreen
ENSG00000158552,antiquewhite
ENSG00000163539,ivory
ENSG00000164024,darkred
ENSG00000167766,lightsalmon
ENSG00000170365,lightsalmon
ENSG00000171320,ivory
ENSG00000172071,darkolivegreen
ENSG00000172986,ivory
ENSG00000175505,lightsalmon
ENSG00000175832,darkred
ENSG00000181090,ivory
ENSG00000181789,ivory
ENSG00000181894,red
ENSG00000182901,sienna
ENSG00000183513,bisque
ENSG00000184009,darkolivegreen
ENSG00000184445,lightsalmon
ENSG00000187778,blanchedalmond
ENSG00000188130,ivory
ENSG00000197785,ivory
ENSG00000197905,red
ENSG00000198964,ivory
ENSG00000235043,darkred
ENSG00000253846,lightsalmon
ENSG00000254470,lightsalmon
ENSG00000027847,ivory
ENSG00000060749,ivory
ENSG00000073331,ivory
ENSG00000082458,ivory
ENSG00000100532,ivory
ENSG00000100599,red
ENSG00000102755,cornsilk
ENSG00000103544,ivory
ENSG00000106780,ivory
ENSG00000107404,darkkhaki
ENSG00000110080,lightsalmon
ENSG00000114270,ivory
ENSG00000119760,lightsalmon
ENSG00000120539,darkred
ENSG00000124615,coral
ENSG00000130713,darkred
ENSG00000131069,ivory
ENSG00000135414,red
ENSG00000138131,lightsalmon
ENSG00000141562,lightsalmon
ENSG00000142910,ivory
ENSG00000145982,red
ENSG00000149260,lightsalmon
ENSG00000149346,blanchedalmond
ENSG00000153487,darkred
ENSG00000157426,ivory
ENSG00000158406,beige
ENSG00000160710,ivory
ENSG00000163607,ivory
ENSG00000164080,ivory
ENSG00000164236,ivory
ENSG00000165355,blanchedalmond
ENSG00000167315,darkred
ENSG00000168016,sienna
ENSG00000169371,lightsalmon
ENSG00000171295,lawngreen
ENSG00000172732,lightsalmon
ENSG00000174197,lightsalmon
ENSG00000175198,sienna
ENSG00000176225,lightsalmon
ENSG00000176463,darkred
ENSG00000179335,honeydew
ENSG00000179630,red
ENSG00000181544,ivory
ENSG00000184677,red
ENSG00000185305,forestgreen
ENSG00000188522,antiquewhite
ENSG00000196367,ivory
ENSG00000196911,lightsalmon
ENSG00000197093,cornsilk
ENSG00000198522,darkred
ENSG00000214756,ivory
ENSG00000224051,lightsalmon
ENSG00000228526,darkred
ENSG00000239900,blanchedalmond
ENSG00000245571,lightsalmon
ENSG00000247315,peru
ENSG00000250657,linen
ENSG00000252759,lightsalmon
ENSG00000261609,ivory
ENSG00000275066,lightsalmon
ENSG00000293084,forestgreen
ENSG00000000003,darkred
ENSG00000007944,coral
ENSG00000010165,blanchedalmond
ENSG00000013016,ivory
ENSG00000014164,lightsalmon
ENSG00000020256,bisque
ENSG00000026950,ivory
ENSG00000051596,lawngreen
ENSG00000054793,ivory
ENSG00000073536,lightsalmon
ENSG00000073756,blanchedalmond
ENSG00000087087,ivory
ENSG00000088387,palegoldenrod
ENSG00000089818,bisque
ENSG00000099785,ivory
ENSG00000100485,coral
ENSG00000100994,ivory
ENSG00000101412,lightsalmon
ENSG00000102595,red
ENSG00000104691,ivory
ENSG00000105835,ivory
ENSG00000106571,ivory
ENSG00000107185,lightsalmon
ENSG00000109674,blanchedalmond
ENSG00000110514,ivory
ENSG00000112996,bisque
ENSG00000113971,honeydew
ENSG00000114735,lightsalmon
ENSG00000116741,sienna
ENSG00000117600,ivory
ENSG00000119711,ivory
ENSG00000119986,ivory
ENSG00000125962,ivory
ENSG00000129691,darkred
ENSG00000130707,lightsalmon
ENSG00000136478,bisque
ENSG00000140740,darksalmon
ENSG00000144642,ivory
ENSG00000146909,ivory
ENSG00000148120,honeydew
ENSG00000156873,ivory
ENSG00000157895,ivory
ENSG00000160113,palegreen
ENSG00000162384,ivory
ENSG00000162972,darkred
ENSG00000165152,lightsalmon
ENSG00000166133,darkkhaki
ENSG00000167113,blanchedalmond
ENSG00000169902,ivory
ENSG00000169955,honeydew
ENSG00000170619,beige
ENSG00000172346,ivory
ENSG00000172493,ivory
ENSG00000173214,darkred
ENSG00000176946,lightsalmon
ENSG00000178700,lemonchiffon
ENSG00000180628,darkkhaki
ENSG00000183172,palegreen
ENSG00000185418,antiquewhite
ENSG00000185432,sienna
ENSG00000185480,blanchedalmond
ENSG00000189410,ivory
ENSG00000197296,ivory
ENSG00000197818,lightsalmon
ENSG00000197928,lightsalmon
ENSG00000198440,darkred
ENSG00000205155,ivory
ENSG00000221914,darksalmon
ENSG00000229358,blanchedalmond
ENSG00000229852,antiquewhite
ENSG00000232677,ivory
ENSG00000233016,lightsalmon
ENSG00000233527,darksalmon
ENSG00000243943,blanchedalmond
ENSG00000258405,blanchedalmond
ENSG00000271643,peru
ENSG00000276115,lightsalmon
ENSG00000285410,ivory
ENSG00000293516,darksalmon
ENSG00000005700,ivory
ENSG00000009780,ivory
ENSG00000040199,beige
ENSG00000053770,forestgreen
ENSG00000064666,lightsalmon
ENSG00000066427,goldenrod
ENSG00000071051,sienna
ENSG00000076067,ivory
ENSG00000082146,ivory
ENSG00000090971,ivory
ENSG00000099256,blanchedalmond
ENSG00000102763,ivory
ENSG00000102921,ivory
ENSG00000103510,ivory
ENSG00000105223,lightsalmon
ENSG00000106089,blanchedalmond
ENSG00000110400,ivory
ENSG00000112414,ivory
ENSG00000116903,bisque
ENSG00000120158,bisque
ENSG00000120594,ivory
ENSG00000121440,palegreen
ENSG00000122557,antiquewhite
ENSG00000130958,honeydew
ENSG00000131386,ivory
ENSG00000132286,ivory
ENSG00000137507,sienna
ENSG00000138050,forestgreen
ENSG00000138629,cornsilk
ENSG00000138640,blanchedalmond
ENSG00000139132,sienna
ENSG00000139410,sienna
ENSG00000143079,honeydew
ENSG00000143952,ivory
ENSG00000144306,palegreen
ENSG00000144579,red
ENSG00000144647,goldenrod
ENSG00000145569,darkred
ENSG00000146085,ivory
ENSG00000149150,antiquewhite
ENSG00000151458,ivory
ENSG00000155090,blanchedalmond
ENSG00000157212,ivory
ENSG00000161618,ivory
ENSG00000162735,sienna
ENSG00000162929,ivory
ENSG00000163719,bisque
ENSG00000166477,blanchedalmond
ENSG00000166685,goldenrod
ENSG00000169410,bisque
ENSG00000172113,darkseagreen
ENSG00000174227,darkred
ENSG00000175213,ivory
ENSG00000177410,darkred
ENSG00000177426,ivory
ENSG00000182173,ivory
ENSG00000187091,darkseagreen
ENSG00000197989,darksalmon
ENSG00000198865,lightsalmon
ENSG00000198945,ivory
ENSG00000204160,ivory
ENSG00000204767,darkred
ENSG00000215105,darkred
ENSG00000232333,darksalmon
ENSG00000235904,darkred
ENSG00000236333,ivory
ENSG00000239524,ivory
ENSG00000244485,ivory
ENSG00000270504,ivory
ENSG00000276107,ivory
ENSG00000288948,palegoldenrod
ENSG00000001497,ivory
ENSG00000004534,ivory
ENSG00000049883,antiquewhite
ENSG00000055208,ivory
ENSG00000100558,blanchedalmond
ENSG00000101138,blanchedalmond
ENSG00000109743,lightsalmon
ENSG00000110048,ivory
ENSG00000111231,darkred
ENSG00000113070,ivory
ENSG00000114784,cornsilk
ENSG00000115207,ivory
ENSG00000115935,ivory
ENSG00000116922,blanchedalmond
ENSG00000117758,ivory
ENSG00000118246,antiquewhite
ENSG00000118292,lightsalmon
ENSG00000119231,forestgreen
ENSG00000120458,ivory
ENSG00000120526,bisque
ENSG00000121297,ivory
ENSG00000124459,darkolivegreen
ENSG00000124571,coral
ENSG00000125863,lightsalmon
ENSG00000127191,ivory
ENSG00000128185,ivory
ENSG00000129472,ivory
ENSG00000130305,ivory
ENSG00000131725,lightsalmon
ENSG00000131779,ivory
ENSG00000133983,lightsalmon
ENSG00000136014,forestgreen
ENSG00000137075,blanchedalmond
ENSG00000138018,blanchedalmond
ENSG00000139636,sienna
ENSG00000140280,forestgreen
ENSG00000141696,ivory
ENSG00000147789,darkred
ENSG00000151725,darkred
ENSG00000153107,red
ENSG00000154743,darkred
ENSG00000157450,ivory
ENSG00000162836,palegoldenrod
ENSG00000165272,linen
ENSG00000167157,ivory
ENSG00000172795,ivory
ENSG00000172888,darksalmon
ENSG00000173588,darkred
ENSG00000174718,ivory
ENSG00000177731,antiquewhite
ENSG00000184162,darkred
ENSG00000187676,ivory
ENSG00000196267,antiquewhite
ENSG00000196368,palegreen
ENSG00000197183,lawngreen
ENSG00000198429,lemonchiffon
ENSG00000198937,lemonchiffon
ENSG00000198951,lightsalmon
ENSG00000204130,sienna
ENSG00000235121,ivory
ENSG00000261786,sienna
ENSG00000271811,ivory
ENSG00000281344,lemonchiffon
ENSG00000288066,darkseagreen
ENSG00000005882,linen
ENSG00000006607,lightsalmon
ENSG00000044090,ivory
ENSG00000047315,ivory
ENSG00000060069,ivory
ENSG00000065802,darksalmon
ENSG00000066027,ivory
ENSG00000069482,darkseagreen
ENSG00000070269,ivory
ENSG00000080839,ivory
ENSG00000095209,ivory
ENSG00000100321,ivory
ENSG00000100412,darkred
ENSG00000115211,darkred
ENSG00000116863,darkolivegreen
ENSG00000119929,darkred
ENSG00000125944,ivory
ENSG00000130702,antiquewhite
ENSG00000131196,ivory
ENSG00000134470,ivory
ENSG00000136720,lightsalmon
ENSG00000140463,ivory
ENSG00000143224,darkred
ENSG00000143367,peru
ENSG00000144559,ivory
ENSG00000146463,ivory
ENSG00000151287,forestgreen
ENSG00000163444,antiquewhite
ENSG00000164300,goldenrod
ENSG00000166106,ivory
ENSG00000166575,lightsalmon
ENSG00000168876,antiquewhite
ENSG00000170485,forestgreen
ENSG00000175595,ivory
ENSG00000179094,lawngreen
ENSG00000179598,ivory
ENSG00000179943,beige
ENSG00000180758,lightsalmon
ENSG00000182552,honeydew
ENSG00000185838,lightsalmon
ENSG00000198513,ivory
ENSG00000227051,beige
ENSG00000228649,blanchedalmond
ENSG00000250337,ivory
ENSG00000250742,darkred
ENSG00000253284,antiquewhite
ENSG00000256525,blanchedalmond
ENSG00000257218,lightgreen
ENSG00000288701,darkred
ENSG00000291075,sienna
ENSG00000293311,lightsalmon
ENSG00000008869,lightsalmon
ENSG00000009830,linen
ENSG00000024048,peru
ENSG00000028839,ivory
ENSG00000041988,lightsalmon
ENSG00000068354,lightsalmon
ENSG00000070366,antiquewhite
ENSG00000071462,blanchedalmond
ENSG00000077150,ivory
ENSG00000078142,ivory
ENSG00000078401,blanchedalmond
ENSG00000082212,bisque
ENSG00000088179,lightsalmon
ENSG00000089682,lightsalmon
ENSG00000090061,ivory
ENSG00000090924,lightsalmon
ENSG00000095564,lightsalmon
ENSG00000099377,ivory
ENSG00000100246,ivory
ENSG00000100612,lawngreen
ENSG00000101079,cornsilk
ENSG00000101104,ivory
ENSG00000105426,ivory
ENSG00000105948,ivory
ENSG00000106330,red
ENSG00000106799,ivory
ENSG00000108262,ivory
ENSG00000108443,ivory
ENSG00000109436,ivory
ENSG00000110660,darkkhaki
ENSG00000111859,darkolivegreen
ENSG00000114698,ivory
ENSG00000114770,ivory
ENSG00000115750,sienna
ENSG00000116205,ivory
ENSG00000118526,ivory
ENSG00000120837,ivory
ENSG00000123600,ivory
ENSG00000125375,antiquewhite
ENSG00000126870,blanchedalmond
ENSG00000129473,ivory
ENSG00000132305,darkred
ENSG00000133794,darkred
ENSG00000134508,sienna
ENSG00000135480,honeydew
ENSG00000135763,palegoldenrod
ENSG00000135776,darkred
ENSG00000135999,lightsalmon
ENSG00000136141,ivory
ENSG00000137802,sienna
ENSG00000140563,lightsalmon
ENSG00000141458,ivory
ENSG00000141736,darkolivegreen
ENSG00000143919,ivory
ENSG00000144455,lightsalmon
ENSG00000145246,ivory
ENSG00000145375,darkred
ENSG00000150281,bisque
ENSG00000151748,sienna
ENSG00000152219,lightsalmon
ENSG00000156239,lightsalmon
ENSG00000158985,ivory
ENSG00000160199,ivory
ENSG00000160336,antiquewhite
ENSG00000160445,ivory
ENSG00000162139,linen
ENSG00000165288,darkred
ENSG00000168056,ivory
ENSG00000170345,cornsilk
ENSG00000173542,honeydew
ENSG00000174842,darkred
ENSG00000176390,ivory
ENSG00000176971,ivory
ENSG00000177337,lightsalmon
ENSG00000177679,lightsalmon
ENSG00000180098,lightgreen
ENSG00000181513,darkred
ENSG00000183763,coral
ENSG00000183808,ivory
ENSG00000184831,forestgreen
ENSG00000185127,bisque
ENSG00000186222,blanchedalmond
ENSG00000189007,palegreen
ENSG00000219626,palegoldenrod
ENSG00000224578,ivory
ENSG00000225224,red
ENSG00000225614,ivory
ENSG00000225933,red
ENSG00000231106,darkkhaki
ENSG00000235106,ivory
ENSG00000242247,lightsalmon
ENSG00000242516,ivory
ENSG00000271122,blanchedalmond
ENSG00000271601,ivory
ENSG00000272333,darkseagreen
ENSG00000273218,red
ENSG00000289294,bisque
ENSG00000006576,blanchedalmond
ENSG00000006652,ivory
ENSG00000032444,ivory
ENSG00000049541,lightgreen
ENSG00000052126,ivory
ENSG00000068137,ivory
ENSG00000079387,ivory
ENSG00000100307,ivory
ENSG00000100568,blanchedalmond
ENSG00000102312,antiquewhite
ENSG00000102870,palegoldenrod
ENSG00000102978,coral
ENSG00000104957,ivory
ENSG00000106245,darkolivegreen
ENSG00000106246,darkred
ENSG00000106733,lightsalmon
ENSG00000110328,darksalmon
ENSG00000112062,ivory
ENSG00000114021,darkred
ENSG00000114030,ivory
ENSG00000115232,sienna
ENSG00000119844,ivory
ENSG00000120798,sienna
ENSG00000124151,lightsalmon
ENSG00000125629,ivory
ENSG00000129347,darkred
ENSG00000136717,ivory
ENSG00000138587,lightsalmon
ENSG00000138829,ivory
ENSG00000146410,ivory
ENSG00000147459,honeydew
ENSG00000149131,ivory
ENSG00000149582,ivory
ENSG00000151338,darkred
ENSG00000151883,lightsalmon
ENSG00000154928,blanchedalmond
ENSG00000156697,ivory
ENSG00000159164,lightsalmon
ENSG00000159217,honeydew
ENSG00000160345,lightsalmon
ENSG00000161277,honeydew
ENSG00000162441,ivory
ENSG00000162631,blanchedalmond
ENSG00000162851,ivory
ENSG00000162869,forestgreen
ENSG00000163704,darkred
ENSG00000165527,ivory
ENSG00000165752,ivory
ENSG00000166224,honeydew
ENSG00000166436,palegoldenrod
ENSG00000167302,darkkhaki
ENSG00000168246,ivory
ENSG00000168502,darksalmon
ENSG00000168734,ivory
ENSG00000169249,bisque
ENSG00000169957,ivory
ENSG00000170899,darkred
ENSG00000171159,lightsalmon
ENSG00000172456,lightsalmon
ENSG00000173064,ivory
ENSG00000174132,blanchedalmond
ENSG00000174371,forestgreen
ENSG00000174989,ivory
ENSG00000176095,lightsalmon
ENSG00000176476,palegoldenrod
ENSG00000177738,lightsalmon
ENSG00000178921,blanchedalmond
ENSG00000179832,palegoldenrod
ENSG00000180155,ivory
ENSG00000181638,ivory
ENSG00000184254,red
ENSG00000185024,ivory
ENSG00000186130,darkred
ENSG00000187713,darkred
ENSG00000188227,goldenrod
ENSG00000196460,bisque
ENSG00000196476,ivory
ENSG00000197808,goldenrod
ENSG00000197841,antiquewhite
ENSG00000204120,ivory
ENSG00000205189,ivory
ENSG00000227028,ivory
ENSG00000232533,blanchedalmond
ENSG00000232593,red
ENSG00000240386,lightgreen
ENSG00000242861,ivory
ENSG00000243680,bisque
ENSG00000247626,lightsalmon
ENSG00000251022,ivory
ENSG00000285437,sienna
ENSG00000290567,coral
ENSG00000004864,lemonchiffon
ENSG00000006756,red
ENSG00000011243,lawngreen
ENSG00000014914,lightsalmon
ENSG00000039139,lightsalmon
ENSG00000059573,ivory
ENSG00000065491,ivory
ENSG00000067064,lightsalmon
ENSG00000070404,lightsalmon
ENSG00000070718,ivory
ENSG00000070950,darkred
ENSG00000099326,lightsalmon
ENSG00000100911,darkkhaki
ENSG00000102466,darkkhaki
ENSG00000102893,ivory
ENSG00000103264,darkolivegreen
ENSG00000105339,ivory
ENSG00000106605,darkolivegreen
ENSG00000107338,cornsilk
ENSG00000109381,ivory
ENSG00000115514,bisque
ENSG00000116809,cornsilk
ENSG00000117748,lightsalmon
ENSG00000124614,cornsilk
ENSG00000126016,antiquewhite
ENSG00000126091,ivory
ENSG00000128581,lightsalmon
ENSG00000130590,peru
ENSG00000131791,ivory
ENSG00000132275,ivory
ENSG00000132964,blanchedalmond
ENSG00000133103,ivory
ENSG00000133943,ivory
ENSG00000135249,lightsalmon
ENSG00000137494,darkseagreen
ENSG00000138764,ivory
ENSG00000145348,lightsalmon
ENSG00000146054,lightsalmon
ENSG00000146083,ivory
ENSG00000146830,ivory
ENSG00000147364,antiquewhite
ENSG00000147650,ivory
ENSG00000148824,ivory
ENSG00000149177,ivory
ENSG00000149212,red
ENSG00000153130,forestgreen
ENSG00000156671,ivory
ENSG00000159445,sienna
ENSG00000163138,lightsalmon
ENSG00000165475,ivory
ENSG00000166313,ivory
ENSG00000166548,honeydew
ENSG00000166592,ivory
ENSG00000169372,goldenrod
ENSG00000171503,ivory
ENSG00000174749,ivory
ENSG00000175606,lightsalmon
ENSG00000178449,ivory
ENSG00000178694,palegreen
ENSG00000179406,sienna
ENSG00000179909,palegoldenrod
ENSG00000181396,red
ENSG00000184194,sienna
ENSG00000197498,lightsalmon
ENSG00000197961,ivory
ENSG00000203485,ivory
ENSG00000204469,cornsilk
ENSG00000213445,lightsalmon
ENSG00000225484,ivory
ENSG00000228360,lightsalmon
ENSG00000235927,ivory
ENSG00000239227,bisque
ENSG00000254004,lightsalmon
ENSG00000256060,forestgreen
ENSG00000261236,ivory
ENSG00000011021,ivory
ENSG00000065559,ivory
ENSG00000065615,blanchedalmond
ENSG00000080546,ivory
ENSG00000086289,darkred
ENSG00000100441,lightsalmon
ENSG00000101452,ivory
ENSG00000103043,lightsalmon
ENSG00000105829,blanchedalmond
ENSG00000108187,honeydew
ENSG00000109220,peru
ENSG00000111885,ivory
ENSG00000112367,ivory
ENSG00000115282,blanchedalmond
ENSG00000119328,linen
ENSG00000120370,ivory
ENSG00000120519,blanchedalmond
ENSG00000122882,blanchedalmond
ENSG00000124217,coral
ENSG00000125352,blanchedalmond
ENSG00000125611,lightsalmon
ENSG00000126106,palegoldenrod
ENSG00000130193,red
ENSG00000130962,red
ENSG00000132561,ivory
ENSG00000134490,coral
ENSG00000135801,lightsalmon
ENSG00000137161,ivory
ENSG00000139826,lightsalmon
ENSG00000141127,blanchedalmond
ENSG00000143748,lightsalmon
ENSG00000144468,blanchedalmond
ENSG00000145216,lightsalmon
ENSG00000147050,ivory
ENSG00000149262,ivory
ENSG00000150527,ivory
ENSG00000151229,darkred
ENSG00000151726,forestgreen
ENSG00000154265,ivory
ENSG00000158636,ivory
ENSG00000160539,lightsalmon
ENSG00000164654,cornsilk
ENSG00000166855,lightsalmon
ENSG00000168014,ivory
ENSG00000169762,darkolivegreen
ENSG00000169946,lightsalmon
ENSG00000172409,bisque
ENSG00000175470,ivory
ENSG00000176410,blanchedalmond
ENSG00000179965,ivory
ENSG00000180611,goldenrod
ENSG00000180953,lightsalmon
ENSG00000181690,lightsalmon
ENSG00000182405,sienna
ENSG00000183605,darkred
ENSG00000183828,red
ENSG00000187566,lightsalmon
ENSG00000188177,lightsalmon
ENSG00000188811,forestgreen
ENSG00000196636,ivory
ENSG00000196878,bisque
ENSG00000204370,darkred
ENSG00000205978,lightsalmon
ENSG00000223745,sienna
ENSG00000227345,ivory
ENSG00000241878,lemonchiffon
ENSG00000268205,ivory
ENSG00000288899,ivory
ENSG00000288982,ivory
ENSG00000289443,sienna
ENSG00000290746,lightsalmon
ENSG00000291091,lightsalmon
ENSG00000291093,ivory
ENSG00000010803,sienna
ENSG00000020633,ivory
ENSG00000047644,ivory
ENSG00000050426,darkred
ENSG00000066739,darkred
ENSG00000069667,ivory
ENSG00000075914,ivory
ENSG00000078804,sienna
ENSG00000083828,lightsalmon
ENSG00000087095,ivory
ENSG00000087266,blanchedalmond
ENSG00000087301,darkred
ENSG00000099821,darkred
ENSG00000100577,ivory
ENSG00000101464,blanchedalmond
ENSG00000102699,bisque
ENSG00000102805,ivory
ENSG00000103404,cornsilk
ENSG00000104856,ivory
ENSG00000106258,lightsalmon
ENSG00000107625,ivory
ENSG00000110871,ivory
ENSG00000111276,lightsalmon
ENSG00000113240,darkred
ENSG00000115526,antiquewhite
ENSG00000117682,ivory
ENSG00000118369,palegoldenrod
ENSG00000119820,antiquewhite
ENSG00000124164,darkkhaki
ENSG00000129158,palegreen
ENSG00000132357,ivory
ENSG00000135597,ivory
ENSG00000135632,lightsalmon
ENSG00000136270,lightsalmon
ENSG00000136444,lightsalmon
ENSG00000141219,ivory
ENSG00000142528,palegoldenrod
ENSG00000144591,ivory
ENSG00000144635,ivory
ENSG00000145331,ivory
ENSG00000149571,ivory
ENSG00000152133,ivory
ENSG00000152804,ivory
ENSG00000153823,coral
ENSG00000154059,sienna
ENSG00000155100,darkred
ENSG00000156831,ivory
ENSG00000159459,cornsilk
ENSG00000164252,darkred
ENSG00000164951,ivory
ENSG00000167740,ivory
ENSG00000169914,ivory
ENSG00000171132,ivory
ENSG00000171208,ivory
ENSG00000172890,ivory
ENSG00000173548,ivory
ENSG00000175575,lightsalmon
ENSG00000175938,ivory
ENSG00000176438,ivory
ENSG00000181404,bisque
ENSG00000182903,forestgreen
ENSG00000184056,darkred
ENSG00000184939,ivory
ENSG00000185947,darkred
ENSG00000186193,lightgreen
ENSG00000186318,darkred
ENSG00000186815,ivory
ENSG00000187325,blanchedalmond
ENSG00000196456,palegreen
ENSG00000198142,red
ENSG00000198816,ivory
ENSG00000204525,blanchedalmond
ENSG00000213799,blanchedalmond
ENSG00000215184,blanchedalmond
ENSG00000216866,lightsalmon
ENSG00000221818,lightsalmon
ENSG00000221955,honeydew
ENSG00000225138,bisque
ENSG00000239382,ivory
ENSG00000240695,red
ENSG00000262454,lightsalmon
ENSG00000267575,blanchedalmond
ENSG00000273559,bisque
ENSG00000279532,palegoldenrod
ENSG00000287263,ivory
ENSG00000001167,ivory
ENSG00000005486,ivory
ENSG00000054611,ivory
ENSG00000058729,blanchedalmond
ENSG00000075945,lightsalmon
ENSG00000079691,ivory
ENSG00000085382,blanchedalmond
ENSG00000089057,ivory
ENSG00000100034,ivory
ENSG00000100116,linen
ENSG00000100376,darkred
ENSG00000101290,palegoldenrod
ENSG00000102007,darksalmon
ENSG00000105997,ivory
ENSG00000108406,ivory
ENSG00000108469,darkolivegreen
ENSG00000108591,darkred
ENSG00000109854,darkred
ENSG00000111790,goldenrod
ENSG00000112592,ivory
ENSG00000112679,lightsalmon
ENSG00000114383,ivory
ENSG00000115365,ivory
ENSG00000115392,ivory
ENSG00000117877,red
ENSG00000118454,blanchedalmond
ENSG00000122008,ivory
ENSG00000122970,ivory
ENSG00000128891,blanchedalmond
ENSG00000129055,ivory
ENSG00000131845,ivory
ENSG00000132429,bisque
ENSG00000132600,ivory
ENSG00000133027,ivory
ENSG00000134243,ivory
ENSG00000136811,ivory
ENSG00000138193,darkolivegreen
ENSG00000138347,lightsalmon
ENSG00000139579,honeydew
ENSG00000143458,ivory
ENSG00000144395,lightsalmon
ENSG00000147679,darkseagreen
ENSG00000151532,bisque
ENSG00000151881,goldenrod
ENSG00000152620,blanchedalmond
ENSG00000157214,ivory
ENSG00000157510,darkred
ENSG00000157540,ivory
ENSG00000161653,blanchedalmond
ENSG00000162129,lightsalmon
ENSG00000164169,darkseagreen
ENSG00000169379,ivory
ENSG00000170322,red
ENSG00000170801,darkred
ENSG00000176771,ivory
ENSG00000176783,ivory
ENSG00000177058,forestgreen
ENSG00000178531,lightsalmon
ENSG00000179029,ivory
ENSG00000179862,ivory
ENSG00000180011,ivory
ENSG00000181852,ivory
ENSG00000182518,forestgreen
ENSG00000186866,ivory
ENSG00000188559,ivory
ENSG00000196290,bisque
ENSG00000196453,darkred
ENSG00000198055,lightsalmon
ENSG00000198482,red
ENSG00000223547,darkred
ENSG00000230630,ivory
ENSG00000239374,ivory
ENSG00000246451,sienna
ENSG00000248275,palegoldenrod
ENSG00000253833,ivory
ENSG00000257354,ivory
ENSG00000260257,ivory
ENSG00000269836,palegoldenrod
ENSG00000273344,red
ENSG00000273382,antiquewhite
ENSG00000289942,darkred
ENSG00000290146,palegoldenrod
ENSG00000291203,ivory
ENSG00000008853,coral
ENSG00000011143,honeydew
ENSG00000047579,ivory
ENSG00000064199,ivory
ENSG00000068024,red
ENSG00000072121,darkred
ENSG00000076242,sienna
ENSG00000087903,ivory
ENSG00000100036,ivory
ENSG00000100100,ivory
ENSG00000100784,lightsalmon
ENSG00000102078,lightsalmon
ENSG00000104142,blanchedalmond
ENSG00000104213,lemonchiffon
ENSG00000105723,ivory
ENSG00000108840,ivory
ENSG00000111224,darkred
ENSG00000111860,cornsilk
ENSG00000113282,lightsalmon
ENSG00000113389,lightsalmon
ENSG00000113593,blanchedalmond
ENSG00000115459,blanchedalmond
ENSG00000116117,ivory
ENSG00000119004,ivory
ENSG00000119927,lightsalmon
ENSG00000132326,darksalmon
ENSG00000132386,ivory
ENSG00000132716,ivory
ENSG00000132906,lightsalmon
ENSG00000133247,ivory
ENSG00000135441,ivory
ENSG00000135835,lightsalmon
ENSG00000138166,sienna
ENSG00000138399,darkred
ENSG00000138794,lightsalmon
ENSG00000140992,blanchedalmond
ENSG00000142330,ivory
ENSG00000143393,ivory
ENSG00000144233,ivory
ENSG00000145687,ivory
ENSG00000152382,red
ENSG00000154237,ivory
ENSG00000154511,lightsalmon
ENSG00000155755,blanchedalmond
ENSG00000159685,blanchedalmond
ENSG00000160908,ivory
ENSG00000162065,sienna
ENSG00000162976,ivory
ENSG00000163512,ivory
ENSG00000164050,darkred
ENSG00000164418,palegoldenrod
ENSG00000165244,darkolivegreen
ENSG00000165338,blanchedalmond
ENSG00000166189,forestgreen
ENSG00000168961,ivory
ENSG00000171517,blanchedalmond
ENSG00000171703,ivory
ENSG00000172057,palegoldenrod
ENSG00000172292,ivory
ENSG00000175155,lightsalmon
ENSG00000175600,sienna
ENSG00000176208,ivory
ENSG00000176720,bisque
ENSG00000179021,ivory
ENSG00000179387,bisque
ENSG00000181915,lightsalmon
ENSG00000182957,ivory
ENSG00000184465,ivory
ENSG00000188171,forestgreen
ENSG00000196526,ivory
ENSG00000196865,ivory
ENSG00000197872,lawngreen
ENSG00000198157,bisque
ENSG00000201649,darkred
ENSG00000215012,darkseagreen
ENSG00000215712,lightsalmon
ENSG00000226499,lightsalmon
ENSG00000230202,ivory
ENSG00000240682,linen
ENSG00000255112,darkred
ENSG00000262879,red
ENSG00000285756,goldenrod
ENSG00000285867,ivory
ENSG00000286619,sienna
ENSG00000286729,lightsalmon
ENSG00000288781,forestgreen
ENSG00000003393,ivory
ENSG00000019995,ivory
ENSG00000038532,coral
ENSG00000048707,lightsalmon
ENSG00000050130,forestgreen
ENSG00000054356,honeydew
ENSG00000063322,bisque
ENSG00000068120,red
ENSG00000068383,bisque
ENSG00000068878,red
ENSG00000070610,coral
ENSG00000073803,ivory
ENSG00000080503,ivory
ENSG00000081019,darkred
ENSG00000081760,ivory
ENSG00000088035,ivory
ENSG00000090006,ivory
ENSG00000100151,ivory
ENSG00000100226,ivory
ENSG00000101194,ivory
ENSG00000101199,palegreen
ENSG00000101246,ivory
ENSG00000102934,antiquewhite
ENSG00000104870,ivory
ENSG00000104973,blanchedalmond
ENSG00000108239,lightsalmon
ENSG00000109016,blanchedalmond
ENSG00000109929,darkolivegreen
ENSG00000111653,red
ENSG00000111666,ivory
ENSG00000112365,bisque
ENSG00000114742,linen
ENSG00000117419,lightsalmon
ENSG00000117602,blanchedalmond
ENSG00000118960,blanchedalmond
ENSG00000120699,antiquewhite
ENSG00000120925,lightsalmon
ENSG00000122085,lightsalmon
ENSG00000122644,darksalmon
ENSG00000124532,ivory
ENSG00000133250,ivory
ENSG00000133805,blanchedalmond
ENSG00000137168,lightsalmon
ENSG00000137312,coral
ENSG00000137727,red
ENSG00000138336,ivory
ENSG00000141258,ivory
ENSG00000141858,lightsalmon
ENSG00000143179,ivory
ENSG00000144061,bisque
ENSG00000146122,blanchedalmond
ENSG00000146281,red
ENSG00000147573,ivory
ENSG00000151694,ivory
ENSG00000152782,lightsalmon
ENSG00000154945,darkred
ENSG00000155906,lightsalmon
ENSG00000157353,ivory
ENSG00000160062,honeydew
ENSG00000160570,bisque
ENSG00000161682,ivory
ENSG00000162585,ivory
ENSG00000162601,ivory
ENSG00000163071,ivory
ENSG00000163346,ivory
ENSG00000164296,cornsilk
ENSG00000165030,ivory
ENSG00000165124,sienna
ENSG00000166394,honeydew
ENSG00000167085,darkkhaki
ENSG00000167685,sienna
ENSG00000168453,darkred
ENSG00000168872,ivory
ENSG00000170854,ivory
ENSG00000170949,antiquewhite
ENSG00000171469,ivory
ENSG00000171824,ivory
ENSG00000174516,darkkhaki
ENSG00000175471,lightsalmon
ENSG00000175567,forestgreen
ENSG00000176142,darkolivegreen
ENSG00000176978,lightsalmon
ENSG00000179409,honeydew
ENSG00000180329,blanchedalmond
ENSG00000182580,lawngreen
ENSG00000182919,lightsalmon
ENSG00000183765,ivory
ENSG00000185621,darkkhaki
ENSG00000186260,red
ENSG00000187097,lightsalmon
ENSG00000187189,ivory
ENSG00000187266,palegreen
ENSG00000196470,lightsalmon
ENSG00000197467,ivory
ENSG00000197857,palegoldenrod
ENSG00000205423,ivory
ENSG00000226824,ivory
ENSG00000232956,lightsalmon
ENSG00000235560,lightsalmon
ENSG00000243477,red
ENSG00000246695,ivory
ENSG00000257698,bisque
ENSG00000261824,lightsalmon
ENSG00000267577,blanchedalmond
ENSG00000269343,ivory
ENSG00000270607,darkseagreen
ENSG00000272106,lightsalmon
ENSG00000047634,ivory
ENSG00000055732,ivory
ENSG00000067191,ivory
ENSG00000072786,ivory
ENSG00000073584,ivory
ENSG00000079462,ivory
ENSG00000083290,forestgreen
ENSG00000100227,ivory
ENSG00000100523,ivory
ENSG00000101350,darksalmon
ENSG00000101574,lightsalmon
ENSG00000103037,lightsalmon
ENSG00000103966,ivory
ENSG00000103995,ivory
ENSG00000107821,linen
ENSG00000109445,bisque
ENSG00000110060,darksalmon
ENSG00000112855,lightsalmon
ENSG00000115421,ivory
ENSG00000115594,darkred
ENSG00000116977,lightsalmon
ENSG00000118162,ivory
ENSG00000120942,forestgreen
ENSG00000121892,ivory
ENSG00000121989,lightsalmon
ENSG00000123575,ivory
ENSG00000125740,lightsalmon
ENSG00000128159,sienna
ENSG00000135269,ivory
ENSG00000135778,ivory
ENSG00000136144,darkred
ENSG00000136935,lightsalmon
ENSG00000137819,blanchedalmond
ENSG00000138604,blanchedalmond
ENSG00000140006,ivory
ENSG00000142961,darksalmon
ENSG00000143207,blanchedalmond
ENSG00000145214,linen
ENSG00000146072,red
ENSG00000148082,ivory
ENSG00000149474,ivory
ENSG00000149476,darkred
ENSG00000151553,ivory
ENSG00000151617,blanchedalmond
ENSG00000151892,ivory
ENSG00000155868,lightsalmon
ENSG00000157869,antiquewhite
ENSG00000158161,goldenrod
ENSG00000160584,lightsalmon
ENSG00000163596,ivory
ENSG00000163807,coral
ENSG00000167815,darksalmon
ENSG00000168067,darkolivegreen
ENSG00000168890,ivory
ENSG00000171130,red
ENSG00000171612,ivory
ENSG00000174080,ivory
ENSG00000175643,darkred
ENSG00000183208,lightsalmon
ENSG00000185404,ivory
ENSG00000186951,sienna
ENSG00000188921,lightsalmon
ENSG00000189319,ivory
ENSG00000196810,forestgreen
ENSG00000216937,lightsalmon
ENSG00000227486,darkred
ENSG00000229087,sienna
ENSG00000240445,ivory
ENSG00000250479,forestgreen
ENSG00000251136,darkred
ENSG00000251194,ivory
ENSG00000268043,palegoldenrod
ENSG00000269929,darkseagreen
ENSG00000272031,blanchedalmond
ENSG00000278970,darkolivegreen
ENSG00000279670,darkred
ENSG00000286458,ivory
ENSG00000291006,ivory
ENSG00000004777,ivory
ENSG00000010072,lightsalmon
ENSG00000027001,lawngreen
ENSG00000040531,sienna
ENSG00000064999,lightsalmon
ENSG00000066379,lawngreen
ENSG00000077458,ivory
ENSG00000082258,sienna
ENSG00000083844,ivory
ENSG00000088682,ivory
ENSG00000103064,ivory
ENSG00000104343,blanchedalmond
ENSG00000104907,sienna
ENSG00000107672,bisque
ENSG00000110057,lightgreen
ENSG00000111850,lawngreen
ENSG00000111880,lightsalmon
ENSG00000113734,ivory
ENSG00000114473,red
ENSG00000115947,darkred
ENSG00000119673,ivory
ENSG00000119787,ivory
ENSG00000121350,lightsalmon
ENSG00000122696,darkseagreen
ENSG00000126215,forestgreen
ENSG00000126562,blanchedalmond
ENSG00000126790,darkred
ENSG00000127081,ivory
ENSG00000127125,bisque
ENSG00000128513,blanchedalmond
ENSG00000130304,red
ENSG00000130988,ivory
ENSG00000133138,honeydew
ENSG00000134463,lightsalmon
ENSG00000136802,ivory
ENSG00000137216,lawngreen
ENSG00000138081,ivory
ENSG00000140525,ivory
ENSG00000141428,lightsalmon
ENSG00000143324,ivory
ENSG00000143669,ivory
ENSG00000148219,lightsalmon
ENSG00000148296,ivory
ENSG00000148300,ivory
ENSG00000148358,honeydew
ENSG00000148803,cornsilk
ENSG00000148841,blanchedalmond
ENSG00000149182,ivory
ENSG00000155542,ivory
ENSG00000156502,lightsalmon
ENSG00000157625,darkred
ENSG00000158164,ivory
ENSG00000159714,cornsilk
ENSG00000159788,ivory
ENSG00000161533,linen
ENSG00000162694,ivory
ENSG00000163788,forestgreen
ENSG00000163923,forestgreen
ENSG00000163961,lightsalmon
ENSG00000164619,blanchedalmond
ENSG00000165912,ivory
ENSG00000166140,lightsalmon
ENSG00000166377,ivory
ENSG00000166770,blanchedalmond
ENSG00000167264,ivory
ENSG00000167625,lightsalmon
ENSG00000167920,blanchedalmond
ENSG00000169612,blanchedalmond
ENSG00000177868,ivory
ENSG00000184083,blanchedalmond
ENSG00000184678,lightsalmon
ENSG00000186532,ivory
ENSG00000186854,lightgreen
ENSG00000187522,bisque
ENSG00000188986,ivory
ENSG00000196465,darkkhaki
ENSG00000196912,red
ENSG00000196951,ivory
ENSG00000203778,lightsalmon
ENSG00000203805,lightsalmon
ENSG00000204264,cornsilk
ENSG00000204792,lightsalmon
ENSG00000205084,ivory
ENSG00000205085,ivory
ENSG00000206503,cornsilk
ENSG00000206562,ivory
ENSG00000225206,darkred
ENSG00000227057,ivory
ENSG00000232119,lightgreen
ENSG00000234327,palegreen
ENSG00000245680,blanchedalmond
ENSG00000248318,red
ENSG00000286162,ivory
ENSG00000008256,sienna
ENSG00000023330,lightsalmon
ENSG00000031823,lightsalmon
ENSG00000055130,darkred
ENSG00000059122,ivory
ENSG00000080298,beige
ENSG00000087589,ivory
ENSG00000090376,ivory
ENSG00000099219,lightsalmon
ENSG00000100902,palegoldenrod
ENSG00000104177,ivory
ENSG00000105298,darkred
ENSG00000105778,ivory
ENSG00000107882,ivory
ENSG00000110046,ivory
ENSG00000112297,ivory
ENSG00000113812,sienna
ENSG00000116212,linen
ENSG00000118600,ivory
ENSG00000123104,ivory
ENSG00000123810,lightsalmon
ENSG00000124074,lightsalmon
ENSG00000127980,darkred
ENSG00000134146,ivory
ENSG00000135678,darkolivegreen
ENSG00000136378,lightsalmon
ENSG00000137200,ivory
ENSG00000137449,ivory
ENSG00000138138,red
ENSG00000140265,lightsalmon
ENSG00000142046,red
ENSG00000142459,ivory
ENSG00000148429,ivory
ENSG00000148848,sienna
ENSG00000149054,linen
ENSG00000149289,blanchedalmond
ENSG00000151151,ivory
ENSG00000151498,forestgreen
ENSG00000152061,ivory
ENSG00000160256,ivory
ENSG00000160752,linen
ENSG00000162521,coral
ENSG00000163520,ivory
ENSG00000163689,darksalmon
ENSG00000164053,ivory
ENSG00000164070,sienna
ENSG00000168310,ivory
ENSG00000170456,ivory
ENSG00000170852,beige
ENSG00000171443,ivory
ENSG00000173276,forestgreen
ENSG00000176658,linen
ENSG00000177383,darkkhaki
ENSG00000179715,darkred
ENSG00000181588,ivory
ENSG00000181982,darkred
ENSG00000185033,sienna
ENSG00000188313,ivory
ENSG00000189143,darkred
ENSG00000197417,bisque
ENSG00000197483,lightsalmon
ENSG00000198353,darkolivegreen
ENSG00000203666,darkolivegreen
ENSG00000204394,blanchedalmond
ENSG00000253552,darkred
ENSG00000253669,darkkhaki
ENSG00000259463,peru
ENSG00000259642,beige
ENSG00000269044,ivory
ENSG00000273015,bisque
ENSG00000278133,blanchedalmond
ENSG00000278974,bisque
ENSG00000279207,sienna
ENSG00000289520,goldenrod
ENSG00000289528,ivory
ENSG00000001460,bisque
ENSG00000007255,linen
ENSG00000011347,darkred
ENSG00000013293,sienna
ENSG00000062598,blanchedalmond
ENSG00000081692,palegoldenrod
ENSG00000082438,ivory
ENSG00000102543,bisque
ENSG00000106009,ivory
ENSG00000109065,lightsalmon
ENSG00000113108,lawngreen
ENSG00000120334,darkred
ENSG00000120662,blanchedalmond
ENSG00000121058,bisque
ENSG00000121716,ivory
ENSG00000123607,ivory
ENSG00000127054,lightsalmon
ENSG00000128340,coral
ENSG00000130363,darkred
ENSG00000131368,sienna
ENSG00000132434,lightgreen
ENSG00000132603,darkred
ENSG00000135045,blanchedalmond
ENSG00000135454,ivory
ENSG00000137103,ivory
ENSG00000137166,lightsalmon
ENSG00000138231,lightsalmon
ENSG00000140455,peru
ENSG00000140464,ivory
ENSG00000142409,ivory
ENSG00000145779,blanchedalmond
ENSG00000147118,ivory
ENSG00000149657,ivory
ENSG00000154102,blanchedalmond
ENSG00000154122,ivory
ENSG00000154146,sienna
ENSG00000155287,ivory
ENSG00000155970,antiquewhite
ENSG00000157350,ivory
ENSG00000158373,lightsalmon
ENSG00000160957,lawngreen
ENSG00000162522,antiquewhite
ENSG00000162642,blanchedalmond
ENSG00000163517,lightsalmon
ENSG00000163915,antiquewhite
ENSG00000164117,lightsalmon
ENSG00000164284,bisque
ENSG00000164414,darkred
ENSG00000164631,ivory
ENSG00000165097,lightsalmon
ENSG00000166073,darkred
ENSG00000166206,darkolivegreen
ENSG00000166266,ivory
ENSG00000166734,ivory
ENSG00000167065,lightsalmon
ENSG00000167721,lightsalmon
ENSG00000167904,blanchedalmond
ENSG00000169155,ivory
ENSG00000169282,lightsalmon
ENSG00000169375,ivory
ENSG00000170144,ivory
ENSG00000171444,blanchedalmond
ENSG00000171943,ivory
ENSG00000171953,palegreen
ENSG00000173114,ivory
ENSG00000173801,goldenrod
ENSG00000174796,darkolivegreen
ENSG00000175354,lightsalmon
ENSG00000176894,lemonchiffon
ENSG00000177728,ivory
ENSG00000179743,ivory
ENSG00000180008,ivory
ENSG00000182810,ivory
ENSG00000183454,red
ENSG00000185909,lightsalmon
ENSG00000187391,ivory
ENSG00000188215,ivory
ENSG00000189398,darkred
ENSG00000196116,beige
ENSG00000196437,ivory
ENSG00000196505,lightsalmon
ENSG00000197885,darkred
ENSG00000198890,ivory
ENSG00000203880,darkred
ENSG00000204116,blanchedalmond
ENSG00000210184,forestgreen
ENSG00000213020,ivory
ENSG00000213609,lightsalmon
ENSG00000223960,ivory
ENSG00000225973,bisque
ENSG00000234444,blanchedalmond
ENSG00000235508,lightsalmon
ENSG00000236540,ivory
ENSG00000240342,coral
ENSG00000240775,ivory
ENSG00000242259,sienna
ENSG00000247679,palegoldenrod
ENSG00000248049,ivory
ENSG00000249617,darksalmon
ENSG00000258890,lightsalmon
ENSG00000259113,ivory
ENSG00000270647,sienna
ENSG00000272870,ivory
ENSG00000276600,ivory
ENSG00000038210,blanchedalmond
ENSG00000056998,darkkhaki
ENSG00000071655,peru
ENSG00000085871,forestgreen
ENSG00000086619,sienna
ENSG00000091656,ivory
ENSG00000100065,darkolivegreen
ENSG00000106993,darkolivegreen
ENSG00000110492,lightsalmon
ENSG00000110931,ivory
ENSG00000112144,ivory
ENSG00000112685,lightsalmon
ENSG00000115239,ivory
ENSG00000116128,honeydew
ENSG00000119682,ivory
ENSG00000119900,ivory
ENSG00000119912,bisque
ENSG00000123500,blanchedalmond
ENSG00000123595,blanchedalmond
ENSG00000124535,ivory
ENSG00000124882,blanchedalmond
ENSG00000125388,red
ENSG00000126003,bisque
ENSG00000128284,lawngreen
ENSG00000128578,lightsalmon
ENSG00000128881,ivory
ENSG00000128928,ivory
ENSG00000130921,ivory
ENSG00000134955,springgreen
ENSG00000136169,red
ENSG00000136982,blanchedalmond
ENSG00000141098,darkolivegreen
ENSG00000141934,darkseagreen
ENSG00000143353,darksalmon
ENSG00000143971,darkred
ENSG00000144560,ivory
ENSG00000149557,ivory
ENSG00000151470,antiquewhite
ENSG00000153936,ivory
ENSG00000154727,ivory
ENSG00000155729,ivory
ENSG00000157800,darksalmon
ENSG00000158169,ivory
ENSG00000160993,darkseagreen
ENSG00000162591,ivory
ENSG00000163093,forestgreen
ENSG00000163104,ivory
ENSG00000163812,goldenrod
ENSG00000164066,ivory
ENSG00000164073,ivory
ENSG00000166439,honeydew
ENSG00000167333,blanchedalmond
ENSG00000171806,darkred
ENSG00000173020,ivory
ENSG00000173757,blanchedalmond
ENSG00000177042,ivory
ENSG00000178028,ivory
ENSG00000178096,bisque
ENSG00000181817,ivory
ENSG00000182541,ivory
ENSG00000182568,forestgreen
ENSG00000183691,lightsalmon
ENSG00000184497,darkred
ENSG00000185189,lightsalmon
ENSG00000185238,forestgreen
ENSG00000188785,lightsalmon
ENSG00000196187,sienna
ENSG00000196418,darkred
ENSG00000197586,cornsilk
ENSG00000197622,goldenrod
ENSG00000198324,sienna
ENSG00000198742,ivory
ENSG00000198746,ivory
ENSG00000198835,palegoldenrod
ENSG00000204592,linen
ENSG00000224086,blanchedalmond
ENSG00000224470,ivory
ENSG00000235531,ivory
ENSG00000248008,honeydew
ENSG00000250899,ivory
ENSG00000251493,forestgreen
ENSG00000263528,forestgreen
ENSG00000273619,lemonchiffon
ENSG00000273899,ivory
ENSG00000279589,ivory
ENSG00000291067,lightsalmon
ENSG00000005238,antiquewhite
ENSG00000012171,darksalmon
ENSG00000013523,ivory
ENSG00000028277,blanchedalmond
ENSG00000064726,blanchedalmond
ENSG00000067369,ivory
ENSG00000067715,ivory
ENSG00000081377,sienna
ENSG00000081721,lightsalmon
ENSG00000093009,ivory
ENSG00000100890,peru
ENSG00000103343,ivory
ENSG00000105793,red
ENSG00000106537,bisque
ENSG00000106688,lightsalmon
ENSG00000107679,bisque
ENSG00000110921,darkolivegreen
ENSG00000111058,blanchedalmond
ENSG00000111275,bisque
ENSG00000111843,goldenrod
ENSG00000112874,blanchedalmond
ENSG00000115252,darkred
ENSG00000117262,darkkhaki
ENSG00000120696,forestgreen
ENSG00000121931,bisque
ENSG00000124198,ivory
ENSG00000127824,ivory
ENSG00000132031,palegreen
ENSG00000132376,ivory
ENSG00000133612,lawngreen
ENSG00000133619,darkkhaki
ENSG00000138669,lawngreen
ENSG00000139200,lightsalmon
ENSG00000139405,blanchedalmond
ENSG00000140396,ivory
ENSG00000141076,linen
ENSG00000143190,bisque
ENSG00000145362,ivory
ENSG00000146918,ivory
ENSG00000147100,darkred
ENSG00000151014,lightsalmon
ENSG00000152253,honeydew
ENSG00000154134,ivory
ENSG00000158526,ivory
ENSG00000160877,beige
ENSG00000162695,palegreen
ENSG00000163743,ivory
ENSG00000164008,ivory
ENSG00000164220,darksalmon
ENSG00000165138,lightsalmon
ENSG00000166016,ivory
ENSG00000167371,beige
ENSG00000168803,lightsalmon
ENSG00000168811,red
ENSG00000169193,ivory
ENSG00000170954,honeydew
ENSG00000173442,ivory
ENSG00000173581,ivory
ENSG00000174306,ivory
ENSG00000174804,lemonchiffon
ENSG00000175931,sienna
ENSG00000177034,blanchedalmond
ENSG00000178202,ivory
ENSG00000180667,forestgreen
ENSG00000180773,ivory
ENSG00000180777,honeydew
ENSG00000183943,darkolivegreen
ENSG00000184428,ivory
ENSG00000186283,darkred
ENSG00000189046,beige
ENSG00000196159,ivory
ENSG00000196739,ivory
ENSG00000197062,red
ENSG00000197128,palegreen
ENSG00000198130,bisque
ENSG00000213420,blanchedalmond
ENSG00000213889,coral
ENSG00000223865,bisque
ENSG00000232977,ivory
ENSG00000245849,ivory
ENSG00000252242,ivory
ENSG00000253854,antiquewhite
ENSG00000259959,ivory
ENSG00000261221,darksalmon
ENSG00000263072,lightsalmon
ENSG00000267106,darksalmon
ENSG00000278879,ivory
ENSG00000293477,darksalmon
ENSG00000293510,lightsalmon
ENSG00000007952,red
ENSG00000008405,darkred
ENSG00000019144,palegoldenrod
ENSG00000060656,ivory
ENSG00000065057,cornsilk
ENSG00000074935,ivory
ENSG00000075292,ivory
ENSG00000078967,lightsalmon
ENSG00000081320,ivory
ENSG00000085274,blanchedalmond
ENSG00000088836,sienna
ENSG00000090932,darkolivegreen
ENSG00000091009,blanchedalmond
ENSG00000100105,cornsilk
ENSG00000101442,lightsalmon
ENSG00000104205,palegoldenrod
ENSG00000104915,ivory
ENSG00000111203,lightsalmon
ENSG00000113595,beige
ENSG00000113805,lightsalmon
ENSG00000114948,ivory
ENSG00000115902,lemonchiffon
ENSG00000119574,ivory
ENSG00000119685,ivory
