Gene_set,Term,Overlap,P-value,Adjusted P-value,Odds Ratio,Combined Score,Genes,module,gene_set
gs_ind_0,ATP Metabolic Process (GO:0046034),1/25,0.19155636967403009,0.3907343455685123,7.195520159283226,11.891123451962718,ATP1B1,ME_darkred,GO_Biological_Process_2023
gs_ind_0,Actin Filament Depolymerization (GO:0030042),1/9,0.07364837565515618,0.36015876044602535,20.76757532281205,54.17124812503386,WDR1,ME_darkred,GO_Biological_Process_2023
gs_ind_0,Actin Filament Organization (GO:0007015),1/98,0.5665982586575737,0.6224486584395346,1.7971482176360225,1.02096846568716,FAT1,ME_darkred,GO_Biological_Process_2023
gs_ind_0,Actin Nucleation (GO:0045010),1/16,0.12719383729520825,0.3683227424141804,11.382061369000787,23.47030086144596,ARPC5,ME_darkred,GO_Biological_Process_2023
gs_ind_0,Actin Polymerization Or Depolymerization (GO:0008154),1/43,0.3065114349568113,0.45591352704407717,4.141807747489239,4.897688556545834,WDR1,ME_darkred,GO_Biological_Process_2023
gs_ind_0,Activation Of GTPase Activity (GO:0090630),1/70,0.44927182527330617,0.5356434630002673,2.5270749254255134,2.021981315842471,TBC1D15,ME_darkred,GO_Biological_Process_2023
gs_ind_0,Actomyosin Structure Organization (GO:0031032),1/57,0.38459287169568046,0.4962280508959367,3.111892941938269,2.9736314773226957,WDR1,ME_darkred,GO_Biological_Process_2023
gs_ind_0,Aerobic Electron Transport Chain (GO:0019646),1/63,0.4153294949635193,0.5151425510112038,2.8117463414634147,2.47063401986625,NDUFA7,ME_darkred,GO_Biological_Process_2023
gs_ind_0,Aerobic Respiration (GO:0009060),1/58,0.38982454338727346,0.4971131121325176,3.0575185577942734,2.8803614375121493,NDUFA7,ME_darkred,GO_Biological_Process_2023
gs_ind_0,Anterograde Axonal Transport (GO:0008089),1/38,0.27631069259995383,0.4381091187821949,4.696,6.040133020846086,RAB21,ME_darkred,GO_Biological_Process_2023
gs_ind_0,Apical Junction Assembly (GO:0043297),1/28,0.2119479745127297,0.4014482571435693,6.408957871396896,9.942949772092838,WDR1,ME_darkred,GO_Biological_Process_2023
gs_ind_0,Apoptotic Mitochondrial Changes (GO:0008637),1/29,0.21863133051315672,0.4051264895532952,6.183568677792041,9.401302355279574,BNIP3,ME_darkred,GO_Biological_Process_2023
gs_ind_0,Apoptotic Process (GO:0006915),4/166,0.05223488732795205,0.36015876044602535,3.3143100115964437,9.7838586244941,BNIP3;FAS;BCLAF1;CASP3,ME_darkred,GO_Biological_Process_2023
gs_ind_0,Arp2/3 Complex-Mediated Actin Nucleation (GO:0034314),1/14,0.11221593087616208,0.3683227424141804,13.070460704607045,28.58941485902285,ARPC5,ME_darkred,GO_Biological_Process_2023
gs_ind_0,Astral Microtubule Organization (GO:0030953),1/7,0.05776085950197078,0.36015876044602535,27.162101313320825,77.45120820790622,RAB11A,ME_darkred,GO_Biological_Process_2023
gs_ind_0,Autophagosome Assembly (GO:0000045),1/51,0.3522568987915926,0.4768076387456954,3.4833615068823955,3.634520389197562,RB1CC1,ME_darkred,GO_Biological_Process_2023
gs_ind_0,Autophagosome Organization (GO:1905037),1/47,0.329770553389495,0.46660577749178317,3.78426435877262,4.198104542629144,RB1CC1,ME_darkred,GO_Biological_Process_2023
gs_ind_0,Autophagy Of Mitochondrion (GO:0000422),2/42,0.049037237623641816,0.36015876044602535,7.316487259015995,22.060491797740745,BNIP3;RB1CC1,ME_darkred,GO_Biological_Process_2023
gs_ind_0,Autophagy Of Nucleus (GO:0044804),1/16,0.12719383729520825,0.3683227424141804,11.382061369000787,23.47030086144596,RB1CC1,ME_darkred,GO_Biological_Process_2023
gs_ind_0,Autophagy Of Peroxisome (GO:0030242),1/8,0.06573806083941089,0.36015876044602535,23.538536585365854,64.07371396291906,RB1CC1,ME_darkred,GO_Biological_Process_2023
gs_ind_0,Axonal Transport (GO:0098930),1/36,0.2638689243614971,0.4299050907499815,4.961387839230505,6.610070898992993,RAB21,ME_darkred,GO_Biological_Process_2023
gs_ind_0,Basement Membrane Organization (GO:0071711),1/8,0.06573806083941089,0.36015876044602535,23.538536585365854,64.07371396291906,NID1,ME_darkred,GO_Biological_Process_2023
gs_ind_0,Blood Vessel Morphogenesis (GO:0048514),1/32,0.2383464528457674,0.4146796883221609,5.593263646922184,8.02090775330277,HAS2,ME_darkred,GO_Biological_Process_2023
gs_ind_0,Brain Development (GO:0007420),1/113,0.6188888399291166,0.6637733862001264,1.5555772357723576,0.7464120067083083,CENPF,ME_darkred,GO_Biological_Process_2023
gs_ind_0,Calcium Ion Homeostasis (GO:0055074),1/52,0.3577607380445595,0.4768076387456954,3.4154392611887285,3.510698749929027,ATP1B1,ME_darkred,GO_Biological_Process_2023
gs_ind_0,Calcium Ion Import Across Plasma Membrane (GO:0098703),1/17,0.13458867440622196,0.3683227424141804,10.691352549889135,21.441849746656544,TRPV1,ME_darkred,GO_Biological_Process_2023
gs_ind_0,Calcium Ion Transmembrane Import Into Cytosol (GO:0097553),1/40,0.28854418285881805,0.44378095323686223,4.457486878666255,5.540241902148877,TRPV1,ME_darkred,GO_Biological_Process_2023
gs_ind_0,Calcium Ion Transmembrane Transport (GO:0070588),1/53,0.36321826167968946,0.4799224110509986,3.3501045296167247,3.3928228969498946,TRPV1,ME_darkred,GO_Biological_Process_2023
gs_ind_0,Calcium Ion Transport (GO:0006816),1/68,0.43977827588878454,0.5300339150397468,2.6023848238482383,2.1378190495954477,TRPV1,ME_darkred,GO_Biological_Process_2023
gs_ind_0,Calcium-Mediated Signaling (GO:0019722),1/53,0.36321826167968946,0.4799224110509986,3.3501045296167247,3.3928228969498946,ATP1B1,ME_darkred,GO_Biological_Process_2023
gs_ind_0,Canonical Wnt Signaling Pathway (GO:0060070),2/45,0.05547842462738413,0.36015876044602535,6.810203272747862,19.69348076600442,FZD6;NID1,ME_darkred,GO_Biological_Process_2023
gs_ind_0,Cardiac Conduction (GO:0061337),1/27,0.20520801282335077,0.4014482571435693,6.651357570179475,10.533961958185346,YWHAE,ME_darkred,GO_Biological_Process_2023
gs_ind_0,Cardiac Epithelial To Mesenchymal Transition (GO:0060317),1/17,0.13458867440622196,0.3683227424141804,10.691352549889135,21.441849746656544,HAS2,ME_darkred,GO_Biological_Process_2023
gs_ind_0,Cardiac Muscle Cell Action Potential (GO:0086001),2/18,0.009931284548151382,0.36015876044602535,17.994476787580236,82.99170466400146,YWHAE;ATP1B1,ME_darkred,GO_Biological_Process_2023
gs_ind_0,Cardiac Muscle Cell Membrane Repolarization (GO:0099622),2/7,0.0014483246628561458,0.34050557650228114,54.03269144648455,353.23049631105715,YWHAE;ATP1B1,ME_darkred,GO_Biological_Process_2023
gs_ind_0,Cardiac Muscle Contraction (GO:0060048),1/18,0.1419214620449319,0.37248329116912154,10.079581881533102,19.68019673392199,ATP1B1,ME_darkred,GO_Biological_Process_2023
gs_ind_0,Cardiolipin Metabolic Process (GO:0032048),1/10,0.08149235932068713,0.36015876044602535,18.57997432605905,46.58456656545481,HADHA,ME_darkred,GO_Biological_Process_2023
gs_ind_0,Cell Communication By Electrical Coupling Involved In Cardiac Conduction (GO:0086064),1/8,0.06573806083941089,0.36015876044602535,23.538536585365854,64.07371396291906,ATP1B1,ME_darkred,GO_Biological_Process_2023
gs_ind_0,Cell Cycle G2/M Phase Transition (GO:0044839),1/36,0.2638689243614971,0.4299050907499815,4.961387839230505,6.610070898992993,TAF2,ME_darkred,GO_Biological_Process_2023
gs_ind_0,Cell-Cell Junction Assembly (GO:0007043),1/47,0.329770553389495,0.46660577749178317,3.78426435877262,4.198104542629144,WDR1,ME_darkred,GO_Biological_Process_2023
gs_ind_0,Cellular Component Assembly (GO:0022607),3/181,0.19767686507597582,0.39837607443886575,2.320261437908497,3.7614258789708983,FAS;HAS2;DARS1,ME_darkred,GO_Biological_Process_2023
gs_ind_0,Cellular Respiration (GO:0045333),1/81,0.4987081016713205,0.5727229969573152,2.17976064232692,1.5165342903901364,NDUFA7,ME_darkred,GO_Biological_Process_2023
gs_ind_0,Cellular Response To ATP (GO:0071318),1/9,0.07364837565515618,0.36015876044602535,20.76757532281205,54.17124812503386,TRPV1,ME_darkred,GO_Biological_Process_2023
gs_ind_0,Cellular Response To Acidic pH (GO:0071468),1/7,0.05776085950197078,0.36015876044602535,27.162101313320825,77.45120820790622,TRPV1,ME_darkred,GO_Biological_Process_2023
gs_ind_0,Cellular Response To Alkaloid (GO:0071312),2/11,0.003710326113444523,0.34050557650228114,31.27171376717656,175.01638357244988,CASP3;TRPV1,ME_darkred,GO_Biological_Process_2023
gs_ind_0,Cellular Response To Amino Acid Starvation (GO:0034198),1/39,0.28245325532448645,0.4405812441065519,4.5736458663287936,5.782196157644275,FAS,ME_darkred,GO_Biological_Process_2023
gs_ind_0,Cellular Response To Chemical Stress (GO:0062197),1/74,0.46778354506051034,0.5500390613937806,2.3887506222000994,1.8148523311733018,FAS,ME_darkred,GO_Biological_Process_2023
gs_ind_0,Cellular Response To Chemokine (GO:1990869),2/21,0.013408630465179048,0.36015876044602535,15.22230642920298,65.63640419120128,SH2B3;DUSP1,ME_darkred,GO_Biological_Process_2023
gs_ind_0,Cellular Response To Cytokine Stimulus (GO:0071345),3/185,0.20637053301528718,0.4014482571435693,2.268643085940162,3.5801048681787844,SH2B3;DUSP1;HAS2,ME_darkred,GO_Biological_Process_2023
gs_ind_0,Cellular Response To Decreased Oxygen Levels (GO:0036294),2/60,0.09151942775793862,0.3683227424141804,5.057681781819713,12.093948927721515,BNIP3;SUV39H1,ME_darkred,GO_Biological_Process_2023
gs_ind_0,Cellular Response To Fibroblast Growth Factor Stimulus (GO:0044344),1/38,0.27631069259995383,0.4381091187821949,4.696,6.040133020846086,FRS2,ME_darkred,GO_Biological_Process_2023
gs_ind_0,Cellular Response To Fluid Shear Stress (GO:0071498),1/11,0.08927056264141141,0.3683227424141804,16.809059233449478,40.61209051515593,HAS2,ME_darkred,GO_Biological_Process_2023
gs_ind_0,Cellular Response To Glucose Starvation (GO:0042149),1/37,0.2701160612808976,0.4373036865789689,4.82505846976278,6.315536187772826,SUV39H1,ME_darkred,GO_Biological_Process_2023
gs_ind_0,Cellular Response To Growth Factor Stimulus (GO:0071363),1/123,0.6502264908948389,0.6877312820645393,1.4273967147834743,0.6144008329889218,HAS2,ME_darkred,GO_Biological_Process_2023
gs_ind_0,Cellular Response To Growth Hormone Stimulus (GO:0071378),1/7,0.05776085950197078,0.36015876044602535,27.162101313320825,77.45120820790622,SOCS2,ME_darkred,GO_Biological_Process_2023
gs_ind_0,Cellular Response To Heat (GO:0034605),2/27,0.02168787695999462,0.36015876044602535,11.634791847773592,44.57290897666823,YWHAE;TRPV1,ME_darkred,GO_Biological_Process_2023
gs_ind_0,Cellular Response To Hormone Stimulus (GO:0032870),1/58,0.38982454338727346,0.4971131121325176,3.0575185577942734,2.8803614375121493,SOCS2,ME_darkred,GO_Biological_Process_2023
gs_ind_0,Cellular Response To Hypoxia (GO:0071456),2/58,0.08638758527486025,0.3683227424141804,5.237586642835346,12.826385127173133,BNIP3;SUV39H1,ME_darkred,GO_Biological_Process_2023
gs_ind_0,Cellular Response To Increased Oxygen Levels (GO:0036295),1/8,0.06573806083941089,0.36015876044602535,23.538536585365854,64.07371396291906,FAS,ME_darkred,GO_Biological_Process_2023
gs_ind_0,Cellular Response To Insulin Stimulus (GO:0032869),1/81,0.4987081016713205,0.5727229969573152,2.17976064232692,1.5165342903901364,FOXC2,ME_darkred,GO_Biological_Process_2023
gs_ind_0,Cellular Response To Interleukin-1 (GO:0071347),1/52,0.3577607380445595,0.4768076387456954,3.4154392611887285,3.510698749929027,HAS2,ME_darkred,GO_Biological_Process_2023
gs_ind_0,Cellular Response To Mechanical Stimulus (GO:0071260),2/38,0.040914702475813566,0.36015876044602535,8.120993319387273,25.956853263946336,BNIP3;FAS,ME_darkred,GO_Biological_Process_2023
gs_ind_0,Cellular Response To Metal Ion (GO:0071248),2/82,0.152836590940575,0.3758558320655637,3.6687268610592665,6.891285032067304,BNIP3;NEK7,ME_darkred,GO_Biological_Process_2023
gs_ind_0,Cellular Response To Organic Cyclic Compound (GO:0071407),3/100,0.05279660458122968,0.36015876044602535,4.276795509631331,12.579374546917666,TIPARP;CASP3;TRPV1,ME_darkred,GO_Biological_Process_2023
gs_ind_0,Cellular Response To Organic Substance (GO:0071310),2/43,0.051152201952464615,0.36015876044602535,7.139592854175322,21.225650709438426,TIPARP;SOCS2,ME_darkred,GO_Biological_Process_2023
gs_ind_0,Cellular Response To Organonitrogen Compound (GO:0071417),1/73,0.4632142114888869,0.5471762344622949,2.4219007569386037,1.863811683740837,TRPV1,ME_darkred,GO_Biological_Process_2023
gs_ind_0,Cellular Response To Oxygen-Containing Compound (GO:1901701),2/253,0.634968487415492,0.6781816205868241,1.1575375334201687,0.5257302897850116,NEK7;TRPV1,ME_darkred,GO_Biological_Process_2023
gs_ind_0,Cellular Response To Platelet-Derived Growth Factor Stimulus (GO:0036120),1/6,0.04971621166781154,0.36015876044602535,32.10332594235033,96.35569965894773,HAS2,ME_darkred,GO_Biological_Process_2023
gs_ind_0,Cellular Response To Potassium Ion (GO:0035865),1/4,0.03342231336456758,0.36015876044602535,50.45644599303136,171.47782296476882,NEK7,ME_darkred,GO_Biological_Process_2023
gs_ind_0,Cellular Response To Salt (GO:1902075),2/69,0.11563181114901185,0.3683227424141804,4.380040138660829,9.449254091012422,NEK7;TRPV1,ME_darkred,GO_Biological_Process_2023
gs_ind_0,Cellular Response To Starvation (GO:0009267),2/107,0.22916091099483393,0.41172598270758476,2.7935236850092218,4.115784636738046,SUV39H1;FAS,ME_darkred,GO_Biological_Process_2023
gs_ind_0,Cellular Response To Tumor Necrosis Factor (GO:0071356),1/77,0.4812617003067302,0.5582055015624066,2.294500239120038,1.6780691695366219,HAS2,ME_darkred,GO_Biological_Process_2023
gs_ind_0,Cellular Response To pH (GO:0071467),1/11,0.08927056264141141,0.3683227424141804,16.809059233449478,40.61209051515593,TRPV1,ME_darkred,GO_Biological_Process_2023
gs_ind_0,Centromere Complex Assembly (GO:0034508),1/13,0.10463180886241442,0.3683227424141804,14.117268292682926,31.86701804673994,CENPF,ME_darkred,GO_Biological_Process_2023
gs_ind_0,Chemokine-Mediated Signaling Pathway (GO:0070098),1/18,0.1419214620449319,0.37248329116912154,10.079581881533102,19.68019673392199,SH2B3,ME_darkred,GO_Biological_Process_2023
gs_ind_0,Chromatin Organization (GO:0006325),4/228,0.12775150186809497,0.3683227424141804,2.3865093843381717,4.910644692678047,TOP1;BAZ1B;CHD1;SUV39H1,ME_darkred,GO_Biological_Process_2023
gs_ind_0,Chromatin Remodeling (GO:0006338),3/205,0.25099951070421694,0.4181485229814129,2.0411399791167617,2.821476548067941,TOP1;BAZ1B;CHD1,ME_darkred,GO_Biological_Process_2023
gs_ind_0,Cilium Assembly (GO:0060271),2/187,0.47157879089289995,0.5519696958852969,1.5781471990227451,1.186244459493316,CCDC66;CEP19,ME_darkred,GO_Biological_Process_2023
gs_ind_0,Cilium Organization (GO:0044782),2/179,0.44902505804128895,0.5356434630002673,1.6503850690348991,1.3214246797587168,CCDC66;CEP19,ME_darkred,GO_Biological_Process_2023
gs_ind_0,Circulatory System Development (GO:0072359),1/91,0.5398228922840999,0.6042559012612413,1.9372860800431209,1.1943643206043222,FOXC2,ME_darkred,GO_Biological_Process_2023
gs_ind_0,Constitutive Heterochromatin Formation (GO:0140719),1/7,0.05776085950197078,0.36015876044602535,27.162101313320825,77.45120820790622,HELLS,ME_darkred,GO_Biological_Process_2023
gs_ind_0,Cytoplasmic Microtubule Organization (GO:0031122),1/40,0.28854418285881805,0.44378095323686223,4.457486878666255,5.540241902148877,RAB11A,ME_darkred,GO_Biological_Process_2023
gs_ind_0,Cytoplasmic Translation (GO:0002181),1/89,0.531876313973564,0.5970991028403952,1.9813972715998347,1.2509438916928568,SARS1,ME_darkred,GO_Biological_Process_2023
gs_ind_0,Cytosolic Transport (GO:0016482),1/110,0.6089565271615693,0.6558649431193934,1.5985967256932843,0.7929174006256201,EEA1,ME_darkred,GO_Biological_Process_2023
gs_ind_0,DNA Alkylation (GO:0006305),1/14,0.11221593087616208,0.3683227424141804,13.070460704607045,28.58941485902285,HELLS,ME_darkred,GO_Biological_Process_2023
gs_ind_0,DNA Conformation Change (GO:0071103),1/10,0.08149235932068713,0.36015876044602535,18.57997432605905,46.58456656545481,TOP1,ME_darkred,GO_Biological_Process_2023
gs_ind_0,DNA Damage Response (GO:0006974),4/342,0.32849833245301024,0.46660577749178317,1.5675497131150582,1.745033205203043,BCLAF1;BAZ1B;ASH2L;SUV39H1,ME_darkred,GO_Biological_Process_2023
gs_ind_0,DNA Metabolic Process (GO:0006259),1/266,0.898263516196942,0.9041422041301681,0.6507096596389693,0.06981581446446793,TOP1,ME_darkred,GO_Biological_Process_2023
gs_ind_0,DNA Methylation (GO:0006306),1/16,0.12719383729520825,0.3683227424141804,11.382061369000787,23.47030086144596,HELLS,ME_darkred,GO_Biological_Process_2023
gs_ind_0,DNA Methylation-Dependent Heterochromatin Formation (GO:0006346),1/4,0.03342231336456758,0.36015876044602535,50.45644599303136,171.47782296476882,HELLS,ME_darkred,GO_Biological_Process_2023
gs_ind_0,DNA Recombination (GO:0006310),1/38,0.27631069259995383,0.4381091187821949,4.696,6.040133020846086,RAD54B,ME_darkred,GO_Biological_Process_2023
gs_ind_0,DNA Replication (GO:0006260),2/71,0.12119199880222806,0.3683227424141804,4.253287025551972,8.976048572473509,TOP1;MCMBP,ME_darkred,GO_Biological_Process_2023
gs_ind_0,DNA Topological Change (GO:0006265),1/6,0.04971621166781154,0.36015876044602535,32.10332594235033,96.35569965894773,TOP1,ME_darkred,GO_Biological_Process_2023
gs_ind_0,DNA-templated DNA Replication (GO:0006261),1/68,0.43977827588878454,0.5300339150397468,2.6023848238482383,2.1378190495954477,MCMBP,ME_darkred,GO_Biological_Process_2023
gs_ind_0,DNA-templated Transcription Initiation (GO:0006352),1/50,0.34670635474629596,0.47440780569377505,3.554028085735403,3.7647005541055107,TAF2,ME_darkred,GO_Biological_Process_2023
gs_ind_0,Deadenylation-Dependent Decapping Of Nuclear-Transcribed mRNA (GO:0000290),1/6,0.04971621166781154,0.36015876044602535,32.10332594235033,96.35569965894773,DCP1A,ME_darkred,GO_Biological_Process_2023
gs_ind_0,Defense Response To Bacterium (GO:0042742),1/70,0.44927182527330617,0.5356434630002673,2.5270749254255134,2.021981315842471,ISG15,ME_darkred,GO_Biological_Process_2023
gs_ind_0,Defense Response To Symbiont (GO:0140546),2/100,0.20739142402276495,0.4014482571435693,2.9937986046860545,4.709686293435195,BNIP3;ISG15,ME_darkred,GO_Biological_Process_2023
gs_ind_0,Defense Response To Virus (GO:0051607),2/134,0.31379121309936253,0.4626199529484827,2.2192582953806115,2.5721812622821214,BNIP3;ISG15,ME_darkred,GO_Biological_Process_2023
gs_ind_0,Double-Strand Break Repair (GO:0006302),1/155,0.7343372515080885,0.759012562378656,1.1287236561686005,0.34853506200882206,RAD54B,ME_darkred,GO_Biological_Process_2023
gs_ind_0,Double-Strand Break Repair Via Homologous Recombination (GO:0000724),1/104,0.5883165375868861,0.6399086526227941,1.6921173559561682,0.897651584397021,RAD54B,ME_darkred,GO_Biological_Process_2023
gs_ind_0,ERAD Pathway (GO:0036503),1/76,0.47680696920214416,0.5547118900400134,2.3250848005168794,1.7220590530855922,ERLEC1,ME_darkred,GO_Biological_Process_2023
gs_ind_0,Early Endosome To Late Endosome Transport (GO:0045022),1/20,0.1564029470233815,0.3758558320655637,9.044277673545967,16.780025709626376,EEA1,ME_darkred,GO_Biological_Process_2023
gs_ind_0,Embryonic Hemopoiesis (GO:0035162),1/8,0.06573806083941089,0.36015876044602535,23.538536585365854,64.07371396291906,SH2B3,ME_darkred,GO_Biological_Process_2023
gs_ind_0,Embryonic Organ Development (GO:0048568),1/51,0.3522568987915926,0.4768076387456954,3.4833615068823955,3.634520389197562,SH2B3,ME_darkred,GO_Biological_Process_2023
gs_ind_0,Endocytosis (GO:0006897),1/143,0.7054465268112302,0.7330924042132919,1.2250064184852374,0.4274345135597289,EEA1,ME_darkred,GO_Biological_Process_2023
gs_ind_0,Endoderm Development (GO:0007492),1/6,0.04971621166781154,0.36015876044602535,32.10332594235033,96.35569965894773,DUSP1,ME_darkred,GO_Biological_Process_2023
gs_ind_0,Endoderm Formation (GO:0001706),1/25,0.19155636967403009,0.3907343455685123,7.195520159283226,11.891123451962718,DUSP1,ME_darkred,GO_Biological_Process_2023
gs_ind_0,Endomembrane System Organization (GO:0010256),1/160,0.7455298933573936,0.7695469637474305,1.09288171878584,0.32093569710190606,TMED7,ME_darkred,GO_Biological_Process_2023
gs_ind_0,Endoplasmic Reticulum To Cytosol Transport (GO:1903513),1/15,0.11973643084488943,0.3683227424141804,12.168040370058874,25.826207698315063,ERLEC1,ME_darkred,GO_Biological_Process_2023
gs_ind_0,Endoplasmic Reticulum To Golgi Vesicle-Mediated Transport (GO:0006888),1/100,0.5739608790344619,0.6269544261044051,1.760730481676676,0.9775470694335229,TMED7,ME_darkred,GO_Biological_Process_2023
gs_ind_0,Endosome Organization (GO:0007032),1/45,0.31823921340669353,0.4626199529484827,3.9550013702384215,4.528286474067939,EEA1,ME_darkred,GO_Biological_Process_2023
gs_ind_0,Enzyme-Linked Receptor Protein Signaling Pathway (GO:0007167),2/73,0.12681711665515952,0.3683227424141804,4.133624995693961,8.535973879814923,FRS2;MPZL1,ME_darkred,GO_Biological_Process_2023
gs_ind_0,Epidermal Cell Differentiation (GO:0009913),1/31,0.2318301046975087,0.41172598270758476,5.777129148340664,8.444721322490585,CASP3,ME_darkred,GO_Biological_Process_2023
gs_ind_0,Epigenetic Regulation Of Gene Expression (GO:0040029),1/67,0.4349709079321529,0.5259318053456377,2.6417384925728955,2.1991842326659623,ASH2L,ME_darkred,GO_Biological_Process_2023
gs_ind_0,Erythrocyte Development (GO:0048821),1/7,0.05776085950197078,0.36015876044602535,27.162101313320825,77.45120820790622,SH2B3,ME_darkred,GO_Biological_Process_2023
gs_ind_0,Erythrocyte Differentiation (GO:0030218),2/36,0.03706593072065193,0.36015876044602535,8.59320339830085,28.31509535964851,SH2B3;CASP3,ME_darkred,GO_Biological_Process_2023
gs_ind_0,Establishment Of Chromosome Localization (GO:0051303),1/11,0.08927056264141141,0.3683227424141804,16.809059233449478,40.61209051515593,CENPF,ME_darkred,GO_Biological_Process_2023
gs_ind_0,Establishment Of Melanosome Localization (GO:0032401),1/16,0.12719383729520825,0.3683227424141804,11.382061369000787,23.47030086144596,RAB11A,ME_darkred,GO_Biological_Process_2023
gs_ind_0,"Establishment Of Mitochondrion Localization, Microtubule-Mediated (GO:0034643)",1/5,0.04160355272059104,0.36015876044602535,39.240650406504066,124.76838356758627,RHOT1,ME_darkred,GO_Biological_Process_2023
gs_ind_0,Establishment Of Protein Localization To Membrane (GO:0090150),1/54,0.36862985566046447,0.4845749726545251,3.2872122179165717,3.280513666951838,RAB11A,ME_darkred,GO_Biological_Process_2023
gs_ind_0,Establishment Of Protein Localization To Organelle (GO:0072594),2/71,0.12119199880222806,0.3683227424141804,4.253287025551972,8.976048572473509,RAB11A;IPO7,ME_darkred,GO_Biological_Process_2023
gs_ind_0,Establishment Of Vesicle Localization (GO:0051650),1/17,0.13458867440622196,0.3683227424141804,10.691352549889135,21.441849746656544,RAB11A,ME_darkred,GO_Biological_Process_2023
gs_ind_0,Establishment Or Maintenance Of Epithelial Cell Apical/Basal Polarity (GO:0045197),1/32,0.2383464528457674,0.4146796883221609,5.593263646922184,8.02090775330277,WDR1,ME_darkred,GO_Biological_Process_2023
gs_ind_0,Exocytosis (GO:0006887),1/64,0.4203023324547466,0.5163138876321087,2.7672364125216053,2.3985879102546592,RAB11A,ME_darkred,GO_Biological_Process_2023
gs_ind_0,Extracellular Matrix Assembly (GO:0085029),1/13,0.10463180886241442,0.3683227424141804,14.117268292682926,31.86701804673994,HAS2,ME_darkred,GO_Biological_Process_2023
gs_ind_0,Extracellular Matrix Organization (GO:0030198),2/113,0.2479444686241313,0.4181485229814129,2.6418741301994744,3.684226822442496,HAS2;NID1,ME_darkred,GO_Biological_Process_2023
gs_ind_0,Extrinsic Apoptotic Signaling Pathway (GO:0097191),1/55,0.3739959027655865,0.4891204918822041,3.2266278809577087,3.1734221965912655,FAS,ME_darkred,GO_Biological_Process_2023
gs_ind_0,Extrinsic Apoptotic Signaling Pathway In Absence Of Ligand (GO:0097192),1/13,0.10463180886241442,0.3683227424141804,14.117268292682926,31.86701804673994,FAS,ME_darkred,GO_Biological_Process_2023
gs_ind_0,Facultative Heterochromatin Formation (GO:0140718),2/10,0.003052522665377303,0.34050557650228114,34.95363662706462,202.44401566151777,SUV39H1;HELLS,ME_darkred,GO_Biological_Process_2023
gs_ind_0,Fat-Soluble Vitamin Metabolic Process (GO:0006775),1/12,0.0969835318938316,0.3683227424141804,15.346129374337222,35.805805270620056,ARID4A,ME_darkred,GO_Biological_Process_2023
gs_ind_0,Fatty Acid Beta-Oxidation (GO:0006635),1/42,0.3005728481427568,0.451446328558164,4.241962973846606,5.099115779052813,HADHA,ME_darkred,GO_Biological_Process_2023
gs_ind_0,Fatty Acid Catabolic Process (GO:0009062),1/49,0.3411087134967219,0.4700942664497834,3.627608750314307,3.9016892636225067,HADHA,ME_darkred,GO_Biological_Process_2023
gs_ind_0,Fatty Acid Oxidation (GO:0019395),1/38,0.27631069259995383,0.4381091187821949,4.696,6.040133020846086,HADHA,ME_darkred,GO_Biological_Process_2023
gs_ind_0,Fatty Acid Transport (GO:0015908),1/20,0.1564029470233815,0.3758558320655637,9.044277673545967,16.780025709626376,ARID4A,ME_darkred,GO_Biological_Process_2023
gs_ind_0,Fibroblast Growth Factor Receptor Signaling Pathway (GO:0008543),1/24,0.1846437269774026,0.3907343455685123,7.502335236118318,12.673898308408722,FRS2,ME_darkred,GO_Biological_Process_2023
gs_ind_0,G2/M Transition Of Mitotic Cell Cycle (GO:0000086),1/34,0.2512153675128905,0.4181485229814129,5.258463778667638,7.264276758663228,TAF2,ME_darkred,GO_Biological_Process_2023
gs_ind_0,GPI Anchor Biosynthetic Process (GO:0006506),1/28,0.2119479745127297,0.4014482571435693,6.408957871396896,9.942949772092838,PIGP,ME_darkred,GO_Biological_Process_2023
gs_ind_0,GPI Anchor Metabolic Process (GO:0006505),1/24,0.1846437269774026,0.3907343455685123,7.502335236118318,12.673898308408722,PIGP,ME_darkred,GO_Biological_Process_2023
gs_ind_0,Gene Expression (GO:0010467),4/260,0.17823015185170918,0.3907343455685123,2.0831349731111697,3.5927403420681276,MRPL28;CASP3;SARS1;DARS1,ME_darkred,GO_Biological_Process_2023
gs_ind_0,Generation Of Neurons (GO:0048699),1/100,0.5739608790344619,0.6269544261044051,1.760730481676676,0.9775470694335229,CASP3,ME_darkred,GO_Biological_Process_2023
gs_ind_0,Glycogen Catabolic Process (GO:0005980),1/3,0.02517191958620929,0.36015876044602535,70.64487804878048,260.1162924291926,RB1CC1,ME_darkred,GO_Biological_Process_2023
gs_ind_0,Glycolipid Biosynthetic Process (GO:0009247),1/34,0.2512153675128905,0.4181485229814129,5.258463778667638,7.264276758663228,PIGP,ME_darkred,GO_Biological_Process_2023
gs_ind_0,Glycosaminoglycan Biosynthetic Process (GO:0006024),1/47,0.329770553389495,0.46660577749178317,3.78426435877262,4.198104542629144,HAS2,ME_darkred,GO_Biological_Process_2023
gs_ind_0,Golgi Organization (GO:0007030),1/106,0.5953136703491249,0.6447833978851789,1.6597618772396254,0.8608634401998151,TMED7,ME_darkred,GO_Biological_Process_2023
gs_ind_0,Golgi Vesicle Transport (GO:0048193),1/176,0.7783009807346744,0.7958955507778784,0.9919116114238066,0.2486146753133072,TMED7,ME_darkred,GO_Biological_Process_2023
gs_ind_0,Growth Hormone Receptor Signaling Pathway (GO:0060396),1/13,0.10463180886241442,0.3683227424141804,14.117268292682926,31.86701804673994,SOCS2,ME_darkred,GO_Biological_Process_2023
gs_ind_0,Heart Contraction (GO:0060047),1/19,0.14919271580135918,0.3758558320655637,9.53394858272907,18.13849366993239,ATP1B1,ME_darkred,GO_Biological_Process_2023
gs_ind_0,Heart Development (GO:0007507),1/112,0.6156061463777452,0.6611747577716287,1.5696598490648583,0.7615171680263977,FOXC2,ME_darkred,GO_Biological_Process_2023
gs_ind_0,Hemopoiesis (GO:0030097),2/73,0.12681711665515952,0.3683227424141804,4.133624995693961,8.535973879814923,SH2B3;ASH2L,ME_darkred,GO_Biological_Process_2023
gs_ind_0,Histone Acetylation (GO:0016573),2/55,0.07886331198388266,0.36015876044602535,5.53266424197781,14.053183795804715,PHF20L1;TAF2,ME_darkred,GO_Biological_Process_2023
gs_ind_0,Histone Deubiquitination (GO:0016578),1/32,0.2383464528457674,0.4146796883221609,5.593263646922184,8.02090775330277,TAF2,ME_darkred,GO_Biological_Process_2023
gs_ind_0,Histone H3 Acetylation (GO:0043966),1/34,0.2512153675128905,0.4181485229814129,5.258463778667638,7.264276758663228,TAF2,ME_darkred,GO_Biological_Process_2023
gs_ind_0,Histone Lysine Methylation (GO:0034968),1/31,0.2318301046975087,0.41172598270758476,5.777129148340664,8.444721322490585,SUV39H1,ME_darkred,GO_Biological_Process_2023
gs_ind_0,Histone Methylation (GO:0016571),1/7,0.05776085950197078,0.36015876044602535,27.162101313320825,77.45120820790622,SUV39H1,ME_darkred,GO_Biological_Process_2023
gs_ind_0,Histone Modification (GO:0016570),1/76,0.47680696920214416,0.5547118900400134,2.3250848005168794,1.7220590530855922,PHF20L1,ME_darkred,GO_Biological_Process_2023
gs_ind_0,Hyaluronan Biosynthetic Process (GO:0030213),1/5,0.04160355272059104,0.36015876044602535,39.240650406504066,124.76838356758627,HAS2,ME_darkred,GO_Biological_Process_2023
gs_ind_0,Hyaluronan Metabolic Process (GO:0030212),1/11,0.08927056264141141,0.3683227424141804,16.809059233449478,40.61209051515593,HAS2,ME_darkred,GO_Biological_Process_2023
gs_ind_0,ISG15-protein Conjugation (GO:0032020),1/5,0.04160355272059104,0.36015876044602535,39.240650406504066,124.76838356758627,ISG15,ME_darkred,GO_Biological_Process_2023
gs_ind_0,Import Into Nucleus (GO:0051170),1/63,0.4153294949635193,0.5151425510112038,2.8117463414634147,2.47063401986625,IPO7,ME_darkred,GO_Biological_Process_2023
gs_ind_0,Inorganic Cation Import Across Plasma Membrane (GO:0098659),2/46,0.0576883191240439,0.36015876044602535,6.656611501632812,18.98931940824511,TRPV1;ATP1B1,ME_darkred,GO_Biological_Process_2023
gs_ind_0,Inorganic Cation Transmembrane Transport (GO:0098662),2/142,0.33863606051438594,0.47005619230245993,2.0914923829391863,2.26472926663082,TRPV1;ATP1B1,ME_darkred,GO_Biological_Process_2023
gs_ind_0,Insulin Receptor Signaling Pathway (GO:0008286),1/40,0.28854418285881805,0.44378095323686223,4.457486878666255,5.540241902148877,FOXC2,ME_darkred,GO_Biological_Process_2023
gs_ind_0,Integrin-Mediated Signaling Pathway (GO:0007229),1/57,0.38459287169568046,0.4962280508959367,3.111892941938269,2.9736314773226957,ISG15,ME_darkred,GO_Biological_Process_2023
gs_ind_0,Internal Peptidyl-Lysine Acetylation (GO:0018393),1/34,0.2512153675128905,0.4181485229814129,5.258463778667638,7.264276758663228,PHF20L1,ME_darkred,GO_Biological_Process_2023
gs_ind_0,Intracellular Calcium Ion Homeostasis (GO:0006874),2/80,0.1469637192740723,0.3758558320655637,3.7628251388409524,7.215478834181578,YWHAE;ATP1B1,ME_darkred,GO_Biological_Process_2023
gs_ind_0,Intracellular Monoatomic Cation Homeostasis (GO:0030003),1/111,0.6122954542694498,0.6585387473191705,1.5839973512857302,0.7770146064673458,ATP1B1,ME_darkred,GO_Biological_Process_2023
gs_ind_0,Intracellular Potassium Ion Homeostasis (GO:0030007),1/7,0.05776085950197078,0.36015876044602535,27.162101313320825,77.45120820790622,ATP1B1,ME_darkred,GO_Biological_Process_2023
gs_ind_0,Intracellular Protein Transport (GO:0006886),3/280,0.4237324383445918,0.5165946182176381,1.480068127829322,1.2708650337491205,TMED7;IPO7;RAB21,ME_darkred,GO_Biological_Process_2023
gs_ind_0,Intracellular Sodium Ion Homeostasis (GO:0006883),1/8,0.06573806083941089,0.36015876044602535,23.538536585365854,64.07371396291906,ATP1B1,ME_darkred,GO_Biological_Process_2023
gs_ind_0,Intrinsic Apoptotic Signaling Pathway (GO:0097193),2/86,0.16471650868274898,0.38383937932434536,3.4938933745299794,6.301339463195282,BNIP3;CASP3,ME_darkred,GO_Biological_Process_2023
gs_ind_0,Keratinocyte Differentiation (GO:0030216),1/24,0.1846437269774026,0.3907343455685123,7.502335236118318,12.673898308408722,CASP3,ME_darkred,GO_Biological_Process_2023
gs_ind_0,Kidney Development (GO:0001822),3/48,0.007722550948394013,0.36015876044602535,9.204362801377727,44.76643589607741,CENPF;HAS2;HELLS,ME_darkred,GO_Biological_Process_2023
gs_ind_0,Kinetochore Assembly (GO:0051382),1/9,0.07364837565515618,0.36015876044602535,20.76757532281205,54.17124812503386,CENPF,ME_darkred,GO_Biological_Process_2023
gs_ind_0,Kinetochore Organization (GO:0051383),1/10,0.08149235932068713,0.36015876044602535,18.57997432605905,46.58456656545481,CENPF,ME_darkred,GO_Biological_Process_2023
gs_ind_0,Lipid Transport (GO:0006869),1/67,0.4349709079321529,0.5259318053456377,2.6417384925728955,2.1991842326659623,ARID4A,ME_darkred,GO_Biological_Process_2023
gs_ind_0,Lymphocyte Proliferation (GO:0046651),1/12,0.0969835318938316,0.3683227424141804,15.346129374337222,35.805805270620056,HELLS,ME_darkred,GO_Biological_Process_2023
gs_ind_0,Lysosomal Microautophagy (GO:0016237),1/10,0.08149235932068713,0.36015876044602535,18.57997432605905,46.58456656545481,RB1CC1,ME_darkred,GO_Biological_Process_2023
gs_ind_0,MAPK Cascade (GO:0000165),1/75,0.47231435709942,0.5519904872484103,2.3564904239646425,1.7676282202499216,YWHAE,ME_darkred,GO_Biological_Process_2023
gs_ind_0,Macromolecule Biosynthetic Process (GO:0009059),3/159,0.15176159513074794,0.3758558320655637,2.651328024414668,4.998931688965319,MRPL28;SARS1;DARS1,ME_darkred,GO_Biological_Process_2023
gs_ind_0,Macromolecule Catabolic Process (GO:0009057),1/70,0.44927182527330617,0.5356434630002673,2.5270749254255134,2.021981315842471,CASP3,ME_darkred,GO_Biological_Process_2023
gs_ind_0,Maintenance Of Apical/Basal Cell Polarity (GO:0035090),1/6,0.04971621166781154,0.36015876044602535,32.10332594235033,96.35569965894773,WDR1,ME_darkred,GO_Biological_Process_2023
gs_ind_0,Maintenance Of Epithelial Cell Apical/Basal Polarity (GO:0045199),1/6,0.04971621166781154,0.36015876044602535,32.10332594235033,96.35569965894773,WDR1,ME_darkred,GO_Biological_Process_2023
gs_ind_0,Megakaryocyte Development (GO:0035855),1/5,0.04160355272059104,0.36015876044602535,39.240650406504066,124.76838356758627,SH2B3,ME_darkred,GO_Biological_Process_2023
gs_ind_0,Megakaryocyte Differentiation (GO:0030219),1/10,0.08149235932068713,0.36015876044602535,18.57997432605905,46.58456656545481,SH2B3,ME_darkred,GO_Biological_Process_2023
gs_ind_0,Melanosome Localization (GO:0032400),1/18,0.1419214620449319,0.37248329116912154,10.079581881533102,19.68019673392199,RAB11A,ME_darkred,GO_Biological_Process_2023
gs_ind_0,Melanosome Transport (GO:0032402),1/15,0.11973643084488943,0.3683227424141804,12.168040370058874,25.826207698315063,RAB11A,ME_darkred,GO_Biological_Process_2023
gs_ind_0,Membrane Repolarization (GO:0086009),1/10,0.08149235932068713,0.36015876044602535,18.57997432605905,46.58456656545481,ATP1B1,ME_darkred,GO_Biological_Process_2023
gs_ind_0,Membrane Repolarization During Action Potential (GO:0086011),2/9,0.0024555423134491445,0.34050557650228114,39.61740558292282,238.07713980768358,YWHAE;ATP1B1,ME_darkred,GO_Biological_Process_2023
gs_ind_0,Membrane Repolarization During Cardiac Muscle Cell Action Potential (GO:0086013),2/9,0.0024555423134491445,0.34050557650228114,39.61740558292282,238.07713980768358,YWHAE;ATP1B1,ME_darkred,GO_Biological_Process_2023
gs_ind_0,Mesoderm Development (GO:0007498),1/12,0.0969835318938316,0.3683227424141804,15.346129374337222,35.805805270620056,FOXC2,ME_darkred,GO_Biological_Process_2023
gs_ind_0,Metaphase Plate Congression (GO:0051310),2/45,0.05547842462738413,0.36015876044602535,6.810203272747862,19.69348076600442,CENPF;RAB11A,ME_darkred,GO_Biological_Process_2023
gs_ind_0,Methylguanosine-Cap Decapping (GO:0110156),1/9,0.07364837565515618,0.36015876044602535,20.76757532281205,54.17124812503386,DCP1A,ME_darkred,GO_Biological_Process_2023
gs_ind_0,Microtubule Anchoring At Centrosome (GO:0034454),1/9,0.07364837565515618,0.36015876044602535,20.76757532281205,54.17124812503386,CEP19,ME_darkred,GO_Biological_Process_2023
gs_ind_0,Microtubule Anchoring At Microtubule Organizing Center (GO:0072393),1/11,0.08927056264141141,0.3683227424141804,16.809059233449478,40.61209051515593,CEP19,ME_darkred,GO_Biological_Process_2023
gs_ind_0,Microtubule Bundle Formation (GO:0001578),1/33,0.2448080552967094,0.4181485229814129,5.420712945590995,7.628465376735735,CCDC66,ME_darkred,GO_Biological_Process_2023
gs_ind_0,Microtubule Cytoskeleton Organization Involved In Mitosis (GO:1902850),1/57,0.38459287169568046,0.4962280508959367,3.111892941938269,2.9736314773226957,INTS13,ME_darkred,GO_Biological_Process_2023
gs_ind_0,Mitochondrial ATP Synthesis Coupled Electron Transport (GO:0042775),1/65,0.42523328131568905,0.5165946182176381,2.7241066364152013,2.329430884642541,NDUFA7,ME_darkred,GO_Biological_Process_2023
gs_ind_0,"Mitochondrial Electron Transport, NADH To Ubiquinone (GO:0006120)",1/33,0.2448080552967094,0.4181485229814129,5.420712945590995,7.628465376735735,NDUFA7,ME_darkred,GO_Biological_Process_2023
gs_ind_0,Mitochondrial Fragmentation Involved In Apoptotic Process (GO:0043653),1/7,0.05776085950197078,0.36015876044602535,27.162101313320825,77.45120820790622,BNIP3,ME_darkred,GO_Biological_Process_2023
gs_ind_0,Mitochondrial Gene Expression (GO:0140053),2/98,0.20121304383167812,0.4014482571435693,3.0563567217131626,4.900534899140862,MRPL28;NDUFA7,ME_darkred,GO_Biological_Process_2023
gs_ind_0,Mitochondrial Membrane Organization (GO:0007006),1/31,0.2318301046975087,0.41172598270758476,5.777129148340664,8.444721322490585,BNIP3,ME_darkred,GO_Biological_Process_2023
gs_ind_0,Mitochondrial Outer Membrane Permeabilization (GO:0097345),2/6,0.0010402579844885167,0.34050557650228114,66.04542966611932,453.61893524655324,BNIP3;RHOT1,ME_darkred,GO_Biological_Process_2023
gs_ind_0,Mitochondrial Protein Catabolic Process (GO:0035694),1/5,0.04160355272059104,0.36015876044602535,39.240650406504066,124.76838356758627,BNIP3,ME_darkred,GO_Biological_Process_2023
gs_ind_0,Mitochondrial Translation (GO:0032543),2/92,0.182825703853285,0.3907343455685123,3.2606210706801297,5.540519115517936,MRPL28;NDUFA7,ME_darkred,GO_Biological_Process_2023
gs_ind_0,Mitochondrial Transport (GO:0006839),1/50,0.34670635474629596,0.47440780569377505,3.554028085735403,3.7647005541055107,BNIP3,ME_darkred,GO_Biological_Process_2023
gs_ind_0,Mitochondrion Disassembly (GO:0061726),2/31,0.028111958875178627,0.36015876044602535,10.053853218669115,35.9079421173074,BNIP3;RB1CC1,ME_darkred,GO_Biological_Process_2023
gs_ind_0,Mitochondrion Organization (GO:0007005),2/141,0.33554355650579465,0.46660577749178317,2.1066617229019897,2.300481985987988,BNIP3;RHOT1,ME_darkred,GO_Biological_Process_2023
gs_ind_0,Mitochondrion Transport Along Microtubule (GO:0047497),1/13,0.10463180886241442,0.3683227424141804,14.117268292682926,31.86701804673994,RHOT1,ME_darkred,GO_Biological_Process_2023
gs_ind_0,Mitotic Cell Cycle Phase Transition (GO:0044772),1/95,0.555317447937757,0.6171085512487501,1.8546651180797522,1.0909424924667257,TAF2,ME_darkred,GO_Biological_Process_2023
gs_ind_0,Mitotic Metaphase Plate Congression (GO:0007080),1/45,0.31823921340669353,0.4626199529484827,3.9550013702384215,4.528286474067939,RAB11A,ME_darkred,GO_Biological_Process_2023
gs_ind_0,Mitotic Recombination (GO:0006312),1/14,0.11221593087616208,0.3683227424141804,13.070460704607045,28.58941485902285,RAD54B,ME_darkred,GO_Biological_Process_2023
gs_ind_0,Mitotic Sister Chromatid Segregation (GO:0000070),1/102,0.5811996172357525,0.6330630391703878,1.7257479274300132,0.9364961061634555,RAB11A,ME_darkred,GO_Biological_Process_2023
gs_ind_0,Mitotic Spindle Assembly (GO:0090307),1/40,0.28854418285881805,0.44378095323686223,4.457486878666255,5.540241902148877,RAB11A,ME_darkred,GO_Biological_Process_2023
gs_ind_0,Mitotic Spindle Assembly Checkpoint Signaling (GO:0007094),1/24,0.1846437269774026,0.3907343455685123,7.502335236118318,12.673898308408722,CENPF,ME_darkred,GO_Biological_Process_2023
gs_ind_0,Mitotic Spindle Checkpoint Signaling (GO:0071174),1/24,0.1846437269774026,0.3907343455685123,7.502335236118318,12.673898308408722,CENPF,ME_darkred,GO_Biological_Process_2023
gs_ind_0,Mitotic Spindle Organization (GO:0007052),2/80,0.1469637192740723,0.3758558320655637,3.7628251388409524,7.215478834181578,RAB11A;INTS13,ME_darkred,GO_Biological_Process_2023
gs_ind_0,Modification-Dependent Macromolecule Catabolic Process (GO:0043632),1/6,0.04971621166781154,0.36015876044602535,32.10332594235033,96.35569965894773,ISG15,ME_darkred,GO_Biological_Process_2023
gs_ind_0,Modification-Dependent Protein Catabolic Process (GO:0019941),2/168,0.41717146523753507,0.5157634353177886,1.761046761046761,1.5396091383480954,FBXO21;ISG15,ME_darkred,GO_Biological_Process_2023
gs_ind_0,Modulation By Host Of Symbiont Process (GO:0051851),2/31,0.028111958875178627,0.36015876044602535,10.053853218669115,35.9079421173074,EEA1;CHD1,ME_darkred,GO_Biological_Process_2023
gs_ind_0,Modulation By Host Of Viral Process (GO:0044788),1/17,0.13458867440622196,0.3683227424141804,10.691352549889135,21.441849746656544,EEA1,ME_darkred,GO_Biological_Process_2023
gs_ind_0,Monoatomic Cation Transmembrane Transport (GO:0098655),2/143,0.34172435154317254,0.47010022600482954,2.076537450608366,2.229683866235726,TRPV1;ATP1B1,ME_darkred,GO_Biological_Process_2023
gs_ind_0,Monoatomic Cation Transport (GO:0006812),2/18,0.009931284548151382,0.36015876044602535,17.994476787580236,82.99170466400146,ANO1;ATP1B1,ME_darkred,GO_Biological_Process_2023
gs_ind_0,Monocarboxylic Acid Transport (GO:0015718),1/38,0.27631069259995383,0.4381091187821949,4.696,6.040133020846086,ARID4A,ME_darkred,GO_Biological_Process_2023
gs_ind_0,Monoubiquitinated Histone Deubiquitination (GO:0035521),1/25,0.19155636967403009,0.3907343455685123,7.195520159283226,11.891123451962718,TAF2,ME_darkred,GO_Biological_Process_2023
gs_ind_0,Monoubiquitinated Histone H2A Deubiquitination (GO:0035522),1/25,0.19155636967403009,0.3907343455685123,7.195520159283226,11.891123451962718,TAF2,ME_darkred,GO_Biological_Process_2023
gs_ind_0,Monoubiquitinated Protein Deubiquitination (GO:0035520),1/31,0.2318301046975087,0.41172598270758476,5.777129148340664,8.444721322490585,TAF2,ME_darkred,GO_Biological_Process_2023
gs_ind_0,Multivesicular Body Assembly (GO:0036258),1/26,0.19841097075433756,0.39837607443886575,6.912769010043042,11.180814833374484,RAB11A,ME_darkred,GO_Biological_Process_2023
gs_ind_0,Multivesicular Body Organization (GO:0036257),1/27,0.20520801282335077,0.4014482571435693,6.651357570179475,10.533961958185346,RAB11A,ME_darkred,GO_Biological_Process_2023
gs_ind_0,Myeloid Cell Development (GO:0061515),1/15,0.11973643084488943,0.3683227424141804,12.168040370058874,25.826207698315063,SH2B3,ME_darkred,GO_Biological_Process_2023
gs_ind_0,Myeloid Cell Differentiation (GO:0030099),1/39,0.28245325532448645,0.4405812441065519,4.5736458663287936,5.782196157644275,CASP3,ME_darkred,GO_Biological_Process_2023
gs_ind_0,Myofibril Assembly (GO:0030239),1/32,0.2383464528457674,0.4146796883221609,5.593263646922184,8.02090775330277,WDR1,ME_darkred,GO_Biological_Process_2023
gs_ind_0,Negative Regulation Of Actin Nucleation (GO:0051126),1/5,0.04160355272059104,0.36015876044602535,39.240650406504066,124.76838356758627,GMFG,ME_darkred,GO_Biological_Process_2023
gs_ind_0,Negative Regulation Of Angiogenesis (GO:0016525),1/58,0.38982454338727346,0.4971131121325176,3.0575185577942734,2.8803614375121493,SARS1,ME_darkred,GO_Biological_Process_2023
gs_ind_0,Negative Regulation Of Apoptotic Process (GO:0043066),4/338,0.3208008959877421,0.4640195165587415,1.5868355229060098,1.8041282263921918,BNIP3;FAS;TAX1BP1;SOCS2,ME_darkred,GO_Biological_Process_2023
gs_ind_0,Negative Regulation Of Arp2/3 Complex-Mediated Actin Nucleation (GO:0034316),1/4,0.03342231336456758,0.36015876044602535,50.45644599303136,171.47782296476882,GMFG,ME_darkred,GO_Biological_Process_2023
gs_ind_0,Negative Regulation Of BMP Signaling Pathway (GO:0030514),1/31,0.2318301046975087,0.41172598270758476,5.777129148340664,8.444721322490585,SPART,ME_darkred,GO_Biological_Process_2023
gs_ind_0,Negative Regulation Of Blood Vessel Morphogenesis (GO:2000181),1/50,0.34670635474629596,0.47440780569377505,3.554028085735403,3.7647005541055107,SARS1,ME_darkred,GO_Biological_Process_2023
gs_ind_0,Negative Regulation Of Calcium Ion Transmembrane Transport (GO:1903170),1/13,0.10463180886241442,0.3683227424141804,14.117268292682926,31.86701804673994,YWHAE,ME_darkred,GO_Biological_Process_2023
gs_ind_0,Negative Regulation Of Calcium Ion Transmembrane Transporter Activity (GO:1901020),1/20,0.1564029470233815,0.3758558320655637,9.044277673545967,16.780025709626376,YWHAE,ME_darkred,GO_Biological_Process_2023
gs_ind_0,Negative Regulation Of Canonical Wnt Signaling Pathway (GO:0090090),1/82,0.5029781203223169,0.5764384121130577,2.1528355528954064,1.4794471239750684,FZD6,ME_darkred,GO_Biological_Process_2023
gs_ind_0,Negative Regulation Of Cardiac Muscle Cell Differentiation (GO:2000726),1/5,0.04160355272059104,0.36015876044602535,39.240650406504066,124.76838356758627,FRS2,ME_darkred,GO_Biological_Process_2023
gs_ind_0,Negative Regulation Of Cardiocyte Differentiation (GO:1905208),1/5,0.04160355272059104,0.36015876044602535,39.240650406504066,124.76838356758627,FRS2,ME_darkred,GO_Biological_Process_2023
gs_ind_0,Negative Regulation Of Catabolic Process (GO:0009895),1/53,0.36321826167968946,0.4799224110509986,3.3501045296167247,3.3928228969498946,PHF20L1,ME_darkred,GO_Biological_Process_2023
gs_ind_0,Negative Regulation Of Cell Adhesion (GO:0007162),1/52,0.3577607380445595,0.4768076387456954,3.4154392611887285,3.510698749929027,DUSP1,ME_darkred,GO_Biological_Process_2023
gs_ind_0,Negative Regulation Of Cell Cycle (GO:0045786),3/64,0.01688296161416362,0.36015876044602535,6.800671439550216,27.756602855260557,SUV39H1;DUSP1;IPO7,ME_darkred,GO_Biological_Process_2023
gs_ind_0,Negative Regulation Of Cell Cycle Process (GO:0010948),1/27,0.20520801282335077,0.4014482571435693,6.651357570179475,10.533961958185346,BAZ1B,ME_darkred,GO_Biological_Process_2023
gs_ind_0,Negative Regulation Of Cell Death (GO:0060548),1/44,0.31240008476715353,0.4626199529484827,4.046257359125315,4.707701435598024,BNIP3,ME_darkred,GO_Biological_Process_2023
gs_ind_0,Negative Regulation Of Cell Migration (GO:0030336),1/127,0.6620345409469206,0.697403509572852,1.3817989009929625,0.5699057502082201,ARID4A,ME_darkred,GO_Biological_Process_2023
gs_ind_0,Negative Regulation Of Cell Motility (GO:2000146),1/102,0.5811996172357525,0.6330630391703878,1.7257479274300132,0.9364961061634555,ARID4A,ME_darkred,GO_Biological_Process_2023
gs_ind_0,Negative Regulation Of Cell Population Proliferation (GO:0008285),2/271,0.6721626243181094,0.7071040466492834,1.0785801109516802,0.4284713066666344,SH2B3;RB1CC1,ME_darkred,GO_Biological_Process_2023
gs_ind_0,Negative Regulation Of Cellular Process (GO:0048523),4/382,0.40565203892896357,0.5088848579712447,1.3971110506296343,1.2605567652472291,SUV39H1;SH2B3;DUSP1;RB1CC1,ME_darkred,GO_Biological_Process_2023
gs_ind_0,Negative Regulation Of Cellular Response To Growth Factor Stimulus (GO:0090288),1/55,0.3739959027655865,0.4891204918822041,3.2266278809577087,3.1734221965912655,SPART,ME_darkred,GO_Biological_Process_2023
gs_ind_0,Negative Regulation Of Chemokine-Mediated Signaling Pathway (GO:0070100),1/4,0.03342231336456758,0.36015876044602535,50.45644599303136,171.47782296476882,SH2B3,ME_darkred,GO_Biological_Process_2023
gs_ind_0,Negative Regulation Of Cold-Induced Thermogenesis (GO:0120163),1/36,0.2638689243614971,0.4299050907499815,4.961387839230505,6.610070898992993,FOXC2,ME_darkred,GO_Biological_Process_2023
gs_ind_0,Negative Regulation Of Cyclin-Dependent Protein Kinase Activity (GO:1904030),1/16,0.12719383729520825,0.3683227424141804,11.382061369000787,23.47030086144596,IPO7,ME_darkred,GO_Biological_Process_2023
gs_ind_0,Negative Regulation Of Cyclin-Dependent Protein Serine/Threonine Kinase Activity (GO:0045736),1/16,0.12719383729520825,0.3683227424141804,11.382061369000787,23.47030086144596,IPO7,ME_darkred,GO_Biological_Process_2023
gs_ind_0,Negative Regulation Of Cytokine Production (GO:0001818),1/106,0.5953136703491249,0.6447833978851789,1.6597618772396254,0.8608634401998151,SARS1,ME_darkred,GO_Biological_Process_2023
gs_ind_0,Negative Regulation Of Cytokine-Mediated Signaling Pathway (GO:0001960),2/41,0.04695529580518999,0.36015876044602535,7.502338342582777,22.9463465818104,ISG15;SH2B3,ME_darkred,GO_Biological_Process_2023
gs_ind_0,Negative Regulation Of DNA-binding Transcription Factor Activity (GO:0043433),2/105,0.2229214551965241,0.41048300043927055,2.847980771519002,4.274636264691528,FZD6;TAX1BP1,ME_darkred,GO_Biological_Process_2023
gs_ind_0,Negative Regulation Of DNA-templated Transcription (GO:0045892),10/780,0.1232737667177844,0.3683227424141804,1.647034532059535,3.4478158691968384,NR6A1;ZNF587B;BCLAF1;CENPF;ARID4A;FOXC2;PSPC1;TFDP2;SARS1;SUV39H1,ME_darkred,GO_Biological_Process_2023
gs_ind_0,Negative Regulation Of Developmental Process (GO:0051093),2/81,0.14989423113285713,0.3758558320655637,3.7151841868823,7.050770764651157,BNIP3;ARID4A,ME_darkred,GO_Biological_Process_2023
gs_ind_0,Negative Regulation Of Gene Expression (GO:0010629),1/253,0.8861065444537921,0.8942466308201655,0.6849649843033084,0.082824652326151,TIPARP,ME_darkred,GO_Biological_Process_2023
gs_ind_0,Negative Regulation Of Gene Expression Via CpG Island Methylation (GO:0044027),1/5,0.04160355272059104,0.36015876044602535,39.240650406504066,124.76838356758627,HELLS,ME_darkred,GO_Biological_Process_2023
gs_ind_0,"Negative Regulation Of Gene Expression, Epigenetic (GO:0045814)",1/46,0.32402923327964134,0.4640195165587415,3.867756633610292,4.358658266102263,HELLS,ME_darkred,GO_Biological_Process_2023
gs_ind_0,Negative Regulation Of Homotypic Cell-Cell Adhesion (GO:0034111),1/8,0.06573806083941089,0.36015876044602535,23.538536585365854,64.07371396291906,SH2B3,ME_darkred,GO_Biological_Process_2023
gs_ind_0,Negative Regulation Of Innate Immune Response (GO:0045824),1/45,0.31823921340669353,0.4626199529484827,3.9550013702384215,4.528286474067939,ISG15,ME_darkred,GO_Biological_Process_2023
gs_ind_0,Negative Regulation Of Intracellular Signal Transduction (GO:1902532),3/177,0.18907789115941165,0.3907343455685123,2.3742462472736605,3.9545355897305514,DUSP1;SH2B3;UACA,ME_darkred,GO_Biological_Process_2023
gs_ind_0,Negative Regulation Of Ion Transmembrane Transporter Activity (GO:0032413),1/15,0.11973643084488943,0.3683227424141804,12.168040370058874,25.826207698315063,YWHAE,ME_darkred,GO_Biological_Process_2023
gs_ind_0,Negative Regulation Of Leukocyte Chemotaxis (GO:0002689),1/8,0.06573806083941089,0.36015876044602535,23.538536585365854,64.07371396291906,DUSP1,ME_darkred,GO_Biological_Process_2023
gs_ind_0,Negative Regulation Of MAP Kinase Activity (GO:0043407),2/39,0.042893309067709946,0.36015876044602535,7.9037766830870275,24.889304428857393,SH2B3;DUSP1,ME_darkred,GO_Biological_Process_2023
gs_ind_0,Negative Regulation Of MAPK Cascade (GO:0043409),2/81,0.14989423113285713,0.3758558320655637,3.7151841868823,7.050770764651157,SH2B3;DUSP1,ME_darkred,GO_Biological_Process_2023
gs_ind_0,Negative Regulation Of Macromolecule Metabolic Process (GO:0010605),1/132,0.6762408331614949,0.7084866494566615,1.3287025874061023,0.519796430138449,TIPARP,ME_darkred,GO_Biological_Process_2023
gs_ind_0,Negative Regulation Of Meiotic Cell Cycle (GO:0051447),1/3,0.02517191958620929,0.36015876044602535,70.64487804878048,260.1162924291926,DUSP1,ME_darkred,GO_Biological_Process_2023
gs_ind_0,Negative Regulation Of Membrane Potential (GO:0045837),1/6,0.04971621166781154,0.36015876044602535,32.10332594235033,96.35569965894773,BNIP3,ME_darkred,GO_Biological_Process_2023
gs_ind_0,Negative Regulation Of Metabolic Process (GO:0009892),1/40,0.28854418285881805,0.44378095323686223,4.457486878666255,5.540241902148877,FOXC2,ME_darkred,GO_Biological_Process_2023
gs_ind_0,Negative Regulation Of Mitochondrial Fusion (GO:0010637),1/5,0.04160355272059104,0.36015876044602535,39.240650406504066,124.76838356758627,BNIP3,ME_darkred,GO_Biological_Process_2023
gs_ind_0,Negative Regulation Of Mitochondrion Organization (GO:0010823),1/25,0.19155636967403009,0.3907343455685123,7.195520159283226,11.891123451962718,BNIP3,ME_darkred,GO_Biological_Process_2023
gs_ind_0,Negative Regulation Of Mitotic Metaphase/Anaphase Transition (GO:0045841),1/26,0.19841097075433756,0.39837607443886575,6.912769010043042,11.180814833374484,CENPF,ME_darkred,GO_Biological_Process_2023
gs_ind_0,Negative Regulation Of Monocyte Chemotaxis (GO:0090027),1/4,0.03342231336456758,0.36015876044602535,50.45644599303136,171.47782296476882,DUSP1,ME_darkred,GO_Biological_Process_2023
gs_ind_0,Negative Regulation Of Mononuclear Cell Migration (GO:0071676),1/9,0.07364837565515618,0.36015876044602535,20.76757532281205,54.17124812503386,DUSP1,ME_darkred,GO_Biological_Process_2023
gs_ind_0,Negative Regulation Of Multicellular Organismal Process (GO:0051241),2/159,0.3904503507516783,0.4971131121325176,1.8630854640706858,1.7521470350657582,ARID4A;FOXC2,ME_darkred,GO_Biological_Process_2023
gs_ind_0,Negative Regulation Of NF-kappaB Transcription Factor Activity (GO:0032088),1/58,0.38982454338727346,0.4971131121325176,3.0575185577942734,2.8803614375121493,TAX1BP1,ME_darkred,GO_Biological_Process_2023
gs_ind_0,Negative Regulation Of NIK/NF-kappaB Signaling (GO:1901223),1/17,0.13458867440622196,0.3683227424141804,10.691352549889135,21.441849746656544,UACA,ME_darkred,GO_Biological_Process_2023
gs_ind_0,Negative Regulation Of Nucleic Acid-Templated Transcription (GO:1903507),6/366,0.08999512685832838,0.3683227424141804,2.165603328710125,5.214772287422144,BCLAF1;CENPF;ARID4A;PSPC1;TFDP2;SUV39H1,ME_darkred,GO_Biological_Process_2023
gs_ind_0,Negative Regulation Of Peptidyl-Tyrosine Phosphorylation (GO:0050732),1/19,0.14919271580135918,0.3758558320655637,9.53394858272907,18.13849366993239,SH2B3,ME_darkred,GO_Biological_Process_2023
gs_ind_0,Negative Regulation Of Platelet Activation (GO:0010544),1/10,0.08149235932068713,0.36015876044602535,18.57997432605905,46.58456656545481,SH2B3,ME_darkred,GO_Biological_Process_2023
gs_ind_0,Negative Regulation Of Platelet Aggregation (GO:0090331),1/6,0.04971621166781154,0.36015876044602535,32.10332594235033,96.35569965894773,SH2B3,ME_darkred,GO_Biological_Process_2023
gs_ind_0,Negative Regulation Of Programmed Cell Death (GO:0043069),4/286,0.22344250982561886,0.41048300043927055,1.8872504113487794,2.828235589128397,BNIP3;FAS;TAX1BP1;SOCS2,ME_darkred,GO_Biological_Process_2023
gs_ind_0,Negative Regulation Of Proteasomal Protein Catabolic Process (GO:1901799),1/33,0.2448080552967094,0.4181485229814129,5.420712945590995,7.628465376735735,PHF20L1,ME_darkred,GO_Biological_Process_2023
gs_ind_0,Negative Regulation Of Proteasomal Ubiquitin-Dependent Protein Catabolic Process (GO:0032435),1/28,0.2119479745127297,0.4014482571435693,6.408957871396896,9.942949772092838,PHF20L1,ME_darkred,GO_Biological_Process_2023
gs_ind_0,Negative Regulation Of Protein Catabolic Process (GO:0042177),1/45,0.31823921340669353,0.4626199529484827,3.9550013702384215,4.528286474067939,PHF20L1,ME_darkred,GO_Biological_Process_2023
gs_ind_0,Negative Regulation Of Protein Dephosphorylation (GO:0035308),1/16,0.12719383729520825,0.3683227424141804,11.382061369000787,23.47030086144596,YWHAE,ME_darkred,GO_Biological_Process_2023
gs_ind_0,Negative Regulation Of Protein Exit From Endoplasmic Reticulum (GO:0070862),1/8,0.06573806083941089,0.36015876044602535,23.538536585365854,64.07371396291906,ERLEC1,ME_darkred,GO_Biological_Process_2023
gs_ind_0,Negative Regulation Of Protein Kinase B Signaling (GO:0051898),1/29,0.21863133051315672,0.4051264895532952,6.183568677792041,9.401302355279574,SH2B3,ME_darkred,GO_Biological_Process_2023
gs_ind_0,Negative Regulation Of Protein Metabolic Process (GO:0051248),1/114,0.6221437694056748,0.6663350399344902,1.5417427742559364,0.7316865644431639,PHF20L1,ME_darkred,GO_Biological_Process_2023
gs_ind_0,Negative Regulation Of Protein Modification By Small Protein Conjugation Or Removal (GO:1903321),1/46,0.32402923327964134,0.4640195165587415,3.867756633610292,4.358658266102263,ISG15,ME_darkred,GO_Biological_Process_2023
gs_ind_0,Negative Regulation Of Protein Serine/Threonine Kinase Activity (GO:0071901),3/66,0.01832004354915328,0.36015876044602535,6.585380185685745,26.33993723935731,SH2B3;DUSP1;IPO7,ME_darkred,GO_Biological_Process_2023
gs_ind_0,Negative Regulation Of Protein Ubiquitination (GO:0031397),1/47,0.329770553389495,0.46660577749178317,3.78426435877262,4.198104542629144,ISG15,ME_darkred,GO_Biological_Process_2023
gs_ind_0,Negative Regulation Of Receptor Signaling Pathway Via JAK-STAT (GO:0046426),1/15,0.11973643084488943,0.3683227424141804,12.168040370058874,25.826207698315063,SH2B3,ME_darkred,GO_Biological_Process_2023
gs_ind_0,Negative Regulation Of Receptor Signaling Pathway Via STAT (GO:1904893),1/11,0.08927056264141141,0.3683227424141804,16.809059233449478,40.61209051515593,SH2B3,ME_darkred,GO_Biological_Process_2023
gs_ind_0,Negative Regulation Of Reproductive Process (GO:2000242),1/8,0.06573806083941089,0.36015876044602535,23.538536585365854,64.07371396291906,DUSP1,ME_darkred,GO_Biological_Process_2023
gs_ind_0,Negative Regulation Of Response To Cytokine Stimulus (GO:0060761),1/7,0.05776085950197078,0.36015876044602535,27.162101313320825,77.45120820790622,SH2B3,ME_darkred,GO_Biological_Process_2023
gs_ind_0,Negative Regulation Of Response To Stimulus (GO:0048585),1/37,0.2701160612808976,0.4373036865789689,4.82505846976278,6.315536187772826,SH2B3,ME_darkred,GO_Biological_Process_2023
gs_ind_0,"Negative Regulation Of Retrograde Protein Transport, ER To Cytosol (GO:1904153)",1/7,0.05776085950197078,0.36015876044602535,27.162101313320825,77.45120820790622,ERLEC1,ME_darkred,GO_Biological_Process_2023
gs_ind_0,Negative Regulation Of Stress-Activated MAPK Cascade (GO:0032873),1/31,0.2318301046975087,0.41172598270758476,5.777129148340664,8.444721322490585,DUSP1,ME_darkred,GO_Biological_Process_2023
gs_ind_0,Negative Regulation Of Striated Muscle Cell Differentiation (GO:0051154),1/14,0.11221593087616208,0.3683227424141804,13.070460704607045,28.58941485902285,FRS2,ME_darkred,GO_Biological_Process_2023
gs_ind_0,Negative Regulation Of Transcription By RNA Polymerase II (GO:0000122),6/571,0.3535721341850395,0.4768076387456954,1.3563807839669908,1.4101853677955904,NR6A1;ZNF587B;ARID4A;FOXC2;SARS1;SUV39H1,ME_darkred,GO_Biological_Process_2023
gs_ind_0,Negative Regulation Of Transforming Growth Factor Beta Receptor Signaling Pathway (GO:0030512),1/65,0.42523328131568905,0.5165946182176381,2.7241066364152013,2.329430884642541,ARID4A,ME_darkred,GO_Biological_Process_2023
gs_ind_0,Negative Regulation Of Transmembrane Receptor Protein Serine/Threonine Kinase Signaling Pathway (GO:0090101),2/88,0.17071731570718593,0.38499007559773013,3.4125402203935193,6.032505057852543,ARID4A;SPART,ME_darkred,GO_Biological_Process_2023
gs_ind_0,Negative Regulation Of Type I Interferon-Mediated Signaling Pathway (GO:0060339),1/14,0.11221593087616208,0.3683227424141804,13.070460704607045,28.58941485902285,ISG15,ME_darkred,GO_Biological_Process_2023
gs_ind_0,Negative Regulation Of Tyrosine Phosphorylation Of STAT Protein (GO:0042532),1/9,0.07364837565515618,0.36015876044602535,20.76757532281205,54.17124812503386,SH2B3,ME_darkred,GO_Biological_Process_2023
gs_ind_0,Negative Regulation Of Ubiquitin-Dependent Protein Catabolic Process (GO:2000059),1/34,0.2512153675128905,0.4181485229814129,5.258463778667638,7.264276758663228,PHF20L1,ME_darkred,GO_Biological_Process_2023
gs_ind_0,Negative Regulation Of Viral Genome Replication (GO:0045071),1/40,0.28854418285881805,0.44378095323686223,4.457486878666255,5.540241902148877,ISG15,ME_darkred,GO_Biological_Process_2023
gs_ind_0,Negative Regulation Of Viral Process (GO:0048525),1/46,0.32402923327964134,0.4640195165587415,3.867756633610292,4.358658266102263,ISG15,ME_darkred,GO_Biological_Process_2023
gs_ind_0,Negative Regulation Of Wnt Signaling Pathway (GO:0030178),1/97,0.5628698380981262,0.6210142116175883,1.8159231644129912,1.0436235198019472,FZD6,ME_darkred,GO_Biological_Process_2023
gs_ind_0,Negative Regulation Of p38MAPK Cascade (GO:1903753),1/5,0.04160355272059104,0.36015876044602535,39.240650406504066,124.76838356758627,DUSP1,ME_darkred,GO_Biological_Process_2023
gs_ind_0,Neuron Apoptotic Process (GO:0051402),2/16,0.007875334090106855,0.36015876044602535,20.47987090198743,99.2048975093772,BNIP3;FAS,ME_darkred,GO_Biological_Process_2023
gs_ind_0,Neuron Development (GO:0048666),1/106,0.5953136703491249,0.6447833978851789,1.6597618772396254,0.8608634401998151,RAB11A,ME_darkred,GO_Biological_Process_2023
gs_ind_0,Neuron Differentiation (GO:0030182),1/89,0.531876313973564,0.5970991028403952,1.9813972715998347,1.2509438916928568,CASP3,ME_darkred,GO_Biological_Process_2023
gs_ind_0,Neuron Projection Development (GO:0031175),1/133,0.67901030365268,0.7104203040937563,1.3185641969627244,0.5104412227632513,RAB11A,ME_darkred,GO_Biological_Process_2023
gs_ind_0,Neurotransmitter Receptor Transport To Postsynaptic Membrane (GO:0098969),1/8,0.06573806083941089,0.36015876044602535,23.538536585365854,64.07371396291906,RAB11A,ME_darkred,GO_Biological_Process_2023
gs_ind_0,"Neurotransmitter Receptor Transport, Endosome To Plasma Membrane (GO:0099639)",1/6,0.04971621166781154,0.36015876044602535,32.10332594235033,96.35569965894773,RAB11A,ME_darkred,GO_Biological_Process_2023
gs_ind_0,"Neurotransmitter Receptor Transport, Endosome To Postsynaptic Membrane (GO:0098887)",1/5,0.04160355272059104,0.36015876044602535,39.240650406504066,124.76838356758627,RAB11A,ME_darkred,GO_Biological_Process_2023
gs_ind_0,Neurotrophin Signaling Pathway (GO:0038179),1/13,0.10463180886241442,0.3683227424141804,14.117268292682926,31.86701804673994,CASP3,ME_darkred,GO_Biological_Process_2023
gs_ind_0,Neurotrophin TRK Receptor Signaling Pathway (GO:0048011),1/5,0.04160355272059104,0.36015876044602535,39.240650406504066,124.76838356758627,CASP3,ME_darkred,GO_Biological_Process_2023
gs_ind_0,Nitrogen Compound Transport (GO:0071705),2/103,0.21669652541890536,0.4051264895532952,2.904583950107986,4.441856513071283,CENPF;SLC52A2,ME_darkred,GO_Biological_Process_2023
gs_ind_0,Non-Canonical Wnt Signaling Pathway (GO:0035567),1/31,0.2318301046975087,0.41172598270758476,5.777129148340664,8.444721322490585,FZD6,ME_darkred,GO_Biological_Process_2023
gs_ind_0,Non-Membrane-Bounded Organelle Assembly (GO:0140694),2/101,0.2104884243053121,0.4014482571435693,2.963462633363864,4.618036778451393,NEK7;CENPF,ME_darkred,GO_Biological_Process_2023
gs_ind_0,Nuclear Chromosome Segregation (GO:0098813),1/14,0.11221593087616208,0.3683227424141804,13.070460704607045,28.58941485902285,CENPF,ME_darkred,GO_Biological_Process_2023
gs_ind_0,Nuclear Pore Complex Assembly (GO:0051292),1/10,0.08149235932068713,0.36015876044602535,18.57997432605905,46.58456656545481,NUP205,ME_darkred,GO_Biological_Process_2023
gs_ind_0,Nuclear Pore Organization (GO:0006999),1/14,0.11221593087616208,0.3683227424141804,13.070460704607045,28.58941485902285,NUP205,ME_darkred,GO_Biological_Process_2023
gs_ind_0,Nuclear Transport (GO:0051169),1/36,0.2638689243614971,0.4299050907499815,4.961387839230505,6.610070898992993,NUP205,ME_darkred,GO_Biological_Process_2023
gs_ind_0,Nuclear-Transcribed mRNA Catabolic Process (GO:0000956),1/77,0.4812617003067302,0.5582055015624066,2.294500239120038,1.6780691695366219,DCP1A,ME_darkred,GO_Biological_Process_2023
gs_ind_0,"Nuclear-Transcribed mRNA Catabolic Process, Deadenylation-Dependent Decay (GO:0000288)",1/33,0.2448080552967094,0.4181485229814129,5.420712945590995,7.628465376735735,DCP1A,ME_darkred,GO_Biological_Process_2023
gs_ind_0,Nucleic Acid Phosphodiester Bond Hydrolysis (GO:0090305),1/18,0.1419214620449319,0.37248329116912154,10.079581881533102,19.68019673392199,DCP1A,ME_darkred,GO_Biological_Process_2023
gs_ind_0,Nucleocytoplasmic Transport (GO:0006913),1/46,0.32402923327964134,0.4640195165587415,3.867756633610292,4.358658266102263,NUP205,ME_darkred,GO_Biological_Process_2023
gs_ind_0,Nucleolar Chromatin Organization (GO:1990700),1/7,0.05776085950197078,0.36015876044602535,27.162101313320825,77.45120820790622,SUV39H1,ME_darkred,GO_Biological_Process_2023
gs_ind_0,Nucleosome Organization (GO:0034728),1/58,0.38982454338727346,0.4971131121325176,3.0575185577942734,2.8803614375121493,CHD1,ME_darkred,GO_Biological_Process_2023
gs_ind_0,Nucleus Organization (GO:0006997),1/38,0.27631069259995383,0.4381091187821949,4.696,6.040133020846086,NUP205,ME_darkred,GO_Biological_Process_2023
gs_ind_0,Odontogenesis (GO:0042476),1/25,0.19155636967403009,0.3907343455685123,7.195520159283226,11.891123451962718,ANKRD11,ME_darkred,GO_Biological_Process_2023
gs_ind_0,Odontogenesis Of Dentin-Containing Tooth (GO:0042475),1/9,0.07364837565515618,0.36015876044602535,20.76757532281205,54.17124812503386,ANKRD11,ME_darkred,GO_Biological_Process_2023
gs_ind_0,Organelle Assembly (GO:0070925),4/263,0.18327827996241758,0.3907343455685123,2.0585296424318122,3.4928094001531242,CCDC66;RB1CC1;RAB11A;CEP19,ME_darkred,GO_Biological_Process_2023
gs_ind_0,Organelle Disassembly (GO:1903008),1/51,0.3522568987915926,0.4768076387456954,3.4833615068823955,3.634520389197562,RB1CC1,ME_darkred,GO_Biological_Process_2023
gs_ind_0,Organelle Fusion (GO:0048284),1/22,0.17064236625207466,0.38499007559773013,8.201588201928532,14.501928006883682,EEA1,ME_darkred,GO_Biological_Process_2023
gs_ind_0,Organelle Membrane Fusion (GO:0090174),1/22,0.17064236625207466,0.38499007559773013,8.201588201928532,14.501928006883682,EEA1,ME_darkred,GO_Biological_Process_2023
gs_ind_0,Organelle Organization (GO:0006996),2/332,0.7759855404730154,0.7945843949717029,0.8749618058919535,0.22190903149277336,TMED7;RHOT1,ME_darkred,GO_Biological_Process_2023
gs_ind_0,Organelle Transport Along Microtubule (GO:0072384),1/34,0.2512153675128905,0.4181485229814129,5.258463778667638,7.264276758663228,RHOT1,ME_darkred,GO_Biological_Process_2023
gs_ind_0,Organic Anion Transport (GO:0015711),1/44,0.31240008476715353,0.4626199529484827,4.046257359125315,4.707701435598024,SLC52A2,ME_darkred,GO_Biological_Process_2023
gs_ind_0,Organic Hydroxy Compound Transport (GO:0015850),1/21,0.1635526628512917,0.3822857073940526,8.602379535990481,15.575642530625862,SLC2A13,ME_darkred,GO_Biological_Process_2023
gs_ind_0,Organic Substance Transport (GO:0071702),1/110,0.6089565271615693,0.6558649431193934,1.5985967256932843,0.7929174006256201,CENPF,ME_darkred,GO_Biological_Process_2023
gs_ind_0,Organonitrogen Compound Catabolic Process (GO:1901565),1/59,0.39501216798744815,0.5004355143037028,3.0050031269543465,2.7911632265557578,CASP3,ME_darkred,GO_Biological_Process_2023
gs_ind_0,Oxidative Phosphorylation (GO:0006119),1/60,0.4001561127371009,0.5044590994997223,2.9542529206804673,2.705801804495082,NDUFA7,ME_darkred,GO_Biological_Process_2023
gs_ind_0,Peptide Biosynthetic Process (GO:0043043),3/135,0.10647272611195815,0.3683227424141804,3.1378766544635313,7.028424546788967,MRPL28;SARS1;DARS1,ME_darkred,GO_Biological_Process_2023
gs_ind_0,Peptidyl-Lysine Methylation (GO:0018022),1/22,0.17064236625207466,0.38499007559773013,8.201588201928532,14.501928006883682,SUV39H1,ME_darkred,GO_Biological_Process_2023
gs_ind_0,Peptidyl-Serine Modification (GO:0018209),2/135,0.31690878433225594,0.4626199529484827,2.202450139296323,2.530926401054389,NEK7;TOP1,ME_darkred,GO_Biological_Process_2023
gs_ind_0,Peptidyl-Serine Phosphorylation (GO:0018105),2/131,0.3044217254865141,0.45591352704407717,2.2712402761663846,2.7012798264080606,NEK7;TOP1,ME_darkred,GO_Biological_Process_2023
gs_ind_0,Peptidyl-Tyrosine Dephosphorylation (GO:0035335),1/23,0.17767255605341092,0.3907343455685123,7.836422764227642,13.539873090386346,DUSP1,ME_darkred,GO_Biological_Process_2023
gs_ind_0,Phosphate-Containing Compound Metabolic Process (GO:0006796),1/125,0.6561807117669567,0.692185140396145,1.404231560387893,0.5916295108219887,TOP1,ME_darkred,GO_Biological_Process_2023
gs_ind_0,Phosphatidylinositol Biosynthetic Process (GO:0006661),2/85,0.16173074302612825,0.3822857073940526,3.5360313855048524,6.4420212086345625,PIGP;SOCS2,ME_darkred,GO_Biological_Process_2023
gs_ind_0,Phosphatidylinositol Phosphate Biosynthetic Process (GO:0046854),1/39,0.28245325532448645,0.4405812441065519,4.5736458663287936,5.782196157644275,SOCS2,ME_darkred,GO_Biological_Process_2023
gs_ind_0,Phospholipase C-activating G Protein-Coupled Receptor Signaling Pathway (GO:0007200),1/34,0.2512153675128905,0.4181485229814129,5.258463778667638,7.264276758663228,ANO1,ME_darkred,GO_Biological_Process_2023
gs_ind_0,Phosphorylation (GO:0016310),5/344,0.16661416832884024,0.38499007559773013,1.9294797515007887,3.457771478054632,RB1CC1;GMFG;NEK7;TAF2;TOP1,ME_darkred,GO_Biological_Process_2023
gs_ind_0,Piecemeal Microautophagy Of The Nucleus (GO:0034727),1/9,0.07364837565515618,0.36015876044602535,20.76757532281205,54.17124812503386,RB1CC1,ME_darkred,GO_Biological_Process_2023
gs_ind_0,Pigment Granule Transport (GO:0051904),1/15,0.11973643084488943,0.3683227424141804,12.168040370058874,25.826207698315063,RAB11A,ME_darkred,GO_Biological_Process_2023
gs_ind_0,Plasma Membrane Bounded Cell Projection Assembly (GO:0120031),2/221,0.5610036323314688,0.6210142116175883,1.3298809430299494,0.7687082870689852,CCDC66;CEP19,ME_darkred,GO_Biological_Process_2023
gs_ind_0,Plasma Membrane Bounded Cell Projection Organization (GO:0120036),1/92,0.5437459383108133,0.6077625386061271,1.915953618552579,1.1673391278134364,RAB11A,ME_darkred,GO_Biological_Process_2023
gs_ind_0,Plasma Membrane To Endosome Transport (GO:0048227),1/7,0.05776085950197078,0.36015876044602535,27.162101313320825,77.45120820790622,RAB11A,ME_darkred,GO_Biological_Process_2023
gs_ind_0,Polysaccharide Biosynthetic Process (GO:0000271),1/8,0.06573806083941089,0.36015876044602535,23.538536585365854,64.07371396291906,HAS2,ME_darkred,GO_Biological_Process_2023
gs_ind_0,Pore Complex Assembly (GO:0046931),1/16,0.12719383729520825,0.3683227424141804,11.382061369000787,23.47030086144596,NUP205,ME_darkred,GO_Biological_Process_2023
gs_ind_0,Positive Regulation By Host Of Viral Transcription (GO:0043923),1/15,0.11973643084488943,0.3683227424141804,12.168040370058874,25.826207698315063,CHD1,ME_darkred,GO_Biological_Process_2023
gs_ind_0,Positive Regulation Of ATP-dependent Activity (GO:0032781),1/28,0.2119479745127297,0.4014482571435693,6.408957871396896,9.942949772092838,ATP1B1,ME_darkred,GO_Biological_Process_2023
gs_ind_0,Positive Regulation Of Amide Metabolic Process (GO:0034250),2/75,0.13250345418119883,0.3683227424141804,4.0204751851479505,8.12596960853577,CASP3;SLC2A13,ME_darkred,GO_Biological_Process_2023
gs_ind_0,Positive Regulation Of Amyloid Precursor Protein Catabolic Process (GO:1902993),2/14,0.0060382226836951,0.36015876044602535,23.760591133004926,121.40819917591543,CASP3;SLC2A13,ME_darkred,GO_Biological_Process_2023
gs_ind_0,Positive Regulation Of Amyloid-Beta Formation (GO:1902004),2/11,0.003710326113444523,0.34050557650228114,31.27171376717656,175.01638357244988,CASP3;SLC2A13,ME_darkred,GO_Biological_Process_2023
gs_ind_0,Positive Regulation Of Angiogenesis (GO:0045766),1/89,0.531876313973564,0.5970991028403952,1.9813972715998347,1.2509438916928568,FOXC2,ME_darkred,GO_Biological_Process_2023
gs_ind_0,Positive Regulation Of Apoptotic Process (GO:0043065),5/223,0.04075535639189296,0.36015876044602535,3.0289003240832164,9.692989900600544,BNIP3;BCLAF1;TNFSF10;FAS;CASP3,ME_darkred,GO_Biological_Process_2023
gs_ind_0,Positive Regulation Of Apoptotic Signaling Pathway (GO:2001235),3/52,0.0096305422611333,0.36015876044602535,8.457761696567667,39.267829173890156,BCLAF1;FAS;TNFSF10,ME_darkred,GO_Biological_Process_2023
gs_ind_0,Positive Regulation Of Autophagy (GO:0010508),2/84,0.15875524254609102,0.37796526785741175,3.5791909240185102,6.5871129752206485,BNIP3;RB1CC1,ME_darkred,GO_Biological_Process_2023
gs_ind_0,Positive Regulation Of Biomineral Tissue Development (GO:0070169),1/29,0.21863133051315672,0.4051264895532952,6.183568677792041,9.401302355279574,ISG15,ME_darkred,GO_Biological_Process_2023
gs_ind_0,Positive Regulation Of Blood Vessel Endothelial Cell Migration (GO:0043536),1/41,0.29458390503515886,0.4476976738577809,4.34706413730804,5.312944446154272,FOXC2,ME_darkred,GO_Biological_Process_2023
gs_ind_0,Positive Regulation Of Bone Mineralization (GO:0030501),1/27,0.20520801282335077,0.4014482571435693,6.651357570179475,10.533961958185346,ISG15,ME_darkred,GO_Biological_Process_2023
gs_ind_0,Positive Regulation Of Calcium Ion Transmembrane Transporter Activity (GO:1901021),1/20,0.1564029470233815,0.3758558320655637,9.044277673545967,16.780025709626376,ATP1B1,ME_darkred,GO_Biological_Process_2023
gs_ind_0,Positive Regulation Of Catabolic Process (GO:0009896),1/62,0.41031441651425565,0.5113967363038292,2.857703747769185,2.5457326408653937,TIPARP,ME_darkred,GO_Biological_Process_2023
gs_ind_0,Positive Regulation Of Cell Adhesion (GO:0045785),2/56,0.0813475110480627,0.36015876044602535,5.430695530347539,13.625751077772167,FOXC2;NID1,ME_darkred,GO_Biological_Process_2023
gs_ind_0,Positive Regulation Of Cell Adhesion Mediated By Integrin (GO:0033630),1/8,0.06573806083941089,0.36015876044602535,23.538536585365854,64.07371396291906,FOXC2,ME_darkred,GO_Biological_Process_2023
gs_ind_0,Positive Regulation Of Cell Cycle G2/M Phase Transition (GO:1902751),1/20,0.1564029470233815,0.3758558320655637,9.044277673545967,16.780025709626376,RAB11A,ME_darkred,GO_Biological_Process_2023
gs_ind_0,Positive Regulation Of Cell Death (GO:0010942),1/27,0.20520801282335077,0.4014482571435693,6.651357570179475,10.533961958185346,BNIP3,ME_darkred,GO_Biological_Process_2023
gs_ind_0,Positive Regulation Of Cell Differentiation (GO:0045597),1/202,0.8228672353128127,0.8337087008637062,0.8620347394540943,0.16806264562240236,NID1,ME_darkred,GO_Biological_Process_2023
gs_ind_0,Positive Regulation Of Cell Migration (GO:0030335),2/207,0.5254937141570025,0.594271567921669,1.4221590977191279,0.9150414118239775,HAS2;RAB11A,ME_darkred,GO_Biological_Process_2023
gs_ind_0,Positive Regulation Of Cell Migration Involved In Sprouting Angiogenesis (GO:0090050),1/14,0.11221593087616208,0.3683227424141804,13.070460704607045,28.58941485902285,FOXC2,ME_darkred,GO_Biological_Process_2023
gs_ind_0,Positive Regulation Of Cell Motility (GO:2000147),1/164,0.7541467050174944,0.7753192729391085,1.0657865294249274,0.3007312380894438,HAS2,ME_darkred,GO_Biological_Process_2023
gs_ind_0,Positive Regulation Of Cell Population Proliferation (GO:0008284),2/321,0.7596492988062142,0.7799336592549783,0.9059336864096457,0.2490397219340356,ASH2L;HAS2,ME_darkred,GO_Biological_Process_2023
gs_ind_0,Positive Regulation Of Cellular Catabolic Process (GO:0031331),2/116,0.2573600110341119,0.42595793308923957,2.5720093789661624,3.4909352262487223,BNIP3;RB1CC1,ME_darkred,GO_Biological_Process_2023
gs_ind_0,Positive Regulation Of Cellular Component Organization (GO:0051130),1/79,0.49005878211164156,0.5658486538195981,2.2356687898089174,1.5945458979895317,BNIP3,ME_darkred,GO_Biological_Process_2023
gs_ind_0,Positive Regulation Of Cellular Process (GO:0048522),3/393,0.6510642046072621,0.6877312820645393,1.0416993139297113,0.4470421532338051,ASH2L;HAS2;NID1,ME_darkred,GO_Biological_Process_2023
gs_ind_0,Positive Regulation Of Cold-Induced Thermogenesis (GO:0120162),1/62,0.41031441651425565,0.5113967363038292,2.857703747769185,2.5457326408653937,HADHA,ME_darkred,GO_Biological_Process_2023
gs_ind_0,Positive Regulation Of Cysteine-Type Endopeptidase Activity (GO:2001056),2/48,0.062198332455843934,0.36015876044602535,6.369246252449812,17.690117077989143,UACA;TNFSF10,ME_darkred,GO_Biological_Process_2023
gs_ind_0,Positive Regulation Of Cysteine-Type Endopeptidase Activity Involved In Apoptotic Process (GO:0043280),3/84,0.03423161474483055,0.36015876044602535,5.123248786741141,17.288944323464975,FAS;UACA;TNFSF10,ME_darkred,GO_Biological_Process_2023
gs_ind_0,Positive Regulation Of Cytokine Production (GO:0001819),1/178,0.7820915813645447,0.7986676215130277,0.9805702507729303,0.24100792309598068,ISG15,ME_darkred,GO_Biological_Process_2023
gs_ind_0,Positive Regulation Of Cytoplasmic Transport (GO:1903651),1/10,0.08149235932068713,0.36015876044602535,18.57997432605905,46.58456656545481,RAB21,ME_darkred,GO_Biological_Process_2023
gs_ind_0,Positive Regulation Of DNA Biosynthetic Process (GO:2000573),1/59,0.39501216798744815,0.5004355143037028,3.0050031269543465,2.7911632265557578,NEK7,ME_darkred,GO_Biological_Process_2023
gs_ind_0,Positive Regulation Of DNA-templated Transcription (GO:0045893),5/914,0.8943784799064809,0.9014116003251426,0.6852457003485487,0.07649139949732164,BCLAF1;BAZ1B;FOXC2;TFDP2;TAF2,ME_darkred,GO_Biological_Process_2023
gs_ind_0,Positive Regulation Of DNA-templated Transcription Initiation (GO:2000144),1/49,0.3411087134967219,0.4700942664497834,3.627608750314307,3.9016892636225067,TAF2,ME_darkred,GO_Biological_Process_2023
gs_ind_0,Positive Regulation Of Developmental Process (GO:0051094),2/176,0.44043130261430197,0.5300339150397468,1.6791818990218357,1.3769304988144728,BNIP3;ARID4A,ME_darkred,GO_Biological_Process_2023
gs_ind_0,Positive Regulation Of Early Endosome To Late Endosome Transport (GO:2000643),1/8,0.06573806083941089,0.36015876044602535,23.538536585365854,64.07371396291906,RAB21,ME_darkred,GO_Biological_Process_2023
gs_ind_0,Positive Regulation Of Endocytosis (GO:0045807),1/47,0.329770553389495,0.46660577749178317,3.78426435877262,4.198104542629144,RAB21,ME_darkred,GO_Biological_Process_2023
gs_ind_0,Positive Regulation Of Endothelial Cell Migration (GO:0010595),1/72,0.4586060321076031,0.5442408004486833,2.45597816817329,1.9145915638034874,FOXC2,ME_darkred,GO_Biological_Process_2023
gs_ind_0,Positive Regulation Of Epithelial Cell Migration (GO:0010634),2/76,0.1353684493950902,0.3691430410809375,3.9661784639798987,7.931385069146726,RAB11A;FOXC2,ME_darkred,GO_Biological_Process_2023
gs_ind_0,Positive Regulation Of Extrinsic Apoptotic Signaling Pathway (GO:2001238),1/27,0.20520801282335077,0.4014482571435693,6.651357570179475,10.533961958185346,TNFSF10,ME_darkred,GO_Biological_Process_2023
gs_ind_0,Positive Regulation Of G2/M Transition Of Mitotic Cell Cycle (GO:0010971),1/17,0.13458867440622196,0.3683227424141804,10.691352549889135,21.441849746656544,RAB11A,ME_darkred,GO_Biological_Process_2023
gs_ind_0,Positive Regulation Of GTPase Activity (GO:0043547),1/155,0.7343372515080885,0.759012562378656,1.1287236561686005,0.34853506200882206,TBC1D15,ME_darkred,GO_Biological_Process_2023
gs_ind_0,Positive Regulation Of Gene Expression (GO:0010628),1/325,0.9391424649946039,0.9415913371327905,0.5297380585516178,0.03326124162415777,ASH2L,ME_darkred,GO_Biological_Process_2023
gs_ind_0,Positive Regulation Of Histone Acetylation (GO:0035066),1/11,0.08927056264141141,0.3683227424141804,16.809059233449478,40.61209051515593,BAZ1B,ME_darkred,GO_Biological_Process_2023
gs_ind_0,Positive Regulation Of Histone Deacetylation (GO:0031065),1/12,0.0969835318938316,0.3683227424141804,15.346129374337222,35.805805270620056,SUV39H1,ME_darkred,GO_Biological_Process_2023
gs_ind_0,Positive Regulation Of Histone Methylation (GO:0031062),1/17,0.13458867440622196,0.3683227424141804,10.691352549889135,21.441849746656544,SUV39H1,ME_darkred,GO_Biological_Process_2023
gs_ind_0,Positive Regulation Of I-kappaB kinase/NF-kappaB Signaling (GO:0043123),1/136,0.6871787270802058,0.717989729788965,1.2890468904689047,0.483599946103348,TNFSF10,ME_darkred,GO_Biological_Process_2023
gs_ind_0,Positive Regulation Of Insulin Secretion (GO:0032024),1/22,0.17064236625207466,0.38499007559773013,8.201588201928532,14.501928006883682,ANO1,ME_darkred,GO_Biological_Process_2023
gs_ind_0,Positive Regulation Of Insulin Secretion Involved In Cellular Response To Glucose Stimulus (GO:0035774),1/6,0.04971621166781154,0.36015876044602535,32.10332594235033,96.35569965894773,ANO1,ME_darkred,GO_Biological_Process_2023
gs_ind_0,Positive Regulation Of Integrin-Mediated Signaling Pathway (GO:2001046),1/11,0.08927056264141141,0.3683227424141804,16.809059233449478,40.61209051515593,NID1,ME_darkred,GO_Biological_Process_2023
gs_ind_0,Positive Regulation Of Interferon-Beta Production (GO:0032728),1/29,0.21863133051315672,0.4051264895532952,6.183568677792041,9.401302355279574,ISG15,ME_darkred,GO_Biological_Process_2023
gs_ind_0,Positive Regulation Of Interleukin-10 Production (GO:0032733),1/14,0.11221593087616208,0.3683227424141804,13.070460704607045,28.58941485902285,ISG15,ME_darkred,GO_Biological_Process_2023
gs_ind_0,Positive Regulation Of Intracellular Protein Transport (GO:0090316),1/108,0.6021930122761397,0.6513170554716617,1.6286103233125355,0.8259941322343669,YWHAE,ME_darkred,GO_Biological_Process_2023
gs_ind_0,Positive Regulation Of Intracellular Signal Transduction (GO:1902533),2/362,0.8157417774222742,0.8275797187832834,0.8000997519864993,0.16294625390139483,BCLAF1;TNFSF10,ME_darkred,GO_Biological_Process_2023
gs_ind_0,Positive Regulation Of Intrinsic Apoptotic Signaling Pathway (GO:2001244),1/33,0.2448080552967094,0.4181485229814129,5.420712945590995,7.628465376735735,BCLAF1,ME_darkred,GO_Biological_Process_2023
gs_ind_0,Positive Regulation Of Ion Transmembrane Transporter Activity (GO:0032414),1/25,0.19155636967403009,0.3907343455685123,7.195520159283226,11.891123451962718,ATP1B1,ME_darkred,GO_Biological_Process_2023
gs_ind_0,Positive Regulation Of Leukocyte Cell-Cell Adhesion (GO:1903039),1/23,0.17767255605341092,0.3907343455685123,7.836422764227642,13.539873090386346,HAS2,ME_darkred,GO_Biological_Process_2023
gs_ind_0,Positive Regulation Of Macroautophagy (GO:0016239),1/52,0.3577607380445595,0.4768076387456954,3.4154392611887285,3.510698749929027,BNIP3,ME_darkred,GO_Biological_Process_2023
gs_ind_0,Positive Regulation Of Metabolic Process (GO:0009893),1/65,0.42523328131568905,0.5165946182176381,2.7241066364152013,2.329430884642541,HADHA,ME_darkred,GO_Biological_Process_2023
gs_ind_0,Positive Regulation Of Mitochondrial Fission (GO:0090141),1/15,0.11973643084488943,0.3683227424141804,12.168040370058874,25.826207698315063,BNIP3,ME_darkred,GO_Biological_Process_2023
gs_ind_0,Positive Regulation Of Mitochondrial Membrane Permeability Involved In Apoptotic Process (GO:1902110),2/8,0.0019204501398896573,0.34050557650228114,45.716180371352785,285.96365362494316,BNIP3;RHOT1,ME_darkred,GO_Biological_Process_2023
gs_ind_0,Positive Regulation Of Mitochondrion Organization (GO:0010822),2/47,0.059928508226366854,0.36015876044602535,6.50977101716018,18.322420752705696,BNIP3;TNFSF10,ME_darkred,GO_Biological_Process_2023
gs_ind_0,Positive Regulation Of Mitotic Cell Cycle Phase Transition (GO:1901992),1/56,0.3793167826149959,0.49189646851759167,3.1682267633487147,3.071227017895669,RAB11A,ME_darkred,GO_Biological_Process_2023
gs_ind_0,Positive Regulation Of Multicellular Organismal Process (GO:0051240),2/256,0.6413861331917858,0.682193549688082,1.1436023498214407,0.5079008057817774,HADHA;ARID4A,ME_darkred,GO_Biological_Process_2023
gs_ind_0,Positive Regulation Of Muscle Cell Differentiation (GO:0051149),1/14,0.11221593087616208,0.3683227424141804,13.070460704607045,28.58941485902285,NID1,ME_darkred,GO_Biological_Process_2023
gs_ind_0,Positive Regulation Of NLRP3 Inflammasome Complex Assembly (GO:1900227),1/16,0.12719383729520825,0.3683227424141804,11.382061369000787,23.47030086144596,NEK7,ME_darkred,GO_Biological_Process_2023
gs_ind_0,Positive Regulation Of Nucleic Acid-Templated Transcription (GO:1903508),2/431,0.8843751939333879,0.8936721736330819,0.6676052461047042,0.08203124613745312,TAF2;FOXC2,ME_darkred,GO_Biological_Process_2023
gs_ind_0,Positive Regulation Of Nucleocytoplasmic Transport (GO:0046824),1/41,0.29458390503515886,0.4476976738577809,4.34706413730804,5.312944446154272,YWHAE,ME_darkred,GO_Biological_Process_2023
gs_ind_0,Positive Regulation Of Ossification (GO:0045778),1/30,0.22525855160646577,0.41048300043927055,5.973460107482431,8.903480629409358,ISG15,ME_darkred,GO_Biological_Process_2023
gs_ind_0,Positive Regulation Of Peptidyl-Lysine Acetylation (GO:2000758),1/14,0.11221593087616208,0.3683227424141804,13.070460704607045,28.58941485902285,BAZ1B,ME_darkred,GO_Biological_Process_2023
gs_ind_0,Positive Regulation Of Phosphorylation (GO:0042327),2/164,0.4053641519945252,0.5088848579712447,1.8050018946570672,1.6298616134330273,FAS;RB1CC1,ME_darkred,GO_Biological_Process_2023
gs_ind_0,Positive Regulation Of Potassium Ion Transmembrane Transport (GO:1901381),1/14,0.11221593087616208,0.3683227424141804,13.070460704607045,28.58941485902285,ATP1B1,ME_darkred,GO_Biological_Process_2023
gs_ind_0,Positive Regulation Of Potassium Ion Transmembrane Transporter Activity (GO:1901018),1/8,0.06573806083941089,0.36015876044602535,23.538536585365854,64.07371396291906,ATP1B1,ME_darkred,GO_Biological_Process_2023
gs_ind_0,Positive Regulation Of Programmed Cell Death (GO:0043068),5/202,0.028362758799910594,0.36015876044602535,3.35689777035276,11.959546855841083,BNIP3;BCLAF1;TNFSF10;FAS;CASP3,ME_darkred,GO_Biological_Process_2023
gs_ind_0,Positive Regulation Of Protein Catabolic Process (GO:0045732),1/72,0.4586060321076031,0.5442408004486833,2.45597816817329,1.9145915638034874,TIPARP,ME_darkred,GO_Biological_Process_2023
gs_ind_0,Positive Regulation Of Protein Deacetylation (GO:0090312),1/12,0.0969835318938316,0.3683227424141804,15.346129374337222,35.805805270620056,SUV39H1,ME_darkred,GO_Biological_Process_2023
gs_ind_0,Positive Regulation Of Protein Export From Nucleus (GO:0046827),1/11,0.08927056264141141,0.3683227424141804,16.809059233449478,40.61209051515593,YWHAE,ME_darkred,GO_Biological_Process_2023
gs_ind_0,Positive Regulation Of Protein Metabolic Process (GO:0051247),1/162,0.7498750424422205,0.7729945142601442,1.0791663520350374,0.3106366276426275,TIPARP,ME_darkred,GO_Biological_Process_2023
gs_ind_0,Positive Regulation Of Protein Modification Process (GO:0031401),3/167,0.16804519026879736,0.38499007559773013,2.5206944003387317,4.495714790579577,SUV39H1;FAS;RB1CC1,ME_darkred,GO_Biological_Process_2023
gs_ind_0,Positive Regulation Of Protein Phosphorylation (GO:0001934),2/255,0.6392566994769089,0.6808703627392562,1.1482107635953789,0.5137659699789284,FAS;RB1CC1,ME_darkred,GO_Biological_Process_2023
gs_ind_0,Positive Regulation Of Protein-Containing Complex Assembly (GO:0031334),2/73,0.12681711665515952,0.3683227424141804,4.133624995693961,8.535973879814923,NEK7;ISG15,ME_darkred,GO_Biological_Process_2023
gs_ind_0,Positive Regulation Of Protein-Containing Complex Disassembly (GO:0043243),1/10,0.08149235932068713,0.36015876044602535,18.57997432605905,46.58456656545481,BNIP3,ME_darkred,GO_Biological_Process_2023
gs_ind_0,Positive Regulation Of Receptor-Mediated Endocytosis (GO:0048260),1/31,0.2318301046975087,0.41172598270758476,5.777129148340664,8.444721322490585,RAB21,ME_darkred,GO_Biological_Process_2023
gs_ind_0,Positive Regulation Of Release Of Cytochrome C From Mitochondria (GO:0090200),2/19,0.011038894429243244,0.36015876044602535,16.964813511611542,76.44905461046832,BNIP3;TNFSF10,ME_darkred,GO_Biological_Process_2023
gs_ind_0,Positive Regulation Of Signal Transduction (GO:0009967),2/187,0.47157879089289995,0.5519696958852969,1.5781471990227451,1.186244459493316,FAS;NID1,ME_darkred,GO_Biological_Process_2023
gs_ind_0,Positive Regulation Of Sodium Ion Transmembrane Transport (GO:1902307),1/6,0.04971621166781154,0.36015876044602535,32.10332594235033,96.35569965894773,ATP1B1,ME_darkred,GO_Biological_Process_2023
gs_ind_0,Positive Regulation Of Sodium Ion Transmembrane Transporter Activity (GO:2000651),1/7,0.05776085950197078,0.36015876044602535,27.162101313320825,77.45120820790622,ATP1B1,ME_darkred,GO_Biological_Process_2023
gs_ind_0,Positive Regulation Of Stem Cell Population Maintenance (GO:1902459),1/38,0.27631069259995383,0.4381091187821949,4.696,6.040133020846086,ARID4A,ME_darkred,GO_Biological_Process_2023
gs_ind_0,Positive Regulation Of Telomerase Activity (GO:0051973),1/30,0.22525855160646577,0.41048300043927055,5.973460107482431,8.903480629409358,NEK7,ME_darkred,GO_Biological_Process_2023
gs_ind_0,Positive Regulation Of Telomere Capping (GO:1904355),1/14,0.11221593087616208,0.3683227424141804,13.070460704607045,28.58941485902285,NEK7,ME_darkred,GO_Biological_Process_2023
gs_ind_0,Positive Regulation Of Telomere Maintenance (GO:0032206),1/49,0.3411087134967219,0.4700942664497834,3.627608750314307,3.9016892636225067,NEK7,ME_darkred,GO_Biological_Process_2023
gs_ind_0,Positive Regulation Of Telomere Maintenance Via Telomerase (GO:0032212),1/30,0.22525855160646577,0.41048300043927055,5.973460107482431,8.903480629409358,NEK7,ME_darkred,GO_Biological_Process_2023
gs_ind_0,Positive Regulation Of Telomere Maintenance Via Telomere Lengthening (GO:1904358),1/33,0.2448080552967094,0.4181485229814129,5.420712945590995,7.628465376735735,NEK7,ME_darkred,GO_Biological_Process_2023
gs_ind_0,Positive Regulation Of Transcription By RNA Polymerase I (GO:0045943),1/28,0.2119479745127297,0.4014482571435693,6.408957871396896,9.942949772092838,BAZ1B,ME_darkred,GO_Biological_Process_2023
gs_ind_0,Positive Regulation Of Transcription By RNA Polymerase II (GO:0045944),5/668,0.6737061567126181,0.7077596099890756,0.9600105577635902,0.37916695301244685,BCLAF1;BAZ1B;FOXC2;TFDP2;TAF2,ME_darkred,GO_Biological_Process_2023
gs_ind_0,Positive Regulation Of Transcription By RNA Polymerase III (GO:0045945),1/15,0.11973643084488943,0.3683227424141804,12.168040370058874,25.826207698315063,BAZ1B,ME_darkred,GO_Biological_Process_2023
gs_ind_0,Positive Regulation Of Transcription Initiation By RNA Polymerase II (GO:0060261),1/45,0.31823921340669353,0.4626199529484827,3.9550013702384215,4.528286474067939,TAF2,ME_darkred,GO_Biological_Process_2023
gs_ind_0,Positive Regulation Of Transferase Activity (GO:0051347),1/109,0.6055891266346616,0.6540702786264814,1.6134652129931437,0.8092391758815961,NEK7,ME_darkred,GO_Biological_Process_2023
gs_ind_0,Positive Regulation Of Type I Interferon Production (GO:0032481),1/52,0.3577607380445595,0.4768076387456954,3.4154392611887285,3.510698749929027,ISG15,ME_darkred,GO_Biological_Process_2023
gs_ind_0,Positive Regulation Of Type II Interferon Production (GO:0032729),1/33,0.2448080552967094,0.4181485229814129,5.420712945590995,7.628465376735735,ISG15,ME_darkred,GO_Biological_Process_2023
gs_ind_0,Positive Regulation Of Wound Healing (GO:0090303),1/25,0.19155636967403009,0.3907343455685123,7.195520159283226,11.891123451962718,FOXC2,ME_darkred,GO_Biological_Process_2023
gs_ind_0,Post-Translational Protein Modification (GO:0043687),1/46,0.32402923327964134,0.4640195165587415,3.867756633610292,4.358658266102263,BAZ1B,ME_darkred,GO_Biological_Process_2023
gs_ind_0,Potassium Ion Homeostasis (GO:0055075),1/13,0.10463180886241442,0.3683227424141804,14.117268292682926,31.86701804673994,ATP1B1,ME_darkred,GO_Biological_Process_2023
gs_ind_0,Potassium Ion Import Across Plasma Membrane (GO:1990573),1/18,0.1419214620449319,0.37248329116912154,10.079581881533102,19.68019673392199,ATP1B1,ME_darkred,GO_Biological_Process_2023
gs_ind_0,Potassium Ion Transmembrane Transport (GO:0071805),1/52,0.3577607380445595,0.4768076387456954,3.4154392611887285,3.510698749929027,ATP1B1,ME_darkred,GO_Biological_Process_2023
gs_ind_0,Proteasomal Protein Catabolic Process (GO:0010498),1/193,0.8085476160487473,0.8213647513097577,0.9030218561925879,0.19190632855764722,ERLEC1,ME_darkred,GO_Biological_Process_2023
gs_ind_0,Proteasome-Mediated Ubiquitin-Dependent Protein Catabolic Process (GO:0043161),1/284,0.9130016070092781,0.9177754716210914,0.6084656084656085,0.05538110263713685,ERLEC1,ME_darkred,GO_Biological_Process_2023
gs_ind_0,Protein Autophosphorylation (GO:0046777),1/122,0.6472112020232424,0.685544647873104,1.4392652815417044,0.626199287901925,RB1CC1,ME_darkred,GO_Biological_Process_2023
gs_ind_0,Protein Catabolic Process (GO:0030163),2/77,0.1382474052535939,0.37248329116912154,3.913320066551398,7.743327142644566,BNIP3;CASP3,ME_darkred,GO_Biological_Process_2023
gs_ind_0,Protein Deneddylation (GO:0000338),1/10,0.08149235932068713,0.36015876044602535,18.57997432605905,46.58456656545481,COPS4,ME_darkred,GO_Biological_Process_2023
gs_ind_0,Protein Dephosphorylation (GO:0006470),1/99,0.5702951844843454,0.6247250667641903,1.7787544880524948,0.9989506277527095,DUSP1,ME_darkred,GO_Biological_Process_2023
gs_ind_0,Protein Depolymerization (GO:0051261),1/23,0.17767255605341092,0.3907343455685123,7.836422764227642,13.539873090386346,WDR1,ME_darkred,GO_Biological_Process_2023
gs_ind_0,Protein Exit From Endoplasmic Reticulum (GO:0032527),1/23,0.17767255605341092,0.3907343455685123,7.836422764227642,13.539873090386346,ERLEC1,ME_darkred,GO_Biological_Process_2023
gs_ind_0,Protein Homooligomerization (GO:0051260),1/85,0.5155732455480048,0.5865027009266505,2.075883965940251,1.3752230969739558,TRPV1,ME_darkred,GO_Biological_Process_2023
gs_ind_0,Protein Homotetramerization (GO:0051289),1/33,0.2448080552967094,0.4181485229814129,5.420712945590995,7.628465376735735,TRPV1,ME_darkred,GO_Biological_Process_2023
gs_ind_0,Protein Import Into Nucleus (GO:0006606),1/64,0.4203023324547466,0.5163138876321087,2.7672364125216053,2.3985879102546592,IPO7,ME_darkred,GO_Biological_Process_2023
gs_ind_0,Protein Lipidation (GO:0006497),1/54,0.36862985566046447,0.4845749726545251,3.2872122179165717,3.280513666951838,PIGP,ME_darkred,GO_Biological_Process_2023
gs_ind_0,Protein Localization (GO:0008104),3/278,0.41920825460907163,0.5163138876321087,1.4910655434262445,1.2963136777851605,TMED7;ANO1;RAB21,ME_darkred,GO_Biological_Process_2023
gs_ind_0,Protein Localization To Cell Periphery (GO:1990778),2/106,0.22603950844956527,0.41093234514826404,2.8204916680415772,4.19419938306682,RAB11A;ATP1B1,ME_darkred,GO_Biological_Process_2023
gs_ind_0,"Protein Localization To Chromosome, Centromeric Region (GO:0071459)",1/17,0.13458867440622196,0.3683227424141804,10.691352549889135,21.441849746656544,KNL1,ME_darkred,GO_Biological_Process_2023
gs_ind_0,Protein Localization To Condensed Chromosome (GO:1903083),1/10,0.08149235932068713,0.36015876044602535,18.57997432605905,46.58456656545481,KNL1,ME_darkred,GO_Biological_Process_2023
gs_ind_0,Protein Localization To Kinetochore (GO:0034501),1/11,0.08927056264141141,0.3683227424141804,16.809059233449478,40.61209051515593,KNL1,ME_darkred,GO_Biological_Process_2023
gs_ind_0,Protein Localization To Membrane (GO:0072657),3/144,0.1227654161074891,0.3683227424141804,2.936079320710933,6.158367450201486,ANO1;RAB11A;ATP1B1,ME_darkred,GO_Biological_Process_2023
gs_ind_0,Protein Localization To Mitochondrion (GO:0070585),1/12,0.0969835318938316,0.3683227424141804,15.346129374337222,35.805805270620056,ISG15,ME_darkred,GO_Biological_Process_2023
gs_ind_0,Protein Localization To Nucleus (GO:0034504),3/109,0.0649761515120512,0.36015876044602535,3.9124331394669842,10.695555315503858,YWHAE;IPO7;INTS13,ME_darkred,GO_Biological_Process_2023
gs_ind_0,Protein Localization To Organelle (GO:0033365),4/115,0.01633646904804835,0.36015876044602535,4.850958830024562,19.958568198745397,YWHAE;DCP1A;RAB11A;ISG15,ME_darkred,GO_Biological_Process_2023
gs_ind_0,Protein Localization To Plasma Membrane (GO:0072659),2/100,0.20739142402276495,0.4014482571435693,2.9937986046860545,4.709686293435195,RAB11A;ATP1B1,ME_darkred,GO_Biological_Process_2023
gs_ind_0,Protein Maturation (GO:0051604),1/86,0.5197009718640667,0.5894543471437571,2.051433461703038,1.3426666612913507,CASP3,ME_darkred,GO_Biological_Process_2023
gs_ind_0,Protein Modification By Small Protein Conjugation (GO:0032446),2/288,0.7044499909511678,0.7330924042132919,1.0131190949028104,0.3549340519497195,ISG15;COPS4,ME_darkred,GO_Biological_Process_2023
gs_ind_0,Protein Modification By Small Protein Removal (GO:0070646),1/86,0.5197009718640667,0.5894543471437571,2.051433461703038,1.3426666612913507,COPS4,ME_darkred,GO_Biological_Process_2023
gs_ind_0,Protein Modification Process (GO:0036211),5/555,0.5081907293717274,0.5815456412006821,1.1685316071683796,0.7909772340758592,BAZ1B;RB1CC1;GMFG;NEK7;TAF2,ME_darkred,GO_Biological_Process_2023
gs_ind_0,Protein Neddylation (GO:0045116),1/20,0.1564029470233815,0.3758558320655637,9.044277673545967,16.780025709626376,COPS4,ME_darkred,GO_Biological_Process_2023
gs_ind_0,Protein Phosphorylation (GO:0006468),5/382,0.22230216598816277,0.41048300043927055,1.7296332403267556,2.6008801431070894,RB1CC1;GMFG;NEK7;TAF2;TOP1,ME_darkred,GO_Biological_Process_2023
gs_ind_0,Protein Stabilization (GO:0050821),2/165,0.40832658187281173,0.5113967363038292,1.7938114822012323,1.6066953811946914,RAB21;ATP1B1,ME_darkred,GO_Biological_Process_2023
gs_ind_0,Protein Tetramerization (GO:0051262),1/45,0.31823921340669353,0.4626199529484827,3.9550013702384215,4.528286474067939,TRPV1,ME_darkred,GO_Biological_Process_2023
gs_ind_0,Protein Transport (GO:0015031),3/259,0.375744550422319,0.49057310572964913,1.6040945370612822,1.5701611260635764,TMED7;CENPF;RAB21,ME_darkred,GO_Biological_Process_2023
gs_ind_0,Protein Ubiquitination (GO:0016567),1/345,0.9489009618627398,0.9501365099901652,0.49813444723707034,0.02612757334975392,ISG15,ME_darkred,GO_Biological_Process_2023
gs_ind_0,Protein-Containing Complex Assembly (GO:0065003),3/257,0.3711287057186008,0.487027260576116,1.6169740687525047,1.6027549822809883,FAS;CENPF;DARS1,ME_darkred,GO_Biological_Process_2023
gs_ind_0,Protein-Containing Complex Organization (GO:0043933),3/97,0.04900869073526202,0.36015876044602535,4.413672378846508,13.310566173368535,NUP205;FAS;DARS1,ME_darkred,GO_Biological_Process_2023
gs_ind_0,Proteolysis (GO:0006508),2/187,0.47157879089289995,0.5519696958852969,1.5781471990227451,1.186244459493316,CASP3;CNDP2,ME_darkred,GO_Biological_Process_2023
gs_ind_0,Proteolysis Involved In Protein Catabolic Process (GO:0051603),1/61,0.40525674184533805,0.5088848579712447,2.9051804071759726,2.6240591208961552,ISG15,ME_darkred,GO_Biological_Process_2023
gs_ind_0,Proton Motive Force-Driven ATP Synthesis (GO:0015986),1/59,0.39501216798744815,0.5004355143037028,3.0050031269543465,2.7911632265557578,NDUFA7,ME_darkred,GO_Biological_Process_2023
gs_ind_0,Proton Motive Force-Driven Mitochondrial ATP Synthesis (GO:0042776),1/52,0.3577607380445595,0.4768076387456954,3.4154392611887285,3.510698749929027,NDUFA7,ME_darkred,GO_Biological_Process_2023
gs_ind_0,Proton Transmembrane Transport (GO:1902600),1/34,0.2512153675128905,0.4181485229814129,5.258463778667638,7.264276758663228,ATP1B1,ME_darkred,GO_Biological_Process_2023
gs_ind_0,Purine Ribonucleoside Triphosphate Metabolic Process (GO:0009205),1/22,0.17064236625207466,0.38499007559773013,8.201588201928532,14.501928006883682,ATP1B1,ME_darkred,GO_Biological_Process_2023
gs_ind_0,Purine Ribonucleotide Metabolic Process (GO:0009150),1/46,0.32402923327964134,0.4640195165587415,3.867756633610292,4.358658266102263,ATP1B1,ME_darkred,GO_Biological_Process_2023
gs_ind_0,Pyroptosis (GO:0070269),1/16,0.12719383729520825,0.3683227424141804,11.382061369000787,23.47030086144596,CASP3,ME_darkred,GO_Biological_Process_2023
gs_ind_0,RNA Modification (GO:0009451),1/48,0.3354635793668068,0.46660577749178317,3.7042875481386393,4.045978013223034,SARS1,ME_darkred,GO_Biological_Process_2023
gs_ind_0,RNA Polymerase II Preinitiation Complex Assembly (GO:0051123),1/40,0.28854418285881805,0.44378095323686223,4.457486878666255,5.540241902148877,TAF2,ME_darkred,GO_Biological_Process_2023
gs_ind_0,RNA Processing (GO:0006396),3/163,0.15983849782501452,0.3793697679859141,2.584383379054881,4.738703040235599,PDCD7;SRRM1;HNRNPR,ME_darkred,GO_Biological_Process_2023
gs_ind_0,RNA Splicing (GO:0008380),2/88,0.17071731570718593,0.38499007559773013,3.4125402203935193,6.032505057852543,PDCD7;SRRM1,ME_darkred,GO_Biological_Process_2023
gs_ind_0,"RNA Splicing, Via Transesterification Reactions (GO:0000375)",1/23,0.17767255605341092,0.3907343455685123,7.836422764227642,13.539873090386346,SRRM1,ME_darkred,GO_Biological_Process_2023
gs_ind_0,"RNA Splicing, Via Transesterification Reactions With Bulged Adenosine As Nucleophile (GO:0000377)",2/168,0.41717146523753507,0.5157634353177886,1.761046761046761,1.5396091383480954,SRRM1;HNRNPR,ME_darkred,GO_Biological_Process_2023
gs_ind_0,Ras Protein Signal Transduction (GO:0007265),1/118,0.6348904684843331,0.6781816205868241,1.488759730150493,0.6763476924123719,ARHGAP5,ME_darkred,GO_Biological_Process_2023
gs_ind_0,Recombinational Repair (GO:0000725),1/89,0.531876313973564,0.5970991028403952,1.9813972715998347,1.2509438916928568,RAD54B,ME_darkred,GO_Biological_Process_2023
gs_ind_0,Regulation Of Actin Cytoskeleton Organization (GO:0032956),1/73,0.4632142114888869,0.5471762344622949,2.4219007569386037,1.863811683740837,ARHGAP18,ME_darkred,GO_Biological_Process_2023
gs_ind_0,Regulation Of Actin Filament Depolymerization (GO:0030834),1/8,0.06573806083941089,0.36015876044602535,23.538536585365854,64.07371396291906,WDR1,ME_darkred,GO_Biological_Process_2023
gs_ind_0,Regulation Of Actin Filament Polymerization (GO:0030833),1/53,0.36321826167968946,0.4799224110509986,3.3501045296167247,3.3928228969498946,ARHGAP18,ME_darkred,GO_Biological_Process_2023
gs_ind_0,Regulation Of Actin Filament-Based Process (GO:0032970),1/58,0.38982454338727346,0.4971131121325176,3.0575185577942734,2.8803614375121493,ARHGAP18,ME_darkred,GO_Biological_Process_2023
gs_ind_0,Regulation Of Actin Polymerization Or Depolymerization (GO:0008064),2/24,0.01733562480160279,0.36015876044602535,13.189381499726327,53.4828319517978,WDR1;ARHGAP18,ME_darkred,GO_Biological_Process_2023
gs_ind_0,"Regulation Of Alternative mRNA Splicing, Via Spliceosome (GO:0000381)",1/39,0.28245325532448645,0.4405812441065519,4.5736458663287936,5.782196157644275,KHDRBS3,ME_darkred,GO_Biological_Process_2023
gs_ind_0,Regulation Of Amyloid-Beta Formation (GO:1902003),2/24,0.01733562480160279,0.36015876044602535,13.189381499726327,53.4828319517978,CASP3;SLC2A13,ME_darkred,GO_Biological_Process_2023
gs_ind_0,Regulation Of Angiogenesis (GO:0045765),1/147,0.7154067175664358,0.7424396299711055,1.1911595771247814,0.39892418117495326,SARS1,ME_darkred,GO_Biological_Process_2023
gs_ind_0,Regulation Of Apoptotic Process (GO:0042981),7/526,0.15745996351637545,0.3760456892673687,1.7281712687069573,3.1946698480578672,BNIP3;BCLAF1;TNFSF10;SOCS2;FAS;TAX1BP1;CASP3,ME_darkred,GO_Biological_Process_2023
gs_ind_0,Regulation Of Apoptotic Signaling Pathway (GO:2001233),1/36,0.2638689243614971,0.4299050907499815,4.961387839230505,6.610070898992993,FAS,ME_darkred,GO_Biological_Process_2023
gs_ind_0,Regulation Of Arp2/3 Complex-Mediated Actin Nucleation (GO:0034315),1/23,0.17767255605341092,0.3907343455685123,7.836422764227642,13.539873090386346,GMFG,ME_darkred,GO_Biological_Process_2023
gs_ind_0,Regulation Of Autophagy (GO:0010506),3/198,0.23518856029444796,0.4146796883221609,2.1154712371645608,3.0618647439105753,BNIP3;CASP3;RB1CC1,ME_darkred,GO_Biological_Process_2023
gs_ind_0,Regulation Of BMP Signaling Pathway (GO:0030510),1/53,0.36321826167968946,0.4799224110509986,3.3501045296167247,3.3928228969498946,SPART,ME_darkred,GO_Biological_Process_2023
gs_ind_0,Regulation Of Basement Membrane Organization (GO:0110011),1/5,0.04160355272059104,0.36015876044602535,39.240650406504066,124.76838356758627,NID1,ME_darkred,GO_Biological_Process_2023
gs_ind_0,Regulation Of Bone Mineralization (GO:0030500),1/43,0.3065114349568113,0.45591352704407717,4.141807747489239,4.897688556545834,ISG15,ME_darkred,GO_Biological_Process_2023
gs_ind_0,Regulation Of Calcium Ion Transmembrane Transporter Activity (GO:1901019),1/18,0.1419214620449319,0.37248329116912154,10.079581881533102,19.68019673392199,YWHAE,ME_darkred,GO_Biological_Process_2023
gs_ind_0,Regulation Of Canonical Wnt Signaling Pathway (GO:0060828),1/155,0.7343372515080885,0.759012562378656,1.1287236561686005,0.34853506200882206,FZD6,ME_darkred,GO_Biological_Process_2023
gs_ind_0,Regulation Of Cardiac Muscle Cell Differentiation (GO:2000725),1/8,0.06573806083941089,0.36015876044602535,23.538536585365854,64.07371396291906,FRS2,ME_darkred,GO_Biological_Process_2023
gs_ind_0,Regulation Of Cardiac Muscle Contraction (GO:0055117),1/21,0.1635526628512917,0.3822857073940526,8.602379535990481,15.575642530625862,ATP1B1,ME_darkred,GO_Biological_Process_2023
gs_ind_0,Regulation Of Cardiac Muscle Contraction By Calcium Ion Signaling (GO:0010882),1/14,0.11221593087616208,0.3683227424141804,13.070460704607045,28.58941485902285,ATP1B1,ME_darkred,GO_Biological_Process_2023
gs_ind_0,Regulation Of Cell Adhesion (GO:0030155),2/99,0.20429952763393433,0.4014482571435693,3.0247568523430592,4.80382231072525,DUSP1;NID1,ME_darkred,GO_Biological_Process_2023
gs_ind_0,Regulation Of Cell Adhesion Mediated By Integrin (GO:0033628),1/23,0.17767255605341092,0.3907343455685123,7.836422764227642,13.539873090386346,FOXC2,ME_darkred,GO_Biological_Process_2023
gs_ind_0,Regulation Of Cell Communication (GO:0010646),1/35,0.2575688412048068,0.42595793308923957,5.105620360551431,6.925611916273789,SOCS2,ME_darkred,GO_Biological_Process_2023
gs_ind_0,Regulation Of Cell Cycle (GO:0051726),4/247,0.1569429362836824,0.3759785607543668,2.1967641080144045,4.068128145292122,NEK7;YWHAE;SUV39H1;INTS13,ME_darkred,GO_Biological_Process_2023
gs_ind_0,Regulation Of Cell Cycle G2/M Phase Transition (GO:1902749),1/14,0.11221593087616208,0.3683227424141804,13.070460704607045,28.58941485902285,CENPF,ME_darkred,GO_Biological_Process_2023
gs_ind_0,Regulation Of Cell Cycle Process (GO:0010564),2/116,0.2573600110341119,0.42595793308923957,2.5720093789661624,3.4909352262487223,MKI67;RAB11A,ME_darkred,GO_Biological_Process_2023
gs_ind_0,Regulation Of Cell Division (GO:0051302),1/66,0.43012269096422634,0.5217103302073975,2.682293800037237,2.2630104630799392,RAB11A,ME_darkred,GO_Biological_Process_2023
gs_ind_0,Regulation Of Cell Growth (GO:0001558),1/180,0.7858179890328448,0.8003894484321294,0.9694816223928256,0.2336742325040823,SOCS2,ME_darkred,GO_Biological_Process_2023
gs_ind_0,Regulation Of Cell Migration (GO:0030334),2/329,0.7716278157320358,0.7911757203972474,0.883202346482157,0.22897281304898418,ARID4A;HAS2,ME_darkred,GO_Biological_Process_2023
gs_ind_0,Regulation Of Cell Migration Involved In Sprouting Angiogenesis (GO:0090049),1/28,0.2119479745127297,0.4014482571435693,6.408957871396896,9.942949772092838,FOXC2,ME_darkred,GO_Biological_Process_2023
gs_ind_0,Regulation Of Cell Motility (GO:2000145),1/84,0.5114103925771595,0.5843604634351198,2.1009201109975173,1.408841089176739,ARHGAP18,ME_darkred,GO_Biological_Process_2023
gs_ind_0,Regulation Of Cell Population Proliferation (GO:0042127),4/519,0.6453846503825311,0.6854983372156995,1.013793506816332,0.44394908053428006,SH2B3;ASH2L;HAS2;RB1CC1,ME_darkred,GO_Biological_Process_2023
gs_ind_0,Regulation Of Cell Size (GO:0008361),1/20,0.1564029470233815,0.3758558320655637,9.044277673545967,16.780025709626376,ARHGAP5,ME_darkred,GO_Biological_Process_2023
gs_ind_0,Regulation Of Cellular Component Biogenesis (GO:0044087),1/30,0.22525855160646577,0.41048300043927055,5.973460107482431,8.903480629409358,ANKRA2,ME_darkred,GO_Biological_Process_2023
gs_ind_0,Regulation Of Cellular Component Organization (GO:0051128),3/122,0.08461792771309089,0.3683227424141804,3.4830242094964508,8.601708364509113,SOCS2;MKI67;ANKRA2,ME_darkred,GO_Biological_Process_2023
gs_ind_0,Regulation Of Cellular Component Size (GO:0032535),1/36,0.2638689243614971,0.4299050907499815,4.961387839230505,6.610070898992993,ARHGAP5,ME_darkred,GO_Biological_Process_2023
gs_ind_0,Regulation Of Cellular Response To Stress (GO:0080135),1/97,0.5628698380981262,0.6210142116175883,1.8159231644129912,1.0436235198019472,TAF2,ME_darkred,GO_Biological_Process_2023
gs_ind_0,Regulation Of Chemokine-Mediated Signaling Pathway (GO:0070099),1/5,0.04160355272059104,0.36015876044602535,39.240650406504066,124.76838356758627,SH2B3,ME_darkred,GO_Biological_Process_2023
gs_ind_0,Regulation Of Chromatin Organization (GO:1902275),1/24,0.1846437269774026,0.3907343455685123,7.502335236118318,12.673898308408722,MKI67,ME_darkred,GO_Biological_Process_2023
gs_ind_0,Regulation Of Chromosome Segregation (GO:0051983),1/24,0.1846437269774026,0.3907343455685123,7.502335236118318,12.673898308408722,MKI67,ME_darkred,GO_Biological_Process_2023
gs_ind_0,Regulation Of Cilium Assembly (GO:1902017),1/60,0.4001561127371009,0.5044590994997223,2.9542529206804673,2.705801804495082,TBC1D15,ME_darkred,GO_Biological_Process_2023
gs_ind_0,Regulation Of Cold-Induced Thermogenesis (GO:0120161),2/100,0.20739142402276495,0.4014482571435693,2.9937986046860545,4.709686293435195,HADHA;FOXC2,ME_darkred,GO_Biological_Process_2023
gs_ind_0,Regulation Of Cyclin-Dependent Protein Serine/Threonine Kinase Activity (GO:0000079),1/69,0.44454513566436915,0.5341487645717186,2.564180167349119,2.0787903148566973,IPO7,ME_darkred,GO_Biological_Process_2023
gs_ind_0,Regulation Of Cysteine-Type Endopeptidase Activity Involved In Apoptotic Process (GO:0043281),2/61,0.09411836624286192,0.3683227424141804,4.972264767976156,11.750466409718326,UACA;TNFSF10,ME_darkred,GO_Biological_Process_2023
gs_ind_0,Regulation Of Cysteine-Type Endopeptidase Activity Involved In Apoptotic Signaling Pathway (GO:2001267),1/9,0.07364837565515618,0.36015876044602535,20.76757532281205,54.17124812503386,FAS,ME_darkred,GO_Biological_Process_2023
gs_ind_0,Regulation Of Cytokine Production (GO:0001817),1/98,0.5665982586575737,0.6224486584395346,1.7971482176360225,1.02096846568716,ISG15,ME_darkred,GO_Biological_Process_2023
gs_ind_0,Regulation Of Cytokinesis (GO:0032465),1/63,0.4153294949635193,0.5151425510112038,2.8117463414634147,2.47063401986625,RAB11A,ME_darkred,GO_Biological_Process_2023
gs_ind_0,Regulation Of Cytoskeleton Organization (GO:0051493),1/90,0.5358664446968944,0.6007015976266936,1.9590952445837309,1.2222213757795957,ARHGAP18,ME_darkred,GO_Biological_Process_2023
gs_ind_0,Regulation Of Cytosolic Calcium Ion Concentration (GO:0051480),1/19,0.14919271580135918,0.3758558320655637,9.53394858272907,18.13849366993239,YWHAE,ME_darkred,GO_Biological_Process_2023
gs_ind_0,Regulation Of DNA Metabolic Process (GO:0051052),1/119,0.6380100273185187,0.6804850360720401,1.4760728619944428,0.6633490320194372,TAF2,ME_darkred,GO_Biological_Process_2023
gs_ind_0,Regulation Of DNA Repair (GO:0006282),1/122,0.6472112020232424,0.685544647873104,1.4392652815417044,0.626199287901925,TAF2,ME_darkred,GO_Biological_Process_2023
gs_ind_0,Regulation Of DNA-templated Transcription (GO:0006355),13/1382,0.38651088887642976,0.4971131121325176,1.1656490351158526,1.1080604223341857,NR6A1;BCLAF1;BAZ1B;ARID4A;PHF20L1;FOXC2;CENPF;PSPC1;TFDP2;CHD1;SUV39H1;TAF2;ZNF292,ME_darkred,GO_Biological_Process_2023
gs_ind_0,Regulation Of DNA-templated Transcription Elongation (GO:0032784),1/38,0.27631069259995383,0.4381091187821949,4.696,6.040133020846086,INTS13,ME_darkred,GO_Biological_Process_2023
gs_ind_0,Regulation Of Early Endosome To Late Endosome Transport (GO:2000641),1/17,0.13458867440622196,0.3683227424141804,10.691352549889135,21.441849746656544,RAB21,ME_darkred,GO_Biological_Process_2023
gs_ind_0,Regulation Of Endosome Size (GO:0051036),1/9,0.07364837565515618,0.36015876044602535,20.76757532281205,54.17124812503386,RAB11A,ME_darkred,GO_Biological_Process_2023
gs_ind_0,Regulation Of Endothelial Cell Migration (GO:0010594),1/71,0.4539586799371791,0.5403935369530816,2.491022314478464,1.967282627045783,FOXC2,ME_darkred,GO_Biological_Process_2023
gs_ind_0,Regulation Of Epithelial Cell Migration (GO:0010632),1/39,0.28245325532448645,0.4405812441065519,4.5736458663287936,5.782196157644275,RAB11A,ME_darkred,GO_Biological_Process_2023
gs_ind_0,Regulation Of Establishment Of Planar Polarity (GO:0090175),1/24,0.1846437269774026,0.3907343455685123,7.502335236118318,12.673898308408722,FZD6,ME_darkred,GO_Biological_Process_2023
gs_ind_0,Regulation Of Exocytosis (GO:0017157),1/38,0.27631069259995383,0.4381091187821949,4.696,6.040133020846086,RAB21,ME_darkred,GO_Biological_Process_2023
gs_ind_0,Regulation Of Extracellular Matrix Organization (GO:1903053),1/20,0.1564029470233815,0.3758558320655637,9.044277673545967,16.780025709626376,NID1,ME_darkred,GO_Biological_Process_2023
gs_ind_0,Regulation Of Extrinsic Apoptotic Signaling Pathway (GO:2001236),1/51,0.3522568987915926,0.4768076387456954,3.4833615068823955,3.634520389197562,TNFSF10,ME_darkred,GO_Biological_Process_2023
gs_ind_0,Regulation Of Fertilization (GO:0080154),1/4,0.03342231336456758,0.36015876044602535,50.45644599303136,171.47782296476882,INTS13,ME_darkred,GO_Biological_Process_2023
gs_ind_0,Regulation Of G2/M Transition Of Mitotic Cell Cycle (GO:0010389),2/26,0.020191342666343898,0.36015876044602535,12.110686639187694,47.26197092635276,CENPF;RAB11A,ME_darkred,GO_Biological_Process_2023
gs_ind_0,Regulation Of GTPase Activity (GO:0043087),1/143,0.7054465268112302,0.7330924042132919,1.2250064184852374,0.4274345135597289,TBC1D15,ME_darkred,GO_Biological_Process_2023
gs_ind_0,Regulation Of Gene Expression (GO:0010468),6/798,0.6756732077956348,0.7084866494566615,0.948769716088328,0.3719611256660336,TIPARP;AHNAK2;ATP1B1;PSPC1;ZNF638;ANKRA2,ME_darkred,GO_Biological_Process_2023
gs_ind_0,Regulation Of Heart Rate By Cardiac Conduction (GO:0086091),1/22,0.17064236625207466,0.38499007559773013,8.201588201928532,14.501928006883682,YWHAE,ME_darkred,GO_Biological_Process_2023
gs_ind_0,Regulation Of Histone Acetylation (GO:0035065),1/19,0.14919271580135918,0.3758558320655637,9.53394858272907,18.13849366993239,BAZ1B,ME_darkred,GO_Biological_Process_2023
gs_ind_0,Regulation Of Histone Deacetylation (GO:0031063),1/20,0.1564029470233815,0.3758558320655637,9.044277673545967,16.780025709626376,SUV39H1,ME_darkred,GO_Biological_Process_2023
gs_ind_0,Regulation Of Histone Methylation (GO:0031060),1/8,0.06573806083941089,0.36015876044602535,23.538536585365854,64.07371396291906,SUV39H1,ME_darkred,GO_Biological_Process_2023
gs_ind_0,Regulation Of Hydrolase Activity (GO:0051336),1/48,0.3354635793668068,0.46660577749178317,3.7042875481386393,4.045978013223034,TBC1D15,ME_darkred,GO_Biological_Process_2023
gs_ind_0,Regulation Of I-kappaB kinase/NF-kappaB Signaling (GO:0043122),1/181,0.7876574576503397,0.8012018319221048,0.96402945746909,0.2301061019542944,TNFSF10,ME_darkred,GO_Biological_Process_2023
gs_ind_0,Regulation Of Insulin Secretion (GO:0050796),1/48,0.3354635793668068,0.46660577749178317,3.7042875481386393,4.045978013223034,HADHA,ME_darkred,GO_Biological_Process_2023
gs_ind_0,Regulation Of Insulin Secretion Involved In Cellular Response To Glucose Stimulus (GO:0061178),1/13,0.10463180886241442,0.3683227424141804,14.117268292682926,31.86701804673994,ANO1,ME_darkred,GO_Biological_Process_2023
gs_ind_0,Regulation Of Integrin-Mediated Signaling Pathway (GO:2001044),1/17,0.13458867440622196,0.3683227424141804,10.691352549889135,21.441849746656544,NID1,ME_darkred,GO_Biological_Process_2023
gs_ind_0,Regulation Of Interferon-Beta Production (GO:0032648),1/42,0.3005728481427568,0.451446328558164,4.241962973846606,5.099115779052813,ISG15,ME_darkred,GO_Biological_Process_2023
gs_ind_0,Regulation Of Interleukin-10 Production (GO:0032653),1/21,0.1635526628512917,0.3822857073940526,8.602379535990481,15.575642530625862,ISG15,ME_darkred,GO_Biological_Process_2023
gs_ind_0,Regulation Of Intracellular Signal Transduction (GO:1902531),2/223,0.5659215247581212,0.6224486584395346,1.3176505910218062,0.7501382959815047,ARHGAP18;ARHGAP5,ME_darkred,GO_Biological_Process_2023
gs_ind_0,Regulation Of Intrinsic Apoptotic Signaling Pathway (GO:2001242),1/41,0.29458390503515886,0.4476976738577809,4.34706413730804,5.312944446154272,BCLAF1,ME_darkred,GO_Biological_Process_2023
gs_ind_0,Regulation Of Lipoprotein Metabolic Process (GO:0050746),1/6,0.04971621166781154,0.36015876044602535,32.10332594235033,96.35569965894773,RB1CC1,ME_darkred,GO_Biological_Process_2023
gs_ind_0,Regulation Of MAP Kinase Activity (GO:0043405),2/77,0.1382474052535939,0.37248329116912154,3.913320066551398,7.743327142644566,SH2B3;DUSP1,ME_darkred,GO_Biological_Process_2023
gs_ind_0,Regulation Of MAPK Cascade (GO:0043408),2/134,0.31379121309936253,0.4626199529484827,2.2192582953806115,2.5721812622821214,FAS;DUSP1,ME_darkred,GO_Biological_Process_2023
gs_ind_0,Regulation Of Macroautophagy (GO:0016241),2/79,0.1440454657375954,0.3758558320655637,3.8116955347211188,7.385641496422422,BNIP3;CASP3,ME_darkred,GO_Biological_Process_2023
gs_ind_0,Regulation Of Macromolecule Biosynthetic Process (GO:0010556),1/45,0.31823921340669353,0.4626199529484827,3.9550013702384215,4.528286474067939,RB1CC1,ME_darkred,GO_Biological_Process_2023
gs_ind_0,Regulation Of Macromolecule Metabolic Process (GO:0060255),2/102,0.2135902245278271,0.4035648222651082,2.9337303629635074,4.528787645264203,ATP1B1;ANKRA2,ME_darkred,GO_Biological_Process_2023
gs_ind_0,Regulation Of Meiotic Cell Cycle (GO:0051445),1/17,0.13458867440622196,0.3683227424141804,10.691352549889135,21.441849746656544,DUSP1,ME_darkred,GO_Biological_Process_2023
gs_ind_0,Regulation Of Mitochondrial Fission (GO:0090140),1/20,0.1564029470233815,0.3758558320655637,9.044277673545967,16.780025709626376,BNIP3,ME_darkred,GO_Biological_Process_2023
gs_ind_0,Regulation Of Mitochondrial Fusion (GO:0010635),1/9,0.07364837565515618,0.36015876044602535,20.76757532281205,54.17124812503386,BNIP3,ME_darkred,GO_Biological_Process_2023
gs_ind_0,Regulation Of Mitochondrial Membrane Permeability (GO:0046902),1/15,0.11973643084488943,0.3683227424141804,12.168040370058874,25.826207698315063,BNIP3,ME_darkred,GO_Biological_Process_2023
gs_ind_0,Regulation Of Mitochondrial Membrane Potential (GO:0051881),1/31,0.2318301046975087,0.41172598270758476,5.777129148340664,8.444721322490585,SPART,ME_darkred,GO_Biological_Process_2023
gs_ind_0,Regulation Of Mitochondrion Organization (GO:0010821),1/39,0.28245325532448645,0.4405812441065519,4.5736458663287936,5.782196157644275,RHOT1,ME_darkred,GO_Biological_Process_2023
gs_ind_0,Regulation Of Mitotic Cell Cycle (GO:0007346),4/107,0.012832141506275794,0.36015876044602535,5.229407909110772,22.778266476823255,NEK7;YWHAE;MKI67;INTS13,ME_darkred,GO_Biological_Process_2023
gs_ind_0,Regulation Of Mitotic Cell Cycle Phase Transition (GO:1901990),1/76,0.47680696920214416,0.5547118900400134,2.3250848005168794,1.7220590530855922,CENPF,ME_darkred,GO_Biological_Process_2023
gs_ind_0,Regulation Of Mitotic Cell Cycle Spindle Assembly Checkpoint (GO:0090266),1/16,0.12719383729520825,0.3683227424141804,11.382061369000787,23.47030086144596,DUSP1,ME_darkred,GO_Biological_Process_2023
gs_ind_0,Regulation Of Mitotic Metaphase/Anaphase Transition (GO:0030071),1/48,0.3354635793668068,0.46660577749178317,3.7042875481386393,4.045978013223034,DUSP1,ME_darkred,GO_Biological_Process_2023
gs_ind_0,Regulation Of Mitotic Nuclear Division (GO:0007088),2/41,0.04695529580518999,0.36015876044602535,7.502338342582777,22.9463465818104,DUSP1;MKI67,ME_darkred,GO_Biological_Process_2023
gs_ind_0,Regulation Of Mitotic Sister Chromatid Segregation (GO:0033047),1/7,0.05776085950197078,0.36015876044602535,27.162101313320825,77.45120820790622,DUSP1,ME_darkred,GO_Biological_Process_2023
gs_ind_0,Regulation Of Mitotic Sister Chromatid Separation (GO:0010965),1/10,0.08149235932068713,0.36015876044602535,18.57997432605905,46.58456656545481,DUSP1,ME_darkred,GO_Biological_Process_2023
gs_ind_0,Regulation Of Mitotic Spindle Checkpoint (GO:1903504),1/5,0.04160355272059104,0.36015876044602535,39.240650406504066,124.76838356758627,DUSP1,ME_darkred,GO_Biological_Process_2023
gs_ind_0,Regulation Of Monoatomic Ion Transmembrane Transporter Activity (GO:0032412),1/42,0.3005728481427568,0.451446328558164,4.241962973846606,5.099115779052813,YWHAE,ME_darkred,GO_Biological_Process_2023
gs_ind_0,Regulation Of Monocyte Chemotaxis (GO:0090025),1/14,0.11221593087616208,0.3683227424141804,13.070460704607045,28.58941485902285,DUSP1,ME_darkred,GO_Biological_Process_2023
gs_ind_0,Regulation Of Muscle Cell Differentiation (GO:0051147),1/17,0.13458867440622196,0.3683227424141804,10.691352549889135,21.441849746656544,NID1,ME_darkred,GO_Biological_Process_2023
gs_ind_0,Regulation Of NIK/NF-kappaB Signaling (GO:1901222),1/56,0.3793167826149959,0.49189646851759167,3.1682267633487147,3.071227017895669,UACA,ME_darkred,GO_Biological_Process_2023
gs_ind_0,Regulation Of NLRP3 Inflammasome Complex Assembly (GO:1900225),1/24,0.1846437269774026,0.3907343455685123,7.502335236118318,12.673898308408722,NEK7,ME_darkred,GO_Biological_Process_2023
gs_ind_0,Regulation Of Nuclear Division (GO:0051783),1/17,0.13458867440622196,0.3683227424141804,10.691352549889135,21.441849746656544,MKI67,ME_darkred,GO_Biological_Process_2023
gs_ind_0,Regulation Of Nucleic Acid-Templated Transcription (GO:1903506),1/357,0.9539944900012088,0.9539944900012088,0.48087435432559095,0.022647923751441815,PSPC1,ME_darkred,GO_Biological_Process_2023
gs_ind_0,Regulation Of Organelle Assembly (GO:1902115),1/64,0.4203023324547466,0.5163138876321087,2.7672364125216053,2.3985879102546592,TBC1D15,ME_darkred,GO_Biological_Process_2023
gs_ind_0,Regulation Of Organelle Organization (GO:0033043),1/85,0.5155732455480048,0.5865027009266505,2.075883965940251,1.3752230969739558,RHOT1,ME_darkred,GO_Biological_Process_2023
gs_ind_0,Regulation Of Peptide Hormone Secretion (GO:0090276),1/24,0.1846437269774026,0.3907343455685123,7.502335236118318,12.673898308408722,HADHA,ME_darkred,GO_Biological_Process_2023
gs_ind_0,Regulation Of Plasma Membrane Bounded Cell Projection Assembly (GO:0120032),1/62,0.41031441651425565,0.5113967363038292,2.857703747769185,2.5457326408653937,TBC1D15,ME_darkred,GO_Biological_Process_2023
gs_ind_0,Regulation Of Platelet Aggregation (GO:0090330),1/14,0.11221593087616208,0.3683227424141804,13.070460704607045,28.58941485902285,SH2B3,ME_darkred,GO_Biological_Process_2023
gs_ind_0,Regulation Of Potassium Ion Transmembrane Transport (GO:1901379),1/25,0.19155636967403009,0.3907343455685123,7.195520159283226,11.891123451962718,YWHAE,ME_darkred,GO_Biological_Process_2023
gs_ind_0,Regulation Of Potassium Ion Transmembrane Transporter Activity (GO:1901016),2/20,0.012198322582933858,0.36015876044602535,16.04646518439622,70.7080561075052,YWHAE;ATP1B1,ME_darkred,GO_Biological_Process_2023
gs_ind_0,Regulation Of Programmed Cell Death (GO:0043067),2/140,0.3324469917118994,0.46660577749178317,2.1220501147054116,2.336960432413879,BNIP3;FAS,ME_darkred,GO_Biological_Process_2023
gs_ind_0,Regulation Of Proteasomal Ubiquitin-Dependent Protein Catabolic Process (GO:0032434),1/97,0.5628698380981262,0.6210142116175883,1.8159231644129912,1.0436235198019472,PHF20L1,ME_darkred,GO_Biological_Process_2023
gs_ind_0,Regulation Of Protein Catabolic Process (GO:0042176),2/97,0.19813228610533976,0.39837607443886575,3.0886183684522734,4.999918298291834,TIPARP;PHF20L1,ME_darkred,GO_Biological_Process_2023
gs_ind_0,Regulation Of Protein Depolymerization (GO:1901879),1/4,0.03342231336456758,0.36015876044602535,50.45644599303136,171.47782296476882,WDR1,ME_darkred,GO_Biological_Process_2023
gs_ind_0,Regulation Of Protein Export From Nucleus (GO:0046825),1/20,0.1564029470233815,0.3758558320655637,9.044277673545967,16.780025709626376,YWHAE,ME_darkred,GO_Biological_Process_2023
gs_ind_0,Regulation Of Protein Kinase B Signaling (GO:0051896),1/85,0.5155732455480048,0.5865027009266505,2.075883965940251,1.3752230969739558,SH2B3,ME_darkred,GO_Biological_Process_2023
gs_ind_0,Regulation Of Protein Lipidation (GO:1903059),1/9,0.07364837565515618,0.36015876044602535,20.76757532281205,54.17124812503386,RB1CC1,ME_darkred,GO_Biological_Process_2023
gs_ind_0,Regulation Of Protein Localization (GO:0032880),1/74,0.46778354506051034,0.5500390613937806,2.3887506222000994,1.8148523311733018,CCDC66,ME_darkred,GO_Biological_Process_2023
gs_ind_0,Regulation Of Protein Modification By Small Protein Conjugation Or Removal (GO:1903320),1/25,0.19155636967403009,0.3907343455685123,7.195520159283226,11.891123451962718,COPS4,ME_darkred,GO_Biological_Process_2023
gs_ind_0,Regulation Of Protein Modification Process (GO:0031399),1/36,0.2638689243614971,0.4299050907499815,4.961387839230505,6.610070898992993,RB1CC1,ME_darkred,GO_Biological_Process_2023
gs_ind_0,Regulation Of Protein Neddylation (GO:2000434),1/18,0.1419214620449319,0.37248329116912154,10.079581881533102,19.68019673392199,COPS4,ME_darkred,GO_Biological_Process_2023
gs_ind_0,Regulation Of Protein Phosphorylation (GO:0001932),2/193,0.4881332415271971,0.5653229860458051,1.527929619673565,1.0957805097668962,FAS;RB1CC1,ME_darkred,GO_Biological_Process_2023
gs_ind_0,Regulation Of Protein Polymerization (GO:0032271),1/26,0.19841097075433756,0.39837607443886575,6.912769010043042,11.180814833374484,ARHGAP18,ME_darkred,GO_Biological_Process_2023
gs_ind_0,Regulation Of Protein Secretion (GO:0050708),1/60,0.4001561127371009,0.5044590994997223,2.9542529206804673,2.705801804495082,HADHA,ME_darkred,GO_Biological_Process_2023
gs_ind_0,Regulation Of Protein Ubiquitination (GO:0031396),1/99,0.5702951844843454,0.6247250667641903,1.7787544880524948,0.9989506277527095,ISG15,ME_darkred,GO_Biological_Process_2023
gs_ind_0,Regulation Of Protein-Containing Complex Assembly (GO:0043254),1/87,0.5237938650466599,0.5932216233002673,2.027548287043564,1.3111284130378102,ANKRA2,ME_darkred,GO_Biological_Process_2023
gs_ind_0,Regulation Of Protein-Containing Complex Disassembly (GO:0043244),1/17,0.13458867440622196,0.3683227424141804,10.691352549889135,21.441849746656544,BNIP3,ME_darkred,GO_Biological_Process_2023
gs_ind_0,Regulation Of RNA Metabolic Process (GO:0051252),2/77,0.1382474052535939,0.37248329116912154,3.913320066551398,7.743327142644566,ZNF638;AHNAK2,ME_darkred,GO_Biological_Process_2023
gs_ind_0,Regulation Of RNA Splicing (GO:0043484),3/88,0.03849038367818424,0.36015876044602535,4.881935352477379,15.902156710465047,ZNF638;AHNAK2;SRRM1,ME_darkred,GO_Biological_Process_2023
gs_ind_0,Regulation Of Receptor Signaling Pathway Via JAK-STAT (GO:0046425),1/32,0.2383464528457674,0.4146796883221609,5.593263646922184,8.02090775330277,SH2B3,ME_darkred,GO_Biological_Process_2023
gs_ind_0,Regulation Of Receptor-Mediated Endocytosis (GO:0048259),1/27,0.20520801282335077,0.4014482571435693,6.651357570179475,10.533961958185346,RAB21,ME_darkred,GO_Biological_Process_2023
gs_ind_0,Regulation Of Release Of Cytochrome C From Mitochondria (GO:0090199),2/30,0.02644191880719496,0.36015876044602535,10.407484227810906,37.80835756071514,BNIP3;TNFSF10,ME_darkred,GO_Biological_Process_2023
gs_ind_0,Regulation Of Response To Cytokine Stimulus (GO:0060759),1/13,0.10463180886241442,0.3683227424141804,14.117268292682926,31.86701804673994,SH2B3,ME_darkred,GO_Biological_Process_2023
gs_ind_0,"Regulation Of Retrograde Protein Transport, ER To Cytosol (GO:1904152)",1/10,0.08149235932068713,0.36015876044602535,18.57997432605905,46.58456656545481,ERLEC1,ME_darkred,GO_Biological_Process_2023
gs_ind_0,Regulation Of Secretion By Cell (GO:1903530),1/41,0.29458390503515886,0.4476976738577809,4.34706413730804,5.312944446154272,RAB21,ME_darkred,GO_Biological_Process_2023
gs_ind_0,Regulation Of Signal Transduction (GO:0009966),1/138,0.6925096339809791,0.7225778948865303,1.2700842572062083,0.46667103288596257,SOCS2,ME_darkred,GO_Biological_Process_2023
gs_ind_0,Regulation Of Small GTPase Mediated Signal Transduction (GO:0051056),2/83,0.15579039426510874,0.3758558320655637,3.6234095923116443,6.736801825575703,ARHGAP18;ARHGAP5,ME_darkred,GO_Biological_Process_2023
gs_ind_0,Regulation Of Stem Cell Population Maintenance (GO:2000036),1/52,0.3577607380445595,0.4768076387456954,3.4154392611887285,3.510698749929027,ARID4A,ME_darkred,GO_Biological_Process_2023
gs_ind_0,Regulation Of Stress-Activated MAPK Cascade (GO:0032872),1/43,0.3065114349568113,0.45591352704407717,4.141807747489239,4.897688556545834,FAS,ME_darkred,GO_Biological_Process_2023
gs_ind_0,Regulation Of Striated Muscle Tissue Development (GO:0016202),1/6,0.04971621166781154,0.36015876044602535,32.10332594235033,96.35569965894773,CENPF,ME_darkred,GO_Biological_Process_2023
gs_ind_0,Regulation Of Telomerase Activity (GO:0051972),1/39,0.28245325532448645,0.4405812441065519,4.5736458663287936,5.782196157644275,NEK7,ME_darkred,GO_Biological_Process_2023
gs_ind_0,Regulation Of Telomere Capping (GO:1904353),1/20,0.1564029470233815,0.3758558320655637,9.044277673545967,16.780025709626376,NEK7,ME_darkred,GO_Biological_Process_2023
gs_ind_0,Regulation Of Telomere Maintenance Via Telomerase (GO:0032210),1/46,0.32402923327964134,0.4640195165587415,3.867756633610292,4.358658266102263,NEK7,ME_darkred,GO_Biological_Process_2023
gs_ind_0,Regulation Of Transcription By RNA Polymerase I (GO:0006356),1/28,0.2119479745127297,0.4014482571435693,6.408957871396896,9.942949772092838,BAZ1B,ME_darkred,GO_Biological_Process_2023
gs_ind_0,Regulation Of Transcription By RNA Polymerase III (GO:0006359),1/25,0.19155636967403009,0.3907343455685123,7.195520159283226,11.891123451962718,BAZ1B,ME_darkred,GO_Biological_Process_2023
gs_ind_0,Regulation Of Transcription Elongation By RNA Polymerase II (GO:0034243),1/70,0.44927182527330617,0.5356434630002673,2.5270749254255134,2.021981315842471,INTS13,ME_darkred,GO_Biological_Process_2023
gs_ind_0,Regulation Of Transcription Initiation By RNA Polymerase II (GO:0060260),1/48,0.3354635793668068,0.46660577749178317,3.7042875481386393,4.045978013223034,TAF2,ME_darkred,GO_Biological_Process_2023
gs_ind_0,Regulation Of Transforming Growth Factor Beta Receptor Signaling Pathway (GO:0017015),1/93,0.5476358620219289,0.6112220288749831,1.8950823994726433,1.1411138196155133,ARID4A,ME_darkred,GO_Biological_Process_2023
gs_ind_0,Regulation Of Transport (GO:0051049),1/29,0.21863133051315672,0.4051264895532952,6.183568677792041,9.401302355279574,RAB11A,ME_darkred,GO_Biological_Process_2023
gs_ind_0,Regulation Of Type I Interferon-Mediated Signaling Pathway (GO:0060338),1/29,0.21863133051315672,0.4051264895532952,6.183568677792041,9.401302355279574,ISG15,ME_darkred,GO_Biological_Process_2023
gs_ind_0,Regulation Of Type II Interferon Production (GO:0032649),1/48,0.3354635793668068,0.46660577749178317,3.7042875481386393,4.045978013223034,ISG15,ME_darkred,GO_Biological_Process_2023
gs_ind_0,Regulation Of Tyrosine Phosphorylation Of STAT Protein (GO:0042509),1/34,0.2512153675128905,0.4181485229814129,5.258463778667638,7.264276758663228,SH2B3,ME_darkred,GO_Biological_Process_2023
gs_ind_0,Regulation Of Urine Volume (GO:0035809),1/5,0.04160355272059104,0.36015876044602535,39.240650406504066,124.76838356758627,HAS2,ME_darkred,GO_Biological_Process_2023
gs_ind_0,Regulation Of Vascular Endothelial Growth Factor Production (GO:0010574),1/17,0.13458867440622196,0.3683227424141804,10.691352549889135,21.441849746656544,SARS1,ME_darkred,GO_Biological_Process_2023
gs_ind_0,Regulation Of Vascular Wound Healing (GO:0061043),1/5,0.04160355272059104,0.36015876044602535,39.240650406504066,124.76838356758627,FOXC2,ME_darkred,GO_Biological_Process_2023
gs_ind_0,Regulation Of Vesicle-Mediated Transport (GO:0060627),2/67,0.11014037108108515,0.3683227424141804,4.51453389989847,9.959060094637005,RAB11A;RAB21,ME_darkred,GO_Biological_Process_2023
gs_ind_0,Regulation Of Viral Genome Replication (GO:0045069),1/52,0.3577607380445595,0.4768076387456954,3.4154392611887285,3.510698749929027,ISG15,ME_darkred,GO_Biological_Process_2023
gs_ind_0,Regulation Of mRNA Processing (GO:0050684),1/32,0.2383464528457674,0.4146796883221609,5.593263646922184,8.02090775330277,SRRM1,ME_darkred,GO_Biological_Process_2023
gs_ind_0,"Regulation Of mRNA Splicing, Via Spliceosome (GO:0048024)",2/74,0.1296528607603695,0.3683227424141804,4.076269746899949,8.327389869805456,KHDRBS3;SRRM1,ME_darkred,GO_Biological_Process_2023
gs_ind_0,Regulation Of p38MAPK Cascade (GO:1900744),1/29,0.21863133051315672,0.4051264895532952,6.183568677792041,9.401302355279574,DUSP1,ME_darkred,GO_Biological_Process_2023
gs_ind_0,Relaxation Of Cardiac Muscle (GO:0055119),1/10,0.08149235932068713,0.36015876044602535,18.57997432605905,46.58456656545481,ATP1B1,ME_darkred,GO_Biological_Process_2023
gs_ind_0,Relaxation Of Muscle (GO:0090075),1/10,0.08149235932068713,0.36015876044602535,18.57997432605905,46.58456656545481,ATP1B1,ME_darkred,GO_Biological_Process_2023
gs_ind_0,Renal Absorption (GO:0070293),1/8,0.06573806083941089,0.36015876044602535,23.538536585365854,64.07371396291906,HAS2,ME_darkred,GO_Biological_Process_2023
gs_ind_0,Renal System Development (GO:0072001),3/43,0.00568046888277382,0.36015876044602535,10.345003378170874,53.49113138375661,CENPF;HAS2;HELLS,ME_darkred,GO_Biological_Process_2023
gs_ind_0,Response To ATP (GO:0033198),1/14,0.11221593087616208,0.3683227424141804,13.070460704607045,28.58941485902285,TRPV1,ME_darkred,GO_Biological_Process_2023
gs_ind_0,Response To Acidic pH (GO:0010447),1/9,0.07364837565515618,0.36015876044602535,20.76757532281205,54.17124812503386,TRPV1,ME_darkred,GO_Biological_Process_2023
gs_ind_0,Response To Alkaloid (GO:0043279),1/2,0.016851792615491655,0.36015876044602535,117.75121951219512,480.81334752934094,TRPV1,ME_darkred,GO_Biological_Process_2023
gs_ind_0,Response To Amino Acid Starvation (GO:1990928),1/39,0.28245325532448645,0.4405812441065519,4.5736458663287936,5.782196157644275,FAS,ME_darkred,GO_Biological_Process_2023
gs_ind_0,Response To Chemokine (GO:1990868),2/12,0.004427900864789091,0.34050557650228114,28.291109547267183,153.33299443051752,SH2B3;DUSP1,ME_darkred,GO_Biological_Process_2023
gs_ind_0,Response To Corticosteroid (GO:0031960),1/4,0.03342231336456758,0.36015876044602535,50.45644599303136,171.47782296476882,PDCD7,ME_darkred,GO_Biological_Process_2023
gs_ind_0,Response To Cytokine (GO:0034097),2/97,0.19813228610533976,0.39837607443886575,3.0886183684522734,4.999918298291834,ISG15;CASP3,ME_darkred,GO_Biological_Process_2023
gs_ind_0,Response To Endoplasmic Reticulum Stress (GO:0034976),1/95,0.555317447937757,0.6171085512487501,1.8546651180797522,1.0909424924667257,ERLEC1,ME_darkred,GO_Biological_Process_2023
gs_ind_0,Response To Estradiol (GO:0032355),1/16,0.12719383729520825,0.3683227424141804,11.382061369000787,23.47030086144596,SOCS2,ME_darkred,GO_Biological_Process_2023
gs_ind_0,Response To Estrogen (GO:0043627),1/25,0.19155636967403009,0.3907343455685123,7.195520159283226,11.891123451962718,ASH2L,ME_darkred,GO_Biological_Process_2023
gs_ind_0,Response To Glucocorticoid (GO:0051384),1/13,0.10463180886241442,0.3683227424141804,14.117268292682926,31.86701804673994,PDCD7,ME_darkred,GO_Biological_Process_2023
gs_ind_0,Response To Interleukin-1 (GO:0070555),1/52,0.3577607380445595,0.4768076387456954,3.4154392611887285,3.510698749929027,HAS2,ME_darkred,GO_Biological_Process_2023
gs_ind_0,Response To Lipid (GO:0033993),1/73,0.4632142114888869,0.5471762344622949,2.4219007569386037,1.863811683740837,SOCS2,ME_darkred,GO_Biological_Process_2023
gs_ind_0,Response To Organic Cyclic Compound (GO:0014070),3/39,0.0043104805257309625,0.34050557650228114,11.482518912287876,62.54190339380255,TIPARP;TRPV1;SOCS2,ME_darkred,GO_Biological_Process_2023
gs_ind_0,Response To Organonitrogen Compound (GO:0010243),2/28,0.023229047210123244,0.36015876044602535,11.194813644390743,42.11882668947319,ERLEC1;TRPV1,ME_darkred,GO_Biological_Process_2023
gs_ind_0,Response To Platelet-Derived Growth Factor (GO:0036119),1/7,0.05776085950197078,0.36015876044602535,27.162101313320825,77.45120820790622,HAS2,ME_darkred,GO_Biological_Process_2023
gs_ind_0,Response To Potassium Ion (GO:0035864),1/4,0.03342231336456758,0.36015876044602535,50.45644599303136,171.47782296476882,NEK7,ME_darkred,GO_Biological_Process_2023
gs_ind_0,Response To Tumor Necrosis Factor (GO:0034612),2/70,0.11840355264773676,0.3683227424141804,4.315738376901226,9.2083034624855,CASP3;HAS2,ME_darkred,GO_Biological_Process_2023
gs_ind_0,Response To Type I Interferon (GO:0034340),1/9,0.07364837565515618,0.36015876044602535,20.76757532281205,54.17124812503386,ISG15,ME_darkred,GO_Biological_Process_2023
gs_ind_0,Reticulophagy (GO:0061709),1/15,0.11973643084488943,0.3683227424141804,12.168040370058874,25.826207698315063,RB1CC1,ME_darkred,GO_Biological_Process_2023
gs_ind_0,Retina Homeostasis (GO:0001895),1/12,0.0969835318938316,0.3683227424141804,15.346129374337222,35.805805270620056,CCDC66,ME_darkred,GO_Biological_Process_2023
gs_ind_0,Retinoid Metabolic Process (GO:0001523),1/22,0.17064236625207466,0.38499007559773013,8.201588201928532,14.501928006883682,ARID4A,ME_darkred,GO_Biological_Process_2023
gs_ind_0,"Retrograde Protein Transport, ER To Cytosol (GO:0030970)",1/17,0.13458867440622196,0.3683227424141804,10.691352549889135,21.441849746656544,ERLEC1,ME_darkred,GO_Biological_Process_2023
gs_ind_0,Rho Protein Signal Transduction (GO:0007266),1/41,0.29458390503515886,0.4476976738577809,4.34706413730804,5.312944446154272,ARHGAP5,ME_darkred,GO_Biological_Process_2023
gs_ind_0,Sarcomere Organization (GO:0045214),1/18,0.1419214620449319,0.37248329116912154,10.079581881533102,19.68019673392199,WDR1,ME_darkred,GO_Biological_Process_2023
gs_ind_0,Selective Autophagy (GO:0061912),1/49,0.3411087134967219,0.4700942664497834,3.627608750314307,3.9016892636225067,RB1CC1,ME_darkred,GO_Biological_Process_2023
gs_ind_0,Selenocysteine Incorporation (GO:0001514),1/7,0.05776085950197078,0.36015876044602535,27.162101313320825,77.45120820790622,SARS1,ME_darkred,GO_Biological_Process_2023
gs_ind_0,Sensory Perception Of Mechanical Stimulus (GO:0050954),1/42,0.3005728481427568,0.451446328558164,4.241962973846606,5.099115779052813,WDR1,ME_darkred,GO_Biological_Process_2023
gs_ind_0,Sensory Perception Of Sound (GO:0007605),1/42,0.3005728481427568,0.451446328558164,4.241962973846606,5.099115779052813,WDR1,ME_darkred,GO_Biological_Process_2023
gs_ind_0,Skeletal System Development (GO:0001501),1/96,0.5591096571497464,0.620426156346544,1.835091303792619,1.0669398081237258,ANKRD11,ME_darkred,GO_Biological_Process_2023
gs_ind_0,Skeletal System Morphogenesis (GO:0048705),1/25,0.19155636967403009,0.3907343455685123,7.195520159283226,11.891123451962718,ANKRD11,ME_darkred,GO_Biological_Process_2023
gs_ind_0,Skin Development (GO:0043588),1/41,0.29458390503515886,0.4476976738577809,4.34706413730804,5.312944446154272,CASP3,ME_darkred,GO_Biological_Process_2023
gs_ind_0,Small GTPase Mediated Signal Transduction (GO:0007264),1/89,0.531876313973564,0.5970991028403952,1.9813972715998347,1.2509438916928568,ARHGAP18,ME_darkred,GO_Biological_Process_2023
gs_ind_0,Sodium Ion Export Across Plasma Membrane (GO:0036376),1/6,0.04971621166781154,0.36015876044602535,32.10332594235033,96.35569965894773,ATP1B1,ME_darkred,GO_Biological_Process_2023
gs_ind_0,Sodium Ion Homeostasis (GO:0055078),1/9,0.07364837565515618,0.36015876044602535,20.76757532281205,54.17124812503386,ATP1B1,ME_darkred,GO_Biological_Process_2023
gs_ind_0,Sodium Ion Transmembrane Transport (GO:0035725),1/37,0.2701160612808976,0.4373036865789689,4.82505846976278,6.315536187772826,ATP1B1,ME_darkred,GO_Biological_Process_2023
gs_ind_0,Sodium Ion Transport (GO:0006814),1/42,0.3005728481427568,0.451446328558164,4.241962973846606,5.099115779052813,ATP1B1,ME_darkred,GO_Biological_Process_2023
gs_ind_0,Spindle Assembly (GO:0051225),2/61,0.09411836624286192,0.3683227424141804,4.972264767976156,11.750466409718326,NEK7;RAB11A,ME_darkred,GO_Biological_Process_2023
gs_ind_0,Spindle Assembly Checkpoint Signaling (GO:0071173),1/24,0.1846437269774026,0.3907343455685123,7.502335236118318,12.673898308408722,CENPF,ME_darkred,GO_Biological_Process_2023
gs_ind_0,Striated Muscle Contraction (GO:0006941),1/27,0.20520801282335077,0.4014482571435693,6.651357570179475,10.533961958185346,ATP1B1,ME_darkred,GO_Biological_Process_2023
gs_ind_0,Substantia Nigra Development (GO:0021762),1/32,0.2383464528457674,0.4146796883221609,5.593263646922184,8.02090775330277,YWHAE,ME_darkred,GO_Biological_Process_2023
gs_ind_0,Supramolecular Fiber Organization (GO:0097435),1/206,0.8288860412028584,0.8387017969539449,0.8449706248887306,0.15857783297487948,FAT1,ME_darkred,GO_Biological_Process_2023
gs_ind_0,T Cell Apoptotic Process (GO:0070231),1/4,0.03342231336456758,0.36015876044602535,50.45644599303136,171.47782296476882,FAS,ME_darkred,GO_Biological_Process_2023
gs_ind_0,T Cell Homeostasis (GO:0043029),1/9,0.07364837565515618,0.36015876044602535,20.76757532281205,54.17124812503386,FAS,ME_darkred,GO_Biological_Process_2023
gs_ind_0,Transcription By RNA Polymerase II (GO:0006366),1/164,0.7541467050174944,0.7753192729391085,1.0657865294249274,0.3007312380894438,TAF2,ME_darkred,GO_Biological_Process_2023
gs_ind_0,Transcription Initiation At RNA Polymerase II Promoter (GO:0006367),1/56,0.3793167826149959,0.49189646851759167,3.1682267633487147,3.071227017895669,TAF2,ME_darkred,GO_Biological_Process_2023
gs_ind_0,Transcription Initiation-Coupled Chromatin Remodeling (GO:0045815),1/28,0.2119479745127297,0.4014482571435693,6.408957871396896,9.942949772092838,ASH2L,ME_darkred,GO_Biological_Process_2023
gs_ind_0,Transcription Preinitiation Complex Assembly (GO:0070897),1/43,0.3065114349568113,0.45591352704407717,4.141807747489239,4.897688556545834,TAF2,ME_darkred,GO_Biological_Process_2023
gs_ind_0,Translation (GO:0006412),4/215,0.10926137647040535,0.3683227424141804,2.5359777611461563,5.61468600128983,MRPL28;SARS1;DARS1;NDUFA7,ME_darkred,GO_Biological_Process_2023
gs_ind_0,Translational Readthrough (GO:0006451),1/7,0.05776085950197078,0.36015876044602535,27.162101313320825,77.45120820790622,SARS1,ME_darkred,GO_Biological_Process_2023
gs_ind_0,Transmembrane Receptor Protein Tyrosine Kinase Signaling Pathway (GO:0007169),5/195,0.02484463797784767,0.36015876044602535,3.4823001185765485,12.86749357071267,FRS2;FOXC2;SOCS2;MPZL1;CASP3,ME_darkred,GO_Biological_Process_2023
gs_ind_0,Transport Across Blood-Brain Barrier (GO:0150104),1/56,0.3793167826149959,0.49189646851759167,3.1682267633487147,3.071227017895669,SLC2A13,ME_darkred,GO_Biological_Process_2023
gs_ind_0,Ubiquitin-Dependent ERAD Pathway (GO:0030433),1/65,0.42523328131568905,0.5165946182176381,2.7241066364152013,2.329430884642541,ERLEC1,ME_darkred,GO_Biological_Process_2023
gs_ind_0,Ubiquitin-Dependent Protein Catabolic Process (GO:0006511),1/320,0.9364274460257083,0.9400949164409526,0.5382571853887553,0.035354472468226664,FBXO21,ME_darkred,GO_Biological_Process_2023
gs_ind_0,Vascular Transport (GO:0010232),1/54,0.36862985566046447,0.4845749726545251,3.2872122179165717,3.280513666951838,SLC2A13,ME_darkred,GO_Biological_Process_2023
gs_ind_0,Vasculogenesis (GO:0001570),1/19,0.14919271580135918,0.3758558320655637,9.53394858272907,18.13849366993239,HAS2,ME_darkred,GO_Biological_Process_2023
gs_ind_0,Vesicle Fusion (GO:0006906),1/65,0.42523328131568905,0.5165946182176381,2.7241066364152013,2.329430884642541,EEA1,ME_darkred,GO_Biological_Process_2023
gs_ind_0,Vesicle Organization (GO:0016050),1/79,0.49005878211164156,0.5658486538195981,2.2356687898089174,1.5945458979895317,EEA1,ME_darkred,GO_Biological_Process_2023
gs_ind_0,Vesicle-Mediated Transport (GO:0016192),2/337,0.7830889292858555,0.7986676215130277,0.8615550644945783,0.21065797963882538,EEA1;RAB11A,ME_darkred,GO_Biological_Process_2023
gs_ind_0,Vesicle-Mediated Transport Between Endosomal Compartments (GO:0098927),1/21,0.1635526628512917,0.3822857073940526,8.602379535990481,15.575642530625862,EEA1,ME_darkred,GO_Biological_Process_2023
gs_ind_0,Vitamin A Metabolic Process (GO:0006776),1/2,0.016851792615491655,0.36015876044602535,117.75121951219512,480.81334752934094,ARID4A,ME_darkred,GO_Biological_Process_2023
gs_ind_0,Vitamin Transport (GO:0051180),1/19,0.14919271580135918,0.3758558320655637,9.53394858272907,18.13849366993239,SLC52A2,ME_darkred,GO_Biological_Process_2023
gs_ind_0,Water-Soluble Vitamin Metabolic Process (GO:0006767),1/32,0.2383464528457674,0.4146796883221609,5.593263646922184,8.02090775330277,SLC52A2,ME_darkred,GO_Biological_Process_2023
gs_ind_0,Wnt Signaling Pathway (GO:0016055),2/56,0.0813475110480627,0.36015876044602535,5.430695530347539,13.625751077772167,FZD6;NID1,ME_darkred,GO_Biological_Process_2023
gs_ind_0,"Wnt Signaling Pathway, Planar Cell Polarity Pathway (GO:0060071)",1/23,0.17767255605341092,0.3907343455685123,7.836422764227642,13.539873090386346,FZD6,ME_darkred,GO_Biological_Process_2023
gs_ind_0,mRNA Metabolic Process (GO:0016071),1/74,0.46778354506051034,0.5500390613937806,2.3887506222000994,1.8148523311733018,HNRNPR,ME_darkred,GO_Biological_Process_2023
gs_ind_0,mRNA Processing (GO:0006397),2/197,0.498991427778155,0.5727229969573152,1.4961636828644502,1.0400826646419157,SRRM1;HNRNPR,ME_darkred,GO_Biological_Process_2023
gs_ind_0,"mRNA Splicing, Via Spliceosome (GO:0000398)",2/197,0.498991427778155,0.5727229969573152,1.4961636828644502,1.0400826646419157,SRRM1;HNRNPR,ME_darkred,GO_Biological_Process_2023
gs_ind_0,mRNA Transcription (GO:0009299),1/38,0.27631069259995383,0.4381091187821949,4.696,6.040133020846086,TAF2,ME_darkred,GO_Biological_Process_2023
gs_ind_0,mRNA Transcription By RNA Polymerase II (GO:0042789),1/34,0.2512153675128905,0.4181485229814129,5.258463778667638,7.264276758663228,TAF2,ME_darkred,GO_Biological_Process_2023
gs_ind_0,ncRNA Processing (GO:0034470),1/95,0.555317447937757,0.6171085512487501,1.8546651180797522,1.0909424924667257,INTS13,ME_darkred,GO_Biological_Process_2023
gs_ind_0,protein-DNA Complex Organization (GO:0071824),1/48,0.3354635793668068,0.46660577749178317,3.7042875481386393,4.045978013223034,SUV39H1,ME_darkred,GO_Biological_Process_2023
gs_ind_0,rDNA Heterochromatin Formation (GO:0000183),1/6,0.04971621166781154,0.36015876044602535,32.10332594235033,96.35569965894773,SUV39H1,ME_darkred,GO_Biological_Process_2023
gs_ind_0,snRNA Metabolic Process (GO:0016073),1/20,0.1564029470233815,0.3758558320655637,9.044277673545967,16.780025709626376,INTS13,ME_darkred,GO_Biological_Process_2023
gs_ind_0,snRNA Processing (GO:0016180),1/17,0.13458867440622196,0.3683227424141804,10.691352549889135,21.441849746656544,INTS13,ME_darkred,GO_Biological_Process_2023
gs_ind_0,tRNA Aminoacylation For Protein Translation (GO:0006418),2/34,0.03336675216273197,0.36015876044602535,9.12353164077302,31.02178957782082,SARS1;DARS1,ME_darkred,GO_Biological_Process_2023
gs_ind_0,tRNA Modification (GO:0006400),1/65,0.42523328131568905,0.5165946182176381,2.7241066364152013,2.329430884642541,SARS1,ME_darkred,GO_Biological_Process_2023
gs_ind_0,tRNA Processing (GO:0008033),1/48,0.3354635793668068,0.46660577749178317,3.7042875481386393,4.045978013223034,SARS1,ME_darkred,GO_Biological_Process_2023
