node_name,gene_id,gene_symbol,string_gene_label,gene_name,modules,contrasts,n_selected_rows,n_contrasts,min_padj,max_abs_log2FoldChange,mean_abs_log2FoldChange,strongest_contrast,strongest_log2FoldChange,strongest_padj,strongest_regulation,n_up_rows,n_down_rows,log2FC__MA100_vs_CTR,log2FC__MA100_vs_MA1,log2FC__MC100_vs_MC1,log2FC__MC1_vs_CTR,log2FC__MD1_vs_CTR,padj__MA100_vs_CTR,padj__MA100_vs_MA1,padj__MC100_vs_MC1,padj__MC1_vs_CTR,padj__MD1_vs_CTR,regulation__MA100_vs_CTR,regulation__MA100_vs_MA1,regulation__MC100_vs_MC1,regulation__MC1_vs_CTR,regulation__MD1_vs_CTR
FAM43A,ENSG00000185112,FAM43A,FAM43A,family with sequence similarity 43 member A,darkgrey,MA100_vs_CTR;MC100_vs_MC1;MC1_vs_CTR;MD1_vs_CTR,4,4,1.1533304722730878e-12,1.5571193126104697,1.3263957137495537,MC1_vs_CTR,1.5571193126104697,1.1533304722730878e-12,up_in_tested,3,1,1.4769678683034448,,-1.1086245575304778,1.5571193126104697,1.1628711165538226,4.1023791666558896e-11,,4.950791557671914e-07,1.1533304722730878e-12,4.622343547158501e-07,up_in_tested,,up_in_reference,up_in_tested,up_in_tested
KHSRP,ENSG00000088247,KHSRP,KHSRP,KH-type splicing regulatory protein,dimgrey,MC100_vs_MC1,1,1,2.8770295987325542e-11,1.285579480106557,1.285579480106557,MC100_vs_MC1,-1.285579480106557,2.8770295987325542e-11,up_in_reference,0,1,,,-1.285579480106557,,,,,2.8770295987325542e-11,,,,,up_in_reference,,
SPDL1,ENSG00000040275,SPDL1,SPDL1,spindle apparatus coiled-coil protein 1,dimgrey,MA100_vs_CTR;MC100_vs_MC1;MC1_vs_CTR,3,3,3.272197421896772e-11,1.3336027788195437,1.2326865924166943,MC100_vs_MC1,-1.3336027788195437,3.272197421896772e-11,up_in_reference,2,1,1.214744151772393,,-1.3336027788195437,1.149712846658146,,5.138286631002561e-09,,3.272197421896772e-11,3.478632889526929e-08,,up_in_tested,,up_in_reference,up_in_tested,
TOP2A,ENSG00000131747,TOP2A,TOP2A,DNA topoisomerase II alpha,dimgrey,MA100_vs_CTR;MC100_vs_MC1,2,2,8.612006306714069e-11,1.1862181016172255,1.1122387202761415,MC100_vs_MC1,-1.1862181016172255,8.612006306714069e-11,up_in_reference,1,1,1.0382593389350574,,-1.1862181016172255,,,5.8999571209034825e-08,,8.612006306714069e-11,,,up_in_tested,,up_in_reference,,
CAVIN1,ENSG00000177469,CAVIN1,CAVIN1,caveolae associated protein 1,darkgrey,MC100_vs_MC1,1,1,8.612006306714069e-11,1.0604997508024534,1.0604997508024534,MC100_vs_MC1,-1.0604997508024534,8.612006306714069e-11,up_in_reference,0,1,,,-1.0604997508024534,,,,,8.612006306714069e-11,,,,,up_in_reference,,
TAF1,ENSG00000147133,TAF1,TAF1,TATA-box binding protein associated factor 1,darkgrey,MA100_vs_CTR;MC100_vs_MC1;MC1_vs_CTR;MD1_vs_CTR,4,4,1.3352138908468488e-10,1.43494479491242,1.3290900815418203,MC100_vs_MC1,-1.43494479491242,1.3352138908468488e-10,up_in_reference,3,1,1.2812810503132728,,-1.43494479491242,1.2255995197890095,1.3745349611525788,5.5344592029664754e-08,,1.3352138908468488e-10,2.0092552232230297e-07,2.600574614802939e-09,up_in_tested,,up_in_reference,up_in_tested,up_in_tested
GANAB,ENSG00000089597,GANAB,GANAB,glucosidase II alpha subunit,darkgrey,MA100_vs_CTR;MC100_vs_MC1;MC1_vs_CTR,3,3,1.3352138908468488e-10,1.3668749323860354,1.2031647368966112,MC100_vs_MC1,-1.3668749323860354,1.3352138908468488e-10,up_in_reference,2,1,1.1330850998281758,,-1.3668749323860354,1.109534178475622,,4.772667980040789e-07,,1.3352138908468488e-10,7.875973705822154e-07,,up_in_tested,,up_in_reference,up_in_tested,
PTPN1,ENSG00000196396,PTPN1,PTPN1,protein tyrosine phosphatase non-receptor type 1,darkgrey,MC100_vs_MC1;MC1_vs_CTR,2,2,1.5438371924566868e-10,1.165921982244715,1.0891121183664556,MC100_vs_MC1,-1.165921982244715,1.5438371924566868e-10,up_in_reference,1,1,,,-1.165921982244715,1.012302254488196,,,,1.5438371924566868e-10,1.6103333030562205e-07,,,,up_in_reference,up_in_tested,
NFIX,ENSG00000008441,NFIX,NFIX,nuclear factor I X,darkgrey,MC100_vs_MC1,1,1,8.778299663536258e-10,1.2471666416750256,1.2471666416750256,MC100_vs_MC1,-1.2471666416750256,8.778299663536258e-10,up_in_reference,0,1,,,-1.2471666416750256,,,,,8.778299663536258e-10,,,,,up_in_reference,,
UBE2Z,ENSG00000159202,UBE2Z,UBE2Z,ubiquitin conjugating enzyme E2 Z,dimgrey,MA100_vs_CTR;MC100_vs_MC1;MC1_vs_CTR,3,3,1.3606884933325772e-09,1.404988548688606,1.3159062219193551,MC1_vs_CTR,1.404988548688606,1.3606884933325772e-09,up_in_tested,2,1,1.2680351823737763,,-1.2746949346956833,1.404988548688606,,8.650208205644423e-08,,1.686201579137955e-08,1.3606884933325772e-09,,up_in_tested,,up_in_reference,up_in_tested,
RPSA,ENSG00000168028,RPSA,RPSA,ribosomal protein SA,dimgrey,MC100_vs_MC1,1,1,1.4656030544890415e-09,1.1561710553635576,1.1561710553635576,MC100_vs_MC1,1.1561710553635576,1.4656030544890415e-09,up_in_tested,1,0,,,1.1561710553635576,,,,,1.4656030544890415e-09,,,,,up_in_tested,,
SPON2,ENSG00000159674,SPON2,SPON2,spondin 2,darkgrey,MC100_vs_MC1,1,1,1.745174047579366e-09,1.0307437710374718,1.0307437710374718,MC100_vs_MC1,-1.0307437710374718,1.745174047579366e-09,up_in_reference,0,1,,,-1.0307437710374718,,,,,1.745174047579366e-09,,,,,up_in_reference,,
EEF1A1,ENSG00000156508,EEF1A1,EEF1A1,eukaryotic translation elongation factor 1 alpha 1,silver,MC100_vs_MC1,1,1,2.108254569609431e-09,1.158584799348766,1.158584799348766,MC100_vs_MC1,1.158584799348766,2.108254569609431e-09,up_in_tested,1,0,,,1.158584799348766,,,,,2.108254569609431e-09,,,,,up_in_tested,,
MAP2K3,ENSG00000034152,MAP2K3,MAP2K3,mitogen-activated protein kinase kinase 3,darkgrey,MD1_vs_CTR,1,1,2.600574614802939e-09,1.0438827363663548,1.0438827363663548,MD1_vs_CTR,1.0438827363663548,2.600574614802939e-09,up_in_tested,1,0,,,,,1.0438827363663548,,,,,2.600574614802939e-09,,,,,up_in_tested
RPL12,ENSG00000197958,RPL12,RPL12,ribosomal protein L12,dimgrey,MA100_vs_CTR;MC100_vs_MC1;MC1_vs_CTR,3,3,3.948871637551201e-09,1.1976997733781165,1.0988019138441751,MC100_vs_MC1,1.1976997733781165,3.948871637551201e-09,up_in_tested,1,2,-1.0369745764517062,,1.1976997733781165,-1.0617313917027025,,1.4858291523029522e-06,,3.948871637551201e-09,5.557094530338068e-07,,up_in_reference,,up_in_tested,up_in_reference,
TMEM35A,ENSG00000126950,TMEM35A,TMEM35A,transmembrane protein 35A,darkgrey,MC100_vs_MC1,1,1,4.150207019989932e-09,1.091149336084926,1.091149336084926,MC100_vs_MC1,-1.091149336084926,4.150207019989932e-09,up_in_reference,0,1,,,-1.091149336084926,,,,,4.150207019989932e-09,,,,,up_in_reference,,
FXR2,ENSG00000129245,FXR2,FXR2,FMR1 autosomal homolog 2,darkgrey,MC100_vs_MC1,1,1,4.547758815322997e-09,1.1494048302058384,1.1494048302058384,MC100_vs_MC1,-1.1494048302058384,4.547758815322997e-09,up_in_reference,0,1,,,-1.1494048302058384,,,,,4.547758815322997e-09,,,,,up_in_reference,,
RRBP1,ENSG00000125844,RRBP1,RRBP1,ribosome binding protein 1,dimgrey,MC100_vs_MC1,1,1,6.607188906950782e-09,1.1549875210395697,1.1549875210395697,MC100_vs_MC1,-1.1549875210395697,6.607188906950782e-09,up_in_reference,0,1,,,-1.1549875210395697,,,,,6.607188906950782e-09,,,,,up_in_reference,,
CETN3,ENSG00000153140,CETN3,CETN3,centrin 3,dimgrey,MA100_vs_CTR;MC100_vs_MC1;MC1_vs_CTR,3,3,6.9995714695811e-09,1.5959033463073156,1.3412912341671117,MC100_vs_MC1,-1.5959033463073156,6.9995714695811e-09,up_in_reference,2,1,1.2190726694964438,,-1.5959033463073156,1.208897686697576,,3.940714811134876e-05,,6.9995714695811e-09,3.631490739572029e-05,,up_in_tested,,up_in_reference,up_in_tested,
NDST1,ENSG00000070614,NDST1,NDST1,N-deacetylase and N-sulfotransferase 1,darkgrey,MC100_vs_MC1,1,1,7.834861844071995e-09,1.1067447674136683,1.1067447674136683,MC100_vs_MC1,-1.1067447674136683,7.834861844071995e-09,up_in_reference,0,1,,,-1.1067447674136683,,,,,7.834861844071995e-09,,,,,up_in_reference,,
HOMER3,ENSG00000051128,HOMER3,HOMER3,homer scaffold protein 3,dimgrey,MC100_vs_MC1,1,1,7.839956585998993e-09,1.251886871120263,1.251886871120263,MC100_vs_MC1,-1.251886871120263,7.839956585998993e-09,up_in_reference,0,1,,,-1.251886871120263,,,,,7.839956585998993e-09,,,,,up_in_reference,,
CBX3,ENSG00000122565,CBX3,CBX3,chromobox 3,dimgrey,MC100_vs_MC1,1,1,8.273517240905001e-09,1.077169978263137,1.077169978263137,MC100_vs_MC1,-1.077169978263137,8.273517240905001e-09,up_in_reference,0,1,,,-1.077169978263137,,,,,8.273517240905001e-09,,,,,up_in_reference,,
TTYH3,ENSG00000136295,TTYH3,TTYH3,tweety family member 3,darkgrey,MC100_vs_MC1,1,1,1.1357962460207353e-08,1.0005151648500403,1.0005151648500403,MC100_vs_MC1,-1.0005151648500403,1.1357962460207353e-08,up_in_reference,0,1,,,-1.0005151648500403,,,,,1.1357962460207353e-08,,,,,up_in_reference,,
R3HDM4,ENSG00000198858,R3HDM4,R3HDM4,R3H domain containing 4,darkgrey,MC100_vs_MC1;MC1_vs_CTR,2,2,1.5362260982162084e-08,1.6499962404986204,1.384506250372475,MC100_vs_MC1,-1.6499962404986204,1.5362260982162084e-08,up_in_reference,1,1,,,-1.6499962404986204,1.1190162602463296,,,,1.5362260982162084e-08,0.000332728944021,,,,up_in_reference,up_in_tested,
RPS15A,ENSG00000134419,RPS15A,RPS15A,ribosomal protein S15a,dimgrey,MC100_vs_MC1,1,1,1.6003617108793933e-08,1.1004749633667457,1.1004749633667457,MC100_vs_MC1,1.1004749633667457,1.6003617108793933e-08,up_in_tested,1,0,,,1.1004749633667457,,,,,1.6003617108793933e-08,,,,,up_in_tested,,
CKAP2L,ENSG00000169607,CKAP2L,CKAP2L,cytoskeleton associated protein 2L,dimgrey,MD1_vs_CTR,1,1,3.3017882323574216e-08,1.0888754335584565,1.0888754335584565,MD1_vs_CTR,-1.0888754335584565,3.3017882323574216e-08,up_in_reference,0,1,,,,,-1.0888754335584565,,,,,3.3017882323574216e-08,,,,,up_in_reference
TMEM134,ENSG00000172663,TMEM134,TMEM134,transmembrane protein 134,darkgrey,MC100_vs_MC1,1,1,5.3928791492908346e-08,1.0087216592475874,1.0087216592475874,MC100_vs_MC1,-1.0087216592475874,5.3928791492908346e-08,up_in_reference,0,1,,,-1.0087216592475874,,,,,5.3928791492908346e-08,,,,,up_in_reference,,
NEURL1B,ENSG00000214357,NEURL1B,NEURL1B,neuralized E3 ubiquitin protein ligase 1B,dimgrey,MA100_vs_CTR;MC100_vs_MC1;MC1_vs_CTR;MD1_vs_CTR,4,4,5.4005711553367985e-08,1.31357599276026,1.1582656443324466,MA100_vs_CTR,1.31357599276026,5.4005711553367985e-08,up_in_tested,3,1,1.31357599276026,,-1.1293722547651903,1.0621744248941123,1.1279399049102237,5.4005711553367985e-08,,1.326986141172611e-06,1.1655537458149532e-05,2.3957059018997268e-06,up_in_tested,,up_in_reference,up_in_tested,up_in_tested
HDAC7,ENSG00000061273,HDAC7,HDAC7,histone deacetylase 7,dimgrey,MC100_vs_MC1,1,1,5.9012414927121566e-08,1.2259536567657685,1.2259536567657685,MC100_vs_MC1,-1.2259536567657685,5.9012414927121566e-08,up_in_reference,0,1,,,-1.2259536567657685,,,,,5.9012414927121566e-08,,,,,up_in_reference,,
SPCS1,ENSG00000114902,SPCS1,SPCS1,signal peptidase complex subunit 1,dimgrey,MC100_vs_MC1,1,1,6.011184386440664e-08,1.101620921944818,1.101620921944818,MC100_vs_MC1,1.101620921944818,6.011184386440664e-08,up_in_tested,1,0,,,1.101620921944818,,,,,6.011184386440664e-08,,,,,up_in_tested,,
PIK3C2A,ENSG00000011405,PIK3C2A,PIK3C2A,phosphatidylinositol-4-phosphate 3-kinase catalytic subunit type 2 alpha,darkgrey,MC100_vs_MC1,1,1,6.253718271207312e-08,1.0693218670362914,1.0693218670362914,MC100_vs_MC1,-1.0693218670362914,6.253718271207312e-08,up_in_reference,0,1,,,-1.0693218670362914,,,,,6.253718271207312e-08,,,,,up_in_reference,,
MAGOH,ENSG00000162385,MAGOH,MAGOH,"mago homolog, exon junction complex subunit",darkgrey,MC100_vs_MC1,1,1,9.318077776441409e-08,1.3528841138789736,1.3528841138789736,MC100_vs_MC1,-1.3528841138789736,9.318077776441409e-08,up_in_reference,0,1,,,-1.3528841138789736,,,,,9.318077776441409e-08,,,,,up_in_reference,,
EML2,ENSG00000125746,EML2,EML2,EMAP like 2,dimgrey,MA100_vs_CTR;MC100_vs_MC1;MC1_vs_CTR;MD1_vs_CTR,4,4,1.4985897484811162e-07,1.951681981273556,1.4906026091610645,MC100_vs_MC1,-1.951681981273556,1.4985897484811162e-07,up_in_reference,3,1,1.4349222453170112,,-1.951681981273556,1.3105681286818571,1.2652380813718334,0.0003369079863069,,1.4985897484811162e-07,0.0009691670182967,0.0016855528896156,up_in_tested,,up_in_reference,up_in_tested,up_in_tested
AHSA1,ENSG00000100591,AHSA1,AHSA1,activator of HSP90 ATPase activity 1,darkgrey,MC100_vs_MC1,1,1,1.4985897484811162e-07,1.1153208128053458,1.1153208128053458,MC100_vs_MC1,-1.1153208128053458,1.4985897484811162e-07,up_in_reference,0,1,,,-1.1153208128053458,,,,,1.4985897484811162e-07,,,,,up_in_reference,,
ING3,ENSG00000071243,ING3,ING3,inhibitor of growth family member 3,gainsboro,MC100_vs_MC1,1,1,1.5874881564260152e-07,1.1923332970138651,1.1923332970138651,MC100_vs_MC1,-1.1923332970138651,1.5874881564260152e-07,up_in_reference,0,1,,,-1.1923332970138651,,,,,1.5874881564260152e-07,,,,,up_in_reference,,
FASTK,ENSG00000164896,FASTK,FASTK,Fas activated serine/threonine kinase,darkgrey,MC100_vs_MC1;MD1_vs_CTR,2,2,1.636410034702499e-07,1.2282712956108977,1.1360085976936238,MC100_vs_MC1,-1.2282712956108977,1.636410034702499e-07,up_in_reference,1,1,,,-1.2282712956108977,,1.04374589977635,,,1.636410034702499e-07,,2.0987001101964227e-05,,,up_in_reference,,up_in_tested
UBN1,ENSG00000118900,UBN1,UBN1,ubinuclein 1,darkgrey,MC100_vs_MC1,1,1,1.768923120406654e-07,1.0445941823905207,1.0445941823905207,MC100_vs_MC1,-1.0445941823905207,1.768923120406654e-07,up_in_reference,0,1,,,-1.0445941823905207,,,,,1.768923120406654e-07,,,,,up_in_reference,,
ZNF48,ENSG00000180035,ZNF48,ZNF48,zinc finger protein 48,dimgrey,MA100_vs_CTR,1,1,1.974918882412972e-07,1.7591554730889485,1.7591554730889485,MA100_vs_CTR,-1.7591554730889485,1.974918882412972e-07,up_in_reference,0,1,-1.7591554730889485,,,,,1.974918882412972e-07,,,,,up_in_reference,,,,
RPL7,ENSG00000147604,RPL7,RPL7,ribosomal protein L7,dimgrey,MC100_vs_MC1,1,1,2.0518536178539217e-07,1.1111032142743646,1.1111032142743646,MC100_vs_MC1,1.1111032142743646,2.0518536178539217e-07,up_in_tested,1,0,,,1.1111032142743646,,,,,2.0518536178539217e-07,,,,,up_in_tested,,
BRD3,ENSG00000169925,BRD3,BRD3,bromodomain containing 3,darkgrey,MC1_vs_CTR,1,1,2.249913779121775e-07,1.0112315290420089,1.0112315290420089,MC1_vs_CTR,1.0112315290420089,2.249913779121775e-07,up_in_tested,1,0,,,,1.0112315290420089,,,,,2.249913779121775e-07,,,,,up_in_tested,
BCCIP,ENSG00000107949,BCCIP,BCCIP,BRCA2 and CDKN1A interacting protein,gainsboro,MA100_vs_CTR;MC100_vs_MC1;MC1_vs_CTR,3,3,2.911916168284012e-07,1.3189076460161109,1.2485429023959105,MC100_vs_MC1,-1.3189076460161109,2.911916168284012e-07,up_in_reference,2,1,1.267917122176433,,-1.3189076460161109,1.1588039389951876,,3.1409351387069405e-06,,2.911916168284012e-07,1.75952548354569e-05,,up_in_tested,,up_in_reference,up_in_tested,
GRN,ENSG00000030582,GRN,GRN,granulin precursor,darkgrey,MA100_vs_CTR;MC100_vs_MC1;MC1_vs_CTR;MD1_vs_CTR,4,4,3.088471284703689e-07,1.3626932178857196,1.1588646752964256,MC100_vs_MC1,-1.3626932178857196,3.088471284703689e-07,up_in_reference,3,1,1.037159773196399,,-1.3626932178857196,1.1847870840459358,1.050818626057648,0.0003087044754664,,3.088471284703689e-07,2.379392335502339e-05,0.0002057548662176,up_in_tested,,up_in_reference,up_in_tested,up_in_tested
SRP9,ENSG00000143742,SRP9,SRP9,signal recognition particle 9,dimgrey,MA100_vs_CTR;MC100_vs_MC1;MC1_vs_CTR,3,3,3.250098058211134e-07,1.2406465653347938,1.1494622144421938,MC100_vs_MC1,1.2406465653347938,3.250098058211134e-07,up_in_tested,1,2,-1.0705739542719377,,1.2406465653347938,-1.13716612371985,,3.940714811134876e-05,,3.250098058211134e-07,7.892767978500094e-06,,up_in_reference,,up_in_tested,up_in_reference,
RPS3A,ENSG00000145425,RPS3A,RPS3A,ribosomal protein S3A,dimgrey,MC100_vs_MC1,1,1,3.993478935812749e-07,1.072213675809049,1.072213675809049,MC100_vs_MC1,1.072213675809049,3.993478935812749e-07,up_in_tested,1,0,,,1.072213675809049,,,,,3.993478935812749e-07,,,,,up_in_tested,,
MDK,ENSG00000110492,MDK,MDK,midkine,dimgrey,MC100_vs_MC1,1,1,5.101212424155215e-07,1.6221717348584344,1.6221717348584344,MC100_vs_MC1,1.6221717348584344,5.101212424155215e-07,up_in_tested,1,0,,,1.6221717348584344,,,,,5.101212424155215e-07,,,,,up_in_tested,,
HES1,ENSG00000114315,HES1,HES1,hes family bHLH transcription factor 1,dimgrey,MA100_vs_MA1;MC100_vs_MC1;MC1_vs_CTR;MD1_vs_CTR,4,4,1.1966629970315884e-06,1.5401765887530894,1.3260485154697057,MA100_vs_MA1,1.5401765887530894,1.1966629970315884e-06,up_in_tested,2,2,,1.5401765887530894,1.1687886057814607,-1.3586858315775483,-1.2365430357667242,,1.1966629970315884e-06,5.2175893016495794e-05,4.260555689616322e-06,3.134905270879612e-05,,up_in_tested,up_in_tested,up_in_reference,up_in_reference
NDUFA12,ENSG00000184752,NDUFA12,NDUFA12,NADH:ubiquinone oxidoreductase subunit A12,dimgrey,MC100_vs_MC1,1,1,1.326986141172611e-06,1.1059527508697542,1.1059527508697542,MC100_vs_MC1,1.1059527508697542,1.326986141172611e-06,up_in_tested,1,0,,,1.1059527508697542,,,,,1.326986141172611e-06,,,,,up_in_tested,,
DDX41,ENSG00000183258,DDX41,DDX41,DEAD-box helicase 41,darkgrey,MC100_vs_MC1,1,1,1.326986141172611e-06,1.005978553616867,1.005978553616867,MC100_vs_MC1,-1.005978553616867,1.326986141172611e-06,up_in_reference,0,1,,,-1.005978553616867,,,,,1.326986141172611e-06,,,,,up_in_reference,,
MEN1,ENSG00000133895,MEN1,MEN1,menin 1,darkgrey,MC100_vs_MC1,1,1,1.4063914728294595e-06,1.009514701881827,1.009514701881827,MC100_vs_MC1,-1.009514701881827,1.4063914728294595e-06,up_in_reference,0,1,,,-1.009514701881827,,,,,1.4063914728294595e-06,,,,,up_in_reference,,
PPP3R1,ENSG00000221823,PPP3R1,PPP3R1,"protein phosphatase 3 regulatory subunit B, alpha",darkgrey,MC100_vs_MC1;MD1_vs_CTR,2,2,1.5607762111627097e-06,1.0362514110583925,1.0244683471676914,MD1_vs_CTR,1.0362514110583925,1.7143300032546595e-06,up_in_tested,1,1,,,-1.0126852832769904,,1.0362514110583925,,,1.5607762111627097e-06,,1.7143300032546595e-06,,,up_in_reference,,up_in_tested
PIP4K2C,ENSG00000166908,PIP4K2C,PIP4K2C,phosphatidylinositol-5-phosphate 4-kinase type 2 gamma,darkgrey,MD1_vs_CTR,1,1,1.6296829064992076e-06,1.4133034023759172,1.4133034023759172,MD1_vs_CTR,1.4133034023759172,1.6296829064992076e-06,up_in_tested,1,0,,,,,1.4133034023759172,,,,,1.6296829064992076e-06,,,,,up_in_tested
ZNF865,ENSG00000261221,ZNF865,ZNF865,zinc finger protein 865,darkgrey,MA100_vs_MA1;MC100_vs_MC1;MC1_vs_CTR,3,3,1.663241359948712e-06,1.7489688875811615,1.4185146079026678,MC100_vs_MC1,-1.7489688875811615,1.663241359948712e-06,up_in_reference,2,1,,1.259511292237836,-1.7489688875811615,1.2470636438890057,,,0.0087356112134742,1.663241359948712e-06,0.0012672077514118,,,up_in_tested,up_in_reference,up_in_tested,
NDC80,ENSG00000080986,NDC80,NDC80,NDC80 kinetochore complex component,dimgrey,MD1_vs_CTR,1,1,1.7143300032546595e-06,1.063025520293114,1.063025520293114,MD1_vs_CTR,-1.063025520293114,1.7143300032546595e-06,up_in_reference,0,1,,,,,-1.063025520293114,,,,,1.7143300032546595e-06,,,,,up_in_reference
GNAS,ENSG00000087460,GNAS,GNAS,GNAS complex locus,dimgrey,MD1_vs_CTR,1,1,1.769355719105326e-06,1.0177233378193926,1.0177233378193926,MD1_vs_CTR,-1.0177233378193926,1.769355719105326e-06,up_in_reference,0,1,,,,,-1.0177233378193926,,,,,1.769355719105326e-06,,,,,up_in_reference
SMARCD2,ENSG00000108604,SMARCD2,SMARCD2,SWI/SNF related BAF chromatin remodeling complex subunit D2,darkgrey,MC100_vs_MC1,1,1,1.8539902108757624e-06,1.2227142665273332,1.2227142665273332,MC100_vs_MC1,-1.2227142665273332,1.8539902108757624e-06,up_in_reference,0,1,,,-1.2227142665273332,,,,,1.8539902108757624e-06,,,,,up_in_reference,,
NUCB1,ENSG00000104805,NUCB1,NUCB1,nucleobindin 1,darkgrey,MC100_vs_MC1,1,1,1.930241893933906e-06,1.0108770041450343,1.0108770041450343,MC100_vs_MC1,-1.0108770041450343,1.930241893933906e-06,up_in_reference,0,1,,,-1.0108770041450343,,,,,1.930241893933906e-06,,,,,up_in_reference,,
PRMT1,ENSG00000126457,PRMT1,PRMT1,protein arginine methyltransferase 1,darkgrey,MC100_vs_MC1,1,1,1.993311721700882e-06,1.370842354701866,1.370842354701866,MC100_vs_MC1,-1.370842354701866,1.993311721700882e-06,up_in_reference,0,1,,,-1.370842354701866,,,,,1.993311721700882e-06,,,,,up_in_reference,,
RPS26,ENSG00000197728,RPS26,RPS26,ribosomal protein S26,dimgrey,MA100_vs_CTR;MC100_vs_MC1;MC1_vs_CTR;MD1_vs_CTR,4,4,2.3688372869313255e-06,1.4521888448235294,1.2078442930365476,MD1_vs_CTR,-1.4521888448235294,2.3688372869313255e-06,up_in_reference,1,3,-1.212003911543515,,1.134076661340829,-1.0331077544383165,-1.4521888448235294,0.0001479142553922,,0.0002101574747071,0.0011740278001637,2.3688372869313255e-06,up_in_reference,,up_in_tested,up_in_reference,up_in_reference
UPF3B,ENSG00000125351,UPF3B,UPF3B,UPF3B regulator of nonsense mediated mRNA decay,dimgrey,MD1_vs_CTR,1,1,2.3852672055955317e-06,1.1192112406447936,1.1192112406447936,MD1_vs_CTR,-1.1192112406447936,2.3852672055955317e-06,up_in_reference,0,1,,,,,-1.1192112406447936,,,,,2.3852672055955317e-06,,,,,up_in_reference
MMP14,ENSG00000157227,MMP14,MMP14,matrix metallopeptidase 14,dimgrey,MC100_vs_MC1,1,1,2.475683779564715e-06,1.191726091067056,1.191726091067056,MC100_vs_MC1,-1.191726091067056,2.475683779564715e-06,up_in_reference,0,1,,,-1.191726091067056,,,,,2.475683779564715e-06,,,,,up_in_reference,,
SERPINB2,ENSG00000197632,SERPINB2,SERPINB2,serpin family B member 2,silver,MC100_vs_MC1;MC1_vs_CTR,2,2,2.931826347665435e-06,1.1028547499734092,1.071814513358036,MC100_vs_MC1,1.1028547499734092,2.931826347665435e-06,up_in_tested,1,1,,,1.1028547499734092,-1.0407742767426629,,,,2.931826347665435e-06,2.2413132665008323e-05,,,,up_in_tested,up_in_reference,
ASF1A,ENSG00000111875,ASF1A,ASF1A,anti-silencing function 1A histone chaperone,dimgrey,MA100_vs_CTR;MC100_vs_MC1;MC1_vs_CTR;MD1_vs_CTR,4,4,3.109852147716127e-06,1.395763355329661,1.3066481464346873,MC100_vs_MC1,1.395763355329661,3.109852147716127e-06,up_in_tested,1,3,-1.2470801755374894,,1.395763355329661,-1.370674767343611,-1.2130742875279876,8.832586366781578e-05,,3.109852147716127e-06,9.82752963540146e-06,0.0001021132909533,up_in_reference,,up_in_tested,up_in_reference,up_in_reference
PKDCC,ENSG00000162878,PKDCC,PKDCC,"protein kinase domain containing, cytoplasmic",darkgrey,MD1_vs_CTR,1,1,3.2515694384848995e-06,1.0230235352014434,1.0230235352014434,MD1_vs_CTR,1.0230235352014434,3.2515694384848995e-06,up_in_tested,1,0,,,,,1.0230235352014434,,,,,3.2515694384848995e-06,,,,,up_in_tested
HOXB4,ENSG00000182742,HOXB4,HOXB4,homeobox B4,dimgrey,MA100_vs_CTR;MC100_vs_MC1;MC1_vs_CTR,3,3,3.3779727852021685e-06,1.36824151602834,1.2929002860156185,MC100_vs_MC1,-1.36824151602834,3.3779727852021685e-06,up_in_reference,2,1,1.346127898190583,,-1.36824151602834,1.164331443827932,,1.2592601482174576e-05,,3.3779727852021685e-06,0.000162015178841,,up_in_tested,,up_in_reference,up_in_tested,
SH3BP5L,ENSG00000175137,SH3BP5L,SH3BP5L,SH3 binding domain protein 5 like,darkgrey,MC100_vs_MC1;MC1_vs_CTR,2,2,3.449329243034085e-06,1.8599051347007152,1.4746763205297881,MC100_vs_MC1,-1.8599051347007152,3.449329243034085e-06,up_in_reference,1,1,,,-1.8599051347007152,1.0894475063588611,,,,3.449329243034085e-06,0.0125328666370125,,,,up_in_reference,up_in_tested,
ARPC1A,ENSG00000241685,ARPC1A,ARPC1A,actin related protein 2/3 complex subunit 1A,dimgrey,MC100_vs_MC1;MC1_vs_CTR,2,2,3.821879710310996e-06,1.0679478960073094,1.0508091985503256,MC1_vs_CTR,-1.0679478960073094,4.0238069397687216e-06,up_in_reference,1,1,,,1.0336705010933416,-1.0679478960073094,,,,3.821879710310996e-06,4.0238069397687216e-06,,,,up_in_tested,up_in_reference,
MRS2,ENSG00000124532,MRS2,MRS2,magnesium transporter MRS2,silver,MC100_vs_MC1;MC1_vs_CTR,2,2,4.583791109580906e-06,1.3238735245519868,1.2072187541062502,MC100_vs_MC1,1.3238735245519868,4.583791109580906e-06,up_in_tested,1,1,,,1.3238735245519868,-1.0905639836605137,,,,4.583791109580906e-06,0.000352713756881,,,,up_in_tested,up_in_reference,
NF1,ENSG00000196712,NF1,NF1,neurofibromin 1,gainsboro,MA100_vs_CTR;MC100_vs_MC1;MC1_vs_CTR;MD1_vs_CTR,4,4,4.756434271801864e-06,1.4683346565321571,1.1790140563843297,MC100_vs_MC1,-1.4683346565321571,4.756434271801864e-06,up_in_reference,3,1,1.0741582651981612,,-1.4683346565321571,1.0640652324332311,1.1094980713737688,0.001923016192646,,4.756434271801864e-06,0.0017432028925854,0.0012079302220648,up_in_tested,,up_in_reference,up_in_tested,up_in_tested
RNASEH2B,ENSG00000136104,RNASEH2B,RNASEH2B,ribonuclease H2 subunit B,dimgrey,MA100_vs_CTR;MC1_vs_CTR;MD1_vs_CTR,3,3,5.015320685007758e-06,1.317805856853635,1.1360145887469766,MA100_vs_CTR,-1.317805856853635,5.015320685007758e-06,up_in_reference,0,3,-1.317805856853635,,,-1.0695570783876258,-1.0206808309996684,5.015320685007758e-06,,,0.0001913314694435,0.0004317132210856,up_in_reference,,,up_in_reference,up_in_reference
RACGAP1,ENSG00000161800,RACGAP1,RACGAP1,Rac GTPase activating protein 1,dimgrey,MC100_vs_MC1,1,1,5.156484791121142e-06,1.1138391250806774,1.1138391250806774,MC100_vs_MC1,1.1138391250806774,5.156484791121142e-06,up_in_tested,1,0,,,1.1138391250806774,,,,,5.156484791121142e-06,,,,,up_in_tested,,
POLR2K,ENSG00000147669,POLR2K,POLR2K,"RNA polymerase II, I and III subunit K",dimgrey,MC100_vs_MC1,1,1,5.675544303857791e-06,1.056169430113801,1.056169430113801,MC100_vs_MC1,1.056169430113801,5.675544303857791e-06,up_in_tested,1,0,,,1.056169430113801,,,,,5.675544303857791e-06,,,,,up_in_tested,,
UHRF1,ENSG00000276043,UHRF1,UHRF1,ubiquitin like with PHD and ring finger domains 1,dimgrey,MC100_vs_MC1;MC1_vs_CTR,2,2,6.054034719549686e-06,1.3294769100106645,1.1944658911950818,MC100_vs_MC1,1.3294769100106645,6.054034719549686e-06,up_in_tested,1,1,,,1.3294769100106645,-1.0594548723794992,,,,6.054034719549686e-06,0.0006259010109056,,,,up_in_tested,up_in_reference,
ITPRIPL2,ENSG00000205730,ITPRIPL2,ITPRIPL2,ITPRIP like 2,gainsboro,MA100_vs_CTR,1,1,6.069685984697497e-06,1.1975026641220916,1.1975026641220916,MA100_vs_CTR,1.1975026641220916,6.069685984697497e-06,up_in_tested,1,0,1.1975026641220916,,,,,6.069685984697497e-06,,,,,up_in_tested,,,,
CYTH3,ENSG00000008256,CYTH3,CYTH3,cytohesin 3,darkgrey,MC100_vs_MC1,1,1,6.619811946153696e-06,1.052286617556466,1.052286617556466,MC100_vs_MC1,-1.052286617556466,6.619811946153696e-06,up_in_reference,0,1,,,-1.052286617556466,,,,,6.619811946153696e-06,,,,,up_in_reference,,
SURF6,ENSG00000148296,SURF6,SURF6,surfeit 6,dimgrey,MA100_vs_CTR;MC100_vs_MC1;MC1_vs_CTR,3,3,6.991885019266702e-06,2.348830730674042,1.876064902139447,MA100_vs_CTR,2.348830730674042,6.991885019266702e-06,up_in_tested,2,1,2.348830730674042,,-1.6929047543351723,1.5864592214091264,,6.991885019266702e-06,,0.0010693871075136,0.0031435662112902,,up_in_tested,,up_in_reference,up_in_tested,
ATP5PD,ENSG00000167863,ATP5PD,ATP5PD,ATP synthase peripheral stalk subunit d,dimgrey,MA100_vs_CTR,1,1,7.050544846970307e-06,1.0758746835755324,1.0758746835755324,MA100_vs_CTR,-1.0758746835755324,7.050544846970307e-06,up_in_reference,0,1,-1.0758746835755324,,,,,7.050544846970307e-06,,,,,up_in_reference,,,,
DPY30,ENSG00000162961,DPY30,DPY30,dpy-30 histone methyltransferase complex regulatory subunit,dimgrey,MC100_vs_MC1;MC1_vs_CTR,2,2,7.319681925624786e-06,1.245394168344842,1.1583173822059591,MC100_vs_MC1,1.245394168344842,7.319681925624786e-06,up_in_tested,1,1,,,1.245394168344842,-1.0712405960670763,,,,7.319681925624786e-06,0.0002240942124299,,,,up_in_tested,up_in_reference,
ZNF83,ENSG00000167766,ZNF83,ZNF83,zinc finger protein 83,dimgrey,MA100_vs_CTR;MC100_vs_MC1;MC1_vs_CTR,3,3,8.572988992760983e-06,1.554243831406693,1.3534619829185537,MC100_vs_MC1,1.554243831406693,8.572988992760983e-06,up_in_tested,1,2,-1.2638692408513132,,1.554243831406693,-1.2422728764976547,,0.0008132807780777,,8.572988992760983e-06,0.0007646147095551,,up_in_reference,,up_in_tested,up_in_reference,
KDELR1,ENSG00000105438,KDELR1,KDELR1,KDEL endoplasmic reticulum protein retention receptor 1,darkgrey,MC100_vs_MC1,1,1,1.0074097912566944e-05,1.2196938252870788,1.2196938252870788,MC100_vs_MC1,-1.2196938252870788,1.0074097912566944e-05,up_in_reference,0,1,,,-1.2196938252870788,,,,,1.0074097912566944e-05,,,,,up_in_reference,,
RPS27,ENSG00000177954,RPS27,RPS27,ribosomal protein S27,dimgrey,MC100_vs_MC1,1,1,1.0307305555787737e-05,1.1778304043886636,1.1778304043886636,MC100_vs_MC1,1.1778304043886636,1.0307305555787737e-05,up_in_tested,1,0,,,1.1778304043886636,,,,,1.0307305555787737e-05,,,,,up_in_tested,,
FKBP4,ENSG00000004478,FKBP4,FKBP4,FKBP prolyl isomerase 4,dimgrey,MD1_vs_CTR,1,1,1.0386300053940433e-05,1.192060951722958,1.192060951722958,MD1_vs_CTR,-1.192060951722958,1.0386300053940433e-05,up_in_reference,0,1,,,,,-1.192060951722958,,,,,1.0386300053940433e-05,,,,,up_in_reference
GDF15,ENSG00000130513,GDF15,GDF15,growth differentiation factor 15,dimgrey,MC100_vs_MC1;MC1_vs_CTR;MD1_vs_CTR,3,3,1.0440746648231855e-05,1.3290912125621697,1.131618470230392,MC100_vs_MC1,-1.3290912125621697,1.0440746648231855e-05,up_in_reference,2,1,,,-1.3290912125621697,1.0135204362048946,1.0522437619241118,,,1.0440746648231855e-05,0.0014575301094834,0.0010142103724278,,,up_in_reference,up_in_tested,up_in_tested
LTBP3,ENSG00000168056,LTBP3,LTBP3,latent transforming growth factor beta binding protein 3,darkgrey,MC100_vs_MC1;MC1_vs_CTR,2,2,1.2621014554183086e-05,1.4028005688337486,1.3302789883794888,MC100_vs_MC1,-1.4028005688337486,1.2621014554183086e-05,up_in_reference,1,1,,,-1.4028005688337486,1.257757407925229,,,,1.2621014554183086e-05,0.0001667708868315,,,,up_in_reference,up_in_tested,
SMIM29,ENSG00000186577,SMIM29,SMIM29,small integral membrane protein 29,dimgrey,MC100_vs_MC1,1,1,1.3785437859689517e-05,1.0814728827104705,1.0814728827104705,MC100_vs_MC1,-1.0814728827104705,1.3785437859689517e-05,up_in_reference,0,1,,,-1.0814728827104705,,,,,1.3785437859689517e-05,,,,,up_in_reference,,
OGFR,ENSG00000060491,OGFR,OGFR,opioid growth factor receptor,darkgrey,MC100_vs_MC1,1,1,1.489616854454378e-05,1.1222666730280046,1.1222666730280046,MC100_vs_MC1,-1.1222666730280046,1.489616854454378e-05,up_in_reference,0,1,,,-1.1222666730280046,,,,,1.489616854454378e-05,,,,,up_in_reference,,
SDHB,ENSG00000117118,SDHB,SDHB,succinate dehydrogenase complex iron sulfur subunit B,dimgrey,MC100_vs_MC1;MC1_vs_CTR;MD1_vs_CTR,3,3,1.604798930695012e-05,1.5447843759838675,1.333439548780925,MC100_vs_MC1,1.5447843759838675,1.604798930695012e-05,up_in_tested,1,2,,,1.5447843759838675,-1.3597317702705185,-1.0958025000883884,,,1.604798930695012e-05,0.0002781705540791,0.0044531685506482,,,up_in_tested,up_in_reference,up_in_reference
EXOSC3,ENSG00000107371,EXOSC3,EXOSC3,exosome component 3,dimgrey,MC100_vs_MC1,1,1,1.7342383023160332e-05,1.197843446375664,1.197843446375664,MC100_vs_MC1,1.197843446375664,1.7342383023160332e-05,up_in_tested,1,0,,,1.197843446375664,,,,,1.7342383023160332e-05,,,,,up_in_tested,,
POMT2,ENSG00000009830,POMT2,POMT2,protein O-mannosyltransferase 2,darkgrey,MC100_vs_MC1,1,1,1.7342383023160332e-05,1.0054179960711718,1.0054179960711718,MC100_vs_MC1,-1.0054179960711718,1.7342383023160332e-05,up_in_reference,0,1,,,-1.0054179960711718,,,,,1.7342383023160332e-05,,,,,up_in_reference,,
PLEKHA1,ENSG00000107679,PLEKHA1,PLEKHA1,pleckstrin homology domain containing A1,darkgrey,MC100_vs_MC1;MC1_vs_CTR,2,2,1.7597886653157227e-05,1.0810621035842043,1.0589535607655147,MC100_vs_MC1,-1.0810621035842043,1.7597886653157227e-05,up_in_reference,1,1,,,-1.0810621035842043,1.036845017946825,,,,1.7597886653157227e-05,8.141123993908304e-05,,,,up_in_reference,up_in_tested,
MXD4,ENSG00000123933,MXD4,MXD4,MAX dimerization protein 4,darkgrey,MC1_vs_CTR,1,1,1.789449876752453e-05,1.0099280397800026,1.0099280397800026,MC1_vs_CTR,1.0099280397800026,1.789449876752453e-05,up_in_tested,1,0,,,,1.0099280397800026,,,,,1.789449876752453e-05,,,,,up_in_tested,
GOLGA2,ENSG00000167110,GOLGA2,GOLGA2,golgin A2,dimgrey,MA100_vs_CTR;MC100_vs_MC1;MC1_vs_CTR,3,3,1.8001929541673976e-05,1.3458549660776116,1.1646929602852951,MC100_vs_MC1,-1.3458549660776116,1.8001929541673976e-05,up_in_reference,2,1,1.090523217441823,,-1.3458549660776116,1.0577006973364504,,0.0011590685722955,,1.8001929541673976e-05,0.0013931966177518,,up_in_tested,,up_in_reference,up_in_tested,
EVI5L,ENSG00000142459,EVI5L,EVI5L,ecotropic viral integration site 5 like,darkgrey,MC100_vs_MC1,1,1,1.9042238426703177e-05,1.0502525318800338,1.0502525318800338,MC100_vs_MC1,-1.0502525318800338,1.9042238426703177e-05,up_in_reference,0,1,,,-1.0502525318800338,,,,,1.9042238426703177e-05,,,,,up_in_reference,,
GNL2,ENSG00000134697,GNL2,GNL2,G protein nucleolar 2,gainsboro,MD1_vs_CTR,1,1,1.907244796645831e-05,1.2011319857573477,1.2011319857573477,MD1_vs_CTR,-1.2011319857573477,1.907244796645831e-05,up_in_reference,0,1,,,,,-1.2011319857573477,,,,,1.907244796645831e-05,,,,,up_in_reference
MAP3K3,ENSG00000198909,MAP3K3,MAP3K3,mitogen-activated protein kinase kinase kinase 3,darkgrey,MC100_vs_MC1,1,1,1.9361445809259723e-05,1.170175753842336,1.170175753842336,MC100_vs_MC1,-1.170175753842336,1.9361445809259723e-05,up_in_reference,0,1,,,-1.170175753842336,,,,,1.9361445809259723e-05,,,,,up_in_reference,,
CCDC71,ENSG00000177352,CCDC71,CCDC71,coiled-coil domain containing 71,dimgrey,MC100_vs_MC1;MC1_vs_CTR;MD1_vs_CTR,3,3,1.942167339529916e-05,1.5508025165985946,1.2953745299055743,MC100_vs_MC1,-1.5508025165985946,1.942167339529916e-05,up_in_reference,2,1,,,-1.5508025165985946,1.1845678291546315,1.1507532439634969,,,1.942167339529916e-05,0.0019775737814567,0.0030891026472832,,,up_in_reference,up_in_tested,up_in_tested
SYMPK,ENSG00000125755,SYMPK,SYMPK,symplekin scaffold protein,dimgrey,MC100_vs_MC1,1,1,1.942167339529916e-05,1.4062162834742244,1.4062162834742244,MC100_vs_MC1,-1.4062162834742244,1.942167339529916e-05,up_in_reference,0,1,,,-1.4062162834742244,,,,,1.942167339529916e-05,,,,,up_in_reference,,
INCENP,ENSG00000149503,INCENP,INCENP,inner centromere protein,darkgrey,MC100_vs_MC1;MC1_vs_CTR,2,2,1.942167339529916e-05,1.1037011713631235,1.0675558032464583,MC100_vs_MC1,-1.1037011713631235,1.942167339529916e-05,up_in_reference,1,1,,,-1.1037011713631235,1.0314104351297932,,,,1.942167339529916e-05,0.0001283392280293,,,,up_in_reference,up_in_tested,
APH1A,ENSG00000117362,APH1A,APH1A,aph-1A gamma-secretase subunit,darkgrey,MC100_vs_MC1,1,1,1.9672516724799942e-05,1.389729981345338,1.389729981345338,MC100_vs_MC1,-1.389729981345338,1.9672516724799942e-05,up_in_reference,0,1,,,-1.389729981345338,,,,,1.9672516724799942e-05,,,,,up_in_reference,,
DDX55,ENSG00000111364,DDX55,DDX55,DEAD-box helicase 55,dimgrey,MA100_vs_CTR;MD1_vs_CTR,2,2,2.214676776018579e-05,1.2811357071194935,1.143281684132385,MD1_vs_CTR,-1.2811357071194935,2.214676776018579e-05,up_in_reference,0,2,-1.0054276611452766,,,,-1.2811357071194935,0.0013188363987066,,,,2.214676776018579e-05,up_in_reference,,,,up_in_reference
MRPL20,ENSG00000242485,MRPL20,MRPL20,mitochondrial ribosomal protein L20,dimgrey,MC100_vs_MC1;MC1_vs_CTR,2,2,2.4143257794931424e-05,1.4996129256281627,1.4537202641725266,MC100_vs_MC1,1.4996129256281627,2.4143257794931424e-05,up_in_tested,1,1,,,1.4996129256281627,-1.4078276027168908,,,,2.4143257794931424e-05,0.0001414946003976,,,,up_in_tested,up_in_reference,
ATG3,ENSG00000144848,ATG3,ATG3,autophagy related 3,dimgrey,MC1_vs_CTR,1,1,2.600057080550916e-05,1.058077982492284,1.058077982492284,MC1_vs_CTR,-1.058077982492284,2.600057080550916e-05,up_in_reference,0,1,,,,-1.058077982492284,,,,,2.600057080550916e-05,,,,,up_in_reference,
DPY19L1,ENSG00000173852,DPY19L1,DPY19L1,dpy-19 like C-mannosyltransferase 1,dimgrey,MC1_vs_CTR,1,1,2.600057080550916e-05,1.0129627025659305,1.0129627025659305,MC1_vs_CTR,-1.0129627025659305,2.600057080550916e-05,up_in_reference,0,1,,,,-1.0129627025659305,,,,,2.600057080550916e-05,,,,,up_in_reference,
PARP4,ENSG00000102699,PARP4,PARP4,poly(ADP-ribose) polymerase family member 4,dimgrey,MA100_vs_CTR,1,1,2.7134333926755477e-05,1.203596358739906,1.203596358739906,MA100_vs_CTR,-1.203596358739906,2.7134333926755477e-05,up_in_reference,0,1,-1.203596358739906,,,,,2.7134333926755477e-05,,,,,up_in_reference,,,,
POLR2E,ENSG00000099817,POLR2E,POLR2E,"RNA polymerase II, I and III subunit E",dimgrey,MC100_vs_MC1,1,1,2.762115353495527e-05,1.2147536187847026,1.2147536187847026,MC100_vs_MC1,-1.2147536187847026,2.762115353495527e-05,up_in_reference,0,1,,,-1.2147536187847026,,,,,2.762115353495527e-05,,,,,up_in_reference,,
REEP4,ENSG00000168476,REEP4,REEP4,receptor accessory protein 4,darkgrey,MC100_vs_MC1,1,1,2.9161936371961184e-05,1.06818377536967,1.06818377536967,MC100_vs_MC1,-1.06818377536967,2.9161936371961184e-05,up_in_reference,0,1,,,-1.06818377536967,,,,,2.9161936371961184e-05,,,,,up_in_reference,,
AKT2,ENSG00000105221,AKT2,AKT2,AKT serine/threonine kinase 2,darkgrey,MC100_vs_MC1,1,1,3.2850239159712466e-05,1.040885231280561,1.040885231280561,MC100_vs_MC1,-1.040885231280561,3.2850239159712466e-05,up_in_reference,0,1,,,-1.040885231280561,,,,,3.2850239159712466e-05,,,,,up_in_reference,,
ZNF703,ENSG00000183779,ZNF703,ZNF703,zinc finger protein 703,darkgrey,MC100_vs_MC1,1,1,3.353398236852736e-05,1.341160399288186,1.341160399288186,MC100_vs_MC1,-1.341160399288186,3.353398236852736e-05,up_in_reference,0,1,,,-1.341160399288186,,,,,3.353398236852736e-05,,,,,up_in_reference,,
BCL2L2,ENSG00000129473,BCL2L2,BCL2L2,BCL2 like 2,dimgrey,MC100_vs_MC1,1,1,3.4235053159351046e-05,1.0924517729133665,1.0924517729133665,MC100_vs_MC1,1.0924517729133665,3.4235053159351046e-05,up_in_tested,1,0,,,1.0924517729133665,,,,,3.4235053159351046e-05,,,,,up_in_tested,,
IGFBP2,ENSG00000115457,IGFBP2,IGFBP2,insulin like growth factor binding protein 2,darkgrey,MC100_vs_MC1;MC1_vs_CTR;MD1_vs_CTR,3,3,3.585998443726503e-05,2.045065736652094,1.4869216071948974,MC100_vs_MC1,-2.045065736652094,3.585998443726503e-05,up_in_reference,2,1,,,-2.045065736652094,1.2446868293403468,1.1710122555922509,,,3.585998443726503e-05,0.0193689885260109,0.0323666339865562,,,up_in_reference,up_in_tested,up_in_tested
SBF1,ENSG00000100241,SBF1,SBF1,SET binding factor 1,darkgrey,MC100_vs_MC1,1,1,3.585998443726503e-05,1.3579197916106451,1.3579197916106451,MC100_vs_MC1,-1.3579197916106451,3.585998443726503e-05,up_in_reference,0,1,,,-1.3579197916106451,,,,,3.585998443726503e-05,,,,,up_in_reference,,
MFGE8,ENSG00000140545,MFGE8,MFGE8,milk fat globule EGF and factor V/VIII domain containing,darkgrey,MC100_vs_MC1,1,1,4.177403487450855e-05,1.2425146950312944,1.2425146950312944,MC100_vs_MC1,-1.2425146950312944,4.177403487450855e-05,up_in_reference,0,1,,,-1.2425146950312944,,,,,4.177403487450855e-05,,,,,up_in_reference,,
RPL35,ENSG00000136942,RPL35,RPL35,ribosomal protein L35,dimgrey,MA100_vs_CTR;MC100_vs_MC1,2,2,4.177403487450855e-05,1.237248361206489,1.1294985632811736,MC100_vs_MC1,1.237248361206489,4.177403487450855e-05,up_in_tested,1,1,-1.0217487653558583,,1.237248361206489,,,0.0016024657420206,,4.177403487450855e-05,,,up_in_reference,,up_in_tested,,
PIP5K1A,ENSG00000143398,PIP5K1A,PIP5K1A,phosphatidylinositol-4-phosphate 5-kinase type 1 alpha,darkgrey,MA100_vs_CTR;MD1_vs_CTR,2,2,4.207556609719116e-05,1.0360177014327727,1.0310497663649152,MD1_vs_CTR,1.0360177014327727,4.207556609719116e-05,up_in_tested,2,0,1.0260818312970577,,,,1.0360177014327727,6.717507492798825e-05,,,,4.207556609719116e-05,up_in_tested,,,,up_in_tested
PLK1,ENSG00000166851,PLK1,PLK1,polo like kinase 1,dimgrey,MC100_vs_MC1;MC1_vs_CTR;MD1_vs_CTR,3,3,4.267513284436385e-05,1.637961274955519,1.466612744677002,MC100_vs_MC1,1.637961274955519,4.267513284436385e-05,up_in_tested,1,2,,,1.637961274955519,-1.2839957881734,-1.477881170902087,,,4.267513284436385e-05,0.0024631885261235,0.0004828680822995,,,up_in_tested,up_in_reference,up_in_reference
FERMT1,ENSG00000101311,FERMT1,FERMT1,FERM domain containing kindlin 1,darkgrey,MC100_vs_MC1,1,1,4.3964715465441715e-05,1.096882665842333,1.096882665842333,MC100_vs_MC1,-1.096882665842333,4.3964715465441715e-05,up_in_reference,0,1,,,-1.096882665842333,,,,,4.3964715465441715e-05,,,,,up_in_reference,,
NUS1,ENSG00000153989,NUS1,NUS1,NUS1 dehydrodolichyl diphosphate synthase subunit,dimgrey,MC100_vs_MC1;MC1_vs_CTR,2,2,4.6669133405384094e-05,1.0330105720848608,1.0287636407466092,MC1_vs_CTR,-1.0330105720848608,8.141123993908304e-05,up_in_reference,1,1,,,1.0245167094083576,-1.0330105720848608,,,,4.6669133405384094e-05,8.141123993908304e-05,,,,up_in_tested,up_in_reference,
ZNF512B,ENSG00000196700,ZNF512B,ZNF512B,zinc finger protein 512B,darkgrey,MA100_vs_CTR;MC1_vs_CTR;MD1_vs_CTR,3,3,4.786561070854636e-05,1.6794474528501442,1.5563115445524582,MA100_vs_CTR,1.6794474528501442,4.786561070854636e-05,up_in_tested,3,0,1.6794474528501442,,,1.401710564460285,1.5877766163469456,4.786561070854636e-05,,,0.0006967288774817,9.720391381982226e-05,up_in_tested,,,up_in_tested,up_in_tested
PIM1,ENSG00000137193,PIM1,PIM1,"Pim-1 proto-oncogene, serine/threonine kinase",darkgrey,MA100_vs_CTR;MC1_vs_CTR;MD1_vs_CTR,3,3,4.786561070854636e-05,1.4287501445672373,1.2635592952576211,MA100_vs_CTR,1.4287501445672373,4.786561070854636e-05,up_in_tested,3,0,1.4287501445672373,,,1.1748696373845666,1.1870581038210597,4.786561070854636e-05,,,0.0008704727226626,0.0008382941733939,up_in_tested,,,up_in_tested,up_in_tested
JDP2,ENSG00000140044,JDP2,JDP2,Jun dimerization protein 2,darkgrey,MC100_vs_MC1,1,1,5.2175893016495794e-05,1.1154351046598463,1.1154351046598463,MC100_vs_MC1,-1.1154351046598463,5.2175893016495794e-05,up_in_reference,0,1,,,-1.1154351046598463,,,,,5.2175893016495794e-05,,,,,up_in_reference,,
SRP19,ENSG00000153037,SRP19,SRP19,signal recognition particle 19,dimgrey,MC100_vs_MC1,1,1,5.570151638109681e-05,1.0368458763430906,1.0368458763430906,MC100_vs_MC1,1.0368458763430906,5.570151638109681e-05,up_in_tested,1,0,,,1.0368458763430906,,,,,5.570151638109681e-05,,,,,up_in_tested,,
RPL3,ENSG00000100316,RPL3,RPL3,ribosomal protein L3,dimgrey,MC100_vs_MC1,1,1,5.743286239903371e-05,1.1753038353673353,1.1753038353673353,MC100_vs_MC1,1.1753038353673353,5.743286239903371e-05,up_in_tested,1,0,,,1.1753038353673353,,,,,5.743286239903371e-05,,,,,up_in_tested,,
ZBTB8OS,ENSG00000176261,ZBTB8OS,ZBTB8OS,zinc finger and BTB domain containing 8 opposite strand,dimgrey,MA100_vs_CTR,1,1,6.399436347019181e-05,1.0280657014463914,1.0280657014463914,MA100_vs_CTR,-1.0280657014463914,6.399436347019181e-05,up_in_reference,0,1,-1.0280657014463914,,,,,6.399436347019181e-05,,,,,up_in_reference,,,,
TIMM8B,ENSG00000150779,TIMM8B,TIMM8B,translocase of inner mitochondrial membrane 8 homolog B,dimgrey,MA100_vs_CTR;MC100_vs_MC1;MC1_vs_CTR;MD1_vs_CTR,4,4,6.41627565861818e-05,1.3707020250505326,1.2892741659384725,MA100_vs_CTR,-1.3707020250505326,6.41627565861818e-05,up_in_reference,1,3,-1.3707020250505326,,1.2698623099717303,-1.2924558559046488,-1.2240764728269784,6.41627565861818e-05,,0.0001093084874391,0.0001378271693713,0.0003460222934657,up_in_reference,,up_in_tested,up_in_reference,up_in_reference
TMEM63B,ENSG00000137216,TMEM63B,TMEM63B,transmembrane protein 63B,darkgrey,MA100_vs_CTR;MD1_vs_CTR,2,2,6.509494047787297e-05,1.1905614360230283,1.0958256580958032,MD1_vs_CTR,1.1905614360230283,6.509494047787297e-05,up_in_tested,2,0,1.001089880168578,,,,1.1905614360230283,0.0012024437224582,,,,6.509494047787297e-05,up_in_tested,,,,up_in_tested
TMEM120B,ENSG00000188735,TMEM120B,TMEM120B,transmembrane protein 120B,darkgrey,MD1_vs_CTR,1,1,6.883492720068462e-05,1.1500793920654493,1.1500793920654493,MD1_vs_CTR,1.1500793920654493,6.883492720068462e-05,up_in_tested,1,0,,,,,1.1500793920654493,,,,,6.883492720068462e-05,,,,,up_in_tested
MXRA5,ENSG00000101825,MXRA5,MXRA5,matrix remodeling associated 5,darkgrey,MC1_vs_CTR;MD1_vs_CTR,2,2,6.883492720068462e-05,1.0616801514783467,1.0538542542434681,MD1_vs_CTR,1.0616801514783467,6.883492720068462e-05,up_in_tested,2,0,,,,1.0460283570085895,1.0616801514783467,,,,9.822566749751862e-05,6.883492720068462e-05,,,,up_in_tested,up_in_tested
PXN,ENSG00000089159,PXN,PXN,paxillin,dimgrey,MC100_vs_MC1,1,1,7.698533149004102e-05,1.1465853504532126,1.1465853504532126,MC100_vs_MC1,1.1465853504532126,7.698533149004102e-05,up_in_tested,1,0,,,1.1465853504532126,,,,,7.698533149004102e-05,,,,,up_in_tested,,
MORN2,ENSG00000188010,MORN2,MORN2,MORN repeat containing 2,dimgrey,MA100_vs_CTR;MC1_vs_CTR,2,2,7.968940793806496e-05,1.186902741370636,1.1424310218837261,MA100_vs_CTR,-1.186902741370636,7.968940793806496e-05,up_in_reference,0,2,-1.186902741370636,,,-1.0979593023968162,,7.968940793806496e-05,,,0.0002128669785558,,up_in_reference,,,up_in_reference,
MT-ND2,ENSG00000198763,MT-ND2,MT-ND2,NADH dehydrogenase subunit 2,gainsboro,MA100_vs_CTR;MC1_vs_CTR;MD1_vs_CTR,3,3,8.22036502613519e-05,1.3581549480566395,1.1927492066612364,MD1_vs_CTR,-1.3581549480566395,8.22036502613519e-05,up_in_reference,0,3,-1.0746597561255489,,,-1.1454329158015204,-1.3581549480566395,0.0027450369856652,,,0.0010961769685129,8.22036502613519e-05,up_in_reference,,,up_in_reference,up_in_reference
NUDCD1,ENSG00000120526,NUDCD1,NUDCD1,NudC domain containing 1,dimgrey,MC1_vs_CTR,1,1,8.522052234350404e-05,1.144563715837264,1.144563715837264,MC1_vs_CTR,-1.144563715837264,8.522052234350404e-05,up_in_reference,0,1,,,,-1.144563715837264,,,,,8.522052234350404e-05,,,,,up_in_reference,
UQCRC2,ENSG00000140740,UQCRC2,UQCRC2,ubiquinol-cytochrome c reductase core protein 2,dimgrey,MC100_vs_MC1;MC1_vs_CTR,2,2,8.644466885129179e-05,1.7308178635648597,1.6450686479292518,MC100_vs_MC1,1.7308178635648597,8.644466885129179e-05,up_in_tested,1,1,,,1.7308178635648597,-1.559319432293644,,,,8.644466885129179e-05,0.0007174153370855,,,,up_in_tested,up_in_reference,
CALR,ENSG00000179218,CALR,CALR,calreticulin,gainsboro,MA100_vs_CTR;MC100_vs_MC1;MC1_vs_CTR,3,3,8.726623716301376e-05,1.2449067402624716,1.1907455678091061,MA100_vs_CTR,1.2449067402624716,8.726623716301376e-05,up_in_tested,2,1,1.2449067402624716,,-1.1584609258627931,1.1688690373020538,,8.726623716301376e-05,,0.0001443463043569,0.0001971370396611,,up_in_tested,,up_in_reference,up_in_tested,
PER1,ENSG00000179094,PER1,PER1,period circadian regulator 1,darkgrey,MC1_vs_CTR,1,1,8.7399110241979e-05,1.5280780194325017,1.5280780194325017,MC1_vs_CTR,1.5280780194325017,8.7399110241979e-05,up_in_tested,1,0,,,,1.5280780194325017,,,,,8.7399110241979e-05,,,,,up_in_tested,
MRFAP1L1,ENSG00000178988,MRFAP1L1,MRFAP1L1,Morf4 family associated protein 1 like 1,darkgrey,MA100_vs_MA1;MC100_vs_MC1,2,2,8.773522679484947e-05,1.4810852148861864,1.3689372096303218,MC100_vs_MC1,-1.4810852148861864,8.773522679484947e-05,up_in_reference,1,1,,1.2567892043744575,-1.4810852148861864,,,,0.0088545441943049,8.773522679484947e-05,,,,up_in_tested,up_in_reference,,
NDUFB10,ENSG00000140990,NDUFB10,NDUFB10,NADH:ubiquinone oxidoreductase subunit B10,dimgrey,MC100_vs_MC1;MC1_vs_CTR,2,2,9.260739765627904e-05,1.3858060650399795,1.2635031380131356,MC100_vs_MC1,1.3858060650399795,9.260739765627904e-05,up_in_tested,1,1,,,1.3858060650399795,-1.1412002109862915,,,,9.260739765627904e-05,0.0021760496984948,,,,up_in_tested,up_in_reference,
CAPG,ENSG00000042493,CAPG,CAPG,"capping actin protein, gelsolin like",darkgrey,MC100_vs_MC1,1,1,9.49204013521396e-05,1.027036276592134,1.027036276592134,MC100_vs_MC1,-1.027036276592134,9.49204013521396e-05,up_in_reference,0,1,,,-1.027036276592134,,,,,9.49204013521396e-05,,,,,up_in_reference,,
ATP1A1,ENSG00000163399,ATP1A1,ATP1A1,ATPase Na+/K+ transporting subunit alpha 1,darkgrey,MC100_vs_MC1,1,1,9.525571730606162e-05,1.48302428265592,1.48302428265592,MC100_vs_MC1,-1.48302428265592,9.525571730606162e-05,up_in_reference,0,1,,,-1.48302428265592,,,,,9.525571730606162e-05,,,,,up_in_reference,,
TBC1D10B,ENSG00000169221,TBC1D10B,TBC1D10B,TBC1 domain family member 10B,dimgrey,MC100_vs_MC1;MC1_vs_CTR,2,2,9.632776661981142e-05,1.349282213348948,1.224230851258818,MC100_vs_MC1,1.349282213348948,9.632776661981142e-05,up_in_tested,1,1,,,1.349282213348948,-1.099179489168688,,,,9.632776661981142e-05,0.002660408481728,,,,up_in_tested,up_in_reference,
PSMD3,ENSG00000108344,PSMD3,PSMD3,"proteasome 26S subunit, non-ATPase 3",dimgrey,MC100_vs_MC1,1,1,9.648379037482176e-05,1.4254181074773398,1.4254181074773398,MC100_vs_MC1,-1.4254181074773398,9.648379037482176e-05,up_in_reference,0,1,,,-1.4254181074773398,,,,,9.648379037482176e-05,,,,,up_in_reference,,
MKKS,ENSG00000125863,MKKS,MKKS,MKKS centrosomal shuttling protein,dimgrey,MA100_vs_CTR;MC100_vs_MC1;MC1_vs_CTR;MD1_vs_CTR,4,4,9.70339051452846e-05,1.910250448190282,1.5755201661174454,MD1_vs_CTR,-1.910250448190282,9.70339051452846e-05,up_in_reference,1,3,-1.088739635650189,,1.6497694278382684,-1.6533211527910423,-1.910250448190282,0.0378125362368774,,0.0005574558881523,0.0008012611958606,9.70339051452846e-05,up_in_reference,,up_in_tested,up_in_reference,up_in_reference
HSP90AA1,ENSG00000080824,HSP90AA1,HSP90AA1,heat shock protein 90 alpha family class A member 1,gainsboro,MD1_vs_CTR,1,1,0.0001021132909533,1.0358912823708464,1.0358912823708464,MD1_vs_CTR,-1.0358912823708464,0.0001021132909533,up_in_reference,0,1,,,,,-1.0358912823708464,,,,,0.0001021132909533,,,,,up_in_reference
ADAM15,ENSG00000143537,ADAM15,ADAM15,ADAM metallopeptidase domain 15,dimgrey,MC100_vs_MC1,1,1,0.0001068173434602,1.6806270849317722,1.6806270849317722,MC100_vs_MC1,-1.6806270849317722,0.0001068173434602,up_in_reference,0,1,,,-1.6806270849317722,,,,,0.0001068173434602,,,,,up_in_reference,,
HSPA8,ENSG00000109971,HSPA8,HSPA8,heat shock protein family A (Hsp70) member 8,dimgrey,MA100_vs_CTR;MC100_vs_MC1,2,2,0.0001087865147547,1.1408357587170703,1.0732799903837584,MC100_vs_MC1,1.1408357587170703,0.0001087865147547,up_in_tested,1,1,-1.0057242220504468,,1.1408357587170703,,,0.0013188363987066,,0.0001087865147547,,,up_in_reference,,up_in_tested,,
PRMT2,ENSG00000160310,PRMT2,PRMT2,protein arginine methyltransferase 2,dimgrey,MC100_vs_MC1,1,1,0.0001128860167662,1.056813300693941,1.056813300693941,MC100_vs_MC1,-1.056813300693941,0.0001128860167662,up_in_reference,0,1,,,-1.056813300693941,,,,,0.0001128860167662,,,,,up_in_reference,,
NAA16,ENSG00000172766,NAA16,NAA16,"N-alpha-acetyltransferase 16, NatA auxiliary subunit",dimgrey,MC1_vs_CTR,1,1,0.000115231648531,1.1541759631324529,1.1541759631324529,MC1_vs_CTR,-1.1541759631324529,0.000115231648531,up_in_reference,0,1,,,,-1.1541759631324529,,,,,0.000115231648531,,,,,up_in_reference,
DNAJB5,ENSG00000137094,DNAJB5,DNAJB5,DnaJ heat shock protein family (Hsp40) member B5,darkgrey,MC100_vs_MC1,1,1,0.0001191756606539,1.212331211912291,1.212331211912291,MC100_vs_MC1,-1.212331211912291,0.0001191756606539,up_in_reference,0,1,,,-1.212331211912291,,,,,0.0001191756606539,,,,,up_in_reference,,
NDUFB9,ENSG00000147684,NDUFB9,NDUFB9,NADH:ubiquinone oxidoreductase subunit B9,dimgrey,MA100_vs_CTR;MC100_vs_MC1;MC1_vs_CTR,3,3,0.0001202754499346,1.2557642302463594,1.2177584868623412,MA100_vs_CTR,-1.2557642302463594,0.00012774441996,up_in_reference,1,2,-1.2557642302463594,,1.1976928317779327,-1.1998183985627315,,0.00012774441996,,0.0001202754499346,0.0001937158710997,,up_in_reference,,up_in_tested,up_in_reference,
THG1L,ENSG00000113272,THG1L,THG1L,tRNA-histidine guanylyltransferase 1 like,darkgrey,MC100_vs_MC1;MC1_vs_CTR,2,2,0.0001202754499346,1.206731930518214,1.166766489959631,MC100_vs_MC1,-1.206731930518214,0.0001202754499346,up_in_reference,1,1,,,-1.206731930518214,1.126801049401048,,,,0.0001202754499346,0.000557577495562,,,,up_in_reference,up_in_tested,
PI4KA,ENSG00000241973,PI4KA,PI4KA,phosphatidylinositol 4-kinase alpha,dimgrey,MC100_vs_MC1,1,1,0.0001202754499346,1.078378660825814,1.078378660825814,MC100_vs_MC1,1.078378660825814,0.0001202754499346,up_in_tested,1,0,,,1.078378660825814,,,,,0.0001202754499346,,,,,up_in_tested,,
SREK1IP1,ENSG00000153006,SREK1IP1,SREK1IP1,SREK1 interacting protein 1,dimgrey,MA100_vs_CTR;MC100_vs_MC1;MC1_vs_CTR;MD1_vs_CTR,4,4,0.0001251172905771,1.320634952564288,1.154338876303792,MD1_vs_CTR,-1.320634952564288,0.0001251172905771,up_in_reference,1,3,-1.037989773868351,,1.0410497923980373,-1.217680986384492,-1.320634952564288,0.0037123430070803,,0.0024599446256851,0.0004525052755437,0.0001251172905771,up_in_reference,,up_in_tested,up_in_reference,up_in_reference
RPL31,ENSG00000071082,RPL31,RPL31,ribosomal protein L31,dimgrey,MA100_vs_CTR;MC1_vs_CTR,2,2,0.0001290327382196,1.0135951934506235,1.0107578733838405,MA100_vs_CTR,-1.0135951934506235,0.0001499210083794,up_in_reference,0,2,-1.0135951934506235,,,-1.0079205533170574,,0.0001499210083794,,,0.0001290327382196,,up_in_reference,,,up_in_reference,
AKT1S1,ENSG00000204673,AKT1S1,AKT1S1,AKT1 substrate 1,darkgrey,MA100_vs_MA1;MC100_vs_MC1,2,2,0.0001315802198968,1.1357899876627957,1.1095409135996255,MC100_vs_MC1,-1.1357899876627957,0.0001315802198968,up_in_reference,1,1,,1.0832918395364552,-1.1357899876627957,,,,0.004592410830333,0.0001315802198968,,,,up_in_tested,up_in_reference,,
ATG16L2,ENSG00000168010,ATG16L2,ATG16L2,autophagy related 16 like 2,darkgrey,MA100_vs_CTR;MD1_vs_CTR,2,2,0.000132233422155,1.2430359749784845,1.1588238898242826,MD1_vs_CTR,1.2430359749784845,0.000132233422155,up_in_tested,2,0,1.0746118046700808,,,,1.2430359749784845,0.0014591075408292,,,,0.000132233422155,up_in_tested,,,,up_in_tested
CANX,ENSG00000127022,CANX,CANX,calnexin,dimgrey,MC1_vs_CTR,1,1,0.0001452892184566,1.0154135490400924,1.0154135490400924,MC1_vs_CTR,1.0154135490400924,0.0001452892184566,up_in_tested,1,0,,,,1.0154135490400924,,,,,0.0001452892184566,,,,,up_in_tested,
MAF1,ENSG00000179632,MAF1,MAF1,MAF1 negative regulator of RNA polymerase III,dimgrey,MC100_vs_MC1,1,1,0.0001478157487212,1.194731338993517,1.194731338993517,MC100_vs_MC1,-1.194731338993517,0.0001478157487212,up_in_reference,0,1,,,-1.194731338993517,,,,,0.0001478157487212,,,,,up_in_reference,,
CLCN5,ENSG00000171365,CLCN5,CLCN5,Cl-/H+ antiporter 5,darkgrey,MC100_vs_MC1,1,1,0.000148139971342,1.214127411527644,1.214127411527644,MC100_vs_MC1,-1.214127411527644,0.000148139971342,up_in_reference,0,1,,,-1.214127411527644,,,,,0.000148139971342,,,,,up_in_reference,,
PPA1,ENSG00000180817,PPA1,PPA1,inorganic pyrophosphatase 1,dimgrey,MC100_vs_MC1;MC1_vs_CTR,2,2,0.0001525499158073,1.1093918046507552,1.0822103599065716,MC100_vs_MC1,1.1093918046507552,0.0001525499158073,up_in_tested,1,1,,,1.1093918046507552,-1.055028915162388,,,,0.0001525499158073,0.000518766373914,,,,up_in_tested,up_in_reference,
SPRED2,ENSG00000198369,SPRED2,SPRED2,sprouty related EVH1 domain containing 2,silver,MC1_vs_CTR,1,1,0.0001530930913424,1.1228104909135603,1.1228104909135603,MC1_vs_CTR,-1.1228104909135603,0.0001530930913424,up_in_reference,0,1,,,,-1.1228104909135603,,,,,0.0001530930913424,,,,,up_in_reference,
TAGLN2,ENSG00000158710,TAGLN2,TAGLN2,transgelin 2,darkgrey,MC100_vs_MC1,1,1,0.0001552646267577,1.3669184818219968,1.3669184818219968,MC100_vs_MC1,-1.3669184818219968,0.0001552646267577,up_in_reference,0,1,,,-1.3669184818219968,,,,,0.0001552646267577,,,,,up_in_reference,,
PSMC1,ENSG00000100764,PSMC1,PSMC1,"proteasome 26S subunit, ATPase 1",gainsboro,MA100_vs_CTR;MC100_vs_MC1;MC1_vs_CTR,3,3,0.0001555475669224,1.6096496794975426,1.3108172118699821,MC100_vs_MC1,-1.6096496794975426,0.0001555475669224,up_in_reference,2,1,1.158717321711774,,-1.6096496794975426,1.1640846344006297,,0.0121762260615412,,0.0001555475669224,0.0105050165574827,,up_in_tested,,up_in_reference,up_in_tested,
CCM2,ENSG00000136280,CCM2,CCM2,CCM2 scaffold protein,darkgrey,MC100_vs_MC1,1,1,0.000169603735952,1.0339250074818926,1.0339250074818926,MC100_vs_MC1,-1.0339250074818926,0.000169603735952,up_in_reference,0,1,,,-1.0339250074818926,,,,,0.000169603735952,,,,,up_in_reference,,
ZNF428,ENSG00000131116,ZNF428,ZNF428,zinc finger protein 428,dimgrey,MC100_vs_MC1,1,1,0.0001708526388971,1.5990353603214045,1.5990353603214045,MC100_vs_MC1,-1.5990353603214045,0.0001708526388971,up_in_reference,0,1,,,-1.5990353603214045,,,,,0.0001708526388971,,,,,up_in_reference,,
MEA1,ENSG00000124733,MEA1,MEA1,male-enhanced antigen 1,dimgrey,MC100_vs_MC1;MC1_vs_CTR;MD1_vs_CTR,3,3,0.0001736561908218,1.617259492867243,1.2888568174558157,MC100_vs_MC1,1.617259492867243,0.0001736561908218,up_in_tested,1,2,,,1.617259492867243,-1.0754833541517963,-1.1738276053484076,,,0.0001736561908218,0.0216228018564008,0.0129915257998678,,,up_in_tested,up_in_reference,up_in_reference
PRDX2,ENSG00000167815,PRDX2,PRDX2,peroxiredoxin 2,dimgrey,MC100_vs_MC1,1,1,0.0001775051002833,1.8973172618013672,1.8973172618013672,MC100_vs_MC1,1.8973172618013672,0.0001775051002833,up_in_tested,1,0,,,1.8973172618013672,,,,,0.0001775051002833,,,,,up_in_tested,,
TWF2,ENSG00000247596,TWF2,TWF2,twinfilin actin binding protein 2,dimgrey,MC100_vs_MC1,1,1,0.000181859525409,1.4430557610517885,1.4430557610517885,MC100_vs_MC1,-1.4430557610517885,0.000181859525409,up_in_reference,0,1,,,-1.4430557610517885,,,,,0.000181859525409,,,,,up_in_reference,,
ATXN2L,ENSG00000168488,ATXN2L,ATXN2L,ataxin 2 like,darkgrey,MA100_vs_CTR;MC100_vs_MC1;MC1_vs_CTR;MD1_vs_CTR,4,4,0.0001834566322948,2.385689496691061,1.8167645108786217,MC100_vs_MC1,-2.385689496691061,0.0001834566322948,up_in_reference,3,1,1.7037190521749044,,-2.385689496691061,1.590644660072817,1.5870048345757044,0.0136569013551705,,0.0001834566322948,0.0203904690542049,0.0229375671401177,up_in_tested,,up_in_reference,up_in_tested,up_in_tested
ACAN,ENSG00000157766,ACAN,ACAN,aggrecan,dimgrey,MA100_vs_CTR;MC100_vs_MC1;MC1_vs_CTR;MD1_vs_CTR,4,4,0.0001927298318417,1.7562315122544383,1.480694645836545,MC1_vs_CTR,1.7562315122544383,0.0001927298318417,up_in_tested,3,1,1.5857537121323129,,-1.258838039397396,1.7562315122544383,1.3219553195620335,0.0011001983582555,,0.0075274920530956,0.0001927298318417,0.0074806410782053,up_in_tested,,up_in_reference,up_in_tested,up_in_tested
LRP8,ENSG00000157193,LRP8,LRP8,LDL receptor related protein 8,dimgrey,MA100_vs_CTR;MC1_vs_CTR,2,2,0.0001930713982363,1.1960123638931632,1.1200860350669402,MA100_vs_CTR,1.1960123638931632,0.0001930713982363,up_in_tested,2,0,1.1960123638931632,,,1.044159706240717,,0.0001930713982363,,,0.0010658562038075,,up_in_tested,,,up_in_tested,
ZNF608,ENSG00000168916,ZNF608,ZNF608,zinc finger protein 608,darkgrey,MA100_vs_CTR;MC1_vs_CTR,2,2,0.0002021033027782,1.1863258668802774,1.1488239993695502,MA100_vs_CTR,1.1863258668802774,0.0002021033027782,up_in_tested,2,0,1.1863258668802774,,,1.111322131858823,,0.0002021033027782,,,0.0004257979162535,,up_in_tested,,,up_in_tested,
BCL3,ENSG00000069399,BCL3,BCL3,BCL3 transcription coactivator,dimgrey,MC100_vs_MC1,1,1,0.0002138405195563,1.0397988897493566,1.0397988897493566,MC100_vs_MC1,-1.0397988897493566,0.0002138405195563,up_in_reference,0,1,,,-1.0397988897493566,,,,,0.0002138405195563,,,,,up_in_reference,,
SLC39A3,ENSG00000141873,SLC39A3,SLC39A3,solute carrier family 39 member 3,darkgrey,MC100_vs_MC1,1,1,0.000216354129512,1.0320432075846904,1.0320432075846904,MC100_vs_MC1,-1.0320432075846904,0.000216354129512,up_in_reference,0,1,,,-1.0320432075846904,,,,,0.000216354129512,,,,,up_in_reference,,
FOS,ENSG00000170345,FOS,FOS,"Fos proto-oncogene, AP-1 transcription factor subunit",darkgrey,MA100_vs_MA1,1,1,0.0002180232343707,1.5326926333613426,1.5326926333613426,MA100_vs_MA1,1.5326926333613426,0.0002180232343707,up_in_tested,1,0,,1.5326926333613426,,,,,0.0002180232343707,,,,,up_in_tested,,,
CLASRP,ENSG00000104859,CLASRP,CLASRP,CLK4 associating serine/arginine rich protein,darkgrey,MC100_vs_MC1,1,1,0.0002202781407624,1.2843656646113268,1.2843656646113268,MC100_vs_MC1,-1.2843656646113268,0.0002202781407624,up_in_reference,0,1,,,-1.2843656646113268,,,,,0.0002202781407624,,,,,up_in_reference,,
ZNF592,ENSG00000166716,ZNF592,ZNF592,zinc finger protein 592,darkgrey,MD1_vs_CTR,1,1,0.0002277936653575,1.065101440291588,1.065101440291588,MD1_vs_CTR,1.065101440291588,0.0002277936653575,up_in_tested,1,0,,,,,1.065101440291588,,,,,0.0002277936653575,,,,,up_in_tested
RPS3,ENSG00000149273,RPS3,RPS3,ribosomal protein S3,dimgrey,MC100_vs_MC1,1,1,0.0002329696625235,1.0407330185912833,1.0407330185912833,MC100_vs_MC1,-1.0407330185912833,0.0002329696625235,up_in_reference,0,1,,,-1.0407330185912833,,,,,0.0002329696625235,,,,,up_in_reference,,
SH3BGRL3,ENSG00000142669,SH3BGRL3,SH3BGRL3,SH3 domain binding glutamate rich protein like 3,dimgrey,MA100_vs_CTR;MC100_vs_MC1;MC1_vs_CTR;MD1_vs_CTR,4,4,0.0002330216154598,1.5432611496527775,1.4136572202256148,MC100_vs_MC1,1.5432611496527775,0.0002330216154598,up_in_tested,1,3,-1.296710075145039,,1.5432611496527775,-1.4071923500970758,-1.4074653060075664,0.0036866094337079,,0.0002330216154598,0.0012636151000546,0.0014107942592863,up_in_reference,,up_in_tested,up_in_reference,up_in_reference
RWDD2A,ENSG00000013392,RWDD2A,RWDD2A,RWD domain containing 2A,silver,MC100_vs_MC1,1,1,0.0002407752150434,2.156795249877438,2.156795249877438,MC100_vs_MC1,2.156795249877438,0.0002407752150434,up_in_tested,1,0,,,2.156795249877438,,,,,0.0002407752150434,,,,,up_in_tested,,
ATP5MGL,ENSG00000249222,ATP5MGL,ATP5MGL,ATP synthase membrane subunit g like,dimgrey,MC100_vs_MC1,1,1,0.0002523364751425,1.1149341773774968,1.1149341773774968,MC100_vs_MC1,-1.1149341773774968,0.0002523364751425,up_in_reference,0,1,,,-1.1149341773774968,,,,,0.0002523364751425,,,,,up_in_reference,,
TSSC4,ENSG00000184281,TSSC4,TSSC4,tumor suppressing subtransferable candidate 4,darkgrey,MC100_vs_MC1,1,1,0.0002589079768239,1.1134792829576448,1.1134792829576448,MC100_vs_MC1,-1.1134792829576448,0.0002589079768239,up_in_reference,0,1,,,-1.1134792829576448,,,,,0.0002589079768239,,,,,up_in_reference,,
SEMA6D,ENSG00000137872,SEMA6D,SEMA6D,semaphorin 6D,dimgrey,MC1_vs_CTR,1,1,0.0002772777333859,1.169343527950049,1.169343527950049,MC1_vs_CTR,-1.169343527950049,0.0002772777333859,up_in_reference,0,1,,,,-1.169343527950049,,,,,0.0002772777333859,,,,,up_in_reference,
GIT1,ENSG00000108262,GIT1,GIT1,GIT ArfGAP 1,dimgrey,MC100_vs_MC1,1,1,0.0002790637626685,1.3093971037718102,1.3093971037718102,MC100_vs_MC1,-1.3093971037718102,0.0002790637626685,up_in_reference,0,1,,,-1.3093971037718102,,,,,0.0002790637626685,,,,,up_in_reference,,
TPCN2,ENSG00000162341,TPCN2,TPCN2,two pore segment channel 2,darkgrey,MC100_vs_MC1;MC1_vs_CTR,2,2,0.0002899474852937,1.2948172589479765,1.179308357710757,MC100_vs_MC1,-1.2948172589479765,0.0002899474852937,up_in_reference,1,1,,,-1.2948172589479765,1.0637994564735376,,,,0.0002899474852937,0.0045458249899316,,,,up_in_reference,up_in_tested,
GARRE1,ENSG00000166398,GARRE1,GARRE1,granule associated Rac and RHOG effector 1,darkgrey,MA100_vs_CTR;MC100_vs_MC1;MC1_vs_CTR,3,3,0.0002908030215206,1.9593508682437135,1.5944945392195358,MC1_vs_CTR,1.9593508682437135,0.0002908030215206,up_in_tested,2,1,1.795129197447578,,-1.0290035519673155,1.9593508682437135,,0.0012581730827905,,0.0720244030256227,0.0002908030215206,,up_in_tested,,up_in_reference,up_in_tested,
SLC7A5,ENSG00000103257,SLC7A5,SLC7A5,solute carrier family 7 member 5,dimgrey,MC100_vs_MC1,1,1,0.0002971182492628,1.031998044249319,1.031998044249319,MC100_vs_MC1,-1.031998044249319,0.0002971182492628,up_in_reference,0,1,,,-1.031998044249319,,,,,0.0002971182492628,,,,,up_in_reference,,
SH3PXD2B,ENSG00000174705,SH3PXD2B,SH3PXD2B,SH3 and PX domains 2B,darkgrey,MC1_vs_CTR;MD1_vs_CTR,2,2,0.0002992016791786,1.1366410840104286,1.0907460990915854,MD1_vs_CTR,1.1366410840104286,0.0002992016791786,up_in_tested,2,0,,,,1.044851114172742,1.1366410840104286,,,,0.00091704634153,0.0002992016791786,,,,up_in_tested,up_in_tested
MCCC2,ENSG00000131844,MCCC2,MCCC2,methylcrotonyl-CoA carboxylase subunit 2,dimgrey,MC1_vs_CTR,1,1,0.0003066963870627,1.0926580899005802,1.0926580899005802,MC1_vs_CTR,-1.0926580899005802,0.0003066963870627,up_in_reference,0,1,,,,-1.0926580899005802,,,,,0.0003066963870627,,,,,up_in_reference,
SELENOW,ENSG00000178980,SELENOW,SELENOW,selenoprotein W,darkgrey,MC100_vs_MC1,1,1,0.0003093191906771,1.0535525488196975,1.0535525488196975,MC100_vs_MC1,-1.0535525488196975,0.0003093191906771,up_in_reference,0,1,,,-1.0535525488196975,,,,,0.0003093191906771,,,,,up_in_reference,,
UBR4,ENSG00000127481,UBR4,UBR4,ubiquitin protein ligase E3 component n-recognin 4,gainsboro,MC1_vs_CTR,1,1,0.000332728944021,1.0110608897361826,1.0110608897361826,MC1_vs_CTR,1.0110608897361826,0.000332728944021,up_in_tested,1,0,,,,1.0110608897361826,,,,,0.000332728944021,,,,,up_in_tested,
COA6,ENSG00000168275,COA6,COA6,cytochrome c oxidase assembly factor 6,dimgrey,MA100_vs_CTR;MC1_vs_CTR,2,2,0.000335916402473,1.087738935105944,1.0472814124348466,MC1_vs_CTR,-1.087738935105944,0.000335916402473,up_in_reference,0,2,-1.0068238897637491,,,-1.087738935105944,,0.001213452022441,,,0.000335916402473,,up_in_reference,,,up_in_reference,
UPF2,ENSG00000151461,UPF2,UPF2,UPF2 regulator of nonsense mediated mRNA decay,gainsboro,MD1_vs_CTR,1,1,0.0003401914810165,1.040448961570274,1.040448961570274,MD1_vs_CTR,-1.040448961570274,0.0003401914810165,up_in_reference,0,1,,,,,-1.040448961570274,,,,,0.0003401914810165,,,,,up_in_reference
TRAPPC2B,ENSG00000256060,TRAPPC2B,TRAPPC2B,trafficking protein particle complex subunit 2B,dimgrey,MC100_vs_MC1;MC1_vs_CTR,2,2,0.0003524940615311,1.5299690603477687,1.3070459618920074,MC100_vs_MC1,1.5299690603477687,0.0003524940615311,up_in_tested,1,1,,,1.5299690603477687,-1.0841228634362463,,,,0.0003524940615311,0.0193689885260109,,,,up_in_tested,up_in_reference,
TUBB4B,ENSG00000188229,TUBB4B,TUBB4B,tubulin beta 4B class IVb,dimgrey,MC100_vs_MC1;MC1_vs_CTR,2,2,0.0003641074366625,1.3979410436358994,1.2980009941463795,MC100_vs_MC1,1.3979410436358994,0.0003641074366625,up_in_tested,1,1,,,1.3979410436358994,-1.1980609446568593,,,,0.0003641074366625,0.0035272173815423,,,,up_in_tested,up_in_reference,
SDF2L1,ENSG00000128228,SDF2L1,SDF2L1,stromal cell derived factor 2 like 1,darkgrey,MC100_vs_MC1,1,1,0.0003641074366625,1.1929881839082217,1.1929881839082217,MC100_vs_MC1,-1.1929881839082217,0.0003641074366625,up_in_reference,0,1,,,-1.1929881839082217,,,,,0.0003641074366625,,,,,up_in_reference,,
S1PR3,ENSG00000213694,S1PR3,S1PR3,sphingosine-1-phosphate receptor 3,dimgrey,MA100_vs_CTR,1,1,0.0003734033403278,1.051542515868978,1.051542515868978,MA100_vs_CTR,-1.051542515868978,0.0003734033403278,up_in_reference,0,1,-1.051542515868978,,,,,0.0003734033403278,,,,,up_in_reference,,,,
RING1,ENSG00000204227,RING1,RING1,ring finger protein 1,dimgrey,MC100_vs_MC1,1,1,0.0003779920164751,1.7898863172744437,1.7898863172744437,MC100_vs_MC1,1.7898863172744437,0.0003779920164751,up_in_tested,1,0,,,1.7898863172744437,,,,,0.0003779920164751,,,,,up_in_tested,,
H4C3,ENSG00000197061,H4C3,H4C3,H4 clustered histone 3,gainsboro,MA100_vs_CTR;MC100_vs_MC1;MC1_vs_CTR,3,3,0.000380509401328,1.719996730651476,1.6651742316872629,MC100_vs_MC1,-1.719996730651476,0.000380509401328,up_in_reference,2,1,1.682572293490016,,-1.719996730651476,1.5929536709202967,,0.0009628636359641,,0.000380509401328,0.001537135383521,,up_in_tested,,up_in_reference,up_in_tested,
REV1,ENSG00000135945,REV1,REV1,REV1 DNA directed polymerase,darkgrey,MA100_vs_CTR,1,1,0.0003976118775068,1.159831145199958,1.159831145199958,MA100_vs_CTR,1.159831145199958,0.0003976118775068,up_in_tested,1,0,1.159831145199958,,,,,0.0003976118775068,,,,,up_in_tested,,,,
KXD1,ENSG00000105700,KXD1,KXD1,KxDL motif containing 1,dimgrey,MA100_vs_CTR;MC100_vs_MC1;MC1_vs_CTR;MD1_vs_CTR,4,4,0.000399098470073,1.6796410706424767,1.3385469248482589,MA100_vs_CTR,-1.6796410706424767,0.000399098470073,up_in_reference,1,3,-1.6796410706424767,,1.220765759871834,-1.287874548166967,-1.1659063207117577,0.000399098470073,,0.008995038057393,0.0064768427183513,0.0165454760724335,up_in_reference,,up_in_tested,up_in_reference,up_in_reference
NAP1L4,ENSG00000205531,NAP1L4,NAP1L4,nucleosome assembly protein 1 like 4,gainsboro,MA100_vs_CTR;MC1_vs_CTR,2,2,0.0004040983035813,1.083675290351881,1.064076506083064,MA100_vs_CTR,1.083675290351881,0.0004040983035813,up_in_tested,2,0,1.083675290351881,,,1.0444777218142467,,0.0004040983035813,,,0.000557577495562,,up_in_tested,,,up_in_tested,
JMJD8,ENSG00000161999,JMJD8,JMJD8,jumonji domain containing 8,darkgrey,MC100_vs_MC1,1,1,0.0004175717800794,1.2084206727150082,1.2084206727150082,MC100_vs_MC1,-1.2084206727150082,0.0004175717800794,up_in_reference,0,1,,,-1.2084206727150082,,,,,0.0004175717800794,,,,,up_in_reference,,
TP53I13,ENSG00000167543,TP53I13,TP53I13,tumor protein p53 inducible protein 13,darkgrey,MC100_vs_MC1,1,1,0.0004417028809999,1.194110925898643,1.194110925898643,MC100_vs_MC1,-1.194110925898643,0.0004417028809999,up_in_reference,0,1,,,-1.194110925898643,,,,,0.0004417028809999,,,,,up_in_reference,,
BANF1,ENSG00000175334,BANF1,BANF1,barrier to autointegration nuclear assembly factor 1,dimgrey,MA100_vs_CTR,1,1,0.000455741849082,1.0336930320807296,1.0336930320807296,MA100_vs_CTR,-1.0336930320807296,0.000455741849082,up_in_reference,0,1,-1.0336930320807296,,,,,0.000455741849082,,,,,up_in_reference,,,,
HECW1,ENSG00000002746,HECW1,HECW1,"HECT, C2 and WW domain containing E3 ubiquitin protein ligase 1",dimgrey,MC100_vs_MC1,1,1,0.0004695433259406,4.301554212404451,4.301554212404451,MC100_vs_MC1,4.301554212404451,0.0004695433259406,up_in_tested,1,0,,,4.301554212404451,,,,,0.0004695433259406,,,,,up_in_tested,,
CUL2,ENSG00000108094,CUL2,CUL2,cullin 2,dimgrey,MC100_vs_MC1,1,1,0.0004850113611147,1.081140534725044,1.081140534725044,MC100_vs_MC1,1.081140534725044,0.0004850113611147,up_in_tested,1,0,,,1.081140534725044,,,,,0.0004850113611147,,,,,up_in_tested,,
TAMALIN,ENSG00000161835,TAMALIN,TAMALIN,trafficking regulator and scaffold protein tamalin,darkgrey,MC100_vs_MC1;MD1_vs_CTR,2,2,0.0004855000814,1.4999803217652166,1.2725022019117018,MC100_vs_MC1,-1.4999803217652166,0.0004855000814,up_in_reference,1,1,,,-1.4999803217652166,,1.0450240820581873,,,0.0004855000814,,0.0252414933276104,,,up_in_reference,,up_in_tested
ATP5MK,ENSG00000173915,ATP5MK,ATP5MK,ATP synthase membrane subunit k,dimgrey,MA100_vs_CTR;MC100_vs_MC1;MC1_vs_CTR,3,3,0.0004855000814,1.164070657441281,1.093625563111277,MC100_vs_MC1,1.164070657441281,0.0004855000814,up_in_tested,1,2,-1.0296695358325945,,1.164070657441281,-1.0871364960599557,,0.0035980451864857,,0.0004855000814,0.0016907988887727,,up_in_reference,,up_in_tested,up_in_reference,
SQSTM1,ENSG00000161011,SQSTM1,SQSTM1,sequestosome 1,dimgrey,MA100_vs_CTR;MC100_vs_MC1;MC1_vs_CTR;MD1_vs_CTR,4,4,0.000486594483004,2.2255157402696826,1.9834164385972184,MD1_vs_CTR,2.2255157402696826,0.000486594483004,up_in_tested,3,1,1.956753086794649,,-1.5950974199547858,2.1562995073697566,2.2255157402696826,0.0027747163536903,,0.0133332783187143,0.0007135336668032,0.000486594483004,up_in_tested,,up_in_reference,up_in_tested,up_in_tested
ST6GALNAC4,ENSG00000136840,ST6GALNAC4,ST6GALNAC4,"ST6 N-acetylgalactosaminide alpha-2,6-sialyltransferase 4",darkgrey,MC100_vs_MC1,1,1,0.0004876959602261,1.0150939562285906,1.0150939562285906,MC100_vs_MC1,-1.0150939562285906,0.0004876959602261,up_in_reference,0,1,,,-1.0150939562285906,,,,,0.0004876959602261,,,,,up_in_reference,,
RAD51C,ENSG00000108384,RAD51C,RAD51C,RAD51 paralog C,dimgrey,MD1_vs_CTR,1,1,0.0004940030456308,1.0081656862855055,1.0081656862855055,MD1_vs_CTR,-1.0081656862855055,0.0004940030456308,up_in_reference,0,1,,,,,-1.0081656862855055,,,,,0.0004940030456308,,,,,up_in_reference
PEX2,ENSG00000164751,PEX2,PEX2,peroxisomal biogenesis factor 2,silver,MC100_vs_MC1;MC1_vs_CTR,2,2,0.0005698706043006,1.3150555882692143,1.202248707936989,MC100_vs_MC1,1.3150555882692143,0.0005698706043006,up_in_tested,1,1,,,1.3150555882692143,-1.0894418276047635,,,,0.0005698706043006,0.0068861020006678,,,,up_in_tested,up_in_reference,
VAC14,ENSG00000103043,VAC14,VAC14,VAC14 component of PIKFYVE complex,dimgrey,MC100_vs_MC1;MC1_vs_CTR;MD1_vs_CTR,3,3,0.000571594288302,1.3513420621665613,1.1931248013858242,MC100_vs_MC1,1.3513420621665613,0.000571594288302,up_in_tested,1,2,,,1.3513420621665613,-1.1929973108459817,-1.0350350311449297,,,0.000571594288302,0.0036337497339801,0.0146608578345745,,,up_in_tested,up_in_reference,up_in_reference
IMP3,ENSG00000177971,IMP3,IMP3,IMP U3 small nucleolar ribonucleoprotein 3,dimgrey,MA100_vs_CTR,1,1,0.0005870691486918,1.414351293827073,1.414351293827073,MA100_vs_CTR,-1.414351293827073,0.0005870691486918,up_in_reference,0,1,-1.414351293827073,,,,,0.0005870691486918,,,,,up_in_reference,,,,
NRGN,ENSG00000154146,NRGN,NRGN,neurogranin,darkgrey,MC100_vs_MC1,1,1,0.0006008295037668,1.1302475008862831,1.1302475008862831,MC100_vs_MC1,-1.1302475008862831,0.0006008295037668,up_in_reference,0,1,,,-1.1302475008862831,,,,,0.0006008295037668,,,,,up_in_reference,,
TBCK,ENSG00000145348,TBCK,TBCK,TBC1 domain containing kinase,dimgrey,MC1_vs_CTR,1,1,0.0006302519566497,1.120339809927588,1.120339809927588,MC1_vs_CTR,-1.120339809927588,0.0006302519566497,up_in_reference,0,1,,,,-1.120339809927588,,,,,0.0006302519566497,,,,,up_in_reference,
PTCHD4,ENSG00000244694,PTCHD4,PTCHD4,patched domain containing 4,silver,MC100_vs_MC1,1,1,0.0006335197331704,3.18643554718718,3.18643554718718,MC100_vs_MC1,3.18643554718718,0.0006335197331704,up_in_tested,1,0,,,3.18643554718718,,,,,0.0006335197331704,,,,,up_in_tested,,
SLC66A1,ENSG00000040487,SLC66A1,SLC66A1,solute carrier family 66 member 1,dimgrey,MA100_vs_CTR,1,1,0.00065448440655,1.1315788017027506,1.1315788017027506,MA100_vs_CTR,-1.1315788017027506,0.00065448440655,up_in_reference,0,1,-1.1315788017027506,,,,,0.00065448440655,,,,,up_in_reference,,,,
RPE,ENSG00000197713,RPE,RPE,ribulose-5-phosphate-3-epimerase,dimgrey,MC1_vs_CTR,1,1,0.0006794511065687,1.0391799202997762,1.0391799202997762,MC1_vs_CTR,-1.0391799202997762,0.0006794511065687,up_in_reference,0,1,,,,-1.0391799202997762,,,,,0.0006794511065687,,,,,up_in_reference,
EPN2,ENSG00000072134,EPN2,EPN2,epsin 2,gainsboro,MA100_vs_CTR;MC100_vs_MC1;MC1_vs_CTR;MD1_vs_CTR,4,4,0.0006968990136919,1.482639227314852,1.3542525154550662,MC100_vs_MC1,-1.482639227314852,0.0006968990136919,up_in_reference,3,1,1.2454238718064727,,-1.482639227314852,1.40859807277258,1.2803488899263602,0.007820637645757,,0.0006968990136919,0.0018738312173755,0.0058488232101477,up_in_tested,,up_in_reference,up_in_tested,up_in_tested
ZNRD2,ENSG00000173465,ZNRD2,ZNRD2,zinc ribbon domain containing 2,silver,MC100_vs_MC1,1,1,0.0007503714005415,1.0769635742097654,1.0769635742097654,MC100_vs_MC1,1.0769635742097654,0.0007503714005415,up_in_tested,1,0,,,1.0769635742097654,,,,,0.0007503714005415,,,,,up_in_tested,,
EMILIN1,ENSG00000138080,EMILIN1,EMILIN1,elastin microfibril interfacer 1,dimgrey,MC100_vs_MC1,1,1,0.0007705030053601,1.5199776425985172,1.5199776425985172,MC100_vs_MC1,-1.5199776425985172,0.0007705030053601,up_in_reference,0,1,,,-1.5199776425985172,,,,,0.0007705030053601,,,,,up_in_reference,,
MT-ND1,ENSG00000198888,MT-ND1,MT-ND1,NADH dehydrogenase subunit 1,dimgrey,MA100_vs_CTR;MC100_vs_MC1;MC1_vs_CTR;MD1_vs_CTR,4,4,0.0007868223556744,1.3319708383904183,1.2425210646166445,MD1_vs_CTR,-1.3319708383904183,0.0007868223556744,up_in_reference,1,3,-1.2359127711131186,,1.0839322756060028,-1.3182683733570384,-1.3319708383904183,0.0021608021286651,,0.00601714192026,0.0008184196496609,0.0007868223556744,up_in_reference,,up_in_tested,up_in_reference,up_in_reference
DDX19B,ENSG00000157349,DDX19B,DDX19B,DEAD-box helicase 19B,dimgrey,MC100_vs_MC1;MC1_vs_CTR,2,2,0.0008012611958606,1.986633034926472,1.7481075925404883,MC1_vs_CTR,-1.986633034926472,0.0008012611958606,up_in_reference,1,1,,,1.5095821501545048,-1.986633034926472,,,,0.0121593105979269,0.0008012611958606,,,,up_in_tested,up_in_reference,
DDOST,ENSG00000244038,DDOST,DDOST,dolichyl-diphosphooligosaccharide--protein glycosyltransferase non-catalytic subunit,dimgrey,MC100_vs_MC1;MC1_vs_CTR,2,2,0.0008764213612821,1.8385161171784143,1.6576771709781872,MC1_vs_CTR,-1.8385161171784143,0.0008764213612821,up_in_reference,1,1,,,1.4768382247779603,-1.8385161171784143,,,,0.0080154793581239,0.0008764213612821,,,,up_in_tested,up_in_reference,
FBXO28,ENSG00000143756,FBXO28,FBXO28,F-box protein 28,silver,MC100_vs_MC1;MC1_vs_CTR,2,2,0.0009030287098199,1.1489411530074372,1.0874127151872168,MC1_vs_CTR,-1.1489411530074372,0.0009030287098199,up_in_reference,1,1,,,1.0258842773669965,-1.1489411530074372,,,,0.0026188871596808,0.0009030287098199,,,,up_in_tested,up_in_reference,
SURF1,ENSG00000148290,SURF1,SURF1,SURF1 cytochrome c oxidase assembly factor,dimgrey,MC100_vs_MC1,1,1,0.0009470231427908,1.8096715617122847,1.8096715617122847,MC100_vs_MC1,1.8096715617122847,0.0009470231427908,up_in_tested,1,0,,,1.8096715617122847,,,,,0.0009470231427908,,,,,up_in_tested,,
TNFRSF21,ENSG00000146072,TNFRSF21,TNFRSF21,TNF receptor superfamily member 21,darkgrey,MC100_vs_MC1,1,1,0.0009671987548615,1.1488002168110445,1.1488002168110445,MC100_vs_MC1,-1.1488002168110445,0.0009671987548615,up_in_reference,0,1,,,-1.1488002168110445,,,,,0.0009671987548615,,,,,up_in_reference,,
KLHL17,ENSG00000187961,KLHL17,KLHL17,kelch like family member 17,darkgrey,MD1_vs_CTR,1,1,0.0009757114636814,1.1298142847337782,1.1298142847337782,MD1_vs_CTR,1.1298142847337782,0.0009757114636814,up_in_tested,1,0,,,,,1.1298142847337782,,,,,0.0009757114636814,,,,,up_in_tested
ZNF839,ENSG00000022976,ZNF839,ZNF839,zinc finger protein 839,gainsboro,MA100_vs_CTR;MC100_vs_MC1,2,2,0.0010114563745019,2.414338224177827,2.1835641208872416,MA100_vs_CTR,2.414338224177827,0.0010114563745019,up_in_tested,1,1,2.414338224177827,,-1.9527900175966564,,,0.0010114563745019,,0.0059321272517877,,,up_in_tested,,up_in_reference,,
SLC35A5,ENSG00000138459,SLC35A5,SLC35A5,solute carrier family 35 member A5,dimgrey,MC1_vs_CTR,1,1,0.0010490872894356,1.091286626001879,1.091286626001879,MC1_vs_CTR,-1.091286626001879,0.0010490872894356,up_in_reference,0,1,,,,-1.091286626001879,,,,,0.0010490872894356,,,,,up_in_reference,
SZRD1,ENSG00000055070,SZRD1,SZRD1,SUZ RNA binding domain containing 1,gainsboro,MC100_vs_MC1,1,1,0.0010521698457395,2.4366216384437376,2.4366216384437376,MC100_vs_MC1,-2.4366216384437376,0.0010521698457395,up_in_reference,0,1,,,-2.4366216384437376,,,,,0.0010521698457395,,,,,up_in_reference,,
SRR,ENSG00000167720,SRR,SRR,serine racemase,dimgrey,MC100_vs_MC1,1,1,0.0010693871075136,2.815242472236843,2.815242472236843,MC100_vs_MC1,2.815242472236843,0.0010693871075136,up_in_tested,1,0,,,2.815242472236843,,,,,0.0010693871075136,,,,,up_in_tested,,
ORC3,ENSG00000135336,ORC3,ORC3,origin recognition complex subunit 3,silver,MC100_vs_MC1,1,1,0.0011256969135475,1.1108970333385175,1.1108970333385175,MC100_vs_MC1,1.1108970333385175,0.0011256969135475,up_in_tested,1,0,,,1.1108970333385175,,,,,0.0011256969135475,,,,,up_in_tested,,
PDIA6,ENSG00000143870,PDIA6,PDIA6,protein disulfide isomerase family A member 6,gainsboro,MA100_vs_CTR;MC100_vs_MC1;MC1_vs_CTR;MD1_vs_CTR,4,4,0.0011323500000996,1.7054273092809675,1.3761138713939824,MA100_vs_CTR,1.7054273092809675,0.0011323500000996,up_in_tested,3,1,1.7054273092809675,,-1.062801887077404,1.3215155900331412,1.4147106991844172,0.0011323500000996,,0.0498576800362453,0.0126052035102597,0.0078977169517308,up_in_tested,,up_in_reference,up_in_tested,up_in_tested
SPIDR,ENSG00000164808,SPIDR,SPIDR,scaffold protein involved in DNA repair,silver,MC100_vs_MC1,1,1,0.0011493700721603,1.133501182713723,1.133501182713723,MC100_vs_MC1,1.133501182713723,0.0011493700721603,up_in_tested,1,0,,,1.133501182713723,,,,,0.0011493700721603,,,,,up_in_tested,,
NOP53,ENSG00000105373,NOP53,NOP53,NOP53 ribosome biogenesis factor,dimgrey,MC100_vs_MC1;MC1_vs_CTR,2,2,0.0011660888571765,1.3031820585255642,1.1858952901930038,MC100_vs_MC1,1.3031820585255642,0.0011660888571765,up_in_tested,1,1,,,1.3031820585255642,-1.068608521860443,,,,0.0011660888571765,0.0117511923722038,,,,up_in_tested,up_in_reference,
RPS2,ENSG00000140988,RPS2,RPS2,ribosomal protein S2,dimgrey,MC100_vs_MC1,1,1,0.0011766188426036,1.0139663130676082,1.0139663130676082,MC100_vs_MC1,1.0139663130676082,0.0011766188426036,up_in_tested,1,0,,,1.0139663130676082,,,,,0.0011766188426036,,,,,up_in_tested,,
ZNF768,ENSG00000169957,ZNF768,ZNF768,zinc finger protein 768,dimgrey,MC100_vs_MC1,1,1,0.0012077701765182,1.146889588108225,1.146889588108225,MC100_vs_MC1,-1.146889588108225,0.0012077701765182,up_in_reference,0,1,,,-1.146889588108225,,,,,0.0012077701765182,,,,,up_in_reference,,
MFSD2B,ENSG00000205639,MFSD2B,MFSD2B,"MFSD2 lysolipid transporter B, sphingolipid",darkgrey,MD1_vs_CTR,1,1,0.0012079302220648,1.0446168091965535,1.0446168091965535,MD1_vs_CTR,1.0446168091965535,0.0012079302220648,up_in_tested,1,0,,,,,1.0446168091965535,,,,,0.0012079302220648,,,,,up_in_tested
MICA,ENSG00000204520,MICA,MICA,MHC class I polypeptide-related sequence A,dimgrey,MC100_vs_MC1;MC1_vs_CTR,2,2,0.0013047798923335,1.5414498986696548,1.4186315368658633,MC100_vs_MC1,1.5414498986696548,0.0013047798923335,up_in_tested,1,1,,,1.5414498986696548,-1.2958131750620718,,,,0.0013047798923335,0.0105382539097565,,,,up_in_tested,up_in_reference,
SUCLA2,ENSG00000136143,SUCLA2,SUCLA2,succinate-CoA ligase ADP-forming subunit beta,silver,MC100_vs_MC1,1,1,0.0013101899368411,1.0066389284152404,1.0066389284152404,MC100_vs_MC1,1.0066389284152404,0.0013101899368411,up_in_tested,1,0,,,1.0066389284152404,,,,,0.0013101899368411,,,,,up_in_tested,,
DDIAS,ENSG00000165490,DDIAS,DDIAS,DNA damage induced apoptosis suppressor,dimgrey,MC100_vs_MC1;MC1_vs_CTR,2,2,0.001419971336078,1.4554636064552546,1.4195280547041844,MC100_vs_MC1,1.4554636064552546,0.001419971336078,up_in_tested,1,1,,,1.4554636064552546,-1.383592502953114,,,,0.001419971336078,0.0034189420138808,,,,up_in_tested,up_in_reference,
PDLIM2,ENSG00000120913,PDLIM2,PDLIM2,PDZ and LIM domain 2,darkgrey,MC100_vs_MC1,1,1,0.0016198110358288,1.2265530871510484,1.2265530871510484,MC100_vs_MC1,-1.2265530871510484,0.0016198110358288,up_in_reference,0,1,,,-1.2265530871510484,,,,,0.0016198110358288,,,,,up_in_reference,,
ALG11,ENSG00000253710,ALG11,ALG11,"ALG11 alpha-1,2-mannosyltransferase",gainsboro,MA100_vs_CTR;MC100_vs_MC1;MC1_vs_CTR;MD1_vs_CTR,4,4,0.0016907988887727,1.919826433037316,1.5844624092030866,MC1_vs_CTR,1.919826433037316,0.0016907988887727,up_in_tested,3,1,1.701613276995289,,-1.581385127141708,1.919826433037316,1.1350247996380332,0.0069716766258691,,0.0098523252082147,0.0016907988887727,0.0945483585627391,up_in_tested,,up_in_reference,up_in_tested,up_in_tested
C19orf47,ENSG00000160392,C19orf47,C19orf47,chromosome 19 open reading frame 47,darkgrey,MC100_vs_MC1,1,1,0.0016956295284149,1.017027686789784,1.017027686789784,MC100_vs_MC1,-1.017027686789784,0.0016956295284149,up_in_reference,0,1,,,-1.017027686789784,,,,,0.0016956295284149,,,,,up_in_reference,,
CIPC,ENSG00000198894,CIPC,CIPC,CLOCK interacting pacemaker,dimgrey,MC100_vs_MC1;MC1_vs_CTR,2,2,0.001717421053478,1.4278797572077384,1.2603389735737531,MC100_vs_MC1,1.4278797572077384,0.001717421053478,up_in_tested,1,1,,,1.4278797572077384,-1.092798189939768,,,,0.001717421053478,0.0246752065424351,,,,up_in_tested,up_in_reference,
RPS25,ENSG00000118181,RPS25,RPS25,ribosomal protein S25,dimgrey,MA100_vs_CTR;MC100_vs_MC1;MC1_vs_CTR;MD1_vs_CTR,4,4,0.0017374215268476,1.5376791171819766,1.3634745844257619,MC100_vs_MC1,1.5376791171819766,0.0017374215268476,up_in_tested,1,3,-1.231004587001122,,1.5376791171819766,-1.4387624981833689,-1.24645213533658,0.0197836491301445,,0.0017374215268476,0.0045458249899316,0.0175161514871911,up_in_reference,,up_in_tested,up_in_reference,up_in_reference
F8A1,ENSG00000288722,F8A1,F8A1,coagulation factor VIII associated 1,dimgrey,MC100_vs_MC1;MC1_vs_CTR;MD1_vs_CTR,3,3,0.0017374215268476,1.319488727012036,1.2739574159075406,MC100_vs_MC1,1.319488727012036,0.0017374215268476,up_in_tested,1,2,,,1.319488727012036,-1.24327180931395,-1.2591117113966357,,,0.0017374215268476,0.0043444313763202,0.0042812051686288,,,up_in_tested,up_in_reference,up_in_reference
KGD4,ENSG00000134056,KGD4,KGD4,alpha-ketoglutarate dehydrogenase subunit 4,dimgrey,MC100_vs_MC1,1,1,0.0017684706288118,1.0939348635376929,1.0939348635376929,MC100_vs_MC1,1.0939348635376929,0.0017684706288118,up_in_tested,1,0,,,1.0939348635376929,,,,,0.0017684706288118,,,,,up_in_tested,,
ZNF14,ENSG00000105708,ZNF14,ZNF14,zinc finger protein 14,dimgrey,MC100_vs_MC1,1,1,0.0017786077570329,3.9822426827301616,3.9822426827301616,MC100_vs_MC1,3.9822426827301616,0.0017786077570329,up_in_tested,1,0,,,3.9822426827301616,,,,,0.0017786077570329,,,,,up_in_tested,,
C1QBP,ENSG00000108561,C1QBP,C1QBP,complement C1q binding protein,dimgrey,MC100_vs_MC1,1,1,0.0018321297458908,1.090116767243061,1.090116767243061,MC100_vs_MC1,1.090116767243061,0.0018321297458908,up_in_tested,1,0,,,1.090116767243061,,,,,0.0018321297458908,,,,,up_in_tested,,
CTSA,ENSG00000064601,CTSA,CTSA,cathepsin A,dimgrey,MC100_vs_MC1,1,1,0.001837925162334,1.2827719578783547,1.2827719578783547,MC100_vs_MC1,1.2827719578783547,0.001837925162334,up_in_tested,1,0,,,1.2827719578783547,,,,,0.001837925162334,,,,,up_in_tested,,
LETMD1,ENSG00000050426,LETMD1,LETMD1,LETM1 domain containing 1,dimgrey,MC100_vs_MC1,1,1,0.0018544003488726,1.2177045910824984,1.2177045910824984,MC100_vs_MC1,1.2177045910824984,0.0018544003488726,up_in_tested,1,0,,,1.2177045910824984,,,,,0.0018544003488726,,,,,up_in_tested,,
FLNA,ENSG00000196924,FLNA,FLNA,filamin A,dimgrey,MC100_vs_MC1,1,1,0.0018884030533167,1.3430595163575882,1.3430595163575882,MC100_vs_MC1,-1.3430595163575882,0.0018884030533167,up_in_reference,0,1,,,-1.3430595163575882,,,,,0.0018884030533167,,,,,up_in_reference,,
ZNF205,ENSG00000122386,ZNF205,ZNF205,zinc finger protein 205,darkgrey,MC100_vs_MC1,1,1,0.0018976167077835,1.540755710207784,1.540755710207784,MC100_vs_MC1,-1.540755710207784,0.0018976167077835,up_in_reference,0,1,,,-1.540755710207784,,,,,0.0018976167077835,,,,,up_in_reference,,
TMEM203,ENSG00000187713,TMEM203,TMEM203,transmembrane protein 203,dimgrey,MC100_vs_MC1,1,1,0.0019057256812309,1.223887792686959,1.223887792686959,MC100_vs_MC1,1.223887792686959,0.0019057256812309,up_in_tested,1,0,,,1.223887792686959,,,,,0.0019057256812309,,,,,up_in_tested,,
DHX38,ENSG00000140829,DHX38,DHX38,DEAH-box helicase 38,gainsboro,MA100_vs_CTR,1,1,0.0019222374032852,1.7089337732944423,1.7089337732944423,MA100_vs_CTR,1.7089337732944423,0.0019222374032852,up_in_tested,1,0,1.7089337732944423,,,,,0.0019222374032852,,,,,up_in_tested,,,,
AP2A2,ENSG00000183020,AP2A2,AP2A2,adaptor related protein complex 2 subunit alpha 2,dimgrey,MC100_vs_MC1,1,1,0.0019719558533167,1.600363580566064,1.600363580566064,MC100_vs_MC1,1.600363580566064,0.0019719558533167,up_in_tested,1,0,,,1.600363580566064,,,,,0.0019719558533167,,,,,up_in_tested,,
STEEP1,ENSG00000018610,STEEP1,STEEP1,STING1 ER exit protein 1,dimgrey,MA100_vs_CTR,1,1,0.0019810588531878,1.0653978797489845,1.0653978797489845,MA100_vs_CTR,-1.0653978797489845,0.0019810588531878,up_in_reference,0,1,-1.0653978797489845,,,,,0.0019810588531878,,,,,up_in_reference,,,,
COL6A2,ENSG00000142173,COL6A2,COL6A2,collagen type VI alpha 2 chain,darkgrey,MC100_vs_MC1,1,1,0.0019857729394685,1.1123243677421732,1.1123243677421732,MC100_vs_MC1,-1.1123243677421732,0.0019857729394685,up_in_reference,0,1,,,-1.1123243677421732,,,,,0.0019857729394685,,,,,up_in_reference,,
SNRK,ENSG00000163788,SNRK,SNRK,SNF related kinase,dimgrey,MA100_vs_CTR,1,1,0.001997130879057,1.0996110344338563,1.0996110344338563,MA100_vs_CTR,-1.0996110344338563,0.001997130879057,up_in_reference,0,1,-1.0996110344338563,,,,,0.001997130879057,,,,,up_in_reference,,,,
FAM53C,ENSG00000120709,FAM53C,FAM53C,family with sequence similarity 53 member C,darkgrey,MC100_vs_MC1,1,1,0.0020218599594456,1.0142019510585822,1.0142019510585822,MC100_vs_MC1,-1.0142019510585822,0.0020218599594456,up_in_reference,0,1,,,-1.0142019510585822,,,,,0.0020218599594456,,,,,up_in_reference,,
LCE3D,ENSG00000163202,LCE3D,LCE3D,late cornified envelope 3D,dimgrey,MA100_vs_CTR;MD1_vs_CTR,2,2,0.0020617461909623,1.5195287721232469,1.3536665517894042,MA100_vs_CTR,-1.5195287721232469,0.0020617461909623,up_in_reference,0,2,-1.5195287721232469,,,,-1.1878043314555615,0.0020617461909623,,,,0.0185749820557355,up_in_reference,,,,up_in_reference
FAM171A2,ENSG00000161682,FAM171A2,FAM171A2,family with sequence similarity 171 member A2,darkgrey,MC100_vs_MC1;MC1_vs_CTR,2,2,0.0020895865444056,1.4056608191360789,1.2600229867887924,MC100_vs_MC1,-1.4056608191360789,0.0020895865444056,up_in_reference,1,1,,,-1.4056608191360789,1.114385154441506,,,,0.0020895865444056,0.0204301575488947,,,,up_in_reference,up_in_tested,
NDUFA6,ENSG00000184983,NDUFA6,NDUFA6,NADH:ubiquinone oxidoreductase subunit A6,dimgrey,MA100_vs_CTR;MC100_vs_MC1;MC1_vs_CTR;MD1_vs_CTR,4,4,0.0021031072930024,1.401641766355403,1.2995748677636176,MD1_vs_CTR,-1.401641766355403,0.0021031072930024,up_in_reference,1,3,-1.301791051206645,,1.222557249022583,-1.272309404469839,-1.401641766355403,0.0047019630151255,,0.0063511143754682,0.0050881486084648,0.0021031072930024,up_in_reference,,up_in_tested,up_in_reference,up_in_reference
LRRC23,ENSG00000010626,LRRC23,LRRC23,leucine rich repeat containing 23,darkgrey,MC100_vs_MC1,1,1,0.0021087757578218,1.476914539241583,1.476914539241583,MC100_vs_MC1,-1.476914539241583,0.0021087757578218,up_in_reference,0,1,,,-1.476914539241583,,,,,0.0021087757578218,,,,,up_in_reference,,
MAP1LC3A,ENSG00000101460,MAP1LC3A,MAP1LC3A,microtubule associated protein 1 light chain 3 alpha,darkgrey,MC1_vs_CTR,1,1,0.002146868593787,1.14071067283304,1.14071067283304,MC1_vs_CTR,1.14071067283304,0.002146868593787,up_in_tested,1,0,,,,1.14071067283304,,,,,0.002146868593787,,,,,up_in_tested,
BICRAL,ENSG00000112624,BICRAL,BICRAL,BICRA like chromatin remodeling complex associated protein,darkgrey,MA100_vs_CTR;MD1_vs_CTR,2,2,0.0021766761062294,1.2928401297124523,1.1926677201524525,MD1_vs_CTR,1.2928401297124523,0.0021766761062294,up_in_tested,2,0,1.0924953105924526,,,,1.2928401297124523,0.0117726444469639,,,,0.0021766761062294,up_in_tested,,,,up_in_tested
EXOC6,ENSG00000138190,EXOC6,EXOC6,exocyst complex component 6,dimgrey,MA100_vs_CTR,1,1,0.0022631065705286,1.232529448686985,1.232529448686985,MA100_vs_CTR,-1.232529448686985,0.0022631065705286,up_in_reference,0,1,-1.232529448686985,,,,,0.0022631065705286,,,,,up_in_reference,,,,
NEFM,ENSG00000104722,NEFM,NEFM,neurofilament medium chain,gainsboro,MD1_vs_CTR,1,1,0.0023339315469574,1.0349671258948474,1.0349671258948474,MD1_vs_CTR,-1.0349671258948474,0.0023339315469574,up_in_reference,0,1,,,,,-1.0349671258948474,,,,,0.0023339315469574,,,,,up_in_reference
RBIS,ENSG00000176731,RBIS,RBIS,ribosomal biogenesis factor,dimgrey,MA100_vs_CTR;MC100_vs_MC1;MC1_vs_CTR,3,3,0.0023467788818784,1.3617080004066249,1.1668651778026404,MC100_vs_MC1,1.3617080004066249,0.0023467788818784,up_in_tested,1,2,-1.0360296900748869,,1.3617080004066249,-1.102857842926409,,0.0333781776297063,,0.0023467788818784,0.0198777567542533,,up_in_reference,,up_in_tested,up_in_reference,
KRT18,ENSG00000111057,KRT18,KRT18,keratin 18,dimgrey,MC100_vs_MC1,1,1,0.0023674491827824,1.0735668797462783,1.0735668797462783,MC100_vs_MC1,1.0735668797462783,0.0023674491827824,up_in_tested,1,0,,,1.0735668797462783,,,,,0.0023674491827824,,,,,up_in_tested,,
ZNF469,ENSG00000225614,ZNF469,ZNF469,zinc finger protein 469,dimgrey,MD1_vs_CTR,1,1,0.00242409072285,1.1200147239543123,1.1200147239543123,MD1_vs_CTR,1.1200147239543123,0.00242409072285,up_in_tested,1,0,,,,,1.1200147239543123,,,,,0.00242409072285,,,,,up_in_tested
MBIP,ENSG00000151332,MBIP,MBIP,MAP3K12 binding inhibitory protein 1,silver,MC100_vs_MC1;MC1_vs_CTR,2,2,0.0024370157067546,1.7736103689619958,1.539138525156503,MC100_vs_MC1,1.7736103689619958,0.0024370157067546,up_in_tested,1,1,,,1.7736103689619958,-1.3046666813510104,,,,0.0024370157067546,0.0381998915569136,,,,up_in_tested,up_in_reference,
MCTS1,ENSG00000232119,MCTS1,MCTS1,MCTS1 re-initiation and release factor,dimgrey,MA100_vs_CTR,1,1,0.0024954457052145,1.258001001192848,1.258001001192848,MA100_vs_CTR,-1.258001001192848,0.0024954457052145,up_in_reference,0,1,-1.258001001192848,,,,,0.0024954457052145,,,,,up_in_reference,,,,
PLP2,ENSG00000102007,PLP2,PLP2,proteolipid protein 2,dimgrey,MC100_vs_MC1,1,1,0.0025092230609437,2.011279590930061,2.011279590930061,MC100_vs_MC1,2.011279590930061,0.0025092230609437,up_in_tested,1,0,,,2.011279590930061,,,,,0.0025092230609437,,,,,up_in_tested,,
ELMOD2,ENSG00000179387,ELMOD2,ELMOD2,ELMO domain containing 2,dimgrey,MA100_vs_CTR,1,1,0.0025128996545217,1.0292057085915192,1.0292057085915192,MA100_vs_CTR,-1.0292057085915192,0.0025128996545217,up_in_reference,0,1,-1.0292057085915192,,,,,0.0025128996545217,,,,,up_in_reference,,,,
CARD16,ENSG00000204397,CARD16,CARD16,caspase recruitment domain family member 16,dimgrey,MA100_vs_CTR,1,1,0.0025176556507606,1.2213569735055998,1.2213569735055998,MA100_vs_CTR,-1.2213569735055998,0.0025176556507606,up_in_reference,0,1,-1.2213569735055998,,,,,0.0025176556507606,,,,,up_in_reference,,,,
ZNF414,ENSG00000133250,ZNF414,ZNF414,zinc finger protein 414,darkgrey,MC100_vs_MC1,1,1,0.0025267791094649,1.1510866688087449,1.1510866688087449,MC100_vs_MC1,-1.1510866688087449,0.0025267791094649,up_in_reference,0,1,,,-1.1510866688087449,,,,,0.0025267791094649,,,,,up_in_reference,,
NT5DC2,ENSG00000168268,NT5DC2,NT5DC2,5'-nucleotidase domain containing 2,dimgrey,MC100_vs_MC1,1,1,0.0025795880441166,1.0807472903219495,1.0807472903219495,MC100_vs_MC1,1.0807472903219495,0.0025795880441166,up_in_tested,1,0,,,1.0807472903219495,,,,,0.0025795880441166,,,,,up_in_tested,,
GXYLT2,ENSG00000172986,GXYLT2,GXYLT2,glucoside xylosyltransferase 2,dimgrey,MA100_vs_CTR,1,1,0.0025807162045524,1.1907408774800483,1.1907408774800483,MA100_vs_CTR,1.1907408774800483,0.0025807162045524,up_in_tested,1,0,1.1907408774800483,,,,,0.0025807162045524,,,,,up_in_tested,,,,
LDB1,ENSG00000198728,LDB1,LDB1,LIM domain binding 1,darkgrey,MA100_vs_CTR,1,1,0.0026427322548436,1.0166525276666738,1.0166525276666738,MA100_vs_CTR,1.0166525276666738,0.0026427322548436,up_in_tested,1,0,1.0166525276666738,,,,,0.0026427322548436,,,,,up_in_tested,,,,
RPL26,ENSG00000161970,RPL26,RPL26,ribosomal protein L26,dimgrey,MA100_vs_CTR;MC1_vs_CTR;MD1_vs_CTR,3,3,0.0026868865350666,1.3342276316540966,1.2430149497300673,MD1_vs_CTR,-1.3342276316540966,0.0026868865350666,up_in_reference,0,3,-1.2528144868914726,,,-1.1420027306446323,-1.3342276316540966,0.0053090725316665,,,0.0108338432989,0.0026868865350666,up_in_reference,,,up_in_reference,up_in_reference
APEX1,ENSG00000100823,APEX1,APEX1,apurinic/apyrimidinic endodeoxyribonuclease 1,dimgrey,MA100_vs_CTR;MC1_vs_CTR;MD1_vs_CTR,3,3,0.0028428543662527,1.9395418632820804,1.7216484687392415,MD1_vs_CTR,1.9395418632820804,0.0028428543662527,up_in_tested,3,0,1.6573840453121589,,,1.5680194976234851,1.9395418632820804,0.0128900691447366,,,0.0179062476250506,0.0028428543662527,up_in_tested,,,up_in_tested,up_in_tested
FKBP1C,ENSG00000198225,FKBP1C,FKBP1C,FKBP prolyl isomerase family member 1C,dimgrey,MC100_vs_MC1,1,1,0.0029010493303077,1.159241196658085,1.159241196658085,MC100_vs_MC1,-1.159241196658085,0.0029010493303077,up_in_reference,0,1,,,-1.159241196658085,,,,,0.0029010493303077,,,,,up_in_reference,,
UCP2,ENSG00000175567,UCP2,UCP2,uncoupling protein 2,darkgrey,MD1_vs_CTR,1,1,0.0029282596199287,1.1846665115447872,1.1846665115447872,MD1_vs_CTR,-1.1846665115447872,0.0029282596199287,up_in_reference,0,1,,,,,-1.1846665115447872,,,,,0.0029282596199287,,,,,up_in_reference
MXI1,ENSG00000119950,MXI1,MXI1,"MAX interactor 1, dimerization protein",gainsboro,MA100_vs_CTR,1,1,0.0029497371284975,1.0317175172546516,1.0317175172546516,MA100_vs_CTR,1.0317175172546516,0.0029497371284975,up_in_tested,1,0,1.0317175172546516,,,,,0.0029497371284975,,,,,up_in_tested,,,,
PLCE1,ENSG00000138193,PLCE1,PLCE1,phospholipase C epsilon 1,darkgrey,MA100_vs_CTR;MD1_vs_CTR,2,2,0.0029718499084495,1.130699129963319,1.070763093124183,MA100_vs_CTR,1.130699129963319,0.0029718499084495,up_in_tested,2,0,1.130699129963319,,,,1.0108270562850468,0.0029718499084495,,,,0.008760493246413,up_in_tested,,,,up_in_tested
GPR37,ENSG00000170775,GPR37,GPR37,G protein-coupled receptor 37,darkgrey,MA100_vs_CTR;MD1_vs_CTR,2,2,0.0030644843750421,1.1656050106002829,1.0870284345989465,MA100_vs_CTR,1.1656050106002829,0.0030644843750421,up_in_tested,2,0,1.1656050106002829,,,,1.00845185859761,0.0030644843750421,,,,0.011693181786429,up_in_tested,,,,up_in_tested
SURF2,ENSG00000148291,SURF2,SURF2,surfeit 2,dimgrey,MA100_vs_CTR;MC1_vs_CTR,2,2,0.0030838217481646,1.194968332820603,1.1438894342349162,MA100_vs_CTR,-1.194968332820603,0.0030838217481646,up_in_reference,0,2,-1.194968332820603,,,-1.0928105356492293,,0.0030838217481646,,,0.0061074350822562,,up_in_reference,,,up_in_reference,
CLIC1,ENSG00000213719,CLIC1,CLIC1,CLIC family member 1,dimgrey,MC100_vs_MC1,1,1,0.0031174847553355,1.3896926797815805,1.3896926797815805,MC100_vs_MC1,1.3896926797815805,0.0031174847553355,up_in_tested,1,0,,,1.3896926797815805,,,,,0.0031174847553355,,,,,up_in_tested,,
FZD1,ENSG00000157240,FZD1,FZD1,frizzled class receptor 1,silver,MC100_vs_MC1;MC1_vs_CTR,2,2,0.0033799958496113,1.2171777631527152,1.1260914031573344,MC100_vs_MC1,1.2171777631527152,0.0033799958496113,up_in_tested,1,1,,,1.2171777631527152,-1.0350050431619535,,,,0.0033799958496113,0.0176626649114058,,,,up_in_tested,up_in_reference,
SMAP1,ENSG00000112305,SMAP1,SMAP1,small ArfGAP 1,dimgrey,MD1_vs_CTR,1,1,0.0033800270646476,1.0098560777147478,1.0098560777147478,MD1_vs_CTR,-1.0098560777147478,0.0033800270646476,up_in_reference,0,1,,,,,-1.0098560777147478,,,,,0.0033800270646476,,,,,up_in_reference
PHETA1,ENSG00000198324,PHETA1,PHETA1,PH domain containing endocytic trafficking adaptor 1,darkgrey,MC100_vs_MC1;MC1_vs_CTR;MD1_vs_CTR,3,3,0.0033867057541316,1.3992359374116965,1.2342913837107388,MC100_vs_MC1,-1.3992359374116965,0.0033867057541316,up_in_reference,2,1,,,-1.3992359374116965,1.2602728704684067,1.0433653432521133,,,0.0033867057541316,0.0108743594192636,0.0455531339382493,,,up_in_reference,up_in_tested,up_in_tested
SLC7A6,ENSG00000103064,SLC7A6,SLC7A6,solute carrier family 7 member 6,dimgrey,MA100_vs_CTR,1,1,0.003507271332639,1.2804958117041068,1.2804958117041068,MA100_vs_CTR,-1.2804958117041068,0.003507271332639,up_in_reference,0,1,-1.2804958117041068,,,,,0.003507271332639,,,,,up_in_reference,,,,
RIOX1,ENSG00000170468,RIOX1,RIOX1,ribosomal oxygenase 1,darkgrey,MC100_vs_MC1,1,1,0.0035519923437784,1.0388465427460876,1.0388465427460876,MC100_vs_MC1,-1.0388465427460876,0.0035519923437784,up_in_reference,0,1,,,-1.0388465427460876,,,,,0.0035519923437784,,,,,up_in_reference,,
IL13RA2,ENSG00000123496,IL13RA2,IL13RA2,interleukin 13 receptor subunit alpha 2,dimgrey,MA100_vs_CTR;MC100_vs_MC1;MC1_vs_CTR,3,3,0.0035924528880268,1.4951784959247896,1.2644538225765782,MA100_vs_CTR,-1.4951784959247896,0.0035924528880268,up_in_reference,1,2,-1.4951784959247896,,1.0511878896490776,-1.2469950821558675,,0.0035924528880268,,0.0441243311813506,0.0153076490963706,,up_in_reference,,up_in_tested,up_in_reference,
PSMC4,ENSG00000013275,PSMC4,PSMC4,"proteasome 26S subunit, ATPase 4",dimgrey,MC100_vs_MC1,1,1,0.0037310711786307,1.1072101539847197,1.1072101539847197,MC100_vs_MC1,1.1072101539847197,0.0037310711786307,up_in_tested,1,0,,,1.1072101539847197,,,,,0.0037310711786307,,,,,up_in_tested,,
AKTIP,ENSG00000166971,AKTIP,AKTIP,AKT interacting protein,dimgrey,MC100_vs_MC1,1,1,0.003747421785181,2.0018640091413604,2.0018640091413604,MC100_vs_MC1,2.0018640091413604,0.003747421785181,up_in_tested,1,0,,,2.0018640091413604,,,,,0.003747421785181,,,,,up_in_tested,,
CEPT1,ENSG00000134255,CEPT1,CEPT1,choline/ethanolamine phosphotransferase 1,gainsboro,MA100_vs_CTR;MC100_vs_MC1;MC1_vs_CTR,3,3,0.0037806499139056,1.1958207289499692,1.1368225118858915,MA100_vs_CTR,1.1958207289499692,0.0050581573449366,up_in_tested,2,1,1.1958207289499692,,-1.1912744664958823,1.023372340211823,,0.0050581573449366,,0.0037806499139056,0.0173272176108742,,up_in_tested,,up_in_reference,up_in_tested,
SMIM20,ENSG00000250317,SMIM20,SMIM20,small integral membrane protein 20,dimgrey,MA100_vs_CTR,1,1,0.0038646161758268,1.0872860595425144,1.0872860595425144,MA100_vs_CTR,-1.0872860595425144,0.0038646161758268,up_in_reference,0,1,-1.0872860595425144,,,,,0.0038646161758268,,,,,up_in_reference,,,,
ATP6V0E2,ENSG00000171130,ATP6V0E2,ATP6V0E2,ATPase H+ transporting V0 subunit e2,darkgrey,MC100_vs_MC1,1,1,0.003894959463977,1.3527733323146058,1.3527733323146058,MC100_vs_MC1,-1.3527733323146058,0.003894959463977,up_in_reference,0,1,,,-1.3527733323146058,,,,,0.003894959463977,,,,,up_in_reference,,
CALM3,ENSG00000160014,CALM3,CALM3,calmodulin 3,dimgrey,MA100_vs_CTR;MC100_vs_MC1,2,2,0.0041665354066458,1.311996736133038,1.198521154358582,MA100_vs_CTR,-1.311996736133038,0.0041665354066458,up_in_reference,1,1,-1.311996736133038,,1.0850455725841262,,,0.0041665354066458,,0.0152717988705933,,,up_in_reference,,up_in_tested,,
HDDC3,ENSG00000184508,HDDC3,HDDC3,HD domain containing 3,darkgrey,MC100_vs_MC1,1,1,0.0041894323458465,1.624226663069301,1.624226663069301,MC100_vs_MC1,-1.624226663069301,0.0041894323458465,up_in_reference,0,1,,,-1.624226663069301,,,,,0.0041894323458465,,,,,up_in_reference,,
ACBD4,ENSG00000181513,ACBD4,ACBD4,acyl-CoA binding domain containing 4,darkgrey,MC100_vs_MC1,1,1,0.0042287000332038,1.663114726472673,1.663114726472673,MC100_vs_MC1,-1.663114726472673,0.0042287000332038,up_in_reference,0,1,,,-1.663114726472673,,,,,0.0042287000332038,,,,,up_in_reference,,
RFX1,ENSG00000132005,RFX1,RFX1,regulatory factor X1,gainsboro,MC100_vs_MC1;MC1_vs_CTR,2,2,0.0042502159260596,1.642643993852144,1.4396630831457586,MC100_vs_MC1,-1.642643993852144,0.0042502159260596,up_in_reference,1,1,,,-1.642643993852144,1.2366821724393735,,,,0.0042502159260596,0.0420283970123021,,,,up_in_reference,up_in_tested,
JPH2,ENSG00000149596,JPH2,JPH2,junctophilin 2,darkgrey,MC100_vs_MC1,1,1,0.0042745768317077,1.8932533173819424,1.8932533173819424,MC100_vs_MC1,-1.8932533173819424,0.0042745768317077,up_in_reference,0,1,,,-1.8932533173819424,,,,,0.0042745768317077,,,,,up_in_reference,,
ITGA3,ENSG00000005884,ITGA3,ITGA3,integrin subunit alpha 3,darkgrey,MC100_vs_MC1,1,1,0.0043496957395488,1.1419052127282874,1.1419052127282874,MC100_vs_MC1,-1.1419052127282874,0.0043496957395488,up_in_reference,0,1,,,-1.1419052127282874,,,,,0.0043496957395488,,,,,up_in_reference,,
FZD4,ENSG00000174804,FZD4,FZD4,frizzled class receptor 4,dimgrey,MA100_vs_CTR,1,1,0.0044427850058369,1.2761247523346686,1.2761247523346686,MA100_vs_CTR,-1.2761247523346686,0.0044427850058369,up_in_reference,0,1,-1.2761247523346686,,,,,0.0044427850058369,,,,,up_in_reference,,,,
HLA-DPB1,ENSG00000223865,HLA-DPB1,HLA-DPB1,"major histocompatibility complex, class II, DP beta 1",dimgrey,MC100_vs_MC1,1,1,0.0045882247237206,2.3525030718756414,2.3525030718756414,MC100_vs_MC1,2.3525030718756414,0.0045882247237206,up_in_tested,1,0,,,2.3525030718756414,,,,,0.0045882247237206,,,,,up_in_tested,,
BECN1,ENSG00000126581,BECN1,BECN1,beclin 1,darkgrey,MC100_vs_MC1;MC1_vs_CTR,2,2,0.0045882247237206,1.9818057040848411,1.6205712312459823,MC100_vs_MC1,-1.9818057040848411,0.0045882247237206,up_in_reference,1,1,,,-1.9818057040848411,1.2593367584071236,,,,0.0045882247237206,0.0953048182038217,,,,up_in_reference,up_in_tested,
PPP1R37,ENSG00000104866,PPP1R37,PPP1R37,protein phosphatase 1 regulatory subunit 37,darkgrey,MC100_vs_MC1,1,1,0.0047600052348707,1.1967983747077229,1.1967983747077229,MC100_vs_MC1,-1.1967983747077229,0.0047600052348707,up_in_reference,0,1,,,-1.1967983747077229,,,,,0.0047600052348707,,,,,up_in_reference,,
RPS23,ENSG00000186468,RPS23,RPS23,ribosomal protein S23,dimgrey,MA100_vs_CTR;MD1_vs_CTR,2,2,0.0048373731029822,1.0516752469404655,1.0305242558895553,MA100_vs_CTR,-1.0516752469404655,0.0048373731029822,up_in_reference,0,2,-1.0516752469404655,,,,-1.009373264838645,0.0048373731029822,,,,0.0070072791199188,up_in_reference,,,,up_in_reference
BNC1,ENSG00000169594,BNC1,BNC1,basonuclin zinc finger protein 1,dimgrey,MC100_vs_MC1,1,1,0.0048888656813981,2.696180140353173,2.696180140353173,MC100_vs_MC1,2.696180140353173,0.0048888656813981,up_in_tested,1,0,,,2.696180140353173,,,,,0.0048888656813981,,,,,up_in_tested,,
MTERF3,ENSG00000156469,MTERF3,MTERF3,mitochondrial transcription termination factor 3,dimgrey,MC1_vs_CTR;MD1_vs_CTR,2,2,0.0049409793446749,1.2196366786898651,1.1756574324418492,MD1_vs_CTR,-1.2196366786898651,0.0049409793446749,up_in_reference,0,2,,,,-1.131678186193833,-1.2196366786898651,,,,0.0084914834388119,0.0049409793446749,,,,up_in_reference,up_in_reference
ZBTB24,ENSG00000112365,ZBTB24,ZBTB24,zinc finger and BTB domain containing 24,dimgrey,MA100_vs_CTR,1,1,0.0050759802995038,1.1442556079281998,1.1442556079281998,MA100_vs_CTR,-1.1442556079281998,0.0050759802995038,up_in_reference,0,1,-1.1442556079281998,,,,,0.0050759802995038,,,,,up_in_reference,,,,
GPN1,ENSG00000198522,GPN1,GPN1,GPN-loop GTPase 1,dimgrey,MA100_vs_CTR,1,1,0.0051189371732441,1.021984264762156,1.021984264762156,MA100_vs_CTR,-1.021984264762156,0.0051189371732441,up_in_reference,0,1,-1.021984264762156,,,,,0.0051189371732441,,,,,up_in_reference,,,,
SOCS1,ENSG00000185338,SOCS1,SOCS1,suppressor of cytokine signaling 1,darkgrey,MA100_vs_CTR;MC1_vs_CTR,2,2,0.0051628314626581,1.1739349322255774,1.1114080509991322,MA100_vs_CTR,1.1739349322255774,0.0051628314626581,up_in_tested,2,0,1.1739349322255774,,,1.048881169772687,,0.0051628314626581,,,0.01232815235396,,up_in_tested,,,up_in_tested,
LYNX1,ENSG00000180155,LYNX1,LYNX1,Ly6/neurotoxin 1,darkgrey,MA100_vs_CTR;MC1_vs_CTR,2,2,0.0051628314626581,1.129334402876208,1.0770536676610494,MA100_vs_CTR,1.129334402876208,0.0051628314626581,up_in_tested,2,0,1.129334402876208,,,1.0247729324458907,,0.0051628314626581,,,0.0108507922998617,,up_in_tested,,,up_in_tested,
TXNDC11,ENSG00000153066,TXNDC11,TXNDC11,thioredoxin domain containing 11,dimgrey,MC100_vs_MC1,1,1,0.0051914668351209,1.9321643956959649,1.9321643956959649,MC100_vs_MC1,1.9321643956959649,0.0051914668351209,up_in_tested,1,0,,,1.9321643956959649,,,,,0.0051914668351209,,,,,up_in_tested,,
MAPK11,ENSG00000185386,MAPK11,MAPK11,mitogen-activated protein kinase 11,darkgrey,MC100_vs_MC1,1,1,0.0053895935003178,1.2431989226289508,1.2431989226289508,MC100_vs_MC1,-1.2431989226289508,0.0053895935003178,up_in_reference,0,1,,,-1.2431989226289508,,,,,0.0053895935003178,,,,,up_in_reference,,
PLXNB2,ENSG00000196576,PLXNB2,PLXNB2,plexin B2,dimgrey,MC100_vs_MC1,1,1,0.0054882560108439,1.0774614817447477,1.0774614817447477,MC100_vs_MC1,-1.0774614817447477,0.0054882560108439,up_in_reference,0,1,,,-1.0774614817447477,,,,,0.0054882560108439,,,,,up_in_reference,,
ACTG1,ENSG00000184009,ACTG1,ACTG1,actin gamma 1,dimgrey,MC1_vs_CTR;MD1_vs_CTR,2,2,0.0055559282565014,1.1367877451219122,1.087699430811263,MD1_vs_CTR,-1.1367877451219122,0.0055559282565014,up_in_reference,0,2,,,,-1.038611116500614,-1.1367877451219122,,,,0.0108507922998617,0.0055559282565014,,,,up_in_reference,up_in_reference
TRAPPC13,ENSG00000113597,TRAPPC13,TRAPPC13,trafficking protein particle complex subunit 13,dimgrey,MC100_vs_MC1;MC1_vs_CTR,2,2,0.0055850415270431,1.3282422400796317,1.3053881744176612,MC1_vs_CTR,-1.3282422400796317,0.0055850415270431,up_in_reference,1,1,,,1.2825341087556907,-1.3282422400796317,,,,0.0065176499467355,0.0055850415270431,,,,up_in_tested,up_in_reference,
ZBTB42,ENSG00000179627,ZBTB42,ZBTB42,zinc finger and BTB domain containing 42,darkgrey,MC100_vs_MC1,1,1,0.0057959286511314,1.949725772636558,1.949725772636558,MC100_vs_MC1,-1.949725772636558,0.0057959286511314,up_in_reference,0,1,,,-1.949725772636558,,,,,0.0057959286511314,,,,,up_in_reference,,
HDAC5,ENSG00000108840,HDAC5,HDAC5,histone deacetylase 5,dimgrey,MC100_vs_MC1,1,1,0.0057959286511314,1.1840732349549978,1.1840732349549978,MC100_vs_MC1,-1.1840732349549978,0.0057959286511314,up_in_reference,0,1,,,-1.1840732349549978,,,,,0.0057959286511314,,,,,up_in_reference,,
NOX1,ENSG00000007952,NOX1,NOX1,NADPH oxidase 1,darkgrey,MC100_vs_MC1,1,1,0.0059012905104372,1.5135176671865258,1.5135176671865258,MC100_vs_MC1,-1.5135176671865258,0.0059012905104372,up_in_reference,0,1,,,-1.5135176671865258,,,,,0.0059012905104372,,,,,up_in_reference,,
CTSZ,ENSG00000101160,CTSZ,CTSZ,cathepsin Z,darkgrey,MC100_vs_MC1,1,1,0.0059035325765375,1.5616278645419823,1.5616278645419823,MC100_vs_MC1,-1.5616278645419823,0.0059035325765375,up_in_reference,0,1,,,-1.5616278645419823,,,,,0.0059035325765375,,,,,up_in_reference,,
ZSWIM9,ENSG00000185453,ZSWIM9,ZSWIM9,zinc finger SWIM-type containing 9,darkgrey,MA100_vs_CTR,1,1,0.0059910381300276,1.001451933087743,1.001451933087743,MA100_vs_CTR,1.001451933087743,0.0059910381300276,up_in_tested,1,0,1.001451933087743,,,,,0.0059910381300276,,,,,up_in_tested,,,,
GPHRA,ENSG00000117262,GPHRA,GPHRA,golgi pH regulator A,dimgrey,MA100_vs_CTR,1,1,0.0061291776218841,1.041456881201423,1.041456881201423,MA100_vs_CTR,-1.041456881201423,0.0061291776218841,up_in_reference,0,1,-1.041456881201423,,,,,0.0061291776218841,,,,,up_in_reference,,,,
SMPDL3A,ENSG00000172594,SMPDL3A,SMPDL3A,sphingomyelin phosphodiesterase acid like 3A,silver,MC100_vs_MC1,1,1,0.0061642832771518,1.2938337623571667,1.2938337623571667,MC100_vs_MC1,1.2938337623571667,0.0061642832771518,up_in_tested,1,0,,,1.2938337623571667,,,,,0.0061642832771518,,,,,up_in_tested,,
SMDT1,ENSG00000183172,SMDT1,SMDT1,single-pass membrane protein with aspartate rich tail 1,dimgrey,MC100_vs_MC1,1,1,0.0062764202481264,1.3362183160872732,1.3362183160872732,MC100_vs_MC1,1.3362183160872732,0.0062764202481264,up_in_tested,1,0,,,1.3362183160872732,,,,,0.0062764202481264,,,,,up_in_tested,,
IL17RC,ENSG00000163702,IL17RC,IL17RC,interleukin 17 receptor C,darkgrey,MC100_vs_MC1,1,1,0.0063511143754682,1.8240586250526736,1.8240586250526736,MC100_vs_MC1,-1.8240586250526736,0.0063511143754682,up_in_reference,0,1,,,-1.8240586250526736,,,,,0.0063511143754682,,,,,up_in_reference,,
LXN,ENSG00000079257,LXN,LXN,latexin,dimgrey,MA100_vs_CTR;MD1_vs_CTR,2,2,0.0064618551116944,1.6202647481914387,1.4036262389056025,MA100_vs_CTR,-1.6202647481914387,0.0064618551116944,up_in_reference,0,2,-1.6202647481914387,,,,-1.1869877296197662,0.0064618551116944,,,,0.0562296643876764,up_in_reference,,,,up_in_reference
EMC4,ENSG00000128463,EMC4,EMC4,ER membrane protein complex subunit 4,dimgrey,MC100_vs_MC1,1,1,0.0065009718902415,2.4753753930015745,2.4753753930015745,MC100_vs_MC1,2.4753753930015745,0.0065009718902415,up_in_tested,1,0,,,2.4753753930015745,,,,,0.0065009718902415,,,,,up_in_tested,,
BAG6,ENSG00000204463,BAG6,BAG6,BAG cochaperone 6,dimgrey,MA100_vs_CTR,1,1,0.0067032208745174,1.0958975619097022,1.0958975619097022,MA100_vs_CTR,-1.0958975619097022,0.0067032208745174,up_in_reference,0,1,-1.0958975619097022,,,,,0.0067032208745174,,,,,up_in_reference,,,,
MARS1,ENSG00000166986,MARS1,MARS1,methionyl-tRNA synthetase 1,dimgrey,MA100_vs_CTR;MD1_vs_CTR,2,2,0.0068080303351582,1.1852862488171318,1.117523693567481,MA100_vs_CTR,-1.1852862488171318,0.0068080303351582,up_in_reference,0,2,-1.1852862488171318,,,,-1.0497611383178302,0.0068080303351582,,,,0.0178190316967748,up_in_reference,,,,up_in_reference
HIGD2B,ENSG00000175202,HIGD2B,HIGD2B,HIG1 hypoxia inducible domain family member 2B,darkgrey,MC100_vs_MC1,1,1,0.0068384003550346,2.367187153873038,2.367187153873038,MC100_vs_MC1,-2.367187153873038,0.0068384003550346,up_in_reference,0,1,,,-2.367187153873038,,,,,0.0068384003550346,,,,,up_in_reference,,
CCDC39,ENSG00000284862,CCDC39,CCDC39,coiled-coil domain 39 molecular ruler complex subunit,gainsboro,MC100_vs_MC1,1,1,0.0069366033552812,2.2118430817529338,2.2118430817529338,MC100_vs_MC1,-2.2118430817529338,0.0069366033552812,up_in_reference,0,1,,,-2.2118430817529338,,,,,0.0069366033552812,,,,,up_in_reference,,
CHAF1B,ENSG00000159259,CHAF1B,CHAF1B,chromatin assembly factor 1 subunit B,dimgrey,MA100_vs_CTR,1,1,0.0070804802785731,1.0097456481658889,1.0097456481658889,MA100_vs_CTR,-1.0097456481658889,0.0070804802785731,up_in_reference,0,1,-1.0097456481658889,,,,,0.0070804802785731,,,,,up_in_reference,,,,
RBM43,ENSG00000184898,RBM43,RBM43,RNA binding motif protein 43,gainsboro,MD1_vs_CTR,1,1,0.007116888261646,1.0403634233936794,1.0403634233936794,MD1_vs_CTR,1.0403634233936794,0.007116888261646,up_in_tested,1,0,,,,,1.0403634233936794,,,,,0.007116888261646,,,,,up_in_tested
DGKI,ENSG00000157680,DGKI,DGKI,diacylglycerol kinase iota,darkgrey,MD1_vs_CTR,1,1,0.0072143606571041,1.234218362260125,1.234218362260125,MD1_vs_CTR,1.234218362260125,0.0072143606571041,up_in_tested,1,0,,,,,1.234218362260125,,,,,0.0072143606571041,,,,,up_in_tested
ZRANB1,ENSG00000019995,ZRANB1,ZRANB1,zinc finger RANBP2-type containing 1,dimgrey,MA100_vs_CTR,1,1,0.0072793621243999,1.5803915070092651,1.5803915070092651,MA100_vs_CTR,1.5803915070092651,0.0072793621243999,up_in_tested,1,0,1.5803915070092651,,,,,0.0072793621243999,,,,,up_in_tested,,,,
NACAD,ENSG00000136274,NACAD,NACAD,NAC alpha domain containing,darkgrey,MD1_vs_CTR,1,1,0.0074806410782053,1.181374187934088,1.181374187934088,MD1_vs_CTR,1.181374187934088,0.0074806410782053,up_in_tested,1,0,,,,,1.181374187934088,,,,,0.0074806410782053,,,,,up_in_tested
ACAA2,ENSG00000167315,ACAA2,ACAA2,acetyl-CoA acyltransferase 2,dimgrey,MC100_vs_MC1,1,1,0.0075524070487675,1.2005256504984945,1.2005256504984945,MC100_vs_MC1,1.2005256504984945,0.0075524070487675,up_in_tested,1,0,,,1.2005256504984945,,,,,0.0075524070487675,,,,,up_in_tested,,
CYP1B1,ENSG00000138061,CYP1B1,CYP1B1,cytochrome P450 family 1 subfamily B member 1,dimgrey,MC1_vs_CTR,1,1,0.0077344154717335,1.034642875920884,1.034642875920884,MC1_vs_CTR,1.034642875920884,0.0077344154717335,up_in_tested,1,0,,,,1.034642875920884,,,,,0.0077344154717335,,,,,up_in_tested,
CNST,ENSG00000162852,CNST,CNST,"consortin, connexin sorting protein",dimgrey,MC1_vs_CTR,1,1,0.0078239309564266,1.0290120110304977,1.0290120110304977,MC1_vs_CTR,-1.0290120110304977,0.0078239309564266,up_in_reference,0,1,,,,-1.0290120110304977,,,,,0.0078239309564266,,,,,up_in_reference,
FLOT1,ENSG00000137312,FLOT1,FLOT1,flotillin 1,dimgrey,MA100_vs_CTR,1,1,0.0080620253810884,1.8631508613974612,1.8631508613974612,MA100_vs_CTR,-1.8631508613974612,0.0080620253810884,up_in_reference,0,1,-1.8631508613974612,,,,,0.0080620253810884,,,,,up_in_reference,,,,
C1orf216,ENSG00000142686,C1orf216,C1orf216,chromosome 1 open reading frame 216,darkgrey,MC100_vs_MC1,1,1,0.0081476181182097,1.0139405262482597,1.0139405262482597,MC100_vs_MC1,-1.0139405262482597,0.0081476181182097,up_in_reference,0,1,,,-1.0139405262482597,,,,,0.0081476181182097,,,,,up_in_reference,,
FOLR3,ENSG00000110203,FOLR3,FOLR3,folate receptor gamma,dimgrey,MC100_vs_MC1,1,1,0.0081484643936508,2.6863070829155085,2.6863070829155085,MC100_vs_MC1,2.6863070829155085,0.0081484643936508,up_in_tested,1,0,,,2.6863070829155085,,,,,0.0081484643936508,,,,,up_in_tested,,
QTRT1,ENSG00000213339,QTRT1,QTRT1,queuine tRNA-ribosyltransferase catalytic subunit 1,darkgrey,MA100_vs_CTR;MC100_vs_MC1,2,2,0.0081945342340697,1.2603877579527063,1.168939486201468,MC100_vs_MC1,-1.2603877579527063,0.0081945342340697,up_in_reference,1,1,1.0774912144502298,,-1.2603877579527063,,,0.0305567363808365,,0.0081945342340697,,,up_in_tested,,up_in_reference,,
SLC26A1,ENSG00000145217,SLC26A1,SLC26A1,solute carrier family 26 member 1,dimgrey,MA100_vs_CTR,1,1,0.0082074294248184,1.0968409353788355,1.0968409353788355,MA100_vs_CTR,-1.0968409353788355,0.0082074294248184,up_in_reference,0,1,-1.0968409353788355,,,,,0.0082074294248184,,,,,up_in_reference,,,,
HIVEP1,ENSG00000095951,HIVEP1,HIVEP1,HIVEP zinc finger 1,darkgrey,MA100_vs_CTR,1,1,0.0083229527364912,1.0555603894509946,1.0555603894509946,MA100_vs_CTR,1.0555603894509946,0.0083229527364912,up_in_tested,1,0,1.0555603894509946,,,,,0.0083229527364912,,,,,up_in_tested,,,,
AP1S1,ENSG00000106367,AP1S1,AP1S1,adaptor related protein complex 1 subunit sigma 1,darkgrey,MC100_vs_MC1,1,1,0.0084747397076308,1.1945232259982326,1.1945232259982326,MC100_vs_MC1,-1.1945232259982326,0.0084747397076308,up_in_reference,0,1,,,-1.1945232259982326,,,,,0.0084747397076308,,,,,up_in_reference,,
ACADS,ENSG00000122971,ACADS,ACADS,acyl-CoA dehydrogenase short chain,darkgrey,MD1_vs_CTR,1,1,0.008641840470918,1.0848699657862733,1.0848699657862733,MD1_vs_CTR,1.0848699657862733,0.008641840470918,up_in_tested,1,0,,,,,1.0848699657862733,,,,,0.008641840470918,,,,,up_in_tested
DOHH,ENSG00000129932,DOHH,DOHH,deoxyhypusine hydroxylase,darkgrey,MA100_vs_MA1;MC100_vs_MC1,2,2,0.0089547915404691,1.412086912138482,1.3610837112057834,MC100_vs_MC1,-1.412086912138482,0.0089547915404691,up_in_reference,1,1,,1.310080510273085,-1.412086912138482,,,,0.0635400999805177,0.0089547915404691,,,,up_in_tested,up_in_reference,,
LRRC15,ENSG00000172061,LRRC15,LRRC15,leucine rich repeat containing 15,darkgrey,MC100_vs_MC1,1,1,0.0092254029047341,1.2236765609749949,1.2236765609749949,MC100_vs_MC1,-1.2236765609749949,0.0092254029047341,up_in_reference,0,1,,,-1.2236765609749949,,,,,0.0092254029047341,,,,,up_in_reference,,
TP53INP1,ENSG00000164938,TP53INP1,TP53INP1,tumor protein p53 inducible nuclear protein 1,dimgrey,MA100_vs_CTR,1,1,0.0096385225403004,1.0997766410960734,1.0997766410960734,MA100_vs_CTR,-1.0997766410960734,0.0096385225403004,up_in_reference,0,1,-1.0997766410960734,,,,,0.0096385225403004,,,,,up_in_reference,,,,
WDR46,ENSG00000227057,WDR46,WDR46,WD repeat domain 46,dimgrey,MC100_vs_MC1,1,1,0.0096478886768731,1.174653094677679,1.174653094677679,MC100_vs_MC1,1.174653094677679,0.0096478886768731,up_in_tested,1,0,,,1.174653094677679,,,,,0.0096478886768731,,,,,up_in_tested,,
RFX8,ENSG00000196460,RFX8,RFX8,regulatory factor X8,dimgrey,MA100_vs_CTR,1,1,0.0096935256781275,1.2046077862783682,1.2046077862783682,MA100_vs_CTR,-1.2046077862783682,0.0096935256781275,up_in_reference,0,1,-1.2046077862783682,,,,,0.0096935256781275,,,,,up_in_reference,,,,
ASPHD1,ENSG00000174939,ASPHD1,ASPHD1,aspartate beta-hydroxylase domain containing 1,dimgrey,MC1_vs_CTR,1,1,0.0096964827700369,1.0762961071232486,1.0762961071232486,MC1_vs_CTR,1.0762961071232486,0.0096964827700369,up_in_tested,1,0,,,,1.0762961071232486,,,,,0.0096964827700369,,,,,up_in_tested,
ABCB10,ENSG00000135776,ABCB10,ABCB10,ATP binding cassette subfamily B member 10,silver,MC100_vs_MC1,1,1,0.0097779196877562,1.0686701904298457,1.0686701904298457,MC100_vs_MC1,1.0686701904298457,0.0097779196877562,up_in_tested,1,0,,,1.0686701904298457,,,,,0.0097779196877562,,,,,up_in_tested,,
SUPT20HL2,ENSG00000223611,SUPT20HL2,SUPT20HL2,SUPT20H like 2,darkgrey,MC100_vs_MC1,1,1,0.0098383683228038,1.7640740404712407,1.7640740404712407,MC100_vs_MC1,-1.7640740404712407,0.0098383683228038,up_in_reference,0,1,,,-1.7640740404712407,,,,,0.0098383683228038,,,,,up_in_reference,,
PIGBOS1,ENSG00000225973,PIGBOS1,PIGBOS1,PIGB opposite strand 1,dimgrey,MC100_vs_MC1,1,1,0.0100958215911177,1.0936383224358952,1.0936383224358952,MC100_vs_MC1,1.0936383224358952,0.0100958215911177,up_in_tested,1,0,,,1.0936383224358952,,,,,0.0100958215911177,,,,,up_in_tested,,
TMEM179B,ENSG00000185475,TMEM179B,TMEM179B,transmembrane protein 179B,dimgrey,MC100_vs_MC1,1,1,0.0101811040208411,1.5439062820761398,1.5439062820761398,MC100_vs_MC1,1.5439062820761398,0.0101811040208411,up_in_tested,1,0,,,1.5439062820761398,,,,,0.0101811040208411,,,,,up_in_tested,,
FAM89A,ENSG00000182118,FAM89A,FAM89A,family with sequence similarity 89 member A,dimgrey,MC100_vs_MC1,1,1,0.0101933047213044,1.225860954983624,1.225860954983624,MC100_vs_MC1,1.225860954983624,0.0101933047213044,up_in_tested,1,0,,,1.225860954983624,,,,,0.0101933047213044,,,,,up_in_tested,,
TRMT10B,ENSG00000165275,TRMT10B,TRMT10B,tRNA methyltransferase 10B,darkgrey,MC100_vs_MC1,1,1,0.0102270294854307,1.069641786227001,1.069641786227001,MC100_vs_MC1,-1.069641786227001,0.0102270294854307,up_in_reference,0,1,,,-1.069641786227001,,,,,0.0102270294854307,,,,,up_in_reference,,
PABIR1,ENSG00000187866,PABIR1,PABIR1,PP2A Aalpha (PPP2R1A) and B55A (PPP2R2A) interacting phosphatase regulator 1,dimgrey,MC100_vs_MC1,1,1,0.0102270294854307,1.0252843506474678,1.0252843506474678,MC100_vs_MC1,1.0252843506474678,0.0102270294854307,up_in_tested,1,0,,,1.0252843506474678,,,,,0.0102270294854307,,,,,up_in_tested,,
ERN1,ENSG00000178607,ERN1,ERN1,endoplasmic reticulum to nucleus signaling 1,dimgrey,MA100_vs_CTR,1,1,0.0103516992720369,1.0040085328473924,1.0040085328473924,MA100_vs_CTR,-1.0040085328473924,0.0103516992720369,up_in_reference,0,1,-1.0040085328473924,,,,,0.0103516992720369,,,,,up_in_reference,,,,
S100A3,ENSG00000188015,S100A3,S100A3,S100 calcium binding protein A3,darkgrey,MC100_vs_MC1,1,1,0.010401587285309,1.7134715094452662,1.7134715094452662,MC100_vs_MC1,-1.7134715094452662,0.010401587285309,up_in_reference,0,1,,,-1.7134715094452662,,,,,0.010401587285309,,,,,up_in_reference,,
POLR2A,ENSG00000181222,POLR2A,POLR2A,RNA polymerase II subunit A,darkgrey,MC100_vs_MC1,1,1,0.0106002630073259,2.043770834141077,2.043770834141077,MC100_vs_MC1,-2.043770834141077,0.0106002630073259,up_in_reference,0,1,,,-2.043770834141077,,,,,0.0106002630073259,,,,,up_in_reference,,
BBS12,ENSG00000181004,BBS12,BBS12,Bardet-Biedl syndrome 12,silver,MC100_vs_MC1,1,1,0.0107755031903664,1.6773976541678155,1.6773976541678155,MC100_vs_MC1,1.6773976541678155,0.0107755031903664,up_in_tested,1,0,,,1.6773976541678155,,,,,0.0107755031903664,,,,,up_in_tested,,
POFUT3,ENSG00000172728,POFUT3,POFUT3,protein O-fucosyltransferase 3,silver,MC100_vs_MC1,1,1,0.0107943336659156,1.5700743921802447,1.5700743921802447,MC100_vs_MC1,1.5700743921802447,0.0107943336659156,up_in_tested,1,0,,,1.5700743921802447,,,,,0.0107943336659156,,,,,up_in_tested,,
NECTIN1,ENSG00000110400,NECTIN1,NECTIN1,nectin cell adhesion molecule 1,dimgrey,MA100_vs_CTR,1,1,0.01080128737214,1.1482056248070247,1.1482056248070247,MA100_vs_CTR,-1.1482056248070247,0.01080128737214,up_in_reference,0,1,-1.1482056248070247,,,,,0.01080128737214,,,,,up_in_reference,,,,
EBLN2,ENSG00000255423,EBLN2,EBLN2,endogenous Bornavirus like nucleoprotein 2,silver,MC100_vs_MC1,1,1,0.0108940918984524,1.3868371104040718,1.3868371104040718,MC100_vs_MC1,1.3868371104040718,0.0108940918984524,up_in_tested,1,0,,,1.3868371104040718,,,,,0.0108940918984524,,,,,up_in_tested,,
COPB2,ENSG00000184432,COPB2,COPB2,coat protein complex I subunit beta 2,gainsboro,MD1_vs_CTR,1,1,0.011082774513482,1.004680520527479,1.004680520527479,MD1_vs_CTR,1.004680520527479,0.011082774513482,up_in_tested,1,0,,,,,1.004680520527479,,,,,0.011082774513482,,,,,up_in_tested
METTL5,ENSG00000138382,METTL5,METTL5,"methyltransferase 5, N6-adenosine",dimgrey,MA100_vs_CTR,1,1,0.0112097568500167,1.294795611179641,1.294795611179641,MA100_vs_CTR,-1.294795611179641,0.0112097568500167,up_in_reference,0,1,-1.294795611179641,,,,,0.0112097568500167,,,,,up_in_reference,,,,
ZNF611,ENSG00000213020,ZNF611,ZNF611,zinc finger protein 611,darkgrey,MA100_vs_CTR,1,1,0.0112109435032541,1.038174673232374,1.038174673232374,MA100_vs_CTR,1.038174673232374,0.0112109435032541,up_in_tested,1,0,1.038174673232374,,,,,0.0112109435032541,,,,,up_in_tested,,,,
TMEM8B,ENSG00000137103,TMEM8B,TMEM8B,transmembrane protein 8B,darkgrey,MC100_vs_MC1;MC1_vs_CTR,2,2,0.0113856903277825,1.1204097224622347,1.0685353075297757,MC1_vs_CTR,1.1204097224622347,0.0113856903277825,up_in_tested,1,1,,,-1.0166608925973164,1.1204097224622347,,,,0.0211152507458085,0.0113856903277825,,,,up_in_reference,up_in_tested,
EOLA2,ENSG00000197021,EOLA2,EOLA2,endothelium and lymphocyte associated ASCH domain 2,dimgrey,MC100_vs_MC1,1,1,0.0114669487336929,1.6873773123835871,1.6873773123835871,MC100_vs_MC1,1.6873773123835871,0.0114669487336929,up_in_tested,1,0,,,1.6873773123835871,,,,,0.0114669487336929,,,,,up_in_tested,,
DMPK,ENSG00000104936,DMPK,DMPK,DM1 protein kinase,dimgrey,MC100_vs_MC1,1,1,0.0120258882190777,1.3691930784693065,1.3691930784693065,MC100_vs_MC1,1.3691930784693065,0.0120258882190777,up_in_tested,1,0,,,1.3691930784693065,,,,,0.0120258882190777,,,,,up_in_tested,,
LTBP4,ENSG00000090006,LTBP4,LTBP4,latent transforming growth factor beta binding protein 4,dimgrey,MC1_vs_CTR,1,1,0.0120950922466501,1.1080224397803378,1.1080224397803378,MC1_vs_CTR,1.1080224397803378,0.0120950922466501,up_in_tested,1,0,,,,1.1080224397803378,,,,,0.0120950922466501,,,,,up_in_tested,
WNK4,ENSG00000126562,WNK4,WNK4,WNK lysine deficient protein kinase 4,dimgrey,MC100_vs_MC1,1,1,0.0121393304465359,1.3977037908441583,1.3977037908441583,MC100_vs_MC1,1.3977037908441583,0.0121393304465359,up_in_tested,1,0,,,1.3977037908441583,,,,,0.0121393304465359,,,,,up_in_tested,,
PAOX,ENSG00000148832,PAOX,PAOX,polyamine oxidase,darkgrey,MC100_vs_MC1,1,1,0.0124619052763371,1.506870887783474,1.506870887783474,MC100_vs_MC1,-1.506870887783474,0.0124619052763371,up_in_reference,0,1,,,-1.506870887783474,,,,,0.0124619052763371,,,,,up_in_reference,,
LAMB3,ENSG00000196878,LAMB3,LAMB3,laminin subunit beta 3,dimgrey,MA100_vs_CTR,1,1,0.0124710216842088,1.1106304186872682,1.1106304186872682,MA100_vs_CTR,-1.1106304186872682,0.0124710216842088,up_in_reference,0,1,-1.1106304186872682,,,,,0.0124710216842088,,,,,up_in_reference,,,,
NINL,ENSG00000101004,NINL,NINL,ninein like,darkgrey,MC100_vs_MC1,1,1,0.0127151497122003,1.402889894249744,1.402889894249744,MC100_vs_MC1,-1.402889894249744,0.0127151497122003,up_in_reference,0,1,,,-1.402889894249744,,,,,0.0127151497122003,,,,,up_in_reference,,
UBXN2B,ENSG00000215114,UBXN2B,UBXN2B,UBX domain protein 2B,dimgrey,MA100_vs_CTR,1,1,0.0129712019894122,1.2756614567733533,1.2756614567733533,MA100_vs_CTR,-1.2756614567733533,0.0129712019894122,up_in_reference,0,1,-1.2756614567733533,,,,,0.0129712019894122,,,,,up_in_reference,,,,
DCHS1,ENSG00000166341,DCHS1,DCHS1,dachsous cadherin-related 1,darkgrey,MC100_vs_MC1,1,1,0.0133305092540629,1.6283654559955203,1.6283654559955203,MC100_vs_MC1,-1.6283654559955203,0.0133305092540629,up_in_reference,0,1,,,-1.6283654559955203,,,,,0.0133305092540629,,,,,up_in_reference,,
FBXO34,ENSG00000178974,FBXO34,FBXO34,F-box protein 34,dimgrey,MA100_vs_CTR,1,1,0.013645204866,1.1989660964235085,1.1989660964235085,MA100_vs_CTR,-1.1989660964235085,0.013645204866,up_in_reference,0,1,-1.1989660964235085,,,,,0.013645204866,,,,,up_in_reference,,,,
MMP16,ENSG00000156103,MMP16,MMP16,matrix metallopeptidase 16,dimgrey,MC100_vs_MC1,1,1,0.013659815029982,1.1295901946311535,1.1295901946311535,MC100_vs_MC1,-1.1295901946311535,0.013659815029982,up_in_reference,0,1,,,-1.1295901946311535,,,,,0.013659815029982,,,,,up_in_reference,,
MRFAP1L2,ENSG00000170846,MRFAP1L2,MRFAP1L2,Morf4 family associated protein 1 like 2,dimgrey,MC100_vs_MC1;MC1_vs_CTR,2,2,0.0136912070041824,1.4553188262406676,1.4447108860292415,MC1_vs_CTR,-1.4553188262406676,0.0141953390146745,up_in_reference,1,1,,,1.4341029458178154,-1.4553188262406676,,,,0.0136912070041824,0.0141953390146745,,,,up_in_tested,up_in_reference,
ANO4,ENSG00000151572,ANO4,ANO4,anoctamin 4,gainsboro,MA100_vs_CTR;MD1_vs_CTR,2,2,0.0137329200471112,1.2339623740013008,1.1179051169983993,MD1_vs_CTR,1.2339623740013008,0.0137329200471112,up_in_tested,2,0,1.001847859995498,,,,1.2339623740013008,0.0533455650496615,,,,0.0137329200471112,up_in_tested,,,,up_in_tested
CEND1,ENSG00000184524,CEND1,CEND1,cell cycle exit and neuronal differentiation 1,darkgrey,MC100_vs_MC1,1,1,0.0140684228080928,1.5387107808710692,1.5387107808710692,MC100_vs_MC1,-1.5387107808710692,0.0140684228080928,up_in_reference,0,1,,,-1.5387107808710692,,,,,0.0140684228080928,,,,,up_in_reference,,
FCRLB,ENSG00000162746,FCRLB,FCRLB,Fc receptor like B,dimgrey,MA100_vs_CTR,1,1,0.0141107948606952,1.0568357657319372,1.0568357657319372,MA100_vs_CTR,-1.0568357657319372,0.0141107948606952,up_in_reference,0,1,-1.0568357657319372,,,,,0.0141107948606952,,,,,up_in_reference,,,,
COL11A1,ENSG00000060718,COL11A1,COL11A1,collagen type XI alpha 1 chain,gainsboro,MA100_vs_CTR,1,1,0.0142921801999862,1.2010585873941722,1.2010585873941722,MA100_vs_CTR,1.2010585873941722,0.0142921801999862,up_in_tested,1,0,1.2010585873941722,,,,,0.0142921801999862,,,,,up_in_tested,,,,
MTMR3,ENSG00000100330,MTMR3,MTMR3,myotubularin related protein 3,darkgrey,MC1_vs_CTR,1,1,0.0143557975339422,1.1745080442921445,1.1745080442921445,MC1_vs_CTR,1.1745080442921445,0.0143557975339422,up_in_tested,1,0,,,,1.1745080442921445,,,,,0.0143557975339422,,,,,up_in_tested,
C5orf34,ENSG00000172244,C5orf34,C5orf34,chromosome 5 open reading frame 34,dimgrey,MC100_vs_MC1,1,1,0.0144451776018701,1.838241860720976,1.838241860720976,MC100_vs_MC1,1.838241860720976,0.0144451776018701,up_in_tested,1,0,,,1.838241860720976,,,,,0.0144451776018701,,,,,up_in_tested,,
TBKBP1,ENSG00000198933,TBKBP1,TBKBP1,TBK1 binding protein 1,darkgrey,MC100_vs_MC1,1,1,0.014518759209866,1.1561303169909798,1.1561303169909798,MC100_vs_MC1,-1.1561303169909798,0.014518759209866,up_in_reference,0,1,,,-1.1561303169909798,,,,,0.014518759209866,,,,,up_in_reference,,
LRFN3,ENSG00000126243,LRFN3,LRFN3,leucine rich repeat and fibronectin type III domain containing 3,darkgrey,MC100_vs_MC1,1,1,0.0147496585218927,1.2194567182577027,1.2194567182577027,MC100_vs_MC1,-1.2194567182577027,0.0147496585218927,up_in_reference,0,1,,,-1.2194567182577027,,,,,0.0147496585218927,,,,,up_in_reference,,
NOL8,ENSG00000198000,NOL8,NOL8,nucleolar protein 8,dimgrey,MA100_vs_CTR;MD1_vs_CTR,2,2,0.0150431297931157,1.1242715697945416,1.0961760932596245,MD1_vs_CTR,-1.1242715697945416,0.0150431297931157,up_in_reference,0,2,-1.0680806167247074,,,,-1.1242715697945416,0.0223317052449158,,,,0.0150431297931157,up_in_reference,,,,up_in_reference
DOCK6,ENSG00000130158,DOCK6,DOCK6,dedicator of cytokinesis 6,dimgrey,MC100_vs_MC1,1,1,0.015444388483086,1.0122897621523883,1.0122897621523883,MC100_vs_MC1,-1.0122897621523883,0.015444388483086,up_in_reference,0,1,,,-1.0122897621523883,,,,,0.015444388483086,,,,,up_in_reference,,
SAPCD2,ENSG00000186193,SAPCD2,SAPCD2,suppressor APC domain containing 2,dimgrey,MA100_vs_CTR,1,1,0.0154727818745271,1.0074283711879153,1.0074283711879153,MA100_vs_CTR,-1.0074283711879153,0.0154727818745271,up_in_reference,0,1,-1.0074283711879153,,,,,0.0154727818745271,,,,,up_in_reference,,,,
CDK7,ENSG00000134058,CDK7,CDK7,cyclin dependent kinase 7,dimgrey,MC100_vs_MC1,1,1,0.015890806600288,1.1768276186727231,1.1768276186727231,MC100_vs_MC1,1.1768276186727231,0.015890806600288,up_in_tested,1,0,,,1.1768276186727231,,,,,0.015890806600288,,,,,up_in_tested,,
PRDM6,ENSG00000061455,PRDM6,PRDM6,PR/SET domain 6,silver,MC100_vs_MC1,1,1,0.016104121393436,1.0188446305582546,1.0188446305582546,MC100_vs_MC1,1.0188446305582546,0.016104121393436,up_in_tested,1,0,,,1.0188446305582546,,,,,0.016104121393436,,,,,up_in_tested,,
TLR6,ENSG00000174130,TLR6,TLR6,toll like receptor 6,darkgrey,MC100_vs_MC1,1,1,0.0161186483623263,1.4860885329515818,1.4860885329515818,MC100_vs_MC1,-1.4860885329515818,0.0161186483623263,up_in_reference,0,1,,,-1.4860885329515818,,,,,0.0161186483623263,,,,,up_in_reference,,
PRRC2B,ENSG00000288701,PRRC2B,PRRC2B,proline rich coiled-coil 2B,darkgrey,MA100_vs_CTR;MC100_vs_MC1;MC1_vs_CTR;MD1_vs_CTR,4,4,0.0161701294526425,1.3353837477413977,1.2466202625300593,MC1_vs_CTR,1.3353837477413977,0.0167647627020075,up_in_tested,3,1,1.233882959258923,,-1.3146661116218712,1.3353837477413977,1.1025482314980453,0.0317392092642481,,0.0161701294526425,0.0167647627020075,0.0611630292674377,up_in_tested,,up_in_reference,up_in_tested,up_in_tested
AMDHD2,ENSG00000162066,AMDHD2,AMDHD2,amidohydrolase domain containing 2,darkgrey,MC100_vs_MC1,1,1,0.0163723980928998,1.0070012325742594,1.0070012325742594,MC100_vs_MC1,-1.0070012325742594,0.0163723980928998,up_in_reference,0,1,,,-1.0070012325742594,,,,,0.0163723980928998,,,,,up_in_reference,,
LRCH2,ENSG00000130224,LRCH2,LRCH2,leucine rich repeats and calponin homology domain containing 2,dimgrey,MC100_vs_MC1,1,1,0.0164174583169205,1.0080353872647632,1.0080353872647632,MC100_vs_MC1,1.0080353872647632,0.0164174583169205,up_in_tested,1,0,,,1.0080353872647632,,,,,0.0164174583169205,,,,,up_in_tested,,
SYTL4,ENSG00000102362,SYTL4,SYTL4,synaptotagmin like 4,darkgrey,MA100_vs_CTR,1,1,0.0164635298550599,1.147345901274759,1.147345901274759,MA100_vs_CTR,1.147345901274759,0.0164635298550599,up_in_tested,1,0,1.147345901274759,,,,,0.0164635298550599,,,,,up_in_tested,,,,
AATF,ENSG00000275700,AATF,AATF,apoptosis antagonizing transcription factor,dimgrey,MA100_vs_CTR,1,1,0.0164861267334333,1.2711206351916309,1.2711206351916309,MA100_vs_CTR,-1.2711206351916309,0.0164861267334333,up_in_reference,0,1,-1.2711206351916309,,,,,0.0164861267334333,,,,,up_in_reference,,,,
HAUS7,ENSG00000213397,HAUS7,HAUS7,HAUS augmin like complex subunit 7,darkgrey,MC100_vs_MC1,1,1,0.0166376992719296,1.5676922566375475,1.5676922566375475,MC100_vs_MC1,-1.5676922566375475,0.0166376992719296,up_in_reference,0,1,,,-1.5676922566375475,,,,,0.0166376992719296,,,,,up_in_reference,,
CETN2,ENSG00000147400,CETN2,CETN2,centrin 2,dimgrey,MA100_vs_CTR;MC100_vs_MC1;MC1_vs_CTR,3,3,0.016780884737021,1.2340155658300196,1.1818558296998836,MA100_vs_CTR,1.2340155658300196,0.016780884737021,up_in_tested,2,1,1.2340155658300196,,-1.1534212516618512,1.1581306716077802,,0.016780884737021,,0.0223155795833343,0.0231928321821095,,up_in_tested,,up_in_reference,up_in_tested,
TMEM54,ENSG00000121900,TMEM54,TMEM54,transmembrane protein 54,dimgrey,MC100_vs_MC1,1,1,0.016837644176349,1.1820101137922387,1.1820101137922387,MC100_vs_MC1,1.1820101137922387,0.016837644176349,up_in_tested,1,0,,,1.1820101137922387,,,,,0.016837644176349,,,,,up_in_tested,,
SLC25A53,ENSG00000269743,SLC25A53,SLC25A53,solute carrier family 25 member 53,dimgrey,MC100_vs_MC1,1,1,0.0168862914196705,1.5337628924232436,1.5337628924232436,MC100_vs_MC1,1.5337628924232436,0.0168862914196705,up_in_tested,1,0,,,1.5337628924232436,,,,,0.0168862914196705,,,,,up_in_tested,,
PRORP,ENSG00000100890,PRORP,PRORP,protein only RNase P catalytic subunit,gainsboro,MA100_vs_CTR,1,1,0.0169568702215699,1.5935258912438404,1.5935258912438404,MA100_vs_CTR,1.5935258912438404,0.0169568702215699,up_in_tested,1,0,1.5935258912438404,,,,,0.0169568702215699,,,,,up_in_tested,,,,
MT-ATP6,ENSG00000198899,MT-ATP6,MT-ATP6,ATP synthase F0 subunit 6,dimgrey,MA100_vs_CTR;MC1_vs_CTR;MD1_vs_CTR,3,3,0.0180581408734464,1.1295661585214976,1.069699294250827,MD1_vs_CTR,-1.1295661585214976,0.0180581408734464,up_in_reference,0,3,-1.050468839562314,,,-1.0290628846686691,-1.1295661585214976,0.0301085795581113,,,0.031157679801536,0.0180581408734464,up_in_reference,,,up_in_reference,up_in_reference
CPNE7,ENSG00000178773,CPNE7,CPNE7,copine 7,darkgrey,MA100_vs_CTR;MC100_vs_MC1;MD1_vs_CTR,3,3,0.0182062278852419,1.220443160465498,1.129997550037153,MD1_vs_CTR,1.220443160465498,0.0182062278852419,up_in_tested,2,1,1.0609229603068129,,-1.1086265293391482,,1.220443160465498,0.0450662516653981,,0.0305287010155082,,0.0182062278852419,up_in_tested,,up_in_reference,,up_in_tested
PSME2,ENSG00000100911,PSME2,PSME2,proteasome activator subunit 2,dimgrey,MA100_vs_CTR;MC100_vs_MC1;MC1_vs_CTR;MD1_vs_CTR,4,4,0.0186568922756594,1.745415499895422,1.4910404532902821,MA100_vs_CTR,-1.745415499895422,0.0186568922756594,up_in_reference,1,3,-1.745415499895422,,1.4971192038941683,-1.43587362038787,-1.2857534889836684,0.0186568922756594,,0.0417863032849379,0.0548799753486639,0.0997266322395978,up_in_reference,,up_in_tested,up_in_reference,up_in_reference
CCDC184,ENSG00000177875,CCDC184,CCDC184,coiled-coil domain containing 184,darkgrey,MC100_vs_MC1,1,1,0.0189867104072492,2.1425687536658846,2.1425687536658846,MC100_vs_MC1,-2.1425687536658846,0.0189867104072492,up_in_reference,0,1,,,-2.1425687536658846,,,,,0.0189867104072492,,,,,up_in_reference,,
GSTZ1,ENSG00000100577,GSTZ1,GSTZ1,glutathione S-transferase zeta 1,darkgrey,MC100_vs_MC1,1,1,0.0190241347847603,1.0098956878829426,1.0098956878829426,MC100_vs_MC1,-1.0098956878829426,0.0190241347847603,up_in_reference,0,1,,,-1.0098956878829426,,,,,0.0190241347847603,,,,,up_in_reference,,
ZNG1E,ENSG00000147996,ZNG1E,ZNG1E,Zn regulated GTPase metalloprotein activator 1E,dimgrey,MC1_vs_CTR,1,1,0.019083623954221,1.0720341347758802,1.0720341347758802,MC1_vs_CTR,-1.0720341347758802,0.019083623954221,up_in_reference,0,1,,,,-1.0720341347758802,,,,,0.019083623954221,,,,,up_in_reference,
SLC38A9,ENSG00000177058,SLC38A9,SLC38A9,solute carrier family 38 member 9,dimgrey,MC100_vs_MC1,1,1,0.0195605717457563,1.2714307262691815,1.2714307262691815,MC100_vs_MC1,1.2714307262691815,0.0195605717457563,up_in_tested,1,0,,,1.2714307262691815,,,,,0.0195605717457563,,,,,up_in_tested,,
BMPER,ENSG00000164619,BMPER,BMPER,BMP binding endothelial regulator,dimgrey,MC100_vs_MC1,1,1,0.0199707528469522,1.1345798811599428,1.1345798811599428,MC100_vs_MC1,1.1345798811599428,0.0199707528469522,up_in_tested,1,0,,,1.1345798811599428,,,,,0.0199707528469522,,,,,up_in_tested,,
HEXB,ENSG00000049860,HEXB,HEXB,hexosaminidase subunit beta,dimgrey,MA100_vs_CTR;MC100_vs_MC1;MC1_vs_CTR,3,3,0.0203625903211867,1.2560321821646152,1.1298032551088208,MA100_vs_CTR,-1.2560321821646152,0.0203625903211867,up_in_reference,1,2,-1.2560321821646152,,1.0974655151105237,-1.0359120680513232,,0.0203625903211867,,0.0405375666754798,0.0577374630698373,,up_in_reference,,up_in_tested,up_in_reference,
SIPA1,ENSG00000213445,SIPA1,SIPA1,signal-induced proliferation-associated 1,silver,MA100_vs_CTR,1,1,0.0206769556895007,1.111184703394898,1.111184703394898,MA100_vs_CTR,-1.111184703394898,0.0206769556895007,up_in_reference,0,1,-1.111184703394898,,,,,0.0206769556895007,,,,,up_in_reference,,,,
LRRN3,ENSG00000173114,LRRN3,LRRN3,leucine rich repeat neuronal 3,silver,MC100_vs_MC1,1,1,0.0208691988022714,1.1970045342553657,1.1970045342553657,MC100_vs_MC1,1.1970045342553657,0.0208691988022714,up_in_tested,1,0,,,1.1970045342553657,,,,,0.0208691988022714,,,,,up_in_tested,,
TMEM234,ENSG00000160055,TMEM234,TMEM234,transmembrane protein 234,dimgrey,MC100_vs_MC1,1,1,0.0213586095872643,1.3099130557740497,1.3099130557740497,MC100_vs_MC1,1.3099130557740497,0.0213586095872643,up_in_tested,1,0,,,1.3099130557740497,,,,,0.0213586095872643,,,,,up_in_tested,,
NUDT19,ENSG00000213965,NUDT19,NUDT19,nudix hydrolase 19,dimgrey,MA100_vs_CTR,1,1,0.0215367926614717,1.2444544546491152,1.2444544546491152,MA100_vs_CTR,-1.2444544546491152,0.0215367926614717,up_in_reference,0,1,-1.2444544546491152,,,,,0.0215367926614717,,,,,up_in_reference,,,,
NFKBIE,ENSG00000146232,NFKBIE,NFKBIE,NFKB inhibitor epsilon,dimgrey,MC100_vs_MC1,1,1,0.021696989633632,1.2382576289784557,1.2382576289784557,MC100_vs_MC1,1.2382576289784557,0.021696989633632,up_in_tested,1,0,,,1.2382576289784557,,,,,0.021696989633632,,,,,up_in_tested,,
CLEC14A,ENSG00000176435,CLEC14A,CLEC14A,C-type lectin domain containing 14A,dimgrey,MC100_vs_MC1,1,1,0.0220362845562699,1.97408402390686,1.97408402390686,MC100_vs_MC1,1.97408402390686,0.0220362845562699,up_in_tested,1,0,,,1.97408402390686,,,,,0.0220362845562699,,,,,up_in_tested,,
LMBR1L,ENSG00000139636,LMBR1L,LMBR1L,limb development membrane protein 1 like,darkgrey,MC100_vs_MC1,1,1,0.0221594498306724,1.0392101154071556,1.0392101154071556,MC100_vs_MC1,-1.0392101154071556,0.0221594498306724,up_in_reference,0,1,,,-1.0392101154071556,,,,,0.0221594498306724,,,,,up_in_reference,,
MAP2K7,ENSG00000076984,MAP2K7,MAP2K7,mitogen-activated protein kinase kinase 7,darkgrey,MC100_vs_MC1,1,1,0.0222372254263898,1.1420608122115143,1.1420608122115143,MC100_vs_MC1,-1.1420608122115143,0.0222372254263898,up_in_reference,0,1,,,-1.1420608122115143,,,,,0.0222372254263898,,,,,up_in_reference,,
TMA7B,ENSG00000225528,TMA7B,TMA7B,translation machinery associated 7 homolog B,darkgrey,MC100_vs_MC1,1,1,0.0223029051625525,1.0954588860054468,1.0954588860054468,MC100_vs_MC1,-1.0954588860054468,0.0223029051625525,up_in_reference,0,1,,,-1.0954588860054468,,,,,0.0223029051625525,,,,,up_in_reference,,
PRRT2,ENSG00000167371,PRRT2,PRRT2,proline rich transmembrane protein 2,darkgrey,MD1_vs_CTR,1,1,0.0224987345123823,1.071845914906145,1.071845914906145,MD1_vs_CTR,1.071845914906145,0.0224987345123823,up_in_tested,1,0,,,,,1.071845914906145,,,,,0.0224987345123823,,,,,up_in_tested
TIGD6,ENSG00000164296,TIGD6,TIGD6,tigger transposable element derived 6,dimgrey,MA100_vs_CTR,1,1,0.0228212528195129,1.0464648355527202,1.0464648355527202,MA100_vs_CTR,-1.0464648355527202,0.0228212528195129,up_in_reference,0,1,-1.0464648355527202,,,,,0.0228212528195129,,,,,up_in_reference,,,,
SPATA2,ENSG00000158480,SPATA2,SPATA2,spermatogenesis associated 2,darkgrey,MA100_vs_CTR,1,1,0.0231455893604508,1.0937344668594569,1.0937344668594569,MA100_vs_CTR,1.0937344668594569,0.0231455893604508,up_in_tested,1,0,1.0937344668594569,,,,,0.0231455893604508,,,,,up_in_tested,,,,
RUSC2,ENSG00000198853,RUSC2,RUSC2,RUN and SH3 domain containing 2,silver,MC100_vs_MC1,1,1,0.0235186719548337,1.495255688900892,1.495255688900892,MC100_vs_MC1,1.495255688900892,0.0235186719548337,up_in_tested,1,0,,,1.495255688900892,,,,,0.0235186719548337,,,,,up_in_tested,,
LEPR,ENSG00000116678,LEPR,LEPR,leptin receptor,darkgrey,MA100_vs_CTR,1,1,0.0236140065723549,1.1744155445616218,1.1744155445616218,MA100_vs_CTR,1.1744155445616218,0.0236140065723549,up_in_tested,1,0,1.1744155445616218,,,,,0.0236140065723549,,,,,up_in_tested,,,,
BATF3,ENSG00000123685,BATF3,BATF3,basic leucine zipper ATF-like transcription factor 3,dimgrey,MA100_vs_CTR,1,1,0.0243605417459356,1.0019704649633814,1.0019704649633814,MA100_vs_CTR,-1.0019704649633814,0.0243605417459356,up_in_reference,0,1,-1.0019704649633814,,,,,0.0243605417459356,,,,,up_in_reference,,,,
LRSAM1,ENSG00000148356,LRSAM1,LRSAM1,leucine rich repeat and sterile alpha motif containing 1,darkgrey,MA100_vs_CTR,1,1,0.0244219796178374,1.1422140598524428,1.1422140598524428,MA100_vs_CTR,1.1422140598524428,0.0244219796178374,up_in_tested,1,0,1.1422140598524428,,,,,0.0244219796178374,,,,,up_in_tested,,,,
RAB11FIP1,ENSG00000156675,RAB11FIP1,RAB11FIP1,RAB11 family interacting protein 1,dimgrey,MC1_vs_CTR,1,1,0.024485068710942,1.0374246676109122,1.0374246676109122,MC1_vs_CTR,1.0374246676109122,0.024485068710942,up_in_tested,1,0,,,,1.0374246676109122,,,,,0.024485068710942,,,,,up_in_tested,
CNN2,ENSG00000064666,CNN2,CNN2,calponin 2,gainsboro,MA100_vs_CTR,1,1,0.0245534766298601,1.0189051420581916,1.0189051420581916,MA100_vs_CTR,1.0189051420581916,0.0245534766298601,up_in_tested,1,0,1.0189051420581916,,,,,0.0245534766298601,,,,,up_in_tested,,,,
NDRG1,ENSG00000104419,NDRG1,NDRG1,N-myc downstream regulated 1,gainsboro,MA100_vs_CTR,1,1,0.0249145401529099,1.526197458738546,1.526197458738546,MA100_vs_CTR,1.526197458738546,0.0249145401529099,up_in_tested,1,0,1.526197458738546,,,,,0.0249145401529099,,,,,up_in_tested,,,,
VGLL4,ENSG00000144560,VGLL4,VGLL4,vestigial like family member 4,darkgrey,MC1_vs_CTR,1,1,0.0249976480762845,1.0281224769915656,1.0281224769915656,MC1_vs_CTR,1.0281224769915656,0.0249976480762845,up_in_tested,1,0,,,,1.0281224769915656,,,,,0.0249976480762845,,,,,up_in_tested,
LRRC4,ENSG00000128594,LRRC4,LRRC4,leucine rich repeat containing 4,gainsboro,MC100_vs_MC1,1,1,0.0250657630425203,1.7016043144528132,1.7016043144528132,MC100_vs_MC1,-1.7016043144528132,0.0250657630425203,up_in_reference,0,1,,,-1.7016043144528132,,,,,0.0250657630425203,,,,,up_in_reference,,
TRPT1,ENSG00000149743,TRPT1,TRPT1,tRNA phosphotransferase 1,dimgrey,MA100_vs_CTR,1,1,0.025188171742012,1.2351144327164734,1.2351144327164734,MA100_vs_CTR,-1.2351144327164734,0.025188171742012,up_in_reference,0,1,-1.2351144327164734,,,,,0.025188171742012,,,,,up_in_reference,,,,
GIN1,ENSG00000145723,GIN1,GIN1,gypsy retrotransposon integrase 1,dimgrey,MA100_vs_CTR,1,1,0.025188171742012,1.1623405558235105,1.1623405558235105,MA100_vs_CTR,-1.1623405558235105,0.025188171742012,up_in_reference,0,1,-1.1623405558235105,,,,,0.025188171742012,,,,,up_in_reference,,,,
FAM50B,ENSG00000145945,FAM50B,FAM50B,family with sequence similarity 50 member B,dimgrey,MA100_vs_CTR,1,1,0.0251952082382834,1.071030722037575,1.071030722037575,MA100_vs_CTR,-1.071030722037575,0.0251952082382834,up_in_reference,0,1,-1.071030722037575,,,,,0.0251952082382834,,,,,up_in_reference,,,,
ZNF524,ENSG00000171443,ZNF524,ZNF524,zinc finger protein 524,darkgrey,MC1_vs_CTR,1,1,0.0252018275972007,1.1274070338857898,1.1274070338857898,MC1_vs_CTR,1.1274070338857898,0.0252018275972007,up_in_tested,1,0,,,,1.1274070338857898,,,,,0.0252018275972007,,,,,up_in_tested,
SEMA4F,ENSG00000135622,SEMA4F,SEMA4F,ssemaphorin 4F,dimgrey,MA100_vs_CTR,1,1,0.025571368789591,1.188071771692019,1.188071771692019,MA100_vs_CTR,-1.188071771692019,0.025571368789591,up_in_reference,0,1,-1.188071771692019,,,,,0.025571368789591,,,,,up_in_reference,,,,
OPHN1,ENSG00000079482,OPHN1,OPHN1,oligophrenin 1,dimgrey,MC100_vs_MC1,1,1,0.0256803825403659,1.0884013011849851,1.0884013011849851,MC100_vs_MC1,1.0884013011849851,0.0256803825403659,up_in_tested,1,0,,,1.0884013011849851,,,,,0.0256803825403659,,,,,up_in_tested,,
FIBIN,ENSG00000176971,FIBIN,FIBIN,fin bud initiation factor homolog,darkgrey,MC1_vs_CTR,1,1,0.0258804056411101,1.2518758400283911,1.2518758400283911,MC1_vs_CTR,1.2518758400283911,0.0258804056411101,up_in_tested,1,0,,,,1.2518758400283911,,,,,0.0258804056411101,,,,,up_in_tested,
TEDC1,ENSG00000185347,TEDC1,TEDC1,tubulin epsilon and delta complex 1,darkgrey,MC100_vs_MC1,1,1,0.0265210771958399,1.019365213389934,1.019365213389934,MC100_vs_MC1,-1.019365213389934,0.0265210771958399,up_in_reference,0,1,,,-1.019365213389934,,,,,0.0265210771958399,,,,,up_in_reference,,
ADAMTS15,ENSG00000166106,ADAMTS15,ADAMTS15,ADAM metallopeptidase with thrombospondin type 1 motif 15,darkgrey,MD1_vs_CTR,1,1,0.0266283931685936,1.007430505268367,1.007430505268367,MD1_vs_CTR,1.007430505268367,0.0266283931685936,up_in_tested,1,0,,,,,1.007430505268367,,,,,0.0266283931685936,,,,,up_in_tested
CFAP68,ENSG00000137720,CFAP68,CFAP68,cilia and flagella associated protein 68,dimgrey,MA100_vs_CTR;MC1_vs_CTR,2,2,0.0268181086752308,1.2832264541906224,1.1723085215913582,MA100_vs_CTR,-1.2832264541906224,0.0268181086752308,up_in_reference,0,2,-1.2832264541906224,,,-1.0613905889920938,,0.0268181086752308,,,0.068350530173618,,up_in_reference,,,up_in_reference,
DNALI1,ENSG00000163879,DNALI1,DNALI1,dynein axonemal light intermediate chain 1,dimgrey,MD1_vs_CTR,1,1,0.0271974590689562,1.197134486620574,1.197134486620574,MD1_vs_CTR,-1.197134486620574,0.0271974590689562,up_in_reference,0,1,,,,,-1.197134486620574,,,,,0.0271974590689562,,,,,up_in_reference
ARHGAP33,ENSG00000004777,ARHGAP33,ARHGAP33,Rho GTPase activating protein 33,darkgrey,MD1_vs_CTR,1,1,0.0272509281483491,1.1264686882020984,1.1264686882020984,MD1_vs_CTR,1.1264686882020984,0.0272509281483491,up_in_tested,1,0,,,,,1.1264686882020984,,,,,0.0272509281483491,,,,,up_in_tested
EPB41L3,ENSG00000082397,EPB41L3,EPB41L3,erythrocyte membrane protein band 4.1 like 3,silver,MA100_vs_CTR,1,1,0.0276373209050863,1.0260771070359127,1.0260771070359127,MA100_vs_CTR,-1.0260771070359127,0.0276373209050863,up_in_reference,0,1,-1.0260771070359127,,,,,0.0276373209050863,,,,,up_in_reference,,,,
OST4,ENSG00000228474,OST4,OST4,"oligosaccharyltransferase complex subunit 4, non-catalytic",dimgrey,MC100_vs_MC1,1,1,0.0286390254165292,1.0707003599238112,1.0707003599238112,MC100_vs_MC1,1.0707003599238112,0.0286390254165292,up_in_tested,1,0,,,1.0707003599238112,,,,,0.0286390254165292,,,,,up_in_tested,,
MIB2,ENSG00000197530,MIB2,MIB2,MIB E3 ubiquitin protein ligase 2,darkgrey,MC100_vs_MC1,1,1,0.0293723933567873,1.1298841304982363,1.1298841304982363,MC100_vs_MC1,-1.1298841304982363,0.0293723933567873,up_in_reference,0,1,,,-1.1298841304982363,,,,,0.0293723933567873,,,,,up_in_reference,,
CACNG8,ENSG00000142408,CACNG8,CACNG8,calcium voltage-gated channel auxiliary subunit gamma 8,darkgrey,MC100_vs_MC1,1,1,0.0297737275423472,1.1138287601303714,1.1138287601303714,MC100_vs_MC1,-1.1138287601303714,0.0297737275423472,up_in_reference,0,1,,,-1.1138287601303714,,,,,0.0297737275423472,,,,,up_in_reference,,
RNF26,ENSG00000173456,RNF26,RNF26,ring finger protein 26,dimgrey,MC100_vs_MC1,1,1,0.0306844737152699,1.5120809879758803,1.5120809879758803,MC100_vs_MC1,1.5120809879758803,0.0306844737152699,up_in_tested,1,0,,,1.5120809879758803,,,,,0.0306844737152699,,,,,up_in_tested,,
TMSB15A,ENSG00000158164,TMSB15A,TMSB15A,thymosin beta 15A,silver,MC100_vs_MC1,1,1,0.031013577012567,1.0944143916731173,1.0944143916731173,MC100_vs_MC1,1.0944143916731173,0.031013577012567,up_in_tested,1,0,,,1.0944143916731173,,,,,0.031013577012567,,,,,up_in_tested,,
INTS8,ENSG00000164941,INTS8,INTS8,integrator complex subunit 8,dimgrey,MC100_vs_MC1,1,1,0.031314960953138,1.4281149429988165,1.4281149429988165,MC100_vs_MC1,1.4281149429988165,0.031314960953138,up_in_tested,1,0,,,1.4281149429988165,,,,,0.031314960953138,,,,,up_in_tested,,
EIF4A1,ENSG00000161960,EIF4A1,EIF4A1,eukaryotic translation initiation factor 4A1,darkgrey,MA100_vs_CTR,1,1,0.0320971772582938,1.1235853108944778,1.1235853108944778,MA100_vs_CTR,1.1235853108944778,0.0320971772582938,up_in_tested,1,0,1.1235853108944778,,,,,0.0320971772582938,,,,,up_in_tested,,,,
PLEKHA6,ENSG00000143850,PLEKHA6,PLEKHA6,pleckstrin homology domain containing A6,gainsboro,MA100_vs_CTR,1,1,0.032466127260605,1.2732618655210644,1.2732618655210644,MA100_vs_CTR,1.2732618655210644,0.032466127260605,up_in_tested,1,0,1.2732618655210644,,,,,0.032466127260605,,,,,up_in_tested,,,,
RNFT1,ENSG00000189050,RNFT1,RNFT1,"ring finger protein, transmembrane 1",dimgrey,MC100_vs_MC1,1,1,0.0325512977662859,1.9009675039198264,1.9009675039198264,MC100_vs_MC1,1.9009675039198264,0.0325512977662859,up_in_tested,1,0,,,1.9009675039198264,,,,,0.0325512977662859,,,,,up_in_tested,,
CTTN,ENSG00000085733,CTTN,CTTN,cortactin,gainsboro,MC1_vs_CTR,1,1,0.032786036293028,1.0067200480883156,1.0067200480883156,MC1_vs_CTR,1.0067200480883156,0.032786036293028,up_in_tested,1,0,,,,1.0067200480883156,,,,,0.032786036293028,,,,,up_in_tested,
GPR137C,ENSG00000180998,GPR137C,GPR137C,G protein-coupled receptor 137C,dimgrey,MC100_vs_MC1,1,1,0.0330294348620786,1.3803206676670416,1.3803206676670416,MC100_vs_MC1,1.3803206676670416,0.0330294348620786,up_in_tested,1,0,,,1.3803206676670416,,,,,0.0330294348620786,,,,,up_in_tested,,
LOC124900217,ENSG00000225177,LOC124900217,LOC124900217,collagen alpha-1(III) chain,dimgrey,MC100_vs_MC1,1,1,0.0332733645941581,1.5233517374578882,1.5233517374578882,MC100_vs_MC1,-1.5233517374578882,0.0332733645941581,up_in_reference,0,1,,,-1.5233517374578882,,,,,0.0332733645941581,,,,,up_in_reference,,
INO80B,ENSG00000115274,INO80B,INO80B,INO80 complex subunit B,darkgrey,MC100_vs_MC1,1,1,0.0342949799165771,1.4138322116862274,1.4138322116862274,MC100_vs_MC1,-1.4138322116862274,0.0342949799165771,up_in_reference,0,1,,,-1.4138322116862274,,,,,0.0342949799165771,,,,,up_in_reference,,
RPAIN,ENSG00000129197,RPAIN,RPAIN,RPA interacting protein,dimgrey,MC100_vs_MC1,1,1,0.0343740754083961,1.5848363983090472,1.5848363983090472,MC100_vs_MC1,1.5848363983090472,0.0343740754083961,up_in_tested,1,0,,,1.5848363983090472,,,,,0.0343740754083961,,,,,up_in_tested,,
DHX16,ENSG00000204560,DHX16,DHX16,DEAH-box helicase 16,dimgrey,MC100_vs_MC1,1,1,0.0345875595636407,1.3543681529357423,1.3543681529357423,MC100_vs_MC1,1.3543681529357423,0.0345875595636407,up_in_tested,1,0,,,1.3543681529357423,,,,,0.0345875595636407,,,,,up_in_tested,,
USP21,ENSG00000143258,USP21,USP21,ubiquitin specific peptidase 21,dimgrey,MC100_vs_MC1,1,1,0.0347153160196491,1.800722085662676,1.800722085662676,MC100_vs_MC1,1.800722085662676,0.0347153160196491,up_in_tested,1,0,,,1.800722085662676,,,,,0.0347153160196491,,,,,up_in_tested,,
SCAI,ENSG00000173611,SCAI,SCAI,suppressor of cancer cell invasion,silver,MC100_vs_MC1,1,1,0.0347466745936168,1.2819353869254937,1.2819353869254937,MC100_vs_MC1,1.2819353869254937,0.0347466745936168,up_in_tested,1,0,,,1.2819353869254937,,,,,0.0347466745936168,,,,,up_in_tested,,
HLA-C,ENSG00000204525,HLA-C,HLA-C,"major histocompatibility complex, class I, C",dimgrey,MA100_vs_CTR;MC100_vs_MC1,2,2,0.0356163332941686,1.0440551777889857,1.0360868793930993,MC100_vs_MC1,1.0440551777889857,0.0356163332941686,up_in_tested,1,1,-1.0281185809972126,,1.0440551777889857,,,0.0457225414541838,,0.0356163332941686,,,up_in_reference,,up_in_tested,,
TUBGCP3,ENSG00000126216,TUBGCP3,TUBGCP3,tubulin gamma complex component 3,darkgrey,MC100_vs_MC1,1,1,0.0359384707618724,1.1036925105121855,1.1036925105121855,MC100_vs_MC1,-1.1036925105121855,0.0359384707618724,up_in_reference,0,1,,,-1.1036925105121855,,,,,0.0359384707618724,,,,,up_in_reference,,
MCM3AP,ENSG00000160294,MCM3AP,MCM3AP,minichromosome maintenance complex component 3 associated protein,dimgrey,MA100_vs_CTR,1,1,0.0365196357613849,1.181324854391516,1.181324854391516,MA100_vs_CTR,1.181324854391516,0.0365196357613849,up_in_tested,1,0,1.181324854391516,,,,,0.0365196357613849,,,,,up_in_tested,,,,
DRP2,ENSG00000102385,DRP2,DRP2,dystrophin related protein 2,darkgrey,MC100_vs_MC1,1,1,0.0367528701960416,1.218957835544502,1.218957835544502,MC100_vs_MC1,-1.218957835544502,0.0367528701960416,up_in_reference,0,1,,,-1.218957835544502,,,,,0.0367528701960416,,,,,up_in_reference,,
RFXANK,ENSG00000064490,RFXANK,RFXANK,regulatory factor X associated ankyrin containing protein,dimgrey,MC100_vs_MC1,1,1,0.0374264071143736,1.5636614065215984,1.5636614065215984,MC100_vs_MC1,1.5636614065215984,0.0374264071143736,up_in_tested,1,0,,,1.5636614065215984,,,,,0.0374264071143736,,,,,up_in_tested,,
CDH1,ENSG00000039068,CDH1,CDH1,cadherin 1,darkgrey,MC100_vs_MC1,1,1,0.0374264071143736,1.0970107112453231,1.0970107112453231,MC100_vs_MC1,-1.0970107112453231,0.0374264071143736,up_in_reference,0,1,,,-1.0970107112453231,,,,,0.0374264071143736,,,,,up_in_reference,,
SLC41A2,ENSG00000136052,SLC41A2,SLC41A2,solute carrier family 41 member 2,dimgrey,MA100_vs_CTR,1,1,0.0374317430097355,1.1402743032065583,1.1402743032065583,MA100_vs_CTR,-1.1402743032065583,0.0374317430097355,up_in_reference,0,1,-1.1402743032065583,,,,,0.0374317430097355,,,,,up_in_reference,,,,
C20orf96,ENSG00000196476,C20orf96,C20orf96,chromosome 20 open reading frame 96,darkgrey,MC100_vs_MC1,1,1,0.0390623927634007,1.0146733302770223,1.0146733302770223,MC100_vs_MC1,-1.0146733302770223,0.0390623927634007,up_in_reference,0,1,,,-1.0146733302770223,,,,,0.0390623927634007,,,,,up_in_reference,,
CACHD1,ENSG00000158966,CACHD1,CACHD1,cache domain containing 1,silver,MC100_vs_MC1,1,1,0.0393045912566387,1.7877690272274782,1.7877690272274782,MC100_vs_MC1,1.7877690272274782,0.0393045912566387,up_in_tested,1,0,,,1.7877690272274782,,,,,0.0393045912566387,,,,,up_in_tested,,
PHLDB3,ENSG00000176531,PHLDB3,PHLDB3,pleckstrin homology like domain family B member 3,darkgrey,MC100_vs_MC1,1,1,0.0397829631130356,1.6547962519041906,1.6547962519041906,MC100_vs_MC1,-1.6547962519041906,0.0397829631130356,up_in_reference,0,1,,,-1.6547962519041906,,,,,0.0397829631130356,,,,,up_in_reference,,
SLC45A3,ENSG00000158715,SLC45A3,SLC45A3,solute carrier family 45 member 3,darkgrey,MC100_vs_MC1,1,1,0.040538820584902,1.0091705335537833,1.0091705335537833,MC100_vs_MC1,-1.0091705335537833,0.040538820584902,up_in_reference,0,1,,,-1.0091705335537833,,,,,0.040538820584902,,,,,up_in_reference,,
ACTL10,ENSG00000288649,ACTL10,ACTL10,actin like 10,darkgrey,MC100_vs_MC1,1,1,0.0413403824573087,1.663266856216198,1.663266856216198,MC100_vs_MC1,-1.663266856216198,0.0413403824573087,up_in_reference,0,1,,,-1.663266856216198,,,,,0.0413403824573087,,,,,up_in_reference,,
TOE1,ENSG00000132773,TOE1,TOE1,"target of EGR1, exonuclease",dimgrey,MC100_vs_MC1,1,1,0.0416826132453983,2.014557222506343,2.014557222506343,MC100_vs_MC1,2.014557222506343,0.0416826132453983,up_in_tested,1,0,,,2.014557222506343,,,,,0.0416826132453983,,,,,up_in_tested,,
ERMARD,ENSG00000130023,ERMARD,ERMARD,ER membrane associated RNA degradation,dimgrey,MC100_vs_MC1,1,1,0.0420620602531275,1.2530571641243575,1.2530571641243575,MC100_vs_MC1,1.2530571641243575,0.0420620602531275,up_in_tested,1,0,,,1.2530571641243575,,,,,0.0420620602531275,,,,,up_in_tested,,
PRPF31,ENSG00000105618,PRPF31,PRPF31,pre-mRNA processing factor 31,dimgrey,MC100_vs_MC1,1,1,0.0432574604079055,1.334153179227351,1.334153179227351,MC100_vs_MC1,1.334153179227351,0.0432574604079055,up_in_tested,1,0,,,1.334153179227351,,,,,0.0432574604079055,,,,,up_in_tested,,
FAM117A,ENSG00000121104,FAM117A,FAM117A,family with sequence similarity 117 member A,lightcoral,MC100_vs_MC1,1,1,0.0436994240671335,1.9761880654062176,1.9761880654062176,MC100_vs_MC1,1.9761880654062176,0.0436994240671335,up_in_tested,1,0,,,1.9761880654062176,,,,,0.0436994240671335,,,,,up_in_tested,,
NAA40,ENSG00000110583,NAA40,NAA40,"N-alpha-acetyltransferase 40, NatD catalytic subunit",darkgrey,MC100_vs_MC1,1,1,0.0437290460987165,1.0532916864880395,1.0532916864880395,MC100_vs_MC1,-1.0532916864880395,0.0437290460987165,up_in_reference,0,1,,,-1.0532916864880395,,,,,0.0437290460987165,,,,,up_in_reference,,
SLC25A30,ENSG00000174032,SLC25A30,SLC25A30,solute carrier family 25 member 30,lightcoral,MC100_vs_MC1,1,1,0.0442894268574372,1.3398286986438748,1.3398286986438748,MC100_vs_MC1,1.3398286986438748,0.0442894268574372,up_in_tested,1,0,,,1.3398286986438748,,,,,0.0442894268574372,,,,,up_in_tested,,
HSPB7,ENSG00000173641,HSPB7,HSPB7,heat shock protein family B (small) member 7,darkgrey,MA100_vs_MA1,1,1,0.0446146329955143,1.0537490358311483,1.0537490358311483,MA100_vs_MA1,1.0537490358311483,0.0446146329955143,up_in_tested,1,0,,1.0537490358311483,,,,,0.0446146329955143,,,,,up_in_tested,,,
THAP2,ENSG00000173451,THAP2,THAP2,THAP domain containing 2,dimgrey,MC100_vs_MC1,1,1,0.0447165771221928,1.4035539359574187,1.4035539359574187,MC100_vs_MC1,1.4035539359574187,0.0447165771221928,up_in_tested,1,0,,,1.4035539359574187,,,,,0.0447165771221928,,,,,up_in_tested,,
ZNF41,ENSG00000147124,ZNF41,ZNF41,zinc finger protein 41,lightcoral,MC100_vs_MC1,1,1,0.0447422139622274,1.3651012378992569,1.3651012378992569,MC100_vs_MC1,1.3651012378992569,0.0447422139622274,up_in_tested,1,0,,,1.3651012378992569,,,,,0.0447422139622274,,,,,up_in_tested,,
PPP6R1,ENSG00000105063,PPP6R1,PPP6R1,protein phosphatase 6 regulatory subunit 1,darkgrey,MC100_vs_MC1,1,1,0.0447936193075151,1.5679841469454154,1.5679841469454154,MC100_vs_MC1,-1.5679841469454154,0.0447936193075151,up_in_reference,0,1,,,-1.5679841469454154,,,,,0.0447936193075151,,,,,up_in_reference,,
KDM1B,ENSG00000165097,KDM1B,KDM1B,lysine demethylase 1B,dimgrey,MC100_vs_MC1,1,1,0.0453587284105927,1.05716964089691,1.05716964089691,MC100_vs_MC1,1.05716964089691,0.0453587284105927,up_in_tested,1,0,,,1.05716964089691,,,,,0.0453587284105927,,,,,up_in_tested,,
H2AC14,ENSG00000276368,H2AC14,H2AC14,H2A clustered histone 14,darkgrey,MC100_vs_MC1,1,1,0.0459121285864415,1.2126222848477497,1.2126222848477497,MC100_vs_MC1,-1.2126222848477497,0.0459121285864415,up_in_reference,0,1,,,-1.2126222848477497,,,,,0.0459121285864415,,,,,up_in_reference,,
SCN3A,ENSG00000153253,SCN3A,SCN3A,sodium voltage-gated channel alpha subunit 3,darkgrey,MC100_vs_MC1,1,1,0.0459121285864415,1.0125678349793967,1.0125678349793967,MC100_vs_MC1,-1.0125678349793967,0.0459121285864415,up_in_reference,0,1,,,-1.0125678349793967,,,,,0.0459121285864415,,,,,up_in_reference,,
ZNF559,ENSG00000188321,ZNF559,ZNF559,zinc finger protein 559,dimgrey,MC100_vs_MC1,1,1,0.0463172602442556,1.1551881418286274,1.1551881418286274,MC100_vs_MC1,1.1551881418286274,0.0463172602442556,up_in_tested,1,0,,,1.1551881418286274,,,,,0.0463172602442556,,,,,up_in_tested,,
UBL7,ENSG00000138629,UBL7,UBL7,ubiquitin like 7,dimgrey,MC100_vs_MC1,1,1,0.0467937236182676,1.1517656618457517,1.1517656618457517,MC100_vs_MC1,1.1517656618457517,0.0467937236182676,up_in_tested,1,0,,,1.1517656618457517,,,,,0.0467937236182676,,,,,up_in_tested,,
REXO4,ENSG00000148300,REXO4,REXO4,RNA exonuclease 4,gainsboro,MA100_vs_CTR;MC1_vs_CTR,2,2,0.0468275876548638,1.310615971866904,1.277333120662096,MA100_vs_CTR,1.310615971866904,0.0468275876548638,up_in_tested,2,0,1.310615971866904,,,1.2440502694572877,,0.0468275876548638,,,0.0572277951969169,,up_in_tested,,,up_in_tested,
SYPL2,ENSG00000143028,SYPL2,SYPL2,synaptophysin like 2,darkgrey,MC100_vs_MC1,1,1,0.0470766239802901,1.3450982970491323,1.3450982970491323,MC100_vs_MC1,-1.3450982970491323,0.0470766239802901,up_in_reference,0,1,,,-1.3450982970491323,,,,,0.0470766239802901,,,,,up_in_reference,,
TUBGCP5,ENSG00000275835,TUBGCP5,TUBGCP5,tubulin gamma complex component 5,gainsboro,MC1_vs_CTR,1,1,0.047333787668518,1.1711412997136512,1.1711412997136512,MC1_vs_CTR,1.1711412997136512,0.047333787668518,up_in_tested,1,0,,,,1.1711412997136512,,,,,0.047333787668518,,,,,up_in_tested,
NEMP2,ENSG00000189362,NEMP2,NEMP2,nuclear envelope integral membrane protein 2,silver,MC100_vs_MC1,1,1,0.0478944093812118,1.1745512608184372,1.1745512608184372,MC100_vs_MC1,1.1745512608184372,0.0478944093812118,up_in_tested,1,0,,,1.1745512608184372,,,,,0.0478944093812118,,,,,up_in_tested,,
HES4,ENSG00000188290,HES4,HES4,hes family bHLH transcription factor 4,darkgrey,MC100_vs_MC1,1,1,0.0480020404231293,1.608335560948472,1.608335560948472,MC100_vs_MC1,-1.608335560948472,0.0480020404231293,up_in_reference,0,1,,,-1.608335560948472,,,,,0.0480020404231293,,,,,up_in_reference,,
TIMM17B,ENSG00000126768,TIMM17B,TIMM17B,translocase of inner mitochondrial membrane 17B,dimgrey,MC100_vs_MC1,1,1,0.0480421788528239,1.6699545920972168,1.6699545920972168,MC100_vs_MC1,1.6699545920972168,0.0480421788528239,up_in_tested,1,0,,,1.6699545920972168,,,,,0.0480421788528239,,,,,up_in_tested,,
ANKRD13B,ENSG00000198720,ANKRD13B,ANKRD13B,ankyrin repeat domain 13B,dimgrey,MC100_vs_MC1,1,1,0.0484872483935902,2.0975123681459884,2.0975123681459884,MC100_vs_MC1,2.0975123681459884,0.0484872483935902,up_in_tested,1,0,,,2.0975123681459884,,,,,0.0484872483935902,,,,,up_in_tested,,
USP45,ENSG00000123552,USP45,USP45,ubiquitin specific peptidase 45,gainsboro,MC1_vs_CTR,1,1,0.0489123658286915,1.099541206848345,1.099541206848345,MC1_vs_CTR,1.099541206848345,0.0489123658286915,up_in_tested,1,0,,,,1.099541206848345,,,,,0.0489123658286915,,,,,up_in_tested,
IL17RE,ENSG00000163701,IL17RE,IL17RE,interleukin 17 receptor E,darkgrey,MC100_vs_MC1,1,1,0.0495353360865651,1.4426326060825918,1.4426326060825918,MC100_vs_MC1,-1.4426326060825918,0.0495353360865651,up_in_reference,0,1,,,-1.4426326060825918,,,,,0.0495353360865651,,,,,up_in_reference,,
BST2,ENSG00000130303,BST2,BST2,bone marrow stromal cell antigen 2,darkgrey,MC100_vs_MC1,1,1,0.0496389466910702,1.7668147016774518,1.7668147016774518,MC100_vs_MC1,-1.7668147016774518,0.0496389466910702,up_in_reference,0,1,,,-1.7668147016774518,,,,,0.0496389466910702,,,,,up_in_reference,,
HDGFL2,ENSG00000167674,HDGFL2,HDGFL2,HDGF like 2,gainsboro,MA100_vs_CTR,1,1,0.050174124893715,1.1185879848113496,1.1185879848113496,MA100_vs_CTR,1.1185879848113496,0.050174124893715,up_in_tested,1,0,1.1185879848113496,,,,,0.050174124893715,,,,,up_in_tested,,,,
GPRC5B,ENSG00000167191,GPRC5B,GPRC5B,G protein-coupled receptor class C group 5 member B,darkgrey,MC100_vs_MC1,1,1,0.0507343847751987,1.1014273139957726,1.1014273139957726,MC100_vs_MC1,-1.1014273139957726,0.0507343847751987,up_in_reference,0,1,,,-1.1014273139957726,,,,,0.0507343847751987,,,,,up_in_reference,,
TRIM62,ENSG00000116525,TRIM62,TRIM62,tripartite motif containing 62,darkgrey,MA100_vs_CTR,1,1,0.0510985658779245,1.1568226430731572,1.1568226430731572,MA100_vs_CTR,1.1568226430731572,0.0510985658779245,up_in_tested,1,0,1.1568226430731572,,,,,0.0510985658779245,,,,,up_in_tested,,,,
PLK3,ENSG00000173846,PLK3,PLK3,polo like kinase 3,darkgrey,MA100_vs_CTR,1,1,0.0511860457586348,1.0915242175787128,1.0915242175787128,MA100_vs_CTR,1.0915242175787128,0.0511860457586348,up_in_tested,1,0,1.0915242175787128,,,,,0.0511860457586348,,,,,up_in_tested,,,,
LRIG3,ENSG00000139263,LRIG3,LRIG3,leucine rich repeats and immunoglobulin like domains 3,silver,MC100_vs_MC1,1,1,0.0524276266532311,1.627503664168376,1.627503664168376,MC100_vs_MC1,1.627503664168376,0.0524276266532311,up_in_tested,1,0,,,1.627503664168376,,,,,0.0524276266532311,,,,,up_in_tested,,
RABL2A,ENSG00000144134,RABL2A,RABL2A,"RAB, member of RAS oncogene family like 2A",darkgrey,MA100_vs_CTR,1,1,0.0531375753692707,1.110878194649292,1.110878194649292,MA100_vs_CTR,1.110878194649292,0.0531375753692707,up_in_tested,1,0,1.110878194649292,,,,,0.0531375753692707,,,,,up_in_tested,,,,
BCKDHB,ENSG00000083123,BCKDHB,BCKDHB,branched chain keto acid dehydrogenase E1 subunit beta,dimgrey,MC100_vs_MC1,1,1,0.0537377231015535,1.335649678432152,1.335649678432152,MC100_vs_MC1,1.335649678432152,0.0537377231015535,up_in_tested,1,0,,,1.335649678432152,,,,,0.0537377231015535,,,,,up_in_tested,,
PRRG3,ENSG00000130032,PRRG3,PRRG3,proline rich and Gla domain 3,darkgrey,MC100_vs_MC1,1,1,0.0537710626546478,1.014160434706701,1.014160434706701,MC100_vs_MC1,-1.014160434706701,0.0537710626546478,up_in_reference,0,1,,,-1.014160434706701,,,,,0.0537710626546478,,,,,up_in_reference,,
KATNAL2,ENSG00000167216,KATNAL2,KATNAL2,katanin catalytic subunit A1 like 2,dimgrey,MC100_vs_MC1,1,1,0.0539693391982877,1.349581478551274,1.349581478551274,MC100_vs_MC1,-1.349581478551274,0.0539693391982877,up_in_reference,0,1,,,-1.349581478551274,,,,,0.0539693391982877,,,,,up_in_reference,,
UBE2D4,ENSG00000078967,UBE2D4,UBE2D4,ubiquitin conjugating enzyme E2 D4,dimgrey,MA100_vs_CTR,1,1,0.0547673832971736,1.015856192340706,1.015856192340706,MA100_vs_CTR,-1.015856192340706,0.0547673832971736,up_in_reference,0,1,-1.015856192340706,,,,,0.0547673832971736,,,,,up_in_reference,,,,
PODXL,ENSG00000128567,PODXL,PODXL,podocalyxin like,dimgrey,MC1_vs_CTR,1,1,0.0548707367519862,1.1827301652332745,1.1827301652332745,MC1_vs_CTR,-1.1827301652332745,0.0548707367519862,up_in_reference,0,1,,,,-1.1827301652332745,,,,,0.0548707367519862,,,,,up_in_reference,
GINS4,ENSG00000147536,GINS4,GINS4,GINS complex subunit 4,dimgrey,MC100_vs_MC1,1,1,0.0558260302565781,1.6126861138827222,1.6126861138827222,MC100_vs_MC1,-1.6126861138827222,0.0558260302565781,up_in_reference,0,1,,,-1.6126861138827222,,,,,0.0558260302565781,,,,,up_in_reference,,
ZNF786,ENSG00000197362,ZNF786,ZNF786,zinc finger protein 786,dimgrey,MC100_vs_MC1,1,1,0.0564253611275173,1.4531059210181332,1.4531059210181332,MC100_vs_MC1,1.4531059210181332,0.0564253611275173,up_in_tested,1,0,,,1.4531059210181332,,,,,0.0564253611275173,,,,,up_in_tested,,
MTERF2,ENSG00000120832,MTERF2,MTERF2,mitochondrial transcription termination factor 2,dimgrey,MC100_vs_MC1,1,1,0.057154074183526,1.2292647437102513,1.2292647437102513,MC100_vs_MC1,1.2292647437102513,0.057154074183526,up_in_tested,1,0,,,1.2292647437102513,,,,,0.057154074183526,,,,,up_in_tested,,
DUS4L,ENSG00000105865,DUS4L,DUS4L,dihydrouridine synthase 4 like,dimgrey,MC100_vs_MC1,1,1,0.0586723899062351,2.410204250781092,2.410204250781092,MC100_vs_MC1,-2.410204250781092,0.0586723899062351,up_in_reference,0,1,,,-2.410204250781092,,,,,0.0586723899062351,,,,,up_in_reference,,
PREB,ENSG00000138073,PREB,PREB,prolactin regulatory element binding,dimgrey,MC100_vs_MC1,1,1,0.0587807932088177,1.1527198818664377,1.1527198818664377,MC100_vs_MC1,1.1527198818664377,0.0587807932088177,up_in_tested,1,0,,,1.1527198818664377,,,,,0.0587807932088177,,,,,up_in_tested,,
MRTFB,ENSG00000186260,MRTFB,MRTFB,myocardin related transcription factor B,silver,MA100_vs_CTR,1,1,0.0589111743847427,1.0497551443998556,1.0497551443998556,MA100_vs_CTR,-1.0497551443998556,0.0589111743847427,up_in_reference,0,1,-1.0497551443998556,,,,,0.0589111743847427,,,,,up_in_reference,,,,
NR1H3,ENSG00000025434,NR1H3,NR1H3,nuclear receptor subfamily 1 group H member 3,dimgrey,MA100_vs_CTR,1,1,0.0606237389839771,1.0826269187514532,1.0826269187514532,MA100_vs_CTR,-1.0826269187514532,0.0606237389839771,up_in_reference,0,1,-1.0826269187514532,,,,,0.0606237389839771,,,,,up_in_reference,,,,
TZMP1,ENSG00000235453,TZMP1,TZMP1,transition zone microprotein 1,dimgrey,MC100_vs_MC1,1,1,0.0624760142335813,1.6203816250056444,1.6203816250056444,MC100_vs_MC1,1.6203816250056444,0.0624760142335813,up_in_tested,1,0,,,1.6203816250056444,,,,,0.0624760142335813,,,,,up_in_tested,,
RIMS2,ENSG00000176406,RIMS2,RIMS2,regulating synaptic membrane exocytosis 2,lightcoral,MC100_vs_MC1,1,1,0.0624826774202235,1.1987282946801348,1.1987282946801348,MC100_vs_MC1,1.1987282946801348,0.0624826774202235,up_in_tested,1,0,,,1.1987282946801348,,,,,0.0624826774202235,,,,,up_in_tested,,
GEM,ENSG00000164949,GEM,GEM,GTP binding protein overexpressed in skeletal muscle,silver,MC100_vs_MC1,1,1,0.0633662304688711,1.0204845930970232,1.0204845930970232,MC100_vs_MC1,1.0204845930970232,0.0633662304688711,up_in_tested,1,0,,,1.0204845930970232,,,,,0.0633662304688711,,,,,up_in_tested,,
ZNF567,ENSG00000189042,ZNF567,ZNF567,zinc finger protein 567,silver,MC100_vs_MC1,1,1,0.0636292805578936,1.171243592855591,1.171243592855591,MC100_vs_MC1,1.171243592855591,0.0636292805578936,up_in_tested,1,0,,,1.171243592855591,,,,,0.0636292805578936,,,,,up_in_tested,,
GAPDH,ENSG00000111640,GAPDH,GAPDH,glyceraldehyde-3-phosphate dehydrogenase,dimgrey,MC100_vs_MC1,1,1,0.0640323473865093,1.1963687637977722,1.1963687637977722,MC100_vs_MC1,1.1963687637977722,0.0640323473865093,up_in_tested,1,0,,,1.1963687637977722,,,,,0.0640323473865093,,,,,up_in_tested,,
ANKRD18B,ENSG00000230453,ANKRD18B,ANKRD18B,ankyrin repeat domain 18B,dimgrey,MC100_vs_MC1,1,1,0.0644827006232541,1.6070478422893657,1.6070478422893657,MC100_vs_MC1,1.6070478422893657,0.0644827006232541,up_in_tested,1,0,,,1.6070478422893657,,,,,0.0644827006232541,,,,,up_in_tested,,
FRAT2,ENSG00000181274,FRAT2,FRAT2,FRAT regulator of Wnt signaling pathway 2,lightcoral,MC100_vs_MC1,1,1,0.0646349107944467,1.429820024146774,1.429820024146774,MC100_vs_MC1,1.429820024146774,0.0646349107944467,up_in_tested,1,0,,,1.429820024146774,,,,,0.0646349107944467,,,,,up_in_tested,,
TAF15,ENSG00000270647,TAF15,TAF15,TATA-box binding protein associated factor 15,darkgrey,MA100_vs_CTR,1,1,0.0648707275494745,1.1294786485425403,1.1294786485425403,MA100_vs_CTR,1.1294786485425403,0.0648707275494745,up_in_tested,1,0,1.1294786485425403,,,,,0.0648707275494745,,,,,up_in_tested,,,,
CENPV,ENSG00000166582,CENPV,CENPV,centromere protein V,dimgrey,MC100_vs_MC1,1,1,0.0655503385865001,2.120826889149169,2.120826889149169,MC100_vs_MC1,2.120826889149169,0.0655503385865001,up_in_tested,1,0,,,2.120826889149169,,,,,0.0655503385865001,,,,,up_in_tested,,
NR4A3,ENSG00000119508,NR4A3,NR4A3,nuclear receptor subfamily 4 group A member 3,silver,MC100_vs_MC1,1,1,0.0664277265851598,1.39760634244214,1.39760634244214,MC100_vs_MC1,1.39760634244214,0.0664277265851598,up_in_tested,1,0,,,1.39760634244214,,,,,0.0664277265851598,,,,,up_in_tested,,
NBPF14,ENSG00000270629,NBPF14,NBPF14,NBPF member 14,gainsboro,MC100_vs_MC1,1,1,0.0683309990675901,1.400568053405625,1.400568053405625,MC100_vs_MC1,-1.400568053405625,0.0683309990675901,up_in_reference,0,1,,,-1.400568053405625,,,,,0.0683309990675901,,,,,up_in_reference,,
TRIM68,ENSG00000167333,TRIM68,TRIM68,tripartite motif containing 68,dimgrey,MA100_vs_CTR,1,1,0.0684770468885487,1.0327822213415423,1.0327822213415423,MA100_vs_CTR,-1.0327822213415423,0.0684770468885487,up_in_reference,0,1,-1.0327822213415423,,,,,0.0684770468885487,,,,,up_in_reference,,,,
CBX2,ENSG00000173894,CBX2,CBX2,chromobox 2,dimgrey,MC100_vs_MC1,1,1,0.0695712475865303,1.3480891073720422,1.3480891073720422,MC100_vs_MC1,1.3480891073720422,0.0695712475865303,up_in_tested,1,0,,,1.3480891073720422,,,,,0.0695712475865303,,,,,up_in_tested,,
SHANK1,ENSG00000161681,SHANK1,SHANK1,SH3 and multiple ankyrin repeat domains 1,darkgrey,MC100_vs_MC1,1,1,0.0698043397795934,1.4060604192030266,1.4060604192030266,MC100_vs_MC1,-1.4060604192030266,0.0698043397795934,up_in_reference,0,1,,,-1.4060604192030266,,,,,0.0698043397795934,,,,,up_in_reference,,
ADAMTS8,ENSG00000134917,ADAMTS8,ADAMTS8,ADAM metallopeptidase with thrombospondin type 1 motif 8,darkgrey,MC100_vs_MC1,1,1,0.0710183185858317,1.6228120608047012,1.6228120608047012,MC100_vs_MC1,-1.6228120608047012,0.0710183185858317,up_in_reference,0,1,,,-1.6228120608047012,,,,,0.0710183185858317,,,,,up_in_reference,,
OS9,ENSG00000135506,OS9,OS9,OS9 endoplasmic reticulum lectin,darkgrey,MC100_vs_MC1,1,1,0.0714137378679779,1.057877120462661,1.057877120462661,MC100_vs_MC1,-1.057877120462661,0.0714137378679779,up_in_reference,0,1,,,-1.057877120462661,,,,,0.0714137378679779,,,,,up_in_reference,,
RABEP2,ENSG00000177548,RABEP2,RABEP2,"rabaptin, RAB GTPase binding effector protein 2",dimgrey,MC100_vs_MC1,1,1,0.0714442843001523,1.498596924543674,1.498596924543674,MC100_vs_MC1,1.498596924543674,0.0714442843001523,up_in_tested,1,0,,,1.498596924543674,,,,,0.0714442843001523,,,,,up_in_tested,,
ANKRD34A,ENSG00000272031,ANKRD34A,ANKRD34A,ankyrin repeat domain 34A,dimgrey,MC100_vs_MC1,1,1,0.072205414125604,1.0672770894714767,1.0672770894714767,MC100_vs_MC1,1.0672770894714767,0.072205414125604,up_in_tested,1,0,,,1.0672770894714767,,,,,0.072205414125604,,,,,up_in_tested,,
JADE3,ENSG00000102221,JADE3,JADE3,jade family PHD finger 3,silver,MC100_vs_MC1,1,1,0.0743713684469002,1.346639660601675,1.346639660601675,MC100_vs_MC1,1.346639660601675,0.0743713684469002,up_in_tested,1,0,,,1.346639660601675,,,,,0.0743713684469002,,,,,up_in_tested,,
PKIG,ENSG00000168734,PKIG,PKIG,cAMP-dependent protein kinase inhibitor gamma,dimgrey,MC100_vs_MC1,1,1,0.0745506218594616,1.451142185385285,1.451142185385285,MC100_vs_MC1,-1.451142185385285,0.0745506218594616,up_in_reference,0,1,,,-1.451142185385285,,,,,0.0745506218594616,,,,,up_in_reference,,
ABHD3,ENSG00000158201,ABHD3,ABHD3,"abhydrolase domain containing 3, phospholipase",dimgrey,MC100_vs_MC1,1,1,0.0758086080732246,1.554200339105085,1.554200339105085,MC100_vs_MC1,1.554200339105085,0.0758086080732246,up_in_tested,1,0,,,1.554200339105085,,,,,0.0758086080732246,,,,,up_in_tested,,
WDR35,ENSG00000118965,WDR35,WDR35,WD repeat domain 35,silver,MC100_vs_MC1,1,1,0.0767387134137526,1.091546251962363,1.091546251962363,MC100_vs_MC1,1.091546251962363,0.0767387134137526,up_in_tested,1,0,,,1.091546251962363,,,,,0.0767387134137526,,,,,up_in_tested,,
EMP3,ENSG00000142227,EMP3,EMP3,epithelial membrane protein 3 (MAM blood group),silver,MA100_vs_MA1,1,1,0.0767777594390666,1.2905644518332526,1.2905644518332526,MA100_vs_MA1,1.2905644518332526,0.0767777594390666,up_in_tested,1,0,,1.2905644518332526,,,,,0.0767777594390666,,,,,up_in_tested,,,
ZNF823,ENSG00000197933,ZNF823,ZNF823,zinc finger protein 823,dimgrey,MC100_vs_MC1,1,1,0.0775651793693718,2.0495116570991105,2.0495116570991105,MC100_vs_MC1,2.0495116570991105,0.0775651793693718,up_in_tested,1,0,,,2.0495116570991105,,,,,0.0775651793693718,,,,,up_in_tested,,
RUNDC3B,ENSG00000105784,RUNDC3B,RUNDC3B,RUN domain containing 3B,dimgrey,MC100_vs_MC1,1,1,0.0776251495844339,1.595993530554893,1.595993530554893,MC100_vs_MC1,1.595993530554893,0.0776251495844339,up_in_tested,1,0,,,1.595993530554893,,,,,0.0776251495844339,,,,,up_in_tested,,
VRK2,ENSG00000028116,VRK2,VRK2,VRK serine/threonine kinase 2,gainsboro,MC100_vs_MC1,1,1,0.0776823953622161,1.018878967026664,1.018878967026664,MC100_vs_MC1,-1.018878967026664,0.0776823953622161,up_in_reference,0,1,,,-1.018878967026664,,,,,0.0776823953622161,,,,,up_in_reference,,
ZNF846,ENSG00000196605,ZNF846,ZNF846,zinc finger protein 846,dimgrey,MC100_vs_MC1,1,1,0.0781802994290851,1.1923105485230157,1.1923105485230157,MC100_vs_MC1,1.1923105485230157,0.0781802994290851,up_in_tested,1,0,,,1.1923105485230157,,,,,0.0781802994290851,,,,,up_in_tested,,
HSPB2,ENSG00000170276,HSPB2,HSPB2,heat shock protein family B (small) member 2,dimgrey,MC100_vs_MC1,1,1,0.0782937000786918,1.206189869690735,1.206189869690735,MC100_vs_MC1,-1.206189869690735,0.0782937000786918,up_in_reference,0,1,,,-1.206189869690735,,,,,0.0782937000786918,,,,,up_in_reference,,
CAMTA2,ENSG00000108509,CAMTA2,CAMTA2,calmodulin binding transcription activator 2,dimgrey,MC100_vs_MC1,1,1,0.0793656594325955,1.4045363411933671,1.4045363411933671,MC100_vs_MC1,1.4045363411933671,0.0793656594325955,up_in_tested,1,0,,,1.4045363411933671,,,,,0.0793656594325955,,,,,up_in_tested,,
SCAMP3,ENSG00000116521,SCAMP3,SCAMP3,secretory carrier membrane protein 3,dimgrey,MC100_vs_MC1,1,1,0.0793656594325955,1.0182934217964306,1.0182934217964306,MC100_vs_MC1,1.0182934217964306,0.0793656594325955,up_in_tested,1,0,,,1.0182934217964306,,,,,0.0793656594325955,,,,,up_in_tested,,
CTDNEP1,ENSG00000175826,CTDNEP1,CTDNEP1,CTD nuclear envelope phosphatase 1,dimgrey,MC100_vs_MC1,1,1,0.0820489255300608,1.1630177071451049,1.1630177071451049,MC100_vs_MC1,1.1630177071451049,0.0820489255300608,up_in_tested,1,0,,,1.1630177071451049,,,,,0.0820489255300608,,,,,up_in_tested,,
MTM1,ENSG00000171100,MTM1,MTM1,myotubularin 1,dimgrey,MC100_vs_MC1,1,1,0.082347755658325,1.4464036496752266,1.4464036496752266,MC100_vs_MC1,1.4464036496752266,0.082347755658325,up_in_tested,1,0,,,1.4464036496752266,,,,,0.082347755658325,,,,,up_in_tested,,
TVP23B,ENSG00000171928,TVP23B,TVP23B,trans-golgi network vesicle protein 23 homolog B,silver,MC100_vs_MC1,1,1,0.0826220627417672,1.0006191928125503,1.0006191928125503,MC100_vs_MC1,1.0006191928125503,0.0826220627417672,up_in_tested,1,0,,,1.0006191928125503,,,,,0.0826220627417672,,,,,up_in_tested,,
CCR10,ENSG00000184451,CCR10,CCR10,C-C motif chemokine receptor 10,darkgrey,MC100_vs_MC1,1,1,0.0831867636703641,1.1885205175908804,1.1885205175908804,MC100_vs_MC1,-1.1885205175908804,0.0831867636703641,up_in_reference,0,1,,,-1.1885205175908804,,,,,0.0831867636703641,,,,,up_in_reference,,
PTPRU,ENSG00000060656,PTPRU,PTPRU,protein tyrosine phosphatase receptor type U,darkgrey,MC100_vs_MC1,1,1,0.0836788528409782,1.1878925446648223,1.1878925446648223,MC100_vs_MC1,-1.1878925446648223,0.0836788528409782,up_in_reference,0,1,,,-1.1878925446648223,,,,,0.0836788528409782,,,,,up_in_reference,,
TDRP,ENSG00000180190,TDRP,TDRP,testis development related protein,darkgrey,MA100_vs_CTR,1,1,0.0848142021493044,1.1222019333158002,1.1222019333158002,MA100_vs_CTR,1.1222019333158002,0.0848142021493044,up_in_tested,1,0,1.1222019333158002,,,,,0.0848142021493044,,,,,up_in_tested,,,,
HPS3,ENSG00000163755,HPS3,HPS3,HPS3 biogenesis of lysosomal organelles complex 2 subunit 1,dimgrey,MC100_vs_MC1,1,1,0.085054309279256,1.7871372891332045,1.7871372891332045,MC100_vs_MC1,1.7871372891332045,0.085054309279256,up_in_tested,1,0,,,1.7871372891332045,,,,,0.085054309279256,,,,,up_in_tested,,
PPIL2,ENSG00000100023,PPIL2,PPIL2,peptidylprolyl isomerase like 2,darkgrey,MA100_vs_CTR,1,1,0.0850681729631588,1.3169751275713946,1.3169751275713946,MA100_vs_CTR,1.3169751275713946,0.0850681729631588,up_in_tested,1,0,1.3169751275713946,,,,,0.0850681729631588,,,,,up_in_tested,,,,
MRPL49,ENSG00000149792,MRPL49,MRPL49,mitochondrial ribosomal protein L49,dimgrey,MA100_vs_CTR,1,1,0.0856923056429068,1.1830226159350958,1.1830226159350958,MA100_vs_CTR,-1.1830226159350958,0.0856923056429068,up_in_reference,0,1,-1.1830226159350958,,,,,0.0856923056429068,,,,,up_in_reference,,,,
ZSCAN12,ENSG00000158691,ZSCAN12,ZSCAN12,zinc finger and SCAN domain containing 12,silver,MC100_vs_MC1,1,1,0.0875424129591785,1.030354816708709,1.030354816708709,MC100_vs_MC1,1.030354816708709,0.0875424129591785,up_in_tested,1,0,,,1.030354816708709,,,,,0.0875424129591785,,,,,up_in_tested,,
PKIB,ENSG00000135549,PKIB,PKIB,cAMP-dependent protein kinase inhibitor beta,silver,MC100_vs_MC1,1,1,0.0888504407191449,1.3653164554273358,1.3653164554273358,MC100_vs_MC1,1.3653164554273358,0.0888504407191449,up_in_tested,1,0,,,1.3653164554273358,,,,,0.0888504407191449,,,,,up_in_tested,,
H2BC12,ENSG00000197903,H2BC12,H2BC12,H2B clustered histone 12,dimgrey,MC100_vs_MC1,1,1,0.0902847806598761,1.052363347244076,1.052363347244076,MC100_vs_MC1,1.052363347244076,0.0902847806598761,up_in_tested,1,0,,,1.052363347244076,,,,,0.0902847806598761,,,,,up_in_tested,,
MCAM,ENSG00000076706,MCAM,MCAM,melanoma cell adhesion molecule,darkgrey,MA100_vs_CTR,1,1,0.0903071303520739,1.0995970899004817,1.0995970899004817,MA100_vs_CTR,1.0995970899004817,0.0903071303520739,up_in_tested,1,0,1.0995970899004817,,,,,0.0903071303520739,,,,,up_in_tested,,,,
PNMA6A,ENSG00000235961,PNMA6A,PNMA6A,PNMA family member 6A,darkgrey,MC100_vs_MC1,1,1,0.091274718307784,1.6120298094189878,1.6120298094189878,MC100_vs_MC1,-1.6120298094189878,0.091274718307784,up_in_reference,0,1,,,-1.6120298094189878,,,,,0.091274718307784,,,,,up_in_reference,,
PTPRE,ENSG00000132334,PTPRE,PTPRE,protein tyrosine phosphatase receptor type E,gainsboro,MC100_vs_MC1,1,1,0.091410723077488,1.192629177929889,1.192629177929889,MC100_vs_MC1,-1.192629177929889,0.091410723077488,up_in_reference,0,1,,,-1.192629177929889,,,,,0.091410723077488,,,,,up_in_reference,,
ZNF562,ENSG00000171466,ZNF562,ZNF562,zinc finger protein 562,darkgrey,MC100_vs_MC1,1,1,0.0917402554382233,1.0982674977563662,1.0982674977563662,MC100_vs_MC1,-1.0982674977563662,0.0917402554382233,up_in_reference,0,1,,,-1.0982674977563662,,,,,0.0917402554382233,,,,,up_in_reference,,
PHRF1,ENSG00000070047,PHRF1,PHRF1,PHD and ring finger domains 1,darkgrey,MC100_vs_MC1,1,1,0.0921823092060031,1.484239375718152,1.484239375718152,MC100_vs_MC1,-1.484239375718152,0.0921823092060031,up_in_reference,0,1,,,-1.484239375718152,,,,,0.0921823092060031,,,,,up_in_reference,,
TMEM121,ENSG00000184986,TMEM121,TMEM121,transmembrane protein 121,dimgrey,MC100_vs_MC1,1,1,0.0938677787641985,1.299952701247734,1.299952701247734,MC100_vs_MC1,-1.299952701247734,0.0938677787641985,up_in_reference,0,1,,,-1.299952701247734,,,,,0.0938677787641985,,,,,up_in_reference,,
GPR137B,ENSG00000077585,GPR137B,GPR137B,G protein-coupled receptor 137B,dimgrey,MA100_vs_CTR,1,1,0.0938865672057318,1.0460054333686004,1.0460054333686004,MA100_vs_CTR,-1.0460054333686004,0.0938865672057318,up_in_reference,0,1,-1.0460054333686004,,,,,0.0938865672057318,,,,,up_in_reference,,,,
VPS53,ENSG00000141252,VPS53,VPS53,VPS53 subunit of GARP complex,gainsboro,MA100_vs_CTR,1,1,0.0941221228563681,1.163630613347143,1.163630613347143,MA100_vs_CTR,1.163630613347143,0.0941221228563681,up_in_tested,1,0,1.163630613347143,,,,,0.0941221228563681,,,,,up_in_tested,,,,
GARIN1A,ENSG00000205085,GARIN1A,GARIN1A,golgi associated RAB2 interactor 1A,gainsboro,MA100_vs_CTR,1,1,0.0947853263354982,1.0381534461179107,1.0381534461179107,MA100_vs_CTR,1.0381534461179107,0.0947853263354982,up_in_tested,1,0,1.0381534461179107,,,,,0.0947853263354982,,,,,up_in_tested,,,,
POU6F1,ENSG00000184271,POU6F1,POU6F1,POU class 6 homeobox 1,dimgrey,MC100_vs_MC1,1,1,0.0958742526108717,1.6279896470310278,1.6279896470310278,MC100_vs_MC1,1.6279896470310278,0.0958742526108717,up_in_tested,1,0,,,1.6279896470310278,,,,,0.0958742526108717,,,,,up_in_tested,,
PTEN,ENSG00000171862,PTEN,PTEN,phosphatase and tensin homolog,dimgrey,MC100_vs_MC1,1,1,0.0961739698723392,1.3185917362398267,1.3185917362398267,MC100_vs_MC1,1.3185917362398267,0.0961739698723392,up_in_tested,1,0,,,1.3185917362398267,,,,,0.0961739698723392,,,,,up_in_tested,,
CCDC57,ENSG00000176155,CCDC57,CCDC57,coiled-coil domain containing 57,darkgrey,MC100_vs_MC1,1,1,0.0964856528259691,1.240793112024811,1.240793112024811,MC100_vs_MC1,-1.240793112024811,0.0964856528259691,up_in_reference,0,1,,,-1.240793112024811,,,,,0.0964856528259691,,,,,up_in_reference,,
KCTD6,ENSG00000168301,KCTD6,KCTD6,potassium channel tetramerization domain containing 6,lightcoral,MC100_vs_MC1,1,1,0.0967229361235178,1.2781249958183996,1.2781249958183996,MC100_vs_MC1,1.2781249958183996,0.0967229361235178,up_in_tested,1,0,,,1.2781249958183996,,,,,0.0967229361235178,,,,,up_in_tested,,
ALG1,ENSG00000033011,ALG1,ALG1,ALG1 chitobiosyldiphosphodolichol beta-mannosyltransferase,dimgrey,MC100_vs_MC1,1,1,0.0973556234535197,1.141246481633339,1.141246481633339,MC100_vs_MC1,1.141246481633339,0.0973556234535197,up_in_tested,1,0,,,1.141246481633339,,,,,0.0973556234535197,,,,,up_in_tested,,
ZNF420,ENSG00000197050,ZNF420,ZNF420,zinc finger protein 420,darkgrey,MC1_vs_CTR,1,1,0.097546712693044,1.0370103274769271,1.0370103274769271,MC1_vs_CTR,1.0370103274769271,0.097546712693044,up_in_tested,1,0,,,,1.0370103274769271,,,,,0.097546712693044,,,,,up_in_tested,
PIP5KL1,ENSG00000167103,PIP5KL1,PIP5KL1,phosphatidylinositol-4-phosphate 5-kinase like 1,dimgrey,MC100_vs_MC1,1,1,0.0979726075434527,1.6032321915989916,1.6032321915989916,MC100_vs_MC1,1.6032321915989916,0.0979726075434527,up_in_tested,1,0,,,1.6032321915989916,,,,,0.0979726075434527,,,,,up_in_tested,,
GRAMD1B,ENSG00000023171,GRAMD1B,GRAMD1B,GRAM domain containing 1B,dimgrey,MC100_vs_MC1,1,1,0.0986319813603194,1.257254482793044,1.257254482793044,MC100_vs_MC1,1.257254482793044,0.0986319813603194,up_in_tested,1,0,,,1.257254482793044,,,,,0.0986319813603194,,,,,up_in_tested,,
PYROXD1,ENSG00000121350,PYROXD1,PYROXD1,pyridine nucleotide-disulphide oxidoreductase domain 1,dimgrey,MC100_vs_MC1,1,1,0.0998545464255775,1.2092115050622303,1.2092115050622303,MC100_vs_MC1,1.2092115050622303,0.0998545464255775,up_in_tested,1,0,,,1.2092115050622303,,,,,0.0998545464255775,,,,,up_in_tested,,
