gene_id,gene_symbol,gene_name,contrast,baseMean,log2FoldChange,lfcSE,stat,pvalue,padj,significant,direction,dynamic_module,module,abs_log2FoldChange,neg_log10_padj,is_deg,is_priority_contrast,has_wgcna_module,regulation,selected_priority_deg,string_gene_label
ENSG00000185112,FAM43A,family with sequence similarity 43 member A,MA100_vs_CTR,1161.674475741636,1.4769678682235774,0.1884681270334558,7.836698392834319,4.625472831182303e-15,4.102331853975585e-11,True,up_in_MA100,darkgrey,darkgrey,1.4769678682235774,10.386969210734858,True,True,True,up_in_tested,True,FAM43A
ENSG00000040275,SPDL1,spindle apparatus coiled-coil protein 1,MA100_vs_CTR,2053.578939417958,1.2147441518977444,0.1722056001171995,7.054033963303256,1.738039270915528e-12,5.13822343124994e-09,True,up_in_MA100,dimgrey,dimgrey,1.2147441518977444,8.289187014735075,True,True,True,up_in_tested,True,SPDL1
ENSG00000214357,NEURL1B,neuralized E3 ubiquitin protein ligase 1B,MA100_vs_CTR,1332.7426354216502,1.3135759927567068,0.1967258931174373,6.67718911802096,2.4356855990243606e-11,5.400523894436764e-08,True,up_in_MA100,dimgrey,dimgrey,1.3135759927567068,7.267564108060962,True,True,True,up_in_tested,True,NEURL1B
ENSG00000147133,TAF1,TATA-box binding protein associated factor 1,MA100_vs_CTR,1810.470520827528,1.2812810504123666,0.1929410870708026,6.6407890090418205,3.120084030181176e-11,5.53440505273537e-08,True,up_in_MA100,darkgrey,darkgrey,1.2812810504123666,7.256929058832517,True,True,True,up_in_tested,True,TAF1
ENSG00000131747,TOP2A,DNA topoisomerase II alpha,MA100_vs_CTR,19915.70676343376,1.0382593389225196,0.1572072470660617,6.60439870489063,3.9913400709508353e-11,5.8998658482104937e-08,True,up_in_MA100,dimgrey,dimgrey,1.0382593389225196,7.2291578632806175,True,True,True,up_in_tested,True,TOP2A
ENSG00000159202,UBE2Z,ubiquitin conjugating enzyme E2 Z,MA100_vs_CTR,2393.486788117661,1.268035182445258,0.1943527423175179,6.524400774204891,6.827392992397959e-11,8.650306921368218e-08,True,up_in_MA100,dimgrey,dimgrey,1.268035182445258,7.062968483067919,True,True,True,up_in_tested,True,UBE2Z
ENSG00000180035,ZNF48,zinc finger protein 48,MA100_vs_CTR,124.08528048926318,-1.7591554731635513,0.2772582593285149,-6.344826218789686,2.2267666176102558e-10,1.974919313158536e-07,True,up_in_CTR,dimgrey,dimgrey,1.7591554731635513,6.704450643108828,True,True,True,up_in_reference,True,ZNF48
ENSG00000089597,GANAB,glucosidase II alpha subunit,MA100_vs_CTR,4782.574473895875,1.1330850997799435,0.1837578016763129,6.166187717982491,6.995603164024073e-10,4.772615727825347e-07,True,up_in_MA100,darkgrey,darkgrey,1.1330850997799435,6.321243531903057,True,True,True,up_in_tested,True,GANAB
ENSG00000197958,RPL12,ribosomal protein L12,MA100_vs_CTR,5865.780702794145,-1.0369745765204708,0.1739711249000425,-5.9606131598923575,2.512932135910899e-09,1.4858130075595844e-06,True,up_in_CTR,dimgrey,dimgrey,1.0369745765204708,5.82803584393683,True,True,True,up_in_reference,True,RPL12
ENSG00000107949,BCCIP,BRCA2 and CDKN1A interacting protein,MA100_vs_CTR,1416.0331215547903,1.267917122262222,0.2186984896321016,5.797557744432226,6.728761547793125e-09,3.1409150614409062e-06,True,up_in_MA100,darkgrey,darkgrey,1.267917122262222,5.502943807901492,True,True,True,up_in_tested,True,BCCIP
ENSG00000136104,RNASEH2B,ribonuclease H2 subunit B,MA100_vs_CTR,280.21885429216104,-1.3178058568809043,0.231793441275213,-5.685259469081554,1.3061419889309002e-08,5.015299282627393e-06,True,up_in_CTR,dimgrey,dimgrey,1.3178058568809043,5.299703145810978,True,True,True,up_in_reference,True,RNASEH2B
ENSG00000205730,ITPRIPL2,ITPRIP like 2,MA100_vs_CTR,886.8160719645749,1.1975026640401571,0.2131015573346213,5.619398933625747,1.9162293262762773e-08,6.069656390980109e-06,True,up_in_MA100,darkgrey,darkgrey,1.1975026640401571,5.216835894052443,True,True,True,up_in_tested,True,ITPRIPL2
ENSG00000148296,SURF6,surfeit 6,MA100_vs_CTR,125.32596679462269,2.348830730662692,0.4202733353640836,5.588816927031298,2.2862181945975466e-08,6.991885919960566e-06,True,up_in_MA100,dimgrey,dimgrey,2.348830730662692,5.155405666291245,True,True,True,up_in_tested,True,SURF6
ENSG00000167863,ATP5PD,ATP synthase peripheral stalk subunit d,MA100_vs_CTR,2715.390494191022,-1.0758746836196125,0.1929554829717685,-5.5757663221056255,2.4644255916388734e-08,7.050642120079086e-06,True,up_in_CTR,dimgrey,dimgrey,1.0758746836196125,5.1517713288939895,True,True,True,up_in_reference,True,ATP5PD
ENSG00000182742,HOXB4,homeobox B4,MA100_vs_CTR,470.7151990069973,1.346127898233805,0.2473357222079391,5.442513059646489,5.253410774010801e-08,1.2592567609378862e-05,True,up_in_MA100,dimgrey,dimgrey,1.346127898233805,4.899885708740941,True,True,True,up_in_tested,True,HOXB4
ENSG00000102699,PARP4,poly(ADP-ribose) polymerase family member 4,MA100_vs_CTR,284.0860404937664,-1.2035963585112828,0.2286342822886859,-5.264286468603852,1.407348625033472e-07,2.713429338135188e-05,True,up_in_CTR,dimgrey,dimgrey,1.2035963585112828,4.566481483632154,True,True,True,up_in_reference,True,PARP4
ENSG00000153140,CETN3,centrin 3,MA100_vs_CTR,3844.029671896229,1.219072669496491,0.2355890776964084,5.17457210417644,2.2843388283067842e-07,4.017967688781284e-05,True,up_in_MA100,dimgrey,dimgrey,1.219072669496491,4.395993560031875,True,True,True,up_in_tested,True,CETN3
ENSG00000143742,SRP9,signal recognition particle 9,MA100_vs_CTR,780.4367655046071,-1.0705739546059945,0.2069762965789871,-5.1724471463689445,2.3104786574342706e-07,4.017967688781284e-05,True,up_in_CTR,dimgrey,dimgrey,1.0705739546059945,4.395993560031875,True,True,True,up_in_reference,True,SRP9
ENSG00000196700,ZNF512B,zinc finger protein 512B,MA100_vs_CTR,211.4279090334232,1.6794474528200656,0.3284448086024081,5.113332312866862,3.165247427615985e-07,4.8649970818385264e-05,True,up_in_MA100,darkgrey,darkgrey,1.6794474528200656,4.312917415897542,True,True,True,up_in_tested,True,ZNF512B
ENSG00000137193,PIM1,"Pim-1 proto-oncogene, serine/threonine kinase",MA100_vs_CTR,321.1339018942146,1.4287501443388189,0.2797080344765327,5.108005377867292,3.255773870951985e-07,4.8649970818385264e-05,True,up_in_MA100,darkgrey,darkgrey,1.4287501443388189,4.312917415897542,True,True,True,up_in_tested,True,PIM1
ENSG00000176261,ZBTB8OS,zinc finger and BTB domain containing 8 opposite strand,MA100_vs_CTR,579.1139140152945,-1.0280657016301995,0.2040389151368335,-5.038576591826875,4.69006733644076e-07,6.499407376077045e-05,True,up_in_CTR,dimgrey,dimgrey,1.0280657016301995,4.187126241054534,True,True,True,up_in_reference,True,ZBTB8OS
ENSG00000150779,TIMM8B,translocase of inner mitochondrial membrane 8 homolog B,MA100_vs_CTR,573.3507255463115,-1.3707020249625297,0.2723825369445954,-5.032268369103781,4.847100792586386e-07,6.513475292340706e-05,True,up_in_CTR,dimgrey,dimgrey,1.3707020249625297,4.186187229931323,True,True,True,up_in_reference,True,TIMM8B
ENSG00000143398,PIP5K1A,phosphatidylinositol-4-phosphate 5-kinase type 1 alpha,MA100_vs_CTR,866.6591648012283,1.0260818315920108,0.2044876135970582,5.017818994229644,5.226138012819941e-07,6.816267358191185e-05,True,up_in_MA100,darkgrey,darkgrey,1.0260818315920108,4.166453383336731,True,True,True,up_in_tested,True,PIP5K1A
ENSG00000188010,MORN2,MORN repeat containing 2,MA100_vs_CTR,275.5946866666245,-1.1869027412262998,0.2389974763463225,-4.966172695089057,6.828715049219542e-07,8.075183169537082e-05,True,up_in_CTR,dimgrey,dimgrey,1.1869027412262998,4.092847617774941,True,True,True,up_in_reference,True,MORN2
ENSG00000179218,CALR,calreticulin,MA100_vs_CTR,1752.4710872267635,1.244906740262491,0.2518289975497655,4.943460651375053,7.67478463965959e-07,8.839956489498819e-05,True,up_in_MA100,darkgrey,darkgrey,1.244906740262491,4.0535498725906685,True,True,True,up_in_tested,True,CALR
ENSG00000111875,ASF1A,anti-silencing function 1A histone chaperone,MA100_vs_CTR,194.092920218486,-1.247080175584512,0.2525156979096341,-4.938624354477935,7.86756006900029e-07,8.945819263072253e-05,True,up_in_CTR,dimgrey,dimgrey,1.247080175584512,4.048379880346607,True,True,True,up_in_reference,True,ASF1A
ENSG00000147684,NDUFB9,NADH:ubiquinone oxidoreductase subunit B9,MA100_vs_CTR,299.42319835077035,-1.255764229904566,0.2593194087789114,-4.8425385350743095,1.2819076462500257e-06,0.0001291958967567,True,up_in_CTR,dimgrey,dimgrey,1.255764229904566,3.8887512792528627,True,True,True,up_in_reference,True,NDUFB9
ENSG00000197728,RPS26,ribosomal protein S26,MA100_vs_CTR,3114.866793294156,-1.2120039115435353,0.2520337581863994,-4.808895126847095,1.5176679716643462e-06,0.0001495577471187,True,up_in_CTR,dimgrey,dimgrey,1.2120039115435353,3.8251910855162543,True,True,True,up_in_reference,True,RPS26
ENSG00000071082,RPL31,ribosomal protein L31,MA100_vs_CTR,14905.318565251242,-1.013595193450631,0.2110843191744291,-4.801849788818509,1.5720660479547763e-06,0.0001515505845577,True,up_in_CTR,dimgrey,dimgrey,1.013595193450631,3.819442384141665,True,True,True,up_in_reference,True,RPL31
ENSG00000157193,LRP8,LDL receptor related protein 8,MA100_vs_CTR,314.2466804249742,1.1960123638267404,0.2528469369861991,4.730183319926953,2.243171864601281e-06,0.0001949449717083,True,up_in_MA100,dimgrey,dimgrey,1.1960123638267404,3.7100879622585126,True,True,True,up_in_tested,True,LRP8
ENSG00000168916,ZNF608,zinc finger protein 608,MA100_vs_CTR,255.87879933790205,1.186325866631013,0.2516397154994279,4.714382482417448,2.424448786515957e-06,0.0002040085447391,True,up_in_MA100,dimgrey,dimgrey,1.186325866631013,3.690351642106824,True,True,True,up_in_tested,True,ZNF608
ENSG00000030582,GRN,granulin precursor,MA100_vs_CTR,3583.308605118453,1.037159773196397,0.2264086188507232,4.58092001294448,4.629348882301035e-06,0.0003087044754671,True,up_in_MA100,darkgrey,darkgrey,1.037159773196397,3.5104570742542953,True,True,True,up_in_tested,True,GRN
ENSG00000125746,EML2,EMAP like 2,MA100_vs_CTR,1368.2402870910844,1.4349222453170032,0.3150315257135359,4.5548528581923735,5.242225968020079e-06,0.000336907986307,True,up_in_MA100,dimgrey,dimgrey,1.4349222453170032,3.472488694070967,True,True,True,up_in_tested,True,EML2
ENSG00000213694,S1PR3,sphingosine-1-phosphate receptor 3,MA100_vs_CTR,322.7423810438136,-1.0515425153679123,0.2322747905470702,-4.527148696986204,5.978487329861955e-06,0.0003734028459756,True,up_in_CTR,dimgrey,dimgrey,1.0515425153679123,3.42782237629913,True,True,True,up_in_reference,True,S1PR3
ENSG00000135945,REV1,REV1 DNA directed polymerase,MA100_vs_CTR,209.2002341673929,1.1598311452148025,0.2574033341330837,4.5058901397724,6.609527887616036e-06,0.0003976090085204,True,up_in_MA100,darkgrey,darkgrey,1.1598311452148025,3.4005437844699484,True,True,True,up_in_tested,True,REV1
ENSG00000105700,KXD1,KxDL motif containing 1,MA100_vs_CTR,128.8770085541345,-1.6796410705907354,0.3730175104320382,-4.502847784934635,6.70489069123333e-06,0.0003990984935607,True,up_in_CTR,dimgrey,dimgrey,1.6796410705907354,3.398919911503148,True,True,True,up_in_reference,True,KXD1
ENSG00000205531,NAP1L4,nucleosome assembly protein 1 like 4,MA100_vs_CTR,946.3319571156204,1.0836752901964202,0.2411077526550485,4.494568417079596,6.971118797301229e-06,0.0004040970759036,True,up_in_MA100,darkgrey,darkgrey,1.0836752901964202,3.393514292154545,True,True,True,up_in_tested,True,NAP1L4
ENSG00000175334,BANF1,barrier to autointegration nuclear assembly factor 1,MA100_vs_CTR,357.07233492762833,-1.0336930328856075,0.2317348847497622,-4.460670796293082,8.170351427094744e-06,0.0004557411748861,True,up_in_CTR,dimgrey,dimgrey,1.0336930328856075,3.341281732405027,True,True,True,up_in_reference,True,BANF1
ENSG00000177971,IMP3,IMP U3 small nucleolar ribonucleoprotein 3,MA100_vs_CTR,131.4668275675209,-1.4143512938223397,0.3221428587502919,-4.390447453372447,1.131176489835997e-05,0.0005870668805019,True,up_in_CTR,dimgrey,dimgrey,1.4143512938223397,3.231312419743249,True,True,True,up_in_reference,True,IMP3
ENSG00000040487,SLC66A1,solute carrier family 66 member 1,MA100_vs_CTR,152.86239378304006,-1.131578801681255,0.2598111380792705,-4.355389880690953,1.3283028085859123e-05,0.0006544843116304,True,up_in_CTR,dimgrey,dimgrey,1.131578801681255,3.1841007592797754,True,True,True,up_in_reference,True,SLC66A1
ENSG00000167766,ZNF83,zinc finger protein 83,MA100_vs_CTR,202.31260105007485,-1.2638692409073284,0.2946201922412089,-4.289825593055701,1.788134858247692e-05,0.0008132804132204,True,up_in_CTR,dimgrey,dimgrey,1.2638692409073284,3.089759686980229,True,True,True,up_in_reference,True,ZNF83
ENSG00000197061,H4C3,H4 clustered histone 3,MA100_vs_CTR,6293.7438573169775,1.682572293490005,0.397249430136173,4.235556216942178,2.279866541351996e-05,0.0009583003011967,True,up_in_MA100,darkgrey,darkgrey,1.682572293490005,3.0184983753516548,True,True,True,up_in_tested,True,H4C3
ENSG00000022976,ZNF839,zinc finger protein 839,MA100_vs_CTR,79.45312327173723,2.4143382242158995,0.5723714938167574,4.218131493789661,2.4633515655055262e-05,0.0010067956237082,True,up_in_MA100,whitesmoke,whitesmoke,2.4143382242158995,2.997058680890372,True,True,True,up_in_tested,True,ZNF839
ENSG00000157766,ACAN,aggrecan,MA100_vs_CTR,144.79368448454218,1.5857537120957326,0.378473094257524,4.189871713883946,2.7911220758817443e-05,0.0010953301633183,True,up_in_MA100,dimgrey,dimgrey,1.5857537120957326,2.960454952518394,True,True,True,up_in_tested,True,ACAN
ENSG00000143870,PDIA6,protein disulfide isomerase family A member 6,MA100_vs_CTR,697.1715196480053,1.7054273092809815,0.4078682185949682,4.181319434879894,2.898223588032384e-05,0.0011273835527306,True,up_in_MA100,whitesmoke,whitesmoke,1.7054273092809815,2.9479283053420207,True,True,True,up_in_tested,True,PDIA6
ENSG00000167110,GOLGA2,golgin A2,MA100_vs_CTR,3611.047103452429,1.0905232174418698,0.2614983741815921,4.170286797594308,3.04216545946788e-05,0.001154118628113,True,up_in_MA100,dimgrey,dimgrey,1.0905232174418698,2.937749549163805,True,True,True,up_in_tested,True,GOLGA2
ENSG00000137216,TMEM63B,transmembrane protein 63B,MA100_vs_CTR,536.7481476678703,1.0010898801484704,0.2408293757660299,4.156842897442242,3.2267571833675465e-05,0.001197410437627,True,up_in_MA100,darkgrey,darkgrey,1.0010898801484704,2.9217569605012965,True,True,True,up_in_tested,True,TMEM63B
ENSG00000168275,COA6,cytochrome c oxidase assembly factor 6,MA100_vs_CTR,486.05143842792376,-1.006823889960669,0.2425221696562864,-4.151471559847853,3.303443207663742e-05,0.001208428574222,True,up_in_CTR,dimgrey,dimgrey,1.006823889960669,2.9177790140506765,True,True,True,up_in_reference,True,COA6
ENSG00000166398,GARRE1,granule associated Rac and RHOG effector 1,MA100_vs_CTR,112.30814760060456,1.795129197503018,0.4337216906112376,4.138896523651304,3.4898029598978925e-05,0.001253079451471,True,up_in_MA100,darkgrey,darkgrey,1.795129197503018,2.9020213917021738,True,True,True,up_in_tested,True,GARRE1
ENSG00000111364,DDX55,DEAD-box helicase 55,MA100_vs_CTR,209.00264179683708,-1.005427661158778,0.2438706860774381,-4.122790144771713,3.743106823322447e-05,0.0013136386591582,True,up_in_CTR,dimgrey,dimgrey,1.005427661158778,2.8815240791557932,True,True,True,up_in_reference,True,DDX55
ENSG00000109971,HSPA8,heat shock protein family A (Hsp70) member 8,MA100_vs_CTR,6836.42453291867,-1.0057242220504468,0.2439775248814404,-4.122200282748064,3.752707027078338e-05,0.0013136386591582,True,up_in_CTR,dimgrey,dimgrey,1.0057242220504468,2.8815240791557932,True,True,True,up_in_reference,True,HSPA8
ENSG00000168010,ATG16L2,autophagy related 16 like 2,MA100_vs_CTR,225.3635822440419,1.0746118047311215,0.2623270775715285,4.096457806335711,4.1951990862029686e-05,0.0014534070584193,True,up_in_MA100,darkgrey,darkgrey,1.0746118047311215,2.8376127350020477,True,True,True,up_in_tested,True,ATG16L2
ENSG00000136942,RPL35,ribosomal protein L35,MA100_vs_CTR,5844.320634453307,-1.0217487653558477,0.251523278066631,-4.0622433565976985,4.860336955728452e-05,0.0016024657420206,True,up_in_CTR,dimgrey,dimgrey,1.0217487653558477,2.7952112461838388,True,True,True,up_in_reference,True,RPL35
ENSG00000140829,DHX38,DEAH-box helicase 38,MA100_vs_CTR,78.67157961857323,1.708933773567459,0.4265993892164158,4.005945195342296,6.176997120965653e-05,0.0019222381566962,True,up_in_MA100,darkgrey,darkgrey,1.708933773567459,2.71619280619325,True,True,True,up_in_tested,True,DHX38
ENSG00000189319,FAM53B,family with sequence similarity 53 member B,MA100_vs_CTR,220.10989474931424,1.3679019756133068,0.341614969025687,4.004221417798734,6.222206653305007e-05,0.0019228136170091,True,up_in_MA100,dimgrey,dimgrey,1.3679019756133068,2.7160628109395986,True,True,True,up_in_tested,True,FAM53B
ENSG00000196712,NF1,neurofibromin 1,MA100_vs_CTR,660.1720533829534,1.074158265261434,0.2685416503037284,3.999968958433561,6.335079278177302e-05,0.0019230161926471,True,up_in_MA100,whitesmoke,whitesmoke,1.074158265261434,2.7160170587944505,True,True,True,up_in_tested,True,NF1
ENSG00000018610,STEEP1,STING1 ER exit protein 1,MA100_vs_CTR,162.38750398151134,-1.065397879724972,0.2672905710879329,-3.985916433148249,6.722016899232562e-05,0.001981052072864,True,up_in_CTR,dimgrey,dimgrey,1.065397879724972,2.703104108681409,True,True,True,up_in_reference,True,STEEP1
ENSG00000163788,SNRK,SNF related kinase,MA100_vs_CTR,120.56319808556002,-1.0996110344258954,0.2762129335377482,-3.9810265954675823,6.8618270422608e-05,0.0019971271118869,True,up_in_CTR,dimgrey,dimgrey,1.0996110344258954,2.6995942925483094,True,True,True,up_in_reference,True,SNRK
ENSG00000163202,LCE3D,late cornified envelope 3D,MA100_vs_CTR,189.08064714698685,-1.5195287722155326,0.382954838091393,-3.967905927990636,7.250694230806609e-05,0.0020617417888897,True,up_in_CTR,dimgrey,dimgrey,1.5195287722155326,2.685765726386267,True,True,True,up_in_reference,True,LCE3D
ENSG00000198888,MT-ND1,NADH dehydrogenase subunit 1,MA100_vs_CTR,38618.19054649298,-1.2359127711130804,0.312665323992691,-3.952829675291948,7.723241343864302e-05,0.0021608021286666,True,up_in_CTR,dimgrey,dimgrey,1.2359127711130804,2.6653850009847564,True,True,True,up_in_reference,True,MT-ND1
ENSG00000138190,EXOC6,exocyst complex component 6,MA100_vs_CTR,146.2054035052896,-1.2325294486642078,0.3129245891812811,-3.938742723570975,8.190970389540361e-05,0.002263106429434,True,up_in_CTR,dimgrey,dimgrey,1.2325294486642078,2.6452950215516684,True,True,True,up_in_reference,True,EXOC6
ENSG00000232119,MCTS1,MCTS1 re-initiation and release factor,MA100_vs_CTR,214.9581463526296,-1.2580010013012193,0.3222177278276283,-3.9041954947127926,9.453934022629276e-05,0.0024880397877358,True,up_in_CTR,dimgrey,dimgrey,1.2580010013012193,2.6041426788622717,True,True,True,up_in_reference,True,MCTS1
ENSG00000179387,ELMOD2,ELMO domain containing 2,MA100_vs_CTR,227.0787482119516,-1.029205708714723,0.2637778194692667,-3.9017901914024944,9.548390293860996e-05,0.0025054637134986,True,up_in_CTR,dimgrey,dimgrey,1.029205708714723,2.60111188274048,True,True,True,up_in_reference,True,ELMOD2
ENSG00000204397,CARD16,caspase recruitment domain family member 16,MA100_vs_CTR,321.69711582166724,-1.2213569734805154,0.3132617620869727,-3.89883835596067,9.665526886936742e-05,0.0025103115258858,True,up_in_CTR,dimgrey,dimgrey,1.2213569734805154,2.600272379882334,True,True,True,up_in_reference,True,CARD16
ENSG00000172986,GXYLT2,glucoside xylosyltransferase 2,MA100_vs_CTR,199.6347962892021,1.1907408775215491,0.3064603867958896,3.885464251908722,0.0001021345219291,0.0025733837357665,True,up_in_MA100,dimgrey,dimgrey,1.1907408775215491,2.58949544818539,True,True,True,up_in_tested,True,GXYLT2
ENSG00000198728,LDB1,LIM domain binding 1,MA100_vs_CTR,258.10783852517665,1.0166525277782523,0.2621951324405878,3.877465299660439,0.0001055503761039,0.0026352892765184,True,up_in_MA100,darkgrey,darkgrey,1.0166525277782523,2.5791717051952125,True,True,True,up_in_tested,True,LDB1
ENSG00000161011,SQSTM1,sequestosome 1,MA100_vs_CTR,322.0567010868993,1.956753086794646,0.5067154420403766,3.861640922004359,0.0001126280175136,0.0027670301588047,True,up_in_MA100,dimgrey,dimgrey,1.956753086794646,2.5579861073096866,True,True,True,up_in_tested,True,SQSTM1
ENSG00000119950,MXI1,"MAX interactor 1, dimerization protein",MA100_vs_CTR,190.3628139608755,1.0317175173284905,0.2683993420935255,3.843964404983458,0.0001210625729485,0.0029416546835086,True,up_in_MA100,darkgrey,darkgrey,1.0317175173284905,2.5314083098031532,True,True,True,up_in_tested,True,MXI1
ENSG00000138193,PLCE1,phospholipase C epsilon 1,MA100_vs_CTR,116.60870452554344,1.1306991299642677,0.2943925403158787,3.840787299674932,0.0001226403455741,0.0029637526563949,True,up_in_MA100,darkgrey,darkgrey,1.1306991299642677,2.52815804375787,True,True,True,up_in_tested,True,PLCE1
ENSG00000170775,GPR37,G protein-coupled receptor 37,MA100_vs_CTR,245.2344848661133,1.165605010519511,0.3042899798826353,3.830573096653018,0.0001278451464653,0.0030562226522939,True,up_in_MA100,dimgrey,dimgrey,1.165605010519511,2.51481500967087,True,True,True,up_in_tested,True,GPR37
ENSG00000148291,SURF2,surfeit 2,MA100_vs_CTR,178.0400250007675,-1.194968332769558,0.3121357759214813,-3.828360684518764,0.0001289996169268,0.0030755311895819,True,up_in_CTR,dimgrey,dimgrey,1.194968332769558,2.512079864349995,True,True,True,up_in_reference,True,SURF2
ENSG00000103064,SLC7A6,solute carrier family 7 member 6,MA100_vs_CTR,112.70913580938122,-1.280495811818986,0.3391144316295015,-3.7759991683809786,0.000159367522008,0.0034899519819497,True,up_in_CTR,dimgrey,dimgrey,1.280495811818986,2.457180548432723,True,True,True,up_in_reference,True,SLC7A6
ENSG00000123496,IL13RA2,interleukin 13 receptor subunit alpha 2,MA100_vs_CTR,111.04682047217727,-1.4951784959147227,0.3970504167331535,-3.7657144606892334,0.0001660735024466,0.0035750143038827,True,up_in_CTR,dimgrey,dimgrey,1.4951784959147227,2.446722216216775,True,True,True,up_in_reference,True,IL13RA2
ENSG00000173915,ATP5MK,ATP synthase membrane subunit k,MA100_vs_CTR,2813.074544077688,-1.029669535832639,0.2735051491598114,-3.764717187210959,0.0001667376898911,0.003580621238848,True,up_in_CTR,dimgrey,dimgrey,1.029669535832639,2.4460416165971774,True,True,True,up_in_reference,True,ATP5MK
ENSG00000142669,SH3BGRL3,SH3 domain binding glutamate rich protein like 3,MA100_vs_CTR,685.4599914669822,-1.2967100751450409,0.3452844683748958,-3.755483359121517,0.0001730072567849,0.0036690029341682,True,up_in_CTR,dimgrey,dimgrey,1.2967100751450409,2.4354519409307382,True,True,True,up_in_reference,True,SH3BGRL3
ENSG00000153006,SREK1IP1,SREK1 interacting protein 1,MA100_vs_CTR,1110.5852283769336,-1.0379897738683574,0.2766006826611125,-3.752665264171054,0.0001749644127815,0.0036946651832368,True,up_in_CTR,dimgrey,dimgrey,1.0379897738683574,2.43242491198123,True,True,True,up_in_reference,True,SREK1IP1
ENSG00000250317,SMIM20,small integral membrane protein 20,MA100_vs_CTR,265.93658626487087,-1.0872860599976597,0.2908881953229791,-3.737814313126125,0.0001856269563926,0.0038465548510439,True,up_in_CTR,dimgrey,dimgrey,1.0872860599976597,2.4149280702362828,True,True,True,up_in_reference,True,SMIM20
ENSG00000160014,CALM3,calmodulin 3,MA100_vs_CTR,166.67223154094313,-1.3119967362743,0.3535185784522321,-3.7112525797610334,0.0002062361892646,0.0041570653695181,True,up_in_CTR,dimgrey,dimgrey,1.3119967362743,2.3812131461943427,True,True,True,up_in_reference,True,CALM3
ENSG00000174804,FZD4,frizzled class receptor 4,MA100_vs_CTR,163.8023501231024,-1.2761247524986936,0.3461156903221607,-3.686989027601986,0.0002269231374023,0.0044329984705309,True,up_in_CTR,dimgrey,dimgrey,1.2761247524986936,2.353302418540527,True,True,True,up_in_reference,True,FZD4
ENSG00000184983,NDUFA6,NADH:ubiquinone oxidoreductase subunit A6,MA100_vs_CTR,502.2250977157934,-1.3017910512066515,0.3550066878334505,-3.666947964139143,0.0002454627213894,0.0046918294741442,True,up_in_CTR,dimgrey,dimgrey,1.3017910512066515,2.3286577808242015,True,True,True,up_in_reference,True,NDUFA6
ENSG00000186468,RPS23,ribosomal protein S23,MA100_vs_CTR,2051.994334607676,-1.051675246940473,0.287498239452745,-3.658023259350543,0.000254167985792,0.0048270147023328,True,up_in_CTR,dimgrey,dimgrey,1.051675246940473,2.3163213783861387,True,True,True,up_in_reference,True,RPS23
ENSG00000134255,CEPT1,choline/ethanolamine phosphotransferase 1,MA100_vs_CTR,234.79309604579404,1.1958207289597296,0.3284713236286801,3.640563552852313,0.0002720419462169,0.005047573265686,True,up_in_MA100,whitesmoke,whitesmoke,1.1958207289597296,2.2969173685403974,True,True,True,up_in_tested,True,CEPT1
ENSG00000112365,ZBTB24,zinc finger and BTB domain containing 24,MA100_vs_CTR,151.73940313722926,-1.144255607877439,0.3144786007974446,-3.638580192661354,0.0002741452654783,0.0050654049156822,True,up_in_CTR,dimgrey,dimgrey,1.144255607877439,2.2953858325114758,True,True,True,up_in_reference,True,ZBTB24
ENSG00000198522,GPN1,GPN-loop GTPase 1,MA100_vs_CTR,179.08587481861005,-1.0219842646689974,0.2810837145433092,-3.635871492339805,0.000277042424717,0.0051082936898446,True,up_in_CTR,dimgrey,dimgrey,1.0219842646689974,2.2917241419073906,True,True,True,up_in_reference,True,GPN1
ENSG00000185338,SOCS1,suppressor of cytokine signaling 1,MA100_vs_CTR,138.75138401379115,1.1739349322212949,0.3232135877216818,3.632071722282191,0.0002811549489212,0.00515216491767,True,up_in_MA100,dimgrey,dimgrey,1.1739349322212949,2.2880102439231402,True,True,True,up_in_tested,True,SOCS1
ENSG00000180155,LYNX1,Ly6/neurotoxin 1,MA100_vs_CTR,121.38531672483516,1.1293344028692045,0.310934697892675,3.632062971817368,0.0002811644853029,0.00515216491767,True,up_in_MA100,darkgrey,darkgrey,1.1293344028692045,2.2880102439231402,True,True,True,up_in_tested,True,LYNX1
ENSG00000161970,RPL26,ribosomal protein L26,MA100_vs_CTR,3058.677253985361,-1.2528144868914386,0.3460612436439797,-3.6202103237550256,0.0002943636408313,0.0052982826159728,True,up_in_CTR,dimgrey,dimgrey,1.2528144868914386,2.275864879696031,True,True,True,up_in_reference,True,RPL26
ENSG00000185453,ZSWIM9,zinc finger SWIM-type containing 9,MA100_vs_CTR,231.8327957395064,1.001451933124734,0.2798693247605583,3.5782840223076406,0.0003458574977218,0.0059793570122711,True,up_in_MA100,darkgrey,darkgrey,1.001451933124734,2.2233455151815487,True,True,True,up_in_tested,True,ZSWIM9
ENSG00000117262,GPHRA,golgi pH regulator A,MA100_vs_CTR,203.04079712799253,-1.041456881245067,0.2919081242383624,-3.5677557243821285,0.0003600519248855,0.0061174339498276,True,up_in_CTR,dimgrey,dimgrey,1.041456881245067,2.2134307110452798,True,True,True,up_in_reference,True,GPHRA
ENSG00000079257,LXN,latexin,MA100_vs_CTR,121.94675648262884,-1.620264748255761,0.4568751122607676,-3.5464062383222417,0.0003905236842261,0.0064498222633182,True,up_in_CTR,dimgrey,dimgrey,1.620264748255761,2.1904522529808075,True,True,True,up_in_reference,True,LXN
ENSG00000204463,BAG6,BAG cochaperone 6,MA100_vs_CTR,233.15195534193103,-1.0958975623056617,0.3101195427699129,-3.5337907199184206,0.000409645300807,0.0067032180311027,True,up_in_CTR,dimgrey,dimgrey,1.0958975623056617,2.173716654369542,True,True,True,up_in_reference,True,BAG6
ENSG00000166986,MARS1,methionyl-tRNA synthetase 1,MA100_vs_CTR,183.27122654518007,-1.185286248754433,0.3359438811886056,-3.5282269305241174,0.0004183533385526,0.0068080289167397,True,up_in_CTR,dimgrey,dimgrey,1.185286248754433,2.1669786082769034,True,True,True,up_in_reference,True,MARS1
ENSG00000253710,ALG11,"ALG11 alpha-1,2-mannosyltransferase",MA100_vs_CTR,286.0953452126373,1.7016132769953003,0.4833470557251575,3.5204792433097545,0.0004307677067285,0.0069716766258681,True,up_in_MA100,whitesmoke,whitesmoke,1.7016132769953003,2.1566627654028503,True,True,True,up_in_tested,True,ALG11
ENSG00000159259,CHAF1B,chromatin assembly factor 1 subunit B,MA100_vs_CTR,193.1996499311489,-1.0097456481915916,0.2872819973588624,-3.514823962081596,0.0004400455816333,0.0070932945058808,True,up_in_CTR,dimgrey,dimgrey,1.0097456481915916,2.1491520083421216,True,True,True,up_in_reference,True,CHAF1B
ENSG00000019995,ZRANB1,zinc finger RANBP2-type containing 1,MA100_vs_CTR,83.07325547830682,1.580391506893133,0.4510610239052756,3.503719947270417,0.0004588075895063,0.0072924095185155,True,up_in_MA100,dimgrey,dimgrey,1.580391506893133,2.137128950735981,True,True,True,up_in_tested,True,ZRANB1
ENSG00000072134,EPN2,epsin 2,MA100_vs_CTR,244.3916648848151,1.2454238717004364,0.3582184460247555,3.476716192371536,0.0005075948130415,0.0078341979796684,True,up_in_MA100,whitesmoke,whitesmoke,1.2454238717004364,2.106005457502082,True,True,True,up_in_tested,True,EPN2
ENSG00000137312,FLOT1,flotillin 1,MA100_vs_CTR,82.6965461753975,-1.8631508614733767,0.5378983303968844,-3.463760261346535,0.0005326810196628,0.0080758084844264,True,up_in_CTR,dimgrey,dimgrey,1.8631508614733767,2.0928139887802844,True,True,True,up_in_reference,True,FLOT1
ENSG00000145217,SLC26A1,solute carrier family 26 member 1,MA100_vs_CTR,136.01625120211978,-1.0968409353802178,0.317354225807796,-3.456203970778426,0.0005478405941305,0.0082213168009199,True,up_in_CTR,dimgrey,dimgrey,1.0968409353802178,2.0850586163319536,True,True,True,up_in_reference,True,SLC26A1
ENSG00000095951,HIVEP1,HIVEP zinc finger 1,MA100_vs_CTR,162.03208193634558,1.0555603894770211,0.3058660022942473,3.4510549768834964,0.0005583998104334,0.0083369092423063,True,up_in_MA100,darkgrey,darkgrey,1.0555603894770211,2.0789949263163408,True,True,True,up_in_tested,True,HIVEP1
ENSG00000164938,TP53INP1,tumor protein p53 inducible nuclear protein 1,MA100_vs_CTR,170.00347644499348,-1.0997766413032632,0.324215407079453,-3.392117145850966,0.0006935478113036,0.0096536037780558,True,up_in_CTR,dimgrey,dimgrey,1.0997766413032632,2.0153105303086347,True,True,True,up_in_reference,True,TP53INP1
ENSG00000196460,RFX8,regulatory factor X8,MA100_vs_CTR,137.1993623242751,-1.2046077862813929,0.3553650697394366,-3.389775441814369,0.0006994989752778,0.0097086954800306,True,up_in_CTR,dimgrey,dimgrey,1.2046077862813929,2.0128391206465603,True,True,True,up_in_reference,True,RFX8
ENSG00000178607,ERN1,endoplasmic reticulum to nucleus signaling 1,MA100_vs_CTR,133.74410924939778,-1.0040085328437305,0.2982777489603418,-3.366018874499487,0.0007626149002368,0.0103516813088448,True,up_in_CTR,dimgrey,dimgrey,1.0040085328437305,1.9849891068396543,True,True,True,up_in_reference,True,ERN1
ENSG00000110400,NECTIN1,nectin cell adhesion molecule 1,MA100_vs_CTR,121.16086284686912,-1.1482056247413897,0.3426389474214327,-3.351065701614887,0.0008050120041451,0.0108012881463887,True,up_in_CTR,dimgrey,dimgrey,1.1482056247413897,1.9665244480770814,True,True,True,up_in_reference,True,NECTIN1
ENSG00000138382,METTL5,"methyltransferase 5, N6-adenosine",MA100_vs_CTR,200.4636355913344,-1.2947956111214345,0.3885372681389603,-3.332487556015735,0.0008607331962344,0.01120975435742,True,up_in_CTR,dimgrey,dimgrey,1.2947956111214345,1.9504039041209835,True,True,True,up_in_reference,True,METTL5
ENSG00000213020,ZNF611,zinc finger protein 611,MA100_vs_CTR,179.46331571684115,1.038174673221309,0.311572379735874,3.332049760320185,0.0008620884027814,0.0112109414138842,True,up_in_MA100,darkgrey,darkgrey,1.038174673221309,1.9503579169600274,True,True,True,up_in_tested,True,ZNF611
ENSG00000112624,BICRAL,BICRA like chromatin remodeling complex associated protein,MA100_vs_CTR,138.43757474211114,1.0924953105964217,0.3299057447862341,3.311537697848564,0.0009278473778816,0.0117726443411043,True,up_in_MA100,darkgrey,darkgrey,1.0924953105964217,1.9291259760892479,True,True,True,up_in_tested,True,BICRAL
ENSG00000100764,PSMC1,"proteasome 26S subunit, ATPase 1",MA100_vs_CTR,3169.6019199690804,1.1587173217117916,0.3513699699681112,3.2977130112085327,0.0009747570761328,0.0121762260679187,True,up_in_MA100,darkgrey,darkgrey,1.1587173217117916,1.9144872972408644,True,True,True,up_in_tested,True,PSMC1
ENSG00000196878,LAMB3,laminin subunit beta 3,MA100_vs_CTR,115.47773924908029,-1.110630418672709,0.3377191500603738,-3.288621383993659,0.0010067936005737,0.0124710229657659,True,up_in_CTR,dimgrey,dimgrey,1.110630418672709,1.9040979210069655,True,True,True,up_in_reference,True,LAMB3
ENSG00000100823,APEX1,apurinic/apyrimidinic endodeoxyribonuclease 1,MA100_vs_CTR,255.7983280617093,1.6573840453121838,0.5059371479747167,3.27586944731524,0.0010533724151461,0.0128545670447196,True,up_in_MA100,dimgrey,dimgrey,1.6573840453121838,1.89094254626777,True,True,True,up_in_tested,True,APEX1
ENSG00000215114,UBXN2B,UBX domain protein 2B,MA100_vs_CTR,83.66756776217971,-1.2756614570247462,0.3897256521594134,-3.2732293857396626,0.0010632615043647,0.0129356190428139,True,up_in_CTR,dimgrey,dimgrey,1.2756614570247462,1.8882127829934283,True,True,True,up_in_reference,True,UBXN2B
ENSG00000178974,FBXO34,F-box protein 34,MA100_vs_CTR,78.57460306825682,-1.1989660962187725,0.3685626448794603,-3.2530863148404485,0.0011415881467165,0.0136085285930496,True,up_in_CTR,dimgrey,dimgrey,1.1989660962187725,1.8661888298638822,True,True,True,up_in_reference,True,FBXO34
ENSG00000168488,ATXN2L,ataxin 2 like,MA100_vs_CTR,335.16161048054886,1.7037190521748995,0.523824719802736,3.252460198549799,0.0011441061796021,0.0136202385327407,True,up_in_MA100,darkgrey,darkgrey,1.7037190521748995,1.8658152865094368,True,True,True,up_in_tested,True,ATXN2L
ENSG00000162746,FCRLB,Fc receptor like B,MA100_vs_CTR,108.06012820882586,-1.056835765528503,0.3261351289797672,-3.240484301199173,0.0011932684257529,0.0140920075472746,True,up_in_CTR,dimgrey,dimgrey,1.056835765528503,1.8510271328950787,True,True,True,up_in_reference,True,FCRLB
ENSG00000060718,COL11A1,collagen type XI alpha 1 chain,MA100_vs_CTR,259.2055531670795,1.2010585874154238,0.371363137476731,3.2341890354981184,0.0012198868363367,0.0142733197248947,True,up_in_MA100,darkgrey,darkgrey,1.2010585874154238,1.8454750058251819,True,True,True,up_in_tested,True,COL11A1
ENSG00000186193,SAPCD2,suppressor APC domain containing 2,MA100_vs_CTR,168.12959676816854,-1.0074283712153982,0.3144693190224165,-3.203582385547714,0.0013572920004853,0.015452917525423,True,up_in_CTR,dimgrey,dimgrey,1.0074283712153982,1.8109895132894416,True,True,True,up_in_reference,True,SAPCD2
ENSG00000112655,PTK7,protein tyrosine kinase 7 (inactive),MA100_vs_CTR,2004.34686095422,1.114611586923622,0.349151164091563,3.1923467585269765,0.0014112180400923,0.0158983957043238,True,up_in_MA100,dimgrey,dimgrey,1.114611586923622,1.7986466978123747,True,True,True,up_in_tested,True,PTK7
ENSG00000102362,SYTL4,synaptotagmin like 4,MA100_vs_CTR,89.90155402073901,1.1473459011680365,0.361052692239377,3.177779658840901,0.0014840748856514,0.016442971374033,True,up_in_MA100,darkgrey,darkgrey,1.1473459011680365,1.7840196992812585,True,True,True,up_in_tested,True,SYTL4
ENSG00000275700,AATF,apoptosis antagonizing transcription factor,MA100_vs_CTR,85.9216902647028,-1.271120635331394,0.4001222131383424,-3.176830962123823,0.001488937925066,0.016465574136422,True,up_in_CTR,dimgrey,dimgrey,1.271120635331394,1.7834231213181406,True,True,True,up_in_reference,True,AATF
ENSG00000147400,CETN2,centrin 2,MA100_vs_CTR,480.6697274576952,1.2340155658300067,0.3894267365579247,3.168800315913735,0.0015306952026442,0.0167601675953727,True,up_in_MA100,dimgrey,dimgrey,1.2340155658300067,1.7757216429025418,True,True,True,up_in_tested,True,CETN2
ENSG00000100890,PRORP,protein only RNase P catalytic subunit,MA100_vs_CTR,75.93337959354658,1.5935258911417618,0.5036662067365898,3.163853103162732,0.0015569535793872,0.0169360478267026,True,up_in_MA100,whitesmoke,whitesmoke,1.5935258911417618,1.7711879285571555,True,True,True,up_in_tested,True,PRORP
ENSG00000100911,PSME2,proteasome activator subunit 2,MA100_vs_CTR,180.8011616870645,-1.7454154998954312,0.5582202854396588,-3.126750398403612,0.0017674991767523,0.0186346881170765,True,up_in_CTR,dimgrey,dimgrey,1.7454154998954312,1.7296778714996854,True,True,True,up_in_reference,True,PSME2
ENSG00000118181,RPS25,ribosomal protein S25,MA100_vs_CTR,2166.427789204043,-1.231004587001114,0.396590577496783,-3.1039683160679723,0.0019094377782621,0.0197605643587008,True,up_in_CTR,dimgrey,dimgrey,1.231004587001114,1.704200656187178,True,True,True,up_in_reference,True,RPS25
ENSG00000049860,HEXB,hexosaminidase subunit beta,MA100_vs_CTR,416.1788834863621,-1.2560321821646352,0.4061278802010639,-3.092701199294184,0.0019834373082463,0.0203391311157153,True,up_in_CTR,dimgrey,dimgrey,1.2560321821646352,1.6916676040047365,True,True,True,up_in_reference,True,HEXB
ENSG00000213445,SIPA1,signal-induced proliferation-associated 1,MA100_vs_CTR,88.1298336873406,-1.111184703343041,0.3601059611086392,-3.085715937392693,0.0020306271660629,0.0206532480915278,True,up_in_CTR,dimgrey,dimgrey,1.111184703343041,1.685011638085149,True,True,True,up_in_reference,True,SIPA1
ENSG00000213965,NUDT19,nudix hydrolase 19,MA100_vs_CTR,147.98977898674696,-1.2444544546187195,0.4060679798116678,-3.0646456172089485,0.0021792805583902,0.0215127792645186,True,up_in_CTR,dimgrey,dimgrey,1.2444544546187195,1.6673034789071628,True,True,True,up_in_reference,True,NUDT19
ENSG00000198000,NOL8,nucleolar protein 8,MA100_vs_CTR,239.80855922972745,-1.06808061697639,0.3504612669682508,-3.0476424005884515,0.0023064421720614,0.0223073452824573,True,up_in_CTR,dimgrey,dimgrey,1.06808061697639,1.6515521104772595,True,True,True,up_in_reference,True,NOL8
ENSG00000164296,TIGD6,tigger transposable element derived 6,MA100_vs_CTR,114.4122436113218,-1.0464648355620143,0.3446797087223926,-3.036050017103978,0.0023969959805408,0.022796806168734,True,up_in_CTR,dimgrey,dimgrey,1.0464648355620143,1.6421259933703427,True,True,True,up_in_reference,True,TIGD6
ENSG00000158480,SPATA2,spermatogenesis associated 2,MA100_vs_CTR,182.91827040544612,1.0937344668626554,0.3611949245267527,3.0281003208882176,0.0024609637466795,0.0231210672344291,True,up_in_MA100,darkgrey,darkgrey,1.0937344668626554,1.6359921233948393,True,True,True,up_in_tested,True,SPATA2
ENSG00000116678,LEPR,leptin receptor,MA100_vs_CTR,93.1084812536856,1.1744155447732445,0.3887883229041272,3.020706836050856,0.002521854002841,0.0235891081261914,True,up_in_MA100,darkgrey,darkgrey,1.1744155447732445,1.6272884789192317,True,True,True,up_in_tested,True,LEPR
ENSG00000123685,BATF3,basic leucine zipper ATF-like transcription factor 3,MA100_vs_CTR,102.39886356192528,-1.001970465055375,0.3332628669762175,-3.0065469764049,0.0026423322306383,0.024335248757561,True,up_in_CTR,dimgrey,dimgrey,1.001970465055375,1.61376420999233,True,True,True,up_in_reference,True,BATF3
ENSG00000148356,LRSAM1,leucine rich repeat and sterile alpha motif containing 1,MA100_vs_CTR,162.0494814205923,1.1422140598237598,0.3801254857288388,3.0048342000371795,0.0026572565583387,0.0243966960827186,True,up_in_MA100,darkgrey,darkgrey,1.1422140598237598,1.6126689839152983,True,True,True,up_in_tested,True,LRSAM1
ENSG00000064666,CNN2,calponin 2,MA100_vs_CTR,144.9562870066238,1.0189051420559363,0.3395710700207893,3.0005652189203182,0.0026947903795381,0.0245282773546381,True,up_in_MA100,darkgrey,darkgrey,1.0189051420559363,1.6103329516568625,True,True,True,up_in_tested,True,CNN2
ENSG00000104419,NDRG1,N-myc downstream regulated 1,MA100_vs_CTR,76.90693495627879,1.5261974588151628,0.5096900796019197,2.9943636729346585,0.0027501792557297,0.0248891222643546,True,up_in_MA100,whitesmoke,whitesmoke,1.5261974588151628,1.6039904188783043,True,True,True,up_in_tested,True,NDRG1
ENSG00000149743,TRPT1,tRNA phosphotransferase 1,MA100_vs_CTR,80.014758354987,-1.2351144323065246,0.413188925052173,-2.989224438071683,0.0027968660361404,0.0251626228869842,True,up_in_CTR,dimgrey,dimgrey,1.2351144323065246,1.5992440911292676,True,True,True,up_in_reference,True,TRPT1
ENSG00000145723,GIN1,gypsy retrotransposon integrase 1,MA100_vs_CTR,80.12526529631234,-1.162340555212393,0.3889317913454222,-2.988546015206258,0.0028030828786287,0.0251626228869842,True,up_in_CTR,dimgrey,dimgrey,1.162340555212393,1.5992440911292676,True,True,True,up_in_reference,True,GIN1
ENSG00000145945,FAM50B,family with sequence similarity 50 member B,MA100_vs_CTR,102.85763237723434,-1.071030721855423,0.3585035725910295,-2.987503622668842,0.0028126596135718,0.0251697636396338,True,up_in_CTR,dimgrey,dimgrey,1.071030721855423,1.5991208627386757,True,True,True,up_in_reference,True,FAM50B
ENSG00000135622,SEMA4F,ssemaphorin 4F,MA100_vs_CTR,80.52917585885145,-1.1880717713135498,0.3985122001281909,-2.981268254601436,0.0028705721934096,0.0255457123721418,True,up_in_CTR,dimgrey,dimgrey,1.1880717713135498,1.592681982002015,True,True,True,up_in_reference,True,SEMA4F
ENSG00000137720,CFAP68,cilia and flagella associated protein 68,MA100_vs_CTR,94.2038936273663,-1.2832264541031364,0.4331938204401656,-2.962245520490708,0.0030540414833888,0.0268181127882926,True,up_in_CTR,dimgrey,dimgrey,1.2832264541031364,1.5715717870537032,True,True,True,up_in_reference,True,CFAP68
ENSG00000082397,EPB41L3,erythrocyte membrane protein band 4.1 like 3,MA100_vs_CTR,137.41550670272656,-1.0260771070350885,0.3480419343618816,-2.948142179810464,0.0031968999456714,0.0276373209050884,True,up_in_CTR,dimgrey,dimgrey,1.0260771070350885,1.5585040587120575,True,True,True,up_in_reference,True,EPB41L3
ENSG00000198899,MT-ATP6,ATP synthase F0 subunit 6,MA100_vs_CTR,130754.17093483049,-1.050468839562321,0.3607977150715304,-2.9115174394994674,0.0035967782845985,0.0301085545361718,True,up_in_CTR,dimgrey,dimgrey,1.050468839562321,1.5213100937742863,True,True,True,up_in_reference,True,MT-ATP6
ENSG00000213339,QTRT1,queuine tRNA-ribosyltransferase catalytic subunit 1,MA100_vs_CTR,161.3873039047306,1.0774912144579478,0.3710237641911313,2.9041029671158283,0.003683070098046,0.0305567340501123,True,up_in_MA100,darkgrey,darkgrey,1.0774912144579478,1.5148930656660864,True,True,True,up_in_tested,True,QTRT1
ENSG00000288701,PRRC2B,proline rich coiled-coil 2B,MA100_vs_CTR,139.44158998607804,1.233882959262815,0.427645136090885,2.885296371056083,0.0039104534221873,0.0317391597323644,True,up_in_MA100,darkgrey,darkgrey,1.233882959262815,1.4984045750111625,True,True,True,up_in_tested,True,PRRC2B
ENSG00000161960,EIF4A1,eukaryotic translation initiation factor 4A1,MA100_vs_CTR,132.67349663660403,1.1235853108891878,0.3902563071065701,2.8790958414475085,0.0039881711309528,0.0320971776410353,True,up_in_MA100,darkgrey,darkgrey,1.1235853108891878,1.4935331541625176,True,True,True,up_in_tested,True,EIF4A1
ENSG00000143850,PLEKHA6,pleckstrin homology domain containing A6,MA100_vs_CTR,79.22088469287809,1.2732618654682892,0.4431942125750328,2.8729207858343275,0.0040669607663523,0.032466134146516,True,up_in_MA100,darkgrey,darkgrey,1.2732618654682892,1.4885694212227598,True,True,True,up_in_tested,True,PLEKHA6
ENSG00000176731,RBIS,ribosomal biogenesis factor,MA100_vs_CTR,189.45840069611504,-1.0360296902879405,0.362188614492494,-2.8604700667900507,0.0042301348436322,0.0333781725339628,True,up_in_CTR,dimgrey,dimgrey,1.0360296902879405,1.476537444773068,True,True,True,up_in_reference,True,RBIS
ENSG00000160294,MCM3AP,minichromosome maintenance complex component 3 associated protein,MA100_vs_CTR,97.9246822468774,1.1813248543837114,0.418703413958382,2.821388159259509,0.0047816307271389,0.0365195455157277,True,up_in_MA100,dimgrey,dimgrey,1.1813248543837114,1.437474635881434,True,True,True,up_in_tested,True,MCM3AP
ENSG00000156958,GALK2,galactokinase 2,MA100_vs_CTR,98.52490230057684,1.126660588813845,0.4008701583393319,2.810537440554853,0.0049458834103965,0.0371812297490042,True,up_in_MA100,dimgrey,dimgrey,1.126660588813845,1.4296762502721767,True,True,True,up_in_tested,True,GALK2
ENSG00000136052,SLC41A2,solute carrier family 41 member 2,MA100_vs_CTR,82.56706366226155,-1.1402743027310325,0.4061932374095924,-2.807221287096948,0.0049970901398076,0.0374001624050243,True,up_in_CTR,dimgrey,dimgrey,1.1402743027310325,1.4271265119317993,True,True,True,up_in_reference,True,SLC41A2
ENSG00000125863,MKKS,MKKS centrosomal shuttling protein,MA100_vs_CTR,119.9282570669081,-1.088739635610589,0.3885875020681344,-2.8017875763273787,0.0050820324312602,0.0377808429445487,True,up_in_CTR,dimgrey,dimgrey,1.088739635610589,1.422728356576121,True,True,True,up_in_reference,True,MKKS
ENSG00000151789,ZNF385D,zinc finger protein 385D,MA100_vs_CTR,97.02770436000496,1.0613893472629348,0.3897665175175554,2.723141418157163,0.0064664371014266,0.0444459768836389,True,up_in_MA100,maroon,maroon,1.0613893472629348,1.3521675439470795,True,True,True,up_in_tested,True,ZNF385D
ENSG00000178773,CPNE7,copine 7,MA100_vs_CTR,517.2973451717615,1.060922960306788,0.3904595112145652,2.7171138871907003,0.0065853943125905,0.0450315051336667,True,up_in_MA100,darkgrey,darkgrey,1.060922960306788,1.3464835369295456,True,True,True,up_in_tested,True,CPNE7
ENSG00000204525,HLA-C,"major histocompatibility complex, class I, C",MA100_vs_CTR,201.7735155782988,-1.028118581099433,0.3794463388465937,-2.7095229966498406,0.0067380033946759,0.045687578063747,True,up_in_CTR,dimgrey,dimgrey,1.028118581099433,1.3402018636433317,True,True,True,up_in_reference,True,HLA-C
ENSG00000148300,REXO4,RNA exonuclease 4,MA100_vs_CTR,92.15722129142588,1.3106159718930586,0.4858774145490597,2.6974210626963067,0.0069878849900586,0.046792172512524,True,up_in_MA100,darkgrey,darkgrey,1.3106159718930586,1.3298267904928465,True,True,True,up_in_tested,True,REXO4
ENSG00000167674,HDGFL2,HDGF like 2,MA100_vs_CTR,105.69411676303928,1.1185879848806364,0.4200094900458839,2.6632445489706345,0.0077391147634958,0.0501374790631444,False,up_in_MA100,darkgrey,darkgrey,1.1185879848806364,1.2998375063668215,True,True,True,up_in_tested,True,HDGFL2
ENSG00000116525,TRIM62,tripartite motif containing 62,MA100_vs_CTR,97.8110198793558,1.1568226431002837,0.4361348606317611,2.652442506945153,0.0079911735882773,0.0510617568835961,False,up_in_MA100,darkgrey,darkgrey,1.1568226431002837,1.2919042464897665,True,True,True,up_in_tested,True,TRIM62
ENSG00000173846,PLK3,polo like kinase 3,MA100_vs_CTR,77.17192861247868,1.0915242174933988,0.4117167614355325,2.6511532192364045,0.0080217441739119,0.0511491680758043,False,up_in_MA100,darkgrey,darkgrey,1.0915242174933988,1.2911614255495873,True,True,True,up_in_tested,True,PLK3
ENSG00000144134,RABL2A,"RAB, member of RAS oncogene family like 2A",MA100_vs_CTR,123.97903813405584,1.1108781946264736,0.4219212498966963,2.632904113974971,0.0084658243941167,0.0530999975611185,False,up_in_MA100,darkgrey,darkgrey,1.1108781946264736,1.2749054988656647,True,True,True,up_in_tested,True,RABL2A
ENSG00000151572,ANO4,anoctamin 4,MA100_vs_CTR,122.83238055016515,1.001847859951268,0.3808067680635451,2.6308562346352256,0.0085170056375303,0.0533079202535334,False,up_in_MA100,darkgrey,darkgrey,1.001847859951268,1.2732082606382897,True,True,True,up_in_tested,True,ANO4
ENSG00000078967,UBE2D4,ubiquitin conjugating enzyme E2 D4,MA100_vs_CTR,136.14026196461575,-1.0158561923403455,0.3882285003252849,-2.6166450723972874,0.0088798621312608,0.0547293240042753,False,up_in_CTR,dimgrey,dimgrey,1.0158561923403455,1.2617799160640748,True,True,True,up_in_reference,True,UBE2D4
ENSG00000186260,MRTFB,myocardin related transcription factor B,MA100_vs_CTR,90.22052390458488,-1.0497551440991812,0.4068662555466776,-2.580098815736633,0.0098772047361315,0.0589111827873238,False,up_in_CTR,dimgrey,dimgrey,1.0497551440991812,1.2298022576433771,True,True,True,up_in_reference,True,MRTFB
ENSG00000025434,NR1H3,nuclear receptor subfamily 1 group H member 3,MA100_vs_CTR,81.22612543703755,-1.0826269187308362,0.4220609315771764,-2.565096263909637,0.0103147183714304,0.0606237489968303,False,up_in_CTR,dimgrey,dimgrey,1.0826269187308362,1.217357210193871,True,True,True,up_in_reference,True,NR1H3
ENSG00000270647,TAF15,TATA-box binding protein associated factor 15,MA100_vs_CTR,98.9427051131728,1.129478648613621,0.4453389000240869,2.536222747558166,0.0112055433666942,0.0648284175598244,False,up_in_MA100,darkgrey,darkgrey,1.129478648613621,1.1882345792520068,True,True,True,up_in_tested,True,TAF15
ENSG00000167333,TRIM68,tripartite motif containing 68,MA100_vs_CTR,103.60657436903244,-1.0327822212105593,0.4122161958686875,-2.505438242265364,0.0122299754151608,0.068433849815181,False,up_in_CTR,dimgrey,dimgrey,1.0327822212105593,1.1647290276427382,True,True,True,up_in_reference,True,TRIM68
ENSG00000180190,TDRP,testis development related protein,MA100_vs_CTR,76.07592234738318,1.122201933473119,0.4674242345717637,2.400821032527844,0.016358334784363,0.0848637466010693,False,up_in_MA100,darkgrey,darkgrey,1.122201933473119,1.0712777987271664,True,True,True,up_in_tested,True,TDRP
ENSG00000100023,PPIL2,peptidylprolyl isomerase like 2,MA100_vs_CTR,86.39509107359409,1.3169751274811623,0.5493573703540175,2.397301280644466,0.0165163370960769,0.0851173829898853,False,up_in_MA100,darkgrey,darkgrey,1.3169751274811623,1.069981737616272,True,True,True,up_in_tested,True,PPIL2
ENSG00000149792,MRPL49,mitochondrial ribosomal protein L49,MA100_vs_CTR,88.83661668876448,-1.183022615554248,0.4946027998470063,-2.391863968259355,0.0167630540335155,0.0857416541731257,False,up_in_CTR,dimgrey,dimgrey,1.183022615554248,1.0668081421068103,True,True,True,up_in_reference,True,MRPL49
ENSG00000076706,MCAM,melanoma cell adhesion molecule,MA100_vs_CTR,639.8075567530399,1.0995970899005072,0.4660627704594605,2.359332604096412,0.0183078385807875,0.0903573847373425,False,up_in_MA100,darkgrey,darkgrey,1.0995970899005072,1.0440363475898515,True,True,True,up_in_tested,True,MCAM
ENSG00000077585,GPR137B,G protein-coupled receptor 137B,MA100_vs_CTR,105.87681083303816,-1.046005433348127,0.4472988241552784,-2.3384935905510216,0.0193616577772544,0.093937933712511,False,up_in_CTR,dimgrey,dimgrey,1.046005433348127,1.0271589969218131,True,True,True,up_in_reference,True,GPR137B
ENSG00000141252,VPS53,VPS53 subunit of GARP complex,MA100_vs_CTR,86.43811806378415,1.163630613358516,0.4979717074265634,2.336740413169192,0.0194526858237973,0.0941735101371497,False,up_in_MA100,darkgrey,darkgrey,1.163630613358516,1.0260712417839235,True,True,True,up_in_tested,True,VPS53
ENSG00000205085,GARIN1A,golgi associated RAB2 interactor 1A,MA100_vs_CTR,115.80134358713934,1.0381534460644717,0.4451288833518267,2.3322536121384925,0.0196873532937042,0.094836630873954,False,up_in_MA100,darkgrey,darkgrey,1.0381534460644717,1.023023882981921,True,True,True,up_in_tested,True,GARIN1A
ENSG00000185112,FAM43A,family with sequence similarity 43 member A,MC1_vs_CTR,1161.674475741636,1.5571193124016265,0.1882778766160013,8.270325438062065,1.3359384428584806e-16,1.1533156577197264e-12,True,up_in_MC1,darkgrey,darkgrey,1.5571193124016265,11.93805181183464,True,True,True,up_in_tested,True,FAM43A
ENSG00000159202,UBE2Z,ubiquitin conjugating enzyme E2 Z,MC1_vs_CTR,2393.486788117661,1.4049885487557334,0.1942501744879962,7.232881784837498,4.728509864393399e-13,1.36070752197694e-09,True,up_in_MC1,dimgrey,dimgrey,1.4049885487557334,8.866235214430668,True,True,True,up_in_tested,True,UBE2Z
ENSG00000040275,SPDL1,spindle apparatus coiled-coil protein 1,MC1_vs_CTR,2053.578939417958,1.1497128467923348,0.172157062727475,6.678278710019191,2.4176493236937035e-11,3.47859443524129e-08,True,up_in_MC1,dimgrey,dimgrey,1.1497128467923348,7.458596202124504,True,True,True,up_in_tested,True,SPDL1
ENSG00000196396,PTPN1,protein tyrosine phosphatase non-receptor type 1,MC1_vs_CTR,3192.6985875973755,1.0123022544159888,0.1575199688148054,6.426501109876057,1.3057446902309779e-10,1.6103562729662904e-07,True,up_in_MC1,darkgrey,darkgrey,1.0123022544159888,6.793078030635098,True,True,True,up_in_tested,True,PTPN1
ENSG00000147133,TAF1,TATA-box binding protein associated factor 1,MC1_vs_CTR,1810.470520827528,1.2255995198205925,0.1928791358015159,6.354235852040561,2.0946524555009552e-10,2.0092371831488605e-07,True,up_in_MC1,darkgrey,darkgrey,1.2255995198205925,6.696968793340008,True,True,True,up_in_tested,True,TAF1
ENSG00000169925,BRD3,bromodomain containing 3,MC1_vs_CTR,1391.8194310460167,1.0112315290400733,0.1599907874223001,6.320560985620376,2.60615451465885e-10,2.249893192504985e-07,True,up_in_MC1,darkgrey,darkgrey,1.0112315290400733,6.6478380983360665,True,True,True,up_in_tested,True,BRD3
ENSG00000197958,RPL12,ribosomal protein L12,MC1_vs_CTR,5865.780702794145,-1.061731391715265,0.1739202109350298,-6.104703909954945,1.0299142808273844e-09,5.557031241489256e-07,True,up_in_CTR,dimgrey,dimgrey,1.061731391715265,6.255157161615152,True,True,True,up_in_reference,True,RPL12
ENSG00000089597,GANAB,glucosidase II alpha subunit,MC1_vs_CTR,4782.574473895875,1.1095341784531916,0.1837287271027322,6.038980381292217,1.5509109814390252e-09,7.875890883978299e-07,True,up_in_MC1,darkgrey,darkgrey,1.1095341784531916,6.103700309397096,True,True,True,up_in_tested,True,GANAB
ENSG00000241685,ARPC1A,actin related protein 2/3 complex subunit 1A,MC1_vs_CTR,1501.9469303641542,-1.0679478960196611,0.1878403785272305,-5.685401107008761,1.3050598734657074e-08,4.172808106529427e-06,True,up_in_CTR,dimgrey,dimgrey,1.0679478960196611,5.379571586577909,True,True,True,up_in_reference,True,ARPC1A
ENSG00000143742,SRP9,signal recognition particle 9,MC1_vs_CTR,780.4367655046071,-1.1371661237066,0.2067406866812089,-5.500446680145225,3.788303026355422e-08,7.892693399043077e-06,True,up_in_CTR,dimgrey,dimgrey,1.1371661237066,5.102774767546844,True,True,True,up_in_reference,True,SRP9
ENSG00000111875,ASF1A,anti-silencing function 1A histone chaperone,MC1_vs_CTR,194.092920218486,-1.370674767410367,0.2521087869386668,-5.436838533294856,5.4234243787724166e-08,9.82744571078689e-06,True,up_in_CTR,dimgrey,dimgrey,1.370674767410367,5.007559346650158,True,True,True,up_in_reference,True,ASF1A
ENSG00000214357,NEURL1B,neuralized E3 ubiquitin protein ligase 1B,MC1_vs_CTR,1332.7426354216502,1.0621744248352378,0.1967692418119613,5.398071441726061,6.736104602092801e-08,1.1655442831153712e-05,True,up_in_MC1,dimgrey,dimgrey,1.0621744248352378,4.933471221459322,True,True,True,up_in_tested,True,NEURL1B
ENSG00000107949,BCCIP,BRCA2 and CDKN1A interacting protein,MC1_vs_CTR,1416.0331215547903,1.1588039390582705,0.2186663236422054,5.299416571133159,1.1617330483576189e-07,1.7595160362230395e-05,True,up_in_MC1,darkgrey,darkgrey,1.1588039390582705,4.754606770652353,True,True,True,up_in_tested,True,BCCIP
ENSG00000123933,MXD4,MAX dimerization protein 4,MC1_vs_CTR,1295.2902253153068,1.0099280397764323,0.1907987639950152,5.293158187349774,1.2022184077492284e-07,1.7894399162239806e-05,True,up_in_MC1,darkgrey,darkgrey,1.0099280397764323,4.747282879274787,True,True,True,up_in_tested,True,MXD4
ENSG00000197632,SERPINB2,serpin family B member 2,MC1_vs_CTR,1916.606781138084,-1.040774276624743,0.1982917981380226,-5.24870058367368,1.5317579858105873e-07,2.2412994392377625e-05,True,up_in_CTR,dimgrey,dimgrey,1.040774276624743,4.649500117529554,True,True,True,up_in_reference,True,SERPINB2
ENSG00000030582,GRN,granulin precursor,MC1_vs_CTR,3583.308605118453,1.1847870840459376,0.2263389593022838,5.234569813779218,1.653695588214118e-07,2.379392335508746e-05,True,up_in_MC1,darkgrey,darkgrey,1.1847870840459376,4.6235339416961985,True,True,True,up_in_tested,True,GRN
ENSG00000144848,ATG3,autophagy related 3,MC1_vs_CTR,598.0599349765681,-1.0580779824204518,0.202975227968077,-5.212842931684556,1.8596834906246146e-07,2.600049682249468e-05,True,up_in_CTR,dimgrey,dimgrey,1.0580779824204518,4.585018353367396,True,True,True,up_in_reference,True,ATG3
ENSG00000173852,DPY19L1,dpy-19 like C-mannosyltransferase 1,MC1_vs_CTR,450.6152822127294,-1.0129627025578989,0.1943488075393252,-5.212086018860353,1.867289242435619e-07,2.600049682249468e-05,True,up_in_CTR,dimgrey,dimgrey,1.0129627025578989,4.585018353367396,True,True,True,up_in_reference,True,DPY19L1
ENSG00000153140,CETN3,centrin 3,MC1_vs_CTR,3844.029671896229,1.208897686697625,0.2355614069745559,5.1319853375990565,2.867018382867131e-07,3.631478522371702e-05,True,up_in_MC1,dimgrey,dimgrey,1.208897686697625,4.43991652003984,True,True,True,up_in_tested,True,CETN3
ENSG00000153989,NUS1,NUS1 dehydrodolichyl diphosphate synthase subunit,MC1_vs_CTR,315.92169086894773,-1.033010571985771,0.210021565812675,-4.918592850160664,8.71685672460028e-07,8.141116065893559e-05,True,up_in_CTR,dimgrey,dimgrey,1.033010571985771,4.089316053583325,True,True,True,up_in_reference,True,NUS1
ENSG00000107679,PLEKHA1,pleckstrin homology domain containing A1,MC1_vs_CTR,222.9969968049816,1.036845017980528,0.210942133830366,4.915305440184512,8.864414574238324e-07,8.141116065893559e-05,True,up_in_MC1,darkgrey,darkgrey,1.036845017980528,4.089316053583325,True,True,True,up_in_tested,True,PLEKHA1
ENSG00000120526,NUDCD1,NudC domain containing 1,MC1_vs_CTR,299.4174143622324,-1.1445637158254065,0.2335762786719716,-4.900171037628361,9.5753259457407e-07,8.522040091709224e-05,True,up_in_CTR,dimgrey,dimgrey,1.1445637158254065,4.069456427004009,True,True,True,up_in_reference,True,NUDCD1
ENSG00000179094,PER1,period circadian regulator 1,MC1_vs_CTR,150.6371667642184,1.5280780194336314,0.3122865552275637,4.893191826078194,9.921361788453509e-07,8.739909828542768e-05,True,up_in_MC1,darkgrey,darkgrey,1.5280780194336314,4.05849304804847,True,True,True,up_in_tested,True,PER1
ENSG00000101825,MXRA5,matrix remodeling associated 5,MC1_vs_CTR,302.25578376154266,1.0460283569595263,0.2150460448958034,4.864206442235941,1.1491692338959233e-06,9.82255247150842e-05,True,up_in_MC1,darkgrey,darkgrey,1.0460283569595263,4.007775642533901,True,True,True,up_in_tested,True,MXRA5
ENSG00000172766,NAA16,"N-alpha-acetyltransferase 16, NatA auxiliary subunit",MC1_vs_CTR,257.91998185564665,-1.1541759631345263,0.2400346958456281,-4.8083713859299895,1.5216487780610496e-06,0.0001152315254473,True,up_in_CTR,dimgrey,dimgrey,1.1541759631345263,3.9384286888401485,True,True,True,up_in_reference,True,NAA16
ENSG00000149503,INCENP,inner centromere protein,MC1_vs_CTR,667.7836607626035,1.031410435145265,0.2158032663395849,4.779401408699035,1.7581786134536566e-06,0.0001283388519482,True,up_in_MC1,darkgrey,darkgrey,1.031410435145265,3.891641849997234,True,True,True,up_in_tested,True,INCENP
ENSG00000071082,RPL31,ribosomal protein L31,MC1_vs_CTR,14905.318565251242,-1.007920553317062,0.2110655071642637,-4.775392089682554,1.7935744916464748e-06,0.0001290327382198,True,up_in_CTR,dimgrey,dimgrey,1.007920553317062,3.889300086411193,True,True,True,up_in_reference,True,RPL31
ENSG00000150779,TIMM8B,translocase of inner mitochondrial membrane 8 homolog B,MC1_vs_CTR,573.3507255463115,-1.2924558559553958,0.2717819512109726,-4.755488177918474,1.9796744568639867e-06,0.0001378268515008,True,up_in_CTR,dimgrey,dimgrey,1.2924558559553958,3.8606661647026406,True,True,True,up_in_reference,True,TIMM8B
ENSG00000242485,MRPL20,mitochondrial ribosomal protein L20,MC1_vs_CTR,385.0591965268712,-1.4078276028165388,0.2964748953034329,-4.748555864656502,2.048742996223678e-06,0.0001414943862911,True,up_in_CTR,dimgrey,dimgrey,1.4078276028165388,3.8492607901832305,True,True,True,up_in_reference,True,MRPL20
ENSG00000127022,CANX,calnexin,MC1_vs_CTR,906.9612940675872,1.0154135490437988,0.2141505939016128,4.741586425439988,2.1205116231017314e-06,0.0001452887050971,True,up_in_MC1,dimgrey,dimgrey,1.0154135490437988,3.8377681469178793,True,True,True,up_in_tested,True,CANX
ENSG00000198369,SPRED2,sprouty related EVH1 domain containing 2,MC1_vs_CTR,240.0641142849744,-1.1228104907205314,0.2375387759915321,-4.726851378406353,2.2802803662395665e-06,0.0001530916512556,True,up_in_CTR,dimgrey,dimgrey,1.1228104907205314,3.8150484925968895,True,True,True,up_in_reference,True,SPRED2
ENSG00000182742,HOXB4,homeobox B4,MC1_vs_CTR,470.7151990069973,1.164331443675399,0.2473345305874829,4.707516742243039,2.5075269220660103e-06,0.0001620143165075,True,up_in_MC1,dimgrey,dimgrey,1.164331443675399,3.7904466070284255,True,True,True,up_in_tested,True,HOXB4
ENSG00000168056,LTBP3,latent transforming growth factor beta binding protein 3,MC1_vs_CTR,337.2366976661802,1.2577574078692637,0.2678960481429931,4.694945732077088,2.666775116374514e-06,0.0001667703426846,True,up_in_MC1,darkgrey,darkgrey,1.2577574078692637,3.7778811788397992,True,True,True,up_in_tested,True,LTBP3
ENSG00000136104,RNASEH2B,ribonuclease H2 subunit B,MC1_vs_CTR,280.21885429216104,-1.0695570783870962,0.229693183189729,-4.6564598197223415,3.2169302660491605e-06,0.0001913307577809,True,up_in_CTR,dimgrey,dimgrey,1.0695570783870962,3.7182152084318187,True,True,True,up_in_reference,True,RNASEH2B
ENSG00000157766,ACAN,aggrecan,MC1_vs_CTR,144.79368448454218,1.756231512233272,0.3774934610990418,4.652349492677688,3.2817425399671068e-06,0.0001927298186907,True,up_in_MC1,dimgrey,dimgrey,1.756231512233272,3.7150510871557905,True,True,True,up_in_tested,True,ACAN
ENSG00000147684,NDUFB9,NADH:ubiquinone oxidoreductase subunit B9,MC1_vs_CTR,299.42319835077035,-1.1998183985449595,0.2581847980301898,-4.647130302399384,3.3658457152501165e-06,0.0001937156403983,True,up_in_CTR,dimgrey,dimgrey,1.1998183985449595,3.7128353133828105,True,True,True,up_in_reference,True,NDUFB9
ENSG00000179218,CALR,calreticulin,MC1_vs_CTR,1752.4710872267635,1.1688690373020745,0.2517950980326982,4.642143736850209,3.448128458455522e-06,0.0001971370396148,True,up_in_MC1,darkgrey,darkgrey,1.1688690373020745,3.7052317694849655,True,True,True,up_in_tested,True,CALR
ENSG00000188010,MORN2,MORN repeat containing 2,MC1_vs_CTR,275.5946866666245,-1.0979593023235368,0.2376103042008379,-4.620840438786262,3.821886373211357e-06,0.0002128667423221,True,up_in_CTR,dimgrey,dimgrey,1.0979593023235368,3.6718921861626597,True,True,True,up_in_reference,True,MORN2
ENSG00000162961,DPY30,dpy-30 histone methyltransferase complex regulatory subunit,MC1_vs_CTR,643.5057256596514,-1.0712405959081626,0.2324992680465417,-4.607500939287781,4.075373638480029e-06,0.0002240936345286,True,up_in_CTR,dimgrey,dimgrey,1.0712405959081626,3.6495704796022284,True,True,True,up_in_reference,True,DPY30
ENSG00000137872,SEMA6D,semaphorin 6D,MC1_vs_CTR,157.2484072047013,-1.169343527936302,0.2571383465543922,-4.54752682206017,5.428000436949652e-06,0.0002772776791253,True,up_in_CTR,dimgrey,dimgrey,1.169343527936302,3.5570850897545587,True,True,True,up_in_reference,True,SEMA6D
ENSG00000117118,SDHB,succinate dehydrogenase complex iron sulfur subunit B,MC1_vs_CTR,247.3453246016797,-1.3597317702951677,0.2991309084676156,-4.545607731614181,5.477697039434883e-06,0.0002781703443614,True,up_in_CTR,dimgrey,dimgrey,1.3597317702951677,3.555689171851897,True,True,True,up_in_reference,True,SDHB
ENSG00000166398,GARRE1,granule associated Rac and RHOG effector 1,MC1_vs_CTR,112.30814760060456,1.959350868306559,0.4327452634848393,4.527723429086596,5.96225460006156e-06,0.0002908030732335,True,up_in_MC1,darkgrey,darkgrey,1.959350868306559,3.5364010081249044,True,True,True,up_in_tested,True,GARRE1
ENSG00000131844,MCCC2,methylcrotonyl-CoA carboxylase subunit 2,MC1_vs_CTR,295.5384556066571,-1.092658090067402,0.2419917768741408,-4.515269502879389,6.323629398669702e-06,0.0003066960258354,True,up_in_CTR,dimgrey,dimgrey,1.092658090067402,3.5132918515654064,True,True,True,up_in_reference,True,MCCC2
ENSG00000198858,R3HDM4,R3H domain containing 4,MC1_vs_CTR,583.7583524724945,1.119016260285301,0.2488609591375651,4.49655206732018,6.906427278202091e-06,0.000332728002449,True,up_in_MC1,darkgrey,darkgrey,1.119016260285301,3.477910647290729,True,True,True,up_in_tested,True,R3HDM4
ENSG00000127481,UBR4,ubiquitin protein ligase E3 component n-recognin 4,MC1_vs_CTR,772.0085888988973,1.0110608897270956,0.2249001760695047,4.495598480165842,6.937454006814394e-06,0.000332728002449,True,up_in_MC1,darkgrey,darkgrey,1.0110608897270956,3.477910647290729,True,True,True,up_in_tested,True,UBR4
ENSG00000168275,COA6,cytochrome c oxidase assembly factor 6,MC1_vs_CTR,486.05143842792376,-1.0877389350005215,0.242255426032562,-4.4900498321730735,7.120651296998632e-06,0.0003359157521693,True,up_in_CTR,dimgrey,dimgrey,1.0877389350005215,3.4737696302166796,True,True,True,up_in_reference,True,COA6
ENSG00000124532,MRS2,magnesium transporter MRS2,MC1_vs_CTR,204.4212417774037,-1.0905639835899672,0.2436999579794991,-4.475027376417149,7.640152275444144e-06,0.0003527135539781,True,up_in_CTR,dimgrey,dimgrey,1.0905639835899672,3.4525778510645933,True,True,True,up_in_reference,True,MRS2
ENSG00000168916,ZNF608,zinc finger protein 608,MC1_vs_CTR,255.87879933790205,1.111322131690486,0.2513616870783584,4.421207323230796,9.815094278356813e-06,0.0004236685445252,True,up_in_MC1,dimgrey,dimgrey,1.111322131690486,3.372973779204699,True,True,True,up_in_tested,True,ZNF608
ENSG00000153006,SREK1IP1,SREK1 interacting protein 1,MC1_vs_CTR,1110.5852283769336,-1.2176809863845002,0.2765974678260244,-4.402357678669723,1.0708083198750625e-05,0.0004503067855259,True,up_in_CTR,dimgrey,dimgrey,1.2176809863845002,3.3464915087460345,True,True,True,up_in_reference,True,SREK1IP1
ENSG00000180817,PPA1,inorganic pyrophosphatase 1,MC1_vs_CTR,722.3561684103694,-1.055028915129362,0.2421105337750688,-4.357633262291387,1.3147644678203244e-05,0.0005164063430235,True,up_in_CTR,dimgrey,dimgrey,1.055028915129362,3.2870084319300434,True,True,True,up_in_reference,True,PPA1
ENSG00000113272,THG1L,tRNA-histidine guanylyltransferase 1 like,MC1_vs_CTR,541.5863350443142,1.1268010494954444,0.259988837105167,4.334036268794288,1.4640003933062704e-05,0.0005551304051083,True,up_in_MC1,darkgrey,darkgrey,1.1268010494954444,3.2556049852260034,True,True,True,up_in_tested,True,THG1L
ENSG00000205531,NAP1L4,nucleosome assembly protein 1 like 4,MC1_vs_CTR,946.3319571156204,1.0444777217727137,0.241011890146803,4.333718644073994,1.4661152828065914e-05,0.0005551304051083,True,up_in_MC1,darkgrey,darkgrey,1.0444777217727137,3.2556049852260034,True,True,True,up_in_tested,True,NAP1L4
ENSG00000276043,UHRF1,ubiquitin like with PHD and ring finger domains 1,MC1_vs_CTR,378.2215873889307,-1.0594548724607638,0.2465146910899438,-4.29773522939535,1.725521023202693e-05,0.0006232812967911,True,up_in_CTR,dimgrey,dimgrey,1.0594548724607638,3.205315905070603,True,True,True,up_in_reference,True,UHRF1
ENSG00000145348,TBCK,TBC1 domain containing kinase,MC1_vs_CTR,253.9170366502248,-1.1203398099583688,0.2608873900936526,-4.294342511365508,1.7521180351115197e-05,0.0006276363069343,True,up_in_CTR,dimgrey,dimgrey,1.1203398099583688,3.202291941686202,True,True,True,up_in_reference,True,TBCK
ENSG00000197713,RPE,ribulose-5-phosphate-3-epimerase,MC1_vs_CTR,240.7940306582157,-1.0391799203389072,0.2432461213736409,-4.2721335677236265,1.9361154283767e-05,0.0006766997770516,True,up_in_CTR,dimgrey,dimgrey,1.0391799203389072,3.169603966601023,True,True,True,up_in_reference,True,RPE
ENSG00000196700,ZNF512B,zinc finger protein 512B,MC1_vs_CTR,211.4279090334232,1.4017105644099783,0.3286755294631662,4.264724443281271,2.0014906089092823e-05,0.0006939304589041,True,up_in_MC1,darkgrey,darkgrey,1.4017105644099783,3.1586840494694273,True,True,True,up_in_tested,True,ZNF512B
ENSG00000161011,SQSTM1,sequestosome 1,MC1_vs_CTR,322.0567010868993,2.156299507369754,0.5063518807173266,4.25850004608459,2.0580317738214272e-05,0.000710679532136,True,up_in_MC1,dimgrey,dimgrey,2.156299507369754,3.1483261922378807,True,True,True,up_in_tested,True,SQSTM1
ENSG00000140740,UQCRC2,ubiquinol-cytochrome c reductase core protein 2,MC1_vs_CTR,159.4731268534794,-1.5593194322691823,0.366347834902978,-4.256390467496951,2.0775374485845427e-05,0.0007145570037302,True,up_in_CTR,dimgrey,dimgrey,1.5593194322691823,3.145963119682,True,True,True,up_in_reference,True,UQCRC2
ENSG00000167766,ZNF83,zinc finger protein 83,MC1_vs_CTR,202.31260105007485,-1.2422728764152229,0.2931406427550809,-4.237804982412971,2.2571569396431444e-05,0.0007611732757788,True,up_in_CTR,dimgrey,dimgrey,1.2422728764152229,3.118516467869962,True,True,True,up_in_reference,True,ZNF83
ENSG00000125863,MKKS,MKKS centrosomal shuttling protein,MC1_vs_CTR,119.9282570669081,-1.6533211527910243,0.3914045167969931,-4.22407274785881,2.3992654634523425e-05,0.0007981796139333,True,up_in_CTR,dimgrey,dimgrey,1.6533211527910243,3.097899368595766,True,True,True,up_in_reference,True,MKKS
ENSG00000157349,DDX19B,DEAD-box helicase 19B,MC1_vs_CTR,98.35909265690547,-1.9866330349129195,0.4703603844120702,-4.223640214505147,2.4038769792966183e-05,0.0007981796139333,True,up_in_CTR,dimgrey,dimgrey,1.9866330349129195,3.097899368595766,True,True,True,up_in_reference,True,DDX19B
ENSG00000198888,MT-ND1,NADH dehydrogenase subunit 1,MC1_vs_CTR,38618.19054649298,-1.318268373357,0.3126624340301011,-4.216267225854468,2.4837941412177217e-05,0.0008153077878757,True,up_in_CTR,dimgrey,dimgrey,1.318268373357,3.0886784092455897,True,True,True,up_in_reference,True,MT-ND1
ENSG00000137193,PIM1,"Pim-1 proto-oncogene, serine/threonine kinase",MC1_vs_CTR,321.1339018942146,1.174869637238266,0.279860515391167,4.198054289995592,2.692180989051521e-05,0.0008672238238239,True,up_in_MC1,darkgrey,darkgrey,1.174869637238266,3.0618687999787286,True,True,True,up_in_tested,True,PIM1
ENSG00000244038,DDOST,dolichyl-diphosphooligosaccharide--protein glycosyltransferase non-catalytic subunit,MC1_vs_CTR,89.19378999495866,-1.838516117326585,0.4382825054217166,-4.194819767121573,2.730886458290468e-05,0.0008731756590526,True,up_in_CTR,dimgrey,dimgrey,1.838516117326585,3.058898379337705,True,True,True,up_in_reference,True,DDOST
ENSG00000143756,FBXO28,F-box protein 28,MC1_vs_CTR,218.274470529856,-1.148941152961703,0.2743940961363413,-4.187193416839462,2.824251362818064e-05,0.0008996960153213,True,up_in_CTR,dimgrey,dimgrey,1.148941152961703,3.045904202970631,True,True,True,up_in_reference,True,FBXO28
ENSG00000174705,SH3PXD2B,SH3 and PX domains 2B,MC1_vs_CTR,329.80070206963063,1.0448511141043917,0.2499433266026549,4.1803521154434895,2.91058048498442e-05,0.0009137105937043,True,up_in_MC1,darkgrey,darkgrey,1.0448511141043917,3.039191339780526,True,True,True,up_in_tested,True,SH3PXD2B
ENSG00000125746,EML2,EMAP like 2,MC1_vs_CTR,1368.2402870910844,1.3105681286818516,0.3150108756042866,4.160390101350575,3.1770446678793694e-05,0.0009657544583733,True,up_in_MC1,dimgrey,dimgrey,1.3105681286818516,3.0151332782724993,True,True,True,up_in_tested,True,EML2
ENSG00000138459,SLC35A5,solute carrier family 35 member A5,MC1_vs_CTR,281.5862649365422,-1.0912866261566994,0.2638595336857764,-4.135862028227051,3.536246241529117e-05,0.0010454936233945,True,up_in_CTR,dimgrey,dimgrey,1.0912866261566994,2.9806786116583868,True,True,True,up_in_reference,True,SLC35A5
ENSG00000157193,LRP8,LDL receptor related protein 8,MC1_vs_CTR,314.2466804249742,1.0441597061966736,0.2527836726618242,4.130645366457499,3.617462623553551e-05,0.0010622297560931,True,up_in_MC1,dimgrey,dimgrey,1.0441597061966736,2.9737815369160994,True,True,True,up_in_tested,True,LRP8
ENSG00000197728,RPS26,ribosomal protein S26,MC1_vs_CTR,3114.866793294156,-1.0331077544383354,0.2518929068289857,-4.101376920231142,4.106989408656389e-05,0.0011740278001632,True,up_in_CTR,dimgrey,dimgrey,1.0331077544383354,2.930321619174838,True,True,True,up_in_reference,True,RPS26
ENSG00000142669,SH3BGRL3,SH3 domain binding glutamate rich protein like 3,MC1_vs_CTR,685.4599914669822,-1.4071923500970804,0.345174176835864,-4.076760211312747,4.5667544447684055e-05,0.001263615100054,True,up_in_CTR,dimgrey,dimgrey,1.4071923500970804,2.898385192967153,True,True,True,up_in_reference,True,SH3BGRL3
ENSG00000261221,ZNF865,zinc finger protein 865,MC1_vs_CTR,308.6040485548333,1.247063643935088,0.3060403707739589,4.074833790004025,4.6047223031071714e-05,0.001267198743205,True,up_in_MC1,darkgrey,darkgrey,1.247063643935088,2.8971552664832783,True,True,True,up_in_tested,True,ZNF865
ENSG00000167110,GOLGA2,golgin A2,MC1_vs_CTR,3611.047103452429,1.0577006973364986,0.2614730946646373,4.045160740890355,5.228723550924283e-05,0.0013931966177509,True,up_in_MC1,dimgrey,dimgrey,1.0577006973364986,2.8559875885447683,True,True,True,up_in_tested,True,GOLGA2
ENSG00000130513,GDF15,growth differentiation factor 15,MC1_vs_CTR,1647.6561811402298,1.013520436204881,0.2514775491393112,4.0302621036099735,5.5714692010878886e-05,0.0014575301094845,True,up_in_MC1,dimgrey,dimgrey,1.013520436204881,2.836382464872272,True,True,True,up_in_tested,True,GDF15
ENSG00000197061,H4C3,H4 clustered histone 3,MC1_vs_CTR,6293.7438573169775,1.5929536709202852,0.3972443323581319,4.010009813013952,6.0716224462038325e-05,0.0015326408356163,True,up_in_MC1,darkgrey,darkgrey,1.5929536709202852,2.8145596073017383,True,True,True,up_in_tested,True,H4C3
ENSG00000173915,ATP5MK,ATP synthase membrane subunit k,MC1_vs_CTR,2813.074544077688,-1.0871364960600027,0.2734498252691481,-3.97563426851697,7.019192769779756e-05,0.0016861022251925,True,up_in_CTR,dimgrey,dimgrey,1.0871364960600027,2.7731160984591003,True,True,True,up_in_reference,True,ATP5MK
ENSG00000253710,ALG11,"ALG11 alpha-1,2-mannosyltransferase",MC1_vs_CTR,286.0953452126373,1.9198264330373245,0.4829472396084335,3.975230160946549,7.03112244954634e-05,0.0016861022251925,True,up_in_MC1,whitesmoke,whitesmoke,1.9198264330373245,2.7731160984591003,True,True,True,up_in_tested,True,ALG11
ENSG00000196712,NF1,neurofibromin 1,MC1_vs_CTR,660.1720533829534,1.064065232404161,0.2683873521962041,3.9646623572122657,7.34999074187322e-05,0.00173842383766,True,up_in_MC1,whitesmoke,whitesmoke,1.064065232404161,2.759844331502752,True,True,True,up_in_tested,True,NF1
ENSG00000072134,EPN2,epsin 2,MC1_vs_CTR,244.3916648848151,1.4085980726695733,0.3576049766422509,3.9389778237866615,8.182949249094828e-05,0.001868873038821,True,up_in_MC1,whitesmoke,whitesmoke,1.4085980726695733,2.728420201249483,True,True,True,up_in_tested,True,EPN2
ENSG00000177352,CCDC71,coiled-coil domain containing 71,MC1_vs_CTR,392.607028149228,1.184567829171783,0.3022549386732041,3.9191016509825487,8.887962633235537e-05,0.0019724879540545,True,up_in_MC1,dimgrey,dimgrey,1.184567829171783,2.704985640338382,True,True,True,up_in_tested,True,CCDC71
ENSG00000101460,MAP1LC3A,microtubule associated protein 1 light chain 3 alpha,MC1_vs_CTR,233.4743158275143,1.1407106727889538,0.2936442749719083,3.884668525882484,0.0001024695950615,0.0021416829208551,True,up_in_MC1,darkgrey,darkgrey,1.1407106727889538,2.6692448266489883,True,True,True,up_in_tested,True,MAP1LC3A
ENSG00000140990,NDUFB10,NADH:ubiquinone oxidoreductase subunit B10,MC1_vs_CTR,504.0265842582505,-1.1412002110443378,0.2941944568028311,-3.879067686884288,0.0001048575772221,0.0021708284512194,True,up_in_CTR,dimgrey,dimgrey,1.1412002110443378,2.6633744951234175,True,True,True,up_in_reference,True,NDUFB10
ENSG00000166851,PLK1,polo like kinase 1,MC1_vs_CTR,218.0449226217017,-1.2839957881569943,0.3344129557623097,-3.8395515665057496,0.0001232592395009,0.0024518364391965,True,up_in_CTR,dimgrey,dimgrey,1.2839957881569943,2.610508504758708,True,True,True,up_in_reference,True,PLK1
ENSG00000169221,TBC1D10B,TBC1 domain family member 10B,MC1_vs_CTR,193.04691459752613,-1.0991794891814328,0.287997200009375,-3.816632554572239,0.0001352854096074,0.0026483422701621,True,up_in_CTR,dimgrey,dimgrey,1.0991794891814328,2.577025887647427,True,True,True,up_in_reference,True,TBC1D10B
ENSG00000148296,SURF6,surfeit 6,MC1_vs_CTR,125.32596679462269,1.586459221404943,0.4216513690005486,3.762490384331894,0.0001682297783493,0.0031300165441598,True,up_in_MC1,dimgrey,dimgrey,1.586459221404943,2.5044533669205418,True,True,True,up_in_tested,True,SURF6
ENSG00000165490,DDIAS,DNA damage induced apoptosis suppressor,MC1_vs_CTR,125.34544838551328,-1.3835925029696965,0.3706501935395644,-3.732879483366592,0.0001893031836334,0.003404696633975,True,up_in_CTR,dimgrey,dimgrey,1.3835925029696965,2.467921578629345,True,True,True,up_in_reference,True,DDIAS
ENSG00000188229,TUBB4B,tubulin beta 4B class IVb,MC1_vs_CTR,755.9365394592284,-1.1980609446568455,0.3221218599003375,-3.719278614085732,0.0001997925749535,0.0035128498973001,True,up_in_CTR,dimgrey,dimgrey,1.1980609446568455,2.4543404070445844,True,True,True,up_in_reference,True,TUBB4B
ENSG00000103043,VAC14,VAC14 component of PIKFYVE complex,MC1_vs_CTR,191.56244390468828,-1.1929973108852518,0.3216336894276366,-3.709180195048133,0.0002079314106946,0.0036190965091267,True,up_in_CTR,dimgrey,dimgrey,1.1929973108852518,2.4413998355648237,True,True,True,up_in_reference,True,VAC14
ENSG00000288722,F8A1,coagulation factor VIII associated 1,MC1_vs_CTR,220.5420313397272,-1.2432718094138266,0.340892195039817,-3.6471113962248674,0.0002652049681696,0.0043280047073892,True,up_in_CTR,dimgrey,dimgrey,1.2432718094138266,2.363712275537337,True,True,True,up_in_reference,True,F8A1
ENSG00000162341,TPCN2,two pore segment channel 2,MC1_vs_CTR,228.7436390542031,1.0637994564856263,0.2932212806562749,3.627974934509109,0.0002856529853675,0.0045291430633639,True,up_in_MC1,darkgrey,darkgrey,1.0637994564856263,2.343983960913817,True,True,True,up_in_tested,True,TPCN2
ENSG00000118181,RPS25,ribosomal protein S25,MC1_vs_CTR,2166.427789204043,-1.4387624981833635,0.3966013266521687,-3.627729917921332,0.0002859241248156,0.0045291430633639,True,up_in_CTR,dimgrey,dimgrey,1.4387624981833635,2.343983960913817,True,True,True,up_in_reference,True,RPS25
ENSG00000184983,NDUFA6,NADH:ubiquinone oxidoreductase subunit A6,MC1_vs_CTR,502.2250977157934,-1.272309404469844,0.3545840645594134,-3.588174234650803,0.0003330017333235,0.0050702009943251,True,up_in_CTR,dimgrey,dimgrey,1.272309404469844,2.2949748239021552,True,True,True,up_in_reference,True,NDUFA6
ENSG00000113597,TRAPPC13,trafficking protein particle complex subunit 13,MC1_vs_CTR,117.0133560376393,-1.3282422401101044,0.3736616879778604,-3.554665310479471,0.0003784605140698,0.0055660129777933,True,up_in_CTR,dimgrey,dimgrey,1.3282422401101044,2.254455785393739,True,True,True,up_in_reference,True,TRAPPC13
ENSG00000148291,SURF2,surfeit 2,MC1_vs_CTR,178.0400250007675,-1.0928105356309763,0.3104191088645529,-3.520435773520015,0.0004308383201054,0.0060874422544526,True,up_in_CTR,dimgrey,dimgrey,1.0928105356309763,2.215565145480231,True,True,True,up_in_reference,True,SURF2
ENSG00000105700,KXD1,KxDL motif containing 1,MC1_vs_CTR,128.8770085541345,-1.2878745481634433,0.3680155322805584,-3.4995113933985427,0.0004661116846984,0.0064664290453277,True,up_in_CTR,dimgrey,dimgrey,1.2878745481634433,2.189335483480009,True,True,True,up_in_reference,True,KXD1
ENSG00000164751,PEX2,peroxisomal biogenesis factor 2,MC1_vs_CTR,178.94889793521176,-1.089441827621788,0.3132897857969604,-3.4774253008294465,0.0005062540929127,0.0068860784351504,True,up_in_CTR,dimgrey,dimgrey,1.089441827621788,2.1620280348176646,True,True,True,up_in_reference,True,PEX2
ENSG00000138061,CYP1B1,cytochrome P450 family 1 subfamily B member 1,MC1_vs_CTR,1435.7964243527233,1.034642875920881,0.3018321218100575,3.427875302722021,0.0006083248123836,0.0077344154717345,True,up_in_MC1,dimgrey,dimgrey,1.034642875920881,2.1115725025195737,True,True,True,up_in_tested,True,CYP1B1
ENSG00000162852,CNST,"consortin, connexin sorting protein",MC1_vs_CTR,203.8628855418966,-1.029012011015412,0.3005685266296901,-3.423552101591751,0.0006180840202146,0.0078239286605767,True,up_in_CTR,dimgrey,dimgrey,1.029012011015412,2.106575118146213,True,True,True,up_in_reference,True,CNST
ENSG00000156469,MTERF3,mitochondrial transcription termination factor 3,MC1_vs_CTR,112.78608449900852,-1.13167818619715,0.3336159604114934,-3.392158411130269,0.0006934433636499,0.0084914844799857,True,up_in_CTR,dimgrey,dimgrey,1.13167818619715,2.0710163798255765,True,True,True,up_in_reference,True,MTERF3
ENSG00000174939,ASPHD1,aspartate beta-hydroxylase domain containing 1,MC1_vs_CTR,119.5467522729785,1.0762961071451778,0.3219956746435873,3.342579394386324,0.0008300360676842,0.0096833802328622,True,up_in_MC1,dimgrey,dimgrey,1.0762961071451778,2.013973014569155,True,True,True,up_in_tested,True,ASPHD1
ENSG00000100764,PSMC1,"proteasome 26S subunit, ATPase 1",MC1_vs_CTR,3169.6019199690804,1.1640846344006484,0.3513461602240372,3.3132129113304254,0.0009223073993691,0.0105049929113066,True,up_in_MC1,darkgrey,darkgrey,1.1640846344006484,1.9786042363167118,True,True,True,up_in_tested,True,PSMC1
ENSG00000204520,MICA,MHC class I polypeptide-related sequence A,MC1_vs_CTR,90.66918518792976,-1.2958131751279285,0.3914286058928116,-3.3104713238121706,0.0009313899501955,0.0105382561468393,True,up_in_CTR,dimgrey,dimgrey,1.2958131751279285,1.9772312495090176,True,True,True,up_in_reference,True,MICA
ENSG00000161970,RPL26,ribosomal protein L26,MC1_vs_CTR,3058.677253985361,-1.142002730644598,0.3459682041748961,-3.300889263417065,0.0009637891409194,0.0108338432989029,True,up_in_CTR,dimgrey,dimgrey,1.142002730644598,1.9652174503543125,True,True,True,up_in_reference,True,RPL26
ENSG00000180155,LYNX1,Ly6/neurotoxin 1,MC1_vs_CTR,121.38531672483516,1.0247729324450143,0.3105500798946759,3.299863689594185,0.0009673179985447,0.0108507907057585,True,up_in_MC1,darkgrey,darkgrey,1.0247729324450143,1.9645386132776141,True,True,True,up_in_tested,True,LYNX1
ENSG00000184009,ACTG1,actin gamma 1,MC1_vs_CTR,170.77356930266967,-1.0386111165027545,0.3147572712339814,-3.29972080527627,0.0009678105923125,0.0108507907057585,True,up_in_CTR,dimgrey,dimgrey,1.0386111165027545,1.9645386132776141,True,True,True,up_in_reference,True,ACTG1
ENSG00000198324,PHETA1,PH domain containing endocytic trafficking adaptor 1,MC1_vs_CTR,138.87642706071807,1.260272870469881,0.3821722029063398,3.297657079415428,0.0009749512460362,0.01087435931141,True,up_in_MC1,darkgrey,darkgrey,1.260272870469881,1.9635963211058216,True,True,True,up_in_tested,True,PHETA1
ENSG00000137103,TMEM8B,transmembrane protein 8B,MC1_vs_CTR,191.2028348619728,1.1204097224639409,0.3417538437514817,3.27841147348934,0.0010439310251047,0.0113713417778322,True,up_in_MC1,darkgrey,darkgrey,1.1204097224639409,1.9441882870864715,True,True,True,up_in_tested,True,TMEM8B
ENSG00000105373,NOP53,NOP53 ribosome biogenesis factor,MC1_vs_CTR,238.72207506051703,-1.0686085219205197,0.3271442786958054,-3.2664747376314764,0.0010889552338947,0.0117365175208655,True,up_in_CTR,dimgrey,dimgrey,1.0686085219205197,1.9304607485597316,True,True,True,up_in_reference,True,NOP53
ENSG00000090006,LTBP4,latent transforming growth factor beta binding protein 4,MC1_vs_CTR,174.93635676666588,1.1080224397549672,0.3403934287976428,3.2551228843306044,0.0011334331243327,0.0120801582251413,True,up_in_MC1,dimgrey,dimgrey,1.1080224397549672,1.9179273773162329,True,True,True,up_in_tested,True,LTBP4
ENSG00000185338,SOCS1,suppressor of cytokine signaling 1,MC1_vs_CTR,138.75138401379115,1.048881169767531,0.3230062164499519,3.247247626672379,0.0011652695716939,0.0123281522211202,True,up_in_MC1,dimgrey,dimgrey,1.048881169767531,1.9091020118314612,True,True,True,up_in_tested,True,SOCS1
ENSG00000175137,SH3BP5L,SH3 binding domain protein 5 like,MC1_vs_CTR,2125.0655426842804,1.089447506358837,0.3361284626328489,3.241164100848055,0.0011904263456914,0.0125328666370173,True,up_in_MC1,darkgrey,darkgrey,1.089447506358837,1.901949581659699,True,True,True,up_in_tested,True,SH3BP5L
ENSG00000143870,PDIA6,protein disulfide isomerase family A member 6,MC1_vs_CTR,697.1715196480053,1.321515590033156,0.4079789866421769,3.2391756274256536,0.0011987573360271,0.0126052035102586,True,up_in_MC1,whitesmoke,whitesmoke,1.321515590033156,1.8994501382724345,True,True,True,up_in_tested,True,PDIA6
ENSG00000170846,MRFAP1L2,Morf4 family associated protein 1 like 2,MC1_vs_CTR,93.59646312636389,-1.455318826223038,0.4550425802327688,-3.198203617513324,0.0013828660060023,0.0141953415336719,True,up_in_CTR,dimgrey,dimgrey,1.455318826223038,1.8478541540782618,True,True,True,up_in_reference,True,MRFAP1L2
ENSG00000100330,MTMR3,myotubularin related protein 3,MC1_vs_CTR,97.66717145210433,1.174508044393191,0.3678096345570783,3.1932498065406865,0.0014068118770751,0.0143558001593259,True,up_in_MC1,darkgrey,darkgrey,1.174508044393191,1.8429725959159848,True,True,True,up_in_tested,True,MTMR3
ENSG00000123496,IL13RA2,interleukin 13 receptor subunit alpha 2,MC1_vs_CTR,111.04682047217727,-1.2469950821653908,0.393816056056297,-3.1664404307251752,0.0015431694907805,0.0153076415873021,True,up_in_CTR,dimgrey,dimgrey,1.2469950821653908,1.8150917148875172,True,True,True,up_in_reference,True,IL13RA2
ENSG00000112655,PTK7,protein tyrosine kinase 7 (inactive),MC1_vs_CTR,2004.34686095422,1.102814622543845,0.3491030439273833,3.158994576894154,0.0015831443630383,0.015584133735587,True,up_in_MC1,dimgrey,dimgrey,1.102814622543845,1.8073173335418036,True,True,True,up_in_tested,True,PTK7
ENSG00000288701,PRRC2B,proline rich coiled-coil 2B,MC1_vs_CTR,139.44158998607804,1.335383747740854,0.42685488768408,3.128425575693972,0.0017574551244414,0.0167647625296168,True,up_in_MC1,darkgrey,darkgrey,1.335383747740854,1.7756025939087348,True,True,True,up_in_tested,True,PRRC2B
ENSG00000134255,CEPT1,choline/ethanolamine phosphotransferase 1,MC1_vs_CTR,234.79309604579404,1.0233723402139758,0.3284515086421702,3.1157486365175555,0.0018347859828508,0.0173271942626298,True,up_in_MC1,whitesmoke,whitesmoke,1.0233723402139758,1.7612717555150184,True,True,True,up_in_tested,True,CEPT1
ENSG00000157240,FZD1,frizzled class receptor 1,MC1_vs_CTR,171.42042147286938,-1.0350050431466291,0.3331254729285006,-3.106952566694816,0.0018902672612528,0.0176626445526656,True,up_in_CTR,dimgrey,dimgrey,1.0350050431466291,1.7529442708238876,True,True,True,up_in_reference,True,FZD1
ENSG00000100823,APEX1,apurinic/apyrimidinic endodeoxyribonuclease 1,MC1_vs_CTR,255.7983280617093,1.568019497623514,0.5058124286199636,3.100001915535428,0.0019351939110585,0.0179062476250469,True,up_in_MC1,dimgrey,dimgrey,1.568019497623514,1.7469954139541408,True,True,True,up_in_tested,True,APEX1
ENSG00000147996,ZNG1E,Zn regulated GTPase metalloprotein activator 1E,MC1_vs_CTR,90.70022381266772,-1.0720341346897817,0.3489877383484346,-3.07183896993953,0.0021274446019188,0.0190638202033333,True,up_in_CTR,dimgrey,dimgrey,1.0720341346897817,1.7197900666051815,True,True,True,up_in_reference,True,ZNG1E
ENSG00000256060,TRAPPC2B,trafficking protein particle complex subunit 2B,MC1_vs_CTR,125.01041266427644,-1.084122863457435,0.353860359413693,-3.0637024877658106,0.0021861620207861,0.0193491443910669,True,up_in_CTR,dimgrey,dimgrey,1.084122863457435,1.7133382344928147,True,True,True,up_in_reference,True,TRAPPC2B
ENSG00000115457,IGFBP2,insulin like growth factor binding protein 2,MC1_vs_CTR,121.42923400025404,1.244686829352598,0.4062932704191438,3.063518202180763,0.0021875089685719,0.0193491443910669,True,up_in_MC1,darkgrey,darkgrey,1.244686829352598,1.7133382344928147,True,True,True,up_in_tested,True,IGFBP2
ENSG00000176731,RBIS,ribosomal biogenesis factor,MC1_vs_CTR,189.45840069611504,-1.1028578429411977,0.3615616067703206,-3.0502625895281525,0.0022864136558123,0.0198577556243743,True,up_in_CTR,dimgrey,dimgrey,1.1028578429411977,1.7020698381684416,True,True,True,up_in_reference,True,RBIS
ENSG00000168488,ATXN2L,ataxin 2 like,MC1_vs_CTR,335.16161048054886,1.5906446600728084,0.5237648728381072,3.0369441376502304,0.0023898974182023,0.0203703231877371,True,up_in_MC1,darkgrey,darkgrey,1.5906446600728084,1.691002080595447,True,True,True,up_in_tested,True,ATXN2L
ENSG00000161682,FAM171A2,family with sequence similarity 171 member A2,MC1_vs_CTR,98.06761284783664,1.114385154498204,0.36712860413277,3.035408142960151,0.0024021038149082,0.0204100028378723,True,up_in_MC1,darkgrey,darkgrey,1.114385154498204,1.6901569348982266,True,True,True,up_in_tested,True,FAM171A2
ENSG00000124733,MEA1,male-enhanced antigen 1,MC1_vs_CTR,169.6012692638392,-1.07548335415888,0.3573365038601623,-3.0097214881235663,0.002614873467487,0.0216021077940824,True,up_in_CTR,dimgrey,dimgrey,1.07548335415888,1.6655038711324974,True,True,True,up_in_reference,True,MEA1
ENSG00000147400,CETN2,centrin 2,MC1_vs_CTR,480.6697274576952,1.1581306716077668,0.3893397629482999,2.9746015737970075,0.0029336931243909,0.0231928321821124,True,up_in_MC1,dimgrey,dimgrey,1.1581306716077668,1.6346462144512928,True,True,True,up_in_tested,True,CETN2
ENSG00000109501,WFS1,wolframin ER transmembrane glycoprotein,MC1_vs_CTR,179.24521319004018,1.0040631817976768,0.3388963255329841,2.962744373868856,0.0030490967018141,0.0238864354144839,True,up_in_MC1,darkgrey,darkgrey,1.0040631817976768,1.6218486554123053,True,True,True,up_in_tested,True,WFS1
ENSG00000156675,RAB11FIP1,RAB11 family interacting protein 1,MC1_vs_CTR,140.82897981238696,1.037424667609706,0.3514960609984788,2.951454604250019,0.0031628103389125,0.0244850389910136,True,up_in_MC1,dimgrey,dimgrey,1.037424667609706,1.611099200056277,True,True,True,up_in_tested,True,RAB11FIP1
ENSG00000198894,CIPC,CLOCK interacting pacemaker,MC1_vs_CTR,92.87015232552018,-1.0927981898859227,0.3706886356084607,-2.948021829944064,0.003198144799296,0.024675153014564,True,up_in_CTR,dimgrey,dimgrey,1.0927981898859227,1.6077401455205445,True,True,True,up_in_reference,True,CIPC
ENSG00000144560,VGLL4,vestigial like family member 4,MC1_vs_CTR,168.50819188657002,1.0281224770102018,0.3493266171177366,2.9431552782698054,0.0032488541916853,0.0249976454873614,True,up_in_MC1,darkgrey,darkgrey,1.0281224770102018,1.602100895328033,True,True,True,up_in_tested,True,VGLL4
ENSG00000171443,ZNF524,zinc finger protein 524,MC1_vs_CTR,117.52904614279028,1.127407033896077,0.3834248222403188,2.940360061481501,0.0032783104675703,0.025201829266727,True,up_in_MC1,darkgrey,darkgrey,1.127407033896077,1.5985679349481121,True,True,True,up_in_tested,True,ZNF524
ENSG00000176971,FIBIN,fin bud initiation factor homolog,MC1_vs_CTR,88.82881967415214,1.2518758401030057,0.4276734541568318,2.927176863411145,0.0034205430271154,0.0258804101254056,True,up_in_MC1,darkgrey,darkgrey,1.2518758401030057,1.5870288457085442,True,True,True,up_in_tested,True,FIBIN
ENSG00000198899,MT-ATP6,ATP synthase F0 subunit 6,MC1_vs_CTR,130754.17093483049,-1.0290628846686731,0.3607963209144024,-2.8521989416649696,0.0043417918222224,0.0311318013299388,True,up_in_CTR,dimgrey,dimgrey,1.0290628846686731,1.5067957496991307,True,True,True,up_in_reference,True,MT-ATP6
ENSG00000085733,CTTN,cortactin,MC1_vs_CTR,119.5940239176462,1.0067200481152965,0.3558078400939814,2.8293925391002794,0.0046636458888864,0.0327860382400296,True,up_in_MC1,darkgrey,darkgrey,1.0067200481152965,1.4843110589159871,True,True,True,up_in_tested,True,CTTN
ENSG00000151332,MBIP,MAP3K12 binding inhibitory protein 1,MC1_vs_CTR,103.1558057066488,-1.3046666814091916,0.4733333065811435,-2.756338215099876,0.005845252127474,0.0381998952433634,True,up_in_CTR,dimgrey,dimgrey,1.3046666814091916,1.4179378280645112,True,True,True,up_in_reference,True,MBIP
ENSG00000132005,RFX1,regulatory factor X1,MC1_vs_CTR,104.3167499844526,1.2366821724323092,0.4558474098291368,2.7129301291760086,0.0066691166829293,0.0420282990927593,True,up_in_MC1,whitesmoke,whitesmoke,1.2366821724323092,1.3764581857636884,True,True,True,up_in_tested,True,RFX1
ENSG00000275835,TUBGCP5,tubulin gamma complex component 5,MC1_vs_CTR,94.24451629735788,1.1711412997665158,0.4402719331682964,2.6600407873804675,0.0078131189227882,0.0473337934459162,True,up_in_MC1,darkgrey,darkgrey,1.1711412997665158,1.324828688715805,True,True,True,up_in_tested,True,TUBGCP5
ENSG00000123552,USP45,ubiquitin specific peptidase 45,MC1_vs_CTR,105.22629486418934,1.0995412069284618,0.4161895851974941,2.641923887659748,0.0082436579046261,0.0489123702341149,True,up_in_MC1,darkgrey,darkgrey,1.0995412069284618,1.310581291285132,True,True,True,up_in_tested,True,USP45
ENSG00000128567,PODXL,podocalyxin like,MC1_vs_CTR,90.41795671851442,-1.182730165147634,0.4577309575765592,-2.583898129612116,0.0097690644024627,0.0548707436476648,False,up_in_CTR,maroon,maroon,1.182730165147634,1.2606591538937915,True,True,True,up_in_reference,True,PODXL
ENSG00000100911,PSME2,proteasome activator subunit 2,MC1_vs_CTR,180.8011616870645,-1.4358736203878777,0.5559541071947111,-2.5827196917982183,0.0098024929905753,0.054879975348662,False,up_in_CTR,dimgrey,dimgrey,1.4358736203878777,1.2605860923804313,True,True,True,up_in_reference,True,PSME2
ENSG00000148300,REXO4,RNA exonuclease 4,MC1_vs_CTR,92.15722129142588,1.244050269501796,0.4854622438268981,2.562609729842118,0.0103888753417711,0.0572277137903599,False,up_in_MC1,darkgrey,darkgrey,1.244050269501796,1.2423936035248369,True,True,True,up_in_tested,True,REXO4
ENSG00000049860,HEXB,hexosaminidase subunit beta,MC1_vs_CTR,416.1788834863621,-1.0359120680513427,0.4052283953020772,-2.556365940938376,0.0105771818781457,0.0577374646472186,False,up_in_CTR,dimgrey,dimgrey,1.0359120680513427,1.238542290664818,True,True,True,up_in_reference,True,HEXB
ENSG00000137720,CFAP68,cilia and flagella associated protein 68,MC1_vs_CTR,94.2038936273663,-1.0613905890162851,0.4301661116276455,-2.467397036461653,0.0136099356404617,0.0683505377452627,False,up_in_CTR,dimgrey,dimgrey,1.0613905890162851,1.1652580642873576,True,True,True,up_in_reference,True,CFAP68
ENSG00000126581,BECN1,beclin 1,MC1_vs_CTR,87.06812309176489,1.259336758449045,0.5509024192931378,2.285952492394022,0.0222570380139316,0.0953993463438314,False,up_in_MC1,darkgrey,darkgrey,1.259336758449045,1.0204546009797584,True,True,True,up_in_tested,True,BECN1
ENSG00000197050,ZNF420,zinc finger protein 420,MC1_vs_CTR,107.29355420605982,1.0370103275079652,0.4564367683711406,2.2719693052088763,0.0230883643288909,0.0976422401325928,False,up_in_MC1,darkgrey,darkgrey,1.0370103275079652,1.0103622654483793,True,True,True,up_in_tested,True,ZNF420
ENSG00000147133,TAF1,TATA-box binding protein associated factor 1,MD1_vs_CTR,1810.470520827528,1.3745349611165392,0.192870433906884,7.126727167421374,1.0278354042104949e-12,2.600529275056601e-09,True,up_in_MD1,darkgrey,darkgrey,1.3745349611165392,8.584938252858587,True,True,True,up_in_tested,True,TAF1
ENSG00000034152,MAP2K3,mitogen-activated protein kinase kinase 3,MD1_vs_CTR,7660.339276905135,1.043882736378113,0.1470871510889263,7.097035523837151,1.2746130498990818e-12,2.600529275056601e-09,True,up_in_MD1,darkgrey,darkgrey,1.043882736378113,8.584938252858587,True,True,True,up_in_tested,True,MAP2K3
ENSG00000169607,CKAP2L,cytoskeleton associated protein 2 like,MD1_vs_CTR,1754.8449891233176,-1.0888754334907396,0.1624129870947362,-6.704361843031639,2.022884376529713e-11,3.3017518793717984e-08,True,up_in_CTR,dimgrey,dimgrey,1.0888754334907396,7.4812555662847515,True,True,True,up_in_reference,True,CKAP2L
ENSG00000185112,FAM43A,family with sequence similarity 43 member A,MD1_vs_CTR,1161.674475741636,1.1628711162747811,0.1886946192121288,6.162714767014588,7.15082468544678e-10,4.622404143668457e-07,True,up_in_MD1,darkgrey,darkgrey,1.1628711162747811,6.335132086184471,True,True,True,up_in_tested,True,FAM43A
ENSG00000166908,PIP4K2C,phosphatidylinositol-5-phosphate 4-kinase type 2 gamma,MD1_vs_CTR,444.1661886986606,1.4133034022597692,0.2395089823466256,5.900836738617126,3.6166265275616124e-09,1.6296605612763231e-06,True,up_in_MD1,darkgrey,darkgrey,1.4133034022597692,5.787902844501625,True,True,True,up_in_tested,True,PIP4K2C
ENSG00000080986,NDC80,NDC80 kinetochore complex component,MD1_vs_CTR,810.8228179771313,-1.063025520238048,0.181272545600987,-5.864238937637892,4.511973657306824e-09,1.714314063250378e-06,True,up_in_CTR,dimgrey,dimgrey,1.063025520238048,5.76590961214331,True,True,True,up_in_reference,True,NDC80
ENSG00000221823,PPP3R1,"protein phosphatase 3 regulatory subunit B, alpha",MD1_vs_CTR,3062.3240925092723,1.0362514110643872,0.1770499274947414,5.852876788640113,4.831420592422337e-09,1.714314063250378e-06,True,up_in_MD1,darkgrey,darkgrey,1.0362514110643872,5.76590961214331,True,True,True,up_in_tested,True,PPP3R1
ENSG00000087460,GNAS,GNAS complex locus,MD1_vs_CTR,5336.808546615216,-1.0177233378615942,0.1744875495731446,-5.832641585897036,5.4556675840409365e-09,1.7693403091592214e-06,True,up_in_CTR,dimgrey,dimgrey,1.0177233378615942,5.752188628268381,True,True,True,up_in_reference,True,GNAS
ENSG00000197728,RPS26,ribosomal protein S26,MD1_vs_CTR,3114.866793294156,-1.4521888448235445,0.2521215950174879,-5.759874891806934,8.417630354241951e-09,2.45343861860602e-06,True,up_in_CTR,dimgrey,dimgrey,1.4521888448235445,5.610224802950708,True,True,True,up_in_reference,True,RPS26
ENSG00000125351,UPF3B,UPF3B regulator of nonsense mediated mRNA decay,MD1_vs_CTR,723.7513377104477,-1.1192112404818704,0.1950914270781628,-5.736855059415098,9.645072904302472e-09,2.45979499912539e-06,True,up_in_CTR,dimgrey,dimgrey,1.1192112404818704,5.609101085765915,True,True,True,up_in_reference,True,UPF3B
ENSG00000214357,NEURL1B,neuralized E3 ubiquitin protein ligase 1B,MD1_vs_CTR,1332.7426354216502,1.1279399047621124,0.1968119320398029,5.731054479633884,9.980820072389824e-09,2.4682870488113137e-06,True,up_in_MD1,dimgrey,dimgrey,1.1279399047621124,5.607604335536023,True,True,True,up_in_tested,True,NEURL1B
ENSG00000162878,PKDCC,"protein kinase domain containing, cytoplasmic",MD1_vs_CTR,815.7972396948658,1.0230235348618084,0.1807472491262499,5.659967384329253,1.5140176665960638e-08,3.339431939754183e-06,True,up_in_MD1,darkgrey,darkgrey,1.0230235348618084,5.476327403371699,True,True,True,up_in_tested,True,PKDCC
ENSG00000004478,FKBP4,FKBP prolyl isomerase 4,MD1_vs_CTR,290.65204541321583,-1.1920609518062228,0.2208407648551516,-5.39783020851286,6.745165441635857e-08,1.038628210739438e-05,True,up_in_CTR,dimgrey,dimgrey,1.1920609518062228,4.98353988547476,True,True,True,up_in_reference,True,FKBP4
ENSG00000164896,FASTK,Fas activated serine/threonine kinase,MD1_vs_CTR,1819.0345617286705,1.043745899737698,0.1992505683422854,5.2383584569991495,1.6201115888322076e-07,2.0986874089618484e-05,True,up_in_MD1,darkgrey,darkgrey,1.043745899737698,4.678052243014863,True,True,True,up_in_tested,True,FASTK
ENSG00000111364,DDX55,DEAD-box helicase 55,MD1_vs_CTR,209.00264179683708,-1.2811357070505076,0.2453043496740594,-5.222637547001416,1.7639244255632594e-07,2.2146749595418093e-05,True,up_in_CTR,dimgrey,dimgrey,1.2811357070505076,4.654690004716719,True,True,True,up_in_reference,True,DDX55
ENSG00000143398,PIP5K1A,phosphatidylinositol-4-phosphate 5-kinase type 1 alpha,MD1_vs_CTR,866.6591648012283,1.0360177012972114,0.2044257622004233,5.067940997972055,4.02142008036645e-07,4.207539650752641e-05,True,up_in_MD1,darkgrey,darkgrey,1.0360177012972114,4.375971782655303,True,True,True,up_in_tested,True,PIP5K1A
ENSG00000137216,TMEM63B,transmembrane protein 63B,MD1_vs_CTR,536.7481476678703,1.1905614359366634,0.2404877020869174,4.950612549436599,7.39802579052103e-07,6.50944084627632e-05,True,up_in_MD1,darkgrey,darkgrey,1.1905614359366634,4.186456315242278,True,True,True,up_in_tested,True,TMEM63B
ENSG00000101825,MXRA5,matrix remodeling associated 5,MD1_vs_CTR,302.25578376154266,1.0616801513612446,0.2153445903596106,4.930145445438457,8.216841802701056e-07,6.883446466015506e-05,True,up_in_MD1,darkgrey,darkgrey,1.0616801513612446,4.162194060834386,True,True,True,up_in_tested,True,MXRA5
ENSG00000188735,TMEM120B,transmembrane protein 120B,MD1_vs_CTR,381.2140658514022,1.150079392145775,0.2332883217000137,4.929862685645561,8.228743449805845e-07,6.883446466015506e-05,True,up_in_MD1,darkgrey,darkgrey,1.150079392145775,4.162194060834386,True,True,True,up_in_tested,True,TMEM120B
ENSG00000125863,MKKS,MKKS centrosomal shuttling protein,MD1_vs_CTR,119.9282570669081,-1.910250448208407,0.3950906614893124,-4.834967349032322,1.3316749119637116e-06,9.703391925478438e-05,True,up_in_CTR,dimgrey,dimgrey,1.910250448208407,4.0130764268656876,True,True,True,up_in_reference,True,MKKS
ENSG00000196700,ZNF512B,zinc finger protein 512B,MD1_vs_CTR,211.4279090334232,1.587776616305305,0.3285383195920733,4.832850604084035,1.3459179024666762e-06,9.720385842504906e-05,True,up_in_MD1,darkgrey,darkgrey,1.587776616305305,4.012316495778976,True,True,True,up_in_tested,True,ZNF512B
ENSG00000111875,ASF1A,anti-silencing function 1A histone chaperone,MD1_vs_CTR,194.092920218486,-1.213074287574799,0.2519164089381392,-4.815384169249103,1.4691696567918548e-06,0.0001021132909533,True,up_in_CTR,dimgrey,dimgrey,1.213074287574799,3.990917726943351,True,True,True,up_in_reference,True,ASF1A
ENSG00000080824,HSP90AA1,heat shock protein 90 alpha family class A member 1,MD1_vs_CTR,37167.46897014074,-1.0358912823708577,0.2151653648196085,-4.814396049472616,1.4764573376420092e-06,0.0001021132909533,True,up_in_CTR,dimgrey,dimgrey,1.0358912823708577,3.990917726943351,True,True,True,up_in_reference,True,HSP90AA1
ENSG00000153006,SREK1IP1,SREK1 interacting protein 1,MD1_vs_CTR,1110.5852283769336,-1.3206349525642962,0.2768466421183232,-4.770276216678336,1.8397346978629035e-06,0.0001251172905771,True,up_in_CTR,dimgrey,dimgrey,1.3206349525642962,3.902682668857078,True,True,True,up_in_reference,True,SREK1IP1
ENSG00000168010,ATG16L2,autophagy related 16 like 2,MD1_vs_CTR,225.3635822440419,1.2430359749360698,0.2616435957212288,4.750874836089919,2.0253847560266543e-06,0.0001322333199514,True,up_in_MD1,darkgrey,darkgrey,1.2430359749360698,3.878659098195853,True,True,True,up_in_tested,True,ATG16L2
ENSG00000030582,GRN,granulin precursor,MD1_vs_CTR,3583.308605118453,1.0508186260576478,0.2263932356903062,4.641563705971813,3.4578237714240955e-06,0.0002057532414842,True,up_in_MD1,darkgrey,darkgrey,1.0508186260576478,3.6866533140859863,True,True,True,up_in_tested,True,GRN
ENSG00000166716,ZNF592,zinc finger protein 592,MD1_vs_CTR,366.3311575757402,1.0651014401402414,0.2308036197378047,4.614751888857756,3.935651933099178e-06,0.0002277933008937,True,up_in_MD1,darkgrey,darkgrey,1.0651014401402414,3.642459052108016,True,True,True,up_in_tested,True,ZNF592
ENSG00000174705,SH3PXD2B,SH3 and PX domains 2B,MD1_vs_CTR,329.80070206963063,1.1366410838509424,0.2500208278276637,4.546185586724058,5.46268730212755e-06,0.0002992012823668,True,up_in_MD1,darkgrey,darkgrey,1.1366410838509424,3.5240365494318024,True,True,True,up_in_tested,True,SH3PXD2B
ENSG00000150779,TIMM8B,translocase of inner mitochondrial membrane 8 homolog B,MD1_vs_CTR,573.3507255463115,-1.2240764727507352,0.271914836512016,-4.501690633922592,6.741506029224022e-06,0.0003460215767578,True,up_in_CTR,dimgrey,dimgrey,1.2240764727507352,3.460896819199472,True,True,True,up_in_reference,True,TIMM8B
ENSG00000136104,RNASEH2B,ribonuclease H2 subunit B,MD1_vs_CTR,280.21885429216104,-1.0206808309678206,0.2300466532863261,-4.436842772485094,9.12879204051249e-06,0.0004317116127735,True,up_in_CTR,dimgrey,dimgrey,1.0206808309678206,3.364806268935536,True,True,True,up_in_reference,True,RNASEH2B
ENSG00000166851,PLK1,polo like kinase 1,MD1_vs_CTR,218.0449226217017,-1.4778811709459012,0.3360662776911396,-4.397588419460942,1.0946029775259162e-05,0.000485492114108,True,up_in_CTR,dimgrey,dimgrey,1.4778811709459012,3.3138178199829484,True,True,True,up_in_reference,True,PLK1
ENSG00000161011,SQSTM1,sequestosome 1,MD1_vs_CTR,322.0567010868993,2.225515740269684,0.5064034931468475,4.394748003099429,1.1090132807101104e-05,0.0004892247234527,True,up_in_MD1,dimgrey,dimgrey,2.225515740269684,3.3104916035822614,True,True,True,up_in_tested,True,SQSTM1
ENSG00000108384,RAD51C,RAD51 paralog C,MD1_vs_CTR,348.54775757621127,-1.0081656863349755,0.2296955482476003,-4.389138988659124,1.138003232401118e-05,0.0004966440844719,True,up_in_CTR,dimgrey,dimgrey,1.0081656863349755,3.303954733043376,True,True,True,up_in_reference,True,RAD51C
ENSG00000198888,MT-ND1,NADH dehydrogenase subunit 1,MD1_vs_CTR,38618.19054649298,-1.3319708383903794,0.3126666091848769,-4.260035447542137,2.043944852384672e-05,0.0007905513715787,True,up_in_CTR,dimgrey,dimgrey,1.3319708383903794,3.1020699035075423,True,True,True,up_in_reference,True,MT-ND1
ENSG00000137193,PIM1,"Pim-1 proto-oncogene, serine/threonine kinase",MD1_vs_CTR,321.1339018942146,1.1870581036268473,0.2801291005027477,4.237539411280134,2.25982760805954e-05,0.0008421211465467,True,up_in_MD1,darkgrey,darkgrey,1.1870581036268473,3.074625426918272,True,True,True,up_in_tested,True,PIM1
ENSG00000187961,KLHL17,kelch like family member 17,MD1_vs_CTR,279.9268931728878,1.1298142847353614,0.2693727848886514,4.194240651305529,2.737871980227747e-05,0.0009799900539753,True,up_in_MD1,darkgrey,darkgrey,1.1298142847353614,3.008778331986652,True,True,True,up_in_tested,True,KLHL17
ENSG00000130513,GDF15,growth differentiation factor 15,MD1_vs_CTR,1647.6561811402298,1.0522437619241003,0.2515141995989006,4.183635610244486,2.868838246543226e-05,0.0010186170530658,True,up_in_MD1,dimgrey,dimgrey,1.0522437619241003,2.991989057405489,True,True,True,up_in_tested,True,GDF15
ENSG00000196712,NF1,neurofibromin 1,MD1_vs_CTR,660.1720533829534,1.1094980712979652,0.2684606480339855,4.1328145462775945,3.58347861150965e-05,0.001212839464002,True,up_in_MD1,whitesmoke,whitesmoke,1.1094980712979652,2.9161966801821233,True,True,True,up_in_tested,True,NF1
ENSG00000205639,MFSD2B,"MFSD2 lysolipid transporter B, sphingolipid",MD1_vs_CTR,276.7466253915688,1.0446168091850163,0.2530432344464354,4.128214735597456,3.6559062387515496e-05,0.001212839464002,True,up_in_MD1,darkgrey,darkgrey,1.0446168091850163,2.9161966801821233,True,True,True,up_in_tested,True,MFSD2B
ENSG00000142669,SH3BGRL3,SH3 domain binding glutamate rich protein like 3,MD1_vs_CTR,685.4599914669822,-1.4074653060075653,0.3453770289875948,-4.075156098635958,4.598349135767853e-05,0.0014161180112076,True,up_in_CTR,dimgrey,dimgrey,1.4074653060075653,2.8489005535101657,True,True,True,up_in_reference,True,SH3BGRL3
ENSG00000125746,EML2,EMAP like 2,MD1_vs_CTR,1368.2402870910844,1.2652380813718294,0.3150749394905144,4.015673488401703,5.927627488295515e-05,0.001685552889616,True,up_in_MD1,dimgrey,dimgrey,1.2652380813718294,2.7732576155500093,True,True,True,up_in_tested,True,EML2
ENSG00000184983,NDUFA6,NADH:ubiquinone oxidoreductase subunit A6,MD1_vs_CTR,502.2250977157934,-1.4016417663554073,0.355109734845183,-3.947066579198343,7.911456181248607e-05,0.0021031072930022,True,up_in_CTR,dimgrey,dimgrey,1.4016417663554073,2.6771385705993747,True,True,True,up_in_reference,True,NDUFA6
ENSG00000112655,PTK7,protein tyrosine kinase 7 (inactive),MD1_vs_CTR,2004.34686095422,1.3742702802933644,0.3490674596259269,3.936976198715519,8.251478758711863e-05,0.0021652001028972,True,up_in_MD1,dimgrey,dimgrey,1.3742702802933644,2.66450196094192,True,True,True,up_in_tested,True,PTK7
ENSG00000112624,BICRAL,BICRA like chromatin remodeling complex associated protein,MD1_vs_CTR,138.43757474211114,1.2928401297130463,0.3288727970104494,3.9311251689569455,8.454923625597752e-05,0.0021698311858019,True,up_in_MD1,darkgrey,darkgrey,1.2928401297130463,2.6635740532144228,True,True,True,up_in_tested,True,BICRAL
ENSG00000225614,ZNF469,zinc finger protein 469,MD1_vs_CTR,183.25048123587632,1.1200147239864968,0.28807400684108,3.887940936664821,0.0001010982186127,0.0024170004137729,True,up_in_MD1,dimgrey,dimgrey,1.1200147239864968,2.616723275244285,True,True,True,up_in_tested,True,ZNF469
ENSG00000161970,RPL26,ribosomal protein L26,MD1_vs_CTR,3058.677253985361,-1.3342276316540618,0.3460712136425624,-3.8553557159831007,0.0001155614721,0.0026792533346837,True,up_in_CTR,dimgrey,dimgrey,1.3342276316540618,2.571986220078418,True,True,True,up_in_reference,True,RPL26
ENSG00000100823,APEX1,apurinic/apyrimidinic endodeoxyribonuclease 1,MD1_vs_CTR,255.7983280617093,1.9395418632821075,0.5055258848597433,3.836681604978997,0.0001247079846977,0.0028349355518614,True,up_in_MD1,dimgrey,dimgrey,1.9395418632821075,2.5474568097125596,True,True,True,up_in_tested,True,APEX1
ENSG00000177352,CCDC71,coiled-coil domain containing 71,MD1_vs_CTR,392.607028149228,1.150753243922297,0.3024513783593872,3.804754503564924,0.0001419449007051,0.003080883868763,True,up_in_MD1,dimgrey,dimgrey,1.150753243922297,2.511324671727184,True,True,True,up_in_tested,True,CCDC71
ENSG00000112305,SMAP1,small ArfGAP 1,MD1_vs_CTR,379.9855856234779,-1.0098560777320549,0.2678141758363931,-3.7707342211376176,0.000162767953167,0.0033714448370461,True,up_in_CTR,dimgrey,dimgrey,1.0098560777320549,2.4721839417748166,True,True,True,up_in_reference,True,SMAP1
ENSG00000288722,F8A1,coagulation factor VIII associated 1,MD1_vs_CTR,220.5420313397272,-1.2591117113949226,0.3416335143663198,-3.685562623240845,0.0002281979600996,0.0042812035686737,True,up_in_CTR,dimgrey,dimgrey,1.2591117113949226,2.3684341212313877,True,True,True,up_in_reference,True,F8A1
ENSG00000117118,SDHB,succinate dehydrogenase complex iron sulfur subunit B,MD1_vs_CTR,247.3453246016797,-1.0958025000291567,0.2984700718981151,-3.671398251290054,0.0002412271121075,0.0044531499583787,True,up_in_CTR,dimgrey,dimgrey,1.0958025000291567,2.351332679896888,True,True,True,up_in_reference,True,SDHB
ENSG00000156469,MTERF3,mitochondrial transcription termination factor 3,MD1_vs_CTR,112.78608449900852,-1.2196366787042314,0.3353851819546338,-3.6365252382235735,0.0002763405790115,0.004941012766703,True,up_in_CTR,dimgrey,dimgrey,1.2196366787042314,2.306184023969012,True,True,True,up_in_reference,True,MTERF3
ENSG00000184009,ACTG1,actin gamma 1,MD1_vs_CTR,170.77356930266967,-1.1367877450964237,0.3161898635763566,-3.595269412619551,0.0003240560468939,0.005555927308196,True,up_in_CTR,dimgrey,dimgrey,1.1367877450964237,2.2552434450539107,True,True,True,up_in_reference,True,ACTG1
ENSG00000072134,EPN2,epsin 2,MD1_vs_CTR,244.3916648848151,1.2803488897964934,0.358049247476653,3.57590163593342,0.0003490228768159,0.0058488207344863,True,up_in_MD1,whitesmoke,whitesmoke,1.2803488897964934,2.232931689496054,True,True,True,up_in_tested,True,EPN2
ENSG00000186468,RPS23,ribosomal protein S23,MD1_vs_CTR,2051.994334607676,-1.009373264838649,0.2874435299150039,-3.5115532610426725,0.0004454961844914,0.0070072660967376,True,up_in_CTR,dimgrey,dimgrey,1.009373264838649,2.154451390120165,True,True,True,up_in_reference,True,RPS23
ENSG00000184898,RBM43,RNA binding motif protein 43,MD1_vs_CTR,212.3332665782752,1.0403634233029926,0.296819389013701,3.505038625542653,0.0004565410423925,0.007116857197179,True,up_in_MD1,darkgrey,darkgrey,1.0403634233029926,2.1477117483924606,True,True,True,up_in_tested,True,RBM43
ENSG00000157680,DGKI,diacylglycerol kinase iota,MD1_vs_CTR,116.65382943973589,1.2342183622621516,0.3526691426118357,3.499649425298858,0.0004658704145545,0.0072143613912331,True,up_in_MD1,darkgrey,darkgrey,1.2342183622621516,2.1418021062251413,True,True,True,up_in_tested,True,DGKI
ENSG00000157766,ACAN,aggrecan,MD1_vs_CTR,144.79368448454218,1.3219553195376614,0.379185188111691,3.4863052697835664,0.0004897417921985,0.0074806414430384,True,up_in_MD1,dimgrey,dimgrey,1.3219553195376614,2.126061161062251,True,True,True,up_in_tested,True,ACAN
ENSG00000136274,NACAD,NAC alpha domain containing,MD1_vs_CTR,126.84453697069972,1.1813741879295048,0.3388962238395512,3.4859467436521827,0.0004903986241913,0.0074806414430384,True,up_in_MD1,darkgrey,darkgrey,1.1813741879295048,2.126061161062251,True,True,True,up_in_tested,True,NACAD
ENSG00000143870,PDIA6,protein disulfide isomerase family A member 6,MD1_vs_CTR,697.1715196480053,1.4147106991844336,0.4080010880085372,3.4674189377525173,0.0005254822086496,0.00789771695173,True,up_in_MD1,whitesmoke,whitesmoke,1.4147106991844336,2.102498435110052,True,True,True,up_in_tested,True,PDIA6
ENSG00000122971,ACADS,acyl-CoA dehydrogenase short chain,MD1_vs_CTR,165.9909157730273,1.0848699657917706,0.3156000257286934,3.437483768535502,0.0005871459087424,0.0086418139874077,True,up_in_MD1,darkgrey,darkgrey,1.0848699657917706,2.0633950859895913,True,True,True,up_in_tested,True,ACADS
ENSG00000138193,PLCE1,phospholipase C epsilon 1,MD1_vs_CTR,116.60870452554344,1.0108270563068489,0.294754326897561,3.429388355198436,0.0006049432563758,0.0087604669825506,True,up_in_MD1,darkgrey,darkgrey,1.0108270563068489,2.0574727428571054,True,True,True,up_in_tested,True,PLCE1
ENSG00000184432,COPB2,coat protein complex I subunit beta 2,MD1_vs_CTR,432.0301629371372,1.0046805205564038,0.3014084111906324,3.333286276211354,0.0008582658281998,0.0110652565939005,True,up_in_MD1,whitesmoke,whitesmoke,1.0046805205564038,1.9560385106998504,True,True,True,up_in_tested,True,COPB2
ENSG00000170775,GPR37,G protein-coupled receptor 37,MD1_vs_CTR,245.2344848661133,1.00845185846195,0.3045323678429058,3.311476758957076,0.0009280494845155,0.0116751392126916,True,up_in_MD1,dimgrey,dimgrey,1.00845185846195,1.9327379322656346,True,True,True,up_in_tested,True,GPR37
ENSG00000189319,FAM53B,family with sequence similarity 53 member B,MD1_vs_CTR,220.10989474931424,1.1213434082182094,0.3420669680510287,3.2781399929002504,0.0010449355889149,0.0127279393151269,True,up_in_MD1,dimgrey,dimgrey,1.1213434082182094,1.89524190400638,True,True,True,up_in_tested,True,FAM53B
ENSG00000124733,MEA1,male-enhanced antigen 1,MD1_vs_CTR,169.6012692638392,-1.17382760535312,0.3588033218583261,-3.2715070732165823,0.0010697591252328,0.0129722202392648,True,up_in_CTR,dimgrey,dimgrey,1.17382760535312,1.8869856865882226,True,True,True,up_in_reference,True,MEA1
ENSG00000151572,ANO4,anoctamin 4,MD1_vs_CTR,122.83238055016515,1.2339623739898062,0.3797382406302466,3.2495077976392763,0.0011560490876223,0.0137129601803574,True,up_in_MD1,darkgrey,darkgrey,1.2339623739898062,1.8628687850918717,True,True,True,up_in_tested,True,ANO4
ENSG00000103043,VAC14,VAC14 component of PIKFYVE complex,MD1_vs_CTR,191.56244390468828,-1.0350350311375225,0.3214818068850379,-3.21957575505245,0.0012838043508007,0.0146403734137921,True,up_in_CTR,dimgrey,dimgrey,1.0350350311375225,1.8344478461272715,True,True,True,up_in_reference,True,VAC14
ENSG00000198000,NOL8,nucleolar protein 8,MD1_vs_CTR,239.80855922972745,-1.1242715697498904,0.3504777027765043,-3.207826235002532,0.0013374227850106,0.0150224039858234,True,up_in_CTR,dimgrey,dimgrey,1.1242715697498904,1.8232605630551355,True,True,True,up_in_reference,True,NOL8
ENSG00000105700,KXD1,KxDL motif containing 1,MD1_vs_CTR,128.8770085541345,-1.165906320707168,0.3680749410486504,-3.167578638701905,0.0015371413128802,0.0165236850554011,True,up_in_CTR,dimgrey,dimgrey,1.165906320707168,1.7818930913524906,True,True,True,up_in_reference,True,KXD1
ENSG00000118181,RPS25,ribosomal protein S25,MD1_vs_CTR,2166.427789204043,-1.2464521353365792,0.3965743751619988,-3.143047593096274,0.001671986522304,0.0175161514871931,True,up_in_CTR,dimgrey,dimgrey,1.2464521353365792,1.7565613074986635,True,True,True,up_in_reference,True,RPS25
ENSG00000166986,MARS1,methionyl-tRNA synthetase 1,MD1_vs_CTR,183.27122654518007,-1.0497611383321024,0.3347292189895954,-3.1361502933651355,0.0017118145434017,0.0178190286845683,True,up_in_CTR,dimgrey,dimgrey,1.0497611383321024,1.7491159730504984,True,True,True,up_in_reference,True,MARS1
ENSG00000198899,MT-ATP6,ATP synthase F0 subunit 6,MD1_vs_CTR,130754.17093483049,-1.129566158521505,0.3607979050418498,-3.130744781875838,0.0017436361975584,0.0180581408734451,True,up_in_CTR,dimgrey,dimgrey,1.129566158521505,1.743326963322889,True,True,True,up_in_reference,True,MT-ATP6
ENSG00000178773,CPNE7,copine 7,MD1_vs_CTR,517.2973451717615,1.2204431604654775,0.3902788738784535,3.127105365292117,0.0017653664651611,0.0182058805721828,True,up_in_MD1,darkgrey,darkgrey,1.2204431604654775,1.739788310501461,True,True,True,up_in_tested,True,CPNE7
ENSG00000174917,MICOS13,mitochondrial contact site and cristae organizing system subunit 13,MD1_vs_CTR,434.580747904494,-1.2510410686003492,0.4004975960082457,-3.123716798975722,0.0017858224975551,0.0183091675911398,True,up_in_CTR,maroon,maroon,1.2510410686003492,1.7373314000343174,True,True,True,up_in_reference,True,MICOS13
ENSG00000163202,LCE3D,late cornified envelope 3D,MD1_vs_CTR,189.08064714698685,-1.1878043314106823,0.3810860634546975,-3.11689260069697,0.0018276814224833,0.0185749789400832,True,up_in_CTR,dimgrey,dimgrey,1.1878043314106823,1.731071669960972,True,True,True,up_in_reference,True,LCE3D
ENSG00000167371,PRRT2,proline rich transmembrane protein 2,MD1_vs_CTR,192.3592084064353,1.0718459148919046,0.352899641221356,3.037254192671707,0.0023874403403446,0.0224987305052571,True,up_in_MD1,darkgrey,darkgrey,1.0718459148919046,1.6478419863382343,True,True,True,up_in_tested,True,PRRT2
ENSG00000168488,ATXN2L,ataxin 2 like,MD1_vs_CTR,335.16161048054886,1.5870048345756975,0.5238816000628495,3.0293196676220475,0.0024510518316751,0.0229375059067816,True,up_in_MD1,darkgrey,darkgrey,1.5870048345756975,1.6394538065659139,True,True,True,up_in_tested,True,ATXN2L
ENSG00000161835,TAMALIN,trafficking regulator and scaffold protein tamalin,MD1_vs_CTR,117.2096574235184,1.0450240820602004,0.3496812616254563,2.9885046662280863,0.0028034621946855,0.0252414933276024,True,up_in_MD1,darkgrey,darkgrey,1.0450240820602004,1.5978849551033167,True,True,True,up_in_tested,True,TAMALIN
ENSG00000166106,ADAMTS15,ADAM metallopeptidase with thrombospondin type 1 motif 15,MD1_vs_CTR,141.85480379829997,1.0074305052593295,0.3400767975505037,2.962361773915844,0.0030528884920721,0.0266567652495118,True,up_in_MD1,darkgrey,darkgrey,1.0074305052593295,1.57419255257861,True,True,True,up_in_tested,True,ADAMTS15
ENSG00000004777,ARHGAP33,Rho GTPase activating protein 33,MD1_vs_CTR,132.8783948892454,1.1264686881985548,0.3816155754077589,2.951841488636608,0.0031588504280872,0.027279765442984,True,up_in_MD1,darkgrey,darkgrey,1.1264686881985548,1.564159368152497,True,True,True,up_in_tested,True,ARHGAP33
ENSG00000115457,IGFBP2,insulin like growth factor binding protein 2,MD1_vs_CTR,121.42923400025404,1.1710122556014866,0.4068802041957994,2.8780271036188587,0.0040017075606933,0.0323987454393038,True,up_in_MD1,darkgrey,darkgrey,1.1710122556014866,1.4894718064395729,True,True,True,up_in_tested,True,IGFBP2
ENSG00000083535,PIBF1,progesterone immunomodulatory binding factor 1,MD1_vs_CTR,134.78726327533732,1.094271305375154,0.3847685559370181,2.8439727947890647,0.0044554851988606,0.0354743558125866,True,up_in_MD1,snow,snow,1.094271305375154,1.4500854822574967,True,True,True,up_in_tested,True,PIBF1
ENSG00000109944,JHY,junctional cadherin complex regulator,MD1_vs_CTR,144.3039905750874,-1.024660151032415,0.3644564479433944,-2.811474887642982,0.0049314940166517,0.0379585727703539,True,up_in_CTR,dimgrey,dimgrey,1.024660151032415,1.420690125265093,True,True,True,up_in_reference,True,JHY
ENSG00000198324,PHETA1,PH domain containing endocytic trafficking adaptor 1,MD1_vs_CTR,138.87642706071807,1.0433653432521492,0.3831683751131528,2.722994409296004,0.0064693152639756,0.0455531336232141,True,up_in_MD1,darkgrey,darkgrey,1.0433653432521492,1.3414817423252279,True,True,True,up_in_tested,True,PHETA1
ENSG00000079257,LXN,latexin,MD1_vs_CTR,121.94675648262884,-1.18698772962432,0.4535471291726914,-2.617121029493642,0.0088674893627745,0.0563610441507812,False,up_in_CTR,dimgrey,dimgrey,1.18698772962432,1.2490209697017511,True,True,True,up_in_reference,True,LXN
ENSG00000288701,PRRC2B,proline rich coiled-coil 2B,MD1_vs_CTR,139.44158998607804,1.1025482314982988,0.4278938749248541,2.5766861740938123,0.0099752470740441,0.0613011983217425,False,up_in_MD1,darkgrey,darkgrey,1.1025482314982988,1.212531035768149,True,True,True,up_in_tested,True,PRRC2B
ENSG00000253710,ALG11,"ALG11 alpha-1,2-mannosyltransferase",MD1_vs_CTR,286.0953452126373,1.1350247996380411,0.484050302269174,2.344848860370856,0.0190347939123354,0.0945483585627325,False,up_in_MD1,whitesmoke,whitesmoke,1.1350247996380411,1.0243460064628929,True,True,True,up_in_tested,True,ALG11
ENSG00000100911,PSME2,proteasome activator subunit 2,MD1_vs_CTR,180.8011616870645,-1.2857534889836764,0.5558771955287541,-2.313017154374644,0.020721696003346,0.099726559516272,False,up_in_CTR,dimgrey,dimgrey,1.2857534889836764,1.001189163501295,True,True,True,up_in_reference,True,PSME2
ENSG00000099795,NDUFB7,NADH:ubiquinone oxidoreductase subunit B7,MA100_vs_MA1,950.8082955636132,1.0772433268097918,0.2052578410881212,5.24824445730826,1.5355545148496966e-07,0.0002262253173246,True,up_in_MA100,darkgrey,darkgrey,1.0772433268097918,3.6454587939326615,True,True,True,up_in_tested,True,NDUFB7
ENSG00000204673,AKT1S1,AKT1 substrate 1,MA100_vs_MA1,766.4253552792949,1.0832918400997062,0.2455415741098811,4.411846930715397,1.0249256417310192e-05,0.0047651721443051,True,up_in_MA100,darkgrey,darkgrey,1.0832918400997062,2.3219214056297712,True,True,True,up_in_tested,True,AKT1S1
ENSG00000261221,ZNF865,zinc finger protein 865,MA100_vs_MA1,308.6040485548333,1.2595112926399887,0.3080867207996311,4.088171308944961,4.347870397104999e-05,0.00906423086175,True,up_in_MA100,darkgrey,darkgrey,1.2595112926399887,2.042669041725056,True,True,True,up_in_tested,True,ZNF865
ENSG00000178988,MRFAP1L1,Morf4 family associated protein 1 like 1,MA100_vs_MA1,3528.2985317751463,1.2567892043744535,0.312973474364885,4.015641283737696,5.928437050229245e-05,0.0091876658952243,True,up_in_MA100,darkgrey,darkgrey,1.2567892043744535,2.0367948060867933,True,True,True,up_in_tested,True,MRFAP1L1
ENSG00000173641,HSPB7,heat shock protein family B (small) member 7,MA100_vs_MA1,283.1872251410313,1.0537490357015262,0.3191290431650137,3.301952793925618,0.0009601422754221,0.0462930820053514,True,up_in_MA100,darkgrey,darkgrey,1.0537490357015262,1.3344839046922283,True,True,True,up_in_tested,True,HSPB7
ENSG00000174917,MICOS13,mitochondrial contact site and cristae organizing system subunit 13,MA100_vs_MA1,434.580747904494,1.243471658652035,0.4003045599090548,3.106313999856857,0.0018943544196722,0.0638878389515384,False,up_in_MA100,maroon,maroon,1.243471658652035,1.1945818019178684,True,True,True,up_in_tested,True,MICOS13
ENSG00000129932,DOHH,deoxyhypusine hydroxylase,MA100_vs_MA1,328.38450216926884,1.3100805102730857,0.4242613149830129,3.087909418103652,0.0020156990110191,0.065274551555838,False,up_in_MA100,darkgrey,darkgrey,1.3100805102730857,1.1852561031510387,True,True,True,up_in_tested,True,DOHH
ENSG00000142227,EMP3,epithelial membrane protein 3 (MAM blood group),MA100_vs_MA1,579.3101665893267,1.2905644518332562,0.4322515799108248,2.9856789698709827,0.0028294951339175,0.0786534576906109,False,up_in_MA100,dimgrey,dimgrey,1.2905644518332562,1.1042821805684153,True,True,True,up_in_tested,True,EMP3
ENSG00000088247,KHSRP,KH-type splicing regulatory protein,MC100_vs_MC1,15337.78647521551,-1.2855794801222462,0.1644885076329434,-7.815618845488102,5.469364495578981e-15,2.8771591928993223e-11,True,up_in_MC1,dimgrey,dimgrey,1.2855794801222462,10.541036107979316,True,True,True,up_in_reference,True,KHSRP
ENSG00000040275,SPDL1,spindle apparatus coiled-coil protein 1,MC100_vs_MC1,2053.578939417958,-1.333602778835911,0.172120752109196,-7.748065021176837,9.330336438384024e-15,3.272148988941277e-11,True,up_in_MC1,dimgrey,dimgrey,1.333602778835911,10.485166930061244,True,True,True,up_in_reference,True,SPDL1
ENSG00000131747,TOP2A,DNA topoisomerase II alpha,MC100_vs_MC1,19915.70676343376,-1.186218101626831,0.1572020486653799,-7.545818338231796,4.4945619698513543e-14,8.611818738771146e-11,True,up_in_MC1,dimgrey,dimgrey,1.186218101626831,10.064905119765866,True,True,True,up_in_reference,True,TOP2A
ENSG00000177469,CAVIN1,caveolae associated protein 1,MC100_vs_MC1,37009.97493551837,-1.0604997508036502,0.1407570375856571,-7.534257391274574,4.9112168456065846e-14,8.611818738771146e-11,True,up_in_MC1,darkgrey,darkgrey,1.0604997508036502,10.064905119765866,True,True,True,up_in_reference,True,CAVIN1
ENSG00000147133,TAF1,TATA-box binding protein associated factor 1,MC100_vs_MC1,1810.470520827528,-1.4349447949389715,0.1928675066191709,-7.440054678429379,1.0064363379505393e-13,1.3351927691685587e-10,True,up_in_MC1,darkgrey,darkgrey,1.4349447949389715,9.874456028275109,True,True,True,up_in_reference,True,TAF1
ENSG00000089597,GANAB,glucosidase II alpha subunit,MC100_vs_MC1,4782.574473895875,-1.3668749323556586,0.1837468766704028,-7.438901586379068,1.0152592104693917e-13,1.3351927691685587e-10,True,up_in_MC1,darkgrey,darkgrey,1.3668749323556586,9.874456028275109,True,True,True,up_in_reference,True,GANAB
ENSG00000196396,PTPN1,protein tyrosine phosphatase non-receptor type 1,MC100_vs_MC1,3192.6985875973755,-1.165921982217528,0.1574702986306919,-7.404075513642813,1.3206726084587745e-13,1.5438662792883074e-10,True,up_in_MC1,darkgrey,darkgrey,1.165921982217528,9.81139031843173,True,True,True,up_in_reference,True,PTPN1
ENSG00000008441,NFIX,nuclear factor I X,MC100_vs_MC1,5189.545368568412,-1.247166641673517,0.174616810031837,-7.142305723292775,9.17781838762112e-13,8.778166114196526e-10,True,up_in_MC1,darkgrey,darkgrey,1.247166641673517,9.056596205013452,True,True,True,up_in_reference,True,NFIX
ENSG00000168028,RPSA,ribosomal protein SA,MC100_vs_MC1,5151.798091432949,1.1561710553794151,0.1637763195629574,7.059451930930529,1.671605886693014e-12,1.4655804611581e-09,True,up_in_MC100,dimgrey,dimgrey,1.1561710553794151,8.833990333569636,True,True,True,up_in_tested,True,RPSA
ENSG00000159674,SPON2,spondin 2,MC100_vs_MC1,16014.541907015564,-1.0307437710113203,0.1467463761865305,-7.023981087622452,2.156340096971993e-12,1.7451426277109484e-09,True,up_in_MC1,darkgrey,darkgrey,1.0307437710113203,8.758169073062088,True,True,True,up_in_reference,True,SPON2
ENSG00000156508,EEF1A1,eukaryotic translation elongation factor 1 alpha 1,MC100_vs_MC1,16866.113073630302,1.1585847993069656,0.1658163657498459,6.98715590628027,2.8051447027833466e-12,2.108066244141685e-09,True,up_in_MC100,dimgrey,dimgrey,1.1585847993069656,8.676115745920042,True,True,True,up_in_tested,True,EEF1A1
ENSG00000197958,RPL12,ribosomal protein L12,MC100_vs_MC1,5865.780702794145,1.1976997733758123,0.173864061295025,6.888713886324496,5.6299039527591614e-12,3.9488146324652765e-09,True,up_in_MC100,dimgrey,dimgrey,1.1976997733758123,8.403533252687097,True,True,True,up_in_tested,True,RPL12
ENSG00000126950,TMEM35A,transmembrane protein 35A,MC100_vs_MC1,1030.5714966558205,-1.09114933583105,0.1587718286826825,-6.872436658847044,6.311440790236871e-12,4.150166784630132e-09,True,up_in_MC1,darkgrey,darkgrey,1.09114933583105,8.381934449748377,True,True,True,up_in_reference,True,TMEM35A
ENSG00000129245,FXR2,FMR1 autosomal homolog 2,MC100_vs_MC1,1798.5498826879568,-1.1494048301949165,0.1677788510437568,-6.850713442394182,7.348258212565097e-12,4.54770733261161e-09,True,up_in_MC1,darkgrey,darkgrey,1.1494048301949165,8.342207492076124,True,True,True,up_in_reference,True,FXR2
ENSG00000125844,RRBP1,ribosome binding protein 1,MC100_vs_MC1,6798.512225881638,-1.1549875210140823,0.1701301961522485,-6.788844938381723,1.130348486128082e-11,6.606886901418639e-09,True,up_in_MC1,dimgrey,dimgrey,1.1549875210140823,8.18000312750532,True,True,True,up_in_reference,True,RRBP1
ENSG00000153140,CETN3,centrin 3,MC100_vs_MC1,3844.029671896229,-1.595903346307311,0.2356378921262344,-6.772694034507674,1.2640610010636107e-11,6.999571469573814e-09,True,up_in_MC1,dimgrey,dimgrey,1.595903346307311,8.154928547713787,True,True,True,up_in_reference,True,CETN3
ENSG00000070614,NDST1,N-deacetylase and N-sulfotransferase 1,MC100_vs_MC1,4072.772933481308,-1.1067447673895396,0.1641603930497942,-6.741850131010799,1.5638234720524586e-11,7.834755594982817e-09,True,up_in_MC1,darkgrey,darkgrey,1.1067447673895396,8.10597454679027,True,True,True,up_in_reference,True,NDST1
ENSG00000051128,HOMER3,homer scaffold protein 3,MC100_vs_MC1,1973.4069403132328,-1.251886871060611,0.1860193450540334,-6.729874630495946,1.6980933423671678e-11,7.839852364918692e-09,True,up_in_MC1,dimgrey,dimgrey,1.251886871060611,8.105692115594241,True,True,True,up_in_reference,True,HOMER3
ENSG00000122565,CBX3,chromobox 3,MC100_vs_MC1,10607.198469735378,-1.077169978268451,0.1605671716933022,-6.708531805778721,1.96592324512839e-11,8.273391384798316e-09,True,up_in_MC1,dimgrey,dimgrey,1.077169978268451,8.082316430255284,True,True,True,up_in_reference,True,CBX3
ENSG00000136295,TTYH3,tweety family member 3,MC100_vs_MC1,2235.939709130761,-1.0005151649130013,0.1503095083236417,-6.656366427323567,2.8067997800193328e-11,1.1357823263685924e-08,True,up_in_MC1,darkgrey,darkgrey,1.0005151649130013,7.9447048935503535,True,True,True,up_in_reference,True,TTYH3
ENSG00000198858,R3HDM4,R3H domain containing 4,MC100_vs_MC1,583.7583524724945,-1.649996240390872,0.2497637964723984,-6.606226617688423,3.942392600238081e-11,1.5362189832261056e-08,True,up_in_MC1,darkgrey,darkgrey,1.649996240390872,7.813546872567481,True,True,True,up_in_reference,True,R3HDM4
ENSG00000134419,RPS15A,ribosomal protein S15a,MC100_vs_MC1,4715.422853912086,1.100474963409129,0.1668797642216816,6.594418254014716,4.2692656563228156e-11,1.600329412420935e-08,True,up_in_MC100,dimgrey,dimgrey,1.100474963409129,7.79579061279926,True,True,True,up_in_tested,True,RPS15A
ENSG00000159202,UBE2Z,ubiquitin conjugating enzyme E2 Z,MC100_vs_MC1,2393.486788117661,-1.2746949346882304,0.1939620276776279,-6.571878784474354,4.9684304337537246e-11,1.6862211804362237e-08,True,up_in_MC1,dimgrey,dimgrey,1.2746949346882304,7.773085459875697,True,True,True,up_in_reference,True,UBE2Z
ENSG00000172663,TMEM134,transmembrane protein 134,MC100_vs_MC1,402.3684615533951,-1.0087216590787984,0.1583676642790846,-6.369492558159919,1.8965462159154667e-10,5.392854793958548e-08,True,up_in_MC1,darkgrey,darkgrey,1.0087216590787984,7.268181273209247,True,True,True,up_in_reference,True,TMEM134
ENSG00000061273,HDAC7,histone deacetylase 7,MC100_vs_MC1,1923.7820579082463,-1.2259536567331075,0.1930161116717667,-6.351561256284666,2.13140507634631e-10,5.9011875811156644e-08,True,up_in_MC1,dimgrey,dimgrey,1.2259536567331075,7.229060580218032,True,True,True,up_in_reference,True,HDAC7
ENSG00000114902,SPCS1,signal peptidase complex subunit 1,MC100_vs_MC1,1293.3748101234044,1.10162092183232,0.1736278801721621,6.34472367421637,2.2282502854919488e-10,6.01113365478482e-08,True,up_in_MC100,dimgrey,dimgrey,1.10162092183232,7.221043615586496,True,True,True,up_in_tested,True,SPCS1
ENSG00000011405,PIK3C2A,phosphatidylinositol-4-phosphate 3-kinase catalytic subunit type 2 alpha,MC100_vs_MC1,1098.6592081051938,-1.0693218670532325,0.1688031074390187,-6.334728567953244,2.377594628455133e-10,6.253668271494112e-08,True,up_in_MC1,darkgrey,darkgrey,1.0693218670532325,7.203865159818477,True,True,True,up_in_reference,True,PIK3C2A
ENSG00000162385,MAGOH,"mago homolog, exon junction complex subunit",MC100_vs_MC1,1381.3958217294924,-1.3528841138018428,0.2159309504327192,-6.265355249401269,3.7197639909637356e-10,9.318008797364158e-08,True,up_in_MC1,darkgrey,darkgrey,1.3528841138018428,7.0306768838593685,True,True,True,up_in_reference,True,MAGOH
ENSG00000125746,EML2,EMAP like 2,MC100_vs_MC1,1368.2402870910844,-1.9516819812735544,0.3155244701461623,-6.1855170230361685,6.18992546349826e-10,1.49857529887921e-07,True,up_in_MC1,dimgrey,dimgrey,1.9516819812735544,6.824321430185046,True,True,True,up_in_reference,True,EML2
ENSG00000100591,AHSA1,activator of HSP90 ATPase activity 1,MC100_vs_MC1,2412.307458555525,-1.115320812787543,0.1803687363575549,-6.18355949767581,6.26720969020865e-10,1.49857529887921e-07,True,up_in_MC1,darkgrey,darkgrey,1.115320812787543,6.824321430185046,True,True,True,up_in_reference,True,AHSA1
ENSG00000071243,ING3,inhibitor of growth family member 3,MC100_vs_MC1,589.3032758727222,-1.1923332969965403,0.1933273522947926,-6.1674319895429335,6.940794935048763e-10,1.5874805111227833e-07,True,up_in_MC1,whitesmoke,whitesmoke,1.1923332969965403,6.799291597666719,True,True,True,up_in_reference,True,ING3
ENSG00000164896,FASTK,Fas activated serine/threonine kinase,MC100_vs_MC1,1819.0345617286705,-1.2282712955133572,0.1994197953641585,-6.159224530696278,7.310201974055747e-10,1.63639648870299e-07,True,up_in_MC1,darkgrey,darkgrey,1.2282712955133572,6.786111461059848,True,True,True,up_in_reference,True,FASTK
ENSG00000118900,UBN1,ubinuclein 1,MC100_vs_MC1,2810.5848283756827,-1.044594182425426,0.1700313410215563,-6.143539044916395,8.070282257864281e-10,1.7689049923956278e-07,True,up_in_MC1,darkgrey,darkgrey,1.044594182425426,6.752295492351083,True,True,True,up_in_reference,True,UBN1
ENSG00000147604,RPL7,ribosomal protein L7,MC100_vs_MC1,3941.1521692283786,1.111103214271837,0.1820248196665747,6.1041302845793695,1.033619499141719e-09,2.0138353241611165e-07,True,up_in_MC100,dimgrey,dimgrey,1.111103214271837,6.695976045565984,True,True,True,up_in_tested,True,RPL7
ENSG00000107949,BCCIP,BRCA2 and CDKN1A interacting protein,MC100_vs_MC1,1416.0331215547903,-1.3189076460361522,0.2186003757683846,-6.033418933522717,1.6052653758192175e-09,2.814832836498998e-07,True,up_in_MC1,darkgrey,darkgrey,1.3189076460361522,6.550547391342546,True,True,True,up_in_reference,True,BCCIP
ENSG00000030582,GRN,granulin precursor,MC100_vs_MC1,3583.308605118453,-1.3626932178857185,0.2263182618041797,-6.021136814247802,1.7319627962947507e-09,2.987209931117553e-07,True,up_in_MC1,darkgrey,darkgrey,1.3626932178857185,6.524734255560508,True,True,True,up_in_reference,True,GRN
ENSG00000143742,SRP9,signal recognition particle 9,MC100_vs_MC1,780.4367655046071,1.240646565285644,0.2064251181050826,6.010153108664234,1.8534819714693486e-09,3.145239326101456e-07,True,up_in_MC100,dimgrey,dimgrey,1.240646565285644,6.502346302825791,True,True,True,up_in_tested,True,SRP9
ENSG00000145425,RPS3A,ribosomal protein S3A,MC100_vs_MC1,2692.310114271898,1.072213675831436,0.1795603901362007,5.971326276458504,2.3533256370793462e-09,3.868646723079968e-07,True,up_in_MC100,dimgrey,dimgrey,1.072213675831436,6.412440927353458,True,True,True,up_in_tested,True,RPS3A
ENSG00000185112,FAM43A,family with sequence similarity 43 member A,MC100_vs_MC1,1161.674475741636,-1.1086245575121394,0.1870016966185905,-5.92841978205842,3.0586376733751916e-09,4.802974173370208e-07,True,up_in_MC1,darkgrey,darkgrey,1.1086245575121394,6.318489748650016,True,True,True,up_in_reference,True,FAM43A
ENSG00000110492,MDK,midkine,MC100_vs_MC1,141.0680252097168,1.622171734856842,0.2739696389302553,5.920990884941816,3.200075985911142e-09,4.951176389378107e-07,True,up_in_MC100,dimgrey,dimgrey,1.622171734856842,6.305291601325755,True,True,True,up_in_tested,True,MDK
ENSG00000214357,NEURL1B,neuralized E3 ubiquitin protein ligase 1B,MC100_vs_MC1,1332.7426354216502,-1.1293722546938914,0.1965309166005764,-5.746537360272908,9.108951181637613e-09,1.30904529071888e-06,True,up_in_MC1,dimgrey,dimgrey,1.1293722546938914,5.883045327346095,True,True,True,up_in_reference,True,NEURL1B
ENSG00000183258,DDX41,DEAD-box helicase 41,MC100_vs_MC1,984.5409021983044,-1.0059785537141892,0.1750894237068719,-5.745512963697682,9.164273534362972e-09,1.30904529071888e-06,True,up_in_MC1,darkgrey,darkgrey,1.0059785537141892,5.883045327346095,True,True,True,up_in_reference,True,DDX41
ENSG00000184752,NDUFA12,NADH:ubiquinone oxidoreductase subunit A12,MC100_vs_MC1,1321.6918517091865,1.105952750927939,0.192516337704537,5.744721534362925,9.207238048968454e-09,1.30904529071888e-06,True,up_in_MC100,dimgrey,dimgrey,1.105952750927939,5.883045327346095,True,True,True,up_in_tested,True,NDUFA12
ENSG00000133895,MEN1,menin 1,MC100_vs_MC1,749.3069031515224,-1.0095147018753292,0.1761015163044248,-5.73257245627682,9.89187553331811e-09,1.3876322998138646e-06,True,up_in_MC1,darkgrey,darkgrey,1.0095147018753292,5.8577255996719595,True,True,True,up_in_reference,True,MEN1
ENSG00000221823,PPP3R1,"protein phosphatase 3 regulatory subunit B, alpha",MC100_vs_MC1,3062.3240925092723,-1.0126852832338222,0.1772721018990309,-5.712603801643976,1.112605079684183e-08,1.5402260583364855e-06,True,up_in_MC1,darkgrey,darkgrey,1.0126852832338222,5.812415533265384,True,True,True,up_in_reference,True,PPP3R1
ENSG00000261221,ZNF865,zinc finger protein 865,MC100_vs_MC1,308.6040485548333,-1.7489688875487577,0.3072185554454595,-5.692914234990769,1.2488912922146464e-08,1.6632386437202905e-06,True,up_in_MC1,darkgrey,darkgrey,1.7489688875487577,5.7790454331525885,True,True,True,up_in_reference,True,ZNF865
ENSG00000108604,SMARCD2,SWI/SNF related BAF chromatin remodeling complex subunit D2,MC100_vs_MC1,1067.6287399806315,-1.222714266481183,0.2156434407472777,-5.670073999209357,1.427358556686294e-08,1.8539801697403084e-06,True,up_in_MC1,darkgrey,darkgrey,1.222714266481183,5.731894915401024,True,True,True,up_in_reference,True,SMARCD2
ENSG00000104805,NUCB1,nucleobindin 1,MC100_vs_MC1,1131.7984804412874,-1.0108770041160495,0.1786993415517722,-5.656859143060586,1.541681851248851e-08,1.9302291337609853e-06,True,up_in_MC1,darkgrey,darkgrey,1.0108770041160495,5.714391133675455,True,True,True,up_in_reference,True,NUCB1
ENSG00000126457,PRMT1,protein arginine methyltransferase 1,MC100_vs_MC1,4517.053443898135,-1.3708423547022386,0.2429268878030878,-5.643024397585084,1.670886579955964e-08,1.993288210448164e-06,True,up_in_MC1,darkgrey,darkgrey,1.3708423547022386,5.700429901922812,True,True,True,up_in_reference,True,PRMT1
ENSG00000157227,MMP14,matrix metallopeptidase 14,MC100_vs_MC1,7895.592003128449,-1.1917260910670493,0.2127286933897896,-5.602093784703559,2.117779109990004e-08,2.4756837795783147e-06,True,up_in_MC1,dimgrey,dimgrey,1.1917260910670493,5.606304828777374,True,True,True,up_in_reference,True,MMP14
ENSG00000197632,SERPINB2,serpin family B member 2,MC100_vs_MC1,1916.606781138084,1.1028547499141603,0.1981719814418828,5.565139642293935,2.6194256160023544e-08,2.931806053825614e-06,True,up_in_MC100,dimgrey,dimgrey,1.1028547499141603,5.532864762727794,True,True,True,up_in_tested,True,SERPINB2
ENSG00000111875,ASF1A,anti-silencing function 1A histone chaperone,MC100_vs_MC1,194.092920218486,1.3957633553923032,0.2513529608351347,5.5530014476646645,2.80805748998602e-08,3.10984977390978e-06,True,up_in_MC100,dimgrey,dimgrey,1.3957633553923032,5.507260589731302,True,True,True,up_in_tested,True,ASF1A
ENSG00000182742,HOXB4,homeobox B4,MC100_vs_MC1,470.7151990069973,-1.3682415160413397,0.247283670981926,-5.533084779145584,3.146472895763945e-08,3.3779634016665783e-06,True,up_in_MC1,dimgrey,dimgrey,1.3682415160413397,5.47134506007595,True,True,True,up_in_reference,True,HOXB4
ENSG00000175137,SH3BP5L,SH3 binding domain protein 5 like,MC100_vs_MC1,2125.0655426842804,-1.8599051347007176,0.3364738385385885,-5.527636688721088,3.2457332483648855e-08,3.4493292430350456e-06,True,up_in_MC1,darkgrey,darkgrey,1.8599051347007176,5.462265349671783,True,True,True,up_in_reference,True,SH3BP5L
ENSG00000241685,ARPC1A,actin related protein 2/3 complex subunit 1A,MC100_vs_MC1,1501.9469303641542,1.0336705011440848,0.1877322408016612,5.506089400148138,3.6689226419886856e-08,3.821854962016135e-06,True,up_in_MC100,dimgrey,dimgrey,1.0336705011440848,5.417725798283427,True,True,True,up_in_tested,True,ARPC1A
ENSG00000124532,MRS2,magnesium transporter MRS2,MC100_vs_MC1,204.4212417774037,1.3238735245301672,0.2420019834937217,5.470506916586955,4.487501925990765e-08,4.5837871614901775e-06,True,up_in_MC100,dimgrey,dimgrey,1.3238735245301672,5.338775556122761,True,True,True,up_in_tested,True,MRS2
ENSG00000196712,NF1,neurofibromin 1,MC100_vs_MC1,660.1720533829534,-1.4683346565189728,0.268815621420644,-5.462237085624259,4.7017156722888033e-08,4.756418325783701e-06,True,up_in_MC1,whitesmoke,whitesmoke,1.4683346565189728,5.3227199562842,True,True,True,up_in_reference,True,NF1
ENSG00000161800,RACGAP1,Rac GTPase activating protein 1,MC100_vs_MC1,514.9711910176212,1.1138391250980633,0.2045807069939939,5.444497389144144,5.195186601876208e-08,5.156467758333923e-06,True,up_in_MC100,dimgrey,dimgrey,1.1138391250980633,5.2876476934037635,True,True,True,up_in_tested,True,RACGAP1
ENSG00000147669,POLR2K,"RNA polymerase II, I and III subunit K",MC100_vs_MC1,729.976972005693,1.0561694299368012,0.1947108868145138,5.424295719750551,5.818348781896145e-08,5.675513908986585e-06,True,up_in_MC100,dimgrey,dimgrey,1.0561694299368012,5.24599480766222,True,True,True,up_in_tested,True,POLR2K
ENSG00000276043,UHRF1,ubiquitin like with PHD and ring finger domains 1,MC100_vs_MC1,378.2215873889307,1.329476910117889,0.2457050628872621,5.410864939026097,6.27210645299454e-08,6.054021283665647e-06,True,up_in_MC100,dimgrey,dimgrey,1.329476910117889,5.217956056560434,True,True,True,up_in_tested,True,UHRF1
ENSG00000008256,CYTH3,cytohesin 3,MC100_vs_MC1,716.390764839408,-1.0522866175959886,0.195172219916782,-5.391579898228677,6.984089304844068e-08,6.560678890737895e-06,True,up_in_MC1,darkgrey,darkgrey,1.0522866175959886,5.183051218056352,True,True,True,up_in_reference,True,CYTH3
ENSG00000162961,DPY30,dpy-30 histone methyltransferase complex regulatory subunit,MC100_vs_MC1,643.5057256596514,1.2453941682231862,0.2320417965630465,5.36711138540426,8.000765076082802e-08,7.319656466562362e-06,True,up_in_MC100,dimgrey,dimgrey,1.2453941682231862,5.135509301206271,True,True,True,up_in_tested,True,DPY30
ENSG00000167766,ZNF83,zinc finger protein 83,MC100_vs_MC1,202.31260105007485,1.5542438313487874,0.2915592422874783,5.330799391419388,9.778138630994969e-08,8.572983044724838e-06,True,up_in_MC100,dimgrey,dimgrey,1.5542438313487874,5.066868035201264,True,True,True,up_in_tested,True,ZNF83
ENSG00000105438,KDELR1,KDEL endoplasmic reticulum protein retention receptor 1,MC100_vs_MC1,13986.45961441994,-1.2196938252870837,0.2303864430673327,-5.294121516215327,1.195898949536742e-07,1.0073991552607372e-05,True,up_in_MC1,darkgrey,darkgrey,1.2196938252870837,4.996798417649197,True,True,True,up_in_reference,True,KDELR1
ENSG00000177954,RPS27,ribosomal protein S27,MC100_vs_MC1,11551.1786704713,1.1778304043886614,0.222779745940108,5.28697256305027,1.2435728323661993e-07,1.0307254912602872e-05,True,up_in_MC100,dimgrey,dimgrey,1.1778304043886614,4.986856983120795,True,True,True,up_in_tested,True,RPS27
ENSG00000130513,GDF15,growth differentiation factor 15,MC100_vs_MC1,1647.6561811402298,-1.3290912125621688,0.2515746387423921,-5.283089023624253,1.2702362617383838e-07,1.0440746648241823e-05,True,up_in_MC1,dimgrey,dimgrey,1.3290912125621688,4.98126844255823,True,True,True,up_in_reference,True,GDF15
ENSG00000168056,LTBP3,latent transforming growth factor beta binding protein 3,MC100_vs_MC1,337.2366976661802,-1.402800568716957,0.2675783164149877,-5.242579396984285,1.583472176388675e-07,1.2620993005897917e-05,True,up_in_MC1,darkgrey,darkgrey,1.402800568716957,4.898906473933715,True,True,True,up_in_reference,True,LTBP3
ENSG00000186577,SMIM29,small integral membrane protein 29,MC100_vs_MC1,1483.3742066153854,-1.0814728827142583,0.2071488227732088,-5.220753216146822,1.7819687216556188e-07,1.378536244157262e-05,True,up_in_MC1,dimgrey,dimgrey,1.0814728827142583,4.860581811037661,True,True,True,up_in_reference,True,SMIM29
ENSG00000060491,OGFR,opioid growth factor receptor,MC100_vs_MC1,631.4279171332264,-1.12226667309649,0.2159965093669238,-5.195763007401386,2.038818612861329e-07,1.4793386638561405e-05,True,up_in_MC1,darkgrey,darkgrey,1.12226667309649,4.829932391921147,True,True,True,up_in_reference,True,OGFR
ENSG00000117118,SDHB,succinate dehydrogenase complex iron sulfur subunit B,MC100_vs_MC1,247.3453246016797,1.5447843760141926,0.2982601569763983,5.179318591106465,2.2269785698467962e-07,1.5938803764189207e-05,True,up_in_MC100,dimgrey,dimgrey,1.5447843760141926,4.797544276296657,True,True,True,up_in_tested,True,SDHB
ENSG00000107371,EXOSC3,exosome component 3,MC100_vs_MC1,385.962162954216,1.1978434465102907,0.2321559680284684,5.159649595410804,2.4741246517388095e-07,1.7115596430006374e-05,True,up_in_MC100,dimgrey,dimgrey,1.1978434465102907,4.766607962331106,True,True,True,up_in_tested,True,EXOSC3
ENSG00000009830,POMT2,protein O-mannosyltransferase 2,MC100_vs_MC1,1252.701154644196,-1.0054179959389318,0.1949041061753045,-5.158526496279245,2.489008890591175e-07,1.7115596430006374e-05,True,up_in_MC1,darkgrey,darkgrey,1.0054179959389318,4.766607962331106,True,True,True,up_in_reference,True,POMT2
ENSG00000107679,PLEKHA1,pleckstrin homology domain containing A1,MC100_vs_MC1,222.9969968049816,-1.0810621034970025,0.2097297028719962,-5.154549349439572,2.542416016262788e-07,1.7369323965649862e-05,True,up_in_MC1,darkgrey,darkgrey,1.0810621034970025,4.760217084471805,True,True,True,up_in_reference,True,PLEKHA1
ENSG00000167110,GOLGA2,golgin A2,MC100_vs_MC1,3611.047103452429,-1.3458549660776091,0.2615023475041106,-5.146626708796384,2.652123447352928e-07,1.7772605598471434e-05,True,up_in_MC1,dimgrey,dimgrey,1.3458549660776091,4.750248896669443,True,True,True,up_in_reference,True,GOLGA2
ENSG00000142459,EVI5L,ecotropic viral integration site 5 like,MC100_vs_MC1,457.2935012774855,-1.0502525317646552,0.2046291510558006,-5.132467814804451,2.859676406051243e-07,1.8804159667540702e-05,True,up_in_MC1,darkgrey,darkgrey,1.0502525317646552,4.725746069840865,True,True,True,up_in_reference,True,EVI5L
ENSG00000198909,MAP3K3,mitogen-activated protein kinase kinase kinase 3,MC100_vs_MC1,816.793001638723,-1.1701757538046893,0.2282392195536224,-5.126970535972099,2.944415747656915e-07,1.9122344494505185e-05,True,up_in_MC1,darkgrey,darkgrey,1.1701757538046893,4.718458862132845,True,True,True,up_in_reference,True,MAP3K3
ENSG00000149503,INCENP,inner centromere protein,MC100_vs_MC1,667.7836607626035,-1.103701171371074,0.2154458298497694,-5.122870895856679,3.0091839651305175e-07,1.918907850433916e-05,True,up_in_MC1,darkgrey,darkgrey,1.103701171371074,4.716945880402081,True,True,True,up_in_reference,True,INCENP
ENSG00000177352,CCDC71,coiled-coil domain containing 71,MC100_vs_MC1,392.607028149228,-1.5508025165374524,0.3027471472478881,-5.122434779765774,3.0161543583728337e-07,1.918907850433916e-05,True,up_in_MC1,dimgrey,dimgrey,1.5508025165374524,4.716945880402081,True,True,True,up_in_reference,True,CCDC71
ENSG00000125755,SYMPK,symplekin scaffold protein,MC100_vs_MC1,1656.887511513641,-1.4062162834742271,0.2746202158303438,-5.120585457346543,3.045885476879231e-07,1.918907850433916e-05,True,up_in_MC1,dimgrey,dimgrey,1.4062162834742271,4.716945880402081,True,True,True,up_in_reference,True,SYMPK
ENSG00000117362,APH1A,aph-1A gamma-secretase subunit,MC100_vs_MC1,6307.511945113052,-1.3897299813453456,0.2716496083146494,-5.115891717891356,3.122621702349644e-07,1.943970587598852e-05,True,up_in_MC1,darkgrey,darkgrey,1.3897299813453456,4.711310310263731,True,True,True,up_in_reference,True,APH1A
ENSG00000242485,MRPL20,mitochondrial ribosomal protein L20,MC100_vs_MC1,385.0591965268712,1.4996129257376118,0.2960127569739357,5.066041548573039,4.0617329909722646e-07,2.3873459663697865e-05,True,up_in_MC100,dimgrey,dimgrey,1.4996129257376118,4.622084639896541,True,True,True,up_in_tested,True,MRPL20
ENSG00000099817,POLR2E,"RNA polymerase II, I and III subunit E",MC100_vs_MC1,6455.819073952726,-1.214753618784699,0.2414609531915908,-5.030849098905174,4.88312378768206e-07,2.7327311367129228e-05,True,up_in_MC1,dimgrey,dimgrey,1.214753618784699,4.563403094829789,True,True,True,up_in_reference,True,POLR2E
ENSG00000168476,REEP4,receptor accessory protein 4,MC100_vs_MC1,1033.31232102546,-1.0681837753114083,0.2128975967202658,-5.017359480647099,5.238649120385367e-07,2.885645413380861e-05,True,up_in_MC1,darkgrey,darkgrey,1.0681837753114083,4.539757035845808,True,True,True,up_in_reference,True,REEP4
ENSG00000105221,AKT2,AKT serine/threonine kinase 2,MC100_vs_MC1,8758.020862402953,-1.0408852312805636,0.2085365212231917,-4.991381006910194,5.994911052839796e-07,3.2511576900478094e-05,True,up_in_MC1,darkgrey,darkgrey,1.0408852312805636,4.487961965521788,True,True,True,up_in_reference,True,AKT2
ENSG00000183779,ZNF703,zinc finger protein 703,MC100_vs_MC1,1408.525175022614,-1.341160399288187,0.2690177128029963,-4.985398118637374,6.18343558549185e-07,3.319179887497947e-05,True,up_in_MC1,darkgrey,darkgrey,1.341160399288187,4.478969209769564,True,True,True,up_in_reference,True,ZNF703
ENSG00000129473,BCL2L2,BCL2 like 2,MC100_vs_MC1,388.0441848468604,1.0924517730950918,0.2193501220806578,4.980401937927272,6.345234856494867e-07,3.388741925136168e-05,True,up_in_MC100,dimgrey,dimgrey,1.0924517730950918,4.4699615042688485,True,True,True,up_in_tested,True,BCL2L2
ENSG00000100241,SBF1,SET binding factor 1,MC100_vs_MC1,1328.8732079127758,-1.3579197916106474,0.2734302103230044,-4.96623906336659,6.826379685142619e-07,3.550668917256162e-05,True,up_in_MC1,darkgrey,darkgrey,1.3579197916106474,4.449689821675358,True,True,True,up_in_reference,True,SBF1
ENSG00000115457,IGFBP2,insulin like growth factor binding protein 2,MC100_vs_MC1,121.42923400025404,-2.045065736706289,0.4118514120180624,-4.965542613258295,6.850924723914084e-07,3.550668917256162e-05,True,up_in_MC1,darkgrey,darkgrey,2.045065736706289,4.449689821675358,True,True,True,up_in_reference,True,IGFBP2
ENSG00000136942,RPL35,ribosomal protein L35,MC100_vs_MC1,5844.320634453307,1.2372483612064873,0.2514165151290272,4.921110136983365,8.605468376199767e-07,4.139253683953669e-05,True,up_in_MC100,dimgrey,dimgrey,1.2372483612064873,4.383077956018899,True,True,True,up_in_tested,True,RPL35
ENSG00000140545,MFGE8,milk fat globule EGF and factor V/VIII domain containing,MC100_vs_MC1,4805.116161781596,-1.242514695031298,0.2524990270850413,-4.920869238093423,8.616068404009633e-07,4.139253683953669e-05,True,up_in_MC1,darkgrey,darkgrey,1.242514695031298,4.383077956018899,True,True,True,up_in_reference,True,MFGE8
ENSG00000166851,PLK1,polo like kinase 1,MC100_vs_MC1,218.0449226217017,1.637961274904281,0.333325346208305,4.9140015709476526,8.923603388665765e-07,4.229064470817681e-05,True,up_in_MC100,dimgrey,dimgrey,1.637961274904281,4.3737556941136955,True,True,True,up_in_tested,True,PLK1
ENSG00000101311,FERMT1,FERM domain containing kindlin 1,MC100_vs_MC1,352.49304145353864,-1.096882665885737,0.2235217327637207,-4.907275244887368,9.23503886395193e-07,4.357033358190057e-05,True,up_in_MC1,darkgrey,darkgrey,1.096882665885737,4.360809115018937,True,True,True,up_in_reference,True,FERMT1
ENSG00000153989,NUS1,NUS1 dehydrodolichyl diphosphate synthase subunit,MC100_vs_MC1,315.92169086894773,1.024516709259165,0.2094509611818496,4.891439521108993,1.001011529643227e-06,4.625955528094963e-05,True,up_in_MC100,dimgrey,dimgrey,1.024516709259165,4.334798546661767,True,True,True,up_in_tested,True,NUS1
ENSG00000140044,JDP2,Jun dimerization protein 2,MC100_vs_MC1,454.9748138955724,-1.1154351044701831,0.2293661237891866,-4.863120525572442,1.1554943826804738e-06,5.173172936247347e-05,True,up_in_MC1,darkgrey,darkgrey,1.1154351044701831,4.28624300312918,True,True,True,up_in_reference,True,JDP2
ENSG00000153037,SRP19,signal recognition particle 19,MC100_vs_MC1,594.8723222268416,1.0368458764011717,0.2138871999457697,4.84762938906143,1.2494553965427171e-06,5.5233278264814814e-05,True,up_in_MC100,dimgrey,dimgrey,1.0368458764011717,4.2577991792991,True,True,True,up_in_tested,True,SRP19
ENSG00000100316,RPL3,ribosomal protein L3,MC100_vs_MC1,6857.072216428768,1.1753038353673344,0.2429382844831423,4.837869987712412,1.3123793617425609e-06,5.696170939737466e-05,True,up_in_MC100,dimgrey,dimgrey,1.1753038353673344,4.244416986177594,True,True,True,up_in_tested,True,RPL3
ENSG00000089159,PXN,paxillin,MC100_vs_MC1,208.9056503263716,1.1465853505555126,0.2402900832538143,4.771671535626354,1.8270328417558431e-06,7.65825200323236e-05,True,up_in_MC100,dimgrey,dimgrey,1.1465853505555126,4.115870346814065,True,True,True,up_in_tested,True,PXN
ENSG00000140740,UQCRC2,ubiquinol-cytochrome c reductase core protein 2,MC100_vs_MC1,159.4731268534794,1.730817863545814,0.3652643845147453,4.738534434024302,2.152694527726808e-06,8.611596625936786e-05,True,up_in_MC100,dimgrey,dimgrey,1.730817863545814,4.064916321072493,True,True,True,up_in_tested,True,UQCRC2
ENSG00000178988,MRFAP1L1,Morf4 family associated protein 1 like 1,MC100_vs_MC1,3528.2985317751463,-1.4810852148861915,0.3129127763858334,-4.733220650153181,2.2098503089666293e-06,8.740539511518011e-05,True,up_in_MC1,darkgrey,darkgrey,1.4810852148861915,4.05846175962604,True,True,True,up_in_reference,True,MRFAP1L1
ENSG00000140990,NDUFB10,NADH:ubiquinone oxidoreductase subunit B10,MC100_vs_MC1,504.0265842582505,1.385806065084919,0.293652931695371,4.719197104841179,2.367773152980573e-06,9.260721688664912e-05,True,up_in_MC100,dimgrey,dimgrey,1.385806065084919,4.033355167401017,True,True,True,up_in_tested,True,NDUFB10
ENSG00000042493,CAPG,"capping actin protein, gelsolin like",MC100_vs_MC1,694.3113759846407,-1.0270362765439411,0.2179310002458,-4.712667199184914,2.444953233959992e-06,9.492012167709622e-05,True,up_in_MC1,darkgrey,darkgrey,1.0270362765439411,4.022641713736856,True,True,True,up_in_reference,True,CAPG
ENSG00000163399,ATP1A1,ATPase Na+/K+ transporting subunit alpha 1,MC100_vs_MC1,177.05510948838207,-1.483024282658931,0.3147870970789623,-4.711197810903043,2.4626505559138177e-06,9.525568565724e-05,True,up_in_MC1,darkgrey,darkgrey,1.483024282658931,4.021109092546085,True,True,True,up_in_reference,True,ATP1A1
ENSG00000169221,TBC1D10B,TBC1 domain family member 10B,MC100_vs_MC1,193.04691459752613,1.3492822133492717,0.2866738616743576,4.706680286331671,2.5178331683263096e-06,9.632771914167674e-05,True,up_in_MC100,dimgrey,dimgrey,1.3492822133492717,4.016248722864578,True,True,True,up_in_tested,True,TBC1D10B
ENSG00000108344,PSMD3,"proteasome 26S subunit, non-ATPase 3",MC100_vs_MC1,4453.261229979037,-1.425418107477337,0.3029188966662444,-4.705609729748423,2.531083180634449e-06,9.648379037483712e-05,True,up_in_MC1,dimgrey,dimgrey,1.425418107477337,4.01554564356896,True,True,True,up_in_reference,True,PSMD3
ENSG00000143537,ADAM15,ADAM metallopeptidase domain 15,MC100_vs_MC1,665.6366690283062,-1.6806270849317664,0.3589653583914708,-4.68186426808058,2.842776937608183e-06,0.0001068173434306,True,up_in_MC1,dimgrey,dimgrey,1.6806270849317664,3.971358227226064,True,True,True,up_in_reference,True,ADAM15
ENSG00000109971,HSPA8,heat shock protein family A (Hsp70) member 8,MC100_vs_MC1,6836.42453291867,1.1408357587170714,0.2439044580778712,4.677387890765151,2.905523300646893e-06,0.0001087865147548,True,up_in_MC100,dimgrey,dimgrey,1.1408357587170714,3.9634249367201404,True,True,True,up_in_tested,True,HSPA8
ENSG00000150779,TIMM8B,translocase of inner mitochondrial membrane 8 homolog B,MC100_vs_MC1,573.3507255463115,1.2698623100115267,0.2715889433161192,4.675677494475374,2.929847405519609e-06,0.0001093082430974,True,up_in_MC100,dimgrey,dimgrey,1.2698623100115267,3.9613470860216857,True,True,True,up_in_tested,True,TIMM8B
ENSG00000160310,PRMT2,protein arginine methyltransferase 2,MC100_vs_MC1,3602.5641584924574,-1.056813300693628,0.2265536602996328,-4.664737260461471,3.090116092424025e-06,0.0001124951951847,True,up_in_MC1,dimgrey,dimgrey,1.056813300693628,3.9488660264355846,True,True,True,up_in_reference,True,PRMT2
ENSG00000137094,DNAJB5,DnaJ heat shock protein family (Hsp40) member B5,MC100_vs_MC1,287.27327789789564,-1.2123312118378224,0.2606357475284709,-4.651438735223347,3.296272051173059e-06,0.0001187673912684,True,up_in_MC1,darkgrey,darkgrey,1.2123312118378224,3.925302782723058,True,True,True,up_in_reference,True,DNAJB5
ENSG00000113272,THG1L,tRNA-histidine guanylyltransferase 1 like,MC100_vs_MC1,541.5863350443142,-1.2067319306235704,0.2596120860333172,-4.648211680209314,3.348252147519989e-06,0.000119867593228,True,up_in_MC1,darkgrey,darkgrey,1.2067319306235704,3.9212982146040862,True,True,True,up_in_reference,True,THG1L
ENSG00000241973,PI4KA,phosphatidylinositol 4-kinase alpha,MC100_vs_MC1,304.9072737490253,1.0783786607836836,0.2320288589905968,4.647605756779529,3.358099376939217e-06,0.000119867593228,True,up_in_MC100,dimgrey,dimgrey,1.0783786607836836,3.9212982146040862,True,True,True,up_in_tested,True,PI4KA
ENSG00000147684,NDUFB9,NADH:ubiquinone oxidoreductase subunit B9,MC100_vs_MC1,299.42319835077035,1.1976928317689992,0.2577108721131487,4.647428422201562,3.360986598448036e-06,0.000119867593228,True,up_in_MC100,dimgrey,dimgrey,1.1976928317689992,3.9212982146040862,True,True,True,up_in_tested,True,NDUFB9
ENSG00000204673,AKT1S1,AKT1 substrate 1,MC100_vs_MC1,766.4253552792949,-1.135789987591648,0.2454460127024985,-4.627453406498488,3.701894803217802e-06,0.0001311368189382,True,up_in_MC1,darkgrey,darkgrey,1.135789987591648,3.882275355474615,True,True,True,up_in_reference,True,AKT1S1
ENSG00000179218,CALR,calreticulin,MC100_vs_MC1,1752.4710872267635,-1.1584609258627985,0.2516174108507904,-4.604057095833355,4.143387881926072e-06,0.0001438699138803,True,up_in_MC1,darkgrey,darkgrey,1.1584609258627985,3.842030016361379,True,True,True,up_in_reference,True,CALR
ENSG00000179632,MAF1,MAF1 negative regulator of RNA polymerase III,MC100_vs_MC1,1759.3815924747148,-1.1947313389935144,0.2598133196869421,-4.598422207272078,4.25702612512288e-06,0.0001473295127053,True,up_in_MC1,dimgrey,dimgrey,1.1947313389935144,3.831710247582245,True,True,True,up_in_reference,True,MAF1
ENSG00000171365,CLCN5,Cl-/H+ antiporter 5,MC100_vs_MC1,135.34269033712926,-1.2141274115270904,0.2641253777192311,-4.5967843832777175,4.290612213803469e-06,0.0001476586952412,True,up_in_MC1,darkgrey,darkgrey,1.2141274115270904,3.8307409734596094,True,True,True,up_in_reference,True,CLCN5
ENSG00000180817,PPA1,inorganic pyrophosphatase 1,MC100_vs_MC1,722.3561684103694,1.1093918045633822,0.2418513401445465,4.587081485264194,4.494852783933145e-06,0.000152058990803,True,up_in_MC100,dimgrey,dimgrey,1.1093918045633822,3.8179878961992766,True,True,True,up_in_tested,True,PPA1
ENSG00000158710,TAGLN2,transgelin 2,MC100_vs_MC1,14405.19257537226,-1.366918481821997,0.2983443342682976,-4.581680711900977,4.612537677893301e-06,0.0001547687996717,True,up_in_MC1,darkgrey,darkgrey,1.366918481821997,3.8103165856177847,True,True,True,up_in_reference,True,TAGLN2
ENSG00000100764,PSMC1,"proteasome 26S subunit, ATPase 1",MC100_vs_MC1,3169.6019199690804,-1.6096496794975392,0.3514262280447921,-4.5803345084772,4.642328301622137e-06,0.0001550537652741,True,up_in_MC1,darkgrey,darkgrey,1.6096496794975392,3.8095176830357516,True,True,True,up_in_reference,True,PSMC1
ENSG00000136280,CCM2,CCM2 scaffold protein,MC100_vs_MC1,772.9640708469184,-1.0339250074317543,0.2267602520170435,-4.559551324515389,5.1263027476342975e-06,0.0001685432225245,True,up_in_MC1,darkgrey,darkgrey,1.0339250074317543,3.7732887066813694,True,True,True,up_in_reference,True,CCM2
ENSG00000131116,ZNF428,zinc finger protein 428,MC100_vs_MC1,2929.543260658651,-1.5990353603214071,0.3508695510612468,-4.557350033609168,5.1803052759414025e-06,0.000169788136474,True,up_in_MC1,dimgrey,dimgrey,1.5990353603214071,3.7700926582844945,True,True,True,up_in_reference,True,ZNF428
ENSG00000124733,MEA1,male-enhanced antigen 1,MC100_vs_MC1,169.6012692638392,1.6172594928635562,0.3552885418319986,4.551960737389307,5.3148255689176254e-06,0.0001725841969462,True,up_in_MC100,dimgrey,dimgrey,1.6172594928635562,3.762998973935259,True,True,True,up_in_tested,True,MEA1
ENSG00000167815,PRDX2,peroxiredoxin 2,MC100_vs_MC1,75.68570742284959,1.8973172618905128,0.4174747319873251,4.544747541626344,5.500113553877826e-06,0.0001764228496961,True,up_in_MC100,dimgrey,dimgrey,1.8973172618905128,3.753445167195851,True,True,True,up_in_tested,True,PRDX2
ENSG00000247596,TWF2,twinfilin actin binding protein 2,MC100_vs_MC1,1349.4060789243836,-1.4430557610517916,0.3179241293334142,-4.538994143280099,5.652320578724779e-06,0.0001807539963792,True,up_in_MC1,dimgrey,dimgrey,1.4430557610517916,3.7429120918965166,True,True,True,up_in_reference,True,TWF2
ENSG00000168488,ATXN2L,ataxin 2 like,MC100_vs_MC1,335.16161048054886,-2.3856894966910587,0.5259446915069972,-4.5360083202956325,5.732891933229988e-06,0.000182347440325,True,up_in_MC1,darkgrey,darkgrey,2.3856894966910587,3.739100328651435,True,True,True,up_in_reference,True,ATXN2L
ENSG00000197728,RPS26,ribosomal protein S26,MC100_vs_MC1,3114.866793294156,1.1340766613408262,0.2518341479357018,4.503268006491234,6.691640911213644e-06,0.0002089102493379,True,up_in_MC100,dimgrey,dimgrey,1.1340766613408262,3.680040252591733,True,True,True,up_in_tested,True,RPS26
ENSG00000069399,BCL3,BCL3 transcription coactivator,MC100_vs_MC1,580.1478577920324,-1.0397988898566588,0.2312500858328465,-4.496425962878354,6.910522691643073e-06,0.0002125895006981,True,up_in_MC1,dimgrey,dimgrey,1.0397988898566588,3.6724581880793066,True,True,True,up_in_reference,True,BCL3
ENSG00000141873,SLC39A3,solute carrier family 39 member 3,MC100_vs_MC1,440.8389826054368,-1.0320432075634745,0.2296841842440906,-4.493314204284518,7.012320283660902e-06,0.000215092191558,True,up_in_MC1,darkgrey,darkgrey,1.0320432075634745,3.667375355418332,True,True,True,up_in_reference,True,SLC39A3
ENSG00000104859,CLASRP,CLK4 associating serine/arginine rich protein,MC100_vs_MC1,376.0850400536429,-1.2843656645707735,0.286201951454644,-4.4876202207667815,7.202317096001329e-06,0.0002190045611763,True,up_in_MC1,darkgrey,darkgrey,1.2843656645707735,3.65954684007737,True,True,True,up_in_reference,True,CLASRP
ENSG00000149273,RPS3,ribosomal protein S3,MC100_vs_MC1,30690.935574507068,-1.040733018591592,0.2325635826143926,-4.4750472403807215,7.639442004176464e-06,0.0002316270009393,True,up_in_MC1,dimgrey,dimgrey,1.040733018591592,3.635210815948737,True,True,True,up_in_reference,True,RPS3
ENSG00000142669,SH3BGRL3,SH3 domain binding glutamate rich protein like 3,MC100_vs_MC1,685.4599914669822,1.5432611496527824,0.3449580664218213,4.473764494510046,7.685438700173153e-06,0.0002316862480358,True,up_in_MC100,dimgrey,dimgrey,1.5432611496527824,3.635099743419402,True,True,True,up_in_tested,True,SH3BGRL3
ENSG00000013392,RWDD2A,RWD domain containing 2A,MC100_vs_MC1,46.24828893173629,2.1567952502497425,0.4830533883279976,4.464921067451988,8.009827587958804e-06,0.0002394073751503,True,up_in_MC100,dimgrey,dimgrey,2.1567952502497425,3.620862474908127,True,True,True,up_in_tested,True,RWDD2A
ENSG00000249222,ATP5MGL,ATP synthase membrane subunit g like,MC100_vs_MC1,158.05620967076018,-1.1149341773867754,0.2505459765863717,-4.450018286373957,8.586297814750299e-06,0.0002516335356796,True,up_in_MC1,dimgrey,dimgrey,1.1149341773867754,3.5992314801184855,True,True,True,up_in_reference,True,ATP5MGL
ENSG00000184281,TSSC4,tumor suppressing subtransferable candidate 4,MC100_vs_MC1,561.7381057464831,-1.1134792829272029,0.2505975833341916,-4.443296172741978,8.859108181109263e-06,0.0002581902414777,True,up_in_MC1,darkgrey,darkgrey,1.1134792829272029,3.5880601762929762,True,True,True,up_in_reference,True,TSSC4
ENSG00000108262,GIT1,GIT ArfGAP 1,MC100_vs_MC1,468.4329685193432,-1.3093971037025276,0.2959645136900528,-4.424169260622192,9.681409623515464e-06,0.0002783008487677,True,up_in_MC1,dimgrey,dimgrey,1.3093971037025276,3.55548546914362,True,True,True,up_in_reference,True,GIT1
ENSG00000162341,TPCN2,two pore segment channel 2,MC100_vs_MC1,228.7436390542031,-1.2948172589096714,0.2932954983066369,-4.414719170206818,1.0114120110252771e-05,0.0002891593958694,True,up_in_MC1,darkgrey,darkgrey,1.2948172589096714,3.5388626912803733,True,True,True,up_in_reference,True,TPCN2
ENSG00000103257,SLC7A5,solute carrier family 7 member 5,MC100_vs_MC1,447.7146941646976,-1.03199804426104,0.2342916159880459,-4.40475874439184,1.0590167040142366e-05,0.0002963275197588,True,up_in_MC1,dimgrey,dimgrey,1.03199804426104,3.5282280139792794,True,True,True,up_in_reference,True,SLC7A5
ENSG00000178980,SELENOW,selenoprotein W,MC100_vs_MC1,3458.6560784447006,-1.053552548819772,0.2397859299751546,-4.39372130353493,1.1142664689361568e-05,0.0003085051978862,True,up_in_MC1,darkgrey,darkgrey,1.053552548819772,3.5107375143073134,True,True,True,up_in_reference,True,SELENOW
ENSG00000256060,TRAPPC2B,trafficking protein particle complex subunit 2B,MC100_vs_MC1,125.01041266427644,1.5299690603677678,0.3512611433511393,4.355645619584883,1.3267527876702316e-05,0.0003516061984654,True,up_in_MC100,dimgrey,dimgrey,1.5299690603677678,3.453943477353695,True,True,True,up_in_tested,True,TRAPPC2B
ENSG00000128228,SDF2L1,stromal cell derived factor 2 like 1,MC100_vs_MC1,1563.01844805585,-1.192988183908218,0.274614922679478,-4.34422198279675,1.397701278594212e-05,0.0003632133036304,True,up_in_MC1,darkgrey,darkgrey,1.192988183908218,3.4398382526964943,True,True,True,up_in_reference,True,SDF2L1
ENSG00000188229,TUBB4B,tubulin beta 4B class IVb,MC100_vs_MC1,755.9365394592284,1.397941043635898,0.3218382178295903,4.3436141706952025,1.4015758411607067e-05,0.0003632133036304,True,up_in_MC100,dimgrey,dimgrey,1.397941043635898,3.4398382526964943,True,True,True,up_in_tested,True,TUBB4B
ENSG00000204227,RING1,ring finger protein 1,MC100_vs_MC1,62.11244205462672,1.7898863170502808,0.4131125796769644,4.332684128016368,1.4730237757716883e-05,0.0003770725826008,True,up_in_MC100,dimgrey,dimgrey,1.7898863170502808,3.4235750445184436,True,True,True,up_in_tested,True,RING1
ENSG00000197061,H4C3,H4 clustered histone 3,MC100_vs_MC1,6293.7438573169775,-1.7199967306514805,0.397227212068366,-4.3300073066380325,1.4910439440598217e-05,0.0003795886118523,True,up_in_MC1,darkgrey,darkgrey,1.7199967306514805,3.420686825443625,True,True,True,up_in_reference,True,H4C3
ENSG00000161999,JMJD8,jumonji domain containing 8,MC100_vs_MC1,338.8918218818049,-1.208420672544699,0.2808964374870534,-4.302014946702182,1.692518912159587e-05,0.0004165941817363,True,up_in_MC1,darkgrey,darkgrey,1.208420672544699,3.380286799816656,True,True,True,up_in_reference,True,JMJD8
ENSG00000167543,TP53I13,tumor protein p53 inducible protein 13,MC100_vs_MC1,377.76722296601423,-1.1941109258856983,0.2786300799892797,-4.285649725728256,1.822058823545495e-05,0.0004406869168395,True,up_in_MC1,darkgrey,darkgrey,1.1941109258856983,3.3558698426799003,True,True,True,up_in_reference,True,TP53I13
ENSG00000002746,HECW1,"HECT, C2 and WW domain containing E3 ubiquitin protein ligase 1",MC100_vs_MC1,25.931328160566043,4.301554210704456,1.0073905109426873,4.269996752976345,1.954758132597935e-05,0.0004684740390219,True,up_in_MC100,maroon,maroon,4.301554210704456,3.3293144709916302,True,True,True,up_in_tested,True,HECW1
ENSG00000108094,CUL2,cullin 2,MC100_vs_MC1,286.5110869171336,1.0811405347378684,0.2538053975715483,4.259722389997999,2.046809604208013e-05,0.0004839209853005,True,up_in_MC100,dimgrey,dimgrey,1.0811405347378684,3.315225544242699,True,True,True,up_in_tested,True,CUL2
ENSG00000161835,TAMALIN,trafficking regulator and scaffold protein tamalin,MC100_vs_MC1,117.2096574235184,-1.4999803217786216,0.3522728545136526,-4.258007117379203,2.0625738389074524e-05,0.000484416375861,True,up_in_MC1,darkgrey,darkgrey,1.4999803217786216,3.3147811838075643,True,True,True,up_in_reference,True,TAMALIN
ENSG00000173915,ATP5MK,ATP synthase membrane subunit k,MC100_vs_MC1,2813.074544077688,1.1640706574412814,0.2733849171669595,4.257991514324725,2.062717768137477e-05,0.000484416375861,True,up_in_MC100,dimgrey,dimgrey,1.1640706574412814,3.3147811838075643,True,True,True,up_in_tested,True,ATP5MK
ENSG00000136840,ST6GALNAC4,"ST6 N-acetylgalactosaminide alpha-2,6-sialyltransferase 4",MC100_vs_MC1,257.1685038936168,-1.015093956203034,0.2385098179453216,-4.2559839462698505,2.0813164142094863e-05,0.0004866117776421,True,up_in_MC1,darkgrey,darkgrey,1.015093956203034,3.312817383890458,True,True,True,up_in_reference,True,ST6GALNAC4
ENSG00000125863,MKKS,MKKS centrosomal shuttling protein,MC100_vs_MC1,119.9282570669081,1.6497694278402373,0.3907552301588795,4.222002165318293,2.4214178321091145e-05,0.0005562387993803,True,up_in_MC100,dimgrey,dimgrey,1.6497694278402373,3.2547387210290877,True,True,True,up_in_tested,True,MKKS
ENSG00000164751,PEX2,peroxisomal biogenesis factor 2,MC100_vs_MC1,178.94889793521176,1.31505558829078,0.311936959392483,4.215773568005324,2.4892342968762736e-05,0.0005686314762245,True,up_in_MC100,dimgrey,dimgrey,1.31505558829078,3.2451691038923953,True,True,True,up_in_tested,True,PEX2
ENSG00000103043,VAC14,VAC14 component of PIKFYVE complex,MC100_vs_MC1,191.56244390468828,1.3513420621894376,0.3206496359915208,4.214388262162792,2.504561095386607e-05,0.0005703568676312,True,up_in_MC100,dimgrey,dimgrey,1.3513420621894376,3.243853324772668,True,True,True,up_in_tested,True,VAC14
ENSG00000154146,NRGN,neurogranin,MC100_vs_MC1,595.2794583062146,-1.130247500836686,0.2690944347103201,-4.20018906022117,2.6669219299509265e-05,0.000599544564637,True,up_in_MC1,darkgrey,darkgrey,1.130247500836686,3.222178529901891,True,True,True,up_in_reference,True,NRGN
ENSG00000244694,PTCHD4,patched domain containing 4,MC100_vs_MC1,28.914509347761875,3.1864355457948856,0.7617785006207922,4.182889833722244,2.878268865226049e-05,0.0006321976353036,True,up_in_MC100,maroon,maroon,3.1864355457948856,3.199147132945219,True,True,True,up_in_tested,True,PTCHD4
ENSG00000072134,EPN2,epsin 2,MC100_vs_MC1,244.3916648848151,-1.4826392273020796,0.3569026581221477,-4.154183762886562,3.2645075089977e-05,0.0006954836538962,True,up_in_MC1,whitesmoke,whitesmoke,1.4826392273020796,3.1577130728697855,True,True,True,up_in_reference,True,EPN2
ENSG00000173465,ZNRD2,zinc ribbon domain containing 2,MC100_vs_MC1,340.2739195744553,1.0769635742503765,0.2607299812529683,4.130570520025745,3.618640668553141e-05,0.0007488941328418,True,up_in_MC100,dimgrey,dimgrey,1.0769635742503765,3.1255795718496207,True,True,True,up_in_tested,True,ZNRD2
ENSG00000138080,EMILIN1,elastin microfibril interfacer 1,MC100_vs_MC1,1231.5011102170286,-1.5199776425985163,0.3687880678788857,-4.121547780384518,3.763353952018341e-05,0.0007690007428389,True,up_in_MC1,dimgrey,dimgrey,1.5199776425985163,3.1140732406788296,True,True,True,up_in_reference,True,EMILIN1
ENSG00000148290,SURF1,SURF1 cytochrome c oxidase assembly factor,MC100_vs_MC1,59.43291892847059,1.8096715618257984,0.4452974309426914,4.0639613796889344,4.8246812259557566e-05,0.0009470237160126,True,up_in_MC100,dimgrey,dimgrey,1.8096715618257984,3.0236391449624738,True,True,True,up_in_tested,True,SURF1
ENSG00000146072,TNFRSF21,TNF receptor superfamily member 21,MC100_vs_MC1,215.41253212671748,-1.1488002167951064,0.2832641029898281,-4.055579950546572,5.001006236404368e-05,0.000967198283331,True,up_in_MC1,darkgrey,darkgrey,1.1488002167951064,3.0144844829708326,True,True,True,up_in_reference,True,TNFRSF21
ENSG00000055070,SZRD1,SUZ RNA binding domain containing 1,MC100_vs_MC1,61.04576350734084,-2.436621638677213,0.60438416308195,-4.031577575183461,5.540370282443274e-05,0.0010521703202452,True,up_in_MC1,whitesmoke,whitesmoke,2.436621638677213,2.9779139530003027,True,True,True,up_in_reference,True,SZRD1
ENSG00000167720,SRR,serine racemase,MC100_vs_MC1,40.53877522663098,2.815242472905313,0.6992212425426232,4.02625421199743,5.667241906416152e-05,0.0010693826244571,True,up_in_MC100,dimgrey,dimgrey,2.815242472905313,2.970866876682009,True,True,True,up_in_tested,True,SRR
ENSG00000148296,SURF6,surfeit 6,MC100_vs_MC1,125.32596679462269,-1.6929047543417834,0.4205088063175002,-4.02584851710234,5.677022845788858e-05,0.0010693826244571,True,up_in_MC1,dimgrey,dimgrey,1.6929047543417834,2.970866876682009,True,True,True,up_in_reference,True,SURF6
ENSG00000135336,ORC3,origin recognition complex subunit 3,MC100_vs_MC1,222.09660292322337,1.110897033313765,0.277046319654027,4.009788091395849,6.07732638346108e-05,0.0011256963183167,True,up_in_MC100,dimgrey,dimgrey,1.110897033313765,2.9485787543048145,True,True,True,up_in_tested,True,ORC3
ENSG00000164808,SPIDR,scaffold protein involved in DNA repair,MC100_vs_MC1,157.58619584787087,1.133501182721691,0.2832143867857883,4.002272609050134,6.273695306269008e-05,0.0011493649396845,True,up_in_MC100,dimgrey,dimgrey,1.133501182721691,2.939542054752163,True,True,True,up_in_tested,True,SPIDR
ENSG00000105373,NOP53,NOP53 ribosome biogenesis factor,MC100_vs_MC1,238.72207506051703,1.3031820585680371,0.3260135175309077,3.997325228836528,6.406225685874571e-05,0.0011660882429253,True,up_in_MC100,dimgrey,dimgrey,1.3031820585680371,2.933268583397383,True,True,True,up_in_tested,True,NOP53
ENSG00000140988,RPS2,ribosomal protein S2,MC100_vs_MC1,5915.9090836074,1.013966313067605,0.2538483957425044,3.9943774712531175,6.48644547770519e-05,0.0011766188426023,True,up_in_MC100,dimgrey,dimgrey,1.013966313067605,2.9293642010168375,True,True,True,up_in_tested,True,RPS2
ENSG00000169957,ZNF768,zinc finger protein 768,MC100_vs_MC1,321.2335091486445,-1.1468895881375818,0.2877462121817734,-3.985767803654268,6.726226495489945e-05,0.0012077661837485,True,up_in_MC1,dimgrey,dimgrey,1.1468895881375818,2.9180171343708734,True,True,True,up_in_reference,True,ZNF768
ENSG00000204520,MICA,MHC class I polypeptide-related sequence A,MC100_vs_MC1,90.66918518792976,1.5414498986932872,0.3889287591801766,3.963321976864121,7.391398641677723e-05,0.0013047802870652,True,up_in_MC100,dimgrey,dimgrey,1.5414498986932872,2.8844626133438367,True,True,True,up_in_tested,True,MICA
ENSG00000136143,SUCLA2,succinate-CoA ligase ADP-forming subunit beta,MC100_vs_MC1,223.96549963891675,1.006638928316932,0.2541032511166804,3.961535021268573,7.446945649521538e-05,0.0013101892170337,True,up_in_MC100,dimgrey,dimgrey,1.006638928316932,2.882665979169102,True,True,True,up_in_tested,True,SUCLA2
ENSG00000165490,DDIAS,DNA damage induced apoptosis suppressor,MC100_vs_MC1,125.34544838551328,1.4554636064619006,0.3695288599901125,3.938700772927031,8.192402441156124e-05,0.0014199714346524,True,up_in_MC100,dimgrey,dimgrey,1.4554636064619006,2.847720392164562,True,True,True,up_in_tested,True,DDIAS
ENSG00000120913,PDLIM2,PDZ and LIM domain 2,MC100_vs_MC1,3320.125383519062,-1.2265530871510435,0.3144760625631566,-3.900306678842093,9.607091401550204e-05,0.0016198110358286,True,up_in_MC1,darkgrey,darkgrey,1.2265530871510435,2.79053564649661,True,True,True,up_in_reference,True,PDLIM2
ENSG00000160392,C19orf47,chromosome 19 open reading frame 47,MC100_vs_MC1,397.0500284273626,-1.017027686712571,0.2616295843824288,-3.8872809017880896,0.0001013734184542,0.0016956275605039,True,up_in_MC1,darkgrey,darkgrey,1.017027686712571,2.7706695330819437,True,True,True,up_in_reference,True,C19orf47
ENSG00000198894,CIPC,CLOCK interacting pacemaker,MC100_vs_MC1,92.87015232552018,1.427879757158609,0.367796554948587,3.8822543005010126,0.0001034925644413,0.0017174215622832,True,up_in_MC100,dimgrey,dimgrey,1.427879757158609,2.7651230888218175,True,True,True,up_in_tested,True,CIPC
ENSG00000288722,F8A1,coagulation factor VIII associated 1,MC100_vs_MC1,220.5420313397272,1.3194887270819982,0.3402249499534426,3.878283257187813,0.0001051961907868,0.0017374138421867,True,up_in_MC100,dimgrey,dimgrey,1.3194887270819982,2.7600967227324635,True,True,True,up_in_tested,True,F8A1
ENSG00000118181,RPS25,ribosomal protein S25,MC100_vs_MC1,2166.427789204043,1.537679117181976,0.3965443559553262,3.8776976499325273,0.0001054496514155,0.0017374138421867,True,up_in_MC100,dimgrey,dimgrey,1.537679117181976,2.7600967227324635,True,True,True,up_in_tested,True,RPS25
ENSG00000134056,KGD4,alpha-ketoglutarate dehydrogenase subunit 4,MC100_vs_MC1,264.98818114363576,1.0939348634985908,0.2825191455436655,3.872073382472816,0.0001079134498207,0.0017684694790725,True,up_in_MC100,dimgrey,dimgrey,1.0939348634985908,2.7524024310060153,True,True,True,up_in_tested,True,KGD4
ENSG00000105708,ZNF14,zinc finger protein 14,MC100_vs_MC1,23.779361103327307,3.982242683737968,1.028923343548057,3.87030064844862,0.0001087012146329,0.0017786088322762,True,up_in_MC100,dimgrey,dimgrey,3.982242683737968,2.749919555380699,True,True,True,up_in_tested,True,ZNF14
ENSG00000108561,C1QBP,complement C1q binding protein,MC100_vs_MC1,421.6297604967658,1.0901167672012912,0.2823552329895412,3.860798879692343,0.0001130169030466,0.0018321276378332,True,up_in_MC100,dimgrey,dimgrey,1.0901167672012912,2.737044273858285,True,True,True,up_in_tested,True,C1QBP
ENSG00000064601,CTSA,cathepsin A,MC100_vs_MC1,151.61515460665518,1.2827719578757515,0.3323874972715914,3.8592665741202894,0.000113727828623,0.0018379181720069,True,up_in_MC100,dimgrey,dimgrey,1.2827719578757515,2.735673828225728,True,True,True,up_in_tested,True,CTSA
ENSG00000050426,LETMD1,LETM1 domain containing 1,MC100_vs_MC1,173.91052378889853,1.2177045910808226,0.3157666470570165,3.856343291572992,0.0001150958241705,0.0018543999480829,True,up_in_MC100,dimgrey,dimgrey,1.2177045910808226,2.7317965935392965,True,True,True,up_in_tested,True,LETMD1
ENSG00000196924,FLNA,filamin A,MC100_vs_MC1,22900.996633816136,-1.343059516357593,0.3487426069335568,-3.851148353127598,0.0001175652504441,0.0018884030533179,True,up_in_MC1,dimgrey,dimgrey,1.343059516357593,2.723905306038896,True,True,True,up_in_reference,True,FLNA
ENSG00000122386,ZNF205,zinc finger protein 205,MC100_vs_MC1,112.48469793849716,-1.5407557102875364,0.4003559238580818,-3.848464874554233,0.0001188603356892,0.0018976169829839,True,up_in_MC1,darkgrey,darkgrey,1.5407557102875364,2.7217914415203057,True,True,True,up_in_reference,True,ZNF205
ENSG00000187713,TMEM203,transmembrane protein 203,MC100_vs_MC1,135.22561995963335,1.223887792686151,0.3181368349404128,3.84704837123116,0.0001195493735578,0.001905725695761,True,up_in_MC100,dimgrey,dimgrey,1.223887792686151,2.719939610198461,True,True,True,up_in_tested,True,TMEM203
ENSG00000183020,AP2A2,adaptor related protein complex 2 subunit alpha 2,MC100_vs_MC1,73.7459830820638,1.600363580673668,0.4170271012629353,3.837552945185306,0.0001242664474589,0.0019719567024373,True,up_in_MC100,dimgrey,dimgrey,1.600363580673668,2.705102624941965,True,True,True,up_in_tested,True,AP2A2
ENSG00000142173,COL6A2,collagen type VI alpha 2 chain,MC100_vs_MC1,7247.434577730393,-1.112324367742172,0.2900381078299173,-3.835097312089954,0.000125514590319,0.0019857729394682,True,up_in_MC1,darkgrey,darkgrey,1.112324367742172,2.7020704118192795,True,True,True,up_in_reference,True,COL6A2
ENSG00000120709,FAM53C,family with sequence similarity 53 member C,MC100_vs_MC1,238.6004378419373,-1.0142019509740547,0.2648604954342425,-3.829192984447365,0.0001285641620566,0.0020218588176353,True,up_in_MC1,darkgrey,darkgrey,1.0142019509740547,2.694249173602893,True,True,True,up_in_reference,True,FAM53C
ENSG00000161682,FAM171A2,family with sequence similarity 171 member A2,MC100_vs_MC1,98.06761284783664,-1.4056608191477884,0.3679413219629379,-3.820339644508257,0.0001332680271831,0.0020895870551318,True,up_in_MC1,darkgrey,darkgrey,1.4056608191477884,2.6799395308253118,True,True,True,up_in_reference,True,FAM171A2
ENSG00000010626,LRRC23,leucine rich repeat containing 23,MC100_vs_MC1,76.92722356287085,-1.476914539299973,0.3868952394617724,-3.8173499920923706,0.0001348927516519,0.0021087765826592,True,up_in_MC1,darkgrey,darkgrey,1.476914539299973,2.675969429771193,True,True,True,up_in_reference,True,LRRC23
ENSG00000176731,RBIS,ribosomal biogenesis factor,MC100_vs_MC1,189.45840069611504,1.3617080004076432,0.36033833171932,3.778970707641297,0.000157477945625,0.0023467782803422,True,up_in_MC100,dimgrey,dimgrey,1.3617080004076432,2.6295279398741402,True,True,True,up_in_tested,True,RBIS
ENSG00000111057,KRT18,keratin 18,MC100_vs_MC1,241.6589458260149,1.0735668797482294,0.2843336275427513,3.77572955062029,0.0001595400213446,0.0023674479048903,True,up_in_MC100,dimgrey,dimgrey,1.0735668797482294,2.625719568762957,True,True,True,up_in_tested,True,KRT18
ENSG00000151332,MBIP,MAP3K12 binding inhibitory protein 1,MC100_vs_MC1,103.1558057066488,1.7736103690342062,0.4707281585464031,3.76780172767032,0.0001646914238491,0.0024370161326533,True,up_in_MC100,dimgrey,dimgrey,1.7736103690342062,2.6131415958464137,True,True,True,up_in_tested,True,MBIP
ENSG00000153006,SREK1IP1,SREK1 interacting protein 1,MC100_vs_MC1,1110.5852283769336,1.0410497923980373,0.2765762373835075,3.76406086888257,0.0001671761626618,0.0024599446256851,True,up_in_MC100,dimgrey,dimgrey,1.0410497923980373,2.609074668925105,True,True,True,up_in_tested,True,SREK1IP1
ENSG00000102007,PLP2,proteolipid protein 2,MC100_vs_MC1,57.57193762889964,2.01127959106244,0.5354394433554142,3.756315706699613,0.0001724331452037,0.0025092242333171,True,up_in_MC100,dimgrey,dimgrey,2.01127959106244,2.600460526831709,True,True,True,up_in_tested,True,PLP2
ENSG00000133250,ZNF414,zinc finger protein 414,MC100_vs_MC1,163.71436544606595,-1.1510866688213888,0.3066957521988425,-3.753187517494848,0.0001746001452434,0.0025267787181659,True,up_in_MC1,darkgrey,darkgrey,1.1510866688213888,2.5974327896144738,True,True,True,up_in_reference,True,ZNF414
ENSG00000168268,NT5DC2,5'-nucleotidase domain containing 2,MC100_vs_MC1,412.9331949870572,1.0807472903523956,0.2883794729561972,3.747656791496228,0.0001784942604846,0.0025795853221965,True,up_in_MC100,dimgrey,dimgrey,1.0807472903523956,2.588450102857041,True,True,True,up_in_tested,True,NT5DC2
ENSG00000143756,FBXO28,F-box protein 28,MC100_vs_MC1,218.274470529856,1.025884277333183,0.2741184676656348,3.742485087084829,0.0001822093492805,0.0026191357711939,True,up_in_MC100,dimgrey,dimgrey,1.025884277333183,2.581841987961948,True,True,True,up_in_tested,True,FBXO28
ENSG00000198225,FKBP1C,FKBP prolyl isomerase family member 1C,MC100_vs_MC1,247.16836345382453,-1.159241196617776,0.3122847256050058,-3.712129033438687,0.0002055231589994,0.0029010466754217,True,up_in_MC1,dimgrey,dimgrey,1.159241196617776,2.5374452837050874,True,True,True,up_in_reference,True,FKBP1C
ENSG00000213719,CLIC1,CLIC family member 1,MC100_vs_MC1,59.76919901054131,1.389692679854728,0.3764446948075374,3.691625088687271,0.0002228257603033,0.0031174864682862,True,up_in_MC100,dimgrey,dimgrey,1.389692679854728,2.506195422937275,True,True,True,up_in_tested,True,CLIC1
ENSG00000157240,FZD1,frizzled class receptor 1,MC100_vs_MC1,171.42042147286938,1.2171777631397798,0.3318696609710598,3.6676379503274985,0.0002448014813388,0.0033799952561231,True,up_in_MC100,dimgrey,dimgrey,1.2171777631397798,2.4710839092611043,True,True,True,up_in_tested,True,FZD1
ENSG00000198324,PHETA1,PH domain containing endocytic trafficking adaptor 1,MC100_vs_MC1,138.87642706071807,-1.3992359374102776,0.3815964297249555,-3.6667951490500297,0.00024560939636,0.0033867057131121,True,up_in_MC1,darkgrey,darkgrey,1.3992359374102776,2.470222539618799,True,True,True,up_in_reference,True,PHETA1
ENSG00000170468,RIOX1,ribosomal oxygenase 1,MC100_vs_MC1,335.45932901101287,-1.0388465427378828,0.2846475398363912,-3.6495890438223615,0.0002626601811219,0.0035519894159171,True,up_in_MC1,darkgrey,darkgrey,1.0388465427378828,2.4495283369856797,True,True,True,up_in_reference,True,RIOX1
ENSG00000013275,PSMC4,"proteasome 26S subunit, ATPase 4",MC100_vs_MC1,180.0412231042247,1.1072101539736543,0.3046998096700382,3.633773697373362,0.0002793058636185,0.0037310683924949,True,up_in_MC100,dimgrey,dimgrey,1.1072101539736543,2.428166790034243,True,True,True,up_in_tested,True,PSMC4
ENSG00000166971,AKTIP,AKT interacting protein,MC100_vs_MC1,57.96144470786093,2.001864009068466,0.5511457305132318,3.632186367849231,0.000281030034537,0.0037474233122485,True,up_in_MC100,dimgrey,dimgrey,2.001864009068466,2.42626724584675,True,True,True,up_in_tested,True,AKTIP
ENSG00000134255,CEPT1,choline/ethanolamine phosphotransferase 1,MC100_vs_MC1,234.79309604579404,-1.1912744665174022,0.3282126171557114,-3.6295815707542864,0.0002838810149877,0.0037806483021349,True,up_in_MC1,whitesmoke,whitesmoke,1.1912744665174022,2.422433721353754,True,True,True,up_in_reference,True,CEPT1
ENSG00000171130,ATP6V0E2,ATPase H+ transporting V0 subunit e2,MC100_vs_MC1,137.8270730560278,-1.352773332314125,0.3737353236939019,-3.619602554405799,0.0002950558569721,0.0038949594368928,True,up_in_MC1,darkgrey,darkgrey,1.352773332314125,2.4094970608220603,True,True,True,up_in_reference,True,ATP6V0E2
ENSG00000184508,HDDC3,HD domain containing 3,MC100_vs_MC1,60.95942514123686,-1.624226663187379,0.4515764487681688,-3.596792232230046,0.0003221656064053,0.0041894320533042,True,up_in_MC1,darkgrey,darkgrey,1.624226663187379,2.377844848831891,True,True,True,up_in_reference,True,HDDC3
ENSG00000181513,ACBD4,acyl-CoA binding domain containing 4,MC100_vs_MC1,78.9702542682188,-1.6631147264876112,0.462863637774779,-3.593098681251026,0.0003267687644797,0.0042287013174561,True,up_in_MC1,darkgrey,darkgrey,1.6631147264876112,2.373792988951378,True,True,True,up_in_reference,True,ACBD4
ENSG00000132005,RFX1,regulatory factor X1,MC100_vs_MC1,104.3167499844526,-1.642643993868455,0.4574569172044117,-3.590816822504074,0.00032964325835,0.0042502165699771,True,up_in_MC1,whitesmoke,whitesmoke,1.642643993868455,2.3715889398909433,True,True,True,up_in_reference,True,RFX1
ENSG00000149596,JPH2,junctophilin 2,MC100_vs_MC1,44.33377155755248,-1.8932533174274235,0.5275430406414169,-3.588812990738155,0.000332187014057,0.0042745596435885,True,up_in_MC1,darkgrey,darkgrey,1.8932533174274235,2.3691086187627204,True,True,True,up_in_reference,True,JPH2
ENSG00000005884,ITGA3,integrin subunit alpha 3,MC100_vs_MC1,2002.1782443186364,-1.1419052127282907,0.3186558349568739,-3.583506364736216,0.000339012499423,0.0043496957395483,True,up_in_MC1,darkgrey,darkgrey,1.1419052127282907,2.3615411208055153,True,True,True,up_in_reference,True,ITGA3
ENSG00000126581,BECN1,beclin 1,MC100_vs_MC1,87.06812309176489,-1.9818057041039228,0.5557239816594383,-3.566169122639057,0.0003622376533167,0.004588218419118,True,up_in_MC1,darkgrey,darkgrey,1.9818057041039228,2.338355915975691,True,True,True,up_in_reference,True,BECN1
ENSG00000223865,HLA-DPB1,"major histocompatibility complex, class II, DP beta 1",MC100_vs_MC1,57.04093653426469,2.3525030714932496,0.6598567557268782,3.5651723666931368,0.0003636171395762,0.004588218419118,True,up_in_MC100,dimgrey,dimgrey,2.3525030714932496,2.338355915975691,True,True,True,up_in_tested,True,HLA-DPB1
ENSG00000104866,PPP1R37,protein phosphatase 1 regulatory subunit 37,MC100_vs_MC1,292.42968532751775,-1.1967983746535376,0.3369356568793491,-3.552008670551869,0.0003823022625655,0.0047656423038527,True,up_in_MC1,darkgrey,darkgrey,1.1967983746535376,2.3218785577287,True,True,True,up_in_reference,True,PPP1R37
ENSG00000156958,GALK2,galactokinase 2,MC100_vs_MC1,98.52490230057684,1.4131494730614915,0.3981831950783426,3.5489932536792623,0.0003867069877456,0.0047982464044703,True,up_in_MC100,dimgrey,dimgrey,1.4131494730614915,2.318917453459888,True,True,True,up_in_tested,True,GALK2
ENSG00000169594,BNC1,basonuclin zinc finger protein 1,MC100_vs_MC1,28.805500190067992,2.6961801412236115,0.7608980596349276,3.543418342421868,0.0003949756069828,0.0048946270448374,True,up_in_MC100,dimgrey,dimgrey,2.6961801412236115,2.31028039447164,True,True,True,up_in_tested,True,BNC1
ENSG00000153066,TXNDC11,thioredoxin domain containing 11,MC100_vs_MC1,49.96944113803068,1.932164395806084,0.5490722999372508,3.518961703270945,0.0004332392420431,0.0051973889002692,True,up_in_MC100,dimgrey,dimgrey,1.932164395806084,2.2842147854050014,True,True,True,up_in_tested,True,TXNDC11
ENSG00000185386,MAPK11,mitogen-activated protein kinase 11,MC100_vs_MC1,138.3060135395924,-1.243198922628272,0.3545007911994048,-3.5069002763634995,0.000453359015779,0.0053956902771627,True,up_in_MC1,darkgrey,darkgrey,1.243198922628272,2.2679529876101547,True,True,True,up_in_reference,True,MAPK11
ENSG00000196576,PLXNB2,plexin B2,MC100_vs_MC1,1825.8587803273008,-1.0774614817447477,0.3078639394190311,-3.4997976176684458,0.0004656115143187,0.0054943912045237,True,up_in_MC1,dimgrey,dimgrey,1.0774614817447477,2.260080421741564,True,True,True,up_in_reference,True,PLXNB2
ENSG00000179627,ZBTB42,zinc finger and BTB domain containing 42,MC100_vs_MC1,40.235309482026686,-1.9497257727335,0.5599821897077712,-3.481763899939338,0.0004981226787121,0.0058023303824734,True,up_in_MC1,darkgrey,darkgrey,1.9497257727335,2.236397546267568,True,True,True,up_in_reference,True,ZBTB42
ENSG00000108840,HDAC5,histone deacetylase 5,MC100_vs_MC1,256.8323438456378,-1.1840732349419278,0.3401302234009275,-3.481234990241384,0.0004991074038721,0.0058023303824734,True,up_in_MC1,dimgrey,dimgrey,1.1840732349419278,2.236397546267568,True,True,True,up_in_reference,True,HDAC5
ENSG00000007952,NOX1,NADPH oxidase 1,MC100_vs_MC1,90.90921201832664,-1.513517667311839,0.4355533390693771,-3.474930695160526,0.0005109853490322,0.0059077767661186,True,up_in_MC1,darkgrey,darkgrey,1.513517667311839,2.2285759234945712,True,True,True,up_in_reference,True,NOX1
ENSG00000101160,CTSZ,cathepsin Z,MC100_vs_MC1,1213.8982821849556,-1.5616278645419863,0.4494875526850889,-3.4742405105844245,0.0005123016103391,0.0059100057482218,True,up_in_MC1,darkgrey,darkgrey,1.5616278645419863,2.228412096712688,True,True,True,up_in_reference,True,CTSZ
ENSG00000022976,ZNF839,zinc finger protein 839,MC100_vs_MC1,79.45312327173723,-1.9527900175052748,0.5623817832963919,-3.4723564587370293,0.0005159108209336,0.0059386189792593,True,up_in_MC1,whitesmoke,whitesmoke,1.9527900175052748,2.2263145380860854,True,True,True,up_in_reference,True,ZNF839
ENSG00000198888,MT-ND1,NADH dehydrogenase subunit 1,MC100_vs_MC1,38618.19054649298,1.0839322756060006,0.3126626892140137,3.466778458059198,0.0005267358339093,0.0060236822919134,True,up_in_MC100,dimgrey,dimgrey,1.0839322756060006,2.220137942270092,True,True,True,up_in_tested,True,MT-ND1
ENSG00000172594,SMPDL3A,sphingomyelin phosphodiesterase acid like 3A,MC100_vs_MC1,73.7673725928438,1.2938337623624894,0.3740049337696753,3.4594029263776376,0.0005413743810367,0.0061709640984701,True,up_in_MC100,dimgrey,dimgrey,1.2938337623624894,2.209646980223384,True,True,True,up_in_tested,True,SMPDL3A
ENSG00000183172,SMDT1,single-pass membrane protein with aspartate rich tail 1,MC100_vs_MC1,142.1205712415721,1.3362183160891163,0.3868980092541826,3.4536706938992108,0.0005530122066509,0.0062831980844219,True,up_in_MC100,dimgrey,dimgrey,1.3362183160891163,2.201819248478343,True,True,True,up_in_tested,True,SMDT1
ENSG00000163702,IL17RC,interleukin 17 receptor C,MC100_vs_MC1,41.68164528595307,-1.8240586252896545,0.5287392452288608,-3.4498264347677163,0.00056094708063,0.0063579435307103,True,up_in_MC1,darkgrey,darkgrey,1.8240586252896545,2.1966833336734983,True,True,True,up_in_reference,True,IL17RC
ENSG00000184983,NDUFA6,NADH:ubiquinone oxidoreductase subunit A6,MC100_vs_MC1,502.2250977157934,1.222557249022585,0.354434667111793,3.4493162279664222,0.0005620081250414,0.0063579435307103,True,up_in_MC100,dimgrey,dimgrey,1.222557249022585,2.1966833336734983,True,True,True,up_in_tested,True,NDUFA6
ENSG00000128463,EMC4,ER membrane protein complex subunit 4,MC100_vs_MC1,25.91481192758572,2.4753753936500886,0.7194998106554705,3.4404114594484745,0.0005808304431885,0.0065148369859136,True,up_in_MC100,dimgrey,dimgrey,2.4753753936500886,2.1860964467209927,True,True,True,up_in_tested,True,EMC4
ENSG00000113597,TRAPPC13,trafficking protein particle complex subunit 13,MC100_vs_MC1,117.0133560376393,1.2825341087999265,0.3729226058930439,3.439142836966456,0.0005835592457479,0.0065315178984191,True,up_in_MC100,dimgrey,dimgrey,1.2825341087999265,2.1849858787092864,True,True,True,up_in_tested,True,TRAPPC13
ENSG00000175202,HIGD2B,HIG1 hypoxia inducible domain family member 2B,MC100_vs_MC1,23.051035195899512,-2.3671871541618708,0.6918726772709732,-3.421420200460897,0.0006229500305071,0.0068526759614473,True,up_in_MC1,darkgrey,darkgrey,2.3671871541618708,2.1641398039308286,True,True,True,up_in_reference,True,HIGD2B
ENSG00000284862,CCDC39,coiled-coil domain 39 molecular ruler complex subunit,MC100_vs_MC1,36.91207703562053,-2.211843081850408,0.6477341051420618,-3.4147392646019528,0.0006384309357122,0.0069437516616946,True,up_in_MC1,whitesmoke,whitesmoke,2.211843081850408,2.158405819784946,True,True,True,up_in_reference,True,CCDC39
ENSG00000157766,ACAN,aggrecan,MC100_vs_MC1,144.79368448454218,-1.2588380394009324,0.3717096758238941,-3.3866162795216974,0.000707602827928,0.0075351106808004,True,up_in_MC1,dimgrey,dimgrey,1.2588380394009324,2.1229103640915077,True,True,True,up_in_reference,True,ACAN
ENSG00000167315,ACAA2,acetyl-CoA acyltransferase 2,MC100_vs_MC1,145.8926593174684,1.2005256505092703,0.3546151848032655,3.3854321584545275,0.000710662737353,0.0075600431341673,True,up_in_MC100,dimgrey,dimgrey,1.2005256505092703,2.1214757266049578,True,True,True,up_in_tested,True,ACAA2
ENSG00000244038,DDOST,dolichyl-diphosphooligosaccharide--protein glycosyltransferase non-catalytic subunit,MC100_vs_MC1,89.19378999495866,1.476838224947584,0.4390001194996693,3.3640952686544687,0.0007679502926659,0.0080234409425408,True,up_in_MC100,dimgrey,dimgrey,1.476838224947584,2.095639339711985,True,True,True,up_in_tested,True,DDOST
ENSG00000142686,C1orf216,chromosome 1 open reading frame 216,MC100_vs_MC1,333.7968769288766,-1.0139405261427796,0.3018795019140055,-3.358759106577612,0.0007829328466913,0.008155679683208,True,up_in_MC1,darkgrey,darkgrey,1.0139405261427796,2.0885398396063817,True,True,True,up_in_reference,True,C1orf216
ENSG00000110203,FOLR3,folate receptor gamma,MC100_vs_MC1,25.10675916249632,2.6863070825228887,0.799863507695822,3.358456857547322,0.0007837895498261,0.0081565280452233,True,up_in_MC100,maroon,maroon,2.6863070825228887,2.08849466620639,True,True,True,up_in_tested,True,FOLR3
ENSG00000213339,QTRT1,queuine tRNA-ribosyltransferase catalytic subunit 1,MC100_vs_MC1,161.3873039047306,-1.2603877579742595,0.3755234903812126,-3.3563486446474418,0.0007897893720163,0.0082026156287773,True,up_in_MC1,darkgrey,darkgrey,1.2603877579742595,2.0860476388345104,True,True,True,up_in_reference,True,QTRT1
ENSG00000106367,AP1S1,adaptor related protein complex 1 subunit sigma 1,MC100_vs_MC1,1118.047350064195,-1.1945232259982317,0.3572373054977203,-3.343780751940124,0.0008264502366721,0.0084830077463683,True,up_in_MC1,darkgrey,darkgrey,1.1945232259982317,2.0714501364165288,True,True,True,up_in_reference,True,AP1S1
ENSG00000129932,DOHH,deoxyhypusine hydroxylase,MC100_vs_MC1,328.38450216926884,-1.4120869121384814,0.4248304910474933,-3.3238831531530044,0.0008877338253691,0.008963385390316,True,up_in_MC1,darkgrey,darkgrey,1.4120869121384814,2.0475279302210168,True,True,True,up_in_reference,True,DOHH
ENSG00000105700,KXD1,KxDL motif containing 1,MC100_vs_MC1,128.8770085541345,1.2207657598726631,0.3674978583786307,3.321830949596762,0.0008942885775987,0.0090036460525517,True,up_in_MC100,dimgrey,dimgrey,1.2207657598726631,2.04558158613321,True,True,True,up_in_tested,True,KXD1
ENSG00000172061,LRRC15,leucine rich repeat containing 15,MC100_vs_MC1,136.5453934818942,-1.2236765609747933,0.3693964410308639,-3.312637657146654,0.0009242063165468,0.0092341639661822,True,up_in_MC1,darkgrey,darkgrey,1.2236765609747933,2.0346024181782143,True,True,True,up_in_reference,True,LRRC15
ENSG00000227057,WDR46,WD repeat domain 46,MC100_vs_MC1,105.3398498475599,1.1746530946545708,0.356447927088715,3.295440947710199,0.0009826735398574,0.0096568757652569,True,up_in_MC100,dimgrey,dimgrey,1.1746530946545708,2.0151633557139585,True,True,True,up_in_tested,True,WDR46
ENSG00000135776,ABCB10,ATP binding cassette subfamily B member 10,MC100_vs_MC1,125.09328292650092,1.0686701904285456,0.3247976791188195,3.290264244891965,0.0010009333803236,0.0097961117157074,True,up_in_MC100,dimgrey,dimgrey,1.0686701904285456,2.0089462707871544,True,True,True,up_in_tested,True,ABCB10
ENSG00000223611,SUPT20HL2,SUPT20H like 2,MC100_vs_MC1,66.85046194437994,-1.7640740405241409,0.5365602166009797,-3.287746623667439,0.0010099268852593,0.0098566240814598,True,up_in_MC1,darkgrey,darkgrey,1.7640740405241409,2.0062718065439307,True,True,True,up_in_reference,True,SUPT20HL2
ENSG00000253710,ALG11,"ALG11 alpha-1,2-mannosyltransferase",MC100_vs_MC1,286.0953452126373,-1.5813851271417068,0.4810901428299126,-3.28708694349782,0.0010122957466096,0.0098705871641148,True,up_in_MC1,whitesmoke,whitesmoke,1.5813851271417068,2.005657012016248,True,True,True,up_in_reference,True,ALG11
ENSG00000225973,PIGBOS1,PIGB opposite strand 1,MC100_vs_MC1,121.65677090443226,1.0936383224252035,0.3336433963122679,3.277865932648735,0.0010459506054917,0.0101143808091712,True,up_in_MC100,dimgrey,dimgrey,1.0936383224252035,1.9950606990910253,True,True,True,up_in_tested,True,PIGBOS1
ENSG00000185475,TMEM179B,transmembrane protein 179B,MC100_vs_MC1,34.71778905512842,1.5439062823955336,0.4716084509235331,3.273703597491012,0.0010614789074227,0.0101996882806217,True,up_in_MC100,dimgrey,dimgrey,1.5439062823955336,1.9914131007944122,True,True,True,up_in_tested,True,TMEM179B
ENSG00000182118,FAM89A,family with sequence similarity 89 member A,MC100_vs_MC1,81.44603566955902,1.225860954826985,0.3745864457588607,3.272571575150188,0.0010657388485095,0.0102118747041608,True,up_in_MC100,dimgrey,dimgrey,1.225860954826985,1.9908945224640853,True,True,True,up_in_tested,True,FAM89A
ENSG00000187866,PABIR1,PP2A Aalpha (PPP2R1A) and B55A (PPP2R2A) interacting phosphatase regulator 1,MC100_vs_MC1,151.08067515049706,1.0252843506553302,0.3134693606067928,3.2707641623112824,0.0010725731644103,0.0102455760437264,True,up_in_MC100,dimgrey,dimgrey,1.0252843506553302,1.9894636189534871,True,True,True,up_in_tested,True,PABIR1
ENSG00000165275,TRMT10B,tRNA methyltransferase 10B,MC100_vs_MC1,91.1148853516783,-1.0696417862196923,0.3270720505738856,-3.270355214830746,0.0010741251189269,0.0102455760437264,True,up_in_MC1,darkgrey,darkgrey,1.0696417862196923,1.9894636189534871,True,True,True,up_in_reference,True,TRMT10B
ENSG00000188015,S100A3,S100 calcium binding protein A3,MC100_vs_MC1,47.77743099020599,-1.713471509540595,0.5248324472737959,-3.264797209930709,0.0010954247221201,0.0104204009958641,True,up_in_MC1,darkgrey,darkgrey,1.713471509540595,1.9821155682783185,True,True,True,up_in_reference,True,S100A3
ENSG00000181222,POLR2A,RNA polymerase II subunit A,MC100_vs_MC1,26.01216567834553,-2.0437708342278,0.6276495718155426,-3.256229153978353,0.0011290259007291,0.0106191718150474,True,up_in_MC1,darkgrey,darkgrey,2.0437708342278,1.9739093523863807,True,True,True,up_in_reference,True,POLR2A
ENSG00000181004,BBS12,Bardet-Biedl syndrome 12,MC100_vs_MC1,49.320263134781065,1.6773976539064168,0.5162507767163241,3.2491915355085927,0.001157335225014,0.010794613388628,True,up_in_MC100,maroon,maroon,1.6773976539064168,1.966792907400358,True,True,True,up_in_tested,True,BBS12
ENSG00000172728,POFUT3,protein O-fucosyltransferase 3,MC100_vs_MC1,68.81657754972964,1.570074392454064,0.4833313289079714,3.248443249067792,0.0011603835354843,0.0108134589697348,True,up_in_MC100,dimgrey,dimgrey,1.570074392454064,1.966035363291619,True,True,True,up_in_tested,True,POFUT3
ENSG00000255423,EBLN2,endogenous Bornavirus like nucleoprotein 2,MC100_vs_MC1,74.9973933909695,1.3868371104018962,0.427367275549915,3.2450709021119666,0.0011742138325016,0.0109133425192137,True,up_in_MC100,dimgrey,dimgrey,1.3868371104018962,1.9620422140931464,True,True,True,up_in_tested,True,EBLN2
ENSG00000197021,EOLA2,endothelium and lymphocyte associated ASCH domain 2,MC100_vs_MC1,50.12488960220086,1.687377312436278,0.5235461467560163,3.2229772349420647,0.0012686563597896,0.0114866898118306,True,up_in_MC100,dimgrey,dimgrey,1.687377312436278,1.9398051065229007,True,True,True,up_in_tested,True,EOLA2
ENSG00000104936,DMPK,DM1 protein kinase,MC100_vs_MC1,62.25593118586149,1.369193078418062,0.4269902370877853,3.206614483170416,0.0013430685199737,0.0120463971855445,True,up_in_MC100,dimgrey,dimgrey,1.369193078418062,1.9191428216696276,True,True,True,up_in_tested,True,DMPK
ENSG00000157349,DDX19B,DEAD-box helicase 19B,MC100_vs_MC1,98.35909265690547,1.5095821501685038,0.471453909551121,3.201971856815869,0.0013649033220078,0.0121799388047879,True,up_in_MC100,dimgrey,dimgrey,1.5095821501685038,1.9143548937072237,True,True,True,up_in_tested,True,DDX19B
ENSG00000148832,PAOX,polyamine oxidase,MC100_vs_MC1,77.02874776877148,-1.5068708877908457,0.4720825053994203,-3.191965113208145,0.0014130839907071,0.012472362975025,True,up_in_MC1,darkgrey,darkgrey,1.5068708877908457,1.904051258646942,True,True,True,up_in_reference,True,PAOX
ENSG00000101004,NINL,ninein like,MC100_vs_MC1,81.00098257995367,-1.4028898942363717,0.4404761503633847,-3.1849395093900394,0.0014478426896967,0.0127257752199662,True,up_in_MC1,darkgrey,darkgrey,1.4028898942363717,1.8953157521347208,True,True,True,up_in_reference,True,NINL
ENSG00000166341,DCHS1,dachsous cadherin-related 1,MC100_vs_MC1,115.26992643131685,-1.6283654560174434,0.5140657504658356,-3.167620979498932,0.0015369174864824,0.0133415089730047,True,up_in_MC1,darkgrey,darkgrey,1.6283654560174434,1.8747950473619512,True,True,True,up_in_reference,True,DCHS1
ENSG00000161011,SQSTM1,sequestosome 1,MC100_vs_MC1,322.0567010868993,-1.5950974199547852,0.5036109132826037,-3.1673209969929474,0.0015385039329834,0.0133442703041379,True,up_in_MC1,dimgrey,dimgrey,1.5950974199547852,1.8747051694636383,True,True,True,up_in_reference,True,SQSTM1
ENSG00000156103,MMP16,matrix metallopeptidase 16,MC100_vs_MC1,126.43029113139367,-1.1295901946326157,0.3577161720397062,-3.157783413010558,0.0015897362242463,0.0136709602036465,True,up_in_MC1,dimgrey,dimgrey,1.1295901946326157,1.864200980933269,True,True,True,up_in_reference,True,MMP16
ENSG00000170846,MRFAP1L2,Morf4 family associated protein 1 like 2,MC100_vs_MC1,93.59646312636389,1.4341029458171253,0.4543325612442069,3.1565048780342315,0.0015967221661623,0.0137023767619851,True,up_in_MC100,dimgrey,dimgrey,1.4341029458171253,1.8632040952459477,True,True,True,up_in_tested,True,MRFAP1L2
ENSG00000184524,CEND1,cell cycle exit and neuronal differentiation 1,MC100_vs_MC1,66.3231138341646,-1.5387107808996217,0.489180252301951,-3.145488342300944,0.0016580980293946,0.0140684269090817,True,up_in_MC1,darkgrey,darkgrey,1.5387107808996217,1.8517544614067467,True,True,True,up_in_reference,True,CEND1
ENSG00000172244,C5orf34,chromosome 5 open reading frame 34,MC100_vs_MC1,43.94574526134212,1.8382418608105764,0.5861994792714523,3.13586402890566,0.0017134862654925,0.0144451834929864,True,up_in_MC100,dimgrey,dimgrey,1.8382418608105764,1.8402769370675987,True,True,True,up_in_tested,True,C5orf34
ENSG00000198933,TBKBP1,TBK1 binding protein 1,MC100_vs_MC1,87.32531062307521,-1.1561303168818473,0.3689791131396053,-3.133321848612116,0.001728398052181,0.0145187493141076,True,up_in_MC1,darkgrey,darkgrey,1.1561303168818473,1.8380707933725584,True,True,True,up_in_reference,True,TBKBP1
ENSG00000126243,LRFN3,leucine rich repeat and fibronectin type III domain containing 3,MC100_vs_MC1,86.38295301640495,-1.2194567182538598,0.3900436041598588,-3.1264625422599344,0.0017692304126094,0.0147496617837275,True,up_in_MC1,darkgrey,darkgrey,1.2194567182538598,1.8312179381363198,True,True,True,up_in_reference,True,LRFN3
ENSG00000160014,CALM3,calmodulin 3,MC100_vs_MC1,166.67223154094313,1.0850455725934571,0.3484130544457374,3.1142506250793898,0.0018441277170633,0.0152717773394007,True,up_in_MC100,dimgrey,dimgrey,1.0850455725934571,1.816110416527338,True,True,True,up_in_tested,True,CALM3
ENSG00000130158,DOCK6,dedicator of cytokinesis 6,MC100_vs_MC1,281.6874842775012,-1.0122897620994395,0.3255403415223971,-3.109567795393476,0.0018736128142467,0.0154443543910075,True,up_in_MC1,dimgrey,dimgrey,1.0122897620994395,1.8112302414760417,True,True,True,up_in_reference,True,DOCK6
ENSG00000134058,CDK7,cyclin dependent kinase 7,MC100_vs_MC1,176.77378378513671,1.1768276186647444,0.3796262768516146,3.099963544211493,0.0019354446288255,0.0158907872782748,True,up_in_MC100,dimgrey,dimgrey,1.1768276186647444,1.7988545859807465,True,True,True,up_in_tested,True,CDK7
ENSG00000112655,PTK7,protein tyrosine kinase 7 (inactive),MC100_vs_MC1,2004.34686095422,-1.0803688838306575,0.3489487313690735,-3.096067664702242,0.0019610560522482,0.0160188437311361,True,up_in_MC1,dimgrey,dimgrey,1.0803688838306575,1.7953688352748898,True,True,True,up_in_reference,True,PTK7
ENSG00000061455,PRDM6,PR/SET domain 6,MC100_vs_MC1,122.73656409834314,1.018844630558081,0.3292934288869643,3.0940326808277034,0.0019745573460162,0.0161041223546024,True,up_in_MC100,dimgrey,dimgrey,1.018844630558081,1.7930629384592682,True,True,True,up_in_tested,True,PRDM6
ENSG00000174130,TLR6,toll like receptor 6,MC100_vs_MC1,57.91736932147774,-1.4860885332414542,0.4803852081969671,-3.093535162789878,0.0019778711311176,0.0161186538888372,True,up_in_MC1,darkgrey,darkgrey,1.4860885332414542,1.7926712300905099,True,True,True,up_in_reference,True,TLR6
ENSG00000288701,PRRC2B,proline rich coiled-coil 2B,MC100_vs_MC1,139.44158998607804,-1.3146661116225142,0.4251337086144802,-3.0923591448606578,0.0019857244597152,0.0161701292884399,True,up_in_MC1,darkgrey,darkgrey,1.3146661116225142,1.7912865076735895,True,True,True,up_in_reference,True,PRRC2B
ENSG00000162066,AMDHD2,amidohydrolase domain containing 2,MC100_vs_MC1,142.17288491824397,-1.00700123257456,0.3261176032371411,-3.087846907308173,0.0020161230423827,0.0163723685342171,True,up_in_MC1,darkgrey,darkgrey,1.00700123257456,1.7858884881548212,True,True,True,up_in_reference,True,AMDHD2
ENSG00000130224,LRCH2,leucine rich repeats and calponin homology domain containing 2,MC100_vs_MC1,101.38523572364062,1.0080353872181642,0.3266220076786768,3.0862445380895647,0.0020270204234085,0.016417461027468,True,up_in_MC100,dimgrey,dimgrey,1.0080353872181642,1.78469400598757,True,True,True,up_in_tested,True,LRCH2
ENSG00000213397,HAUS7,HAUS augmin like complex subunit 7,MC100_vs_MC1,46.47068367685417,-1.5676922569167366,0.5087673368615575,-3.081353977217541,0.0020606151957846,0.0166376336164039,True,up_in_MC1,darkgrey,darkgrey,1.5676922569167366,1.7789084436955471,True,True,True,up_in_reference,True,HAUS7
ENSG00000121900,TMEM54,transmembrane protein 54,MC100_vs_MC1,60.64333578077714,1.1820101136825334,0.3841855009118879,3.076665076836475,0.0020933035853529,0.0168376506280567,True,up_in_MC100,dimgrey,dimgrey,1.1820101136825334,1.7737185060935319,True,True,True,up_in_tested,True,TMEM54
ENSG00000269743,SLC25A53,solute carrier family 25 member 53,MC100_vs_MC1,47.75884827656202,1.5337628924544704,0.4987280302299986,3.0753492875608863,0.0021025616140233,0.0168862982756792,True,up_in_MC100,dimgrey,dimgrey,1.5337628924544704,1.7724655437174546,True,True,True,up_in_tested,True,SLC25A53
ENSG00000177875,CCDC184,coiled-coil domain containing 184,MC100_vs_MC1,22.88740933840772,-2.1425687540960507,0.7065900273670259,-3.0322657709732024,0.0024272539152358,0.0189867200313727,True,up_in_MC1,darkgrey,darkgrey,2.1425687540960507,1.7215500534466495,True,True,True,up_in_reference,True,CCDC184
ENSG00000100577,GSTZ1,glutathione S-transferase zeta 1,MC100_vs_MC1,246.57212418168533,-1.0098956878229948,0.3331397856081763,-3.031447252628023,0.0024338444054392,0.0190241285212679,True,up_in_MC1,darkgrey,darkgrey,1.0098956878229948,1.72069522875309,True,True,True,up_in_reference,True,GSTZ1
ENSG00000177058,SLC38A9,solute carrier family 38 member 9,MC100_vs_MC1,107.03241158850444,1.2714307262936733,0.4209540516160461,3.020355122875383,0.0025247846433161,0.0195605738087843,True,up_in_MC100,dimgrey,dimgrey,1.2714307262936733,1.7086184093473187,True,True,True,up_in_tested,True,SLC38A9
ENSG00000164619,BMPER,BMP binding endothelial regulator,MC100_vs_MC1,94.52726389771924,1.1345798811212584,0.3766512610365579,3.0122821784768576,0.0025929144691741,0.0199707563178482,True,up_in_MC100,dimgrey,dimgrey,1.1345798811212584,1.6996054875354931,True,True,True,up_in_tested,True,BMPER
ENSG00000173114,LRRN3,leucine rich repeat neuronal 3,MC100_vs_MC1,73.26397310808547,1.1970045341260358,0.3995914927597486,2.995570616028419,0.0027393186606781,0.0208692046553183,True,up_in_MC100,dimgrey,dimgrey,1.1970045341260358,1.6804941019833437,True,True,True,up_in_tested,True,LRRN3
ENSG00000137103,TMEM8B,transmembrane protein 8B,MC100_vs_MC1,191.2028348619728,-1.0166608926109963,0.33994412710487,-2.990670558922069,0.0027836562716244,0.0211152470322713,True,up_in_MC1,darkgrey,darkgrey,1.0166608926109963,1.6754038332954457,True,True,True,up_in_reference,True,TMEM8B
ENSG00000112425,EPM2A,"EPM2A glucan phosphatase, laforin",MC100_vs_MC1,39.248500323893445,1.9512713573665,0.6528685195648204,2.9887661893502697,0.0028010638938275,0.0211579437713611,True,up_in_MC100,maroon,maroon,1.9512713573665,1.6745265413695267,True,True,True,up_in_tested,True,EPM2A
ENSG00000160055,TMEM234,transmembrane protein 234,MC100_vs_MC1,83.26602152084138,1.309913055678993,0.4387832114613821,2.9853308455359624,0.0028327176054147,0.0213585662715789,True,up_in_MC100,dimgrey,dimgrey,1.309913055678993,1.6704279033869225,True,True,True,up_in_tested,True,TMEM234
ENSG00000146232,NFKBIE,NFKB inhibitor epsilon,MC100_vs_MC1,81.27480114026942,1.2382576289037488,0.4155308432196395,2.9799415593543217,0.0028830338040792,0.0216969947444336,True,up_in_MC100,dimgrey,dimgrey,1.2382576289037488,1.6636004162111218,True,True,True,up_in_tested,True,NFKBIE
ENSG00000176435,CLEC14A,C-type lectin domain containing 14A,MC100_vs_MC1,35.81995799128561,1.97408402341618,0.6639070677090545,2.973434264268575,0.0029448747809992,0.0220362927246747,True,up_in_MC100,dimgrey,dimgrey,1.97408402341618,1.6568614671996709,True,True,True,up_in_tested,True,CLEC14A
ENSG00000139636,LMBR1L,limb development membrane protein 1 like,MC100_vs_MC1,219.9809452156597,-1.0392101154322058,0.3498909325718696,-2.97009730373263,0.002977054357974,0.0221594211367135,True,up_in_MC1,darkgrey,darkgrey,1.0392101154322058,1.6544415887276627,True,True,True,up_in_reference,True,LMBR1L
ENSG00000076984,MAP2K7,mitogen-activated protein kinase kinase 7,MC100_vs_MC1,599.1331046102317,-1.142060812211512,0.384733628914811,-2.96844550717554,0.0029931016801556,0.0222372163279588,True,up_in_MC1,darkgrey,darkgrey,1.142060812211512,1.652919579008657,True,True,True,up_in_reference,True,MAP2K7
ENSG00000225528,TMA7B,translation machinery associated 7 homolog B,MC100_vs_MC1,469.1689056775156,-1.095458886005445,0.3693060018008384,-2.966263425624506,0.0030144217413883,0.0223029051625507,True,up_in_MC1,darkgrey,darkgrey,1.095458886005445,1.6516385623380563,True,True,True,up_in_reference,True,TMA7B
ENSG00000147400,CETN2,centrin 2,MC100_vs_MC1,480.6697274576952,-1.1534212516618507,0.3888977864126459,-2.965872504190589,0.0030182558451749,0.0223155795833348,True,up_in_MC1,dimgrey,dimgrey,1.1534212516618507,1.6513918291203213,True,True,True,up_in_reference,True,CETN2
ENSG00000198853,RUSC2,RUN and SH3 domain containing 2,MC100_vs_MC1,30.637474203447308,1.4952556887418758,0.5074040155188531,2.9468739761802656,0.0032100399841495,0.0235186843128393,True,up_in_MC100,dimgrey,dimgrey,1.4952556887418758,1.6285869773091675,True,True,True,up_in_tested,True,RUSC2
ENSG00000128594,LRRC4,leucine rich repeat containing 4,MC100_vs_MC1,43.367677331833534,-1.7016043143698576,0.5826053540077023,-2.920680873707456,0.0034926739040066,0.0250657722674309,True,up_in_MC1,darkgrey,darkgrey,1.7016043143698576,1.6009189103879673,True,True,True,up_in_reference,True,LRRC4
ENSG00000079482,OPHN1,oligophrenin 1,MC100_vs_MC1,91.95863758618282,1.0884013011919729,0.3741365793786969,2.9091015452148694,0.0036246910631069,0.0256803869864968,True,up_in_MC100,dimgrey,dimgrey,1.0884013011919729,1.5903984360224288,True,True,True,up_in_tested,True,OPHN1
ENSG00000185347,TEDC1,tubulin epsilon and delta complex 1,MC100_vs_MC1,172.98163197900092,-1.019365213378493,0.3521765976388157,-2.8944717514249225,0.0037979708135248,0.0265210304541943,True,up_in_MC1,darkgrey,darkgrey,1.019365213378493,1.5764096057621253,True,True,True,up_in_reference,True,TEDC1
ENSG00000228474,OST4,"oligosaccharyltransferase complex subunit 4, non-catalytic",MC100_vs_MC1,1300.0159700469806,1.070700359923812,0.3735567690310178,2.866231985840169,0.0041538972327374,0.028639025416534,True,up_in_MC100,dimgrey,dimgrey,1.070700359923812,1.5430417651149866,True,True,True,up_in_tested,True,OST4
ENSG00000197530,MIB2,MIB E3 ubiquitin protein ligase 2,MC100_vs_MC1,161.53455038477665,-1.1298841304906102,0.3957054865743964,-2.855366349028828,0.0042987211370959,0.0293723166285408,True,up_in_MC1,darkgrey,darkgrey,1.1298841304906102,1.5320617988188834,True,True,True,up_in_reference,True,MIB2
ENSG00000142408,CACNG8,calcium voltage-gated channel auxiliary subunit gamma 8,MC100_vs_MC1,73.12115859658559,-1.1138287600825278,0.3908203520858614,-2.8499763488208125,0.0043722480188564,0.0297737355381158,True,up_in_MC1,darkgrey,darkgrey,1.1138287600825278,1.5261666735220827,True,True,True,up_in_reference,True,CACNG8
ENSG00000178773,CPNE7,copine 7,MC100_vs_MC1,517.2973451717615,-1.1086265293391468,0.3905098513974799,-2.838920773373097,0.0045266394434171,0.0305287010155077,True,up_in_MC1,darkgrey,darkgrey,1.1086265293391468,1.5152916743714633,True,True,True,up_in_reference,True,CPNE7
ENSG00000173456,RNF26,ring finger protein 26,MC100_vs_MC1,40.773399629478455,1.5120809885250883,0.53313295171483,2.8362174644457028,0.0045651350212266,0.0306843887959982,True,up_in_MC100,dimgrey,dimgrey,1.5120809885250883,1.5130825230291927,True,True,True,up_in_tested,True,RNF26
ENSG00000158164,TMSB15A,thymosin beta 15A,MC100_vs_MC1,74.35869885290872,1.0944143915926623,0.3864667760772473,2.8318459938556524,0.0046280133189746,0.0310135847954985,True,up_in_MC100,dimgrey,dimgrey,1.0944143915926623,1.508448031669047,True,True,True,up_in_tested,True,TMSB15A
ENSG00000164941,INTS8,integrator complex subunit 8,MC100_vs_MC1,49.24111661083262,1.428114942955553,0.5051836885081138,2.8269221185129694,0.0046997756589915,0.0313149713161814,True,up_in_MC100,dimgrey,dimgrey,1.428114942955553,1.5042479817665964,True,True,True,up_in_tested,True,INTS8
ENSG00000189050,RNFT1,"ring finger protein, transmembrane 1",MC100_vs_MC1,36.06011112647956,1.900967504006432,0.6763922165168061,2.8104514770967923,0.0049472048098904,0.0325513081956583,True,up_in_MC100,dimgrey,dimgrey,1.900967504006432,1.4874315530024238,True,True,True,up_in_tested,True,RNFT1
ENSG00000180998,GPR137C,G protein-coupled receptor 137C,MC100_vs_MC1,39.70020025434426,1.3803206673281108,0.4923370200261667,2.8036093390961123,0.0050534094441973,0.0330294019562486,True,up_in_MC100,maroon,maroon,1.3803206673281108,1.4810992897494732,True,True,True,up_in_tested,True,GPR137C
ENSG00000225177,LOC124900217,collagen alpha-1(III) chain,MC100_vs_MC1,36.29173058151573,-1.5233517374824088,0.5439820441920805,-2.8003713610527043,0.0051043847355811,0.0332733778209721,True,up_in_MC1,dimgrey,dimgrey,1.5233517374824088,1.477903108522665,True,True,True,up_in_reference,True,LOC124900217
ENSG00000115274,INO80B,INO80 complex subunit B,MC100_vs_MC1,50.52948995218412,-1.4138322116840545,0.5072223273145243,-2.7874013732194185,0.0053132624897672,0.0342949905857919,True,up_in_MC1,darkgrey,darkgrey,1.4138322116840545,1.4647693120222662,True,True,True,up_in_reference,True,INO80B
ENSG00000129197,RPAIN,RPA interacting protein,MC100_vs_MC1,38.72144607755693,1.5848363984714668,0.5687641796481993,2.7864560659423803,0.0053287840973511,0.0343740879756169,True,up_in_MC100,dimgrey,dimgrey,1.5848363984714668,1.4637688158500142,True,True,True,up_in_tested,True,RPAIN
ENSG00000204560,DHX16,DEAH-box helicase 16,MC100_vs_MC1,69.74552469381167,1.354368152890825,0.486536574436869,2.783692375970724,0.0053743980478432,0.0345875583147512,True,up_in_MC100,dimgrey,dimgrey,1.354368152890825,1.4610800956282721,True,True,True,up_in_tested,True,DHX16
ENSG00000143258,USP21,ubiquitin specific peptidase 21,MC100_vs_MC1,30.72339572069632,1.800722085667595,0.6472618080611713,2.782061390369278,0.0054014821601975,0.0347153291432122,True,up_in_MC100,dimgrey,dimgrey,1.800722085667595,1.4594787127521442,True,True,True,up_in_tested,True,USP21
ENSG00000173611,SCAI,suppressor of cancer cell invasion,MC100_vs_MC1,53.9483638319017,1.2819353868098502,0.4609003615301982,2.7813720574091105,0.0054129662113949,0.0347466854851041,True,up_in_MC100,dimgrey,dimgrey,1.2819353868098502,1.4590866168057715,True,True,True,up_in_tested,True,SCAI
ENSG00000204525,HLA-C,"major histocompatibility complex, class I, C",MC100_vs_MC1,201.7735155782988,1.0440551777496665,0.3769715974704978,2.769585785123706,0.0056127621608323,0.0356163273185265,True,up_in_MC100,dimgrey,dimgrey,1.0440551777496665,1.4483508661061482,True,True,True,up_in_tested,True,HLA-C
ENSG00000126216,TUBGCP3,tubulin gamma complex component 3,MC100_vs_MC1,85.27443867835878,-1.103692510584612,0.3990971418440751,-2.765473351888393,0.0056840248961157,0.0359384771226164,True,up_in_MC1,darkgrey,darkgrey,1.103692510584612,1.4444403298774875,True,True,True,up_in_reference,True,TUBGCP3
ENSG00000102385,DRP2,dystrophin related protein 2,MC100_vs_MC1,69.17333501241684,-1.218957835465888,0.4424485445303451,-2.755027337155781,0.0058687231767551,0.0367528788944293,True,up_in_MC1,darkgrey,darkgrey,1.218957835465888,1.4347086364710757,True,True,True,up_in_reference,True,DRP2
ENSG00000039068,CDH1,cadherin 1,MC100_vs_MC1,155.4779177066329,-1.097010711253157,0.3994769745939083,-2.746117501185976,0.0060305160826137,0.0374264195908334,True,up_in_MC1,darkgrey,darkgrey,1.097010711253157,1.426821717804603,True,True,True,up_in_reference,True,CDH1
ENSG00000064490,RFXANK,regulatory factor X associated ankyrin containing protein,MC100_vs_MC1,41.248528022933165,1.563661406931742,0.5694382223273545,2.745971987164633,0.0060331914861755,0.0374264195908334,True,up_in_MC100,dimgrey,dimgrey,1.563661406931742,1.426821717804603,True,True,True,up_in_tested,True,RFXANK
ENSG00000196476,C20orf96,chromosome 20 open reading frame 96,MC100_vs_MC1,103.46790443995656,-1.0146733302473916,0.3722036991627352,-2.726123712713976,0.0064082974448507,0.0390623971131371,True,up_in_MC1,darkgrey,darkgrey,1.0146733302473916,1.4082411092031946,True,True,True,up_in_reference,True,C20orf96
ENSG00000186010,NDUFA13,NADH:ubiquinone oxidoreductase subunit A13,MC100_vs_MC1,213.85782388427103,-1.0179681313272202,0.3736638048387388,-2.7242888343615257,0.0064440123601702,0.0391892797926888,True,up_in_MC1,darkgrey,darkgrey,1.0179681313272202,1.4068327177654587,True,True,True,up_in_reference,True,NDUFA13
ENSG00000158966,CACHD1,cache domain containing 1,MC100_vs_MC1,42.223733775951885,1.7877690275413844,0.6566867002152378,2.722407849824611,0.0064808104930051,0.0393045009333251,True,up_in_MC100,dimgrey,dimgrey,1.7877690275413844,1.4055577137828486,True,True,True,up_in_tested,True,CACHD1
ENSG00000176531,PHLDB3,pleckstrin homology like domain family B member 3,MC100_vs_MC1,36.31686741272348,-1.6547962518342252,0.6090028118296523,-2.7172226789276266,0.0065832299145198,0.0397829764104898,True,up_in_MC1,darkgrey,darkgrey,1.6547962518342252,1.400302727740109,True,True,True,up_in_reference,True,PHLDB3
ENSG00000049860,HEXB,hexosaminidase subunit beta,MC100_vs_MC1,416.1788834863621,1.0974655151105264,0.4049333810457265,2.710237205627156,0.0067235104884236,0.0405375666754759,True,up_in_MC100,dimgrey,dimgrey,1.0974655151105264,1.3921423239984665,True,True,True,up_in_tested,True,HEXB
ENSG00000158715,SLC45A3,solute carrier family 45 member 3,MC100_vs_MC1,87.66664299333934,-1.0091705336799706,0.3723825832448939,-2.710036878970516,0.0067275727366933,0.0405388274700747,True,up_in_MC1,darkgrey,darkgrey,1.0091705336799706,1.392128816832962,True,True,True,up_in_reference,True,SLC45A3
ENSG00000288649,ACTL10,actin like 10,MC100_vs_MC1,50.06751401303533,-1.6632668562398416,0.6159099486329344,-2.7005033121020485,0.0069234647657133,0.0413403931895972,True,up_in_MC1,darkgrey,darkgrey,1.6632668562398416,1.3836253971025294,True,True,True,up_in_reference,True,ACTL10
ENSG00000132773,TOE1,"target of EGR1, exonuclease",MC100_vs_MC1,23.103971215812464,2.014557222284206,0.7471175445533531,2.6964394518248964,0.0070085137756972,0.0416826305450029,True,up_in_MC100,dimgrey,dimgrey,2.014557222284206,1.3800448809962091,True,True,True,up_in_tested,True,TOE1
ENSG00000100911,PSME2,proteasome activator subunit 2,MC100_vs_MC1,180.8011616870645,1.4971192038941663,0.5555075454904679,2.695047467937329,0.0070378604144958,0.0417863032849385,True,up_in_MC100,dimgrey,dimgrey,1.4971192038941663,1.3789660479510295,True,True,True,up_in_tested,True,PSME2
ENSG00000130023,ERMARD,ER membrane associated RNA degradation,MC100_vs_MC1,54.49837325944969,1.2530571641495956,0.4655863697953627,2.6913527659762604,0.0071162902130877,0.0420620726583686,True,up_in_MC100,dimgrey,dimgrey,1.2530571641495956,1.3761093307482675,True,True,True,up_in_tested,True,ERMARD
ENSG00000105618,PRPF31,pre-mRNA processing factor 31,MC100_vs_MC1,49.21211613733865,1.3341531790717982,0.498004846092027,2.678996378330941,0.0073843192547099,0.0432574737632535,True,up_in_MC100,dimgrey,dimgrey,1.3341531790717982,1.3639388469569038,True,True,True,up_in_tested,True,PRPF31
ENSG00000121104,FAM117A,family with sequence similarity 117 member A,MC100_vs_MC1,40.62326182586416,1.976188065713453,0.7389589412783519,2.674286696219919,0.0074888399483866,0.043699437103148,True,up_in_MC100,snow,snow,1.976188065713453,1.359524157184525,True,True,True,up_in_tested,True,FAM117A
ENSG00000110583,NAA40,"N-alpha-acetyltransferase 40, NatD catalytic subunit",MC100_vs_MC1,110.7949923969764,-1.0532916864492696,0.3939197771490872,-2.67387358429234,0.0074980710183132,0.043729049436626,True,up_in_MC1,darkgrey,darkgrey,1.0532916864492696,1.35922996306024,True,True,True,up_in_reference,True,NAA40
ENSG00000123496,IL13RA2,interleukin 13 receptor subunit alpha 2,MC100_vs_MC1,111.04682047217727,1.0511878896379732,0.3937417536256026,2.669739442054491,0.0075910127860213,0.0441243345423926,True,up_in_MC100,dimgrey,dimgrey,1.0511878896379732,1.3553218313320785,True,True,True,up_in_tested,True,IL13RA2
ENSG00000174032,SLC25A30,solute carrier family 25 member 30,MC100_vs_MC1,64.36349466766102,1.339828698653989,0.5021632022000228,2.6681140569123283,0.0076278358505216,0.0442894376287736,True,up_in_MC100,snow,snow,1.339828698653989,1.353699834194153,True,True,True,up_in_tested,True,SLC25A30
ENSG00000173451,THAP2,THAP domain containing 2,MC100_vs_MC1,44.19602070907896,1.4035539357901323,0.5271598371108401,2.6624826797930408,0.0077566561378318,0.0447165913567828,True,up_in_MC100,dimgrey,dimgrey,1.4035539357901323,1.3495313091323802,True,True,True,up_in_tested,True,THAP2
ENSG00000147124,ZNF41,zinc finger protein 41,MC100_vs_MC1,43.44847745321272,1.3651012377049163,0.5128965443773535,2.6615528076176127,0.0077781139066754,0.0447422287655182,True,up_in_MC100,snow,snow,1.3651012377049163,1.3492823859868774,True,True,True,up_in_tested,True,ZNF41
ENSG00000105063,PPP6R1,protein phosphatase 6 regulatory subunit 1,MC100_vs_MC1,61.87499275463176,-1.567984146918175,0.5892501400659272,-2.6609822218162624,0.0077913070848649,0.0447936294206906,True,up_in_MC1,dimgrey,dimgrey,1.567984146918175,1.3487837472557118,True,True,True,up_in_reference,True,PPP6R1
ENSG00000165097,KDM1B,lysine demethylase 1B,MC100_vs_MC1,108.9444551545687,1.0571696408646782,0.3981100582273901,2.6554708152107285,0.0079197786202124,0.0453587320975805,True,up_in_MC100,dimgrey,dimgrey,1.0571696408646782,1.3433390936812943,True,True,True,up_in_tested,True,KDM1B
ENSG00000153253,SCN3A,sodium voltage-gated channel alpha subunit 3,MC100_vs_MC1,100.24473667570952,-1.0125678349463345,0.3822218972810783,-2.649162285439948,0.0080691573723562,0.045912089394398,True,up_in_MC1,darkgrey,darkgrey,1.0125678349463345,1.3380729426552442,True,True,True,up_in_reference,True,SCN3A
ENSG00000276368,H2AC14,H2A clustered histone 14,MC100_vs_MC1,72.18403981935754,-1.2126222848671242,0.4577673219641712,-2.6489926796522933,0.0080732080320224,0.045912089394398,True,up_in_MC1,darkgrey,darkgrey,1.2126222848671242,1.3380729426552442,True,True,True,up_in_reference,True,H2AC14
ENSG00000188321,ZNF559,zinc finger protein 559,MC100_vs_MC1,54.12439970398038,1.1551881418965944,0.4368459726762895,2.6443831788569763,0.0081839951284119,0.0463172742044227,True,up_in_MC100,dimgrey,dimgrey,1.1551881418965944,1.3342570069837916,True,True,True,up_in_tested,True,ZNF559
ENSG00000138629,UBL7,ubiquitin like 7,MC100_vs_MC1,68.585065435472,1.1517656618749217,0.4363337158408224,2.639643969880827,0.0082993163998934,0.0467937341067948,True,up_in_MC100,dimgrey,dimgrey,1.1517656618749217,1.3298122970333217,True,True,True,up_in_tested,True,UBL7
ENSG00000143028,SYPL2,synaptophysin like 2,MC100_vs_MC1,63.4060762855215,-1.345098297093415,0.5100758413928326,-2.637055488494492,0.0083629150541192,0.0470766341810533,True,up_in_MC1,darkgrey,darkgrey,1.345098297093415,1.3271945952943993,True,True,True,up_in_reference,True,SYPL2
ENSG00000189362,NEMP2,nuclear envelope integral membrane protein 2,MC100_vs_MC1,56.22256877209512,1.1745512609530286,0.4467003256604361,2.629394234751187,0.0085537134776793,0.0478944222983842,True,up_in_MC100,dimgrey,dimgrey,1.1745512609530286,1.3197150608251067,True,True,True,up_in_tested,True,NEMP2
ENSG00000188290,HES4,hes family bHLH transcription factor 4,MC100_vs_MC1,47.59204043303794,-1.608335561184519,0.6119371841086251,-2.628269049424235,0.0085820608430633,0.0480020532322541,True,up_in_MC1,darkgrey,darkgrey,1.608335561184519,1.3187401857834362,True,True,True,up_in_reference,True,HES4
ENSG00000126768,TIMM17B,translocase of inner mitochondrial membrane 17B,MC100_vs_MC1,22.976487739474035,1.6699545924264394,0.635660030924451,2.6271190749523714,0.00861111948585,0.0480420632593349,True,up_in_MC100,dimgrey,dimgrey,1.6699545924264394,1.3183783492520198,True,True,True,up_in_tested,True,TIMM17B
ENSG00000198720,ANKRD13B,ankyrin repeat domain 13B,MC100_vs_MC1,27.33665296430155,2.097512368562154,0.7998688575804926,2.622320332494101,0.0087333301989073,0.0484872649196329,True,up_in_MC100,snow,snow,2.097512368562154,1.3143723129727838,True,True,True,up_in_tested,True,ANKRD13B
ENSG00000163701,IL17RE,interleukin 17 receptor E,MC100_vs_MC1,69.43271685227677,-1.4426326061361812,0.5522018761906949,-2.612509425154486,0.0089880213981838,0.0495353447513315,True,up_in_MC1,darkgrey,darkgrey,1.4426326061361812,1.305084810099918,True,True,True,up_in_reference,True,IL17RE
ENSG00000130303,BST2,bone marrow stromal cell antigen 2,MC100_vs_MC1,46.46041192111924,-1.7668147015854965,0.6765216135735151,-2.611616046164212,0.0090115398163406,0.0496389583286493,True,up_in_MC1,darkgrey,darkgrey,1.7668147015854965,1.3041773407282282,True,True,True,up_in_reference,True,BST2
ENSG00000143870,PDIA6,protein disulfide isomerase family A member 6,MC100_vs_MC1,697.1715196480053,-1.0628018870774036,0.407242109028892,-2.60975440288274,0.009060724667741,0.0498576800362465,True,up_in_MC1,whitesmoke,whitesmoke,1.0628018870774036,1.3022679338325955,True,True,True,up_in_reference,True,PDIA6
ENSG00000167191,GPRC5B,G protein-coupled receptor class C group 5 member B,MC100_vs_MC1,79.77647779353795,-1.101427314089469,0.4233588425535259,-2.6016400353093223,0.009277917823429,0.050734393669593,False,up_in_MC1,darkgrey,darkgrey,1.101427314089469,1.2946975255431699,True,True,True,up_in_reference,True,GPRC5B
ENSG00000139263,LRIG3,leucine rich repeats and immunoglobulin like domains 3,MC100_vs_MC1,35.49349437021599,1.627503664153397,0.6292437517440287,2.5864439013380185,0.0096971954247261,0.0524276428897964,False,up_in_MC100,darkgrey,darkgrey,1.627503664153397,1.2804396674239134,True,True,True,up_in_tested,True,LRIG3
ENSG00000083123,BCKDHB,branched chain keto acid dehydrogenase E1 subunit beta,MC100_vs_MC1,59.41264173484959,1.335649678296758,0.5186441263403371,2.5752719648468503,0.0100161295230634,0.0537377351923253,False,up_in_MC100,dimgrey,dimgrey,1.335649678296758,1.269720641107213,True,True,True,up_in_tested,True,BCKDHB
ENSG00000130032,PRRG3,proline rich and Gla domain 3,MC100_vs_MC1,126.38587294327549,-1.0141604347056483,0.3939075829453315,-2.5746151600397056,0.0100351673606508,0.0537709744130911,False,up_in_MC1,darkgrey,darkgrey,1.0141604347056483,1.2694520933649083,True,True,True,up_in_reference,True,PRRG3
ENSG00000167216,KATNAL2,katanin catalytic subunit A1 like 2,MC100_vs_MC1,45.57083605843261,-1.3495814784974682,0.5245364957104448,-2.572902914352152,0.0100849493171516,0.0539693549164557,False,up_in_MC1,dimgrey,dimgrey,1.3495814784974682,1.267852772927893,True,True,True,up_in_reference,True,KATNAL2
ENSG00000147536,GINS4,GINS complex subunit 4,MC100_vs_MC1,67.77219535635646,-1.6126861138722035,0.6305371486771187,-2.557638542400961,0.0105385569733951,0.0558258645518086,False,up_in_MC1,dimgrey,dimgrey,1.6126861138722035,1.253164542467498,True,True,True,up_in_reference,True,GINS4
ENSG00000197362,ZNF786,zinc finger protein 786,MC100_vs_MC1,40.601505384882536,1.453105920741372,0.5693173497190311,2.5523654275748093,0.0106994233394567,0.0564253799270297,False,up_in_MC100,dimgrey,dimgrey,1.453105920741372,1.2485255080205675,True,True,True,up_in_tested,True,ZNF786
ENSG00000120832,MTERF2,mitochondrial transcription termination factor 2,MC100_vs_MC1,88.42338930757802,1.2292647436175128,0.4826288713338392,2.547018665129169,0.0108647621788989,0.0571540814420977,False,up_in_MC100,dimgrey,dimgrey,1.2292647436175128,1.2429527506669524,True,True,True,up_in_tested,True,MTERF2
ENSG00000141858,SAMD1,sterile alpha motif domain containing 1,MC100_vs_MC1,66.67455267076403,-1.5024093935749083,0.5903800687059804,-2.544817268082833,0.0109334937103321,0.057429499414081,False,up_in_MC1,darkgrey,darkgrey,1.5024093935749083,1.240864969242947,True,True,True,up_in_reference,True,SAMD1
ENSG00000105865,DUS4L,dihydrouridine synthase 4 like,MC100_vs_MC1,179.18146771389743,-2.410204250781096,0.9506157761836032,-2.535413687806908,0.0112314602481851,0.0587015366473702,False,up_in_MC1,dimgrey,dimgrey,2.410204250781096,1.2313505299493426,True,True,True,up_in_reference,True,DUS4L
ENSG00000138073,PREB,prolactin regulatory element binding,MC100_vs_MC1,48.21806782916581,1.1527198819131088,0.4548729101037227,2.5341581270475286,0.0112717854559982,0.0588098825417549,False,up_in_MC100,dimgrey,dimgrey,1.1527198819131088,1.2305496879932802,True,True,True,up_in_tested,True,PREB
ENSG00000235453,TZMP1,transition zone microprotein 1,MC100_vs_MC1,41.23833057702471,1.6203816248401588,0.646633381308789,2.5058737635234647,0.0122149221293323,0.0625064181530669,False,up_in_MC100,dimgrey,dimgrey,1.6203816248401588,1.2040753870502816,True,True,True,up_in_tested,True,TZMP1
ENSG00000164949,GEM,GTP binding protein overexpressed in skeletal muscle,MC100_vs_MC1,137.37305765748235,1.0204845930973228,0.4085007584957182,2.498121660422864,0.0124853336626593,0.0633968124830303,False,up_in_MC100,dimgrey,dimgrey,1.0204845930973228,1.197932577383746,True,True,True,up_in_tested,True,GEM
ENSG00000111640,GAPDH,glyceraldehyde-3-phosphate dehydrogenase,MC100_vs_MC1,388.8783066750567,1.1963687637977722,0.4800465874473892,2.4921930393451417,0.0126957016108981,0.0640630583444888,False,up_in_MC100,dimgrey,dimgrey,1.1963687637977722,1.1933923321344144,True,True,True,up_in_tested,True,GAPDH
ENSG00000230453,ANKRD18B,ankyrin repeat domain 18B,MC100_vs_MC1,30.087273085561623,1.6070478424075407,0.6457675005055737,2.488585816333862,0.012825228075865,0.0645134141888622,False,up_in_MC100,dimgrey,dimgrey,1.6070478424075407,1.1903499736981558,True,True,True,up_in_tested,True,ANKRD18B
ENSG00000181274,FRAT2,FRAT regulator of Wnt signaling pathway 2,MC100_vs_MC1,61.009971066815865,1.429820024038835,0.5748012318918944,2.4875034093659494,0.0128643220529848,0.0646658061726962,False,up_in_MC100,snow,snow,1.429820024038835,1.1893253038142224,True,True,True,up_in_tested,True,FRAT2
ENSG00000166582,CENPV,centromere protein V,MC100_vs_MC1,25.861903544864663,2.120826889261283,0.8551239356806092,2.480139779473342,0.0131330887623895,0.0655813774546718,False,up_in_MC100,dimgrey,dimgrey,2.120826889261283,1.1832194657593564,True,True,True,up_in_tested,True,CENPV
ENSG00000119508,NR4A3,nuclear receptor subfamily 4 group A member 3,MC100_vs_MC1,52.02087164972469,1.3976063425515737,0.5653733484709705,2.472006058176148,0.0134357239452927,0.066458926523126,False,up_in_MC100,dimgrey,dimgrey,1.3976063425515737,1.177446677936152,True,True,True,up_in_tested,True,NR4A3
ENSG00000270629,NBPF14,NBPF member 14,MC100_vs_MC1,41.24584305138868,-1.400568053413757,0.5701408344752273,-2.4565299812332806,0.0140286095788704,0.0683626685406649,False,up_in_MC1,darkgrey,darkgrey,1.400568053413757,1.16518099291055,True,True,True,up_in_reference,True,NBPF14
ENSG00000173894,CBX2,chromobox 2,MC100_vs_MC1,53.2078551747554,1.3480891073389336,0.5508618919736141,2.4472360985237764,0.0143956504302041,0.0695712623684784,False,up_in_MC100,dimgrey,dimgrey,1.3480891073389336,1.157570116310449,True,True,True,up_in_tested,True,CBX2
ENSG00000161681,SHANK1,SH3 and multiple ankyrin repeat domains 1,MC100_vs_MC1,54.524755759599806,-1.4060604191046129,0.5749502931111814,-2.4455338764958507,0.0144637859900196,0.0698043543123836,False,up_in_MC1,darkgrey,darkgrey,1.4060604191046129,1.1561174857599532,True,True,True,up_in_reference,True,SHANK1
ENSG00000134917,ADAMTS8,ADAM metallopeptidase with thrombospondin type 1 motif 8,MC100_vs_MC1,32.60909595412182,-1.6228120611158097,0.6656813324518368,-2.437821194622764,0.0147760807861456,0.0710183398588572,False,up_in_MC1,darkgrey,darkgrey,1.6228120611158097,1.1486294840840294,True,True,True,up_in_reference,True,ADAMTS8
ENSG00000135506,OS9,OS9 endoplasmic reticulum lectin,MC100_vs_MC1,80.9401312244673,-1.0578771204057866,0.4343603046156518,-2.435482960032133,0.0148719250453621,0.0714117399956927,False,up_in_MC1,darkgrey,darkgrey,1.0578771204057866,1.1462303849154065,True,True,True,up_in_reference,True,OS9
ENSG00000177548,RABEP2,"rabaptin, RAB GTPase binding effector protein 2",MC100_vs_MC1,34.403706853966014,1.4985969245482744,0.6154407046378758,2.434998064403372,0.0148918693613297,0.0714117399956927,False,up_in_MC100,dimgrey,dimgrey,1.4985969245482744,1.1462303849154065,True,True,True,up_in_tested,True,RABEP2
ENSG00000166398,GARRE1,granule associated Rac and RHOG effector 1,MC100_vs_MC1,112.30814760060456,-1.0290035519871426,0.4232126213485354,-2.4314103598997105,0.0150401694400891,0.0719916390715096,False,up_in_MC1,darkgrey,darkgrey,1.0290035519871426,1.1427179385125166,True,True,True,up_in_reference,True,GARRE1
ENSG00000272031,ANKRD34A,ankyrin repeat domain 34A,MC100_vs_MC1,104.29436679184086,1.0672770894303802,0.4392075274866059,2.430006369740392,0.0150985574785872,0.0721726139174086,False,up_in_MC100,dimgrey,dimgrey,1.0672770894303802,1.1416275653223016,True,True,True,up_in_tested,True,ANKRD34A
ENSG00000102221,JADE3,jade family PHD finger 3,MC100_vs_MC1,43.78450917234252,1.3466396605886255,0.5581238054778777,2.4127973889872045,0.0158306169734649,0.0743380243725823,False,up_in_MC100,dimgrey,dimgrey,1.3466396605886255,1.1287889850143982,True,True,True,up_in_tested,True,JADE3
ENSG00000168734,PKIG,cAMP-dependent protein kinase inhibitor gamma,MC100_vs_MC1,54.17943942211687,-1.4511421853078936,0.6017969283138578,-2.411348607866395,0.0158936487424837,0.074517414625522,False,up_in_MC1,dimgrey,dimgrey,1.4511421853078936,1.1277422213193695,True,True,True,up_in_reference,True,PKIG
ENSG00000158201,ABHD3,"abhydrolase domain containing 3, phospholipase",MC100_vs_MC1,61.64928953890208,1.554200338671899,0.6467406550741105,2.4031276315756,0.0162555128392903,0.0758086217119564,False,up_in_MC100,maroon,maroon,1.554200338671899,1.1202813992624574,True,True,True,up_in_tested,True,ABHD3
ENSG00000118965,WDR35,WD repeat domain 35,MC100_vs_MC1,63.89163882472159,1.091546251960435,0.4553716100101631,2.3970450242518937,0.0165278926661218,0.0767387284820248,False,up_in_MC100,dimgrey,dimgrey,1.091546251960435,1.1149854010956797,True,True,True,up_in_tested,True,WDR35
ENSG00000197933,ZNF823,zinc finger protein 823,MC100_vs_MC1,26.43375128630672,2.049511656530035,0.857237667017612,2.390832479002498,0.0168102210389429,0.0775650362872964,False,up_in_MC100,dimgrey,dimgrey,2.049511656530035,1.1103339999959594,True,True,True,up_in_tested,True,ZNF823
ENSG00000105784,RUNDC3B,RUN domain containing 3B,MC100_vs_MC1,48.88625069870832,1.5959935302762078,0.6678444132405088,2.389768482949707,0.0168589965144342,0.0776251651327624,False,up_in_MC100,dimgrey,dimgrey,1.5959935302762078,1.1099974629355411,True,True,True,up_in_tested,True,RUNDC3B
ENSG00000028116,VRK2,VRK serine/threonine kinase 2,MC100_vs_MC1,124.89410397190518,-1.018878967022466,0.4264274776933117,-2.389337039287247,0.0168788100322894,0.077682397353332,False,up_in_MC1,whitesmoke,whitesmoke,1.018878967022466,1.1096773801487445,True,True,True,up_in_reference,True,VRK2
ENSG00000196605,ZNF846,zinc finger protein 846,MC100_vs_MC1,31.837703934996185,1.1923105485501315,0.4996563762743441,2.3862610489243004,0.0170206643445616,0.0781802302331283,False,up_in_MC100,dimgrey,dimgrey,1.1923105485501315,1.106903054947134,True,True,True,up_in_tested,True,ZNF846
ENSG00000170276,HSPB2,heat shock protein family B (small) member 2,MC100_vs_MC1,52.695308566697285,-1.206189869743176,0.5057036690630411,-2.3851712841593247,0.0170711710044137,0.0782937184557265,False,up_in_MC1,dimgrey,dimgrey,1.206189869743176,1.106273080208326,True,True,True,up_in_reference,True,HSPB2
ENSG00000108509,CAMTA2,calmodulin binding transcription activator 2,MC100_vs_MC1,31.85159091814404,1.4045363412608964,0.5905191938621243,2.378477034886745,0.0173843197580203,0.0793656731511779,False,up_in_MC100,dimgrey,dimgrey,1.4045363412608964,1.10036729586659,True,True,True,up_in_tested,True,CAMTA2
ENSG00000116521,SCAMP3,secretory carrier membrane protein 3,MC100_vs_MC1,75.17494124347733,1.018293421741693,0.4281419257058756,2.3784015547247264,0.0173878791572536,0.0793656731511779,False,up_in_MC100,dimgrey,dimgrey,1.018293421741693,1.10036729586659,True,True,True,up_in_tested,True,SCAMP3
ENSG00000175826,CTDNEP1,CTD nuclear envelope phosphatase 1,MC100_vs_MC1,131.34811300213445,1.1630177071463643,0.4922885386862827,2.362471631474469,0.0181535307668894,0.082013674244421,False,up_in_MC100,dimgrey,dimgrey,1.1630177071463643,1.0861137311066555,True,True,True,up_in_tested,True,CTDNEP1
ENSG00000131067,GGT7,gamma-glutamyltransferase 7,MC100_vs_MC1,79.12230940169776,-1.2871185591842316,0.5448494517435561,-2.362337990917239,0.0181600769633759,0.082013674244421,False,up_in_MC1,darkgrey,darkgrey,1.2871185591842316,1.0861137311066555,True,True,True,up_in_reference,True,GGT7
ENSG00000171100,MTM1,myotubularin 1,MC100_vs_MC1,44.261311297636894,1.4464036493187409,0.6128061049955097,2.360295756729348,0.0182603704176072,0.0823124923580318,False,up_in_MC100,dimgrey,dimgrey,1.4464036493187409,1.084534248014442,True,True,True,up_in_tested,True,MTM1
ENSG00000171928,TVP23B,trans-golgi network vesicle protein 23 homolog B,MC100_vs_MC1,70.36310298121118,1.0006191928676595,0.4242741170023285,2.358426198462085,0.0183526086453598,0.0825867389041194,False,up_in_MC100,dimgrey,dimgrey,1.0006191928676595,1.0830896824995238,True,True,True,up_in_tested,True,TVP23B
ENSG00000184451,CCR10,C-C motif chemokine receptor 10,MC100_vs_MC1,65.59169168646952,-1.1885205175056834,0.5050649695131981,-2.3532032297770065,0.018612458392437,0.0831514542449384,False,up_in_MC1,darkgrey,darkgrey,1.1885205175056834,1.080130150954032,True,True,True,up_in_reference,True,CCR10
ENSG00000060656,PTPRU,protein tyrosine phosphatase receptor type U,MC100_vs_MC1,96.39121867208492,-1.18789254468844,0.5054389055214008,-2.3502198420262754,0.0187623258843453,0.083643402808982,False,up_in_MC1,darkgrey,darkgrey,1.18789254468844,1.0775683073811133,True,True,True,up_in_reference,True,PTPRU
ENSG00000163755,HPS3,HPS3 biogenesis of lysosomal organelles complex 2 subunit 1,MC100_vs_MC1,24.17785906452585,1.787137289584178,0.7630506874811095,2.342095117538861,0.0191758271908298,0.0850184904655378,False,up_in_MC100,dimgrey,dimgrey,1.787137289584178,1.0704866103581596,True,True,True,up_in_tested,True,HPS3
ENSG00000158691,ZSCAN12,zinc finger and SCAN domain containing 12,MC100_vs_MC1,59.08919091518114,1.030354816413711,0.4430659588525745,2.32551112498478,0.0200446457433755,0.0875061069983627,False,up_in_MC100,dimgrey,dimgrey,1.030354816413711,1.0579616367703863,True,True,True,up_in_tested,True,ZSCAN12
ENSG00000135549,PKIB,cAMP-dependent protein kinase inhibitor beta,MC100_vs_MC1,43.908094727197,1.3653164555356676,0.5890016324636399,2.318018117920838,0.0204483364119974,0.0888137032791039,False,up_in_MC100,dimgrey,dimgrey,1.3653164555356676,1.0515200207151127,True,True,True,up_in_tested,True,PKIB
ENSG00000197903,H2BC12,H2B clustered histone 12,MC100_vs_MC1,57.81312462430649,1.0523633471517673,0.4558091397339107,2.308780705376178,0.0209557532333125,0.0902478427211139,False,up_in_MC100,dimgrey,dimgrey,1.0523633471517673,1.0445631706468341,True,True,True,up_in_tested,True,H2BC12
ENSG00000235961,PNMA6A,PNMA family member 6A,MC100_vs_MC1,34.51695872126155,-1.6120298093094003,0.69974649360543,-2.3037340294532225,0.0212375783656737,0.0912374691650686,False,up_in_MC1,darkgrey,darkgrey,1.6120298093094003,1.0398267701171067,True,True,True,up_in_reference,True,PNMA6A
ENSG00000132334,PTPRE,protein tyrosine phosphatase receptor type E,MC100_vs_MC1,34.56519384847604,-1.1926291776308633,0.5178552435386387,-2.3030165138066767,0.021277913974526,0.0913734420106077,False,up_in_MC1,whitesmoke,whitesmoke,1.1926291776308633,1.0391800150350616,True,True,True,up_in_reference,True,PTPRE
ENSG00000171466,ZNF562,zinc finger protein 562,MC100_vs_MC1,53.13294309426897,-1.0982674977004276,0.477317063955698,-2.300918154064492,0.0213962577660743,0.0917028411566915,False,up_in_MC1,darkgrey,darkgrey,1.0982674977004276,1.037617208718652,True,True,True,up_in_reference,True,ZNF562
ENSG00000070047,PHRF1,PHD and ring finger domains 1,MC100_vs_MC1,50.43856538810272,-1.484239375807392,0.6458008350523831,-2.298292747929012,0.0215451329324343,0.0921448551146919,False,up_in_MC1,dimgrey,dimgrey,1.484239375807392,1.035528908493487,True,True,True,up_in_reference,True,PHRF1
ENSG00000184986,TMEM121,transmembrane protein 121,MC100_vs_MC1,68.03646484396505,-1.2999527012833605,0.5681518776683203,-2.28803732308046,0.0221353476905369,0.0938299730266477,False,up_in_MC1,dimgrey,dimgrey,1.2999527012833605,1.0276584085211,True,True,True,up_in_reference,True,TMEM121
ENSG00000184271,POU6F1,POU class 6 homeobox 1,MC100_vs_MC1,34.754769234549606,1.627989646658575,0.7151111322180969,2.2765547525584675,0.0228128274826952,0.0958359602150816,False,up_in_MC100,maroon,maroon,1.627989646658575,1.018471501437188,True,True,True,up_in_tested,True,POU6F1
ENSG00000171862,PTEN,phosphatase and tensin homolog,MC100_vs_MC1,38.4907486566546,1.3185917366319415,0.5796440269740777,2.274830197967192,0.0229161179543552,0.0961355678038249,False,up_in_MC100,dimgrey,dimgrey,1.3185917366319415,1.0171159042867643,True,True,True,up_in_tested,True,PTEN
ENSG00000176155,CCDC57,coiled-coil domain containing 57,MC100_vs_MC1,50.135650503108586,-1.2407931121084157,0.54603606046902,-2.2723647794298256,0.0230644871595532,0.0964473248830126,False,up_in_MC1,darkgrey,darkgrey,1.2407931121084157,1.0157098136878824,True,True,True,up_in_reference,True,CCDC57
ENSG00000033011,ALG1,ALG1 chitobiosyldiphosphodolichol beta-mannosyltransferase,MC100_vs_MC1,48.20161692339204,1.141246481454936,0.503190599745143,2.268020273099213,0.0233279710618742,0.0973170434345674,False,up_in_MC100,dimgrey,dimgrey,1.141246481454936,1.0118110937358484,True,True,True,up_in_tested,True,ALG1
ENSG00000167103,PIP5KL1,phosphatidylinositol-4-phosphate 5-kinase like 1,MC100_vs_MC1,28.349383818595644,1.603232191952563,0.7079255419049704,2.264690418766916,0.0235316838538318,0.0979338788869323,False,up_in_MC100,snow,snow,1.603232191952563,1.0090670439639509,True,True,True,up_in_tested,True,PIP5KL1
ENSG00000023171,GRAMD1B,GRAM domain containing 1B,MC100_vs_MC1,56.21850436065993,1.2572544824962752,0.5559763532884195,2.261345244379592,0.0237378865858472,0.098593102296926,False,up_in_MC100,dimgrey,dimgrey,1.2572544824962752,1.0061534678089883,True,True,True,up_in_tested,True,GRAMD1B
ENSG00000121350,PYROXD1,pyridine nucleotide-disulphide oxidoreductase domain 1,MC100_vs_MC1,64.61264986354247,1.209211504999873,0.5361002473331669,2.255569757736732,0.0240975889788781,0.0998152494672348,False,up_in_MC100,dimgrey,dimgrey,1.209211504999873,1.0008031034666987,True,True,True,up_in_tested,True,PYROXD1
