gene_id,WGCNA_Module
ENSG00000210082,bisque
ENSG00000198899,bisque
ENSG00000198886,bisque
ENSG00000198727,bisque
ENSG00000198938,burlywood
ENSG00000198888,bisque
ENSG00000125148,burlywood
ENSG00000198763,bisque
ENSG00000228253,firebrick
ENSG00000198840,bisque
ENSG00000080824,bisque
ENSG00000198712,burlywood
ENSG00000177469,chocolate
ENSG00000108821,chocolate
ENSG00000135404,chocolate
ENSG00000138326,bisque
ENSG00000026025,navajowhite
ENSG00000213741,chocolate
ENSG00000137309,chocolate
ENSG00000197756,firebrick
ENSG00000072110,chocolate
ENSG00000142156,chocolate
ENSG00000165119,chocolate
ENSG00000159674,chocolate
ENSG00000196924,chocolate
ENSG00000106153,bisque
ENSG00000105438,chocolate
ENSG00000198786,chocolate
ENSG00000149273,chocolate
ENSG00000177954,bisque
ENSG00000110321,chocolate
ENSG00000131747,chocolate
ENSG00000071082,bisque
ENSG00000075624,bisque
ENSG00000145592,bisque
ENSG00000164587,chocolate
ENSG00000044574,bisque
ENSG00000293293,chocolate
ENSG00000101335,chocolate
ENSG00000136830,chocolate
ENSG00000063177,chocolate
ENSG00000143947,bisque
ENSG00000162576,chocolate
ENSG00000185896,chocolate
ENSG00000088247,chocolate
ENSG00000077549,chocolate
ENSG00000113739,chocolate
ENSG00000197956,chocolate
ENSG00000182718,tomato
ENSG00000109475,chocolate
ENSG00000167460,chocolate
ENSG00000149806,chocolate
ENSG00000104904,chocolate
ENSG00000106211,chocolate
ENSG00000034152,chocolate
ENSG00000205542,orange
ENSG00000108298,bisque
ENSG00000122406,bisque
ENSG00000100097,chocolate
ENSG00000166441,chocolate
ENSG00000105221,chocolate
ENSG00000108518,chocolate
ENSG00000105401,chocolate
ENSG00000227615,bisque
ENSG00000172809,chocolate
ENSG00000167658,firebrick
ENSG00000158710,chocolate
ENSG00000065978,chocolate
ENSG00000112306,bisque
ENSG00000157227,chocolate
ENSG00000245532,chocolate
ENSG00000211459,darkkhaki
ENSG00000074800,chocolate
ENSG00000166598,chocolate
ENSG00000088832,chocolate
ENSG00000136810,tomato
ENSG00000122565,bisque
ENSG00000198467,chocolate
ENSG00000102265,gold
ENSG00000172757,bisque
ENSG00000167526,bisque
ENSG00000140988,bisque
ENSG00000156508,bisque
ENSG00000174444,bisque
ENSG00000087086,gold
ENSG00000213442,chocolate
ENSG00000184840,chocolate
ENSG00000164032,chocolate
ENSG00000089157,burlywood
ENSG00000249992,chocolate
ENSG00000131469,bisque
ENSG00000125691,bisque
ENSG00000160789,chocolate
ENSG00000140264,chocolate
ENSG00000100345,chocolate
ENSG00000163359,chocolate
ENSG00000185787,chocolate
ENSG00000248527,bisque
ENSG00000142541,bisque
ENSG00000197746,chocolate
ENSG00000142676,bisque
ENSG00000117362,chocolate
ENSG00000229119,chocolate
ENSG00000198804,chocolate
ENSG00000171863,bisque
ENSG00000149257,chocolate
ENSG00000237973,bisque
ENSG00000067560,chocolate
ENSG00000133112,orange
ENSG00000034510,burlywood
ENSG00000197958,chocolate
ENSG00000129250,bisque
ENSG00000197061,chocolate
ENSG00000134294,chocolate
ENSG00000147649,chocolate
ENSG00000230629,bisque
ENSG00000136026,chocolate
ENSG00000176014,chocolate
ENSG00000113719,chocolate
ENSG00000070614,chocolate
ENSG00000137818,gold
ENSG00000140545,chocolate
ENSG00000089597,chocolate
ENSG00000119681,chocolate
ENSG00000169715,chocolate
ENSG00000122026,chocolate
ENSG00000009307,chocolate
ENSG00000125844,chocolate
ENSG00000142871,chocolate
ENSG00000103187,chocolate
ENSG00000198034,tomato
ENSG00000162889,chocolate
ENSG00000136942,bisque
ENSG00000196531,bisque
ENSG00000114391,chocolate
ENSG00000115414,chocolate
ENSG00000143933,navajowhite
ENSG00000119335,chocolate
ENSG00000030582,chocolate
ENSG00000162734,chocolate
ENSG00000068697,chocolate
ENSG00000184900,chocolate
ENSG00000110092,chocolate
ENSG00000188846,chocolate
ENSG00000212907,chocolate
ENSG00000197728,bisque
ENSG00000183741,chocolate
ENSG00000233762,bisque
ENSG00000008441,chocolate
ENSG00000132341,beige
ENSG00000131711,bisque
ENSG00000109971,bisque
ENSG00000116133,bisque
ENSG00000165502,bisque
ENSG00000189343,bisque
ENSG00000164692,chocolate
ENSG00000233927,chocolate
ENSG00000008988,bisque
ENSG00000117984,chocolate
ENSG00000142173,chocolate
ENSG00000221823,chocolate
ENSG00000229659,bisque
ENSG00000117298,chocolate
ENSG00000101150,chocolate
ENSG00000168028,saddlebrown
ENSG00000135046,bisque
ENSG00000141002,bisque
ENSG00000148303,burlywood
ENSG00000204628,bisque
ENSG00000157613,chocolate
ENSG00000221983,gold
ENSG00000078808,chocolate
ENSG00000236824,bisque
ENSG00000231500,burlywood
ENSG00000149357,chocolate
ENSG00000147403,beige
ENSG00000197081,chocolate
ENSG00000167552,burlywood
ENSG00000197043,chocolate
ENSG00000100234,chocolate
ENSG00000115310,bisque
ENSG00000127184,bisque
ENSG00000116260,chocolate
ENSG00000137575,chocolate
ENSG00000164111,bisque
ENSG00000137154,goldenrod
ENSG00000105193,chocolate
ENSG00000220842,chocolate
ENSG00000196396,chocolate
ENSG00000008952,bisque
ENSG00000120708,firebrick
ENSG00000126457,chocolate
ENSG00000185088,chocolate
ENSG00000141753,chocolate
ENSG00000229117,chocolate
ENSG00000124145,chocolate
ENSG00000075618,chocolate
ENSG00000087460,bisque
ENSG00000179820,chocolate
ENSG00000222041,bisque
ENSG00000105974,antiquewhite
ENSG00000124795,bisque
ENSG00000100316,bisque
ENSG00000131236,navajowhite
ENSG00000138758,firebrick
ENSG00000169213,chocolate
ENSG00000113140,orange
ENSG00000111142,chocolate
ENSG00000130508,chocolate
ENSG00000100401,chocolate
ENSG00000161970,bisque
ENSG00000167283,chocolate
ENSG00000089280,bisque
ENSG00000128595,chocolate
ENSG00000160310,chocolate
ENSG00000112655,chocolate
ENSG00000158417,bisque
ENSG00000152795,chocolate
ENSG00000035862,saddlebrown
ENSG00000198755,linen
ENSG00000171858,bisque
ENSG00000124191,chocolate
ENSG00000101182,bisque
ENSG00000092841,gold
ENSG00000185650,chocolate
ENSG00000132475,saddlebrown
ENSG00000227081,bisque
ENSG00000108774,chocolate
ENSG00000156467,chocolate
ENSG00000147065,chocolate
ENSG00000185641,chocolate
ENSG00000214535,bisque
ENSG00000070756,chocolate
ENSG00000144713,bisque
ENSG00000105640,gold
ENSG00000084207,chocolate
ENSG00000069849,bisque
ENSG00000142937,bisque
ENSG00000168710,bisque
ENSG00000234742,bisque
ENSG00000198695,honeydew
ENSG00000177697,chocolate
ENSG00000134531,goldenrod
ENSG00000147133,chocolate
ENSG00000050405,chocolate
ENSG00000147274,chocolate
ENSG00000117519,chocolate
ENSG00000182899,bisque
ENSG00000134871,chocolate
ENSG00000176788,bisque
ENSG00000048828,chocolate
ENSG00000074842,chocolate
ENSG00000150938,chocolate
ENSG00000185728,chocolate
ENSG00000071626,bisque
ENSG00000167004,chocolate
ENSG00000223551,beige
ENSG00000117411,bisque
ENSG00000134419,chocolate
ENSG00000118523,chocolate
ENSG00000100243,chocolate
ENSG00000185222,linen
ENSG00000241553,chocolate
ENSG00000232573,bisque
ENSG00000198258,burlywood
ENSG00000118680,chocolate
ENSG00000153140,chocolate
ENSG00000143384,chocolate
ENSG00000174748,burlywood
ENSG00000057019,goldenrod
ENSG00000106333,chocolate
ENSG00000011465,chocolate
ENSG00000049656,chocolate
ENSG00000090621,chocolate
ENSG00000167601,chocolate
ENSG00000083312,chocolate
ENSG00000162909,bisque
ENSG00000118900,chocolate
ENSG00000105372,orange
ENSG00000159335,darkkhaki
ENSG00000145050,chocolate
ENSG00000163682,chocolate
ENSG00000136930,bisque
ENSG00000089009,bisque
ENSG00000185129,bisque
ENSG00000127603,chocolate
ENSG00000255302,bisque
ENSG00000150687,chocolate
ENSG00000115306,chocolate
ENSG00000196262,beige
ENSG00000145741,tomato
ENSG00000147604,bisque
ENSG00000141905,firebrick
ENSG00000109180,chocolate
ENSG00000215030,bisque
ENSG00000122786,firebrick
ENSG00000169908,bisque
ENSG00000163191,bisque
ENSG00000168137,chocolate
ENSG00000099817,chocolate
ENSG00000177700,bisque
ENSG00000108344,chocolate
ENSG00000104332,chocolate
ENSG00000124762,chocolate
ENSG00000113732,chocolate
ENSG00000127837,bisque
ENSG00000137076,chocolate
ENSG00000129128,chocolate
ENSG00000161016,bisque
ENSG00000266402,chocolate
ENSG00000118181,bisque
ENSG00000132432,beige
ENSG00000129116,chocolate
ENSG00000065308,chocolate
ENSG00000092199,chocolate
ENSG00000079246,bisque
ENSG00000146677,chocolate
ENSG00000127922,bisque
ENSG00000167110,chocolate
ENSG00000198242,chocolate
ENSG00000100106,coral
ENSG00000125356,bisque
ENSG00000181163,tomato
ENSG00000186468,bisque
ENSG00000130164,chocolate
ENSG00000071054,chocolate
ENSG00000184640,chocolate
ENSG00000112081,chocolate
ENSG00000026508,linen
ENSG00000117632,beige
ENSG00000154518,antiquewhite
ENSG00000142534,bisque
ENSG00000277443,lightyellow
ENSG00000179222,chocolate
ENSG00000197301,chocolate
ENSG00000154277,chocolate
ENSG00000210196,firebrick
ENSG00000251562,bisque
ENSG00000108107,bisque
ENSG00000112695,burlywood
ENSG00000137831,firebrick
ENSG00000150991,chocolate
ENSG00000136295,chocolate
ENSG00000164919,bisque
ENSG00000173812,beige
ENSG00000263266,bisque
ENSG00000244245,chocolate
ENSG00000189403,beige
ENSG00000173915,bisque
ENSG00000130309,chocolate
ENSG00000169223,chocolate
ENSG00000163466,beige
ENSG00000099804,chocolate
ENSG00000198668,bisque
ENSG00000085063,lemonchiffon
ENSG00000113810,bisque
ENSG00000137409,chocolate
ENSG00000084234,orange
ENSG00000099800,chocolate
ENSG00000106366,papayawhip
ENSG00000083845,burlywood
ENSG00000132535,bisque
ENSG00000197747,bisque
ENSG00000162736,chocolate
ENSG00000089693,bisque
ENSG00000169813,chocolate
ENSG00000110047,chocolate
ENSG00000177606,chocolate
ENSG00000125753,chocolate
ENSG00000126247,chocolate
ENSG00000164896,chocolate
ENSG00000162783,chocolate
ENSG00000178988,chocolate
ENSG00000167978,chocolate
ENSG00000159202,chocolate
ENSG00000091986,sandybrown
ENSG00000110700,burlywood
ENSG00000128656,chocolate
ENSG00000011422,chocolate
ENSG00000091640,chocolate
ENSG00000159167,darkolivegreen
ENSG00000198900,bisque
ENSG00000105185,chocolate
ENSG00000138674,chocolate
ENSG00000136149,chocolate
ENSG00000143198,chocolate
ENSG00000181019,burlywood
ENSG00000123374,chocolate
ENSG00000139239,bisque
ENSG00000130513,chocolate
ENSG00000011304,chocolate
ENSG00000236552,bisque
ENSG00000162614,bisque
ENSG00000187109,bisque
ENSG00000114942,bisque
ENSG00000196683,orange
ENSG00000153187,chocolate
ENSG00000125534,chocolate
ENSG00000135862,chocolate
ENSG00000013810,chocolate
ENSG00000143761,chocolate
ENSG00000105968,chocolate
ENSG00000170955,chocolate
ENSG00000125952,chocolate
ENSG00000102882,bisque
ENSG00000141367,chocolate
ENSG00000162244,bisque
ENSG00000100280,chocolate
ENSG00000054116,chocolate
ENSG00000163931,chocolate
ENSG00000135111,chocolate
ENSG00000244398,darkolivegreen
ENSG00000093010,goldenrod
ENSG00000141526,bisque
ENSG00000125868,cornsilk
ENSG00000110651,chocolate
ENSG00000175166,chocolate
ENSG00000119707,chocolate
ENSG00000187514,yellowgreen
ENSG00000115677,chocolate
ENSG00000164054,chocolate
ENSG00000158864,lemonchiffon
ENSG00000087074,chocolate
ENSG00000177600,darkkhaki
ENSG00000140374,chocolate
ENSG00000102119,chocolate
ENSG00000250321,orange
ENSG00000165283,chocolate
ENSG00000144136,chocolate
ENSG00000152104,chocolate
ENSG00000139289,bisque
ENSG00000265972,chocolate
ENSG00000163584,chocolate
ENSG00000169710,chocolate
ENSG00000180398,chocolate
ENSG00000238227,bisque
ENSG00000140319,orange
ENSG00000167863,chocolate
ENSG00000125977,bisque
ENSG00000149948,chocolate
ENSG00000169607,bisque
ENSG00000103994,bisque
ENSG00000119705,bisque
ENSG00000129245,chocolate
ENSG00000166949,sandybrown
ENSG00000170004,chocolate
ENSG00000051128,chocolate
ENSG00000169020,bisque
ENSG00000084623,bisque
ENSG00000124172,bisque
ENSG00000145425,bisque
ENSG00000161203,chocolate
ENSG00000077380,chocolate
ENSG00000107438,chocolate
ENSG00000146535,chocolate
ENSG00000134363,gold
ENSG00000154734,chocolate
ENSG00000172534,chocolate
ENSG00000143977,tomato
ENSG00000239524,bisque
ENSG00000153113,chocolate
ENSG00000124942,burlywood
ENSG00000210049,yellow
ENSG00000123562,chocolate
ENSG00000178209,chocolate
ENSG00000142089,chocolate
ENSG00000159199,bisque
ENSG00000188042,chocolate
ENSG00000122566,chocolate
ENSG00000074695,peachpuff
ENSG00000109861,burlywood
ENSG00000100650,chocolate
ENSG00000117395,bisque
ENSG00000170759,bisque
ENSG00000173120,chocolate
ENSG00000176340,chocolate
ENSG00000173692,bisque
ENSG00000142168,bisque
ENSG00000111716,chocolate
ENSG00000185627,bisque
ENSG00000096384,burlywood
ENSG00000169504,burlywood
ENSG00000108671,chocolate
ENSG00000153071,chocolate
ENSG00000288920,bisque
ENSG00000161544,chocolate
ENSG00000136240,chocolate
ENSG00000198355,chocolate
ENSG00000065534,firebrick
ENSG00000164548,chocolate
ENSG00000114302,chocolate
ENSG00000119318,chocolate
ENSG00000122359,chocolate
ENSG00000164346,bisque
ENSG00000163430,darkkhaki
ENSG00000178719,chocolate
ENSG00000171530,linen
ENSG00000176619,chocolate
ENSG00000243829,bisque
ENSG00000264364,chocolate
ENSG00000140262,chocolate
ENSG00000113657,chocolate
ENSG00000168172,chocolate
ENSG00000105576,chocolate
ENSG00000080823,chocolate
ENSG00000214357,chocolate
ENSG00000166147,chocolate
ENSG00000135390,cornsilk
ENSG00000164932,bisque
ENSG00000125746,chocolate
ENSG00000189043,gold
ENSG00000110237,chocolate
ENSG00000111639,chocolate
ENSG00000069275,chocolate
ENSG00000184897,chocolate
ENSG00000226532,darkolivegreen
ENSG00000024422,chocolate
ENSG00000170275,burlywood
ENSG00000196154,chocolate
ENSG00000105176,chocolate
ENSG00000130635,bisque
ENSG00000114867,chocolate
ENSG00000131116,chocolate
ENSG00000168374,chocolate
ENSG00000114850,chocolate
ENSG00000102900,chocolate
ENSG00000121067,chocolate
ENSG00000179010,linen
ENSG00000107341,chocolate
ENSG00000133226,firebrick
ENSG00000077782,chocolate
ENSG00000106803,navajowhite
ENSG00000126267,gold
ENSG00000005893,bisque
ENSG00000149136,chocolate
ENSG00000159140,peachpuff
ENSG00000135926,bisque
ENSG00000144746,chocolate
ENSG00000153006,bisque
ENSG00000185112,chocolate
ENSG00000123983,chocolate
ENSG00000266472,chocolate
ENSG00000241685,bisque
ENSG00000107223,yellow
ENSG00000198176,chocolate
ENSG00000101608,chocolate
ENSG00000113721,chocolate
ENSG00000167986,cornsilk
ENSG00000115461,darkkhaki
ENSG00000108828,chocolate
ENSG00000213280,orange
ENSG00000260032,bisque
ENSG00000224877,chocolate
ENSG00000170855,bisque
ENSG00000184007,bisque
ENSG00000115053,palegoldenrod
ENSG00000120075,chocolate
ENSG00000133216,chocolate
ENSG00000121068,chocolate
ENSG00000047849,bisque
ENSG00000166963,bisque
ENSG00000100591,chocolate
ENSG00000293057,chocolate
ENSG00000165733,chocolate
ENSG00000113387,tomato
ENSG00000115541,chocolate
ENSG00000140497,chocolate
ENSG00000146674,chocolate
ENSG00000135631,chocolate
ENSG00000041357,bisque
ENSG00000064393,chocolate
ENSG00000105220,chocolate
ENSG00000108424,lemonchiffon
ENSG00000010278,beige
ENSG00000114353,chocolate
ENSG00000240652,tomato
ENSG00000163565,chocolate
ENSG00000205871,chocolate
ENSG00000107581,firebrick
ENSG00000122641,firebrick
ENSG00000169925,chocolate
ENSG00000125743,bisque
ENSG00000231767,papayawhip
ENSG00000154370,chocolate
ENSG00000161547,tomato
ENSG00000091409,tomato
ENSG00000125304,chocolate
ENSG00000100241,chocolate
ENSG00000175137,chocolate
ENSG00000040275,chocolate
ENSG00000158195,chocolate
ENSG00000135919,chocolate
ENSG00000203950,chocolate
ENSG00000126950,chocolate
ENSG00000137970,chocolate
ENSG00000142507,chocolate
ENSG00000225475,bisque
ENSG00000235776,chocolate
ENSG00000143549,orange
ENSG00000118473,bisque
ENSG00000166136,chocolate
ENSG00000168653,bisque
ENSG00000136485,chocolate
ENSG00000122490,chocolate
ENSG00000178999,chocolate
ENSG00000167088,chocolate
ENSG00000142864,beige
ENSG00000228474,burlywood
ENSG00000115963,chocolate
ENSG00000141756,chocolate
ENSG00000182492,chocolate
ENSG00000226396,chocolate
ENSG00000109332,chocolate
ENSG00000164733,chocolate
ENSG00000172354,chocolate
ENSG00000138398,bisque
ENSG00000149187,chocolate
ENSG00000160746,chocolate
ENSG00000136156,chocolate
ENSG00000244313,chocolate
ENSG00000115268,gold
ENSG00000088888,chocolate
ENSG00000100764,chocolate
ENSG00000123384,chocolate
ENSG00000152601,chocolate
ENSG00000152234,bisque
ENSG00000074071,chocolate
ENSG00000119655,chocolate
ENSG00000197982,chocolate
ENSG00000160087,chocolate
ENSG00000105254,chocolate
ENSG00000070814,bisque
ENSG00000090615,chocolate
ENSG00000187498,chocolate
ENSG00000146540,chocolate
ENSG00000178950,chocolate
ENSG00000088325,chocolate
ENSG00000138071,chocolate
ENSG00000172717,chocolate
ENSG00000127540,chocolate
ENSG00000159228,chocolate
ENSG00000229638,chocolate
ENSG00000163468,chocolate
ENSG00000111669,gold
ENSG00000138778,bisque
ENSG00000164405,cornsilk
ENSG00000113552,chocolate
ENSG00000102054,chocolate
ENSG00000143398,chocolate
ENSG00000009830,chocolate
ENSG00000109113,chocolate
ENSG00000011028,tan
ENSG00000125520,chocolate
ENSG00000241494,bisque
ENSG00000088986,navajowhite
ENSG00000101294,chocolate
ENSG00000072501,firebrick
ENSG00000090054,chocolate
ENSG00000119669,sandybrown
ENSG00000127445,chocolate
ENSG00000154027,bisque
ENSG00000218426,chocolate
ENSG00000111540,chocolate
ENSG00000105393,chocolate
ENSG00000160213,chocolate
ENSG00000130255,bisque
ENSG00000178980,chocolate
ENSG00000173221,bisque
ENSG00000089220,firebrick
ENSG00000138814,chocolate
ENSG00000186577,chocolate
ENSG00000148634,chocolate
ENSG00000175348,chocolate
ENSG00000119408,chocolate
ENSG00000168077,chocolate
ENSG00000167081,chocolate
ENSG00000106636,chocolate
ENSG00000213626,chocolate
ENSG00000105887,tan
ENSG00000106028,chocolate
ENSG00000168385,beige
ENSG00000214753,chocolate
ENSG00000145555,bisque
ENSG00000175215,saddlebrown
ENSG00000077147,chocolate
ENSG00000129351,chocolate
ENSG00000135698,palegoldenrod
ENSG00000158290,chocolate
ENSG00000135318,chocolate
ENSG00000197879,chocolate
ENSG00000099991,chocolate
ENSG00000063245,chocolate
ENSG00000138182,bisque
ENSG00000139112,chocolate
ENSG00000115355,bisque
ENSG00000161057,chocolate
ENSG00000063660,yellow
ENSG00000110880,antiquewhite
ENSG00000197157,saddlebrown
ENSG00000197632,tomato
ENSG00000006451,bisque
ENSG00000253729,chocolate
ENSG00000126777,bisque
ENSG00000099814,chocolate
ENSG00000130985,chocolate
ENSG00000101745,chocolate
ENSG00000082781,chocolate
ENSG00000090266,bisque
ENSG00000100201,chocolate
ENSG00000228300,chocolate
ENSG00000130147,beige
ENSG00000213315,bisque
ENSG00000134697,bisque
ENSG00000174807,bisque
ENSG00000130176,chocolate
ENSG00000113649,bisque
ENSG00000113758,chocolate
ENSG00000105698,chocolate
ENSG00000226360,lightgoldenrodyellow
ENSG00000169567,burlywood
ENSG00000167325,chocolate
ENSG00000173706,chocolate
ENSG00000148926,firebrick
ENSG00000117410,chocolate
ENSG00000182004,tomato
ENSG00000135624,chocolate
ENSG00000174851,chocolate
ENSG00000148773,lightyellow
ENSG00000162878,chocolate
ENSG00000099783,chocolate
ENSG00000115738,goldenrod
ENSG00000150347,firebrick
ENSG00000214063,chocolate
ENSG00000116685,chocolate
ENSG00000173660,chocolate
ENSG00000225972,bisque
ENSG00000240682,chocolate
ENSG00000264229,chocolate
ENSG00000092201,chocolate
ENSG00000101421,chocolate
ENSG00000086065,chocolate
ENSG00000147454,chocolate
ENSG00000143322,chocolate
ENSG00000134668,chocolate
ENSG00000102172,linen
ENSG00000104408,chocolate
ENSG00000134352,beige
ENSG00000147872,chocolate
ENSG00000155660,chocolate
ENSG00000160209,chocolate
ENSG00000164924,tomato
ENSG00000178741,bisque
ENSG00000067057,chocolate
ENSG00000123933,chocolate
ENSG00000106723,chocolate
ENSG00000148450,chocolate
ENSG00000165915,chocolate
ENSG00000003402,chocolate
ENSG00000240463,bisque
ENSG00000119396,chocolate
ENSG00000136238,chocolate
ENSG00000173546,chocolate
ENSG00000211456,bisque
ENSG00000072778,chocolate
ENSG00000172115,bisque
ENSG00000213553,goldenrod
ENSG00000164294,chocolate
ENSG00000071127,gold
ENSG00000293060,chocolate
ENSG00000105472,bisque
ENSG00000175573,chocolate
ENSG00000177156,chocolate
ENSG00000173821,chocolate
ENSG00000187555,chocolate
ENSG00000225921,bisque
ENSG00000160551,chocolate
ENSG00000012983,chocolate
ENSG00000171223,chocolate
ENSG00000126453,chocolate
ENSG00000117724,sandybrown
ENSG00000143870,chocolate
ENSG00000112658,linen
ENSG00000133639,chocolate
ENSG00000198682,chocolate
ENSG00000162604,chocolate
ENSG00000072952,chocolate
ENSG00000116560,firebrick
ENSG00000140416,chocolate
ENSG00000100632,chocolate
ENSG00000166750,chocolate
ENSG00000183624,chocolate
ENSG00000112335,chocolate
ENSG00000125968,chocolate
ENSG00000169976,chocolate
ENSG00000113368,chocolate
ENSG00000102181,chocolate
ENSG00000117523,firebrick
ENSG00000117525,chocolate
ENSG00000266944,bisque
ENSG00000105755,chocolate
ENSG00000197102,lemonchiffon
ENSG00000168439,chocolate
ENSG00000134910,chocolate
ENSG00000060138,chocolate
ENSG00000182481,coral
ENSG00000067141,chocolate
ENSG00000125821,chocolate
ENSG00000129038,chocolate
ENSG00000134369,sandybrown
ENSG00000167323,chocolate
ENSG00000173457,chocolate
ENSG00000175592,firebrick
ENSG00000100353,chocolate
ENSG00000154582,firebrick
ENSG00000165280,lightyellow
ENSG00000180304,chocolate
ENSG00000144810,chocolate
ENSG00000050165,chocolate
ENSG00000068366,beige
ENSG00000198959,gold
ENSG00000175220,chocolate
ENSG00000078369,bisque
ENSG00000283041,firebrick
ENSG00000088256,chocolate
ENSG00000159352,chocolate
ENSG00000182670,firebrick
ENSG00000169180,chocolate
ENSG00000152127,chocolate
ENSG00000163017,firebrick
ENSG00000231747,bisque
ENSG00000116729,darkolivegreen
ENSG00000147526,chocolate
ENSG00000151914,peachpuff
ENSG00000145012,chocolate
ENSG00000146701,chocolate
ENSG00000114125,bisque
ENSG00000126653,bisque
ENSG00000134825,chocolate
ENSG00000242802,bisque
ENSG00000103342,chocolate
ENSG00000105058,bisque
ENSG00000115091,beige
ENSG00000105327,chocolate
ENSG00000107957,chocolate
ENSG00000170906,gold
ENSG00000133816,beige
ENSG00000170606,bisque
ENSG00000116754,bisque
ENSG00000140575,chocolate
ENSG00000154978,chocolate
ENSG00000172216,chocolate
ENSG00000130311,bisque
ENSG00000198642,chocolate
ENSG00000214548,peachpuff
ENSG00000006327,chocolate
ENSG00000135250,bisque
ENSG00000136824,bisque
ENSG00000189077,bisque
ENSG00000136888,chocolate
ENSG00000119013,chocolate
ENSG00000099194,chocolate
ENSG00000162627,chocolate
ENSG00000157557,chocolate
ENSG00000060339,bisque
ENSG00000196504,bisque
ENSG00000021762,chocolate
ENSG00000144579,bisque
ENSG00000044115,bisque
ENSG00000164754,linen
ENSG00000196235,chocolate
ENSG00000089048,bisque
ENSG00000103363,orange
ENSG00000106105,bisque
ENSG00000242299,lightyellow
ENSG00000005075,chocolate
ENSG00000183648,bisque
ENSG00000148834,coral
ENSG00000149480,chocolate
ENSG00000130826,chocolate
ENSG00000017797,bisque
ENSG00000100300,chocolate
ENSG00000008838,tan
ENSG00000006016,bisque
ENSG00000112378,chocolate
ENSG00000141027,bisque
ENSG00000166908,chocolate
ENSG00000172500,chocolate
ENSG00000243147,tomato
ENSG00000185551,darkkhaki
ENSG00000242071,chocolate
ENSG00000079805,chocolate
ENSG00000167118,chocolate
ENSG00000116786,chocolate
ENSG00000129680,bisque
ENSG00000145907,chocolate
ENSG00000006125,chocolate
ENSG00000120913,chocolate
ENSG00000143252,linen
ENSG00000197894,chocolate
ENSG00000253626,chocolate
ENSG00000006042,chocolate
ENSG00000184752,bisque
ENSG00000198363,tomato
ENSG00000168066,chartreuse
ENSG00000065000,bisque
ENSG00000086758,chocolate
ENSG00000088930,bisque
ENSG00000107130,chocolate
ENSG00000020129,bisque
ENSG00000054118,firebrick
ENSG00000111678,chocolate
ENSG00000124380,chocolate
ENSG00000128050,bisque
ENSG00000144028,chocolate
ENSG00000196656,chocolate
ENSG00000196712,chocolate
ENSG00000231940,chocolate
ENSG00000257704,chocolate
ENSG00000079819,saddlebrown
ENSG00000099901,chocolate
ENSG00000130764,chocolate
ENSG00000139343,tomato
ENSG00000144381,navajowhite
ENSG00000033867,bisque
ENSG00000175203,chocolate
ENSG00000151893,chocolate
ENSG00000171241,gold
ENSG00000125755,chocolate
ENSG00000177479,chocolate
ENSG00000197256,gold
ENSG00000172590,bisque
ENSG00000135956,chocolate
ENSG00000189171,bisque
ENSG00000111832,bisque
ENSG00000168496,chocolate
ENSG00000105677,bisque
ENSG00000125676,bisque
ENSG00000170348,burlywood
ENSG00000214748,yellow
ENSG00000049323,chocolate
ENSG00000136193,bisque
ENSG00000058272,firebrick
ENSG00000138668,chocolate
ENSG00000110108,chocolate
ENSG00000131435,chocolate
ENSG00000157654,chocolate
ENSG00000186432,chocolate
ENSG00000134153,bisque
ENSG00000293064,lightyellow
ENSG00000071242,chocolate
ENSG00000141867,chocolate
ENSG00000116539,chocolate
ENSG00000147677,bisque
ENSG00000144674,bisque
ENSG00000137807,tomato
ENSG00000162413,chocolate
ENSG00000110395,chocolate
ENSG00000122861,chocolate
ENSG00000156482,bisque
ENSG00000135931,chocolate
ENSG00000241468,bisque
ENSG00000166012,bisque
ENSG00000011405,chocolate
ENSG00000101161,chocolate
ENSG00000132424,bisque
ENSG00000141279,chocolate
ENSG00000154380,sandybrown
ENSG00000108175,chocolate
ENSG00000038382,chocolate
ENSG00000151239,chocolate
ENSG00000163840,chocolate
ENSG00000168036,chocolate
ENSG00000196821,chocolate
ENSG00000198791,chocolate
ENSG00000083444,chocolate
ENSG00000090857,chocolate
ENSG00000104976,chocolate
ENSG00000083168,chocolate
ENSG00000100644,chocolate
ENSG00000112739,bisque
ENSG00000109881,bisque
ENSG00000183087,chocolate
ENSG00000101224,firebrick
ENSG00000131981,lightyellow
ENSG00000155115,sandybrown
ENSG00000023902,chocolate
ENSG00000108654,bisque
ENSG00000129562,navajowhite
ENSG00000110955,gold
ENSG00000132963,tomato
ENSG00000157637,chocolate
ENSG00000049449,firebrick
ENSG00000068489,chocolate
ENSG00000188486,chocolate
ENSG00000049245,bisque
ENSG00000065135,saddlebrown
ENSG00000114650,chocolate
ENSG00000236844,bisque
ENSG00000131174,chocolate
ENSG00000125875,chocolate
ENSG00000196535,chocolate
ENSG00000239559,bisque
ENSG00000011426,chocolate
ENSG00000113312,bisque
ENSG00000168528,chocolate
ENSG00000075415,beige
ENSG00000105419,chocolate
ENSG00000180370,chocolate
ENSG00000073712,chocolate
ENSG00000197324,firebrick
ENSG00000087077,gold
ENSG00000090487,chocolate
ENSG00000111186,chocolate
ENSG00000039560,chocolate
ENSG00000135723,chocolate
ENSG00000157657,chocolate
ENSG00000182154,chocolate
ENSG00000111799,chocolate
ENSG00000008083,chocolate
ENSG00000053254,bisque
ENSG00000102401,chocolate
ENSG00000115758,coral
ENSG00000232472,tan
ENSG00000105722,chocolate
ENSG00000136950,chocolate
ENSG00000144224,burlywood
ENSG00000164713,goldenrod
ENSG00000071553,chocolate
ENSG00000105281,burlywood
ENSG00000111775,bisque
ENSG00000135018,bisque
ENSG00000080986,chocolate
ENSG00000087111,bisque
ENSG00000155366,gold
ENSG00000139644,darkseagreen
ENSG00000169714,bisque
ENSG00000177830,chocolate
ENSG00000035403,bisque
ENSG00000164402,chocolate
ENSG00000084112,chocolate
ENSG00000097007,chocolate
ENSG00000110090,bisque
ENSG00000099246,chocolate
ENSG00000132361,chocolate
ENSG00000153250,chocolate
ENSG00000162704,floralwhite
ENSG00000166803,chocolate
ENSG00000197858,chocolate
ENSG00000231007,goldenrod
ENSG00000244754,chocolate
ENSG00000065154,goldenrod
ENSG00000106682,bisque
ENSG00000145833,bisque
ENSG00000166508,chocolate
ENSG00000072274,chocolate
ENSG00000136003,firebrick
ENSG00000152492,chocolate
ENSG00000067182,chocolate
ENSG00000135829,beige
ENSG00000167515,chocolate
ENSG00000005884,chocolate
ENSG00000115419,chocolate
ENSG00000126767,chocolate
ENSG00000131143,bisque
ENSG00000157933,chocolate
ENSG00000151461,chocolate
ENSG00000159658,chocolate
ENSG00000166347,chocolate
ENSG00000134590,chocolate
ENSG00000160049,chocolate
ENSG00000164611,chocolate
ENSG00000131508,saddlebrown
ENSG00000103496,chocolate
ENSG00000155368,firebrick
ENSG00000159377,beige
ENSG00000188243,navajowhite
ENSG00000100804,chocolate
ENSG00000169139,darkseagreen
ENSG00000178982,lemonchiffon
ENSG00000184990,goldenrod
ENSG00000198832,chocolate
ENSG00000111676,darkseagreen
ENSG00000128228,chocolate
ENSG00000167522,firebrick
ENSG00000171634,sandybrown
ENSG00000057608,yellowgreen
ENSG00000090863,chocolate
ENSG00000103591,chocolate
ENSG00000126391,chocolate
ENSG00000109046,chocolate
ENSG00000149503,chocolate
ENSG00000162385,chocolate
ENSG00000085224,firebrick
ENSG00000107164,chocolate
ENSG00000172301,chocolate
ENSG00000128272,firebrick
ENSG00000091317,chocolate
ENSG00000109099,chocolate
ENSG00000116871,chocolate
ENSG00000176903,chocolate
ENSG00000178498,chocolate
ENSG00000196141,firebrick
ENSG00000158435,chocolate
ENSG00000185825,chocolate
ENSG00000203760,bisque
ENSG00000205581,tomato
ENSG00000074416,chocolate
ENSG00000185201,chocolate
ENSG00000076201,chocolate
ENSG00000134001,chocolate
ENSG00000116584,bisque
ENSG00000247596,chocolate
ENSG00000112977,chocolate
ENSG00000149547,orange
ENSG00000164134,bisque
ENSG00000155506,yellowgreen
ENSG00000166226,bisque
ENSG00000166913,chocolate
ENSG00000172270,chocolate
ENSG00000235162,chocolate
ENSG00000114354,firebrick
ENSG00000165916,bisque
ENSG00000168002,chocolate
ENSG00000172638,chocolate
ENSG00000143924,palegoldenrod
ENSG00000197111,chocolate
ENSG00000134853,chocolate
ENSG00000162613,chocolate
ENSG00000163636,chocolate
ENSG00000172340,chocolate
ENSG00000228929,palegreen
ENSG00000095139,beige
ENSG00000136450,chocolate
ENSG00000145494,sandybrown
ENSG00000106144,chocolate
ENSG00000164040,chocolate
ENSG00000186575,chocolate
ENSG00000234797,tan
ENSG00000101558,orange
ENSG00000164182,bisque
ENSG00000180340,chocolate
ENSG00000142669,bisque
ENSG00000206418,chocolate
ENSG00000156860,chocolate
ENSG00000008394,bisque
ENSG00000062485,chocolate
ENSG00000078269,chocolate
ENSG00000100906,chocolate
ENSG00000109685,bisque
ENSG00000164916,chocolate
ENSG00000185630,chocolate
ENSG00000100526,chocolate
ENSG00000103005,chocolate
ENSG00000138433,bisque
ENSG00000164022,bisque
ENSG00000172667,chocolate
ENSG00000183283,chocolate
ENSG00000119729,chocolate
ENSG00000126067,antiquewhite
ENSG00000100216,bisque
ENSG00000107949,chocolate
ENSG00000162733,chocolate
ENSG00000102317,chocolate
ENSG00000125826,bisque
ENSG00000147140,chocolate
ENSG00000164442,beige
ENSG00000213585,beige
ENSG00000092820,chocolate
ENSG00000100258,chocolate
ENSG00000101474,burlywood
ENSG00000111328,coral
ENSG00000113712,chocolate
ENSG00000159210,chocolate
ENSG00000172336,chocolate
ENSG00000150779,bisque
ENSG00000291080,chocolate
ENSG00000102144,burlywood
ENSG00000170961,darkolivegreen
ENSG00000173905,bisque
ENSG00000185262,chocolate
ENSG00000101193,chocolate
ENSG00000128965,chocolate
ENSG00000163110,goldenrod
ENSG00000184983,bisque
ENSG00000075426,chocolate
ENSG00000170540,burlywood
ENSG00000182197,saddlebrown
ENSG00000004897,chocolate
ENSG00000104805,chocolate
ENSG00000143774,chocolate
ENSG00000164104,chocolate
ENSG00000185022,chocolate
ENSG00000005022,floralwhite
ENSG00000114251,chocolate
ENSG00000130726,yellow
ENSG00000101146,chocolate
ENSG00000172939,chocolate
ENSG00000013364,yellow
ENSG00000136938,chartreuse
ENSG00000148154,chocolate
ENSG00000099904,chocolate
ENSG00000100567,tomato
ENSG00000119392,papayawhip
ENSG00000132688,chocolate
ENSG00000154188,chocolate
ENSG00000183258,chocolate
ENSG00000123136,bisque
ENSG00000142227,antiquewhite
ENSG00000145220,bisque
ENSG00000186767,chocolate
ENSG00000188229,saddlebrown
ENSG00000125686,chocolate
ENSG00000168610,chocolate
ENSG00000178977,chocolate
ENSG00000170043,darkolivegreen
ENSG00000173674,burlywood
ENSG00000174099,chocolate
ENSG00000179632,chocolate
ENSG00000277791,coral
ENSG00000107862,chocolate
ENSG00000113643,chocolate
ENSG00000125166,chocolate
ENSG00000182220,chocolate
ENSG00000181722,chocolate
ENSG00000022277,chocolate
ENSG00000101557,chocolate
ENSG00000116251,lemonchiffon
ENSG00000135930,firebrick
ENSG00000181555,chocolate
ENSG00000116649,chocolate
ENSG00000133110,sandybrown
ENSG00000242125,goldenrod
ENSG00000035681,chocolate
ENSG00000076706,goldenrod
ENSG00000125351,chocolate
ENSG00000138688,chocolate
ENSG00000170919,peachpuff
ENSG00000260260,sandybrown
ENSG00000205903,chocolate
ENSG00000247627,bisque
ENSG00000265491,chocolate
ENSG00000147955,gold
ENSG00000124214,bisque
ENSG00000130935,chocolate
ENSG00000140564,chocolate
ENSG00000129235,bisque
ENSG00000137288,chocolate
ENSG00000129084,bisque
ENSG00000151366,bisque
ENSG00000162408,chocolate
ENSG00000196935,chocolate
ENSG00000122705,chocolate
ENSG00000205730,chocolate
ENSG00000239672,bisque
ENSG00000254999,linen
ENSG00000259956,chocolate
ENSG00000130414,chocolate
ENSG00000183726,bisque
ENSG00000152767,chocolate
ENSG00000175416,chocolate
ENSG00000134057,bisque
ENSG00000146247,bisque
ENSG00000165732,goldenrod
ENSG00000120742,firebrick
ENSG00000124193,chocolate
ENSG00000183684,chocolate
ENSG00000198843,darkseagreen
ENSG00000100403,sandybrown
ENSG00000132002,chocolate
ENSG00000133895,chocolate
ENSG00000168101,bisque
ENSG00000065518,firebrick
ENSG00000138119,chocolate
ENSG00000164087,chocolate
ENSG00000166710,navajowhite
ENSG00000116898,bisque
ENSG00000221978,chocolate
ENSG00000084652,chocolate
ENSG00000139746,lightgoldenrodyellow
ENSG00000106244,yellow
ENSG00000159176,darkkhaki
ENSG00000175550,chocolate
ENSG00000221963,chocolate
ENSG00000108848,chocolate
ENSG00000117360,chocolate
ENSG00000159069,chocolate
ENSG00000165637,bisque
ENSG00000079999,chocolate
ENSG00000100393,bisque
ENSG00000104331,beige
ENSG00000115694,chocolate
ENSG00000143321,darkkhaki
ENSG00000163507,bisque
ENSG00000198604,chocolate
ENSG00000152404,bisque
ENSG00000168393,navajowhite
ENSG00000175193,chocolate
ENSG00000244187,chocolate
ENSG00000051620,chocolate
ENSG00000074696,chocolate
ENSG00000086061,darkseagreen
ENSG00000113083,chocolate
ENSG00000115216,chocolate
ENSG00000122257,bisque
ENSG00000165672,bisque
ENSG00000186298,bisque
ENSG00000023697,chocolate
ENSG00000125347,chocolate
ENSG00000163453,gold
ENSG00000174136,chocolate
ENSG00000177105,chocolate
ENSG00000272047,saddlebrown
ENSG00000011451,chocolate
ENSG00000103275,chocolate
ENSG00000127920,cornsilk
ENSG00000133059,bisque
ENSG00000065268,chocolate
ENSG00000087586,chocolate
ENSG00000134318,chocolate
ENSG00000143742,bisque
ENSG00000181104,cornsilk
ENSG00000009954,firebrick
ENSG00000066279,cornsilk
ENSG00000101447,chocolate
ENSG00000157514,chocolate
ENSG00000015676,chocolate
ENSG00000128641,chocolate
ENSG00000130816,beige
ENSG00000133687,chocolate
ENSG00000134575,chocolate
ENSG00000143799,cornsilk
ENSG00000013583,chocolate
ENSG00000038427,chocolate
ENSG00000070087,beige
ENSG00000122591,chocolate
ENSG00000124201,chocolate
ENSG00000124422,chocolate
ENSG00000111640,beige
ENSG00000162545,chocolate
ENSG00000164741,bisque
ENSG00000077312,chocolate
ENSG00000113407,chocolate
ENSG00000114315,bisque
ENSG00000173517,chocolate
ENSG00000184232,bisque
ENSG00000105849,bisque
ENSG00000116005,palegoldenrod
ENSG00000121274,chocolate
ENSG00000129353,chocolate
ENSG00000183779,chocolate
ENSG00000106785,chocolate
ENSG00000152952,chocolate
ENSG00000153786,chocolate
ENSG00000106615,beige
ENSG00000108528,chocolate
ENSG00000155876,chocolate
ENSG00000168092,chocolate
ENSG00000038219,firebrick
ENSG00000159692,chocolate
ENSG00000163171,firebrick
ENSG00000163479,firebrick
ENSG00000073921,saddlebrown
ENSG00000097033,chocolate
ENSG00000108312,chocolate
ENSG00000128829,bisque
ENSG00000243964,chocolate
ENSG00000065150,gold
ENSG00000147669,bisque
ENSG00000157916,chocolate
ENSG00000166311,chocolate
ENSG00000115993,chocolate
ENSG00000136527,navajowhite
ENSG00000162434,chocolate
ENSG00000173418,chocolate
ENSG00000058668,chocolate
ENSG00000136819,goldenrod
ENSG00000155229,chocolate
ENSG00000169733,chocolate
ENSG00000205250,bisque
ENSG00000074201,chocolate
ENSG00000140983,chocolate
ENSG00000156411,burlywood
ENSG00000011198,chocolate
ENSG00000135272,chocolate
ENSG00000135341,chocolate
ENSG00000187735,chocolate
ENSG00000119048,chocolate
ENSG00000124155,chocolate
ENSG00000182199,chocolate
ENSG00000116337,chocolate
ENSG00000123144,antiquewhite
ENSG00000143256,coral
ENSG00000167797,chocolate
ENSG00000243317,chocolate
ENSG00000141759,bisque
ENSG00000178691,chocolate
ENSG00000183255,navajowhite
ENSG00000084733,tan
ENSG00000103978,chocolate
ENSG00000116191,chocolate
ENSG00000134954,chocolate
ENSG00000152518,gold
ENSG00000156639,chocolate
ENSG00000168273,coral
ENSG00000171848,burlywood
ENSG00000213923,chocolate
ENSG00000140612,burlywood
ENSG00000157954,chocolate
ENSG00000184076,bisque
ENSG00000100519,chocolate
ENSG00000101849,bisque
ENSG00000112110,bisque
ENSG00000165525,firebrick
ENSG00000172586,bisque
ENSG00000143106,bisque
ENSG00000160211,burlywood
ENSG00000175745,firebrick
ENSG00000196611,tomato
ENSG00000008018,goldenrod
ENSG00000143442,bisque
ENSG00000058262,chocolate
ENSG00000067248,chocolate
ENSG00000106355,bisque
ENSG00000109606,beige
ENSG00000119812,lawngreen
ENSG00000126458,chocolate
ENSG00000125656,chocolate
ENSG00000135486,papayawhip
ENSG00000138107,chocolate
ENSG00000010292,chocolate
ENSG00000153317,chocolate
ENSG00000164091,chocolate
ENSG00000082153,chocolate
ENSG00000149577,chocolate
ENSG00000165424,chocolate
ENSG00000196363,chocolate
ENSG00000108179,navajowhite
ENSG00000148516,chocolate
ENSG00000170515,lightgoldenrodyellow
ENSG00000198431,navajowhite
ENSG00000080608,chocolate
ENSG00000115977,chocolate
ENSG00000116120,chocolate
ENSG00000126214,chocolate
ENSG00000180914,bisque
ENSG00000188895,chocolate
ENSG00000102241,bisque
ENSG00000108468,orange
ENSG00000153179,chocolate
ENSG00000153904,chocolate
ENSG00000025772,chocolate
ENSG00000085117,chocolate
ENSG00000132780,chocolate
ENSG00000269893,goldenrod
ENSG00000087274,chocolate
ENSG00000109390,chocolate
ENSG00000131051,burlywood
ENSG00000161011,chocolate
ENSG00000196576,chocolate
ENSG00000070081,firebrick
ENSG00000134690,chocolate
ENSG00000204120,chocolate
ENSG00000115756,chocolate
ENSG00000138495,chocolate
ENSG00000149923,chocolate
ENSG00000166130,bisque
ENSG00000028310,chocolate
ENSG00000101132,chocolate
ENSG00000126698,cornsilk
ENSG00000130522,sandybrown
ENSG00000171604,chocolate
ENSG00000100664,chocolate
ENSG00000105821,bisque
ENSG00000106263,lightyellow
ENSG00000110046,chocolate
ENSG00000117906,chocolate
ENSG00000122862,chocolate
ENSG00000126088,bisque
ENSG00000138867,chocolate
ENSG00000143183,tomato
ENSG00000148341,bisque
ENSG00000148700,beige
ENSG00000184432,chocolate
ENSG00000244405,chocolate
ENSG00000070010,bisque
ENSG00000141551,chocolate
ENSG00000067167,gold
ENSG00000113272,chocolate
ENSG00000161638,honeydew
ENSG00000138061,sandybrown
ENSG00000151348,chocolate
ENSG00000103769,floralwhite
ENSG00000153914,tan
ENSG00000154127,chocolate
ENSG00000164609,bisque
ENSG00000168827,chocolate
ENSG00000197785,chocolate
ENSG00000135940,darkkhaki
ENSG00000167258,chocolate
ENSG00000070423,chocolate
ENSG00000104695,chocolate
ENSG00000108819,chocolate
ENSG00000131467,chocolate
ENSG00000157778,chocolate
ENSG00000196498,chocolate
ENSG00000060749,bisque
ENSG00000149100,tomato
ENSG00000241837,olivedrab
ENSG00000067900,firebrick
ENSG00000101160,chocolate
ENSG00000125817,chocolate
ENSG00000137216,chocolate
ENSG00000141568,chocolate
ENSG00000165102,chocolate
ENSG00000168685,floralwhite
ENSG00000077235,chocolate
ENSG00000116489,beige
ENSG00000135316,antiquewhite
ENSG00000139218,peachpuff
ENSG00000140092,chocolate
ENSG00000170581,chocolate
ENSG00000011105,chocolate
ENSG00000072958,chocolate
ENSG00000089685,goldenrod
ENSG00000101367,gold
ENSG00000128591,chocolate
ENSG00000143545,yellowgreen
ENSG00000055609,chocolate
ENSG00000184220,chocolate
ENSG00000028528,chocolate
ENSG00000108055,bisque
ENSG00000145390,chocolate
ENSG00000178951,chocolate
ENSG00000067082,papayawhip
ENSG00000070961,palegoldenrod
ENSG00000117000,chocolate
ENSG00000119523,chocolate
ENSG00000140943,chocolate
ENSG00000173113,burlywood
ENSG00000196937,chocolate
ENSG00000114861,chocolate
ENSG00000137210,chocolate
ENSG00000149131,chocolate
ENSG00000177556,chocolate
ENSG00000230590,lightgoldenrodyellow
ENSG00000102908,chocolate
ENSG00000106829,chocolate
ENSG00000115524,chocolate
ENSG00000123200,peachpuff
ENSG00000156261,bisque
ENSG00000170027,gold
ENSG00000119326,bisque
ENSG00000166681,beige
ENSG00000177889,navajowhite
ENSG00000186591,sandybrown
ENSG00000009335,chocolate
ENSG00000078140,goldenrod
ENSG00000091483,bisque
ENSG00000100823,chocolate
ENSG00000107833,chocolate
ENSG00000118816,linen
ENSG00000130204,bisque
ENSG00000134375,bisque
ENSG00000143727,bisque
ENSG00000173039,chocolate
ENSG00000182628,bisque
ENSG00000014216,chocolate
ENSG00000107566,chocolate
ENSG00000123473,chocolate
ENSG00000136451,chocolate
ENSG00000164484,darkolivegreen
ENSG00000169490,tomato
ENSG00000176261,bisque
ENSG00000204843,gold
ENSG00000242588,chocolate
ENSG00000242732,chocolate
ENSG00000257923,chocolate
ENSG00000109736,chocolate
ENSG00000117592,firebrick
ENSG00000154096,yellowgreen
ENSG00000253368,darkseagreen
ENSG00000089327,orange
ENSG00000134013,darkkhaki
ENSG00000138594,lightgoldenrodyellow
ENSG00000174437,saddlebrown
ENSG00000177707,bisque
ENSG00000130227,chocolate
ENSG00000138760,chocolate
ENSG00000151491,chocolate
ENSG00000185324,chocolate
ENSG00000100811,chocolate
ENSG00000114956,bisque
ENSG00000134308,tomato
ENSG00000135677,chocolate
ENSG00000175063,chocolate
ENSG00000111481,chocolate
ENSG00000170266,chocolate
ENSG00000171992,tan
ENSG00000205352,chocolate
ENSG00000008324,chocolate
ENSG00000100387,navajowhite
ENSG00000104687,chocolate
ENSG00000115649,chocolate
ENSG00000136379,chocolate
ENSG00000137801,chocolate
ENSG00000158747,chocolate
ENSG00000162599,bisque
ENSG00000163785,chocolate
ENSG00000196411,chocolate
ENSG00000214078,chartreuse
ENSG00000106991,chocolate
ENSG00000107175,chocolate
ENSG00000125877,chocolate
ENSG00000154174,goldenrod
ENSG00000166479,chocolate
ENSG00000266412,beige
ENSG00000053372,chocolate
ENSG00000113583,chocolate
ENSG00000137221,chocolate
ENSG00000143771,chocolate
ENSG00000148229,papayawhip
ENSG00000163605,chocolate
ENSG00000182827,chartreuse
ENSG00000013297,orange
ENSG00000055483,chocolate
ENSG00000131473,coral
ENSG00000145860,chocolate
ENSG00000170860,chocolate
ENSG00000172428,tomato
ENSG00000189067,sandybrown
ENSG00000015171,chocolate
ENSG00000090861,chocolate
ENSG00000100029,chocolate
ENSG00000103855,chocolate
ENSG00000182809,yellow
ENSG00000087365,sandybrown
ENSG00000118705,lawngreen
ENSG00000126934,chocolate
ENSG00000132463,goldenrod
ENSG00000166716,chocolate
ENSG00000204262,chocolate
ENSG00000004961,chocolate
ENSG00000065548,bisque
ENSG00000123989,chocolate
ENSG00000132612,chocolate
ENSG00000137710,firebrick
ENSG00000147853,chocolate
ENSG00000148908,bisque
ENSG00000168003,chocolate
ENSG00000188612,chocolate
ENSG00000064607,chocolate
ENSG00000082641,sandybrown
ENSG00000092964,chocolate
ENSG00000116212,chocolate
ENSG00000124570,chocolate
ENSG00000136877,yellow
ENSG00000162378,chocolate
ENSG00000173889,bisque
ENSG00000213864,palegoldenrod
ENSG00000092853,bisque
ENSG00000134779,chocolate
ENSG00000154723,bisque
ENSG00000169217,bisque
ENSG00000172172,goldenrod
ENSG00000212802,bisque
ENSG00000011454,chocolate
ENSG00000101856,firebrick
ENSG00000134717,chocolate
ENSG00000165458,chocolate
ENSG00000181904,chocolate
ENSG00000198898,burlywood
ENSG00000214194,goldenrod
ENSG00000225733,chocolate
ENSG00000019991,chocolate
ENSG00000105245,chocolate
ENSG00000143970,chocolate
ENSG00000183291,tomato
ENSG00000070413,chocolate
ENSG00000115415,chocolate
ENSG00000166250,bisque
ENSG00000213699,chocolate
ENSG00000088833,chocolate
ENSG00000100941,firebrick
ENSG00000110811,chocolate
ENSG00000119383,chocolate
ENSG00000136153,goldenrod
ENSG00000172893,chocolate
ENSG00000064961,chocolate
ENSG00000092108,chocolate
ENSG00000119421,chocolate
ENSG00000123240,orange
ENSG00000157978,chocolate
ENSG00000079974,bisque
ENSG00000120688,chocolate
ENSG00000140553,chocolate
ENSG00000173141,firebrick
ENSG00000197965,yellowgreen
ENSG00000104131,firebrick
ENSG00000108946,beige
ENSG00000133318,chocolate
ENSG00000156515,bisque
ENSG00000165671,chocolate
ENSG00000213853,chocolate
ENSG00000004399,chocolate
ENSG00000089154,lightgoldenrodyellow
ENSG00000100211,chocolate
ENSG00000126351,chocolate
ENSG00000150316,bisque
ENSG00000269958,chocolate
ENSG00000105568,gold
ENSG00000112697,chocolate
ENSG00000144867,burlywood
ENSG00000153015,bisque
ENSG00000162407,darkkhaki
ENSG00000077097,beige
ENSG00000101040,chocolate
ENSG00000134644,saddlebrown
ENSG00000160131,chocolate
ENSG00000182944,burlywood
ENSG00000215193,chocolate
ENSG00000269821,firebrick
ENSG00000013306,gold
ENSG00000064419,chocolate
ENSG00000077238,chocolate
ENSG00000108349,chocolate
ENSG00000118762,darkolivegreen
ENSG00000198700,chocolate
ENSG00000255198,chocolate
ENSG00000100354,chocolate
ENSG00000102898,chocolate
ENSG00000115380,peachpuff
ENSG00000131016,chocolate
ENSG00000091527,bisque
ENSG00000110696,chocolate
ENSG00000114209,chocolate
ENSG00000171865,lightyellow
ENSG00000010610,bisque
ENSG00000117691,gold
ENSG00000125991,bisque
ENSG00000143093,bisque
ENSG00000143543,bisque
ENSG00000174307,chocolate
ENSG00000182544,bisque
ENSG00000188735,chocolate
ENSG00000213593,chocolate
ENSG00000061676,floralwhite
ENSG00000096746,burlywood
ENSG00000110958,beige
ENSG00000133961,papayawhip
ENSG00000136045,olivedrab
ENSG00000141429,chocolate
ENSG00000144580,chocolate
ENSG00000061938,chocolate
ENSG00000108582,chocolate
ENSG00000115884,chocolate
ENSG00000146376,bisque
ENSG00000156026,chocolate
ENSG00000165678,beige
ENSG00000182742,chocolate
ENSG00000196199,bisque
ENSG00000213639,navajowhite
ENSG00000102316,chocolate
ENSG00000186480,chocolate
ENSG00000232112,lemonchiffon
ENSG00000070214,antiquewhite
ENSG00000087263,chocolate
ENSG00000114902,bisque
ENSG00000116406,chocolate
ENSG00000139684,tomato
ENSG00000163754,bisque
ENSG00000169105,chocolate
ENSG00000172053,burlywood
ENSG00000173726,bisque
ENSG00000042753,yellow
ENSG00000107758,chocolate
ENSG00000111674,cornsilk
ENSG00000138376,chocolate
ENSG00000151388,chocolate
ENSG00000168090,bisque
ENSG00000174705,chocolate
ENSG00000219274,bisque
ENSG00000067225,olivedrab
ENSG00000130177,bisque
ENSG00000130520,chocolate
ENSG00000141985,chocolate
ENSG00000100379,chocolate
ENSG00000122545,orange
ENSG00000163714,firebrick
ENSG00000168476,chocolate
ENSG00000171345,chocolate
ENSG00000188342,bisque
ENSG00000091136,firebrick
ENSG00000101266,chocolate
ENSG00000107984,bisque
ENSG00000110367,chocolate
ENSG00000124486,lemonchiffon
ENSG00000134186,chocolate
ENSG00000164114,bisque
ENSG00000168461,chocolate
ENSG00000205339,tomato
ENSG00000065882,goldenrod
ENSG00000075218,saddlebrown
ENSG00000087191,bisque
ENSG00000108854,chocolate
ENSG00000110330,chocolate
ENSG00000112893,lightgoldenrodyellow
ENSG00000115641,bisque
ENSG00000119537,chocolate
ENSG00000143013,bisque
ENSG00000156256,firebrick
ENSG00000005243,darkkhaki
ENSG00000095380,chocolate
ENSG00000100220,chocolate
ENSG00000130165,gold
ENSG00000132635,chocolate
ENSG00000136381,chocolate
ENSG00000166997,chocolate
ENSG00000170017,chocolate
ENSG00000006715,chocolate
ENSG00000065923,chocolate
ENSG00000164818,chocolate
ENSG00000165629,tomato
ENSG00000145391,bisque
ENSG00000157593,gold
ENSG00000171867,goldenrod
ENSG00000197702,darkkhaki
ENSG00000052802,chocolate
ENSG00000104765,beige
ENSG00000125995,linen
ENSG00000130741,saddlebrown
ENSG00000167700,chocolate
ENSG00000060491,chocolate
ENSG00000147010,bisque
ENSG00000161202,chocolate
ENSG00000198860,chocolate
ENSG00000213465,chocolate
ENSG00000106261,bisque
ENSG00000107263,chocolate
ENSG00000116017,chocolate
ENSG00000123159,chocolate
ENSG00000148180,chocolate
ENSG00000172037,chocolate
ENSG00000174695,burlywood
ENSG00000290018,chocolate
ENSG00000099385,chocolate
ENSG00000100292,chocolate
ENSG00000129083,chocolate
ENSG00000025156,chocolate
ENSG00000025800,chocolate
ENSG00000143753,floralwhite
ENSG00000167130,chocolate
ENSG00000197063,chocolate
ENSG00000228462,honeydew
ENSG00000137776,bisque
ENSG00000143621,chocolate
ENSG00000166483,chocolate
ENSG00000198168,chocolate
ENSG00000101079,chocolate
ENSG00000173210,chocolate
ENSG00000198858,chocolate
ENSG00000083937,goldenrod
ENSG00000089063,tomato
ENSG00000106628,chocolate
ENSG00000130638,bisque
ENSG00000137522,chocolate
ENSG00000144283,chocolate
ENSG00000168288,chocolate
ENSG00000174938,chocolate
ENSG00000205937,chocolate
ENSG00000023572,firebrick
ENSG00000031698,firebrick
ENSG00000033627,chocolate
ENSG00000073803,chocolate
ENSG00000113282,chocolate
ENSG00000135090,chocolate
ENSG00000065809,beige
ENSG00000127526,chocolate
ENSG00000131748,chocolate
ENSG00000134884,sandybrown
ENSG00000100528,bisque
ENSG00000172380,bisque
ENSG00000101057,chocolate
ENSG00000113141,bisque
ENSG00000164761,chocolate
ENSG00000112769,sandybrown
ENSG00000133612,bisque
ENSG00000134824,chocolate
ENSG00000164171,chocolate
ENSG00000168575,chocolate
ENSG00000290032,chocolate
ENSG00000004534,chocolate
ENSG00000005007,gold
ENSG00000008256,chocolate
ENSG00000047932,linen
ENSG00000054267,firebrick
ENSG00000087087,gold
ENSG00000103202,firebrick
ENSG00000143314,chocolate
ENSG00000153147,tan
ENSG00000179115,chocolate
ENSG00000186395,chocolate
ENSG00000068724,chocolate
ENSG00000114416,chocolate
ENSG00000135541,cornsilk
ENSG00000137504,chocolate
ENSG00000153310,chocolate
ENSG00000184785,chocolate
ENSG00000241839,chocolate
ENSG00000261236,chocolate
ENSG00000072042,saddlebrown
ENSG00000102024,tomato
ENSG00000176915,chocolate
ENSG00000179271,gold
ENSG00000100138,bisque
ENSG00000109846,burlywood
ENSG00000110917,chocolate
ENSG00000139278,tomato
ENSG00000160953,chocolate
ENSG00000163428,goldenrod
ENSG00000022840,linen
ENSG00000101407,bisque
ENSG00000116698,chocolate
ENSG00000117139,chocolate
ENSG00000125818,burlywood
ENSG00000126524,tomato
ENSG00000131828,bisque
ENSG00000167397,chocolate
ENSG00000198689,chocolate
ENSG00000112312,bisque
ENSG00000116161,bisque
ENSG00000135686,chocolate
ENSG00000136235,chocolate
ENSG00000145901,chocolate
ENSG00000154229,lemonchiffon
ENSG00000163661,chocolate
ENSG00000174243,chocolate
ENSG00000178996,chocolate
ENSG00000187837,chocolate
ENSG00000240230,chocolate
ENSG00000011275,chocolate
ENSG00000076043,chocolate
ENSG00000122126,chocolate
ENSG00000143222,tan
ENSG00000146425,beige
ENSG00000197712,firebrick
ENSG00000069011,chocolate
ENSG00000116857,chocolate
ENSG00000128739,lightyellow
ENSG00000135069,beige
ENSG00000175455,bisque
ENSG00000180530,chocolate
ENSG00000198015,bisque
ENSG00000223496,chocolate
ENSG00000051108,beige
ENSG00000090020,bisque
ENSG00000096696,chocolate
ENSG00000100364,chocolate
ENSG00000100554,tomato
ENSG00000108604,chocolate
ENSG00000113456,chocolate
ENSG00000130724,bisque
ENSG00000136522,goldenrod
ENSG00000136859,bisque
ENSG00000143158,bisque
ENSG00000147459,chocolate
ENSG00000159423,chocolate
ENSG00000170638,chocolate
ENSG00000174720,bisque
ENSG00000180891,chocolate
ENSG00000198909,chocolate
ENSG00000213625,beige
ENSG00000012061,bisque
ENSG00000114857,firebrick
ENSG00000124357,gold
ENSG00000129625,bisque
ENSG00000163635,chocolate
ENSG00000165476,chocolate
ENSG00000169083,chocolate
ENSG00000180957,chartreuse
ENSG00000064115,firebrick
ENSG00000101882,bisque
ENSG00000105559,chocolate
ENSG00000111737,goldenrod
ENSG00000113580,chocolate
ENSG00000116670,chocolate
ENSG00000131374,chocolate
ENSG00000157827,chocolate
ENSG00000101350,chocolate
ENSG00000105810,chocolate
ENSG00000132383,chocolate
ENSG00000065989,chocolate
ENSG00000080845,chocolate
ENSG00000131966,chocolate
ENSG00000135535,burlywood
ENSG00000167671,chocolate
ENSG00000177352,chocolate
ENSG00000177732,chocolate
ENSG00000180901,chocolate
ENSG00000242485,firebrick
ENSG00000090971,chocolate
ENSG00000115128,bisque
ENSG00000129292,lightyellow
ENSG00000129493,chocolate
ENSG00000131148,chocolate
ENSG00000140854,chocolate
ENSG00000143569,chocolate
ENSG00000171202,bisque
ENSG00000178773,chocolate
ENSG00000197265,chocolate
ENSG00000086062,chocolate
ENSG00000107372,orange
ENSG00000118260,chocolate
ENSG00000121766,bisque
ENSG00000127914,firebrick
ENSG00000130312,coral
ENSG00000130731,chocolate
ENSG00000135047,navajowhite
ENSG00000140682,chocolate
ENSG00000142192,firebrick
ENSG00000165410,bisque
ENSG00000172725,yellow
ENSG00000184557,chocolate
ENSG00000196776,firebrick
ENSG00000089248,lemonchiffon
ENSG00000099341,firebrick
ENSG00000128951,orange
ENSG00000132824,chocolate
ENSG00000141101,bisque
ENSG00000198408,chocolate
ENSG00000060237,sandybrown
ENSG00000072364,chocolate
ENSG00000100934,linen
ENSG00000115129,bisque
ENSG00000115875,tomato
ENSG00000119899,chocolate
ENSG00000122218,chocolate
ENSG00000136448,chocolate
ENSG00000185721,burlywood
ENSG00000228716,bisque
ENSG00000112715,chocolate
ENSG00000131871,firebrick
ENSG00000143537,chocolate
ENSG00000164062,chocolate
ENSG00000170522,chocolate
ENSG00000197912,bisque
ENSG00000226084,chocolate
ENSG00000234456,chocolate
ENSG00000071655,chocolate
ENSG00000112787,chocolate
ENSG00000120948,saddlebrown
ENSG00000127511,chocolate
ENSG00000133818,beige
ENSG00000146007,chocolate
ENSG00000156113,darkseagreen
ENSG00000157216,beige
ENSG00000169604,yellow
ENSG00000170248,goldenrod
ENSG00000175756,chocolate
ENSG00000180357,chocolate
ENSG00000279483,gold
ENSG00000061337,chocolate
ENSG00000111906,bisque
ENSG00000114270,chocolate
ENSG00000118200,burlywood
ENSG00000120265,papayawhip
ENSG00000144366,chocolate
ENSG00000152137,chocolate
ENSG00000163541,bisque
ENSG00000168397,chocolate
ENSG00000168785,bisque
ENSG00000180817,bisque
ENSG00000221968,chocolate
ENSG00000230979,bisque
ENSG00000137500,tomato
ENSG00000139974,chocolate
ENSG00000142230,chocolate
ENSG00000149639,chocolate
ENSG00000164944,bisque
ENSG00000176393,chocolate
ENSG00000177169,bisque
ENSG00000184164,peachpuff
ENSG00000197601,chocolate
ENSG00000011007,chocolate
ENSG00000104872,chocolate
ENSG00000105323,chocolate
ENSG00000112902,chocolate
ENSG00000127481,yellow
ENSG00000127483,chocolate
ENSG00000134313,bisque
ENSG00000163297,floralwhite
ENSG00000186566,firebrick
ENSG00000145431,chocolate
ENSG00000149091,chocolate
ENSG00000149115,chocolate
ENSG00000164323,honeydew
ENSG00000166165,chocolate
ENSG00000065911,chocolate
ENSG00000103257,chocolate
ENSG00000123975,navajowhite
ENSG00000130589,chocolate
ENSG00000133243,chocolate
ENSG00000140474,chocolate
ENSG00000144848,bisque
ENSG00000145817,linen
ENSG00000061273,chocolate
ENSG00000075213,tomato
ENSG00000090924,bisque
ENSG00000104979,darkkhaki
ENSG00000122952,chocolate
ENSG00000153976,lawngreen
ENSG00000197694,gold
ENSG00000013561,chocolate
ENSG00000102753,chocolate
ENSG00000106603,bisque
ENSG00000114120,chocolate
ENSG00000133858,tan
ENSG00000185340,chocolate
ENSG00000075785,papayawhip
ENSG00000114019,chocolate
ENSG00000119969,darkkhaki
ENSG00000140259,bisque
ENSG00000168724,bisque
ENSG00000179295,beige
ENSG00000185619,beige
ENSG00000198160,chocolate
ENSG00000005810,bisque
ENSG00000062194,peachpuff
ENSG00000115685,beige
ENSG00000120438,coral
ENSG00000146223,cornsilk
ENSG00000163482,chocolate
ENSG00000008282,chocolate
ENSG00000077942,chocolate
ENSG00000097021,gold
ENSG00000101782,chocolate
ENSG00000129055,chocolate
ENSG00000161217,chocolate
ENSG00000168894,chocolate
ENSG00000198231,chocolate
ENSG00000265241,chocolate
ENSG00000023318,chocolate
ENSG00000101236,chocolate
ENSG00000101825,chocolate
ENSG00000108100,chocolate
ENSG00000108256,chocolate
ENSG00000130119,chocolate
ENSG00000138685,navajowhite
ENSG00000167900,darkkhaki
ENSG00000188706,chocolate
ENSG00000196968,bisque
ENSG00000059804,chocolate
ENSG00000071243,chocolate
ENSG00000117899,sandybrown
ENSG00000121310,chocolate
ENSG00000125398,chocolate
ENSG00000126945,chocolate
ENSG00000134287,chocolate
ENSG00000139697,tomato
ENSG00000145495,bisque
ENSG00000154001,chocolate
ENSG00000159720,chocolate
ENSG00000166340,floralwhite
ENSG00000221869,chocolate
ENSG00000100219,chocolate
ENSG00000137876,gold
ENSG00000167123,chocolate
ENSG00000169446,chocolate
ENSG00000170876,chocolate
ENSG00000173786,chocolate
ENSG00000204673,chocolate
ENSG00000117868,chocolate
ENSG00000142657,navajowhite
ENSG00000156471,coral
ENSG00000164172,bisque
ENSG00000183431,chocolate
ENSG00000188786,chocolate
ENSG00000198380,bisque
ENSG00000029363,burlywood
ENSG00000100596,chocolate
ENSG00000134970,floralwhite
ENSG00000161996,chocolate
ENSG00000171603,chocolate
ENSG00000187961,chocolate
ENSG00000099968,chocolate
ENSG00000106266,chocolate
ENSG00000116478,chocolate
ENSG00000121073,bisque
ENSG00000121774,linen
ENSG00000137193,chocolate
ENSG00000140990,bisque
ENSG00000143575,goldenrod
ENSG00000167792,darkkhaki
ENSG00000169432,lightyellow
ENSG00000243927,bisque
ENSG00000055332,chocolate
ENSG00000075420,gold
ENSG00000103035,tan
ENSG00000113300,chocolate
ENSG00000150459,burlywood
ENSG00000163848,chocolate
ENSG00000185049,chocolate
ENSG00000198856,chocolate
ENSG00000091436,tomato
ENSG00000105835,chocolate
ENSG00000121892,chocolate
ENSG00000125772,chocolate
ENSG00000143641,chocolate
ENSG00000164291,chocolate
ENSG00000183287,gold
ENSG00000196781,chocolate
ENSG00000198053,chocolate
ENSG00000049540,chocolate
ENSG00000106591,bisque
ENSG00000115806,chocolate
ENSG00000118363,goldenrod
ENSG00000136542,sandybrown
ENSG00000151849,chocolate
ENSG00000253352,chocolate
ENSG00000093144,olivedrab
ENSG00000120963,tomato
ENSG00000122729,chocolate
ENSG00000154832,chocolate
ENSG00000155111,chocolate
ENSG00000068745,chocolate
ENSG00000131462,chocolate
ENSG00000138443,chocolate
ENSG00000139324,bisque
ENSG00000174579,chocolate
ENSG00000183963,antiquewhite
ENSG00000014824,bisque
ENSG00000104969,lightgoldenrodyellow
ENSG00000108561,navajowhite
ENSG00000113460,bisque
ENSG00000127616,chocolate
ENSG00000131791,chocolate
ENSG00000141959,chocolate
ENSG00000142856,chocolate
ENSG00000144827,chocolate
ENSG00000146731,tomato
ENSG00000148308,lightgoldenrodyellow
ENSG00000159164,peachpuff
ENSG00000164176,sandybrown
ENSG00000183160,chocolate
ENSG00000185950,chocolate
ENSG00000204356,burlywood
ENSG00000106853,bisque
ENSG00000161800,burlywood
ENSG00000163875,chocolate
ENSG00000164096,saddlebrown
ENSG00000171421,bisque
ENSG00000198121,firebrick
ENSG00000198931,darkkhaki
ENSG00000048649,lightyellow
ENSG00000086232,burlywood
ENSG00000087245,navajowhite
ENSG00000102225,chocolate
ENSG00000114439,chocolate
ENSG00000115325,chocolate
ENSG00000116221,chocolate
ENSG00000119596,peachpuff
ENSG00000135048,tomato
ENSG00000135457,chocolate
ENSG00000141552,bisque
ENSG00000149716,chocolate
ENSG00000171735,coral
ENSG00000181090,chocolate
ENSG00000276043,bisque
ENSG00000078618,firebrick
ENSG00000087302,olivedrab
ENSG00000103490,chocolate
ENSG00000112305,bisque
ENSG00000116288,burlywood
ENSG00000128524,chocolate
ENSG00000131100,gold
ENSG00000158161,bisque
ENSG00000162512,chocolate
ENSG00000186918,chocolate
ENSG00000198707,firebrick
ENSG00000079102,chocolate
ENSG00000104341,burlywood
ENSG00000124831,bisque
ENSG00000133169,orange
ENSG00000143797,bisque
ENSG00000151176,bisque
ENSG00000163159,chocolate
ENSG00000167770,chocolate
ENSG00000179604,chocolate
ENSG00000185219,bisque
ENSG00000187079,orange
ENSG00000100739,chocolate
ENSG00000115652,orange
ENSG00000119638,chocolate
ENSG00000133275,chocolate
ENSG00000141741,burlywood
ENSG00000173465,bisque
ENSG00000173473,bisque
ENSG00000182149,chocolate
ENSG00000185651,beige
ENSG00000213237,lightyellow
ENSG00000054983,bisque
ENSG00000099622,chocolate
ENSG00000104388,chocolate
ENSG00000104722,bisque
ENSG00000119402,chocolate
ENSG00000151612,chocolate
ENSG00000197451,chocolate
ENSG00000204256,bisque
ENSG00000007168,firebrick
ENSG00000112146,floralwhite
ENSG00000116717,palegoldenrod
ENSG00000132646,firebrick
ENSG00000140365,cornsilk
ENSG00000154144,chocolate
ENSG00000168495,chocolate
ENSG00000172922,navajowhite
ENSG00000197321,cornsilk
ENSG00000214087,bisque
ENSG00000003756,chocolate
ENSG00000072134,chocolate
ENSG00000090316,bisque
ENSG00000094916,chocolate
ENSG00000099331,bisque
ENSG00000104472,chocolate
ENSG00000104549,chocolate
ENSG00000140859,chocolate
ENSG00000143653,firebrick
ENSG00000154146,chocolate
ENSG00000156599,chocolate
ENSG00000163950,chocolate
ENSG00000167693,chocolate
ENSG00000170312,papayawhip
ENSG00000184014,chocolate
ENSG00000054523,chocolate
ENSG00000100083,bisque
ENSG00000100888,chocolate
ENSG00000104517,chocolate
ENSG00000129071,navajowhite
ENSG00000136732,chocolate
ENSG00000138069,burlywood
ENSG00000168268,burlywood
ENSG00000170242,cornsilk
ENSG00000171067,orange
ENSG00000185215,chocolate
ENSG00000234741,gold
ENSG00000067798,chocolate
ENSG00000105197,chocolate
ENSG00000112773,chocolate
ENSG00000146648,chocolate
ENSG00000147889,beige
ENSG00000171456,chocolate
ENSG00000196544,bisque
ENSG00000113384,linen
ENSG00000125912,chocolate
ENSG00000132466,burlywood
ENSG00000155959,papayawhip
ENSG00000170734,chocolate
ENSG00000173068,chocolate
ENSG00000182326,chocolate
ENSG00000187840,bisque
ENSG00000051596,chocolate
ENSG00000066135,chocolate
ENSG00000101109,beige
ENSG00000122884,chocolate
ENSG00000125901,chocolate
ENSG00000140526,chocolate
ENSG00000150630,bisque
ENSG00000163939,cornsilk
ENSG00000168936,bisque
ENSG00000187173,floralwhite
ENSG00000198796,chocolate
ENSG00000084090,chocolate
ENSG00000085365,chocolate
ENSG00000101191,bisque
ENSG00000103018,chocolate
ENSG00000132323,chocolate
ENSG00000133872,tan
ENSG00000145623,chocolate
ENSG00000165886,chocolate
ENSG00000167641,chocolate
ENSG00000198646,tan
ENSG00000065613,bisque
ENSG00000099949,chocolate
ENSG00000112078,chocolate
ENSG00000121022,bisque
ENSG00000155254,chocolate
ENSG00000168056,chocolate
ENSG00000205639,chocolate
ENSG00000104164,firebrick
ENSG00000115540,chocolate
ENSG00000124383,bisque
ENSG00000129534,bisque
ENSG00000135245,chocolate
ENSG00000135597,chocolate
ENSG00000136628,burlywood
ENSG00000138385,burlywood
ENSG00000159348,saddlebrown
ENSG00000162302,chocolate
ENSG00000169895,chocolate
ENSG00000056097,firebrick
ENSG00000070770,chocolate
ENSG00000072506,chocolate
ENSG00000117625,chocolate
ENSG00000131669,gold
ENSG00000138771,chocolate
ENSG00000139687,chocolate
ENSG00000166833,bisque
ENSG00000169764,saddlebrown
ENSG00000188130,chocolate
ENSG00000040633,chocolate
ENSG00000048140,chocolate
ENSG00000090273,bisque
ENSG00000104325,chocolate
ENSG00000128791,beige
ENSG00000130827,chocolate
ENSG00000148396,chocolate
ENSG00000163319,bisque
ENSG00000167005,chocolate
ENSG00000189184,darkkhaki
ENSG00000219222,bisque
ENSG00000023041,chocolate
ENSG00000037474,chocolate
ENSG00000119403,firebrick
ENSG00000136861,chocolate
ENSG00000137200,chocolate
ENSG00000163960,saddlebrown
ENSG00000167470,chocolate
ENSG00000174780,bisque
ENSG00000178567,saddlebrown
ENSG00000275052,chocolate
ENSG00000286219,chocolate
ENSG00000027847,chocolate
ENSG00000106392,bisque
ENSG00000120675,bisque
ENSG00000134686,chocolate
ENSG00000137267,burlywood
ENSG00000139726,tomato
ENSG00000160613,chocolate
ENSG00000033050,chocolate
ENSG00000101337,chocolate
ENSG00000117450,navajowhite
ENSG00000117758,chocolate
ENSG00000120509,papayawhip
ENSG00000135372,bisque
ENSG00000168175,chocolate
ENSG00000183955,chocolate
ENSG00000213949,chocolate
ENSG00000239306,chocolate
ENSG00000072518,chocolate
ENSG00000099910,chocolate
ENSG00000100100,chocolate
ENSG00000100410,chocolate
ENSG00000102910,saddlebrown
ENSG00000104356,firebrick
ENSG00000113048,chocolate
ENSG00000136279,chocolate
ENSG00000156381,chocolate
ENSG00000172663,chocolate
ENSG00000189057,firebrick
ENSG00000065427,chocolate
ENSG00000103642,cornsilk
ENSG00000116132,bisque
ENSG00000123689,floralwhite
ENSG00000125482,peachpuff
ENSG00000128309,chocolate
ENSG00000139734,firebrick
ENSG00000149930,chocolate
ENSG00000217128,chocolate
ENSG00000291152,floralwhite
ENSG00000106477,palegreen
ENSG00000107863,peachpuff
ENSG00000109133,goldenrod
ENSG00000111237,navajowhite
ENSG00000112576,firebrick
ENSG00000130725,chocolate
ENSG00000132305,firebrick
ENSG00000147650,chocolate
ENSG00000154803,chocolate
ENSG00000162923,chocolate
ENSG00000163527,chocolate
ENSG00000180104,chocolate
ENSG00000106348,lightyellow
ENSG00000112118,bisque
ENSG00000123545,floralwhite
ENSG00000133706,chocolate
ENSG00000171246,bisque
ENSG00000197323,firebrick
ENSG00000234354,peachpuff
ENSG00000289194,chocolate
ENSG00000037897,chocolate
ENSG00000066777,palegoldenrod
ENSG00000073792,firebrick
ENSG00000109084,beige
ENSG00000113369,chocolate
ENSG00000115204,yellowgreen
ENSG00000138080,yellow
ENSG00000138279,navajowhite
ENSG00000164898,chocolate
ENSG00000164985,firebrick
ENSG00000177200,peachpuff
ENSG00000189144,chocolate
ENSG00000235106,chocolate
ENSG00000078674,cornsilk
ENSG00000135002,chocolate
ENSG00000138735,chocolate
ENSG00000143486,chocolate
ENSG00000165169,tomato
ENSG00000172046,chocolate
ENSG00000180879,cornsilk
ENSG00000267534,chocolate
ENSG00000065054,yellow
ENSG00000075407,chocolate
ENSG00000082482,chocolate
ENSG00000100034,chocolate
ENSG00000110031,navajowhite
ENSG00000110911,chocolate
ENSG00000143149,goldenrod
ENSG00000146386,darkseagreen
ENSG00000148399,bisque
ENSG00000153560,chocolate
ENSG00000165533,chocolate
ENSG00000166741,chocolate
ENSG00000167987,chocolate
ENSG00000174547,burlywood
ENSG00000182606,chocolate
ENSG00000257621,chocolate
ENSG00000010295,lightgoldenrodyellow
ENSG00000056586,chocolate
ENSG00000075336,bisque
ENSG00000084073,bisque
ENSG00000123066,chocolate
ENSG00000131013,chocolate
ENSG00000134250,chocolate
ENSG00000140650,bisque
ENSG00000150093,chocolate
ENSG00000167862,bisque
ENSG00000168615,chocolate
ENSG00000196704,bisque
ENSG00000197594,lightgoldenrodyellow
ENSG00000111961,cornsilk
ENSG00000118217,chocolate
ENSG00000120733,chocolate
ENSG00000120805,goldenrod
ENSG00000123636,peachpuff
ENSG00000131165,chocolate
ENSG00000134440,gold
ENSG00000136731,sandybrown
ENSG00000157014,chocolate
ENSG00000187051,firebrick
ENSG00000197170,bisque
ENSG00000197757,chocolate
ENSG00000204842,chocolate
ENSG00000226243,tan
ENSG00000004142,antiquewhite
ENSG00000101596,chocolate
ENSG00000101966,chocolate
ENSG00000122707,chocolate
ENSG00000125870,tomato
ENSG00000129187,navajowhite
ENSG00000139990,tan
ENSG00000150760,saddlebrown
ENSG00000168938,beige
ENSG00000175040,goldenrod
ENSG00000177663,chocolate
ENSG00000183137,palegreen
ENSG00000188554,lightyellow
ENSG00000196428,chocolate
ENSG00000235175,bisque
ENSG00000006744,bisque
ENSG00000049239,chocolate
ENSG00000079785,goldenrod
ENSG00000084774,chocolate
ENSG00000108587,chocolate
ENSG00000111602,orange
ENSG00000126705,chocolate
ENSG00000129657,chocolate
ENSG00000148730,chocolate
ENSG00000162961,tomato
ENSG00000182054,chocolate
ENSG00000184988,chocolate
ENSG00000038274,beige
ENSG00000060982,chocolate
ENSG00000100815,darkkhaki
ENSG00000120705,bisque
ENSG00000120802,chocolate
ENSG00000131873,chocolate
ENSG00000147548,firebrick
ENSG00000167157,chocolate
ENSG00000229807,chocolate
ENSG00000100442,bisque
ENSG00000105894,chocolate
ENSG00000142949,sandybrown
ENSG00000154719,papayawhip
ENSG00000156931,chocolate
ENSG00000160271,bisque
ENSG00000168214,goldenrod
ENSG00000170144,chocolate
ENSG00000177542,chocolate
ENSG00000182667,chocolate
ENSG00000198911,chocolate
ENSG00000111371,burlywood
ENSG00000128283,chocolate
ENSG00000128805,chocolate
ENSG00000128989,floralwhite
ENSG00000133884,chocolate
ENSG00000153048,coral
ENSG00000154473,chocolate
ENSG00000163902,chocolate
ENSG00000168411,goldenrod
ENSG00000187720,chocolate
ENSG00000254901,chocolate
ENSG00000100503,chocolate
ENSG00000116030,tomato
ENSG00000116209,orange
ENSG00000117505,chocolate
ENSG00000120885,chocolate
ENSG00000126261,chartreuse
ENSG00000137100,bisque
ENSG00000170385,chocolate
ENSG00000171552,lawngreen
ENSG00000173402,beige
ENSG00000184743,tomato
ENSG00000066654,chocolate
ENSG00000068878,chocolate
ENSG00000077254,chocolate
ENSG00000104852,chocolate
ENSG00000106034,chocolate
ENSG00000108061,chocolate
ENSG00000111670,chocolate
ENSG00000112851,sandybrown
ENSG00000113441,papayawhip
ENSG00000117543,chocolate
ENSG00000119280,chocolate
ENSG00000124784,bisque
ENSG00000132589,chocolate
ENSG00000140836,chocolate
ENSG00000213281,floralwhite
ENSG00000078142,chocolate
ENSG00000129636,chocolate
ENSG00000133773,chocolate
ENSG00000140443,chocolate
ENSG00000146963,cornsilk
ENSG00000149532,chocolate
ENSG00000158109,chocolate
ENSG00000160710,bisque
ENSG00000165689,chocolate
ENSG00000166902,beige
ENSG00000168807,lightyellow
ENSG00000173641,chocolate
ENSG00000179134,orange
ENSG00000203879,bisque
ENSG00000242372,gold
ENSG00000010322,tan
ENSG00000102038,chocolate
ENSG00000125944,firebrick
ENSG00000136802,chocolate
ENSG00000140391,firebrick
ENSG00000141012,chocolate
ENSG00000142459,chocolate
ENSG00000163104,chocolate
ENSG00000165304,chocolate
ENSG00000189091,chocolate
ENSG00000210112,chocolate
ENSG00000090889,chocolate
ENSG00000105711,chocolate
ENSG00000107404,chocolate
ENSG00000110075,beige
ENSG00000113013,chocolate
ENSG00000139318,papayawhip
ENSG00000147123,bisque
ENSG00000155850,chocolate
ENSG00000165609,chocolate
ENSG00000168488,chocolate
ENSG00000178177,chocolate
ENSG00000182446,chocolate
ENSG00000076067,chocolate
ENSG00000080573,chocolate
ENSG00000103196,linen
ENSG00000103647,antiquewhite
ENSG00000125450,chocolate
ENSG00000138675,floralwhite
ENSG00000157259,chocolate
ENSG00000165655,chocolate
ENSG00000184787,cornsilk
ENSG00000196715,bisque
ENSG00000230989,cornsilk
ENSG00000013374,beige
ENSG00000072310,chocolate
ENSG00000079332,firebrick
ENSG00000088205,bisque
ENSG00000104660,chocolate
ENSG00000106484,orange
ENSG00000119541,chocolate
ENSG00000139641,linen
ENSG00000144591,chocolate
ENSG00000179041,lemonchiffon
ENSG00000196507,gold
ENSG00000229344,bisque
ENSG00000230734,chocolate
ENSG00000012232,chocolate
ENSG00000064995,cornsilk
ENSG00000065183,chocolate
ENSG00000101216,chocolate
ENSG00000108384,bisque
ENSG00000113361,gold
ENSG00000120533,tomato
ENSG00000147130,chocolate
ENSG00000158863,chocolate
ENSG00000165501,floralwhite
ENSG00000173436,coral
ENSG00000196700,chocolate
ENSG00000219023,bisque
ENSG00000096092,chocolate
ENSG00000099250,bisque
ENSG00000108433,chocolate
ENSG00000109111,chocolate
ENSG00000117143,palegoldenrod
ENSG00000120896,gold
ENSG00000128185,chocolate
ENSG00000130714,chocolate
ENSG00000131876,sandybrown
ENSG00000160299,chocolate
ENSG00000163811,honeydew
ENSG00000173064,chocolate
ENSG00000174953,firebrick
ENSG00000187147,chocolate
ENSG00000188986,chocolate
ENSG00000197535,lightgoldenrodyellow
ENSG00000009844,saddlebrown
ENSG00000035687,saddlebrown
ENSG00000104321,darkseagreen
ENSG00000104853,chocolate
ENSG00000113360,peachpuff
ENSG00000119471,lemonchiffon
ENSG00000127838,firebrick
ENSG00000144567,darkkhaki
ENSG00000144642,chocolate
ENSG00000177410,tomato
ENSG00000185085,chocolate
ENSG00000187239,lightgoldenrodyellow
ENSG00000211460,beige
ENSG00000028839,chocolate
ENSG00000100196,beige
ENSG00000102158,chocolate
ENSG00000108578,chocolate
ENSG00000112983,lemonchiffon
ENSG00000135679,chocolate
ENSG00000141971,chocolate
ENSG00000142634,olivedrab
ENSG00000149485,beige
ENSG00000155760,chocolate
ENSG00000162702,chocolate
ENSG00000170775,chocolate
ENSG00000196792,chocolate
ENSG00000204442,chocolate
ENSG00000005156,chocolate
ENSG00000028137,chocolate
ENSG00000066697,tomato
ENSG00000107929,beige
ENSG00000127663,chocolate
ENSG00000158669,palegoldenrod
ENSG00000163660,chocolate
ENSG00000167491,chocolate
ENSG00000171475,chocolate
ENSG00000189319,chocolate
ENSG00000220749,bisque
ENSG00000253710,chocolate
ENSG00000008294,chocolate
ENSG00000085982,chocolate
ENSG00000100796,gold
ENSG00000103326,chocolate
ENSG00000116106,chocolate
ENSG00000131732,floralwhite
ENSG00000134108,antiquewhite
ENSG00000135387,gold
ENSG00000147457,chocolate
ENSG00000151923,chocolate
ENSG00000159200,chocolate
ENSG00000163348,chocolate
ENSG00000163728,cornsilk
ENSG00000168010,chocolate
ENSG00000170145,chocolate
ENSG00000186660,goldenrod
ENSG00000214160,chocolate
ENSG00000071575,chocolate
ENSG00000088448,saddlebrown
ENSG00000095303,chocolate
ENSG00000120333,beige
ENSG00000120697,chocolate
ENSG00000120738,linen
ENSG00000123643,chocolate
ENSG00000129003,chocolate
ENSG00000134897,chocolate
ENSG00000161281,chocolate
ENSG00000163932,chocolate
ENSG00000167645,chocolate
ENSG00000170468,chocolate
ENSG00000170779,chocolate
ENSG00000178105,bisque
ENSG00000036054,linen
ENSG00000109089,goldenrod
ENSG00000111605,goldenrod
ENSG00000116906,bisque
ENSG00000132912,chocolate
ENSG00000133030,gold
ENSG00000136986,chocolate
ENSG00000169019,palegoldenrod
ENSG00000172071,chocolate
ENSG00000172965,lemonchiffon
ENSG00000185236,chocolate
ENSG00000204899,bisque
ENSG00000006576,goldenrod
ENSG00000091039,chocolate
ENSG00000092203,antiquewhite
ENSG00000101439,yellow
ENSG00000104812,chocolate
ENSG00000116171,chocolate
ENSG00000119185,burlywood
ENSG00000120656,chocolate
ENSG00000121060,chocolate
ENSG00000129460,chocolate
ENSG00000134086,chocolate
ENSG00000138434,chocolate
ENSG00000140332,chocolate
ENSG00000141837,chocolate
ENSG00000151131,chocolate
ENSG00000151465,beige
ENSG00000156928,burlywood
ENSG00000168275,chocolate
ENSG00000168890,chocolate
ENSG00000175470,chocolate
ENSG00000179091,chocolate
ENSG00000198060,sandybrown
ENSG00000278311,sandybrown
ENSG00000001629,chocolate
ENSG00000078246,chocolate
ENSG00000100380,saddlebrown
ENSG00000100813,chocolate
ENSG00000121879,chocolate
ENSG00000130338,chocolate
ENSG00000139350,chocolate
ENSG00000143420,darkseagreen
ENSG00000160917,chocolate
ENSG00000162458,gold
ENSG00000163029,lightyellow
ENSG00000165219,chocolate
ENSG00000166900,chocolate
ENSG00000185104,bisque
ENSG00000196586,bisque
ENSG00000196954,firebrick
ENSG00000198373,chocolate
ENSG00000089053,chocolate
ENSG00000100883,firebrick
ENSG00000103502,burlywood
ENSG00000126749,lawngreen
ENSG00000126756,burlywood
ENSG00000139433,tomato
ENSG00000142166,lawngreen
ENSG00000148690,bisque
ENSG00000166295,orange
ENSG00000169851,yellow
ENSG00000173575,cornsilk
ENSG00000225614,chocolate
ENSG00000069399,chocolate
ENSG00000105939,chocolate
ENSG00000106554,coral
ENSG00000124788,chocolate
ENSG00000128340,chocolate
ENSG00000131446,chocolate
ENSG00000145386,bisque
ENSG00000150457,chocolate
ENSG00000157456,beige
ENSG00000158042,tomato
ENSG00000164109,bisque
ENSG00000166526,chocolate
ENSG00000008311,chocolate
ENSG00000090905,gold
ENSG00000106443,bisque
ENSG00000124222,chocolate
ENSG00000134748,bisque
ENSG00000139645,chocolate
ENSG00000163349,chocolate
ENSG00000168899,yellow
ENSG00000170430,chocolate
ENSG00000170525,chocolate
ENSG00000173207,coral
ENSG00000185043,honeydew
ENSG00000004478,bisque
ENSG00000101311,chocolate
ENSG00000105397,chocolate
ENSG00000136104,bisque
ENSG00000136827,burlywood
ENSG00000144677,gold
ENSG00000157193,chocolate
ENSG00000162517,chocolate
ENSG00000169871,chocolate
ENSG00000171109,chocolate
ENSG00000185591,chocolate
ENSG00000198873,firebrick
ENSG00000204941,orange
ENSG00000100225,chocolate
ENSG00000101544,chocolate
ENSG00000114062,firebrick
ENSG00000130382,firebrick
ENSG00000131238,chocolate
ENSG00000133119,linen
ENSG00000134283,beige
ENSG00000137273,antiquewhite
ENSG00000146828,chocolate
ENSG00000154813,navajowhite
ENSG00000158545,chocolate
ENSG00000162368,chocolate
ENSG00000163577,navajowhite
ENSG00000166025,chocolate
ENSG00000171314,beige
ENSG00000243335,chocolate
ENSG00000007384,chocolate
ENSG00000039123,peachpuff
ENSG00000071994,bisque
ENSG00000100603,cornsilk
ENSG00000107819,chocolate
ENSG00000114331,chocolate
ENSG00000114480,cornsilk
ENSG00000124562,chocolate
ENSG00000125835,chocolate
ENSG00000130305,chocolate
ENSG00000131773,bisque
ENSG00000144320,chocolate
ENSG00000157110,chocolate
ENSG00000171490,bisque
ENSG00000177879,cornsilk
ENSG00000189337,chocolate
ENSG00000002834,chocolate
ENSG00000055044,bisque
ENSG00000055211,sandybrown
ENSG00000062650,chocolate
ENSG00000102921,chocolate
ENSG00000103888,peachpuff
ENSG00000107554,chocolate
ENSG00000115084,firebrick
ENSG00000115170,goldenrod
ENSG00000145715,bisque
ENSG00000147471,chocolate
ENSG00000148484,beige
ENSG00000150787,navajowhite
ENSG00000196914,darkolivegreen
ENSG00000198663,palegoldenrod
ENSG00000204138,chocolate
ENSG00000206538,bisque
ENSG00000103507,chocolate
ENSG00000105270,chocolate
ENSG00000112699,chocolate
ENSG00000124098,chocolate
ENSG00000135842,chocolate
ENSG00000156804,chocolate
ENSG00000161888,bisque
ENSG00000167881,bisque
ENSG00000169641,lightyellow
ENSG00000179954,chocolate
ENSG00000257178,chocolate
ENSG00000072571,saddlebrown
ENSG00000109171,saddlebrown
ENSG00000131507,firebrick
ENSG00000132128,gold
ENSG00000160714,bisque
ENSG00000171311,bisque
ENSG00000173852,bisque
ENSG00000174917,bisque
ENSG00000182512,chocolate
ENSG00000182752,chocolate
ENSG00000197961,linen
ENSG00000255248,chocolate
ENSG00000258102,chocolate
ENSG00000066044,chocolate
ENSG00000101126,chocolate
ENSG00000103540,chocolate
ENSG00000121361,coral
ENSG00000143891,saddlebrown
ENSG00000147684,bisque
ENSG00000149600,darkkhaki
ENSG00000160007,chocolate
ENSG00000160957,chocolate
ENSG00000166167,chocolate
ENSG00000175582,bisque
ENSG00000176101,chocolate
ENSG00000189159,papayawhip
ENSG00000213694,firebrick
ENSG00000052841,chocolate
ENSG00000059573,chocolate
ENSG00000075151,firebrick
ENSG00000080503,chocolate
ENSG00000082805,chocolate
ENSG00000084463,chocolate
ENSG00000099795,darkkhaki
ENSG00000105053,bisque
ENSG00000106609,beige
ENSG00000111321,chocolate
ENSG00000115159,papayawhip
ENSG00000125651,chocolate
ENSG00000126778,chocolate
ENSG00000138663,bisque
ENSG00000143401,firebrick
ENSG00000143437,chocolate
ENSG00000145730,gold
ENSG00000167635,chocolate
ENSG00000185900,chocolate
ENSG00000225630,bisque
ENSG00000025293,firebrick
ENSG00000041880,chocolate
ENSG00000071539,chocolate
ENSG00000102858,chocolate
ENSG00000103145,darkkhaki
ENSG00000106460,chocolate
ENSG00000106635,olivedrab
ENSG00000114503,bisque
ENSG00000122958,papayawhip
ENSG00000131437,firebrick
ENSG00000138092,chocolate
ENSG00000164543,chocolate
ENSG00000176946,chocolate
ENSG00000188010,chocolate
ENSG00000066322,chocolate
ENSG00000101654,cornsilk
ENSG00000107021,chocolate
ENSG00000111247,bisque
ENSG00000111711,cornsilk
ENSG00000113328,bisque
ENSG00000142279,palegreen
ENSG00000166033,chocolate
ENSG00000166848,chocolate
ENSG00000168209,cornsilk
ENSG00000178464,lightyellow
ENSG00000181072,chocolate
ENSG00000048544,orange
ENSG00000086598,chocolate
ENSG00000105669,chocolate
ENSG00000107829,chocolate
ENSG00000107890,bisque
ENSG00000108511,lemonchiffon
ENSG00000111667,chocolate
ENSG00000115241,chocolate
ENSG00000119650,chocolate
ENSG00000135365,chocolate
ENSG00000136999,chocolate
ENSG00000139842,chocolate
ENSG00000143612,tomato
ENSG00000145743,sandybrown
ENSG00000166073,tomato
ENSG00000166847,chocolate
ENSG00000173530,chocolate
ENSG00000177311,chocolate
ENSG00000185624,chocolate
ENSG00000186834,chocolate
ENSG00000196923,chocolate
ENSG00000205531,chocolate
ENSG00000271601,chocolate
ENSG00000023287,firebrick
ENSG00000025796,burlywood
ENSG00000068001,chocolate
ENSG00000092010,cornsilk
ENSG00000107262,chocolate
ENSG00000122642,gold
ENSG00000123131,tomato
ENSG00000129195,firebrick
ENSG00000133606,cornsilk
ENSG00000136051,linen
ENSG00000141504,chocolate
ENSG00000142208,burlywood
ENSG00000144451,peachpuff
ENSG00000145246,chocolate
ENSG00000145632,chocolate
ENSG00000150961,orange
ENSG00000156587,lightyellow
ENSG00000167378,chocolate
ENSG00000167543,chocolate
ENSG00000184867,beige
ENSG00000188352,chocolate
ENSG00000198113,orange
ENSG00000198162,firebrick
ENSG00000198892,chocolate
ENSG00000049618,chocolate
ENSG00000064102,papayawhip
ENSG00000093167,bisque
ENSG00000110906,gold
ENSG00000111145,chocolate
ENSG00000112308,chocolate
ENSG00000115350,coral
ENSG00000115520,lightgoldenrodyellow
ENSG00000118518,chocolate
ENSG00000119844,chocolate
ENSG00000122515,chocolate
ENSG00000122873,bisque
ENSG00000125484,chocolate
ENSG00000133731,saddlebrown
ENSG00000138180,chocolate
ENSG00000165650,chocolate
ENSG00000172992,palegreen
ENSG00000175224,chocolate
ENSG00000176542,chocolate
ENSG00000198833,tomato
ENSG00000065029,chocolate
ENSG00000079308,darkkhaki
ENSG00000090686,lightgoldenrodyellow
ENSG00000099337,firebrick
ENSG00000100325,chocolate
ENSG00000112531,beige
ENSG00000118939,bisque
ENSG00000120833,coral
ENSG00000122971,chocolate
ENSG00000134874,chocolate
ENSG00000140995,chocolate
ENSG00000142687,chocolate
ENSG00000160563,bisque
ENSG00000178188,chocolate
ENSG00000182552,firebrick
ENSG00000184898,chocolate
ENSG00000196419,burlywood
ENSG00000197555,chocolate
ENSG00000204856,navajowhite
ENSG00000071205,chocolate
ENSG00000083642,peachpuff
ENSG00000086589,chocolate
ENSG00000101444,navajowhite
ENSG00000105443,chocolate
ENSG00000117620,chocolate
ENSG00000121297,chocolate
ENSG00000151929,firebrick
ENSG00000156990,darkkhaki
ENSG00000157483,chocolate
ENSG00000170322,chocolate
ENSG00000185658,chocolate
ENSG00000197355,chocolate
ENSG00000214253,chocolate
ENSG00000256053,chocolate
ENSG00000005206,chocolate
ENSG00000048405,chocolate
ENSG00000053371,burlywood
ENSG00000100625,chocolate
ENSG00000105825,tomato
ENSG00000109919,tomato
ENSG00000111348,bisque
ENSG00000111364,chocolate
ENSG00000121289,firebrick
ENSG00000121579,tomato
ENSG00000136709,gold
ENSG00000141447,chocolate
ENSG00000147601,bisque
ENSG00000156983,chocolate
ENSG00000162825,chocolate
ENSG00000163558,chocolate
ENSG00000164465,chocolate
ENSG00000179933,sandybrown
ENSG00000182158,chocolate
ENSG00000205659,chocolate
ENSG00000248333,firebrick
ENSG00000006015,yellow
ENSG00000104412,lightgoldenrodyellow
ENSG00000106268,bisque
ENSG00000114021,linen
ENSG00000116688,goldenrod
ENSG00000117533,bisque
ENSG00000120129,navajowhite
ENSG00000134597,tan
ENSG00000135720,chocolate
ENSG00000138709,peachpuff
ENSG00000140853,chocolate
ENSG00000143153,darkolivegreen
ENSG00000151500,chocolate
ENSG00000155096,gold
ENSG00000160799,firebrick
ENSG00000163870,chocolate
ENSG00000169118,chocolate
ENSG00000177051,chocolate
ENSG00000196739,bisque
ENSG00000255717,chocolate
ENSG00000261221,chocolate
ENSG00000058056,chocolate
ENSG00000091164,bisque
ENSG00000126773,chocolate
ENSG00000132570,gold
ENSG00000160216,chocolate
ENSG00000164902,tan
ENSG00000171566,antiquewhite
ENSG00000187531,bisque
ENSG00000189306,chocolate
ENSG00000250536,goldenrod
ENSG00000042445,chocolate
ENSG00000065357,bisque
ENSG00000101333,chocolate
ENSG00000102804,sandybrown
ENSG00000113163,chocolate
ENSG00000113658,chocolate
ENSG00000114999,tan
ENSG00000130299,bisque
ENSG00000133657,floralwhite
ENSG00000137693,chocolate
ENSG00000141698,chocolate
ENSG00000143320,chocolate
ENSG00000146278,chocolate
ENSG00000149311,chocolate
ENSG00000152147,bisque
ENSG00000152332,bisque
ENSG00000155561,navajowhite
ENSG00000163069,burlywood
ENSG00000163814,chocolate
ENSG00000165264,firebrick
ENSG00000169692,chocolate
ENSG00000180801,bisque
ENSG00000197498,bisque
ENSG00000198816,chocolate
ENSG00000008513,chocolate
ENSG00000039650,chocolate
ENSG00000079462,chocolate
ENSG00000091140,navajowhite
ENSG00000100221,chocolate
ENSG00000104427,chocolate
ENSG00000112667,chocolate
ENSG00000122299,orange
ENSG00000125885,bisque
ENSG00000129355,lightgoldenrodyellow
ENSG00000134049,bisque
ENSG00000134077,palegoldenrod
ENSG00000136504,chocolate
ENSG00000144118,chocolate
ENSG00000144747,firebrick
ENSG00000175054,chocolate
ENSG00000177565,chocolate
ENSG00000197798,goldenrod
ENSG00000198026,chocolate
ENSG00000198837,chocolate
ENSG00000198918,burlywood
ENSG00000260027,bisque
ENSG00000023734,chocolate
ENSG00000025770,chocolate
ENSG00000100714,bisque
ENSG00000107959,bisque
ENSG00000110422,chocolate
ENSG00000110713,chocolate
ENSG00000120992,papayawhip
ENSG00000121486,sandybrown
ENSG00000128311,cornsilk
ENSG00000134248,firebrick
ENSG00000134982,linen
ENSG00000144231,firebrick
ENSG00000149428,chocolate
ENSG00000179431,papayawhip
ENSG00000213614,chocolate
ENSG00000100335,chocolate
ENSG00000101928,chocolate
ENSG00000108262,chocolate
ENSG00000123908,chocolate
ENSG00000127418,chocolate
ENSG00000127946,chocolate
ENSG00000135503,chocolate
ENSG00000136875,bisque
ENSG00000137714,burlywood
ENSG00000163531,bisque
ENSG00000181026,chocolate
ENSG00000197536,chocolate
ENSG00000259207,chocolate
ENSG00000291105,floralwhite
ENSG00000048740,chocolate
ENSG00000064652,burlywood
ENSG00000095261,gold
ENSG00000105137,chocolate
ENSG00000105854,chocolate
ENSG00000111707,linen
ENSG00000112200,chocolate
ENSG00000118508,bisque
ENSG00000136840,bisque
ENSG00000146729,papayawhip
ENSG00000156504,palegreen
ENSG00000160991,chocolate
ENSG00000163683,saddlebrown
ENSG00000165029,chocolate
ENSG00000168264,chocolate
ENSG00000171729,chocolate
ENSG00000177189,chocolate
ENSG00000182963,chocolate
ENSG00000183023,chocolate
ENSG00000189227,chocolate
ENSG00000198585,chocolate
ENSG00000001461,chocolate
ENSG00000041982,papayawhip
ENSG00000055208,chocolate
ENSG00000061936,chocolate
ENSG00000073614,firebrick
ENSG00000100647,chocolate
ENSG00000108679,darkkhaki
ENSG00000115365,chocolate
ENSG00000125970,gold
ENSG00000132467,chocolate
ENSG00000141030,navajowhite
ENSG00000153201,chocolate
ENSG00000159216,chocolate
ENSG00000165632,tan
ENSG00000167371,chocolate
ENSG00000187741,chocolate
ENSG00000211584,chocolate
ENSG00000069998,chocolate
ENSG00000071282,saddlebrown
ENSG00000108861,chocolate
ENSG00000112167,chocolate
ENSG00000116774,chocolate
ENSG00000130517,chocolate
ENSG00000137106,bisque
ENSG00000138413,chocolate
ENSG00000140691,chocolate
ENSG00000152661,darkkhaki
ENSG00000164045,lawngreen
ENSG00000167779,sandybrown
ENSG00000175274,darkkhaki
ENSG00000176171,gold
ENSG00000187189,chocolate
ENSG00000213064,chocolate
ENSG00000033100,chocolate
ENSG00000101868,chocolate
ENSG00000102189,tan
ENSG00000104442,chocolate
ENSG00000104447,lightyellow
ENSG00000105971,chocolate
ENSG00000110344,chocolate
ENSG00000113648,burlywood
ENSG00000115816,lawngreen
ENSG00000131378,bisque
ENSG00000132485,sandybrown
ENSG00000135905,chocolate
ENSG00000137124,bisque
ENSG00000138246,yellow
ENSG00000152223,chocolate
ENSG00000152377,chocolate
ENSG00000156030,chocolate
ENSG00000164647,tomato
ENSG00000168924,chocolate
ENSG00000170791,tan
ENSG00000179364,chocolate
ENSG00000180964,chocolate
ENSG00000188643,orange
ENSG00000189060,gold
ENSG00000198730,chocolate
ENSG00000215301,beige
ENSG00000077684,cornsilk
ENSG00000106462,olivedrab
ENSG00000108406,beige
ENSG00000113575,saddlebrown
ENSG00000136205,chocolate
ENSG00000138430,saddlebrown
ENSG00000138777,goldenrod
ENSG00000141458,chocolate
ENSG00000144647,chocolate
ENSG00000147027,chocolate
ENSG00000163001,bisque
ENSG00000166925,chocolate
ENSG00000169021,bisque
ENSG00000172081,darkkhaki
ENSG00000174306,palegoldenrod
ENSG00000214389,chocolate
ENSG00000001036,chocolate
ENSG00000003393,tan
ENSG00000010219,chocolate
ENSG00000052795,chocolate
ENSG00000082701,chocolate
ENSG00000103485,chocolate
ENSG00000106771,chocolate
ENSG00000110871,chocolate
ENSG00000120693,coral
ENSG00000127022,chocolate
ENSG00000131724,chocolate
ENSG00000141380,coral
ENSG00000152465,chocolate
ENSG00000163389,lightyellow
ENSG00000165934,yellow
ENSG00000166801,chocolate
ENSG00000167272,bisque
ENSG00000173085,chocolate
ENSG00000175727,chocolate
ENSG00000177374,chocolate
ENSG00000177963,bisque
ENSG00000197930,bisque
ENSG00000049192,chocolate
ENSG00000056050,chocolate
ENSG00000102786,chocolate
ENSG00000111665,chocolate
ENSG00000117751,peachpuff
ENSG00000130640,chocolate
ENSG00000131149,chocolate
ENSG00000133142,linen
ENSG00000152700,antiquewhite
ENSG00000158402,chocolate
ENSG00000164576,bisque
ENSG00000165669,tomato
ENSG00000165861,chocolate
ENSG00000170921,chocolate
ENSG00000173933,chocolate
ENSG00000175782,chocolate
ENSG00000215039,firebrick
ENSG00000243667,chocolate
ENSG00000244509,chocolate
ENSG00000000419,chocolate
ENSG00000010244,firebrick
ENSG00000011009,chocolate
ENSG00000067334,tomato
ENSG00000103365,lightyellow
ENSG00000108840,chocolate
ENSG00000112029,chocolate
ENSG00000121691,navajowhite
ENSG00000123064,coral
ENSG00000138757,burlywood
ENSG00000148737,lemonchiffon
ENSG00000149557,chocolate
ENSG00000154217,coral
ENSG00000155957,tan
ENSG00000161904,chocolate
ENSG00000162236,papayawhip
ENSG00000164574,saddlebrown
ENSG00000168497,bisque
ENSG00000169047,yellow
ENSG00000169554,chocolate
ENSG00000172775,cornsilk
ENSG00000182504,chocolate
ENSG00000184575,chocolate
ENSG00000184924,chocolate
ENSG00000241990,chocolate
ENSG00000011295,chocolate
ENSG00000031081,chocolate
ENSG00000067369,chocolate
ENSG00000075223,cornsilk
ENSG00000081923,chocolate
ENSG00000105202,chocolate
ENSG00000107290,chocolate
ENSG00000108306,chocolate
ENSG00000108639,chocolate
ENSG00000110107,yellow
ENSG00000115307,chocolate
ENSG00000117118,chocolate
ENSG00000119616,darkseagreen
ENSG00000124767,tomato
ENSG00000131475,chocolate
ENSG00000136068,chocolate
ENSG00000137168,tan
ENSG00000138138,firebrick
ENSG00000139514,chocolate
ENSG00000147419,peachpuff
ENSG00000160058,chocolate
ENSG00000160193,chocolate
ENSG00000162976,chocolate
ENSG00000164088,chocolate
ENSG00000165322,chocolate
ENSG00000168386,chocolate
ENSG00000172086,goldenrod
ENSG00000175387,chocolate
ENSG00000179562,saddlebrown
ENSG00000197724,chocolate
ENSG00000231609,palegoldenrod
ENSG00000237187,goldenrod
ENSG00000246705,chocolate
ENSG00000017483,chocolate
ENSG00000099290,peachpuff
ENSG00000103544,chocolate
ENSG00000109118,lightgoldenrodyellow
ENSG00000109445,sandybrown
ENSG00000111727,chocolate
ENSG00000117133,darkseagreen
ENSG00000120093,bisque
ENSG00000124243,chocolate
ENSG00000139354,burlywood
ENSG00000140577,chocolate
ENSG00000148498,firebrick
ENSG00000157741,chocolate
ENSG00000164930,chocolate
ENSG00000166557,bisque
ENSG00000168303,chocolate
ENSG00000170852,chocolate
ENSG00000171720,chocolate
ENSG00000172164,chocolate
ENSG00000188938,chocolate
ENSG00000189320,chocolate
ENSG00000196591,papayawhip
ENSG00000204104,tan
ENSG00000069956,cornsilk
ENSG00000085788,coral
ENSG00000099875,chartreuse
ENSG00000108826,bisque
ENSG00000110002,bisque
ENSG00000110063,chocolate
ENSG00000111252,bisque
ENSG00000114127,chocolate
ENSG00000114346,yellowgreen
ENSG00000120063,sandybrown
ENSG00000132669,goldenrod
ENSG00000133114,chocolate
ENSG00000135521,darkseagreen
ENSG00000143811,darkseagreen
ENSG00000158615,chocolate
ENSG00000163812,chocolate
ENSG00000166734,beige
ENSG00000166946,cornsilk
ENSG00000177666,chocolate
ENSG00000178952,chocolate
ENSG00000184178,burlywood
ENSG00000189241,darkolivegreen
ENSG00000204130,chocolate
ENSG00000205981,bisque
ENSG00000211448,firebrick
ENSG00000214517,cornsilk
ENSG00000238103,bisque
ENSG00000253276,olivedrab
ENSG00000029993,chocolate
ENSG00000035141,beige
ENSG00000071894,saddlebrown
ENSG00000111530,chocolate
ENSG00000125827,olivedrab
ENSG00000127337,chocolate
ENSG00000127528,chocolate
ENSG00000140350,chocolate
ENSG00000151552,chocolate
ENSG00000163161,papayawhip
ENSG00000166888,peachpuff
ENSG00000168876,chocolate
ENSG00000177239,coral
ENSG00000183207,burlywood
ENSG00000185453,chocolate
ENSG00000189308,firebrick
ENSG00000221914,peachpuff
ENSG00000242247,bisque
ENSG00000293352,bisque
ENSG00000072657,antiquewhite
ENSG00000122068,beige
ENSG00000135596,lightyellow
ENSG00000142002,bisque
ENSG00000143387,gold
ENSG00000146066,firebrick
ENSG00000151748,chocolate
ENSG00000153046,chocolate
ENSG00000172530,chocolate
ENSG00000177119,saddlebrown
ENSG00000180198,sandybrown
ENSG00000186470,yellow
ENSG00000203875,chocolate
ENSG00000017260,beige
ENSG00000106400,bisque
ENSG00000112742,saddlebrown
ENSG00000113068,burlywood
ENSG00000114770,chocolate
ENSG00000118292,lemonchiffon
ENSG00000118418,bisque
ENSG00000122008,chocolate
ENSG00000134986,chocolate
ENSG00000141424,chocolate
ENSG00000145191,lemonchiffon
ENSG00000145990,chocolate
ENSG00000147416,chocolate
ENSG00000148358,chocolate
ENSG00000160633,chocolate
ENSG00000161533,bisque
ENSG00000163634,yellowgreen
ENSG00000164970,chocolate
ENSG00000165092,firebrick
ENSG00000166272,chocolate
ENSG00000171608,chocolate
ENSG00000172315,chocolate
ENSG00000174791,chocolate
ENSG00000183011,chocolate
ENSG00000239227,chocolate
ENSG00000050748,beige
ENSG00000071859,gold
ENSG00000095066,chocolate
ENSG00000096063,chocolate
ENSG00000102531,bisque
ENSG00000103197,chocolate
ENSG00000105723,chocolate
ENSG00000114054,bisque
ENSG00000119917,linen
ENSG00000130340,chocolate
ENSG00000135074,chocolate
ENSG00000139233,goldenrod
ENSG00000160679,chocolate
ENSG00000163798,bisque
ENSG00000167685,chocolate
ENSG00000173950,chocolate
ENSG00000204217,chocolate
ENSG00000226479,navajowhite
ENSG00000227462,bisque
ENSG00000072756,palegoldenrod
ENSG00000083857,navajowhite
ENSG00000101901,goldenrod
ENSG00000102125,chocolate
ENSG00000102226,antiquewhite
ENSG00000107771,firebrick
ENSG00000112578,chocolate
ENSG00000113716,chocolate
ENSG00000116809,chocolate
ENSG00000125445,bisque
ENSG00000135932,bisque
ENSG00000138768,navajowhite
ENSG00000139291,navajowhite
ENSG00000143207,chocolate
ENSG00000156110,bisque
ENSG00000162910,chocolate
ENSG00000165775,burlywood
ENSG00000170037,chocolate
ENSG00000183520,chocolate
ENSG00000197467,chocolate
ENSG00000293084,yellowgreen
ENSG00000011243,palegoldenrod
ENSG00000013275,beige
ENSG00000065526,chocolate
ENSG00000100296,chocolate
ENSG00000101361,firebrick
ENSG00000101752,chocolate
ENSG00000102780,chocolate
ENSG00000106004,chocolate
ENSG00000108091,chocolate
ENSG00000111642,chocolate
ENSG00000112237,bisque
ENSG00000118855,navajowhite
ENSG00000119487,burlywood
ENSG00000119682,darkolivegreen
ENSG00000128510,gold
ENSG00000128731,cornsilk
ENSG00000134255,chocolate
ENSG00000137177,goldenrod
ENSG00000137814,chocolate
ENSG00000147155,bisque
ENSG00000152558,chocolate
ENSG00000152684,bisque
ENSG00000153214,chocolate
ENSG00000158552,chocolate
ENSG00000161791,chocolate
ENSG00000162191,chocolate
ENSG00000166128,chocolate
ENSG00000170619,chocolate
ENSG00000171135,peachpuff
ENSG00000175600,chocolate
ENSG00000186184,gold
ENSG00000197448,darkkhaki
ENSG00000197461,chocolate
ENSG00000214113,chocolate
ENSG00000006625,yellowgreen
ENSG00000083896,saddlebrown
ENSG00000101911,coral
ENSG00000101972,chocolate
ENSG00000103042,chocolate
ENSG00000106397,chocolate
ENSG00000117280,chocolate
ENSG00000119522,chocolate
ENSG00000124209,chocolate
ENSG00000124541,lawngreen
ENSG00000126953,tomato
ENSG00000131504,floralwhite
ENSG00000138085,chocolate
ENSG00000139372,bisque
ENSG00000139546,chocolate
ENSG00000147099,chocolate
ENSG00000156831,chocolate
ENSG00000160094,chocolate
ENSG00000166263,papayawhip
ENSG00000167468,darkkhaki
ENSG00000174365,chocolate
ENSG00000183495,chocolate
ENSG00000198546,beige
ENSG00000068912,peachpuff
ENSG00000100749,chocolate
ENSG00000102393,chocolate
ENSG00000104368,papayawhip
ENSG00000128059,navajowhite
ENSG00000128585,bisque
ENSG00000130150,yellowgreen
ENSG00000130706,tomato
ENSG00000132680,chocolate
ENSG00000132716,chocolate
ENSG00000149636,beige
ENSG00000151779,saddlebrown
ENSG00000167461,chocolate
ENSG00000169902,chocolate
ENSG00000170889,cornsilk
ENSG00000171621,chocolate
ENSG00000172269,chocolate
ENSG00000179912,chocolate
ENSG00000181396,papayawhip
ENSG00000181610,chocolate
ENSG00000196876,chocolate
ENSG00000218891,chocolate
ENSG00000249669,chocolate
ENSG00000264522,chocolate
ENSG00000279088,lightgoldenrodyellow
ENSG00000004455,tomato
ENSG00000007047,chocolate
ENSG00000047410,firebrick
ENSG00000059758,chocolate
ENSG00000066117,olivedrab
ENSG00000101220,firebrick
ENSG00000111875,bisque
ENSG00000114383,goldenrod
ENSG00000116747,gold
ENSG00000121851,peachpuff
ENSG00000124228,lemonchiffon
ENSG00000132313,bisque
ENSG00000145354,cornsilk
ENSG00000147224,chocolate
ENSG00000149269,chocolate
ENSG00000153827,chocolate
ENSG00000154222,chocolate
ENSG00000156802,chocolate
ENSG00000160013,chocolate
ENSG00000164305,papayawhip
ENSG00000164332,bisque
ENSG00000170545,chocolate
ENSG00000187446,cornsilk
ENSG00000007392,chocolate
ENSG00000029153,floralwhite
ENSG00000057757,chocolate
ENSG00000088298,chocolate
ENSG00000114738,yellow
ENSG00000130560,darkkhaki
ENSG00000130779,firebrick
ENSG00000137573,sandybrown
ENSG00000149089,chocolate
ENSG00000155508,chocolate
ENSG00000158480,chocolate
ENSG00000163659,navajowhite
ENSG00000163872,chocolate
ENSG00000166164,bisque
ENSG00000166579,chocolate
ENSG00000198677,firebrick
ENSG00000279225,cornsilk
ENSG00000018408,chocolate
ENSG00000037241,bisque
ENSG00000039523,chocolate
ENSG00000041988,chocolate
ENSG00000049860,tomato
ENSG00000066427,chocolate
ENSG00000071889,bisque
ENSG00000100342,chocolate
ENSG00000104320,linen
ENSG00000107521,gold
ENSG00000108953,linen
ENSG00000115661,palegoldenrod
ENSG00000115866,gold
ENSG00000116044,chocolate
ENSG00000124226,firebrick
ENSG00000124802,bisque
ENSG00000127527,chocolate
ENSG00000128607,chocolate
ENSG00000133704,saddlebrown
ENSG00000136715,gold
ENSG00000138029,yellowgreen
ENSG00000143155,chocolate
ENSG00000151116,chocolate
ENSG00000159147,tan
ENSG00000163378,chocolate
ENSG00000163655,saddlebrown
ENSG00000164125,chocolate
ENSG00000164211,chocolate
ENSG00000164258,bisque
ENSG00000174684,coral
ENSG00000175334,beige
ENSG00000184207,yellow
ENSG00000206527,burlywood
ENSG00000250317,bisque
ENSG00000005882,chocolate
ENSG00000020426,lightgoldenrodyellow
ENSG00000072682,chocolate
ENSG00000106049,chocolate
ENSG00000109320,goldenrod
ENSG00000117385,chocolate
ENSG00000117682,chocolate
ENSG00000132613,chocolate
ENSG00000134453,darkseagreen
ENSG00000140406,chocolate
ENSG00000161618,chocolate
ENSG00000165832,bisque
ENSG00000166068,antiquewhite
ENSG00000168286,chocolate
ENSG00000173230,chocolate
ENSG00000175701,chocolate
ENSG00000225746,bisque
ENSG00000258890,chocolate
ENSG00000068796,saddlebrown
ENSG00000075239,coral
ENSG00000091542,chocolate
ENSG00000096872,bisque
ENSG00000102034,lemonchiffon
ENSG00000106608,chocolate
ENSG00000108523,chocolate
ENSG00000117614,chocolate
ENSG00000120694,darkseagreen
ENSG00000132603,goldenrod
ENSG00000148672,chocolate
ENSG00000149591,gold
ENSG00000155097,coral
ENSG00000158526,chocolate
ENSG00000160199,chocolate
ENSG00000168216,chocolate
ENSG00000169967,chocolate
ENSG00000171843,lightgoldenrodyellow
ENSG00000173218,chocolate
ENSG00000173548,chocolate
ENSG00000187678,floralwhite
ENSG00000198000,bisque
ENSG00000198042,bisque
ENSG00000204525,navajowhite
ENSG00000205302,burlywood
ENSG00000205356,chocolate
ENSG00000085832,bisque
ENSG00000099917,gold
ENSG00000101152,bisque
ENSG00000101546,chocolate
ENSG00000102974,peachpuff
ENSG00000104067,bisque
ENSG00000107643,lightgoldenrodyellow
ENSG00000108592,tomato
ENSG00000116741,bisque
ENSG00000118058,chocolate
ENSG00000128789,sandybrown
ENSG00000140307,bisque
ENSG00000148334,chocolate
ENSG00000162521,lightgoldenrodyellow
ENSG00000165416,darkseagreen
ENSG00000166199,linen
ENSG00000168944,sandybrown
ENSG00000169016,chocolate
ENSG00000169249,darkseagreen
ENSG00000171206,chocolate
ENSG00000187257,chocolate
ENSG00000188529,beige
ENSG00000205155,chocolate
ENSG00000250471,palegoldenrod
ENSG00000011143,goldenrod
ENSG00000064012,chocolate
ENSG00000074356,chocolate
ENSG00000087338,chocolate
ENSG00000089351,chocolate
ENSG00000100350,chocolate
ENSG00000103175,darkkhaki
ENSG00000109670,palegoldenrod
ENSG00000109743,firebrick
ENSG00000115504,firebrick
ENSG00000119004,cornsilk
ENSG00000119446,navajowhite
ENSG00000122882,darkseagreen
ENSG00000124313,chocolate
ENSG00000134222,gold
ENSG00000136021,bisque
ENSG00000140948,chocolate
ENSG00000144021,burlywood
ENSG00000144724,chocolate
ENSG00000148444,goldenrod
ENSG00000149150,chocolate
ENSG00000167699,chocolate
ENSG00000167778,chocolate
ENSG00000172379,chartreuse
ENSG00000274070,firebrick
ENSG00000058729,goldenrod
ENSG00000070718,bisque
ENSG00000104885,bisque
ENSG00000106367,chocolate
ENSG00000108064,chocolate
ENSG00000109536,bisque
ENSG00000110514,chocolate
ENSG00000112419,chocolate
ENSG00000116679,gold
ENSG00000124160,saddlebrown
ENSG00000124766,sandybrown
ENSG00000126012,chocolate
ENSG00000127463,bisque
ENSG00000132581,chocolate
ENSG00000133065,chocolate
ENSG00000136213,chocolate
ENSG00000138095,chocolate
ENSG00000138593,chocolate
ENSG00000144524,darkkhaki
ENSG00000147509,bisque
ENSG00000148110,tomato
ENSG00000157020,chocolate
ENSG00000168556,chocolate
ENSG00000170345,yellowgreen
ENSG00000170473,chocolate
ENSG00000178904,chocolate
ENSG00000181045,chocolate
ENSG00000198466,chocolate
ENSG00000236333,bisque
ENSG00000270170,goldenrod
ENSG00000281649,chocolate
ENSG00000052723,papayawhip
ENSG00000054793,gold
ENSG00000070495,bisque
ENSG00000083457,bisque
ENSG00000100075,chocolate
ENSG00000100304,chocolate
ENSG00000101940,chocolate
ENSG00000108651,yellowgreen
ENSG00000113742,cornsilk
ENSG00000113761,chocolate
ENSG00000115239,lightyellow
ENSG00000115457,chocolate
ENSG00000117153,chocolate
ENSG00000121064,chocolate
ENSG00000130844,chocolate
ENSG00000138074,chocolate
ENSG00000138356,goldenrod
ENSG00000138448,floralwhite
ENSG00000143164,beige
ENSG00000143995,chocolate
ENSG00000148848,chocolate
ENSG00000150776,firebrick
ENSG00000152049,chocolate
ENSG00000155393,chocolate
ENSG00000158470,chocolate
ENSG00000160445,chocolate
ENSG00000164066,bisque
ENSG00000164105,chocolate
ENSG00000164885,chocolate
ENSG00000167196,bisque
ENSG00000167380,chocolate
ENSG00000173992,chocolate
ENSG00000182240,chocolate
ENSG00000187688,olivedrab
ENSG00000189129,chocolate
ENSG00000197045,chocolate
ENSG00000253738,firebrick
ENSG00000268388,chocolate
ENSG00000095752,tomato
ENSG00000102580,coral
ENSG00000105404,olivedrab
ENSG00000105953,chocolate
ENSG00000109790,saddlebrown
ENSG00000112320,firebrick
ENSG00000114023,palegoldenrod
ENSG00000115107,chocolate
ENSG00000115808,saddlebrown
ENSG00000116704,goldenrod
ENSG00000123609,chocolate
ENSG00000124444,chocolate
ENSG00000124571,chocolate
ENSG00000126005,chocolate
ENSG00000126254,antiquewhite
ENSG00000135945,chocolate
ENSG00000137074,chocolate
ENSG00000137656,chocolate
ENSG00000138785,palegoldenrod
ENSG00000143515,chocolate
ENSG00000163818,chocolate
ENSG00000163956,orange
ENSG00000165633,chocolate
ENSG00000168701,chocolate
ENSG00000186111,gold
ENSG00000186187,chocolate
ENSG00000235582,palegreen
ENSG00000241127,firebrick
ENSG00000244486,gold
ENSG00000063244,gold
ENSG00000076984,chocolate
ENSG00000089195,bisque
ENSG00000100297,chocolate
ENSG00000100614,chocolate
ENSG00000104859,chocolate
ENSG00000105520,chocolate
ENSG00000105879,burlywood
ENSG00000115464,saddlebrown
ENSG00000116791,chocolate
ENSG00000120254,lightgoldenrodyellow
ENSG00000130811,gold
ENSG00000132792,tan
ENSG00000139496,chocolate
ENSG00000142327,chocolate
ENSG00000144659,goldenrod
ENSG00000145685,chocolate
ENSG00000151917,coral
ENSG00000156970,chocolate
ENSG00000163510,firebrick
ENSG00000165494,firebrick
ENSG00000168566,firebrick
ENSG00000169057,chocolate
ENSG00000171055,burlywood
ENSG00000175390,orange
ENSG00000180902,chocolate
ENSG00000018189,chocolate
ENSG00000048392,chocolate
ENSG00000085871,chocolate
ENSG00000107937,burlywood
ENSG00000112514,chocolate
ENSG00000117399,chocolate
ENSG00000118596,bisque
ENSG00000133789,chocolate
ENSG00000134987,chocolate
ENSG00000136848,chocolate
ENSG00000140937,chocolate
ENSG00000149932,lawngreen
ENSG00000163608,gold
ENSG00000163781,bisque
ENSG00000163961,bisque
ENSG00000165271,firebrick
ENSG00000174485,chocolate
ENSG00000187742,bisque
ENSG00000188636,chocolate
ENSG00000204381,chocolate
ENSG00000235121,chocolate
ENSG00000087206,chocolate
ENSG00000099810,chocolate
ENSG00000108691,darkkhaki
ENSG00000115163,beige
ENSG00000131558,darkkhaki
ENSG00000136492,chocolate
ENSG00000142910,sandybrown
ENSG00000146143,chocolate
ENSG00000147874,coral
ENSG00000155755,lawngreen
ENSG00000160352,sandybrown
ENSG00000162063,chocolate
ENSG00000166825,papayawhip
ENSG00000171408,chocolate
ENSG00000171914,bisque
ENSG00000197345,bisque
ENSG00000242861,chocolate
ENSG00000278970,chocolate
ENSG00000007866,chocolate
ENSG00000065802,sandybrown
ENSG00000074047,chocolate
ENSG00000100911,chocolate
ENSG00000102178,chocolate
ENSG00000111011,linen
ENSG00000127419,chocolate
ENSG00000130813,chocolate
ENSG00000137574,orange
ENSG00000137996,bisque
ENSG00000143228,chocolate
ENSG00000148925,beige
ENSG00000155438,bisque
ENSG00000164830,burlywood
ENSG00000168591,chocolate
ENSG00000171469,chocolate
ENSG00000172732,lightgoldenrodyellow
ENSG00000185608,tomato
ENSG00000186522,navajowhite
ENSG00000187676,honeydew
ENSG00000196639,sandybrown
ENSG00000203791,lawngreen
ENSG00000228305,bisque
ENSG00000231721,coral
ENSG00000256235,bisque
ENSG00000265808,firebrick
ENSG00000003436,chocolate
ENSG00000009413,firebrick
ENSG00000031003,chocolate
ENSG00000049759,chocolate
ENSG00000065243,chocolate
ENSG00000072163,chocolate
ENSG00000081014,papayawhip
ENSG00000096401,firebrick
ENSG00000099860,chocolate
ENSG00000100418,gold
ENSG00000114686,burlywood
ENSG00000119718,burlywood
ENSG00000120860,firebrick
ENSG00000122694,chocolate
ENSG00000130313,bisque
ENSG00000144791,goldenrod
ENSG00000148343,chocolate
ENSG00000149554,olivedrab
ENSG00000154736,chocolate
ENSG00000160785,darkseagreen
ENSG00000168487,chocolate
ENSG00000169136,honeydew
ENSG00000169598,chocolate
ENSG00000170776,tan
ENSG00000172716,chocolate
ENSG00000177981,cornsilk
ENSG00000183807,gold
ENSG00000184009,bisque
ENSG00000184661,gold
ENSG00000198265,chocolate
ENSG00000198721,bisque
ENSG00000204569,chocolate
ENSG00000254087,chocolate
ENSG00000013588,chocolate
ENSG00000048707,sandybrown
ENSG00000068137,chocolate
ENSG00000071967,gold
ENSG00000075142,bisque
ENSG00000094975,palegoldenrod
ENSG00000100348,chocolate
ENSG00000108439,chocolate
ENSG00000111445,chocolate
ENSG00000116138,chocolate
ENSG00000117152,floralwhite
ENSG00000134014,bisque
ENSG00000136521,coral
ENSG00000137038,bisque
ENSG00000137094,chocolate
ENSG00000144711,chocolate
ENSG00000153823,linen
ENSG00000157895,chocolate
ENSG00000160256,chocolate
ENSG00000160888,firebrick
ENSG00000164403,chocolate
ENSG00000164961,papayawhip
ENSG00000167721,firebrick
ENSG00000182287,chocolate
ENSG00000215717,chocolate
ENSG00000220205,chartreuse
ENSG00000248905,chocolate
ENSG00000266962,chocolate
ENSG00000028203,chocolate
ENSG00000034713,firebrick
ENSG00000069248,navajowhite
ENSG00000083535,chocolate
ENSG00000096060,navajowhite
ENSG00000108479,chocolate
ENSG00000110400,chocolate
ENSG00000119138,chocolate
ENSG00000125386,sandybrown
ENSG00000127666,chocolate
ENSG00000128699,chocolate
ENSG00000133193,chocolate
ENSG00000139719,goldenrod
ENSG00000142599,chocolate
ENSG00000151503,yellow
ENSG00000151835,chocolate
ENSG00000162775,chocolate
ENSG00000164603,chocolate
ENSG00000169756,darkseagreen
ENSG00000173559,tan
ENSG00000175376,chocolate
ENSG00000185515,tomato
ENSG00000213523,cornsilk
ENSG00000223749,chocolate
ENSG00000225528,palegreen
ENSG00000288781,beige
ENSG00000006712,chocolate
ENSG00000006757,palegreen
ENSG00000069329,darkseagreen
ENSG00000071462,lemonchiffon
ENSG00000074410,sandybrown
ENSG00000075413,papayawhip
ENSG00000086666,linen
ENSG00000103043,bisque
ENSG00000107938,cornsilk
ENSG00000108395,chocolate
ENSG00000108797,beige
ENSG00000108829,chocolate
ENSG00000109787,saddlebrown
ENSG00000115368,papayawhip
ENSG00000119321,firebrick
ENSG00000124702,chocolate
ENSG00000128245,beige
ENSG00000130830,floralwhite
ENSG00000130958,chocolate
ENSG00000134900,peachpuff
ENSG00000135749,chocolate
ENSG00000137563,chocolate
ENSG00000140044,chocolate
ENSG00000140285,beige
ENSG00000143368,orange
ENSG00000153130,beige
ENSG00000154305,chocolate
ENSG00000156535,chocolate
ENSG00000161980,bisque
ENSG00000163832,floralwhite
ENSG00000163918,tomato
ENSG00000164983,saddlebrown
ENSG00000168310,chocolate
ENSG00000176022,chocolate
ENSG00000177733,sandybrown
ENSG00000198874,bisque
ENSG00000204574,firebrick
ENSG00000215021,gold
ENSG00000236540,chocolate
ENSG00000006652,chocolate
ENSG00000064703,chocolate
ENSG00000075391,chocolate
ENSG00000076321,bisque
ENSG00000085415,coral
ENSG00000089289,burlywood
ENSG00000100284,antiquewhite
ENSG00000101346,goldenrod
ENSG00000103249,chocolate
ENSG00000105865,firebrick
ENSG00000110318,lightgoldenrodyellow
ENSG00000115839,chocolate
ENSG00000116580,goldenrod
ENSG00000120306,chocolate
ENSG00000125863,chocolate
ENSG00000131844,bisque
ENSG00000132604,linen
ENSG00000136710,chocolate
ENSG00000136935,linen
ENSG00000138160,darkseagreen
ENSG00000147400,chocolate
ENSG00000152784,chocolate
ENSG00000154330,darkkhaki
ENSG00000163166,tan
ENSG00000163344,chocolate
ENSG00000163535,bisque
ENSG00000164615,chocolate
ENSG00000165487,firebrick
ENSG00000168883,bisque
ENSG00000176887,firebrick
ENSG00000180875,burlywood
ENSG00000182195,linen
ENSG00000234498,bisque
ENSG00000249859,chocolate
ENSG00000004700,chocolate
ENSG00000005486,chocolate
ENSG00000048028,bisque
ENSG00000070404,chocolate
ENSG00000100281,chocolate
ENSG00000100522,papayawhip
ENSG00000104324,chocolate
ENSG00000106399,firebrick
ENSG00000109689,lightyellow
ENSG00000112855,tan
ENSG00000115211,bisque
ENSG00000118257,chocolate
ENSG00000128563,firebrick
ENSG00000133313,coral
ENSG00000133703,gold
ENSG00000134759,firebrick
ENSG00000138942,burlywood
ENSG00000140632,navajowhite
ENSG00000146872,sandybrown
ENSG00000160908,chocolate
ENSG00000160948,chocolate
ENSG00000162231,bisque
ENSG00000166135,lemonchiffon
ENSG00000168061,orange
ENSG00000169689,chocolate
ENSG00000173917,chocolate
ENSG00000176087,chocolate
ENSG00000187608,bisque
ENSG00000206053,orange
ENSG00000229087,palegoldenrod
ENSG00000267080,chocolate
ENSG00000022267,firebrick
ENSG00000043143,lightyellow
ENSG00000100142,antiquewhite
ENSG00000100523,chocolate
ENSG00000101019,chocolate
ENSG00000101138,lawngreen
ENSG00000101945,bisque
ENSG00000103932,chocolate
ENSG00000104142,chocolate
ENSG00000112208,antiquewhite
ENSG00000114988,chocolate
ENSG00000115364,papayawhip
ENSG00000121089,chocolate
ENSG00000125834,lawngreen
ENSG00000126814,peachpuff
ENSG00000128928,chocolate
ENSG00000134905,firebrick
ENSG00000135052,firebrick
ENSG00000136636,bisque
ENSG00000143878,gold
ENSG00000152484,yellowgreen
ENSG00000157837,chocolate
ENSG00000163597,cornsilk
ENSG00000165704,bisque
ENSG00000165724,bisque
ENSG00000165996,bisque
ENSG00000170836,beige
ENSG00000172819,yellow
ENSG00000178074,tomato
ENSG00000178802,lightgoldenrodyellow
ENSG00000185414,bisque
ENSG00000197457,bisque
ENSG00000288722,bisque
ENSG00000005175,goldenrod
ENSG00000081154,bisque
ENSG00000091947,chocolate
ENSG00000104635,chocolate
ENSG00000105486,chocolate
ENSG00000108021,chocolate
ENSG00000108799,chocolate
ENSG00000116731,olivedrab
ENSG00000118096,chocolate
ENSG00000119777,bisque
ENSG00000119865,bisque
ENSG00000123992,chocolate
ENSG00000126062,firebrick
ENSG00000135968,chocolate
ENSG00000140718,lemonchiffon
ENSG00000140931,olivedrab
ENSG00000146063,palegoldenrod
ENSG00000155329,chocolate
ENSG00000160293,cornsilk
ENSG00000163491,chocolate
ENSG00000164051,saddlebrown
ENSG00000168769,chocolate
ENSG00000169905,chocolate
ENSG00000171148,chocolate
ENSG00000175906,chocolate
ENSG00000183978,firebrick
ENSG00000187134,beige
ENSG00000188186,chartreuse
ENSG00000189007,chartreuse
ENSG00000241973,burlywood
ENSG00000274523,beige
ENSG00000013619,chocolate
ENSG00000042493,chocolate
ENSG00000063587,gold
ENSG00000067208,peachpuff
ENSG00000079257,bisque
ENSG00000100092,chocolate
ENSG00000101365,chocolate
ENSG00000105497,chocolate
ENSG00000108773,bisque
ENSG00000111596,antiquewhite
ENSG00000117713,darkkhaki
ENSG00000118689,chocolate
ENSG00000127804,chocolate
ENSG00000129317,lemonchiffon
ENSG00000137207,darkkhaki
ENSG00000137507,chocolate
ENSG00000138796,burlywood
ENSG00000144043,chocolate
ENSG00000145349,chocolate
ENSG00000154640,firebrick
ENSG00000154781,honeydew
ENSG00000155903,chocolate
ENSG00000157823,chocolate
ENSG00000159322,chocolate
ENSG00000164031,chocolate
ENSG00000165630,bisque
ENSG00000168522,cornsilk
ENSG00000206560,sandybrown
ENSG00000213995,gold
ENSG00000007376,chocolate
ENSG00000011332,chocolate
ENSG00000026652,coral
ENSG00000067829,gold
ENSG00000082213,chocolate
ENSG00000087502,goldenrod
ENSG00000091844,palegoldenrod
ENSG00000102595,palegoldenrod
ENSG00000110925,chocolate
ENSG00000114767,antiquewhite
ENSG00000116497,chocolate
ENSG00000123143,chocolate
ENSG00000126883,chocolate
ENSG00000127314,palegreen
ENSG00000128915,chocolate
ENSG00000137492,firebrick
ENSG00000139668,chocolate
ENSG00000143376,chartreuse
ENSG00000144909,olivedrab
ENSG00000145041,chocolate
ENSG00000146433,palegoldenrod
ENSG00000148719,cornsilk
ENSG00000163904,navajowhite
ENSG00000166181,antiquewhite
ENSG00000168958,chocolate
ENSG00000170234,gold
ENSG00000179335,gold
ENSG00000182180,bisque
ENSG00000182831,chocolate
ENSG00000184281,chocolate
ENSG00000185800,chocolate
ENSG00000187231,chocolate
ENSG00000197496,gold
ENSG00000197579,bisque
ENSG00000224051,chocolate
ENSG00000246067,saddlebrown
ENSG00000248092,saddlebrown
ENSG00000272888,chocolate
ENSG00000051180,bisque
ENSG00000069122,chocolate
ENSG00000074603,beige
ENSG00000078124,lemonchiffon
ENSG00000090006,chocolate
ENSG00000103381,goldenrod
ENSG00000103707,bisque
ENSG00000105976,bisque
ENSG00000109519,chocolate
ENSG00000114491,chocolate
ENSG00000114982,lightyellow
ENSG00000119760,firebrick
ENSG00000120727,firebrick
ENSG00000130005,burlywood
ENSG00000131626,lightyellow
ENSG00000138660,saddlebrown
ENSG00000151247,goldenrod
ENSG00000155252,chocolate
ENSG00000157426,sandybrown
ENSG00000159579,chocolate
ENSG00000160741,chocolate
ENSG00000161714,bisque
ENSG00000172943,chocolate
ENSG00000176853,chocolate
ENSG00000181061,beige
ENSG00000181467,chocolate
ENSG00000197780,chocolate
ENSG00000209082,bisque
ENSG00000215252,lightgoldenrodyellow
ENSG00000286067,palegreen
ENSG00000288888,chocolate
ENSG00000004777,chocolate
ENSG00000005100,linen
ENSG00000032742,chocolate
ENSG00000067955,chocolate
ENSG00000085998,burlywood
ENSG00000086504,bisque
ENSG00000104613,linen
ENSG00000106344,cornsilk
ENSG00000108669,chocolate
ENSG00000111229,firebrick
ENSG00000111269,chocolate
ENSG00000113621,bisque
ENSG00000114544,chocolate
ENSG00000119723,chocolate
ENSG00000119820,chocolate
ENSG00000124782,bisque
ENSG00000125037,chocolate
ENSG00000127947,tan
ENSG00000132842,burlywood
ENSG00000134046,darkkhaki
ENSG00000136108,orange
ENSG00000137364,antiquewhite
ENSG00000145241,firebrick
ENSG00000152382,lightgoldenrodyellow
ENSG00000156469,chocolate
ENSG00000157036,chocolate
ENSG00000166170,chocolate
ENSG00000167766,cornsilk
ENSG00000171703,antiquewhite
ENSG00000173264,chocolate
ENSG00000176623,chocolate
ENSG00000185347,chocolate
ENSG00000213341,navajowhite
ENSG00000236444,tomato
ENSG00000245937,yellowgreen
ENSG00000072849,burlywood
ENSG00000075188,coral
ENSG00000084093,orange
ENSG00000105258,chocolate
ENSG00000106080,chocolate
ENSG00000107249,chocolate
ENSG00000108588,floralwhite
ENSG00000109381,chocolate
ENSG00000114450,palegoldenrod
ENSG00000119906,bisque
ENSG00000120696,burlywood
ENSG00000123485,lightgoldenrodyellow
ENSG00000126107,bisque
ENSG00000130202,chocolate
ENSG00000130939,bisque
ENSG00000131171,chocolate
ENSG00000132356,goldenrod
ENSG00000137845,bisque
ENSG00000146414,chocolate
ENSG00000148384,chocolate
ENSG00000152256,gold
ENSG00000160062,cornsilk
ENSG00000163637,coral
ENSG00000164463,chocolate
ENSG00000164975,burlywood
ENSG00000165156,yellowgreen
ENSG00000165282,tan
ENSG00000168398,beige
ENSG00000168872,beige
ENSG00000174799,orange
ENSG00000175826,olivedrab
ENSG00000179119,saddlebrown
ENSG00000179409,linen
ENSG00000185697,lightyellow
ENSG00000187098,burlywood
ENSG00000196368,saddlebrown
ENSG00000228393,chocolate
ENSG00000035928,lemonchiffon
ENSG00000068028,chocolate
ENSG00000074054,chocolate
ENSG00000078098,chocolate
ENSG00000081870,beige
ENSG00000084070,bisque
ENSG00000093183,chocolate
ENSG00000101189,bisque
ENSG00000107731,chocolate
ENSG00000107874,chocolate
ENSG00000111581,chocolate
ENSG00000112343,saddlebrown
ENSG00000126226,beige
ENSG00000132254,chocolate
ENSG00000139168,floralwhite
ENSG00000143363,chocolate
ENSG00000144895,bisque
ENSG00000154447,bisque
ENSG00000163002,beige
ENSG00000164237,chocolate
ENSG00000169727,chocolate
ENSG00000170584,firebrick
ENSG00000171988,firebrick
ENSG00000172262,bisque
ENSG00000175792,chocolate
ENSG00000176678,papayawhip
ENSG00000181704,chocolate
ENSG00000183735,goldenrod
ENSG00000198743,chocolate
ENSG00000198793,bisque
ENSG00000210184,antiquewhite
ENSG00000233913,chocolate
ENSG00000268205,chocolate
ENSG00000007080,antiquewhite
ENSG00000010810,chocolate
ENSG00000015532,bisque
ENSG00000069020,goldenrod
ENSG00000079387,chocolate
ENSG00000092470,olivedrab
ENSG00000105993,lemonchiffon
ENSG00000108010,darkseagreen
ENSG00000116016,sandybrown
ENSG00000116918,lemonchiffon
ENSG00000118246,linen
ENSG00000122420,gold
ENSG00000123411,gold
ENSG00000124006,chocolate
ENSG00000131043,chocolate
ENSG00000132153,chocolate
ENSG00000135218,chocolate
ENSG00000137502,chocolate
ENSG00000139624,chocolate
ENSG00000141378,bisque
ENSG00000141510,firebrick
ENSG00000141569,chocolate
ENSG00000142686,chocolate
ENSG00000144233,chocolate
ENSG00000148572,chocolate
ENSG00000161204,chocolate
ENSG00000185532,chocolate
ENSG00000196569,bisque
ENSG00000198356,chocolate
ENSG00000230124,tan
ENSG00000260877,gold
ENSG00000004975,chocolate
ENSG00000008283,chocolate
ENSG00000020922,chocolate
ENSG00000033170,orange
ENSG00000048162,floralwhite
ENSG00000065457,cornsilk
ENSG00000080815,gold
ENSG00000089006,chocolate
ENSG00000101347,bisque
ENSG00000104133,chocolate
ENSG00000104738,bisque
ENSG00000112624,chocolate
ENSG00000115020,palegreen
ENSG00000115825,bisque
ENSG00000122034,beige
ENSG00000132388,tomato
ENSG00000136141,chocolate
ENSG00000139636,chocolate
ENSG00000144034,tomato
ENSG00000146282,sandybrown
ENSG00000151746,lightyellow
ENSG00000160214,chocolate
ENSG00000168765,gold
ENSG00000196233,chocolate
ENSG00000198814,chocolate
ENSG00000213563,saddlebrown
ENSG00000223768,chocolate
ENSG00000232119,bisque
ENSG00000273319,chocolate
ENSG00000001631,chocolate
ENSG00000005483,sandybrown
ENSG00000047579,saddlebrown
ENSG00000072609,chocolate
ENSG00000100372,navajowhite
ENSG00000106780,bisque
ENSG00000108590,saddlebrown
ENSG00000112062,chocolate
ENSG00000113319,goldenrod
ENSG00000117054,coral
ENSG00000127884,chocolate
ENSG00000133835,firebrick
ENSG00000135821,gold
ENSG00000135870,chocolate
ENSG00000141298,goldenrod
ENSG00000147251,chocolate
ENSG00000148218,cornsilk
ENSG00000163257,chocolate
ENSG00000163320,coral
ENSG00000164086,chocolate
ENSG00000164828,yellowgreen
ENSG00000164877,chocolate
ENSG00000166478,goldenrod
ENSG00000168118,chocolate
ENSG00000169221,bisque
ENSG00000169375,saddlebrown
ENSG00000169439,darkkhaki
ENSG00000175048,chocolate
ENSG00000176953,chocolate
ENSG00000178307,goldenrod
ENSG00000196187,chocolate
ENSG00000232533,firebrick
ENSG00000253159,chocolate
ENSG00000005339,firebrick
ENSG00000040341,chocolate
ENSG00000084754,burlywood
ENSG00000099219,honeydew
ENSG00000099256,darkolivegreen
ENSG00000099797,chocolate
ENSG00000100030,beige
ENSG00000100865,tomato
ENSG00000101400,chocolate
ENSG00000103351,cornsilk
ENSG00000109920,firebrick
ENSG00000111726,goldenrod
ENSG00000113273,beige
ENSG00000115232,chocolate
ENSG00000115760,chocolate
ENSG00000117335,gold
ENSG00000120137,chocolate
ENSG00000125249,linen
ENSG00000125503,chocolate
ENSG00000127334,lawngreen
ENSG00000132640,gold
ENSG00000133028,chocolate
ENSG00000133131,chocolate
ENSG00000133812,chocolate
ENSG00000137073,chocolate
ENSG00000148468,lightgoldenrodyellow
ENSG00000149657,darkolivegreen
ENSG00000149968,floralwhite
ENSG00000154589,goldenrod
ENSG00000157680,chocolate
ENSG00000163125,chocolate
ENSG00000163938,gold
ENSG00000164904,cornsilk
ENSG00000166173,bisque
ENSG00000166289,chocolate
ENSG00000167257,lemonchiffon
ENSG00000168612,chocolate
ENSG00000170185,chocolate
ENSG00000172403,chocolate
ENSG00000182923,tan
ENSG00000183864,chocolate
ENSG00000204463,bisque
ENSG00000258289,peachpuff
ENSG00000270069,chocolate
ENSG00000064313,bisque
ENSG00000067066,lightgoldenrodyellow
ENSG00000104756,linen
ENSG00000112159,lemonchiffon
ENSG00000112242,chocolate
ENSG00000119720,cornsilk
ENSG00000134574,bisque
ENSG00000136274,chocolate
ENSG00000143315,saddlebrown
ENSG00000144597,navajowhite
ENSG00000144744,coral
ENSG00000147164,antiquewhite
ENSG00000152291,chocolate
ENSG00000160124,coral
ENSG00000163625,chocolate
ENSG00000163930,chocolate
ENSG00000166986,bisque
ENSG00000168283,coral
ENSG00000169062,firebrick
ENSG00000171681,chocolate
ENSG00000173145,lightgoldenrodyellow
ENSG00000174080,chocolate
ENSG00000198937,burlywood
ENSG00000224546,chocolate
ENSG00000257727,chocolate
ENSG00000014641,bisque
ENSG00000016864,chocolate
ENSG00000033178,goldenrod
ENSG00000049130,goldenrod
ENSG00000050393,navajowhite
ENSG00000059769,gold
ENSG00000074319,papayawhip
ENSG00000077044,bisque
ENSG00000078668,tomato
ENSG00000095002,chocolate
ENSG00000100422,bisque
ENSG00000101460,chocolate
ENSG00000109572,chocolate
ENSG00000115484,saddlebrown
ENSG00000116213,chocolate
ENSG00000116752,chocolate
ENSG00000119397,chocolate
ENSG00000123472,saddlebrown
ENSG00000123684,chocolate
ENSG00000126070,chocolate
ENSG00000133739,tan
ENSG00000134852,navajowhite
ENSG00000135823,beige
ENSG00000138613,burlywood
ENSG00000143379,chocolate
ENSG00000148019,chocolate
ENSG00000151729,bisque
ENSG00000158186,gold
ENSG00000158604,chocolate
ENSG00000163866,tomato
ENSG00000164327,chocolate
ENSG00000166886,chocolate
ENSG00000167513,chocolate
ENSG00000169251,chocolate
ENSG00000169288,darkseagreen
ENSG00000170558,goldenrod
ENSG00000172830,chocolate
ENSG00000179218,chocolate
ENSG00000181894,lightgoldenrodyellow
ENSG00000184216,coral
ENSG00000185344,chocolate
ENSG00000196323,peachpuff
ENSG00000197818,chocolate
ENSG00000247556,bisque
ENSG00000247828,chocolate
ENSG00000250479,tomato
ENSG00000007541,chocolate
ENSG00000013288,firebrick
ENSG00000061987,chocolate
ENSG00000080802,gold
ENSG00000100028,goldenrod
ENSG00000100307,goldenrod
ENSG00000115233,firebrick
ENSG00000124177,palegoldenrod
ENSG00000126001,chocolate
ENSG00000132199,chocolate
ENSG00000132471,yellowgreen
ENSG00000132879,chocolate
ENSG00000134056,bisque
ENSG00000134851,chocolate
ENSG00000138018,goldenrod
ENSG00000144566,darkseagreen
ENSG00000149231,bisque
ENSG00000151240,chocolate
ENSG00000154845,beige
ENSG00000157617,bisque
ENSG00000158092,floralwhite
ENSG00000162402,cornsilk
ENSG00000163945,chocolate
ENSG00000164209,yellowgreen
ENSG00000170871,chocolate
ENSG00000176978,chocolate
ENSG00000196449,papayawhip
ENSG00000046651,cornsilk
ENSG00000068097,honeydew
ENSG00000076382,bisque
ENSG00000078061,chocolate
ENSG00000081026,chocolate
ENSG00000083635,antiquewhite
ENSG00000091732,firebrick
ENSG00000100139,coral
ENSG00000100991,orange
ENSG00000102870,chartreuse
ENSG00000106665,lightyellow
ENSG00000115762,chocolate
ENSG00000119938,gold
ENSG00000129315,tan
ENSG00000131018,chocolate
ENSG00000134152,goldenrod
ENSG00000137713,tan
ENSG00000137815,chocolate
ENSG00000138134,burlywood
ENSG00000150977,chocolate
ENSG00000156502,honeydew
ENSG00000162623,orange
ENSG00000165392,orange
ENSG00000166140,lemonchiffon
ENSG00000166233,sandybrown
ENSG00000167920,coral
ENSG00000168297,papayawhip
ENSG00000169155,chocolate
ENSG00000170035,chocolate
ENSG00000170624,chocolate
ENSG00000171792,peachpuff
ENSG00000175216,chartreuse
ENSG00000183386,chocolate
ENSG00000185813,chocolate
ENSG00000186174,chocolate
ENSG00000198324,chocolate
ENSG00000198912,beige
ENSG00000205683,firebrick
ENSG00000224078,chocolate
ENSG00000236287,honeydew
ENSG00000290923,firebrick
ENSG00000099624,antiquewhite
ENSG00000099995,tan
ENSG00000100014,gold
ENSG00000100731,chocolate
ENSG00000101773,antiquewhite
ENSG00000113161,chocolate
ENSG00000117697,tan
ENSG00000134744,lightgoldenrodyellow
ENSG00000140451,chocolate
ENSG00000142867,chocolate
ENSG00000147202,chocolate
ENSG00000151327,chocolate
ENSG00000157106,chocolate
ENSG00000161277,lemonchiffon
ENSG00000162616,chocolate
ENSG00000162819,chocolate
ENSG00000163697,firebrick
ENSG00000164366,chocolate
ENSG00000165244,chocolate
ENSG00000170802,coral
ENSG00000172795,chocolate
ENSG00000172869,chocolate
ENSG00000172985,cornsilk
ENSG00000177917,yellowgreen
ENSG00000188647,bisque
ENSG00000189223,palegoldenrod
ENSG00000197622,chocolate
ENSG00000213347,gold
ENSG00000213516,chocolate
ENSG00000020633,chocolate
ENSG00000042286,firebrick
ENSG00000047249,papayawhip
ENSG00000065970,chocolate
ENSG00000099377,chocolate
ENSG00000100425,coral
ENSG00000101665,darkseagreen
ENSG00000102606,chocolate
ENSG00000104365,yellowgreen
ENSG00000104980,chocolate
ENSG00000108599,gold
ENSG00000109103,chocolate
ENSG00000109184,cornsilk
ENSG00000113318,burlywood
ENSG00000120159,chocolate
ENSG00000121716,chocolate
ENSG00000124164,bisque
ENSG00000131023,chocolate
ENSG00000135837,yellow
ENSG00000136603,chocolate
ENSG00000137809,chocolate
ENSG00000139436,chocolate
ENSG00000142546,peachpuff
ENSG00000142875,navajowhite
ENSG00000144354,saddlebrown
ENSG00000144468,gold
ENSG00000145780,bisque
ENSG00000148291,bisque
ENSG00000149499,chocolate
ENSG00000151135,chocolate
ENSG00000155363,saddlebrown
ENSG00000161526,lightyellow
ENSG00000164308,goldenrod
ENSG00000169814,chocolate
ENSG00000172493,linen
ENSG00000173511,gold
ENSG00000174373,chocolate
ENSG00000176731,firebrick
ENSG00000176871,antiquewhite
ENSG00000185070,chocolate
ENSG00000186001,chocolate
ENSG00000197635,chocolate
ENSG00000198612,navajowhite
ENSG00000242265,darkkhaki
ENSG00000245573,palegoldenrod
ENSG00000246859,chocolate
ENSG00000067704,firebrick
ENSG00000070444,chocolate
ENSG00000075539,yellow
ENSG00000076053,gold
ENSG00000095906,chocolate
ENSG00000106330,linen
ENSG00000112339,bisque
ENSG00000114744,beige
ENSG00000116237,chocolate
ENSG00000116455,chocolate
ENSG00000119801,firebrick
ENSG00000129472,chocolate
ENSG00000129933,burlywood
ENSG00000130349,tan
ENSG00000132549,chocolate
ENSG00000137752,coral
ENSG00000138459,burlywood
ENSG00000144036,chocolate
ENSG00000145919,chocolate
ENSG00000147854,chocolate
ENSG00000148143,chocolate
ENSG00000148362,chocolate
ENSG00000152056,chocolate
ENSG00000160014,firebrick
ENSG00000160410,gold
ENSG00000164081,chocolate
ENSG00000165572,lightgoldenrodyellow
ENSG00000172845,gold
ENSG00000174238,chocolate
ENSG00000177885,burlywood
ENSG00000183527,bisque
ENSG00000189114,chocolate
ENSG00000198876,chocolate
ENSG00000251136,coral
ENSG00000011260,bisque
ENSG00000060718,chocolate
ENSG00000073417,tan
ENSG00000073578,chocolate
ENSG00000079616,chocolate
ENSG00000083520,papayawhip
ENSG00000084072,chocolate
ENSG00000102802,chocolate
ENSG00000104870,chocolate
ENSG00000105948,chocolate
ENSG00000107625,palegoldenrod
ENSG00000109270,tomato
ENSG00000109534,gold
ENSG00000115145,papayawhip
ENSG00000115935,chocolate
ENSG00000115944,chocolate
ENSG00000120253,chocolate
ENSG00000130348,peachpuff
ENSG00000136643,papayawhip
ENSG00000136868,papayawhip
ENSG00000136937,yellowgreen
ENSG00000137941,coral
ENSG00000138801,chocolate
ENSG00000138829,chocolate
ENSG00000146067,chocolate
ENSG00000146072,chocolate
ENSG00000147573,bisque
ENSG00000148843,tan
ENSG00000151413,saddlebrown
ENSG00000160075,firebrick
ENSG00000163923,gold
ENSG00000164934,coral
ENSG00000166197,chocolate
ENSG00000166260,bisque
ENSG00000169032,floralwhite
ENSG00000169826,chocolate
ENSG00000174840,saddlebrown
ENSG00000183513,antiquewhite
ENSG00000183530,chocolate
ENSG00000184203,bisque
ENSG00000197343,chocolate
ENSG00000213186,saddlebrown
ENSG00000242259,chocolate
ENSG00000245910,tomato
ENSG00000256087,chocolate
ENSG00000285756,darkolivegreen
ENSG00000044090,chocolate
ENSG00000050426,yellowgreen
ENSG00000078237,chocolate
ENSG00000082068,cornsilk
ENSG00000090432,chocolate
ENSG00000100461,chocolate
ENSG00000101412,chocolate
ENSG00000102897,darkseagreen
ENSG00000103194,goldenrod
ENSG00000111897,linen
ENSG00000115183,chocolate
ENSG00000116641,chocolate
ENSG00000129932,chocolate
ENSG00000131634,chocolate
ENSG00000138166,lightyellow
ENSG00000138744,chocolate
ENSG00000140265,firebrick
ENSG00000151092,antiquewhite
ENSG00000151422,peachpuff
ENSG00000156017,chocolate
ENSG00000158301,yellowgreen
ENSG00000159433,chocolate
ENSG00000162341,chocolate
ENSG00000163513,tomato
ENSG00000164151,chocolate
ENSG00000165512,chocolate
ENSG00000165997,chocolate
ENSG00000166394,chocolate
ENSG00000167523,chocolate
ENSG00000167657,tan
ENSG00000170631,firebrick
ENSG00000171320,chocolate
ENSG00000172260,bisque
ENSG00000176749,chocolate
ENSG00000184992,beige
ENSG00000189079,sandybrown
ENSG00000197563,bisque
ENSG00000198399,firebrick
ENSG00000204209,linen
ENSG00000214612,chocolate
ENSG00000263343,chocolate
ENSG00000004866,chocolate
ENSG00000058804,chocolate
ENSG00000064545,chocolate
ENSG00000074590,chocolate
ENSG00000076108,lemonchiffon
ENSG00000085662,beige
ENSG00000087053,coral
ENSG00000087470,firebrick
ENSG00000099940,chartreuse
ENSG00000102893,chocolate
ENSG00000109501,chocolate
ENSG00000109917,bisque
ENSG00000112130,beige
ENSG00000116350,bisque
ENSG00000117114,lightgoldenrodyellow
ENSG00000117475,bisque
ENSG00000120029,firebrick
ENSG00000122484,lemonchiffon
ENSG00000129911,chocolate
ENSG00000135317,chocolate
ENSG00000136436,chocolate
ENSG00000138750,linen
ENSG00000139793,firebrick
ENSG00000141252,chocolate
ENSG00000143319,chocolate
ENSG00000143740,linen
ENSG00000145725,chartreuse
ENSG00000147162,chocolate
ENSG00000148411,chocolate
ENSG00000152749,floralwhite
ENSG00000157766,chocolate
ENSG00000160392,chocolate
ENSG00000164506,palegoldenrod
ENSG00000165661,chocolate
ENSG00000165813,sandybrown
ENSG00000166169,bisque
ENSG00000166822,cornsilk
ENSG00000166889,firebrick
ENSG00000167535,chocolate
ENSG00000171793,chocolate
ENSG00000172123,chocolate
ENSG00000173960,peachpuff
ENSG00000177432,chocolate
ENSG00000178104,chocolate
ENSG00000180354,yellow
ENSG00000181588,chocolate
ENSG00000184708,goldenrod
ENSG00000187240,firebrick
ENSG00000187736,lemonchiffon
ENSG00000213020,bisque
ENSG00000250519,chocolate
ENSG00000263327,lightyellow
ENSG00000007952,chocolate
ENSG00000019549,chocolate
ENSG00000038210,papayawhip
ENSG00000077150,chocolate
ENSG00000078043,chocolate
ENSG00000081087,lawngreen
ENSG00000088812,burlywood
ENSG00000089057,chocolate
ENSG00000089818,bisque
ENSG00000104915,darkolivegreen
ENSG00000105135,chocolate
ENSG00000105223,chocolate
ENSG00000106617,coral
ENSG00000108883,chocolate
ENSG00000113070,chocolate
ENSG00000113811,palegoldenrod
ENSG00000117616,chocolate
ENSG00000119927,linen
ENSG00000123213,navajowhite
ENSG00000124207,burlywood
ENSG00000125843,gold
ENSG00000126461,chocolate
ENSG00000130962,cornsilk
ENSG00000136874,chocolate
ENSG00000140464,darkolivegreen
ENSG00000143369,bisque
ENSG00000149483,bisque
ENSG00000153989,chocolate
ENSG00000159346,bisque
ENSG00000166797,chocolate
ENSG00000169957,chocolate
ENSG00000172375,chocolate
ENSG00000176971,chocolate
ENSG00000181458,chocolate
ENSG00000182117,navajowhite
ENSG00000197530,olivedrab
ENSG00000197603,chocolate
ENSG00000198171,lightgoldenrodyellow
ENSG00000198901,chocolate
ENSG00000214413,chocolate
ENSG00000221890,chocolate
ENSG00000225697,chocolate
ENSG00000271811,lightgoldenrodyellow
ENSG00000279078,goldenrod
ENSG00000287001,lemonchiffon
ENSG00000006007,bisque
ENSG00000010818,sandybrown
ENSG00000029364,saddlebrown
ENSG00000059691,chocolate
ENSG00000084636,chocolate
ENSG00000100577,chocolate
ENSG00000104973,chocolate
ENSG00000110066,chocolate
ENSG00000112139,lemonchiffon
ENSG00000112941,chocolate
ENSG00000118263,orange
ENSG00000119979,cornsilk
ENSG00000120314,bisque
ENSG00000122376,beige
ENSG00000126903,orange
ENSG00000137103,chocolate
ENSG00000138686,tan
ENSG00000142892,bisque
ENSG00000143815,chocolate
ENSG00000146197,darkolivegreen
ENSG00000146457,chocolate
ENSG00000151276,chocolate
ENSG00000156136,bisque
ENSG00000163156,chocolate
ENSG00000163431,darkkhaki
ENSG00000164220,firebrick
ENSG00000169499,floralwhite
ENSG00000175581,bisque
ENSG00000175854,bisque
ENSG00000176182,chocolate
ENSG00000180611,saddlebrown
ENSG00000185567,bisque
ENSG00000188227,chocolate
ENSG00000198001,yellow
ENSG00000198369,chocolate
ENSG00000198561,honeydew
ENSG00000212747,darkkhaki
ENSG00000259113,bisque
ENSG00000293115,saddlebrown
ENSG00000010256,chocolate
ENSG00000010704,lightyellow
ENSG00000073169,chocolate
ENSG00000086827,coral
ENSG00000090238,chocolate
ENSG00000090263,tan
ENSG00000092978,firebrick
ENSG00000095485,lawngreen
ENSG00000103111,chocolate
ENSG00000104884,bisque
ENSG00000105186,tan
ENSG00000110274,coral
ENSG00000111880,chocolate
ENSG00000116128,chocolate
ENSG00000116863,chocolate
ENSG00000117394,chocolate
ENSG00000118193,bisque
ENSG00000118579,chocolate
ENSG00000119787,saddlebrown
ENSG00000122643,antiquewhite
ENSG00000123178,papayawhip
ENSG00000124783,linen
ENSG00000130332,olivedrab
ENSG00000131495,firebrick
ENSG00000134324,coral
ENSG00000136100,goldenrod
ENSG00000136813,lawngreen
ENSG00000137824,chocolate
ENSG00000139618,goldenrod
ENSG00000139910,chocolate
ENSG00000141873,chocolate
ENSG00000143067,firebrick
ENSG00000145979,chocolate
ENSG00000151414,tomato
ENSG00000158850,chocolate
ENSG00000166887,firebrick
ENSG00000167930,bisque
ENSG00000168961,chocolate
ENSG00000173818,chocolate
ENSG00000174804,gold
ENSG00000175662,peachpuff
ENSG00000176973,floralwhite
ENSG00000177225,chocolate
ENSG00000179981,antiquewhite
ENSG00000180628,lemonchiffon
ENSG00000186222,tomato
ENSG00000188785,saddlebrown
ENSG00000196628,chocolate
ENSG00000197037,bisque
ENSG00000197312,chocolate
ENSG00000198492,burlywood
ENSG00000218596,chocolate
ENSG00000251194,sandybrown
ENSG00000269834,chocolate
ENSG00000010803,chocolate
ENSG00000023516,chocolate
ENSG00000092140,chocolate
ENSG00000105983,navajowhite
ENSG00000119203,bisque
ENSG00000119314,chocolate
ENSG00000119328,chocolate
ENSG00000120942,saddlebrown
ENSG00000122644,tan
ENSG00000123505,chocolate
ENSG00000123600,chocolate
ENSG00000124067,chocolate
ENSG00000126787,darkkhaki
ENSG00000130175,yellow
ENSG00000138382,bisque
ENSG00000138395,gold
ENSG00000139180,chocolate
ENSG00000139718,chocolate
ENSG00000139926,chocolate
ENSG00000144560,chocolate
ENSG00000146733,olivedrab
ENSG00000148840,darkseagreen
ENSG00000151718,chocolate
ENSG00000164244,chocolate
ENSG00000166471,palegoldenrod
ENSG00000166747,bisque
ENSG00000167291,beige
ENSG00000169679,chocolate
ENSG00000172954,olivedrab
ENSG00000173020,bisque
ENSG00000175352,chocolate
ENSG00000176463,tomato
ENSG00000180488,chocolate
ENSG00000181789,gold
ENSG00000185432,bisque
ENSG00000186866,chocolate
ENSG00000187325,orange
ENSG00000188725,bisque
ENSG00000196950,chocolate
ENSG00000197771,navajowhite
ENSG00000198792,olivedrab
ENSG00000198961,chocolate
ENSG00000204070,yellowgreen
ENSG00000240344,olivedrab
ENSG00000244879,chocolate
ENSG00000001167,saddlebrown
ENSG00000062598,chocolate
ENSG00000082258,cornsilk
ENSG00000083799,chartreuse
ENSG00000088367,darkolivegreen
ENSG00000101457,chocolate
ENSG00000107537,firebrick
ENSG00000107651,chocolate
ENSG00000107679,chocolate
ENSG00000110921,chocolate
ENSG00000111731,chocolate
ENSG00000112679,chocolate
ENSG00000122741,chocolate
ENSG00000130695,sandybrown
ENSG00000130988,chocolate
ENSG00000132423,bisque
ENSG00000132478,coral
ENSG00000132561,sandybrown
ENSG00000133121,chocolate
ENSG00000134371,orange
ENSG00000136146,palegoldenrod
ENSG00000138193,chocolate
ENSG00000140280,navajowhite
ENSG00000146463,beige
ENSG00000151474,floralwhite
ENSG00000154678,floralwhite
ENSG00000156976,beige
ENSG00000157350,chocolate
ENSG00000162430,chocolate
ENSG00000164023,beige
ENSG00000164292,bisque
ENSG00000164815,chocolate
ENSG00000166851,bisque
ENSG00000172339,chocolate
ENSG00000175931,chocolate
ENSG00000178913,burlywood
ENSG00000178927,chocolate
ENSG00000178966,beige
ENSG00000184838,cornsilk
ENSG00000186814,chocolate
ENSG00000187229,chocolate
ENSG00000198835,bisque
ENSG00000205726,peachpuff
ENSG00000205758,saddlebrown
ENSG00000213066,peachpuff
ENSG00000226928,tomato
ENSG00000291136,chocolate
ENSG00000071189,peachpuff
ENSG00000085185,chocolate
ENSG00000087088,chocolate
ENSG00000092148,chocolate
ENSG00000100575,firebrick
ENSG00000105518,chocolate
ENSG00000107560,goldenrod
ENSG00000111725,chocolate
ENSG00000127990,bisque
ENSG00000135070,lightyellow
ENSG00000136933,goldenrod
ENSG00000138363,chocolate
ENSG00000143476,chocolate
ENSG00000158023,chocolate
ENSG00000164144,papayawhip
ENSG00000164494,chocolate
ENSG00000164610,bisque
ENSG00000165891,gold
ENSG00000166477,bisque
ENSG00000168005,chocolate
ENSG00000169991,linen
ENSG00000170903,chocolate
ENSG00000171824,chocolate
ENSG00000177738,tan
ENSG00000181027,floralwhite
ENSG00000183828,chocolate
ENSG00000186141,goldenrod
ENSG00000188677,gold
ENSG00000196159,chocolate
ENSG00000198818,beige
ENSG00000229994,firebrick
ENSG00000255529,chocolate
ENSG00000260916,chocolate
ENSG00000273599,chocolate
ENSG00000063854,yellow
ENSG00000080493,chartreuse
ENSG00000082515,goldenrod
ENSG00000085719,chocolate
ENSG00000088854,chocolate
ENSG00000100266,chocolate
ENSG00000111331,chocolate
ENSG00000112039,chocolate
ENSG00000114978,papayawhip
ENSG00000119685,bisque
ENSG00000122203,chocolate
ENSG00000125257,chocolate
ENSG00000126432,burlywood
ENSG00000128159,chocolate
ENSG00000138036,bisque
ENSG00000138175,chartreuse
ENSG00000139437,lightgoldenrodyellow
ENSG00000141258,chocolate
ENSG00000142945,antiquewhite
ENSG00000147044,chocolate
ENSG00000149218,firebrick
ENSG00000151657,darkolivegreen
ENSG00000151789,chocolate
ENSG00000152818,burlywood
ENSG00000155463,gold
ENSG00000156521,chocolate
ENSG00000156642,chocolate
ENSG00000162065,firebrick
ENSG00000171425,sandybrown
ENSG00000178234,chocolate
ENSG00000181191,chocolate
ENSG00000196476,chocolate
ENSG00000197296,burlywood
ENSG00000213339,chocolate
ENSG00000213619,goldenrod
ENSG00000240498,honeydew
ENSG00000257365,chocolate
ENSG00000267279,bisque
ENSG00000288899,chocolate
ENSG00000065883,chocolate
ENSG00000079156,cornsilk
ENSG00000080371,sandybrown
ENSG00000083844,chocolate
ENSG00000085760,firebrick
ENSG00000093000,firebrick
ENSG00000100426,cornsilk
ENSG00000101442,chocolate
ENSG00000103653,chocolate
ENSG00000104064,firebrick
ENSG00000110429,antiquewhite
ENSG00000119574,chocolate
ENSG00000123094,coral
ENSG00000127955,navajowhite
ENSG00000135480,gold
ENSG00000136271,darkolivegreen
ENSG00000136754,gold
ENSG00000137955,chocolate
ENSG00000138032,papayawhip
ENSG00000141385,tan
ENSG00000152102,chocolate
ENSG00000156709,chocolate
ENSG00000159461,antiquewhite
ENSG00000160305,chocolate
ENSG00000162066,chocolate
ENSG00000162129,cornsilk
ENSG00000162694,bisque
ENSG00000167695,chocolate
ENSG00000170396,honeydew
ENSG00000171940,chocolate
ENSG00000177951,burlywood
ENSG00000181035,bisque
ENSG00000183765,chocolate
ENSG00000184863,lemonchiffon
ENSG00000184887,burlywood
ENSG00000198142,bisque
ENSG00000224945,chocolate
ENSG00000232931,palegoldenrod
ENSG00000269888,yellow
ENSG00000290770,chocolate
ENSG00000005889,coral
ENSG00000024526,chocolate
ENSG00000036549,lawngreen
ENSG00000072401,chocolate
ENSG00000075234,gold
ENSG00000075856,darkkhaki
ENSG00000080200,chocolate
ENSG00000087448,bisque
ENSG00000092096,chocolate
ENSG00000101811,antiquewhite
ENSG00000103550,tomato
ENSG00000107338,honeydew
ENSG00000109911,papayawhip
ENSG00000114554,beige
ENSG00000125703,lemonchiffon
ENSG00000128513,goldenrod
ENSG00000132600,chocolate
ENSG00000133943,chocolate
ENSG00000137478,floralwhite
ENSG00000141076,darkolivegreen
ENSG00000146909,chocolate
ENSG00000153253,chocolate
ENSG00000153879,chocolate
ENSG00000161513,bisque
ENSG00000163913,chocolate
ENSG00000165055,palegreen
ENSG00000167994,chocolate
ENSG00000169398,chocolate
ENSG00000181744,chocolate
ENSG00000182093,navajowhite
ENSG00000196505,cornsilk
ENSG00000205364,chocolate
ENSG00000215421,chocolate
ENSG00000227051,saddlebrown
ENSG00000263956,chocolate
ENSG00000289357,chocolate
ENSG00000291071,chocolate
ENSG00000007545,bisque
ENSG00000014919,chocolate
ENSG00000031823,darkkhaki
ENSG00000032219,honeydew
ENSG00000039319,bisque
ENSG00000041802,goldenrod
ENSG00000086102,bisque
ENSG00000087266,lawngreen
ENSG00000089094,chocolate
ENSG00000090013,firebrick
ENSG00000090989,yellowgreen
ENSG00000101166,floralwhite
ENSG00000102312,chocolate
ENSG00000102978,burlywood
ENSG00000105447,goldenrod
ENSG00000105771,cornsilk
ENSG00000105829,papayawhip
ENSG00000110328,tan
ENSG00000111652,chocolate
ENSG00000111859,chocolate
ENSG00000112319,bisque
ENSG00000112759,gold
ENSG00000113615,chocolate
ENSG00000115970,peachpuff
ENSG00000124596,bisque
ENSG00000124789,darkolivegreen
ENSG00000130544,lawngreen
ENSG00000131153,tomato
ENSG00000132763,firebrick
ENSG00000136940,chocolate
ENSG00000142396,firebrick
ENSG00000142731,darkolivegreen
ENSG00000151806,bisque
ENSG00000152944,bisque
ENSG00000156232,chocolate
ENSG00000160753,chocolate
ENSG00000162496,firebrick
ENSG00000163346,chocolate
ENSG00000163528,darkkhaki
ENSG00000167508,chocolate
ENSG00000167842,sandybrown
ENSG00000168502,burlywood
ENSG00000173614,chocolate
ENSG00000175130,antiquewhite
ENSG00000179029,chocolate
ENSG00000180346,chocolate
ENSG00000183354,firebrick
ENSG00000185761,cornsilk
ENSG00000186501,bisque
ENSG00000196182,tan
ENSG00000198157,chocolate
ENSG00000198198,chocolate
ENSG00000198554,chocolate
ENSG00000203668,chocolate
ENSG00000203930,lightyellow
ENSG00000261609,chocolate
ENSG00000005194,beige
ENSG00000006468,papayawhip
ENSG00000031691,olivedrab
ENSG00000054598,chocolate
ENSG00000067596,cornsilk
ENSG00000075399,chocolate
ENSG00000089916,chocolate
ENSG00000100246,chocolate
ENSG00000104343,chocolate
ENSG00000104671,navajowhite
ENSG00000105700,bisque
ENSG00000105889,chocolate
ENSG00000110315,goldenrod
ENSG00000111144,burlywood
ENSG00000115234,chocolate
ENSG00000116473,beige
ENSG00000116750,bisque
ENSG00000118985,bisque
ENSG00000122085,cornsilk
ENSG00000124356,orange
ENSG00000124733,bisque
ENSG00000129474,navajowhite
ENSG00000131069,chocolate
ENSG00000135617,chocolate
ENSG00000136111,floralwhite
ENSG00000137414,navajowhite
ENSG00000138698,lightyellow
ENSG00000141480,chocolate
ENSG00000141560,bisque
ENSG00000144824,darkkhaki
ENSG00000144840,chocolate
ENSG00000151012,chocolate
ENSG00000152240,bisque
ENSG00000157510,palegoldenrod
ENSG00000157540,chocolate
ENSG00000169188,chocolate
ENSG00000170315,chocolate
ENSG00000170456,chocolate
ENSG00000170471,orange
ENSG00000171150,chocolate
ENSG00000173598,chocolate
ENSG00000174891,peachpuff
ENSG00000177613,bisque
ENSG00000181038,bisque
ENSG00000182872,chocolate
ENSG00000183579,chocolate
ENSG00000186193,chocolate
ENSG00000186854,chocolate
ENSG00000197136,chocolate
ENSG00000197182,chocolate
ENSG00000198056,chocolate
ENSG00000229852,peachpuff
ENSG00000254470,cornsilk
ENSG00000293516,chocolate
ENSG00000048991,bisque
ENSG00000051341,chocolate
ENSG00000054356,chocolate
ENSG00000055130,antiquewhite
ENSG00000058091,chocolate
ENSG00000077463,chocolate
ENSG00000078967,bisque
ENSG00000080189,chocolate
ENSG00000103876,chocolate
ENSG00000107186,olivedrab
ENSG00000110048,chocolate
ENSG00000110888,darkseagreen
ENSG00000118960,yellowgreen
ENSG00000120837,chocolate
ENSG00000121644,chocolate
ENSG00000123096,chocolate
ENSG00000139163,chocolate
ENSG00000140848,firebrick
ENSG00000140945,lawngreen
ENSG00000143776,lightyellow
ENSG00000144589,goldenrod
ENSG00000146833,yellowgreen
ENSG00000149308,chocolate
ENSG00000149541,chocolate
ENSG00000153207,chocolate
ENSG00000153815,floralwhite
ENSG00000158985,bisque
ENSG00000160194,chocolate
ENSG00000162139,chocolate
ENSG00000164190,chocolate
ENSG00000167487,bisque
ENSG00000167977,chartreuse
ENSG00000169857,firebrick
ENSG00000171453,bisque
ENSG00000172456,burlywood
ENSG00000172766,bisque
ENSG00000172840,orange
ENSG00000173875,chocolate
ENSG00000178695,goldenrod
ENSG00000186687,burlywood
ENSG00000197841,bisque
ENSG00000198331,chocolate
ENSG00000198586,bisque
ENSG00000198768,chocolate
ENSG00000198830,orange
ENSG00000241258,chocolate
ENSG00000248318,chocolate
ENSG00000263528,palegreen
ENSG00000293050,bisque
ENSG00000008130,antiquewhite
ENSG00000012660,chocolate
ENSG00000028277,goldenrod
ENSG00000040531,chocolate
ENSG00000058799,darkseagreen
ENSG00000067221,chocolate
ENSG00000080822,chocolate
ENSG00000100154,chocolate
ENSG00000101199,chocolate
ENSG00000102078,chocolate
ENSG00000103066,chocolate
ENSG00000104312,bisque
ENSG00000106688,tan
ENSG00000108510,olivedrab
ENSG00000109944,bisque
ENSG00000124198,chocolate
ENSG00000130713,palegoldenrod
ENSG00000132670,peachpuff
ENSG00000132823,bisque
ENSG00000137601,firebrick
ENSG00000140950,chocolate
ENSG00000144645,linen
ENSG00000145782,chocolate
ENSG00000149658,coral
ENSG00000150712,chocolate
ENSG00000155816,saddlebrown
ENSG00000156697,linen
ENSG00000156973,chocolate
ENSG00000162441,darkkhaki
ENSG00000163644,coral
ENSG00000164039,bisque
ENSG00000164949,coral
ENSG00000167302,chocolate
ENSG00000173193,sandybrown
ENSG00000179151,firebrick
ENSG00000182534,burlywood
ENSG00000184384,saddlebrown
ENSG00000197019,burlywood
ENSG00000197860,papayawhip
ENSG00000203778,firebrick
ENSG00000204767,palegreen
ENSG00000225558,chocolate
ENSG00000260257,chocolate
ENSG00000267100,beige
ENSG00000288953,chocolate
ENSG00000074266,chocolate
ENSG00000077420,beige
ENSG00000089022,bisque
ENSG00000091651,bisque
ENSG00000100578,firebrick
ENSG00000102781,chocolate
ENSG00000103091,chocolate
ENSG00000103995,chocolate
ENSG00000107371,tomato
ENSG00000110717,peachpuff
ENSG00000119041,tan
ENSG00000119559,chocolate
ENSG00000119661,bisque
ENSG00000119684,olivedrab
ENSG00000119771,chocolate
ENSG00000121058,chocolate
ENSG00000121210,darkkhaki
ENSG00000122870,chocolate
ENSG00000130254,bisque
ENSG00000135540,goldenrod
ENSG00000135900,chocolate
ENSG00000137275,chocolate
ENSG00000138002,chocolate
ENSG00000141428,cornsilk
ENSG00000141543,beige
ENSG00000141582,yellowgreen
ENSG00000143889,bisque
ENSG00000145779,antiquewhite
ENSG00000151881,chocolate
ENSG00000153814,goldenrod
ENSG00000155034,chocolate
ENSG00000156958,chocolate
ENSG00000162542,burlywood
ENSG00000163512,orange
ENSG00000164823,bisque
ENSG00000169762,chocolate
ENSG00000170421,firebrick
ENSG00000171960,palegoldenrod
ENSG00000179833,chocolate
ENSG00000181938,burlywood
ENSG00000182901,palegreen
ENSG00000183696,yellow
ENSG00000196850,chocolate
ENSG00000197852,chocolate
ENSG00000242498,chocolate
ENSG00000250742,cornsilk
ENSG00000256269,lemonchiffon
ENSG00000263753,burlywood
ENSG00000004487,chocolate
ENSG00000006634,olivedrab
ENSG00000006756,peachpuff
ENSG00000027697,gold
ENSG00000053900,chocolate
ENSG00000064601,burlywood
ENSG00000092621,burlywood
ENSG00000103671,chocolate
ENSG00000105552,chocolate
ENSG00000106524,darkseagreen
ENSG00000111361,lemonchiffon
ENSG00000111450,chocolate
ENSG00000115946,bisque
ENSG00000116001,chocolate
ENSG00000117597,gold
ENSG00000118922,chocolate
ENSG00000119953,chocolate
ENSG00000120053,linen
ENSG00000120798,chocolate
ENSG00000121039,chocolate
ENSG00000123728,papayawhip
ENSG00000124496,chocolate
ENSG00000125779,chocolate
ENSG00000128512,floralwhite
ENSG00000129515,beige
ENSG00000130159,gold
ENSG00000135778,cornsilk
ENSG00000136718,bisque
ENSG00000137269,bisque
ENSG00000137312,bisque
ENSG00000143179,chocolate
ENSG00000143553,palegoldenrod
ENSG00000143867,chocolate
ENSG00000149196,chocolate
ENSG00000153714,orange
ENSG00000157353,chocolate
ENSG00000159256,chocolate
ENSG00000163900,chocolate
ENSG00000164163,darkseagreen
ENSG00000164219,bisque
ENSG00000165507,chocolate
ENSG00000166436,lightyellow
ENSG00000166575,peachpuff
ENSG00000168434,tan
ENSG00000172890,antiquewhite
ENSG00000174516,chocolate
ENSG00000175279,tomato
ENSG00000179021,chocolate
ENSG00000179958,bisque
ENSG00000184162,honeydew
ENSG00000198752,lightgoldenrodyellow
ENSG00000203485,chocolate
ENSG00000204219,firebrick
ENSG00000230551,chocolate
ENSG00000240857,bisque
ENSG00000273899,chocolate
ENSG00000291186,antiquewhite
ENSG00000051825,chocolate
ENSG00000070367,coral
ENSG00000071564,palegoldenrod
ENSG00000073050,firebrick
ENSG00000079739,gold
ENSG00000079950,darkseagreen
ENSG00000081692,lightyellow
ENSG00000082512,peachpuff
ENSG00000092020,chocolate
ENSG00000096717,chocolate
ENSG00000102967,cornsilk
ENSG00000103657,cornsilk
ENSG00000105928,burlywood
ENSG00000106868,lemonchiffon
ENSG00000116984,chocolate
ENSG00000121621,floralwhite
ENSG00000122966,papayawhip
ENSG00000124120,chocolate
ENSG00000128335,firebrick
ENSG00000132676,chocolate
ENSG00000136044,gold
ENSG00000139329,chocolate
ENSG00000140006,chocolate
ENSG00000140299,chocolate
ENSG00000142444,firebrick
ENSG00000143079,bisque
ENSG00000143367,chocolate
ENSG00000145388,coral
ENSG00000149782,chocolate
ENSG00000151151,chocolate
ENSG00000154122,chocolate
ENSG00000155975,floralwhite
ENSG00000156675,chocolate
ENSG00000159459,chartreuse
ENSG00000163053,chocolate
ENSG00000163933,goldenrod
ENSG00000165118,chocolate
ENSG00000165660,papayawhip
ENSG00000168078,coral
ENSG00000168803,peachpuff
ENSG00000170260,chocolate
ENSG00000173065,chocolate
ENSG00000175183,linen
ENSG00000175567,bisque
ENSG00000175938,chocolate
ENSG00000177888,chocolate
ENSG00000182621,linen
ENSG00000183801,orange
ENSG00000189369,gold
ENSG00000196352,chocolate
ENSG00000197386,chocolate
ENSG00000197905,lightyellow
ENSG00000198483,navajowhite
ENSG00000238297,bisque
ENSG00000285909,bisque
ENSG00000291237,beige
ENSG00000293311,chocolate
ENSG00000005700,chocolate
ENSG00000007202,chocolate
ENSG00000069966,chocolate
ENSG00000075131,floralwhite
ENSG00000080345,firebrick
ENSG00000081791,chocolate
ENSG00000086712,firebrick
ENSG00000104679,firebrick
ENSG00000106692,bisque
ENSG00000111231,tomato
ENSG00000113269,yellowgreen
ENSG00000115226,bisque
ENSG00000115750,cornsilk
ENSG00000116954,bisque
ENSG00000119640,bisque
ENSG00000119900,chocolate
ENSG00000122550,bisque
ENSG00000132170,chocolate
ENSG00000132953,goldenrod
ENSG00000134259,olivedrab
ENSG00000136816,darkseagreen
ENSG00000143786,chocolate
ENSG00000143793,bisque
ENSG00000153956,chocolate
ENSG00000156304,palegoldenrod
ENSG00000158796,burlywood
ENSG00000160584,cornsilk
ENSG00000165675,tan
ENSG00000167202,chocolate
ENSG00000168758,chocolate
ENSG00000169635,chocolate
ENSG00000174109,floralwhite
ENSG00000176783,chocolate
ENSG00000178449,lemonchiffon
ENSG00000180228,chocolate
ENSG00000180806,gold
ENSG00000183853,firebrick
ENSG00000184205,chocolate
ENSG00000186625,cornsilk
ENSG00000188313,chocolate
ENSG00000198498,goldenrod
ENSG00000240065,chocolate
ENSG00000269293,firebrick
ENSG00000006534,chocolate
ENSG00000068305,chocolate
ENSG00000073008,chocolate
ENSG00000080839,orange
ENSG00000084092,olivedrab
ENSG00000088035,lemonchiffon
ENSG00000089050,chocolate
ENSG00000089335,firebrick
ENSG00000090060,chocolate
ENSG00000101871,chocolate
ENSG00000101974,chocolate
ENSG00000102081,chocolate
ENSG00000107562,yellow
ENSG00000111912,peachpuff
ENSG00000115904,cornsilk
ENSG00000117228,yellowgreen
ENSG00000118496,beige
ENSG00000119333,gold
ENSG00000119977,burlywood
ENSG00000120158,linen
ENSG00000122482,chocolate
ENSG00000125378,orange
ENSG00000125734,burlywood
ENSG00000128609,bisque
ENSG00000131263,beige
ENSG00000135334,beige
ENSG00000135632,lightyellow
ENSG00000137720,bisque
ENSG00000143622,lightyellow
ENSG00000145216,bisque
ENSG00000145293,papayawhip
ENSG00000149177,yellowgreen
ENSG00000155099,antiquewhite
ENSG00000157985,chocolate
ENSG00000163626,lemonchiffon
ENSG00000164897,chocolate
ENSG00000165688,gold
ENSG00000166106,chocolate
ENSG00000166166,chocolate
ENSG00000171307,tomato
ENSG00000183723,chocolate
ENSG00000188997,peachpuff
ENSG00000196453,chocolate
ENSG00000205978,darkkhaki
ENSG00000206190,saddlebrown
ENSG00000218739,bisque
ENSG00000220370,olivedrab
ENSG00000233016,gold
ENSG00000234608,firebrick
ENSG00000242512,bisque
ENSG00000291075,chocolate
ENSG00000291122,bisque
ENSG00000005020,chocolate
ENSG00000063601,olivedrab
ENSG00000078804,chocolate
ENSG00000081307,firebrick
ENSG00000081665,chocolate
ENSG00000082898,chocolate
ENSG00000087116,chocolate
ENSG00000100320,burlywood
ENSG00000105373,yellowgreen
ENSG00000105605,chocolate
ENSG00000108846,bisque
ENSG00000109756,yellowgreen
ENSG00000111275,bisque
ENSG00000111785,chocolate
ENSG00000112079,darkolivegreen
ENSG00000114098,chocolate
ENSG00000115761,chocolate
ENSG00000117481,honeydew
ENSG00000120526,chocolate
ENSG00000121741,chartreuse
ENSG00000122140,cornsilk
ENSG00000129968,lightgoldenrodyellow
ENSG00000130703,chocolate
ENSG00000134480,coral
ENSG00000134901,bisque
ENSG00000135108,chocolate
ENSG00000139410,chocolate
ENSG00000140463,chocolate
ENSG00000141580,chocolate
ENSG00000144134,bisque
ENSG00000145439,chocolate
ENSG00000145675,chocolate
ENSG00000151502,gold
ENSG00000161813,goldenrod
ENSG00000165417,navajowhite
ENSG00000165752,antiquewhite
ENSG00000166224,chocolate
ENSG00000168291,cornsilk
ENSG00000168916,chocolate
ENSG00000171310,chocolate
ENSG00000171700,goldenrod
ENSG00000174371,yellowgreen
ENSG00000175115,gold
ENSG00000176697,firebrick
ENSG00000177084,chocolate
ENSG00000178700,orange
ENSG00000179456,chocolate
ENSG00000180758,lemonchiffon
ENSG00000184588,chocolate
ENSG00000185480,darkolivegreen
ENSG00000186815,chocolate
ENSG00000188994,firebrick
ENSG00000196976,gold
ENSG00000197013,cornsilk
ENSG00000198728,chocolate
ENSG00000198933,bisque
ENSG00000233101,lemonchiffon
ENSG00000240386,tan
ENSG00000241343,chocolate
ENSG00000259330,chocolate
ENSG00000279789,chocolate
ENSG00000060069,chocolate
ENSG00000071794,honeydew
ENSG00000076641,chocolate
ENSG00000081320,chocolate
ENSG00000084731,beige
ENSG00000089234,burlywood
ENSG00000090447,papayawhip
ENSG00000100479,bisque
ENSG00000100592,darkkhaki
ENSG00000101310,floralwhite
ENSG00000102385,chocolate
ENSG00000102738,chocolate
ENSG00000102763,honeydew
ENSG00000103174,chartreuse
ENSG00000104866,chocolate
ENSG00000106089,goldenrod
ENSG00000110852,bisque
ENSG00000110931,chocolate
ENSG00000111801,chocolate
ENSG00000115561,chocolate
ENSG00000116459,linen
ENSG00000118454,olivedrab
ENSG00000119986,chocolate
ENSG00000121152,beige
ENSG00000125962,orange
ENSG00000126562,bisque
ENSG00000128191,palegoldenrod
ENSG00000135678,chocolate
ENSG00000138764,chocolate
ENSG00000141696,chocolate
ENSG00000149929,lightyellow
ENSG00000151725,peachpuff
ENSG00000153037,tomato
ENSG00000157450,gold
ENSG00000161835,chocolate
ENSG00000163915,chocolate
ENSG00000164080,chocolate
ENSG00000165898,lemonchiffon
ENSG00000168438,bisque
ENSG00000174231,beige
ENSG00000175575,bisque
ENSG00000176396,burlywood
ENSG00000183098,chocolate
ENSG00000185009,chocolate
ENSG00000185246,chocolate
ENSG00000186063,chocolate
ENSG00000186716,chocolate
ENSG00000188549,bisque
ENSG00000198865,firebrick
ENSG00000204397,firebrick
ENSG00000205423,yellowgreen
ENSG00000214046,palegoldenrod
ENSG00000244045,bisque
ENSG00000262919,sandybrown
ENSG00000283390,tan
ENSG00000284968,chocolate
ENSG00000288701,chocolate
ENSG00000288948,chocolate
ENSG00000291087,linen
ENSG00000005812,olivedrab
ENSG00000070501,chocolate
ENSG00000089177,chocolate
ENSG00000099864,chocolate
ENSG00000102390,chocolate
ENSG00000105341,chocolate
ENSG00000106012,chocolate
ENSG00000110492,bisque
ENSG00000115194,honeydew
ENSG00000117155,chocolate
ENSG00000117226,navajowhite
ENSG00000117305,chocolate
ENSG00000117748,cornsilk
ENSG00000118495,chocolate
ENSG00000118971,sandybrown
ENSG00000119711,chocolate
ENSG00000119778,palegoldenrod
ENSG00000120709,chocolate
ENSG00000121350,bisque
ENSG00000123595,olivedrab
ENSG00000124659,burlywood
ENSG00000130921,chocolate
ENSG00000133195,chocolate
ENSG00000136261,chocolate
ENSG00000138031,bisque
ENSG00000144655,chocolate
ENSG00000145545,goldenrod
ENSG00000146083,chocolate
ENSG00000150281,antiquewhite
ENSG00000156795,floralwhite
ENSG00000157240,tomato
ENSG00000157600,chocolate
ENSG00000158122,bisque
ENSG00000160688,chocolate
ENSG00000165527,darkseagreen
ENSG00000165757,chocolate
ENSG00000167182,chocolate
ENSG00000172057,chocolate
ENSG00000172986,chocolate
ENSG00000173327,cornsilk
ENSG00000173540,olivedrab
ENSG00000174744,chocolate
ENSG00000174989,linen
ENSG00000175073,firebrick
ENSG00000176102,beige
ENSG00000176407,bisque
ENSG00000178057,burlywood
ENSG00000179094,chocolate
ENSG00000185278,goldenrod
ENSG00000185963,yellowgreen
ENSG00000196295,chocolate
ENSG00000198225,orange
ENSG00000289270,sandybrown
ENSG00000293478,palegoldenrod
ENSG00000004779,papayawhip
ENSG00000019995,chocolate
ENSG00000060688,antiquewhite
ENSG00000061794,bisque
ENSG00000065328,firebrick
ENSG00000067445,chocolate
ENSG00000070778,palegoldenrod
ENSG00000078687,burlywood
ENSG00000081059,navajowhite
ENSG00000081377,papayawhip
ENSG00000100983,yellow
ENSG00000101343,chocolate
ENSG00000103199,chartreuse
ENSG00000106992,chocolate
ENSG00000107951,gold
ENSG00000110876,chocolate
ENSG00000112137,chocolate
ENSG00000113569,chocolate
ENSG00000114126,firebrick
ENSG00000115459,chocolate
ENSG00000118515,bisque
ENSG00000119632,burlywood
ENSG00000120800,darkseagreen
ENSG00000121075,chocolate
ENSG00000121864,chocolate
ENSG00000121940,chocolate
ENSG00000128923,orange
ENSG00000133104,yellowgreen
ENSG00000136758,bisque
ENSG00000138131,chocolate
ENSG00000139083,chocolate
ENSG00000145214,chocolate
ENSG00000145781,bisque
ENSG00000146373,chocolate
ENSG00000154059,sandybrown
ENSG00000154079,antiquewhite
ENSG00000154727,antiquewhite
ENSG00000156273,chocolate
ENSG00000156671,chocolate
ENSG00000158711,chocolate
ENSG00000159055,chocolate
ENSG00000160570,sandybrown
ENSG00000162419,chocolate
ENSG00000171617,bisque
ENSG00000179526,chocolate
ENSG00000184100,goldenrod
ENSG00000198589,firebrick
ENSG00000225224,bisque
ENSG00000269836,peachpuff
ENSG00000288794,chocolate
ENSG00000293176,floralwhite
ENSG00000001617,chocolate
ENSG00000004864,yellowgreen
ENSG00000037757,coral
ENSG00000052126,goldenrod
ENSG00000065485,chocolate
ENSG00000068120,bisque
ENSG00000072422,chocolate
ENSG00000075711,chocolate
ENSG00000081760,chocolate
ENSG00000092847,chocolate
ENSG00000100347,chocolate
ENSG00000100852,peachpuff
ENSG00000102755,coral
ENSG00000104763,bisque
ENSG00000105127,darkseagreen
ENSG00000107897,chocolate
ENSG00000111412,chocolate
ENSG00000113558,lemonchiffon
ENSG00000115109,antiquewhite
ENSG00000115827,chocolate
ENSG00000116273,firebrick
ENSG00000117859,chocolate
ENSG00000121578,bisque
ENSG00000125505,goldenrod
ENSG00000126522,cornsilk
ENSG00000127952,chocolate
ENSG00000133422,chocolate
ENSG00000135966,chocolate
ENSG00000136631,cornsilk
ENSG00000141098,chocolate
ENSG00000141376,chocolate
ENSG00000143303,orange
ENSG00000143393,gold
ENSG00000144554,peachpuff
ENSG00000148400,chocolate
ENSG00000149571,chocolate
ENSG00000165124,chocolate
ENSG00000165806,chocolate
ENSG00000166595,chocolate
ENSG00000167034,gold
ENSG00000168259,peachpuff
ENSG00000175283,antiquewhite
ENSG00000177337,bisque
ENSG00000181751,goldenrod
ENSG00000182957,chocolate
ENSG00000185404,chocolate
ENSG00000187164,saddlebrown
ENSG00000189266,burlywood
ENSG00000196911,firebrick
ENSG00000198453,lightyellow
ENSG00000205090,chocolate
ENSG00000223547,chocolate
ENSG00000224470,chocolate
ENSG00000243943,floralwhite
ENSG00000251348,bisque
ENSG00000256268,chocolate
ENSG00000263465,papayawhip
ENSG00000278570,chocolate
ENSG00000284024,chocolate
ENSG00000291203,chocolate
ENSG00000293313,lemonchiffon
ENSG00000293322,chartreuse
ENSG00000005302,honeydew
ENSG00000006282,chocolate
ENSG00000020577,goldenrod
ENSG00000090776,chocolate
ENSG00000105298,darkolivegreen
ENSG00000105778,goldenrod
ENSG00000107821,beige
ENSG00000111052,firebrick
ENSG00000111817,antiquewhite
ENSG00000116353,bisque
ENSG00000116962,navajowhite
ENSG00000118707,chocolate
ENSG00000118961,floralwhite
ENSG00000123575,chocolate
ENSG00000124217,linen
ENSG00000131408,chocolate
ENSG00000132031,chocolate
ENSG00000134996,coral
ENSG00000135164,goldenrod
ENSG00000136152,chocolate
ENSG00000136783,chocolate
ENSG00000137806,firebrick
ENSG00000138496,firebrick
ENSG00000140367,antiquewhite
ENSG00000148824,antiquewhite
ENSG00000148985,chocolate
ENSG00000152061,tomato
ENSG00000154511,firebrick
ENSG00000159131,navajowhite
ENSG00000162618,bisque
ENSG00000163596,chocolate
ENSG00000164099,cornsilk
ENSG00000164164,chocolate
ENSG00000170191,palegoldenrod
ENSG00000171813,chocolate
ENSG00000172409,floralwhite
ENSG00000174442,tomato
ENSG00000176124,bisque
ENSG00000180773,chocolate
ENSG00000180992,beige
ENSG00000181192,chocolate
ENSG00000181915,chocolate
ENSG00000183077,lemonchiffon
ENSG00000184349,sandybrown
ENSG00000189410,chocolate
ENSG00000211445,chocolate
ENSG00000218283,chocolate
ENSG00000226950,bisque
ENSG00000233308,saddlebrown
ENSG00000247516,firebrick
ENSG00000256525,goldenrod
ENSG00000257354,chocolate
ENSG00000279159,chocolate
ENSG00000012048,chocolate
ENSG00000021574,gold
ENSG00000024048,coral
ENSG00000035499,saddlebrown
ENSG00000057252,chocolate
ENSG00000070831,chocolate
ENSG00000085872,chocolate
ENSG00000087269,darkkhaki
ENSG00000090372,bisque
ENSG00000092439,palegreen
ENSG00000100330,chocolate
ENSG00000100360,peachpuff
ENSG00000100744,chocolate
ENSG00000100902,palegoldenrod
ENSG00000104897,firebrick
ENSG00000105287,bisque
ENSG00000110218,bisque
ENSG00000112033,navajowhite
ENSG00000114948,chocolate
ENSG00000115514,tomato
ENSG00000119782,firebrick
ENSG00000125611,bisque
ENSG00000130856,cornsilk
ENSG00000134330,tomato
ENSG00000136560,chocolate
ENSG00000139323,chocolate
ENSG00000142655,bisque
ENSG00000143416,antiquewhite
ENSG00000143952,cornsilk
ENSG00000145147,sandybrown
ENSG00000146670,saddlebrown
ENSG00000146830,bisque
ENSG00000147654,bisque
ENSG00000150551,bisque
ENSG00000152804,chocolate
ENSG00000154265,chocolate
ENSG00000159079,tomato
ENSG00000159685,olivedrab
ENSG00000162601,chocolate
ENSG00000162607,bisque
ENSG00000164307,gold
ENSG00000165914,peachpuff
ENSG00000173681,chocolate
ENSG00000174738,cornsilk
ENSG00000175414,chocolate
ENSG00000177853,sandybrown
ENSG00000179918,cornsilk
ENSG00000181924,navajowhite
ENSG00000185420,tomato
ENSG00000186350,linen
ENSG00000188690,chocolate
ENSG00000196810,bisque
ENSG00000210144,bisque
ENSG00000213965,bisque
ENSG00000243199,goldenrod
ENSG00000254986,saddlebrown
ENSG00000272391,bisque
ENSG00000276168,chocolate
ENSG00000279365,chocolate
ENSG00000280798,bisque
ENSG00000291035,palegoldenrod
ENSG00000028116,goldenrod
ENSG00000044459,linen
ENSG00000054654,chocolate
ENSG00000063046,chocolate
ENSG00000066739,chocolate
ENSG00000073060,orange
ENSG00000082516,tomato
ENSG00000085733,chocolate
ENSG00000089902,goldenrod
ENSG00000092208,chocolate
ENSG00000095319,beige
ENSG00000100263,chocolate
ENSG00000100439,chocolate
ENSG00000101290,chocolate
ENSG00000104957,chocolate
ENSG00000104960,chocolate
ENSG00000105136,coral
ENSG00000106246,bisque
ENSG00000108389,orange
ENSG00000116096,firebrick
ENSG00000116830,chocolate
ENSG00000122557,papayawhip
ENSG00000123104,chocolate
ENSG00000124275,papayawhip
ENSG00000126858,olivedrab
ENSG00000128944,chocolate
ENSG00000135801,lightyellow
ENSG00000135972,tan
ENSG00000138303,chocolate
ENSG00000138835,chocolate
ENSG00000139517,chocolate
ENSG00000139579,peachpuff
ENSG00000139679,chocolate
ENSG00000141127,beige
ENSG00000141446,sandybrown
ENSG00000144635,burlywood
ENSG00000149792,bisque
ENSG00000150403,burlywood
ENSG00000151689,chocolate
ENSG00000159596,goldenrod
ENSG00000161960,chocolate
ENSG00000166189,chocolate
ENSG00000166200,bisque
ENSG00000166266,chocolate
ENSG00000166938,lemonchiffon
ENSG00000166974,chocolate
ENSG00000169410,goldenrod
ENSG00000170088,chocolate
ENSG00000172175,saddlebrown
ENSG00000176485,chocolate
ENSG00000180190,chocolate
ENSG00000181788,chocolate
ENSG00000183943,bisque
ENSG00000187824,sandybrown
ENSG00000196455,bisque
ENSG00000197442,chocolate
ENSG00000198189,bisque
ENSG00000198855,coral
ENSG00000213123,firebrick
ENSG00000214013,firebrick
ENSG00000215712,tan
ENSG00000224063,chocolate
ENSG00000231924,chocolate
ENSG00000254960,goldenrod
ENSG00000279307,bisque
ENSG00000023608,firebrick
ENSG00000039139,sandybrown
ENSG00000054965,linen
ENSG00000064666,chocolate
ENSG00000074964,chocolate
ENSG00000099364,chocolate
ENSG00000099942,sandybrown
ENSG00000100997,olivedrab
ENSG00000105671,olivedrab
ENSG00000107854,chocolate
ENSG00000108788,chocolate
ENSG00000111911,firebrick
ENSG00000112592,chocolate
ENSG00000113638,goldenrod
ENSG00000118007,chocolate
ENSG00000121897,sandybrown
ENSG00000125633,chocolate
ENSG00000134882,chocolate
ENSG00000137055,darkolivegreen
ENSG00000137075,navajowhite
ENSG00000138231,cornsilk
ENSG00000138468,saddlebrown
ENSG00000138587,bisque
ENSG00000138629,bisque
ENSG00000140740,bisque
ENSG00000145868,chocolate
ENSG00000147536,peachpuff
ENSG00000148337,gold
ENSG00000148356,chocolate
ENSG00000150753,beige
ENSG00000158006,chocolate
ENSG00000163374,antiquewhite
ENSG00000163444,linen
ENSG00000164418,cornsilk
ENSG00000164751,antiquewhite
ENSG00000164920,chocolate
ENSG00000169738,cornsilk
ENSG00000170448,chocolate
ENSG00000171169,chocolate
ENSG00000171222,yellow
ENSG00000171467,chocolate
ENSG00000173848,burlywood
ENSG00000175893,chocolate
ENSG00000177000,yellow
ENSG00000177485,chocolate
ENSG00000181649,beige
ENSG00000186010,yellow
ENSG00000186185,antiquewhite
ENSG00000188906,cornsilk
ENSG00000196470,cornsilk
ENSG00000196967,gold
ENSG00000204977,chocolate
ENSG00000228360,bisque
ENSG00000232333,bisque
ENSG00000279170,palegoldenrod
ENSG00000290720,chocolate
ENSG00000029725,peachpuff
ENSG00000047644,coral
ENSG00000072195,chocolate
ENSG00000077157,chocolate
ENSG00000079432,cornsilk
ENSG00000085274,chocolate
ENSG00000101935,lemonchiffon
ENSG00000104205,cornsilk
ENSG00000109775,chocolate
ENSG00000111666,chocolate
ENSG00000113790,lightyellow
ENSG00000114520,chocolate
ENSG00000114698,saddlebrown
ENSG00000115902,chocolate
ENSG00000116095,linen
ENSG00000128891,chocolate
ENSG00000131089,firebrick
ENSG00000140525,gold
ENSG00000143033,antiquewhite
ENSG00000143294,chocolate
ENSG00000152422,chocolate
ENSG00000156858,chocolate
ENSG00000160972,chocolate
ENSG00000163964,beige
ENSG00000165801,chocolate
ENSG00000166503,darkseagreen
ENSG00000168763,darkseagreen
ENSG00000170899,chartreuse
ENSG00000174165,chocolate
ENSG00000177058,burlywood
ENSG00000177409,firebrick
ENSG00000177971,bisque
ENSG00000182580,saddlebrown
ENSG00000196743,bisque
ENSG00000197429,tan
ENSG00000204370,coral
ENSG00000227345,chocolate
ENSG00000250461,tan
ENSG00000254682,yellow
ENSG00000254685,goldenrod
ENSG00000255399,coral
ENSG00000271122,firebrick
ENSG00000279977,chocolate
ENSG00000281344,lightgoldenrodyellow
ENSG00000286619,chocolate
ENSG00000290146,chocolate
ENSG00000005436,chocolate
ENSG00000023909,chocolate
ENSG00000065833,lightyellow
ENSG00000066455,linen
ENSG00000066855,coral
ENSG00000066933,chartreuse
ENSG00000074527,chocolate
ENSG00000074582,bisque
ENSG00000076003,chocolate
ENSG00000083720,cornsilk
ENSG00000087253,coral
ENSG00000087842,chocolate
ENSG00000093009,linen
ENSG00000100105,orange
ENSG00000100600,cornsilk
ENSG00000106799,bisque
ENSG00000107669,chocolate
ENSG00000110851,chocolate
ENSG00000117643,chocolate
ENSG00000120370,chocolate
ENSG00000123146,chocolate
ENSG00000123179,tomato
ENSG00000123552,chocolate
ENSG00000124882,chocolate
ENSG00000128487,chocolate
ENSG00000130303,chocolate
ENSG00000130559,chocolate
ENSG00000132256,bisque
ENSG00000135974,saddlebrown
ENSG00000137812,firebrick
ENSG00000140941,chocolate
ENSG00000149212,chocolate
ENSG00000153107,firebrick
ENSG00000153922,firebrick
ENSG00000153936,chocolate
ENSG00000159399,darkseagreen
ENSG00000162688,antiquewhite
ENSG00000163162,chocolate
ENSG00000163202,tomato
ENSG00000163681,sandybrown
ENSG00000163701,chocolate
ENSG00000165389,yellowgreen
ENSG00000166326,chocolate
ENSG00000166845,navajowhite
ENSG00000167074,chocolate
ENSG00000169045,bisque
ENSG00000169609,firebrick
ENSG00000173918,chocolate
ENSG00000175606,tomato
ENSG00000176834,palegoldenrod
ENSG00000178028,chocolate
ENSG00000179832,lightgoldenrodyellow
ENSG00000182179,firebrick
ENSG00000182568,chocolate
ENSG00000182749,chocolate
ENSG00000183722,darkkhaki
ENSG00000185033,chocolate
ENSG00000185842,chocolate
ENSG00000188070,chocolate
ENSG00000189398,linen
ENSG00000197937,chocolate
ENSG00000213079,goldenrod
ENSG00000224032,burlywood
ENSG00000254635,bisque
ENSG00000276368,bisque
ENSG00000009780,antiquewhite
ENSG00000021776,lightgoldenrodyellow
ENSG00000029639,darkseagreen
ENSG00000058063,chocolate
ENSG00000069869,chocolate
ENSG00000070882,chocolate
ENSG00000074755,coral
ENSG00000077232,chocolate
ENSG00000088970,darkkhaki
ENSG00000101003,chocolate
ENSG00000101417,chocolate
ENSG00000110080,chocolate
ENSG00000112031,tan
ENSG00000112406,lemonchiffon
ENSG00000113194,chocolate
ENSG00000118482,darkkhaki
ENSG00000118640,firebrick
ENSG00000121671,lemonchiffon
ENSG00000123106,chocolate
ENSG00000124587,chocolate
ENSG00000132434,bisque
ENSG00000132639,beige
ENSG00000136908,darkkhaki
ENSG00000137161,chocolate
ENSG00000137767,gold
ENSG00000139370,coral
ENSG00000139428,orange
ENSG00000139629,bisque
ENSG00000140450,gold
ENSG00000143499,tomato
ENSG00000143507,beige
ENSG00000143633,chocolate
ENSG00000144395,chocolate
ENSG00000144815,chocolate
ENSG00000155827,floralwhite
ENSG00000158158,chocolate
ENSG00000158636,chocolate
ENSG00000159217,chocolate
ENSG00000163743,beige
ENSG00000164024,chartreuse
ENSG00000164070,cornsilk
ENSG00000165209,chocolate
ENSG00000167985,bisque
ENSG00000168395,bisque
ENSG00000168679,chocolate
ENSG00000169946,cornsilk
ENSG00000172466,papayawhip
ENSG00000175213,chocolate
ENSG00000176438,chartreuse
ENSG00000177192,chocolate
ENSG00000178607,chocolate
ENSG00000184117,chocolate
ENSG00000188483,chocolate
ENSG00000196510,chocolate
ENSG00000198718,chocolate
ENSG00000201649,palegoldenrod
ENSG00000225138,chocolate
ENSG00000230896,darkolivegreen
ENSG00000233461,palegoldenrod
ENSG00000015153,chocolate
ENSG00000023191,orange
ENSG00000027001,chocolate
ENSG00000063176,tan
ENSG00000064225,chocolate
ENSG00000067533,papayawhip
ENSG00000074181,orange
ENSG00000074657,chocolate
ENSG00000076242,chocolate
ENSG00000078403,chocolate
ENSG00000089682,peachpuff
ENSG00000100629,firebrick
ENSG00000101194,beige
ENSG00000102309,chocolate
ENSG00000103510,chocolate
ENSG00000104880,beige
ENSG00000105329,chocolate
ENSG00000107902,coral
ENSG00000107968,lawngreen
ENSG00000110660,lightyellow
ENSG00000112297,chocolate
ENSG00000112701,chocolate
ENSG00000112996,tomato
ENSG00000115275,chocolate
ENSG00000116157,lightgoldenrodyellow
ENSG00000118564,gold
ENSG00000119042,chocolate
ENSG00000120594,chocolate
ENSG00000121440,honeydew
ENSG00000121775,chocolate
ENSG00000122912,coral
ENSG00000123352,bisque
ENSG00000124151,chocolate
ENSG00000126215,chocolate
ENSG00000130720,chocolate
ENSG00000132740,firebrick
ENSG00000135040,goldenrod
ENSG00000135451,goldenrod
ENSG00000136098,darkolivegreen
ENSG00000137947,coral
ENSG00000140396,darkolivegreen
ENSG00000142207,chocolate
ENSG00000142409,gold
ENSG00000144061,firebrick
ENSG00000151693,chocolate
ENSG00000152409,chocolate
ENSG00000153044,floralwhite
ENSG00000153558,chocolate
ENSG00000154124,papayawhip
ENSG00000155906,firebrick
ENSG00000163539,chocolate
ENSG00000166510,beige
ENSG00000167969,darkkhaki
ENSG00000168542,gold
ENSG00000170846,bisque
ENSG00000172831,firebrick
ENSG00000173442,chocolate
ENSG00000174943,chocolate
ENSG00000175287,peachpuff
ENSG00000175305,darkolivegreen
ENSG00000177383,darkseagreen
ENSG00000178726,darkseagreen
ENSG00000178878,floralwhite
ENSG00000179262,chocolate
ENSG00000184209,bisque
ENSG00000184470,bisque
ENSG00000188641,chocolate
ENSG00000196290,tomato
ENSG00000196437,lightgoldenrodyellow
ENSG00000196440,coral
ENSG00000215012,bisque
ENSG00000223865,navajowhite
ENSG00000244462,darkseagreen
ENSG00000254653,chocolate
ENSG00000255874,chocolate
ENSG00000257285,peachpuff
ENSG00000258056,chocolate
ENSG00000262879,cornsilk
ENSG00000270123,chocolate
ENSG00000279059,tomato
ENSG00000005238,chocolate
ENSG00000026103,floralwhite
ENSG00000032389,tomato
ENSG00000060656,chocolate
ENSG00000068784,chocolate
ENSG00000076928,chocolate
ENSG00000077152,chocolate
ENSG00000083099,darkseagreen
ENSG00000084764,lightyellow
ENSG00000086475,saddlebrown
ENSG00000091656,chocolate
ENSG00000095787,chocolate
ENSG00000102466,coral
ENSG00000102471,coral
ENSG00000105701,gold
ENSG00000111196,sandybrown
ENSG00000111424,bisque
ENSG00000119772,chocolate
ENSG00000122335,chocolate
ENSG00000122483,firebrick
ENSG00000124588,firebrick
ENSG00000128165,chocolate
ENSG00000128590,chocolate
ENSG00000130304,sandybrown
ENSG00000131067,chocolate
ENSG00000132286,saddlebrown
ENSG00000132510,chocolate
ENSG00000134470,chartreuse
ENSG00000134684,firebrick
ENSG00000134758,linen
ENSG00000135241,chartreuse
ENSG00000136536,bisque
ENSG00000137936,burlywood
ENSG00000143756,navajowhite
ENSG00000144583,papayawhip
ENSG00000144802,firebrick
ENSG00000145217,bisque
ENSG00000145332,antiquewhite
ENSG00000147687,papayawhip
ENSG00000147883,chocolate
ENSG00000149476,chocolate
ENSG00000151338,bisque
ENSG00000158163,darkkhaki
ENSG00000159063,lemonchiffon
ENSG00000163138,bisque
ENSG00000164687,papayawhip
ENSG00000166123,bisque
ENSG00000166317,linen
ENSG00000167114,chocolate
ENSG00000168016,chocolate
ENSG00000170633,chocolate
ENSG00000170949,peachpuff
ENSG00000174197,bisque
ENSG00000184677,chocolate
ENSG00000185298,chocolate
ENSG00000185670,honeydew
ENSG00000186132,firebrick
ENSG00000187266,beige
ENSG00000198954,firebrick
ENSG00000232677,antiquewhite
ENSG00000243477,palegoldenrod
ENSG00000244485,chocolate
ENSG00000255112,chartreuse
ENSG00000261801,chocolate
ENSG00000267809,antiquewhite
ENSG00000275835,chocolate
ENSG00000286314,gold
ENSG00000291207,darkolivegreen
ENSG00000293510,tan
ENSG00000006607,palegoldenrod
ENSG00000024862,chocolate
ENSG00000033800,chocolate
ENSG00000048471,chocolate
ENSG00000063241,chocolate
ENSG00000087589,chocolate
ENSG00000095383,chocolate
ENSG00000095794,goldenrod
ENSG00000100124,firebrick
ENSG00000100294,palegreen
ENSG00000100441,cornsilk
ENSG00000100485,bisque
ENSG00000102359,chocolate
ENSG00000103241,chocolate
ENSG00000105426,chocolate
ENSG00000106638,palegreen
ENSG00000108239,darkolivegreen
ENSG00000109929,bisque
ENSG00000114166,goldenrod
ENSG00000114446,lightgoldenrodyellow
ENSG00000115446,navajowhite
ENSG00000116885,chocolate
ENSG00000117569,gold
ENSG00000119401,chocolate
ENSG00000120690,orange
ENSG00000123737,floralwhite
ENSG00000124608,gold
ENSG00000131381,chocolate
ENSG00000131459,burlywood
ENSG00000134138,chocolate
ENSG00000134504,palegoldenrod
ENSG00000134508,sandybrown
ENSG00000136273,cornsilk
ENSG00000139826,lightgoldenrodyellow
ENSG00000146592,linen
ENSG00000147679,goldenrod
ENSG00000149090,chocolate
ENSG00000149313,beige
ENSG00000157181,chocolate
ENSG00000158169,linen
ENSG00000160712,chartreuse
ENSG00000164236,chocolate
ENSG00000165233,beige
ENSG00000166133,chocolate
ENSG00000167772,olivedrab
ENSG00000168453,chocolate
ENSG00000169955,firebrick
ENSG00000170365,honeydew
ENSG00000176058,peachpuff
ENSG00000179241,chocolate
ENSG00000180776,chocolate
ENSG00000181852,linen
ENSG00000182150,goldenrod
ENSG00000183576,orange
ENSG00000183826,palegoldenrod
ENSG00000184194,chocolate
ENSG00000185504,chocolate
ENSG00000188283,cornsilk
ENSG00000188419,chocolate
ENSG00000196642,chocolate
ENSG00000198301,darkkhaki
ENSG00000205208,chocolate
ENSG00000213337,lightyellow
ENSG00000215305,chocolate
ENSG00000225830,chocolate
ENSG00000227973,firebrick
ENSG00000233237,chocolate
ENSG00000235904,bisque
ENSG00000253833,chocolate
ENSG00000274422,firebrick
ENSG00000280789,chocolate
ENSG00000040487,firebrick
ENSG00000047578,coral
ENSG00000057663,bisque
ENSG00000069431,coral
ENSG00000072415,floralwhite
ENSG00000078304,linen
ENSG00000085276,chocolate
ENSG00000101246,chocolate
ENSG00000101493,chocolate
ENSG00000101751,gold
ENSG00000103356,lemonchiffon
ENSG00000104219,chocolate
ENSG00000108039,palegoldenrod
ENSG00000108187,darkkhaki
ENSG00000109339,peachpuff
ENSG00000114993,palegoldenrod
ENSG00000115295,chocolate
ENSG00000123091,beige
ENSG00000124074,cornsilk
ENSG00000124523,chocolate
ENSG00000125630,bisque
ENSG00000135899,chocolate
ENSG00000135999,peachpuff
ENSG00000136717,chocolate
ENSG00000138381,darkseagreen
ENSG00000139977,darkseagreen
ENSG00000140263,coral
ENSG00000141736,chocolate
ENSG00000145604,chocolate
ENSG00000146416,bisque
ENSG00000146966,chocolate
ENSG00000148290,bisque
ENSG00000148300,chocolate
ENSG00000151458,goldenrod
ENSG00000156011,chocolate
ENSG00000157168,bisque
ENSG00000157869,chocolate
ENSG00000162631,papayawhip
ENSG00000162869,chartreuse
ENSG00000163738,goldenrod
ENSG00000163807,firebrick
ENSG00000164296,tomato
ENSG00000164743,lawngreen
ENSG00000168306,lawngreen
ENSG00000169018,firebrick
ENSG00000170445,chocolate
ENSG00000171302,chocolate
ENSG00000174939,chocolate
ENSG00000175595,chocolate
ENSG00000176018,beige
ENSG00000177674,beige
ENSG00000178163,bisque
ENSG00000181830,floralwhite
ENSG00000185745,bisque
ENSG00000189376,chocolate
ENSG00000197646,coral
ENSG00000198131,chocolate
ENSG00000198482,chocolate
ENSG00000198746,chocolate
ENSG00000221926,tan
ENSG00000230615,chocolate
ENSG00000232388,bisque
ENSG00000232593,palegreen
ENSG00000234327,chocolate
ENSG00000263002,sandybrown
ENSG00000271533,bisque
ENSG00000293495,antiquewhite
ENSG00000034533,chocolate
ENSG00000066027,lightgoldenrodyellow
ENSG00000066379,gold
ENSG00000070476,chocolate
ENSG00000076248,bisque
ENSG00000077458,chocolate
ENSG00000081189,chocolate
ENSG00000082397,chocolate
ENSG00000083223,chocolate
ENSG00000085377,burlywood
ENSG00000088387,palegreen
ENSG00000096093,chocolate
ENSG00000100395,chocolate
ENSG00000103415,chocolate
ENSG00000103494,yellow
ENSG00000106070,chocolate
ENSG00000107036,chocolate
ENSG00000110074,sandybrown
ENSG00000110711,antiquewhite
ENSG00000113971,goldenrod
ENSG00000115207,beige
ENSG00000115966,darkseagreen
ENSG00000122965,chocolate
ENSG00000125124,chocolate
ENSG00000125384,lemonchiffon
ENSG00000130558,chocolate
ENSG00000132300,bisque
ENSG00000132386,orange
ENSG00000132718,yellowgreen
ENSG00000133805,goldenrod
ENSG00000134201,chocolate
ENSG00000134262,burlywood
ENSG00000134769,chocolate
ENSG00000135441,chocolate
ENSG00000135916,chocolate
ENSG00000136932,bisque
ENSG00000136982,papayawhip
ENSG00000139116,bisque
ENSG00000140153,palegoldenrod
ENSG00000140386,tomato
ENSG00000149489,tan
ENSG00000149531,yellow
ENSG00000152133,darkkhaki
ENSG00000152527,peachpuff
ENSG00000155324,chocolate
ENSG00000156869,goldenrod
ENSG00000157800,darkseagreen
ENSG00000158234,darkolivegreen
ENSG00000162813,chocolate
ENSG00000164850,firebrick
ENSG00000165355,antiquewhite
ENSG00000165699,chocolate
ENSG00000168818,coral
ENSG00000170364,burlywood
ENSG00000171262,tomato
ENSG00000171443,chocolate
ENSG00000171889,coral
ENSG00000172292,chocolate
ENSG00000172331,honeydew
ENSG00000176422,cornsilk
ENSG00000178202,chocolate
ENSG00000183208,lightyellow
ENSG00000185753,coral
ENSG00000185808,floralwhite
ENSG00000198795,tan
ENSG00000204351,darkkhaki
ENSG00000204406,chocolate
ENSG00000206573,chocolate
ENSG00000211455,lightgoldenrodyellow
ENSG00000212694,lightyellow
ENSG00000221990,lawngreen
ENSG00000235508,chocolate
ENSG00000239713,chocolate
ENSG00000245275,bisque
ENSG00000249593,chocolate
ENSG00000257337,palegoldenrod
ENSG00000262265,chocolate
ENSG00000267632,chocolate
ENSG00000291150,chocolate
ENSG00000005448,lawngreen
ENSG00000005801,chocolate
ENSG00000010270,floralwhite
ENSG00000011523,gold
ENSG00000015475,bisque
ENSG00000021355,firebrick
ENSG00000022976,chocolate
ENSG00000048342,tomato
ENSG00000065491,chocolate
ENSG00000065615,antiquewhite
ENSG00000066557,antiquewhite
ENSG00000067715,chocolate
ENSG00000072803,bisque
ENSG00000078018,linen
ENSG00000080298,chocolate
ENSG00000088179,yellow
ENSG00000088836,chocolate
ENSG00000091592,yellowgreen
ENSG00000095015,chocolate
ENSG00000100228,chocolate
ENSG00000100417,chocolate
ENSG00000100504,lightyellow
ENSG00000102030,tomato
ENSG00000105793,chocolate
ENSG00000107020,beige
ENSG00000107745,chocolate
ENSG00000109066,chocolate
ENSG00000109079,chocolate
ENSG00000109805,linen
ENSG00000110455,chocolate
ENSG00000112282,lawngreen
ENSG00000113597,bisque
ENSG00000113845,chocolate
ENSG00000120451,tan
ENSG00000124786,gold
ENSG00000128534,firebrick
ENSG00000130702,sandybrown
ENSG00000130707,firebrick
ENSG00000135336,coral
ENSG00000136378,chocolate
ENSG00000138111,chocolate
ENSG00000146802,chocolate
ENSG00000147535,yellowgreen
ENSG00000150867,floralwhite
ENSG00000151445,darkkhaki
ENSG00000152582,tan
ENSG00000153391,lemonchiffon
ENSG00000156171,coral
ENSG00000157349,bisque
ENSG00000160298,darkkhaki
ENSG00000162585,darkolivegreen
ENSG00000162972,chocolate
ENSG00000164073,chocolate
ENSG00000164180,linen
ENSG00000170498,chocolate
ENSG00000170571,papayawhip
ENSG00000170954,linen
ENSG00000180011,orange
ENSG00000180098,tomato
ENSG00000180329,firebrick
ENSG00000182916,bisque
ENSG00000183665,bisque
ENSG00000184277,bisque
ENSG00000186073,bisque
ENSG00000186130,bisque
ENSG00000186272,chocolate
ENSG00000196549,peachpuff
ENSG00000203805,bisque
ENSG00000205133,tan
ENSG00000214293,sandybrown
ENSG00000235437,chocolate
ENSG00000239719,chocolate
ENSG00000257698,lawngreen
ENSG00000278540,chocolate
ENSG00000289384,darkkhaki
ENSG00000291131,beige
ENSG00000011132,chocolate
ENSG00000020256,chocolate
ENSG00000047346,cornsilk
ENSG00000067064,bisque
ENSG00000069974,lemonchiffon
ENSG00000081721,firebrick
ENSG00000090674,goldenrod
ENSG00000095951,chocolate
ENSG00000104946,chocolate
ENSG00000105339,goldenrod
ENSG00000105483,goldenrod
ENSG00000106683,burlywood
ENSG00000109458,chocolate
ENSG00000117640,tomato
ENSG00000120686,chocolate
ENSG00000123415,bisque
ENSG00000126456,lightgoldenrodyellow
ENSG00000128564,chocolate
ENSG00000132357,cornsilk
ENSG00000132436,chocolate
ENSG00000132840,chocolate
ENSG00000133026,firebrick
ENSG00000134107,coral
ENSG00000135482,chocolate
ENSG00000136478,tan
ENSG00000136518,chocolate
ENSG00000140320,bisque
ENSG00000140471,palegoldenrod
ENSG00000143457,beige
ENSG00000145996,cornsilk
ENSG00000147364,orange
ENSG00000147912,peachpuff
ENSG00000148688,tomato
ENSG00000149084,firebrick
ENSG00000149474,orange
ENSG00000149548,tan
ENSG00000155744,goldenrod
ENSG00000156603,chocolate
ENSG00000157625,coral
ENSG00000160345,bisque
ENSG00000161956,chocolate
ENSG00000162980,floralwhite
ENSG00000164654,yellow
ENSG00000166228,firebrick
ENSG00000166352,beige
ENSG00000167315,bisque
ENSG00000167740,honeydew
ENSG00000168298,chocolate
ENSG00000169189,gold
ENSG00000174151,gold
ENSG00000174173,tomato
ENSG00000176095,burlywood
ENSG00000176490,bisque
ENSG00000179454,gold
ENSG00000185305,papayawhip
ENSG00000197483,firebrick
ENSG00000197989,bisque
ENSG00000205189,gold
ENSG00000212719,cornsilk
ENSG00000213190,lemonchiffon
ENSG00000224411,bisque
ENSG00000228649,bisque
ENSG00000234546,lawngreen
ENSG00000237938,chocolate
ENSG00000239039,chocolate
ENSG00000246695,saddlebrown
ENSG00000283498,chocolate
ENSG00000285410,chocolate
ENSG00000287516,chocolate
ENSG00000291178,linen
ENSG00000293274,palegreen
ENSG00000293434,chocolate
ENSG00000042429,chocolate
ENSG00000047621,bisque
ENSG00000048052,chocolate
ENSG00000049883,chocolate
ENSG00000064042,chocolate
ENSG00000065057,burlywood
ENSG00000068438,chartreuse
ENSG00000070061,peachpuff
ENSG00000070950,burlywood
ENSG00000081019,chocolate
ENSG00000085840,bisque
ENSG00000090612,darkkhaki
ENSG00000096070,chocolate
ENSG00000100023,chocolate
ENSG00000102218,papayawhip
ENSG00000102554,gold
ENSG00000103404,chocolate
ENSG00000104691,chocolate
ENSG00000106245,beige
ENSG00000106993,tomato
ENSG00000107789,chocolate
ENSG00000108469,darkseagreen
ENSG00000110435,tomato
ENSG00000112249,sandybrown
ENSG00000115486,chocolate
ENSG00000115942,burlywood
ENSG00000118894,chocolate
ENSG00000120925,sandybrown
ENSG00000123124,chocolate
ENSG00000123739,chocolate
ENSG00000124615,firebrick
ENSG00000126016,chocolate
ENSG00000130032,chocolate
ENSG00000132109,floralwhite
ENSG00000132329,lightyellow
ENSG00000132819,chocolate
ENSG00000134291,tomato
ENSG00000136270,cornsilk
ENSG00000137413,goldenrod
ENSG00000137449,chocolate
ENSG00000137764,chocolate
ENSG00000143458,chocolate
ENSG00000143951,chocolate
ENSG00000144369,chocolate
ENSG00000145348,bisque
ENSG00000146054,bisque
ENSG00000146085,chocolate
ENSG00000147121,firebrick
ENSG00000148429,lawngreen
ENSG00000151532,beige
ENSG00000155304,lemonchiffon
ENSG00000160783,floralwhite
ENSG00000161558,cornsilk
ENSG00000162729,chocolate
ENSG00000163734,lawngreen
ENSG00000164074,chocolate
ENSG00000166171,gold
ENSG00000166592,chocolate
ENSG00000167555,tomato
ENSG00000167625,chocolate
ENSG00000167815,saddlebrown
ENSG00000169914,chocolate
ENSG00000170310,bisque
ENSG00000173914,beige
ENSG00000176208,palegoldenrod
ENSG00000180155,chocolate
ENSG00000181827,chocolate
ENSG00000182173,antiquewhite
ENSG00000182405,chocolate
ENSG00000183580,chocolate
ENSG00000184254,chocolate
ENSG00000185252,chocolate
ENSG00000185760,yellowgreen
ENSG00000185947,tan
ENSG00000186665,lightgoldenrodyellow
ENSG00000187583,palegreen
ENSG00000196236,tan
ENSG00000196678,darkolivegreen
ENSG00000196754,chocolate
ENSG00000198680,chocolate
ENSG00000206562,bisque
ENSG00000207189,chocolate
ENSG00000227500,chocolate
ENSG00000230148,chocolate
ENSG00000234545,tan
ENSG00000239900,yellow
ENSG00000249936,chocolate
ENSG00000264920,chocolate
ENSG00000273270,chocolate
ENSG00000277586,bisque
ENSG00000279670,chocolate
ENSG00000013375,firebrick
ENSG00000037749,antiquewhite
ENSG00000040933,chocolate
ENSG00000059588,chocolate
ENSG00000069482,beige
ENSG00000076356,navajowhite
ENSG00000100994,chocolate
ENSG00000101577,chocolate
ENSG00000105784,chocolate
ENSG00000106624,firebrick
ENSG00000108094,bisque
ENSG00000108559,palegoldenrod
ENSG00000112473,darkkhaki
ENSG00000113734,chocolate
ENSG00000120458,chocolate
ENSG00000120616,bisque
ENSG00000123342,chocolate
ENSG00000124181,chocolate
ENSG00000130818,floralwhite
ENSG00000132906,linen
ENSG00000134815,chocolate
ENSG00000135297,gold
ENSG00000136158,floralwhite
ENSG00000136169,firebrick
ENSG00000137145,chocolate
ENSG00000137944,firebrick
ENSG00000138600,chocolate
ENSG00000138640,floralwhite
ENSG00000138802,chocolate
ENSG00000142544,olivedrab
ENSG00000143324,chocolate
ENSG00000143514,coral
ENSG00000145734,olivedrab
ENSG00000146410,coral
ENSG00000147996,bisque
ENSG00000148187,gold
ENSG00000150455,darkseagreen
ENSG00000151617,floralwhite
ENSG00000151726,bisque
ENSG00000156398,firebrick
ENSG00000157500,chocolate
ENSG00000158715,chocolate
ENSG00000159388,darkkhaki
ENSG00000161999,chocolate
ENSG00000162772,firebrick
ENSG00000164053,chocolate
ENSG00000164978,chocolate
ENSG00000166004,chocolate
ENSG00000166396,floralwhite
ENSG00000167333,beige
ENSG00000169299,bisque
ENSG00000171295,chocolate
ENSG00000176715,gold
ENSG00000183155,bisque
ENSG00000183172,navajowhite
ENSG00000185565,saddlebrown
ENSG00000187522,sandybrown
ENSG00000188177,peachpuff
ENSG00000188215,chocolate
ENSG00000196405,chocolate
ENSG00000196459,linen
ENSG00000197608,chocolate
ENSG00000214944,chocolate
ENSG00000223745,palegreen
ENSG00000233783,chocolate
ENSG00000236830,bisque
ENSG00000237765,bisque
ENSG00000262454,sandybrown
ENSG00000286259,yellow
ENSG00000288982,chocolate
ENSG00000291106,lightgoldenrodyellow
ENSG00000011566,chocolate
ENSG00000049541,olivedrab
ENSG00000057657,goldenrod
ENSG00000075914,chocolate
ENSG00000094841,bisque
ENSG00000095564,bisque
ENSG00000100412,chocolate
ENSG00000100599,peachpuff
ENSG00000101391,chocolate
ENSG00000101955,chocolate
ENSG00000104218,firebrick
ENSG00000104228,honeydew
ENSG00000106299,chocolate
ENSG00000108666,bisque
ENSG00000108960,antiquewhite
ENSG00000114395,firebrick
ENSG00000121481,coral
ENSG00000122696,lightyellow
ENSG00000123080,gold
ENSG00000123130,chocolate
ENSG00000128294,chocolate
ENSG00000130158,chocolate
ENSG00000131779,gold
ENSG00000133027,gold
ENSG00000135249,gold
ENSG00000136161,beige
ENSG00000137501,gold
ENSG00000138078,chocolate
ENSG00000139200,firebrick
ENSG00000141179,coral
ENSG00000142082,chocolate
ENSG00000142552,chocolate
ENSG00000142733,chocolate
ENSG00000143374,chocolate
ENSG00000144161,goldenrod
ENSG00000145247,tomato
ENSG00000147118,chocolate
ENSG00000150540,chocolate
ENSG00000150636,peachpuff
ENSG00000151304,lemonchiffon
ENSG00000151470,chocolate
ENSG00000157214,chocolate
ENSG00000165526,navajowhite
ENSG00000165802,chocolate
ENSG00000166619,chocolate
ENSG00000167112,bisque
ENSG00000168806,bisque
ENSG00000170677,bisque
ENSG00000171204,darkseagreen
ENSG00000173757,chocolate
ENSG00000175066,chocolate
ENSG00000177646,chocolate
ENSG00000179922,chocolate
ENSG00000180185,chartreuse
ENSG00000185361,lawngreen
ENSG00000186812,chocolate
ENSG00000198521,lawngreen
ENSG00000198648,darkkhaki
ENSG00000243244,goldenrod
ENSG00000244625,chocolate
ENSG00000251880,palegoldenrod
ENSG00000259275,darkolivegreen
ENSG00000259642,yellowgreen
ENSG00000267280,chocolate
ENSG00000282977,chocolate
ENSG00000289520,chocolate
ENSG00000291006,chocolate
ENSG00000291093,chocolate
ENSG00000003096,peachpuff
ENSG00000011021,yellow
ENSG00000012174,tan
ENSG00000039068,tan
ENSG00000050130,burlywood
ENSG00000051009,chocolate
ENSG00000054611,yellowgreen
ENSG00000055147,bisque
ENSG00000071051,tan
ENSG00000096968,chocolate
ENSG00000102543,goldenrod
ENSG00000104047,olivedrab
ENSG00000106415,linen
ENSG00000111664,chocolate
ENSG00000113812,palegoldenrod
ENSG00000113851,cornsilk
ENSG00000114316,firebrick
ENSG00000115525,firebrick
ENSG00000116205,goldenrod
ENSG00000117222,chocolate
ENSG00000119673,chocolate
ENSG00000120832,firebrick
ENSG00000121413,firebrick
ENSG00000121542,peachpuff
ENSG00000128581,cornsilk
ENSG00000131019,bisque
ENSG00000131196,chocolate
ENSG00000131584,chocolate
ENSG00000132274,chocolate
ENSG00000132950,olivedrab
ENSG00000135763,lightyellow
ENSG00000136159,tomato
ENSG00000136444,firebrick
ENSG00000136854,sandybrown
ENSG00000137509,sandybrown
ENSG00000138592,tan
ENSG00000138614,chocolate
ENSG00000139505,papayawhip
ENSG00000140326,chocolate
ENSG00000145740,lemonchiffon
ENSG00000152620,olivedrab
ENSG00000155256,chocolate
ENSG00000159082,chocolate
ENSG00000163877,bisque
ENSG00000163879,bisque
ENSG00000167565,chocolate
ENSG00000171953,chocolate
ENSG00000173744,firebrick
ENSG00000175832,chocolate
ENSG00000175866,chocolate
ENSG00000176641,floralwhite
ENSG00000177363,chocolate
ENSG00000178033,tan
ENSG00000180035,lightgoldenrodyellow
ENSG00000181826,beige
ENSG00000182253,tan
ENSG00000182541,chocolate
ENSG00000182986,chocolate
ENSG00000183340,lawngreen
ENSG00000184678,lemonchiffon
ENSG00000185418,chocolate
ENSG00000185904,lightyellow
ENSG00000198429,peachpuff
ENSG00000213672,burlywood
ENSG00000224531,bisque
ENSG00000228672,chocolate
ENSG00000232956,firebrick
ENSG00000235865,chocolate
ENSG00000240849,bisque
ENSG00000243449,antiquewhite
ENSG00000243680,bisque
ENSG00000247315,peachpuff
ENSG00000248113,lightgoldenrodyellow
ENSG00000287134,chocolate
ENSG00000290644,chocolate
ENSG00000010626,chocolate
ENSG00000047230,yellowgreen
ENSG00000051382,chocolate
ENSG00000063169,saddlebrown
ENSG00000063322,bisque
ENSG00000079931,bisque
ENSG00000088682,bisque
ENSG00000100376,chocolate
ENSG00000100890,chocolate
ENSG00000101255,chocolate
ENSG00000103966,darkseagreen
ENSG00000105321,firebrick
ENSG00000105819,beige
ENSG00000108219,firebrick
ENSG00000109323,goldenrod
ENSG00000109586,antiquewhite
ENSG00000109610,chocolate
ENSG00000112659,chocolate
ENSG00000114735,chocolate
ENSG00000115282,chocolate
ENSG00000116062,lemonchiffon
ENSG00000116922,papayawhip
ENSG00000117262,bisque
ENSG00000117877,antiquewhite
ENSG00000118162,chocolate
ENSG00000124097,antiquewhite
ENSG00000125485,burlywood
ENSG00000125841,lightgoldenrodyellow
ENSG00000132330,saddlebrown
ENSG00000132664,sandybrown
ENSG00000134809,floralwhite
ENSG00000135338,yellowgreen
ENSG00000135929,chocolate
ENSG00000136147,darkseagreen
ENSG00000138604,floralwhite
ENSG00000138756,lawngreen
ENSG00000139620,chocolate
ENSG00000141425,beige
ENSG00000144559,chocolate
ENSG00000145687,burlywood
ENSG00000145861,yellowgreen
ENSG00000148481,floralwhite
ENSG00000154928,chocolate
ENSG00000162337,chocolate
ENSG00000162745,goldenrod
ENSG00000163602,chocolate
ENSG00000164169,bisque
ENSG00000165490,tan
ENSG00000172346,antiquewhite
ENSG00000172765,chocolate
ENSG00000172915,chocolate
ENSG00000173040,darkolivegreen
ENSG00000173801,goldenrod
ENSG00000188739,antiquewhite
ENSG00000196116,saddlebrown
ENSG00000196584,bisque
ENSG00000198522,bisque
ENSG00000198863,chocolate
ENSG00000198952,bisque
ENSG00000204160,chocolate
ENSG00000204677,chocolate
ENSG00000226499,firebrick
ENSG00000227057,gold
ENSG00000240445,goldenrod
ENSG00000257261,saddlebrown
ENSG00000261889,chocolate
ENSG00000269343,navajowhite
ENSG00000273559,bisque
ENSG00000285437,peachpuff
ENSG00000293317,chocolate
ENSG00000007255,chocolate
ENSG00000013441,bisque
ENSG00000035115,yellow
ENSG00000038002,chocolate
ENSG00000062725,chocolate
ENSG00000064763,darkseagreen
ENSG00000068400,chocolate
ENSG00000068650,chocolate
ENSG00000078699,chocolate
ENSG00000092445,bisque
ENSG00000100299,chocolate
ENSG00000100580,chocolate
ENSG00000101247,bisque
ENSG00000102103,chocolate
ENSG00000110172,bisque
ENSG00000110841,darkseagreen
ENSG00000110987,chocolate
ENSG00000111696,honeydew
ENSG00000115252,chocolate
ENSG00000116198,honeydew
ENSG00000116199,bisque
ENSG00000116396,chocolate
ENSG00000116521,burlywood
ENSG00000116903,chocolate
ENSG00000117600,chocolate
ENSG00000119599,chocolate
ENSG00000119922,chocolate
ENSG00000119950,chocolate
ENSG00000124532,orange
ENSG00000124787,gold
ENSG00000125814,chocolate
ENSG00000129691,coral
ENSG00000131351,goldenrod
ENSG00000131759,chocolate
ENSG00000134265,bisque
ENSG00000134802,burlywood
ENSG00000135709,lightyellow
ENSG00000136143,chocolate
ENSG00000139921,darkseagreen
ENSG00000140400,chocolate
ENSG00000140563,honeydew
ENSG00000142065,peachpuff
ENSG00000145414,darkolivegreen
ENSG00000145476,linen
ENSG00000145916,darkkhaki
ENSG00000147862,darkkhaki
ENSG00000157538,bisque
ENSG00000162298,beige
ENSG00000162851,beige
ENSG00000163882,firebrick
ENSG00000164967,darkkhaki
ENSG00000165684,firebrick
ENSG00000166086,chocolate
ENSG00000166225,chocolate
ENSG00000166452,lemonchiffon
ENSG00000168237,bisque
ENSG00000168952,chocolate
ENSG00000171016,goldenrod
ENSG00000171522,chocolate
ENSG00000172061,lawngreen
ENSG00000172935,burlywood
ENSG00000173334,cornsilk
ENSG00000173846,chocolate
ENSG00000175197,lemonchiffon
ENSG00000176142,chocolate
ENSG00000181007,chocolate
ENSG00000182903,chocolate
ENSG00000182919,lemonchiffon
ENSG00000184371,chocolate
ENSG00000184451,chocolate
ENSG00000184986,chocolate
ENSG00000185379,sandybrown
ENSG00000186908,lightgoldenrodyellow
ENSG00000188171,chocolate
ENSG00000188428,cornsilk
ENSG00000197162,chocolate
ENSG00000198783,orange
ENSG00000199366,chocolate
ENSG00000204272,chocolate
ENSG00000213390,chocolate
ENSG00000227053,chocolate
ENSG00000231290,burlywood
ENSG00000241058,goldenrod
ENSG00000248487,cornsilk
ENSG00000251369,darkolivegreen
ENSG00000253552,burlywood
ENSG00000258839,darkolivegreen
ENSG00000260804,coral
ENSG00000261824,darkolivegreen
ENSG00000265354,darkseagreen
ENSG00000272333,firebrick
ENSG00000273218,sandybrown
ENSG00000276107,chocolate
ENSG00000289528,goldenrod
ENSG00000007944,cornsilk
ENSG00000012822,antiquewhite
ENSG00000014123,olivedrab
ENSG00000018699,firebrick
ENSG00000049246,orange
ENSG00000068383,coral
ENSG00000068654,chocolate
ENSG00000083290,navajowhite
ENSG00000084676,linen
ENSG00000101413,navajowhite
ENSG00000101464,goldenrod
ENSG00000102007,bisque
ENSG00000103051,beige
ENSG00000103260,yellow
ENSG00000105926,bisque
ENSG00000107798,peachpuff
ENSG00000110768,chocolate
ENSG00000111647,gold
ENSG00000112357,papayawhip
ENSG00000112972,chocolate
ENSG00000115353,peachpuff
ENSG00000117593,tomato
ENSG00000127452,chocolate
ENSG00000128881,chocolate
ENSG00000129473,coral
ENSG00000132294,chocolate
ENSG00000132694,goldenrod
ENSG00000133321,chocolate
ENSG00000134444,tomato
ENSG00000135124,chocolate
ENSG00000135776,olivedrab
ENSG00000137962,chocolate
ENSG00000140395,papayawhip
ENSG00000141664,linen
ENSG00000143748,bisque
ENSG00000147592,papayawhip
ENSG00000151572,chocolate
ENSG00000153561,chocolate
ENSG00000155085,tan
ENSG00000155545,chocolate
ENSG00000156103,tan
ENSG00000156453,chocolate
ENSG00000161677,antiquewhite
ENSG00000163399,chocolate
ENSG00000163946,gold
ENSG00000164187,chocolate
ENSG00000164221,chocolate
ENSG00000164252,bisque
ENSG00000164253,tomato
ENSG00000164283,floralwhite
ENSG00000164330,chocolate
ENSG00000165272,tan
ENSG00000165644,lemonchiffon
ENSG00000167595,chocolate
ENSG00000169570,peachpuff
ENSG00000172661,sandybrown
ENSG00000173588,bisque
ENSG00000174501,firebrick
ENSG00000174842,peachpuff
ENSG00000175395,chocolate
ENSG00000175602,chocolate
ENSG00000176170,bisque
ENSG00000176473,olivedrab
ENSG00000179195,darkseagreen
ENSG00000181220,burlywood
ENSG00000182985,chocolate
ENSG00000183055,tan
ENSG00000185652,antiquewhite
ENSG00000188191,antiquewhite
ENSG00000196912,lightgoldenrodyellow
ENSG00000198464,chocolate
ENSG00000198799,darkseagreen
ENSG00000204852,peachpuff
ENSG00000221216,lightyellow
ENSG00000223131,chocolate
ENSG00000232442,chocolate
ENSG00000250565,peachpuff
ENSG00000253731,chocolate
ENSG00000253811,chocolate
ENSG00000263823,bisque
ENSG00000272031,chocolate
ENSG00000278053,firebrick
ENSG00000072135,gold
ENSG00000077585,navajowhite
ENSG00000080561,chocolate
ENSG00000087301,chocolate
ENSG00000091157,gold
ENSG00000101052,burlywood
ENSG00000103160,chocolate
ENSG00000105866,chocolate
ENSG00000106733,chocolate
ENSG00000107738,darkkhaki
ENSG00000111276,chocolate
ENSG00000111885,chocolate
ENSG00000114779,chocolate
ENSG00000115594,chocolate
ENSG00000116266,floralwhite
ENSG00000118620,beige
ENSG00000119414,firebrick
ENSG00000122042,navajowhite
ENSG00000123610,bisque
ENSG00000124614,coral
ENSG00000125388,peachpuff
ENSG00000127995,olivedrab
ENSG00000129028,darkolivegreen
ENSG00000130038,bisque
ENSG00000131373,lawngreen
ENSG00000132155,chocolate
ENSG00000132661,beige
ENSG00000132801,chocolate
ENSG00000133138,bisque
ENSG00000133265,bisque
ENSG00000136048,chocolate
ENSG00000137547,goldenrod
ENSG00000140157,bisque
ENSG00000140511,yellow
ENSG00000141349,sandybrown
ENSG00000142627,chocolate
ENSG00000142920,chocolate
ENSG00000143147,tan
ENSG00000143156,burlywood
ENSG00000143479,lawngreen
ENSG00000143669,navajowhite
ENSG00000147475,firebrick
ENSG00000147789,bisque
ENSG00000149451,sandybrown
ENSG00000151292,chocolate
ENSG00000151466,chocolate
ENSG00000151892,beige
ENSG00000152495,darkolivegreen
ENSG00000152520,darkseagreen
ENSG00000153551,chocolate
ENSG00000153721,chartreuse
ENSG00000153933,chocolate
ENSG00000155330,peachpuff
ENSG00000156239,cornsilk
ENSG00000157764,chocolate
ENSG00000158941,tomato
ENSG00000159593,chocolate
ENSG00000161179,chocolate
ENSG00000161542,chocolate
ENSG00000163249,chocolate
ENSG00000163867,yellow
ENSG00000164338,papayawhip
ENSG00000164951,papayawhip
ENSG00000165259,chocolate
ENSG00000166821,chocolate
ENSG00000166881,chocolate
ENSG00000168256,lemonchiffon
ENSG00000169371,firebrick
ENSG00000171159,yellow
ENSG00000171827,gold
ENSG00000172932,chocolate
ENSG00000173409,darkseagreen
ENSG00000174013,chocolate
ENSG00000174446,gold
ENSG00000174574,coral
ENSG00000176658,goldenrod
ENSG00000177150,gold
ENSG00000177425,chocolate
ENSG00000181982,chocolate
ENSG00000182979,palegreen
ENSG00000183161,chartreuse
ENSG00000184226,darkseagreen
ENSG00000185024,chocolate
ENSG00000186532,linen
ENSG00000187792,chocolate
ENSG00000188158,cornsilk
ENSG00000188921,burlywood
ENSG00000196456,chocolate
ENSG00000197128,orange
ENSG00000197302,lemonchiffon
ENSG00000201104,chocolate
ENSG00000203724,tomato
ENSG00000203880,lightyellow
ENSG00000204271,cornsilk
ENSG00000204611,lemonchiffon
ENSG00000206503,burlywood
ENSG00000211450,chocolate
ENSG00000240583,chocolate
ENSG00000251022,linen
ENSG00000259959,chartreuse
ENSG00000263072,tan
ENSG00000269439,darkseagreen
ENSG00000272622,antiquewhite
ENSG00000280071,firebrick
ENSG00000289353,peachpuff
ENSG00000293235,beige
ENSG00000004766,darkseagreen
ENSG00000010404,papayawhip
ENSG00000013016,antiquewhite
ENSG00000023330,linen
ENSG00000043093,chocolate
ENSG00000050344,chocolate
ENSG00000059122,antiquewhite
ENSG00000070269,chocolate
ENSG00000071537,firebrick
ENSG00000079277,honeydew
ENSG00000080546,chocolate
ENSG00000083093,chocolate
ENSG00000087884,honeydew
ENSG00000090097,chocolate
ENSG00000090932,tan
ENSG00000104299,chocolate
ENSG00000104856,chocolate
ENSG00000105088,chocolate
ENSG00000105171,bisque
ENSG00000105248,chocolate
ENSG00000106258,honeydew
ENSG00000107882,chocolate
ENSG00000109016,firebrick
ENSG00000109436,linen
ENSG00000109854,bisque
ENSG00000113356,burlywood
ENSG00000118197,chocolate
ENSG00000121989,lemonchiffon
ENSG00000124641,chocolate
ENSG00000125733,bisque
ENSG00000125812,darkseagreen
ENSG00000126106,lightgoldenrodyellow
ENSG00000128908,firebrick
ENSG00000129255,darkkhaki
ENSG00000129518,chocolate
ENSG00000130396,papayawhip
ENSG00000134698,chocolate
ENSG00000138794,bisque
ENSG00000141699,chocolate
ENSG00000144455,peachpuff
ENSG00000145882,chocolate
ENSG00000147119,darkkhaki
ENSG00000148677,chocolate
ENSG00000152193,bisque
ENSG00000156475,peachpuff
ENSG00000157224,bisque
ENSG00000159873,chocolate
ENSG00000160055,bisque
ENSG00000160294,bisque
ENSG00000160539,chocolate
ENSG00000162222,bisque
ENSG00000162377,olivedrab
ENSG00000163281,burlywood
ENSG00000163291,peachpuff
ENSG00000163808,orange
ENSG00000164880,chocolate
ENSG00000166261,yellow
ENSG00000166685,chocolate
ENSG00000169220,chocolate
ENSG00000171365,bisque
ENSG00000171488,tomato
ENSG00000172239,coral
ENSG00000173542,orange
ENSG00000176055,linen
ENSG00000177854,chocolate
ENSG00000177990,chocolate
ENSG00000178385,chocolate
ENSG00000181896,chocolate
ENSG00000183808,sandybrown
ENSG00000184182,chocolate
ENSG00000185838,palegoldenrod
ENSG00000186283,chocolate
ENSG00000186318,lightgoldenrodyellow
ENSG00000187091,coral
ENSG00000196365,darkkhaki
ENSG00000196705,chocolate
ENSG00000197016,chocolate
ENSG00000204054,antiquewhite
ENSG00000204131,lightyellow
ENSG00000204237,chocolate
ENSG00000205413,gold
ENSG00000230074,beige
ENSG00000235790,chocolate
ENSG00000235927,chocolate
ENSG00000241288,chocolate
ENSG00000247134,bisque
ENSG00000247572,tan
ENSG00000250303,bisque
ENSG00000251580,bisque
ENSG00000270916,bisque
ENSG00000279700,chocolate
ENSG00000290555,palegreen
ENSG00000291100,linen
ENSG00000293323,firebrick
ENSG00000002330,chocolate
ENSG00000019144,lightyellow
ENSG00000034677,orange
ENSG00000038532,darkkhaki
ENSG00000049167,cornsilk
ENSG00000059728,chocolate
ENSG00000060762,yellowgreen
ENSG00000070785,beige
ENSG00000089225,chocolate
ENSG00000095321,gold
ENSG00000100162,chocolate
ENSG00000101298,chocolate
ENSG00000105325,olivedrab
ENSG00000106052,linen
ENSG00000106459,tomato
ENSG00000108591,antiquewhite
ENSG00000110042,floralwhite
ENSG00000110442,orange
ENSG00000111224,goldenrod
ENSG00000112874,chocolate
ENSG00000116285,coral
ENSG00000118526,gold
ENSG00000120539,coral
ENSG00000121749,sandybrown
ENSG00000123219,chocolate
ENSG00000126947,coral
ENSG00000130402,orange
ENSG00000135637,chocolate
ENSG00000135655,lightgoldenrodyellow
ENSG00000136870,yellow
ENSG00000136997,darkseagreen
ENSG00000137218,bisque
ENSG00000137338,bisque
ENSG00000137497,chocolate
ENSG00000138442,coral
ENSG00000138658,cornsilk
ENSG00000138669,chocolate
ENSG00000140199,darkolivegreen
ENSG00000141542,cornsilk
ENSG00000141642,yellowgreen
ENSG00000144040,chocolate
ENSG00000144445,chocolate
ENSG00000145284,linen
ENSG00000145331,coral
ENSG00000150768,chartreuse
ENSG00000153029,linen
ENSG00000154040,firebrick
ENSG00000154237,chocolate
ENSG00000159086,goldenrod
ENSG00000159259,tan
ENSG00000159733,chocolate
ENSG00000161682,chocolate
ENSG00000162695,chocolate
ENSG00000164329,yellowgreen
ENSG00000164649,chocolate
ENSG00000166562,burlywood
ENSG00000166783,chocolate
ENSG00000166965,chocolate
ENSG00000167799,yellowgreen
ENSG00000168096,chocolate
ENSG00000170340,floralwhite
ENSG00000170681,firebrick
ENSG00000171105,lightgoldenrodyellow
ENSG00000171130,lightyellow
ENSG00000171132,olivedrab
ENSG00000171812,chocolate
ENSG00000171943,chocolate
ENSG00000175764,peachpuff
ENSG00000176155,chocolate
ENSG00000177106,chocolate
ENSG00000177932,linen
ENSG00000178295,chocolate
ENSG00000178425,papayawhip
ENSG00000179941,antiquewhite
ENSG00000180543,linen
ENSG00000183508,chocolate
ENSG00000183647,chocolate
ENSG00000186017,chocolate
ENSG00000186951,chocolate
ENSG00000187790,firebrick
ENSG00000188092,lemonchiffon
ENSG00000188315,darkolivegreen
ENSG00000188522,chocolate
ENSG00000196150,goldenrod
ENSG00000196975,papayawhip
ENSG00000197381,peachpuff
ENSG00000197713,tomato
ENSG00000198478,antiquewhite
ENSG00000198722,bisque
ENSG00000215440,chartreuse
ENSG00000221829,honeydew
ENSG00000229358,chocolate
ENSG00000234684,chocolate
ENSG00000255262,peachpuff
ENSG00000257732,honeydew
ENSG00000260910,chocolate
ENSG00000269973,honeydew
ENSG00000270647,chocolate
ENSG00000288793,firebrick
ENSG00000288924,chocolate
ENSG00000289472,tan
ENSG00000289535,yellowgreen
ENSG00000010165,darkseagreen
ENSG00000013293,sandybrown
ENSG00000047315,chocolate
ENSG00000067365,cornsilk
ENSG00000069667,beige
ENSG00000081913,orange
ENSG00000082438,chocolate
ENSG00000083097,peachpuff
ENSG00000084444,bisque
ENSG00000100239,chocolate
ENSG00000101000,darkseagreen
ENSG00000101181,tomato
ENSG00000101843,saddlebrown
ENSG00000102384,tomato
ENSG00000102452,peachpuff
ENSG00000102547,navajowhite
ENSG00000103037,firebrick
ENSG00000104361,chartreuse
ENSG00000104907,chocolate
ENSG00000105705,chocolate
ENSG00000106346,bisque
ENSG00000106571,gold
ENSG00000116667,chocolate
ENSG00000118369,cornsilk
ENSG00000119688,chocolate
ENSG00000120868,chocolate
ENSG00000121931,saddlebrown
ENSG00000124688,papayawhip
ENSG00000129675,chocolate
ENSG00000131115,chocolate
ENSG00000131368,chocolate
ENSG00000132275,chocolate
ENSG00000133641,burlywood
ENSG00000134109,floralwhite
ENSG00000135976,peachpuff
ENSG00000136807,gold
ENSG00000138347,firebrick
ENSG00000140830,chocolate
ENSG00000143353,firebrick
ENSG00000147100,tomato
ENSG00000150527,chocolate
ENSG00000151778,antiquewhite
ENSG00000152219,bisque
ENSG00000152904,firebrick
ENSG00000154309,linen
ENSG00000155158,chocolate
ENSG00000156711,chocolate
ENSG00000160336,palegoldenrod
ENSG00000162409,chocolate
ENSG00000162664,chocolate
ENSG00000163328,chocolate
ENSG00000165006,beige
ENSG00000165948,burlywood
ENSG00000168060,chocolate
ENSG00000169071,chocolate
ENSG00000169239,chocolate
ENSG00000169599,darkseagreen
ENSG00000170832,bisque
ENSG00000173041,chocolate
ENSG00000174130,chocolate
ENSG00000174132,chocolate
ENSG00000177683,darkseagreen
ENSG00000181619,chocolate
ENSG00000184154,chocolate
ENSG00000188021,firebrick
ENSG00000189046,chocolate
ENSG00000196756,floralwhite
ENSG00000197808,chocolate
ENSG00000198252,chocolate
ENSG00000198846,linen
ENSG00000198894,firebrick
ENSG00000203362,palegoldenrod
ENSG00000204922,firebrick
ENSG00000214706,burlywood
ENSG00000230076,firebrick
ENSG00000248008,bisque
ENSG00000254726,chartreuse
