gene_id,WGCNA_Module
ENSG00000210082,darkorange
ENSG00000228253,whitesmoke
ENSG00000198886,darkorange
ENSG00000125148,yellow
ENSG00000198840,darkorange
ENSG00000198727,brown
ENSG00000108821,lawngreen
ENSG00000211459,lightyellow
ENSG00000198763,salmon
ENSG00000198938,sandybrown
ENSG00000080824,salmon
ENSG00000026025,blanchedalmond
ENSG00000091986,lightgreen
ENSG00000198899,lightsalmon
ENSG00000198888,brown
ENSG00000198712,lightsalmon
ENSG00000196924,whitesmoke
ENSG00000138326,brown
ENSG00000106211,whitesmoke
ENSG00000177469,whitesmoke
ENSG00000198786,whitesmoke
ENSG00000172757,whitesmoke
ENSG00000227615,brown
ENSG00000164692,darkgreen
ENSG00000149273,whitesmoke
ENSG00000169715,whitesmoke
ENSG00000135404,whitesmoke
ENSG00000167460,whitesmoke
ENSG00000122786,peachpuff
ENSG00000102265,darkorange
ENSG00000167526,darkolivegreen
ENSG00000197756,papayawhip
ENSG00000109475,brown
ENSG00000142156,lemonchiffon
ENSG00000143947,lightsalmon
ENSG00000197956,whitesmoke
ENSG00000065978,whitesmoke
ENSG00000142676,tan
ENSG00000113140,papayawhip
ENSG00000182718,blanchedalmond
ENSG00000071082,lightsalmon
ENSG00000125534,whitesmoke
ENSG00000138758,whitesmoke
ENSG00000213741,whitesmoke
ENSG00000177954,lightsalmon
ENSG00000145592,darkolivegreen
ENSG00000158710,yellow
ENSG00000136026,whitesmoke
ENSG00000245532,whitesmoke
ENSG00000108298,lightsalmon
ENSG00000115414,darkgreen
ENSG00000244398,yellow
ENSG00000075624,sandybrown
ENSG00000070756,whitesmoke
ENSG00000106366,bisque
ENSG00000069275,whitesmoke
ENSG00000159674,whitesmoke
ENSG00000142937,lightyellow
ENSG00000067225,whitesmoke
ENSG00000137831,lightyellow
ENSG00000167658,lightyellow
ENSG00000133112,ivory
ENSG00000156508,blanchedalmond
ENSG00000166441,whitesmoke
ENSG00000210196,lightyellow
ENSG00000198034,whitesmoke
ENSG00000096384,whitesmoke
ENSG00000090621,whitesmoke
ENSG00000172809,darkorange
ENSG00000160789,whitesmoke
ENSG00000131469,brown
ENSG00000198695,gold
ENSG00000149806,whitesmoke
ENSG00000249992,whitesmoke
ENSG00000100097,burlywood
ENSG00000142173,whitesmoke
ENSG00000137154,darkorange
ENSG00000126247,whitesmoke
ENSG00000034510,lemonchiffon
ENSG00000205542,lawngreen
ENSG00000063177,whitesmoke
ENSG00000131747,whitesmoke
ENSG00000112306,lightsalmon
ENSG00000141905,peachpuff
ENSG00000234742,brown
ENSG00000288920,brown
ENSG00000128595,whitesmoke
ENSG00000140988,lightsalmon
ENSG00000248527,brown
ENSG00000105974,chocolate
ENSG00000185201,whitesmoke
ENSG00000228929,yellow
ENSG00000223551,lawngreen
ENSG00000164587,whitesmoke
ENSG00000088832,whitesmoke
ENSG00000187514,lemonchiffon
ENSG00000101335,whitesmoke
ENSG00000162734,whitesmoke
ENSG00000115310,whitesmoke
ENSG00000141753,oldlace
ENSG00000068697,whitesmoke
ENSG00000162576,whitesmoke
ENSG00000189343,brown
ENSG00000233927,whitesmoke
ENSG00000164032,whitesmoke
ENSG00000229117,palegoldenrod
ENSG00000220842,brown
ENSG00000136810,salmon
ENSG00000212802,burlywood
ENSG00000092841,darkorange
ENSG00000122641,whitesmoke
ENSG00000147065,chocolate
ENSG00000167552,lightsalmon
ENSG00000215030,brown
ENSG00000240463,burlywood
ENSG00000226532,burlywood
ENSG00000169213,whitesmoke
ENSG00000167601,whitesmoke
ENSG00000166598,whitesmoke
ENSG00000083845,brown
ENSG00000077549,whitesmoke
ENSG00000197043,cornsilk
ENSG00000115963,whitesmoke
ENSG00000135046,brown
ENSG00000140264,whitesmoke
ENSG00000108518,ivory
ENSG00000197081,whitesmoke
ENSG00000143933,chocolate
ENSG00000149257,whitesmoke
ENSG00000293293,whitesmoke
ENSG00000103187,whitesmoke
ENSG00000141002,whitesmoke
ENSG00000132475,whitesmoke
ENSG00000057019,cornsilk
ENSG00000113739,whitesmoke
ENSG00000244313,burlywood
ENSG00000110321,whitesmoke
ENSG00000125691,brown
ENSG00000210049,yellow
ENSG00000111142,whitesmoke
ENSG00000236824,whitesmoke
ENSG00000182899,darkorange
ENSG00000227081,brown
ENSG00000084234,whitesmoke
ENSG00000115677,whitesmoke
ENSG00000167283,yellow
ENSG00000177600,lemonchiffon
ENSG00000161016,tan
ENSG00000137076,whitesmoke
ENSG00000233762,whitesmoke
ENSG00000074695,whitesmoke
ENSG00000134363,lemonchiffon
ENSG00000130255,brown
ENSG00000087086,oldlace
ENSG00000205871,brown
ENSG00000142534,ivory
ENSG00000137309,whitesmoke
ENSG00000165119,whitesmoke
ENSG00000185088,whitesmoke
ENSG00000212907,whitesmoke
ENSG00000198258,papayawhip
ENSG00000185551,whitesmoke
ENSG00000185641,brown
ENSG00000232573,lightyellow
ENSG00000133226,whitesmoke
ENSG00000088247,whitesmoke
ENSG00000239559,goldenrod
ENSG00000114850,brown
ENSG00000044574,whitesmoke
ENSG00000156467,brown
ENSG00000157613,whitesmoke
ENSG00000114353,whitesmoke
ENSG00000104904,whitesmoke
ENSG00000089693,moccasin
ENSG00000174444,darkolivegreen
ENSG00000231500,lightsalmon
ENSG00000107581,whitesmoke
ENSG00000124795,goldenrod
ENSG00000139644,chocolate
ENSG00000105221,whitesmoke
ENSG00000150093,wheat
ENSG00000100106,lawngreen
ENSG00000008988,blanchedalmond
ENSG00000132432,blanchedalmond
ENSG00000105372,darkorange
ENSG00000119335,whitesmoke
ENSG00000099817,whitesmoke
ENSG00000136149,brown
ENSG00000163466,whitesmoke
ENSG00000117724,whitesmoke
ENSG00000169567,darkolivegreen
ENSG00000242299,burlywood
ENSG00000034152,whitesmoke
ENSG00000106153,whitesmoke
ENSG00000230629,bisque
ENSG00000237973,whitesmoke
ENSG00000164111,lightsalmon
ENSG00000163359,whitesmoke
ENSG00000244245,yellow
ENSG00000250321,whitesmoke
ENSG00000165502,brown
ENSG00000130985,moccasin
ENSG00000198467,papayawhip
ENSG00000163191,moccasin
ENSG00000213280,whitesmoke
ENSG00000176788,moccasin
ENSG00000126777,whitesmoke
ENSG00000072110,whitesmoke
ENSG00000084207,whitesmoke
ENSG00000136942,lightsalmon
ENSG00000197746,whitesmoke
ENSG00000122406,lightsalmon
ENSG00000134294,whitesmoke
ENSG00000162909,brown
ENSG00000277443,papayawhip
ENSG00000204628,brown
ENSG00000079819,whitesmoke
ENSG00000225475,burlywood
ENSG00000242071,brown
ENSG00000087460,brown
ENSG00000167522,burlywood
ENSG00000148773,whitesmoke
ENSG00000197958,darkolivegreen
ENSG00000142089,whitesmoke
ENSG00000140545,lightgreen
ENSG00000148303,lightsalmon
ENSG00000146677,yellow
ENSG00000159335,lightyellow
ENSG00000173812,whitesmoke
ENSG00000251562,whitesmoke
ENSG00000143321,whitesmoke
ENSG00000101608,chocolate
ENSG00000229659,brown
ENSG00000198755,lemonchiffon
ENSG00000137970,bisque
ENSG00000150991,yellow
ENSG00000125868,lightgreen
ENSG00000006125,whitesmoke
ENSG00000117362,whitesmoke
ENSG00000189403,chocolate
ENSG00000231940,lightsalmon
ENSG00000008441,whitesmoke
ENSG00000089220,peachpuff
ENSG00000118523,whitesmoke
ENSG00000122566,greenyellow
ENSG00000163931,whitesmoke
ENSG00000067560,whitesmoke
ENSG00000148926,papayawhip
ENSG00000175550,whitesmoke
ENSG00000198900,whitesmoke
ENSG00000009307,whitesmoke
ENSG00000130508,darkgreen
ENSG00000108424,limegreen
ENSG00000074800,moccasin
ENSG00000185787,whitesmoke
ENSG00000110092,whitesmoke
ENSG00000125968,peachpuff
ENSG00000221983,lightsalmon
ENSG00000197728,brown
ENSG00000069849,brown
ENSG00000157227,whitesmoke
ENSG00000151914,whitesmoke
ENSG00000120913,whitesmoke
ENSG00000124942,blanchedalmond
ENSG00000196531,brown
ENSG00000105438,whitesmoke
ENSG00000185650,whitesmoke
ENSG00000125844,whitesmoke
ENSG00000115053,whitesmoke
ENSG00000140319,whitesmoke
ENSG00000115461,oldlace
ENSG00000150347,darkorange
ENSG00000198242,whitesmoke
ENSG00000136238,whitesmoke
ENSG00000163468,whitesmoke
ENSG00000100316,blanchedalmond
ENSG00000150687,whitesmoke
ENSG00000185129,burlywood
ENSG00000145741,blanchedalmond
ENSG00000175745,whitesmoke
ENSG00000153071,whitesmoke
ENSG00000185896,whitesmoke
ENSG00000197061,whitesmoke
ENSG00000134531,chocolate
ENSG00000122359,whitesmoke
ENSG00000178988,whitesmoke
ENSG00000184840,whitesmoke
ENSG00000144713,brown
ENSG00000160213,whitesmoke
ENSG00000030582,whitesmoke
ENSG00000134871,whitesmoke
ENSG00000008838,whitesmoke
ENSG00000116560,whitesmoke
ENSG00000100243,whitesmoke
ENSG00000240652,burlywood
ENSG00000008952,brown
ENSG00000114391,brown
ENSG00000109180,lime
ENSG00000177700,gold
ENSG00000110880,chocolate
ENSG00000137818,oldlace
ENSG00000176340,whitesmoke
ENSG00000137801,chocolate
ENSG00000113732,whitesmoke
ENSG00000147649,whitesmoke
ENSG00000101182,bisque
ENSG00000050405,whitesmoke
ENSG00000168028,lightsalmon
ENSG00000196683,honeydew
ENSG00000138071,olive
ENSG00000065548,yellow
ENSG00000189067,lightyellow
ENSG00000174748,lightsalmon
ENSG00000168374,whitesmoke
ENSG00000117523,whitesmoke
ENSG00000104332,whitesmoke
ENSG00000100345,whitesmoke
ENSG00000085063,whitesmoke
ENSG00000138778,tan
ENSG00000171858,goldenrod
ENSG00000196262,ivory
ENSG00000226396,whitesmoke
ENSG00000071054,blanchedalmond
ENSG00000116754,burlywood
ENSG00000092199,whitesmoke
ENSG00000213626,whitesmoke
ENSG00000218426,yellow
ENSG00000131116,whitesmoke
ENSG00000089597,whitesmoke
ENSG00000119705,brown
ENSG00000026508,darkorange
ENSG00000183741,whitesmoke
ENSG00000168653,gold
ENSG00000100764,whitesmoke
ENSG00000167088,yellow
ENSG00000144136,cornsilk
ENSG00000100632,yellow
ENSG00000170759,brown
ENSG00000122026,darkolivegreen
ENSG00000124762,whitesmoke
ENSG00000135318,salmon
ENSG00000136830,whitesmoke
ENSG00000112695,sandybrown
ENSG00000123562,whitesmoke
ENSG00000068489,whitesmoke
ENSG00000084623,brown
ENSG00000105193,whitesmoke
ENSG00000134590,whitesmoke
ENSG00000139239,brown
ENSG00000144810,whitesmoke
ENSG00000011465,whitesmoke
ENSG00000136930,brown
ENSG00000293064,whitesmoke
ENSG00000039560,whitesmoke
ENSG00000162733,whitesmoke
ENSG00000169908,brown
ENSG00000066279,lightyellow
ENSG00000137575,whitesmoke
ENSG00000197747,gold
ENSG00000058668,whitesmoke
ENSG00000185222,whitesmoke
ENSG00000154380,lightgreen
ENSG00000158417,lightyellow
ENSG00000198668,papayawhip
ENSG00000167986,whitesmoke
ENSG00000060339,whitesmoke
ENSG00000124172,lightsalmon
ENSG00000235162,whitesmoke
ENSG00000162889,whitesmoke
ENSG00000178980,whitesmoke
ENSG00000105640,palegoldenrod
ENSG00000187109,darkorange
ENSG00000140416,whitesmoke
ENSG00000213442,whitesmoke
ENSG00000214535,brown
ENSG00000110651,whitesmoke
ENSG00000171863,blanchedalmond
ENSG00000197102,whitesmoke
ENSG00000150938,whitesmoke
ENSG00000242372,darkolivegreen
ENSG00000102172,whitesmoke
ENSG00000180398,salmon
ENSG00000132341,whitesmoke
ENSG00000196154,chocolate
ENSG00000116133,whitesmoke
ENSG00000175166,yellow
ENSG00000103275,chocolate
ENSG00000100353,yellow
ENSG00000177697,whitesmoke
ENSG00000099341,burlywood
ENSG00000132688,whitesmoke
ENSG00000159228,brown
ENSG00000172301,burlywood
ENSG00000131143,brown
ENSG00000157654,whitesmoke
ENSG00000164611,yellow
ENSG00000011422,whitesmoke
ENSG00000167004,whitesmoke
ENSG00000142541,lightsalmon
ENSG00000009954,whitesmoke
ENSG00000145555,brown
ENSG00000166913,whitesmoke
ENSG00000089009,blanchedalmond
ENSG00000130147,sandybrown
ENSG00000232472,lawngreen
ENSG00000165280,whitesmoke
ENSG00000213315,burlywood
ENSG00000143549,whitesmoke
ENSG00000118816,whitesmoke
ENSG00000136485,whitesmoke
ENSG00000116489,whitesmoke
ENSG00000104131,whitesmoke
ENSG00000173473,whitesmoke
ENSG00000120708,lightyellow
ENSG00000162736,palegoldenrod
ENSG00000244509,peachpuff
ENSG00000155368,tan
ENSG00000131236,ivory
ENSG00000161638,darkorange
ENSG00000100234,whitesmoke
ENSG00000163430,lightyellow
ENSG00000164346,peachpuff
ENSG00000047849,whitesmoke
ENSG00000117519,brown
ENSG00000135926,peachpuff
ENSG00000140575,whitesmoke
ENSG00000142168,brown
ENSG00000167978,oldlace
ENSG00000129250,whitesmoke
ENSG00000025800,whitesmoke
ENSG00000129116,whitesmoke
ENSG00000176014,whitesmoke
ENSG00000170515,whitesmoke
ENSG00000158864,brown
ENSG00000167110,whitesmoke
ENSG00000169976,yellow
ENSG00000164040,whitesmoke
ENSG00000141526,lightgreen
ENSG00000118680,whitesmoke
ENSG00000139289,whitesmoke
ENSG00000104388,whitesmoke
ENSG00000173706,oldlace
ENSG00000131711,peachpuff
ENSG00000181019,chocolate
ENSG00000075785,chocolate
ENSG00000071127,whitesmoke
ENSG00000122565,whitesmoke
ENSG00000164924,blanchedalmond
ENSG00000127184,papayawhip
ENSG00000116260,oldlace
ENSG00000088986,green
ENSG00000143761,whitesmoke
ENSG00000168439,yellow
ENSG00000093010,whitesmoke
ENSG00000148516,whitesmoke
ENSG00000236844,brown
ENSG00000070614,whitesmoke
ENSG00000159140,peachpuff
ENSG00000125753,whitesmoke
ENSG00000154277,yellow
ENSG00000171634,lightyellow
ENSG00000266402,whitesmoke
ENSG00000181163,seashell
ENSG00000182670,peachpuff
ENSG00000011304,whitesmoke
ENSG00000105323,whitesmoke
ENSG00000124145,whitesmoke
ENSG00000125977,whitesmoke
ENSG00000132963,ivory
ENSG00000138674,whitesmoke
ENSG00000155366,honeydew
ENSG00000198804,darkorange
ENSG00000112769,lightyellow
ENSG00000236552,brown
ENSG00000101150,whitesmoke
ENSG00000153914,lawngreen
ENSG00000264229,whitesmoke
ENSG00000110090,yellow
ENSG00000162614,peachpuff
ENSG00000169813,whitesmoke
ENSG00000231767,burlywood
ENSG00000013810,whitesmoke
ENSG00000134419,darkolivegreen
ENSG00000188846,lightsalmon
ENSG00000164919,lightsalmon
ENSG00000166710,blanchedalmond
ENSG00000172216,whitesmoke
ENSG00000128591,whitesmoke
ENSG00000105185,brown
ENSG00000230734,yellow
ENSG00000106803,blanchedalmond
ENSG00000111676,yellow
ENSG00000134013,oldlace
ENSG00000153904,darkorange
ENSG00000063660,whitesmoke
ENSG00000147403,sandybrown
ENSG00000147140,whitesmoke
ENSG00000108107,sandybrown
ENSG00000170919,goldenrod
ENSG00000243829,burlywood
ENSG00000122545,lightyellow
ENSG00000167641,whitesmoke
ENSG00000117395,brown
ENSG00000166681,whitesmoke
ENSG00000173692,goldenrod
ENSG00000149357,whitesmoke
ENSG00000253626,yellow
ENSG00000147274,whitesmoke
ENSG00000024422,moccasin
ENSG00000133026,whitesmoke
ENSG00000105971,brown
ENSG00000170961,cornsilk
ENSG00000182492,oldlace
ENSG00000182944,whitesmoke
ENSG00000213593,olive
ENSG00000117984,whitesmoke
ENSG00000134057,brown
ENSG00000144674,burlywood
ENSG00000070423,yellow
ENSG00000118900,whitesmoke
ENSG00000185627,whitesmoke
ENSG00000101745,brown
ENSG00000152601,yellow
ENSG00000054118,darkorange
ENSG00000099783,whitesmoke
ENSG00000074071,whitesmoke
ENSG00000113721,whitesmoke
ENSG00000160310,whitesmoke
ENSG00000101266,whitesmoke
ENSG00000109971,lightsalmon
ENSG00000162704,whitesmoke
ENSG00000047410,lightyellow
ENSG00000100401,whitesmoke
ENSG00000253368,brown
ENSG00000108828,whitesmoke
ENSG00000147955,yellow
ENSG00000170855,whitesmoke
ENSG00000058262,whitesmoke
ENSG00000064393,whitesmoke
ENSG00000091409,seashell
ENSG00000079785,whitesmoke
ENSG00000168785,cornsilk
ENSG00000148229,darkorange
ENSG00000108654,darkorange
ENSG00000126267,darkorange
ENSG00000224877,lawngreen
ENSG00000114867,whitesmoke
ENSG00000136156,whitesmoke
ENSG00000146376,yellow
ENSG00000167863,brown
ENSG00000229119,whitesmoke
ENSG00000143384,whitesmoke
ENSG00000146731,bisque
ENSG00000164754,whitesmoke
ENSG00000136938,whitesmoke
ENSG00000125835,whitesmoke
ENSG00000138668,greenyellow
ENSG00000134884,lightgreen
ENSG00000155506,whitesmoke
ENSG00000164104,whitesmoke
ENSG00000074842,whitesmoke
ENSG00000078369,peachpuff
ENSG00000161203,whitesmoke
ENSG00000114302,whitesmoke
ENSG00000168214,whitesmoke
ENSG00000164054,lightgreen
ENSG00000152234,brown
ENSG00000168685,wheat
ENSG00000125743,salmon
ENSG00000105058,burlywood
ENSG00000163714,burlywood
ENSG00000135829,chocolate
ENSG00000153187,whitesmoke
ENSG00000184640,whitesmoke
ENSG00000138182,brown
ENSG00000153006,brown
ENSG00000108671,whitesmoke
ENSG00000115355,peachpuff
ENSG00000147604,blanchedalmond
ENSG00000197712,whitesmoke
ENSG00000214548,lightgreen
ENSG00000184900,whitesmoke
ENSG00000103994,whitesmoke
ENSG00000169607,bisque
ENSG00000293057,whitesmoke
ENSG00000122861,whitesmoke
ENSG00000041357,brown
ENSG00000078674,whitesmoke
ENSG00000154518,chocolate
ENSG00000166803,chocolate
ENSG00000119655,whitesmoke
ENSG00000104852,whitesmoke
ENSG00000107438,lemonchiffon
ENSG00000115268,sandybrown
ENSG00000116649,whitesmoke
ENSG00000163682,lightsalmon
ENSG00000058272,peachpuff
ENSG00000127922,green
ENSG00000147010,yellow
ENSG00000135698,whitesmoke
ENSG00000158195,whitesmoke
ENSG00000179010,blanchedalmond
ENSG00000042753,yellow
ENSG00000179222,brown
ENSG00000154734,whitesmoke
ENSG00000115306,whitesmoke
ENSG00000229638,brown
ENSG00000290018,yellow
ENSG00000145012,whitesmoke
ENSG00000136824,goldenrod
ENSG00000169895,whitesmoke
ENSG00000196141,whitesmoke
ENSG00000197632,salmon
ENSG00000070081,peachpuff
ENSG00000110700,sandybrown
ENSG00000113712,blanchedalmond
ENSG00000075618,whitesmoke
ENSG00000085224,lightgreen
ENSG00000110917,whitesmoke
ENSG00000182287,whitesmoke
ENSG00000196591,whitesmoke
ENSG00000157916,chocolate
ENSG00000105254,whitesmoke
ENSG00000108344,whitesmoke
ENSG00000129351,whitesmoke
ENSG00000241494,brown
ENSG00000149547,whitesmoke
ENSG00000197324,whitesmoke
ENSG00000070961,yellow
ENSG00000137710,peachpuff
ENSG00000141867,whitesmoke
ENSG00000177156,whitesmoke
ENSG00000188612,whitesmoke
ENSG00000263266,brown
ENSG00000266944,brown
ENSG00000070087,blanchedalmond
ENSG00000111639,salmon
ENSG00000117899,lightgreen
ENSG00000103363,sandybrown
ENSG00000152795,whitesmoke
ENSG00000183287,whitesmoke
ENSG00000128656,whitesmoke
ENSG00000213553,whitesmoke
ENSG00000175416,whitesmoke
ENSG00000126457,whitesmoke
ENSG00000144381,whitesmoke
ENSG00000173221,lightsalmon
ENSG00000067167,whitesmoke
ENSG00000100300,whitesmoke
ENSG00000145425,lightsalmon
ENSG00000013364,lightyellow
ENSG00000143252,chocolate
ENSG00000108946,yellow
ENSG00000197301,whitesmoke
ENSG00000163535,brown
ENSG00000135390,whitesmoke
ENSG00000176619,whitesmoke
ENSG00000112335,whitesmoke
ENSG00000170043,whitesmoke
ENSG00000170955,whitesmoke
ENSG00000126458,darkorange
ENSG00000130635,whitesmoke
ENSG00000020129,brown
ENSG00000113407,whitesmoke
ENSG00000072501,lightgreen
ENSG00000129680,yellow
ENSG00000132424,lightgreen
ENSG00000151366,brown
ENSG00000140612,darkorange
ENSG00000065534,oldlace
ENSG00000079246,darkorange
ENSG00000087365,lightgreen
ENSG00000140374,whitesmoke
ENSG00000172115,brown
ENSG00000011426,saddlebrown
ENSG00000048649,whitesmoke
ENSG00000065000,peachpuff
ENSG00000164294,darkorange
ENSG00000198121,papayawhip
ENSG00000089157,oldlace
ENSG00000133816,saddlebrown
ENSG00000106636,whitesmoke
ENSG00000113758,whitesmoke
ENSG00000171530,whitesmoke
ENSG00000255302,whitesmoke
ENSG00000130726,whitesmoke
ENSG00000136450,burlywood
ENSG00000070814,brown
ENSG00000149480,whitesmoke
ENSG00000161970,salmon
ENSG00000173230,whitesmoke
ENSG00000174780,peachpuff
ENSG00000187498,whitesmoke
ENSG00000170017,whitesmoke
ENSG00000102189,greenyellow
ENSG00000167470,whitesmoke
ENSG00000197879,whitesmoke
ENSG00000198791,whitesmoke
ENSG00000119326,brown
ENSG00000100387,whitesmoke
ENSG00000101224,darkorange
ENSG00000113810,peachpuff
ENSG00000123384,whitesmoke
ENSG00000143621,whitesmoke
ENSG00000146674,whitesmoke
ENSG00000163017,lightyellow
ENSG00000197157,whitesmoke
ENSG00000117592,papayawhip
ENSG00000126698,whitesmoke
ENSG00000164292,lightgreen
ENSG00000113312,goldenrod
ENSG00000123983,whitesmoke
ENSG00000169432,whitesmoke
ENSG00000108774,whitesmoke
ENSG00000134369,whitesmoke
ENSG00000163584,darkolivegreen
ENSG00000171848,moccasin
ENSG00000118181,lightsalmon
ENSG00000101294,whitesmoke
ENSG00000225972,burlywood
ENSG00000130522,lightyellow
ENSG00000005022,seashell
ENSG00000105887,moccasin
ENSG00000104979,moccasin
ENSG00000225921,brown
ENSG00000149948,cornsilk
ENSG00000155254,whitesmoke
ENSG00000115738,yellow
ENSG00000129353,whitesmoke
ENSG00000109099,whitesmoke
ENSG00000110237,whitesmoke
ENSG00000169020,brown
ENSG00000088930,brown
ENSG00000124831,whitesmoke
ENSG00000133216,whitesmoke
ENSG00000124191,whitesmoke
ENSG00000260032,whitesmoke
ENSG00000105220,whitesmoke
ENSG00000128272,tan
ENSG00000198363,salmon
ENSG00000187173,bisque
ENSG00000143774,darkorange
ENSG00000145907,whitesmoke
ENSG00000089063,lightgreen
ENSG00000112655,whitesmoke
ENSG00000215193,whitesmoke
ENSG00000148154,whitesmoke
ENSG00000152492,brown
ENSG00000083312,whitesmoke
ENSG00000108848,whitesmoke
ENSG00000167797,darkorange
ENSG00000067900,peachpuff
ENSG00000134825,whitesmoke
ENSG00000164733,brown
ENSG00000125356,brown
ENSG00000068878,whitesmoke
ENSG00000071626,whitesmoke
ENSG00000060138,whitesmoke
ENSG00000116871,whitesmoke
ENSG00000134186,burlywood
ENSG00000154723,brown
ENSG00000166226,bisque
ENSG00000129083,chocolate
ENSG00000139218,whitesmoke
ENSG00000203875,olive
ENSG00000089006,yellow
ENSG00000100664,goldenrod
ENSG00000142192,peachpuff
ENSG00000161544,whitesmoke
ENSG00000161057,salmon
ENSG00000165283,whitesmoke
ENSG00000125676,whitesmoke
ENSG00000173905,burlywood
ENSG00000226360,brown
ENSG00000095139,blanchedalmond
ENSG00000164985,lightgreen
ENSG00000151893,whitesmoke
ENSG00000105176,whitesmoke
ENSG00000147416,whitesmoke
ENSG00000106261,whitesmoke
ENSG00000173113,blanchedalmond
ENSG00000119681,whitesmoke
ENSG00000198604,brown
ENSG00000088325,whitesmoke
ENSG00000141756,whitesmoke
ENSG00000279225,brown
ENSG00000113643,whitesmoke
ENSG00000072958,whitesmoke
ENSG00000119383,whitesmoke
ENSG00000131051,palegoldenrod
ENSG00000167325,greenyellow
ENSG00000196576,whitesmoke
ENSG00000106263,burlywood
ENSG00000111669,blanchedalmond
ENSG00000131981,papayawhip
ENSG00000168385,saddlebrown
ENSG00000090863,whitesmoke
ENSG00000091640,whitesmoke
ENSG00000119392,whitesmoke
ENSG00000189043,sandybrown
ENSG00000143198,palegoldenrod
ENSG00000180304,whitesmoke
ENSG00000105576,whitesmoke
ENSG00000035862,darkgreen
ENSG00000183255,chocolate
ENSG00000111832,brown
ENSG00000112851,whitesmoke
ENSG00000130826,whitesmoke
ENSG00000157110,whitesmoke
ENSG00000175193,whitesmoke
ENSG00000196923,whitesmoke
ENSG00000228474,sandybrown
ENSG00000146535,whitesmoke
ENSG00000102024,salmon
ENSG00000165732,whitesmoke
ENSG00000121067,whitesmoke
ENSG00000127483,whitesmoke
ENSG00000033867,whitesmoke
ENSG00000049245,oldlace
ENSG00000143878,whitesmoke
ENSG00000049656,whitesmoke
ENSG00000108854,yellow
ENSG00000163479,brown
ENSG00000185651,chocolate
ENSG00000134318,whitesmoke
ENSG00000234797,yellow
ENSG00000077097,whitesmoke
ENSG00000132485,lightgreen
ENSG00000170606,moccasin
ENSG00000114251,lemonchiffon
ENSG00000115415,whitesmoke
ENSG00000222041,whitesmoke
ENSG00000127603,whitesmoke
ENSG00000154096,darkorange
ENSG00000077782,whitesmoke
ENSG00000117411,whitesmoke
ENSG00000144283,whitesmoke
ENSG00000196535,whitesmoke
ENSG00000125520,lemonchiffon
ENSG00000170275,darkorange
ENSG00000111775,brown
ENSG00000130816,whitesmoke
ENSG00000228300,whitesmoke
ENSG00000017797,whitesmoke
ENSG00000102317,ivory
ENSG00000104408,gold
ENSG00000166949,whitesmoke
ENSG00000167468,lightyellow
ENSG00000178741,salmon
ENSG00000180340,whitesmoke
ENSG00000102119,whitesmoke
ENSG00000111186,lawngreen
ENSG00000130164,whitesmoke
ENSG00000159202,whitesmoke
ENSG00000003436,seashell
ENSG00000136153,yellow
ENSG00000150459,darkorange
ENSG00000167081,whitesmoke
ENSG00000092108,lawngreen
ENSG00000103342,whitesmoke
ENSG00000127946,whitesmoke
ENSG00000164442,lawngreen
ENSG00000100216,whitesmoke
ENSG00000114125,lightsalmon
ENSG00000163527,yellow
ENSG00000050165,lemonchiffon
ENSG00000149136,whitesmoke
ENSG00000185630,whitesmoke
ENSG00000102900,whitesmoke
ENSG00000173141,salmon
ENSG00000183291,salmon
ENSG00000008018,lawngreen
ENSG00000035403,ivory
ENSG00000065308,whitesmoke
ENSG00000139343,gold
ENSG00000169871,brown
ENSG00000136240,blanchedalmond
ENSG00000168066,moccasin
ENSG00000172965,whitesmoke
ENSG00000182158,whitesmoke
ENSG00000242802,yellow
ENSG00000125952,whitesmoke
ENSG00000239524,whitesmoke
ENSG00000153786,whitesmoke
ENSG00000197702,honeydew
ENSG00000215301,chocolate
ENSG00000244754,lightgreen
ENSG00000100280,whitesmoke
ENSG00000139112,whitesmoke
ENSG00000141367,peachpuff
ENSG00000142949,lightgreen
ENSG00000272047,darkorange
ENSG00000025772,yellow
ENSG00000084754,moccasin
ENSG00000087077,wheat
ENSG00000115541,blanchedalmond
ENSG00000152518,whitesmoke
ENSG00000005483,whitesmoke
ENSG00000164713,palegreen
ENSG00000175203,lightgreen
ENSG00000082153,brown
ENSG00000110955,lightsalmon
ENSG00000117298,whitesmoke
ENSG00000119707,palegoldenrod
ENSG00000162407,lightyellow
ENSG00000243147,lightgreen
ENSG00000133639,whitesmoke
ENSG00000138180,whitesmoke
ENSG00000142871,whitesmoke
ENSG00000102054,whitesmoke
ENSG00000107833,whitesmoke
ENSG00000142864,whitesmoke
ENSG00000049323,whitesmoke
ENSG00000060237,lightgreen
ENSG00000091436,yellow
ENSG00000184007,moccasin
ENSG00000163159,chocolate
ENSG00000170860,salmon
ENSG00000172354,whitesmoke
ENSG00000116729,bisque
ENSG00000198860,chocolate
ENSG00000102144,sandybrown
ENSG00000130779,whitesmoke
ENSG00000198959,saddlebrown
ENSG00000092201,whitesmoke
ENSG00000113013,chocolate
ENSG00000143256,chocolate
ENSG00000214748,moccasin
ENSG00000068912,peachpuff
ENSG00000164932,whitesmoke
ENSG00000159692,burlywood
ENSG00000178719,yellow
ENSG00000185112,whitesmoke
ENSG00000265972,whitesmoke
ENSG00000131016,whitesmoke
ENSG00000162434,palegoldenrod
ENSG00000168172,whitesmoke
ENSG00000169180,lemonchiffon
ENSG00000005893,whitesmoke
ENSG00000113387,salmon
ENSG00000171867,salmon
ENSG00000123240,whitesmoke
ENSG00000168476,whitesmoke
ENSG00000204217,whitesmoke
ENSG00000138385,whitesmoke
ENSG00000143612,wheat
ENSG00000075415,lightsalmon
ENSG00000077380,peachpuff
ENSG00000134352,saddlebrown
ENSG00000135919,whitesmoke
ENSG00000165637,salmon
ENSG00000173210,whitesmoke
ENSG00000175063,whitesmoke
ENSG00000010256,whitesmoke
ENSG00000157020,whitesmoke
ENSG00000213853,whitesmoke
ENSG00000241468,tan
ENSG00000241685,salmon
ENSG00000165678,darkorange
ENSG00000184557,whitesmoke
ENSG00000242125,whitesmoke
ENSG00000009413,whitesmoke
ENSG00000110958,saddlebrown
ENSG00000130309,whitesmoke
ENSG00000135486,chocolate
ENSG00000174136,lawngreen
ENSG00000101220,whitesmoke
ENSG00000170540,lightsalmon
ENSG00000189171,brown
ENSG00000116132,brown
ENSG00000146701,whitesmoke
ENSG00000188486,whitesmoke
ENSG00000087470,lightgreen
ENSG00000131174,brown
ENSG00000133059,whitesmoke
ENSG00000136527,greenyellow
ENSG00000165629,wheat
ENSG00000107863,whitesmoke
ENSG00000163453,lemonchiffon
ENSG00000165672,blanchedalmond
ENSG00000174720,burlywood
ENSG00000213237,blanchedalmond
ENSG00000031698,whitesmoke
ENSG00000087274,lawngreen
ENSG00000112739,peachpuff
ENSG00000172428,salmon
ENSG00000078808,whitesmoke
ENSG00000116685,whitesmoke
ENSG00000123200,lightgreen
ENSG00000134440,whitesmoke
ENSG00000138398,peachpuff
ENSG00000148834,bisque
ENSG00000165501,yellow
ENSG00000070010,brown
ENSG00000109390,darkorange
ENSG00000173674,moccasin
ENSG00000186566,whitesmoke
ENSG00000198856,whitesmoke
ENSG00000088833,whitesmoke
ENSG00000140262,whitesmoke
ENSG00000104695,yellow
ENSG00000122729,whitesmoke
ENSG00000181104,lightgreen
ENSG00000189091,yellow
ENSG00000229994,whitesmoke
ENSG00000008282,olive
ENSG00000140391,gold
ENSG00000171246,brown
ENSG00000063245,whitesmoke
ENSG00000109113,whitesmoke
ENSG00000131669,whitesmoke
ENSG00000153113,whitesmoke
ENSG00000100526,darkolivegreen
ENSG00000130176,whitesmoke
ENSG00000147123,gold
ENSG00000169223,whitesmoke
ENSG00000175215,oldlace
ENSG00000179632,whitesmoke
ENSG00000115091,olive
ENSG00000178951,whitesmoke
ENSG00000090686,whitesmoke
ENSG00000114416,whitesmoke
ENSG00000144867,yellow
ENSG00000163110,whitesmoke
ENSG00000177200,whitesmoke
ENSG00000179820,whitesmoke
ENSG00000198931,gold
ENSG00000087302,brown
ENSG00000161547,green
ENSG00000170545,yellow
ENSG00000109736,moccasin
ENSG00000136045,chocolate
ENSG00000173660,salmon
ENSG00000023734,chocolate
ENSG00000087245,ivory
ENSG00000106723,whitesmoke
ENSG00000131467,whitesmoke
ENSG00000175592,salmon
ENSG00000198355,whitesmoke
ENSG00000065613,burlywood
ENSG00000100804,whitesmoke
ENSG00000135723,whitesmoke
ENSG00000143420,yellow
ENSG00000147677,salmon
ENSG00000160007,whitesmoke
ENSG00000137100,brown
ENSG00000173457,lawngreen
ENSG00000014641,whitesmoke
ENSG00000125821,whitesmoke
ENSG00000134108,whitesmoke
ENSG00000061676,blanchedalmond
ENSG00000115641,sandybrown
ENSG00000136193,brown
ENSG00000143222,brown
ENSG00000283041,peachpuff
ENSG00000005884,whitesmoke
ENSG00000135862,whitesmoke
ENSG00000159352,yellow
ENSG00000184076,lightsalmon
ENSG00000113719,whitesmoke
ENSG00000136732,lightgreen
ENSG00000143753,bisque
ENSG00000155115,salmon
ENSG00000135930,whitesmoke
ENSG00000152952,whitesmoke
ENSG00000162783,whitesmoke
ENSG00000214078,moccasin
ENSG00000136448,yellow
ENSG00000144224,seashell
ENSG00000177606,whitesmoke
ENSG00000183087,whitesmoke
ENSG00000189159,bisque
ENSG00000198730,whitesmoke
ENSG00000265241,blanchedalmond
ENSG00000166147,whitesmoke
ENSG00000184743,darkorange
ENSG00000102401,whitesmoke
ENSG00000117632,moccasin
ENSG00000166963,peachpuff
ENSG00000186660,yellow
ENSG00000241837,yellow
ENSG00000100258,chocolate
ENSG00000100815,peachpuff
ENSG00000146540,whitesmoke
ENSG00000163171,peachpuff
ENSG00000166250,brown
ENSG00000104853,whitesmoke
ENSG00000111716,whitesmoke
ENSG00000055211,whitesmoke
ENSG00000130513,whitesmoke
ENSG00000213864,brown
ENSG00000100811,whitesmoke
ENSG00000104325,salmon
ENSG00000114942,lightsalmon
ENSG00000147872,whitesmoke
ENSG00000162613,whitesmoke
ENSG00000214194,green
ENSG00000080345,burlywood
ENSG00000110108,whitesmoke
ENSG00000116044,burlywood
ENSG00000134248,darkorange
ENSG00000136542,lightyellow
ENSG00000138061,lightgreen
ENSG00000228462,whitesmoke
ENSG00000103769,chocolate
ENSG00000127837,whitesmoke
ENSG00000205937,whitesmoke
ENSG00000072952,whitesmoke
ENSG00000101160,whitesmoke
ENSG00000123064,whitesmoke
ENSG00000127540,whitesmoke
ENSG00000167900,moccasin
ENSG00000066044,whitesmoke
ENSG00000101474,sandybrown
ENSG00000132294,yellow
ENSG00000132463,whitesmoke
ENSG00000269893,brown
ENSG00000010278,whitesmoke
ENSG00000078140,whitesmoke
ENSG00000086065,whitesmoke
ENSG00000107372,lemonchiffon
ENSG00000121274,chocolate
ENSG00000163428,yellow
ENSG00000167779,peachpuff
ENSG00000173575,lightgreen
ENSG00000186468,brown
ENSG00000213639,lightgreen
ENSG00000048828,whitesmoke
ENSG00000137409,darkorange
ENSG00000147133,whitesmoke
ENSG00000174807,lightyellow
ENSG00000137267,tan
ENSG00000143013,yellow
ENSG00000143183,gold
ENSG00000004779,bisque
ENSG00000006007,peachpuff
ENSG00000064419,whitesmoke
ENSG00000123136,brown
ENSG00000132780,whitesmoke
ENSG00000154370,yellow
ENSG00000084652,whitesmoke
ENSG00000124486,whitesmoke
ENSG00000125877,whitesmoke
ENSG00000138080,whitesmoke
ENSG00000148730,chocolate
ENSG00000159176,whitesmoke
ENSG00000106829,whitesmoke
ENSG00000168077,yellow
ENSG00000170906,lightyellow
ENSG00000069329,chocolate
ENSG00000144746,whitesmoke
ENSG00000157778,yellow
ENSG00000165915,whitesmoke
ENSG00000166825,chocolate
ENSG00000175573,whitesmoke
ENSG00000005243,darkorange
ENSG00000102882,whitesmoke
ENSG00000168137,whitesmoke
ENSG00000173915,lightsalmon
ENSG00000134153,gold
ENSG00000141985,yellow
ENSG00000145050,whitesmoke
ENSG00000146066,goldenrod
ENSG00000164402,whitesmoke
ENSG00000182004,salmon
ENSG00000214253,whitesmoke
ENSG00000056097,whitesmoke
ENSG00000067082,whitesmoke
ENSG00000075151,whitesmoke
ENSG00000111799,oldlace
ENSG00000129235,brown
ENSG00000253729,whitesmoke
ENSG00000053372,whitesmoke
ENSG00000091039,whitesmoke
ENSG00000091136,lightgreen
ENSG00000107862,blanchedalmond
ENSG00000130332,whitesmoke
ENSG00000134375,darkorange
ENSG00000146223,burlywood
ENSG00000149600,peachpuff
ENSG00000163565,whitesmoke
ENSG00000112514,lemonchiffon
ENSG00000122218,whitesmoke
ENSG00000125991,goldenrod
ENSG00000149485,whitesmoke
ENSG00000198168,cornsilk
ENSG00000106333,lightyellow
ENSG00000128606,bisque
ENSG00000132613,whitesmoke
ENSG00000141349,darkorange
ENSG00000115419,whitesmoke
ENSG00000133657,seashell
ENSG00000175455,lightgreen
ENSG00000091527,darkorange
ENSG00000147526,whitesmoke
ENSG00000160551,whitesmoke
ENSG00000162244,sandybrown
ENSG00000164182,whitesmoke
ENSG00000166595,chocolate
ENSG00000099250,goldenrod
ENSG00000109685,whitesmoke
ENSG00000115762,ivory
ENSG00000127445,yellow
ENSG00000135624,whitesmoke
ENSG00000154582,salmon
ENSG00000108010,salmon
ENSG00000131871,yellow
ENSG00000176697,whitesmoke
ENSG00000100142,yellow
ENSG00000128228,whitesmoke
ENSG00000141027,brown
ENSG00000145494,limegreen
ENSG00000169490,blanchedalmond
ENSG00000008083,whitesmoke
ENSG00000073008,whitesmoke
ENSG00000114315,whitesmoke
ENSG00000117450,blanchedalmond
ENSG00000131508,whitesmoke
ENSG00000140836,whitesmoke
ENSG00000156482,blanchedalmond
ENSG00000165916,brown
ENSG00000219023,lightsalmon
ENSG00000124783,whitesmoke
ENSG00000126945,bisque
ENSG00000131462,whitesmoke
ENSG00000135090,whitesmoke
ENSG00000231007,whitesmoke
ENSG00000291105,seashell
ENSG00000065518,ivory
ENSG00000112081,whitesmoke
ENSG00000115875,bisque
ENSG00000138069,lightsalmon
ENSG00000148175,sandybrown
ENSG00000151491,lemonchiffon
ENSG00000160746,lemonchiffon
ENSG00000265491,whitesmoke
ENSG00000065427,bisque
ENSG00000123374,whitesmoke
ENSG00000138760,moccasin
ENSG00000153048,whitesmoke
ENSG00000168003,whitesmoke
ENSG00000221963,whitesmoke
ENSG00000107341,whitesmoke
ENSG00000140497,brown
ENSG00000051128,whitesmoke
ENSG00000094916,yellow
ENSG00000118508,brown
ENSG00000123689,seashell
ENSG00000182809,whitesmoke
ENSG00000197912,blanchedalmond
ENSG00000111906,salmon
ENSG00000122952,chocolate
ENSG00000188895,palegoldenrod
ENSG00000137812,whitesmoke
ENSG00000156802,whitesmoke
ENSG00000198612,chocolate
ENSG00000213585,saddlebrown
ENSG00000038219,peachpuff
ENSG00000049449,papayawhip
ENSG00000102316,whitesmoke
ENSG00000135837,whitesmoke
ENSG00000154229,whitesmoke
ENSG00000180964,yellow
ENSG00000182628,darkorange
ENSG00000029363,whitesmoke
ENSG00000105281,sandybrown
ENSG00000121068,whitesmoke
ENSG00000129245,whitesmoke
ENSG00000143977,blanchedalmond
ENSG00000153827,yellow
ENSG00000173068,whitesmoke
ENSG00000196504,brown
ENSG00000105401,whitesmoke
ENSG00000112118,darkorange
ENSG00000121774,moccasin
ENSG00000155229,burlywood
ENSG00000164741,whitesmoke
ENSG00000167792,lightyellow
ENSG00000198015,brown
ENSG00000085117,lightgreen
ENSG00000104331,whitesmoke
ENSG00000141551,whitesmoke
ENSG00000172534,whitesmoke
ENSG00000178952,whitesmoke
ENSG00000183011,whitesmoke
ENSG00000183963,yellow
ENSG00000224078,whitesmoke
ENSG00000118705,papayawhip
ENSG00000123144,ivory
ENSG00000128641,whitesmoke
ENSG00000129625,bisque
ENSG00000131446,lightgreen
ENSG00000159593,bisque
ENSG00000196419,sandybrown
ENSG00000134308,wheat
ENSG00000136003,peachpuff
ENSG00000164190,whitesmoke
ENSG00000187720,whitesmoke
ENSG00000100393,honeydew
ENSG00000117410,whitesmoke
ENSG00000124570,whitesmoke
ENSG00000129562,ivory
ENSG00000136451,whitesmoke
ENSG00000138107,whitesmoke
ENSG00000166136,whitesmoke
ENSG00000082781,whitesmoke
ENSG00000104321,bisque
ENSG00000105968,whitesmoke
ENSG00000188643,bisque
ENSG00000189320,cornsilk
ENSG00000003756,whitesmoke
ENSG00000170027,whitesmoke
ENSG00000205250,ivory
ENSG00000226243,brown
ENSG00000118762,whitesmoke
ENSG00000134046,gold
ENSG00000134283,whitesmoke
ENSG00000157933,whitesmoke
ENSG00000154978,brown
ENSG00000178209,whitesmoke
ENSG00000198707,cornsilk
ENSG00000166173,wheat
ENSG00000174953,peachpuff
ENSG00000101333,brown
ENSG00000109881,lightyellow
ENSG00000111328,olive
ENSG00000136068,lightgreen
ENSG00000168092,whitesmoke
ENSG00000183648,darkorange
ENSG00000198918,yellow
ENSG00000051620,brown
ENSG00000067182,chocolate
ENSG00000079974,yellow
ENSG00000110330,cornsilk
ENSG00000135111,whitesmoke
ENSG00000186575,whitesmoke
ENSG00000055332,whitesmoke
ENSG00000135372,whitesmoke
ENSG00000157657,whitesmoke
ENSG00000168827,yellow
ENSG00000182180,brown
ENSG00000090857,whitesmoke
ENSG00000103202,peachpuff
ENSG00000104164,whitesmoke
ENSG00000172775,whitesmoke
ENSG00000006042,lawngreen
ENSG00000108528,whitesmoke
ENSG00000125304,whitesmoke
ENSG00000132646,seashell
ENSG00000134668,yellow
ENSG00000142599,whitesmoke
ENSG00000169641,peachpuff
ENSG00000279483,palegoldenrod
ENSG00000011028,whitesmoke
ENSG00000062716,whitesmoke
ENSG00000106268,darkorange
ENSG00000137776,whitesmoke
ENSG00000139318,yellow
ENSG00000143569,whitesmoke
ENSG00000150316,whitesmoke
ENSG00000164114,brown
ENSG00000173418,whitesmoke
ENSG00000175137,whitesmoke
ENSG00000067057,whitesmoke
ENSG00000090266,darkorange
ENSG00000106105,tan
ENSG00000130741,yellow
ENSG00000204941,sandybrown
ENSG00000076513,whitesmoke
ENSG00000099991,whitesmoke
ENSG00000116898,brown
ENSG00000163811,yellow
ENSG00000168894,greenyellow
ENSG00000115866,greenyellow
ENSG00000153250,whitesmoke
ENSG00000188042,whitesmoke
ENSG00000255717,yellow
ENSG00000005007,whitesmoke
ENSG00000100325,whitesmoke
ENSG00000102910,whitesmoke
ENSG00000293060,whitesmoke
ENSG00000100350,whitesmoke
ENSG00000156860,whitesmoke
ENSG00000167397,chocolate
ENSG00000177707,whitesmoke
ENSG00000076043,chocolate
ENSG00000100030,whitesmoke
ENSG00000100644,whitesmoke
ENSG00000162545,whitesmoke
ENSG00000165733,whitesmoke
ENSG00000120738,whitesmoke
ENSG00000163297,darkorange
ENSG00000230590,lightgreen
ENSG00000100650,whitesmoke
ENSG00000137601,limegreen
ENSG00000165410,moccasin
ENSG00000172336,yellow
ENSG00000213625,whitesmoke
ENSG00000213699,whitesmoke
ENSG00000086062,whitesmoke
ENSG00000125818,greenyellow
ENSG00000130724,tan
ENSG00000131507,lightsalmon
ENSG00000148908,brown
ENSG00000166130,darkorange
ENSG00000184990,whitesmoke
ENSG00000005075,whitesmoke
ENSG00000084112,whitesmoke
ENSG00000107959,darkorange
ENSG00000111540,whitesmoke
ENSG00000115756,whitesmoke
ENSG00000159377,wheat
ENSG00000105669,whitesmoke
ENSG00000119729,limegreen
ENSG00000120694,bisque
ENSG00000132383,whitesmoke
ENSG00000151612,whitesmoke
ENSG00000158669,burlywood
ENSG00000171055,whitesmoke
ENSG00000100138,bisque
ENSG00000142507,whitesmoke
ENSG00000165102,whitesmoke
ENSG00000106034,olive
ENSG00000120509,yellow
ENSG00000131435,whitesmoke
ENSG00000136628,moccasin
ENSG00000137177,whitesmoke
ENSG00000137509,peachpuff
ENSG00000156256,lightyellow
ENSG00000156471,yellow
ENSG00000167671,darkorange
ENSG00000174695,wheat
ENSG00000186432,whitesmoke
ENSG00000187735,whitesmoke
ENSG00000079805,whitesmoke
ENSG00000168273,cornsilk
ENSG00000172667,whitesmoke
ENSG00000198682,whitesmoke
ENSG00000109536,brown
ENSG00000139168,whitesmoke
ENSG00000125817,whitesmoke
ENSG00000127463,lightyellow
ENSG00000147669,salmon
ENSG00000180914,goldenrod
ENSG00000022277,greenyellow
ENSG00000064995,lightyellow
ENSG00000093167,burlywood
ENSG00000127914,burlywood
ENSG00000139641,darkorange
ENSG00000185236,whitesmoke
ENSG00000010244,brown
ENSG00000102225,whitesmoke
ENSG00000105568,moccasin
ENSG00000106052,whitesmoke
ENSG00000113369,whitesmoke
ENSG00000113621,tan
ENSG00000214753,whitesmoke
ENSG00000132466,whitesmoke
ENSG00000134697,brown
ENSG00000163840,lawngreen
ENSG00000165476,lightgreen
ENSG00000089327,bisque
ENSG00000101972,yellow
ENSG00000116120,whitesmoke
ENSG00000117139,lightgreen
ENSG00000131876,gold
ENSG00000132153,yellow
ENSG00000134970,cornsilk
ENSG00000243927,brown
ENSG00000086598,moccasin
ENSG00000112312,brown
ENSG00000119048,saddlebrown
ENSG00000139697,burlywood
ENSG00000198700,whitesmoke
ENSG00000062650,whitesmoke
ENSG00000083168,whitesmoke
ENSG00000089280,whitesmoke
ENSG00000135956,lawngreen
ENSG00000155660,whitesmoke
ENSG00000165424,whitesmoke
ENSG00000165458,goldenrod
ENSG00000197457,peachpuff
ENSG00000003402,whitesmoke
ENSG00000100941,lightgreen
ENSG00000109917,darkorange
ENSG00000119318,whitesmoke
ENSG00000129460,lawngreen
ENSG00000130204,darkorange
ENSG00000133110,lightyellow
ENSG00000141279,yellow
ENSG00000143153,yellow
ENSG00000154473,chocolate
ENSG00000158290,whitesmoke
ENSG00000197780,whitesmoke
ENSG00000039123,whitesmoke
ENSG00000087074,darkolivegreen
ENSG00000113368,whitesmoke
ENSG00000125826,lightyellow
ENSG00000151923,chocolate
ENSG00000168807,whitesmoke
ENSG00000170558,whitesmoke
ENSG00000068745,chocolate
ENSG00000101856,wheat
ENSG00000168036,whitesmoke
ENSG00000171566,whitesmoke
ENSG00000239672,wheat
ENSG00000061273,whitesmoke
ENSG00000071242,palegoldenrod
ENSG00000071859,moccasin
ENSG00000106477,lightgreen
ENSG00000108582,limegreen
ENSG00000119403,whitesmoke
ENSG00000130119,whitesmoke
ENSG00000137809,oldlace
ENSG00000152404,brown
ENSG00000160679,lemonchiffon
ENSG00000166741,whitesmoke
ENSG00000171475,whitesmoke
ENSG00000234741,blanchedalmond
ENSG00000265808,honeydew
ENSG00000099331,lightgreen
ENSG00000124562,whitesmoke
ENSG00000135316,moccasin
ENSG00000151239,chocolate
ENSG00000152465,whitesmoke
ENSG00000177565,whitesmoke
ENSG00000054116,whitesmoke
ENSG00000062485,lightsalmon
ENSG00000103642,seashell
ENSG00000138119,whitesmoke
ENSG00000145833,peachpuff
ENSG00000164323,whitesmoke
ENSG00000170242,whitesmoke
ENSG00000074416,peachpuff
ENSG00000089048,peachpuff
ENSG00000090487,darkolivegreen
ENSG00000101161,blanchedalmond
ENSG00000137815,whitesmoke
ENSG00000186577,whitesmoke
ENSG00000189060,whitesmoke
ENSG00000136731,whitesmoke
ENSG00000136950,moccasin
ENSG00000152661,sandybrown
ENSG00000164902,whitesmoke
ENSG00000172590,blanchedalmond
ENSG00000204262,oldlace
ENSG00000205903,lightgreen
ENSG00000099385,whitesmoke
ENSG00000101421,whitesmoke
ENSG00000122068,saddlebrown
ENSG00000126214,whitesmoke
ENSG00000143149,yellow
ENSG00000163960,whitesmoke
ENSG00000168899,papayawhip
ENSG00000209082,whitesmoke
ENSG00000110717,lightsalmon
ENSG00000116161,lightyellow
ENSG00000134690,chocolate
ENSG00000137955,chocolate
ENSG00000154217,bisque
ENSG00000160299,whitesmoke
ENSG00000178982,whitesmoke
ENSG00000197323,burlywood
ENSG00000241553,whitesmoke
ENSG00000086232,wheat
ENSG00000101558,darkorange
ENSG00000114354,brown
ENSG00000115944,chocolate
ENSG00000116584,whitesmoke
ENSG00000132612,chocolate
ENSG00000178464,brown
ENSG00000183779,whitesmoke
ENSG00000198408,whitesmoke
ENSG00000048162,yellow
ENSG00000090273,brown
ENSG00000131873,palegoldenrod
ENSG00000136295,whitesmoke
ENSG00000178691,yellow
ENSG00000179218,whitesmoke
ENSG00000180801,yellow
ENSG00000189057,burlywood
ENSG00000090615,whitesmoke
ENSG00000105894,whitesmoke
ENSG00000111912,whitesmoke
ENSG00000136021,whitesmoke
ENSG00000143811,green
ENSG00000153214,chocolate
ENSG00000196954,blanchedalmond
ENSG00000247627,brown
ENSG00000067066,whitesmoke
ENSG00000084733,whitesmoke
ENSG00000100410,yellow
ENSG00000112977,whitesmoke
ENSG00000114902,lightsalmon
ENSG00000124201,whitesmoke
ENSG00000128524,chocolate
ENSG00000171552,yellow
ENSG00000174307,whitesmoke
ENSG00000197448,lightyellow
ENSG00000203760,salmon
ENSG00000211460,whitesmoke
ENSG00000013297,oldlace
ENSG00000070214,moccasin
ENSG00000097033,chocolate
ENSG00000105397,whitesmoke
ENSG00000116016,seashell
ENSG00000120742,papayawhip
ENSG00000136877,honeydew
ENSG00000138592,yellow
ENSG00000143537,whitesmoke
ENSG00000169905,whitesmoke
ENSG00000073614,burlywood
ENSG00000086061,bisque
ENSG00000100422,tan
ENSG00000100554,chocolate
ENSG00000106367,whitesmoke
ENSG00000112146,chocolate
ENSG00000116191,whitesmoke
ENSG00000128805,whitesmoke
ENSG00000129084,brown
ENSG00000176915,whitesmoke
ENSG00000184232,lightgreen
ENSG00000092148,greenyellow
ENSG00000107290,whitesmoke
ENSG00000137500,brown
ENSG00000185043,gold
ENSG00000196498,whitesmoke
ENSG00000038274,chocolate
ENSG00000066322,yellow
ENSG00000078668,olive
ENSG00000100380,ivory
ENSG00000119596,whitesmoke
ENSG00000121289,lightgreen
ENSG00000131504,yellow
ENSG00000133961,seashell
ENSG00000141582,whitesmoke
ENSG00000163625,whitesmoke
ENSG00000163683,whitesmoke
ENSG00000169021,papayawhip
ENSG00000171490,brown
ENSG00000171865,lightgreen
ENSG00000197982,whitesmoke
ENSG00000023697,palegoldenrod
ENSG00000072042,darkorange
ENSG00000153015,peachpuff
ENSG00000156026,whitesmoke
ENSG00000168710,whitesmoke
ENSG00000197498,brown
ENSG00000008311,whitesmoke
ENSG00000075213,goldenrod
ENSG00000075223,darkolivegreen
ENSG00000099622,whitesmoke
ENSG00000113048,bisque
ENSG00000126391,whitesmoke
ENSG00000136859,seashell
ENSG00000144567,wheat
ENSG00000165416,lightsalmon
ENSG00000181924,chocolate
ENSG00000184661,moccasin
ENSG00000198873,whitesmoke
ENSG00000065357,whitesmoke
ENSG00000138434,yellow
ENSG00000158435,whitesmoke
ENSG00000166165,darkorange
ENSG00000169446,whitesmoke
ENSG00000179271,moccasin
ENSG00000048544,whitesmoke
ENSG00000078618,whitesmoke
ENSG00000108055,burlywood
ENSG00000110107,blanchedalmond
ENSG00000126934,blanchedalmond
ENSG00000140365,lightyellow
ENSG00000144579,whitesmoke
ENSG00000148634,whitesmoke
ENSG00000149923,whitesmoke
ENSG00000159199,whitesmoke
ENSG00000164761,whitesmoke
ENSG00000173726,wheat
ENSG00000178913,moccasin
ENSG00000182963,moccasin
ENSG00000005339,peachpuff
ENSG00000038427,whitesmoke
ENSG00000083444,whitesmoke
ENSG00000099194,whitesmoke
ENSG00000107223,lightyellow
ENSG00000114861,whitesmoke
ENSG00000125746,whitesmoke
ENSG00000162627,whitesmoke
ENSG00000166579,burlywood
ENSG00000168724,yellow
ENSG00000184178,chocolate
ENSG00000044115,lightsalmon
ENSG00000118473,whitesmoke
ENSG00000119402,whitesmoke
ENSG00000135842,whitesmoke
ENSG00000153976,darkolivegreen
ENSG00000164818,whitesmoke
ENSG00000170876,whitesmoke
ENSG00000187555,whitesmoke
ENSG00000006327,whitesmoke
ENSG00000049618,whitesmoke
ENSG00000051108,greenyellow
ENSG00000080608,whitesmoke
ENSG00000113141,ivory
ENSG00000117713,oldlace
ENSG00000120075,whitesmoke
ENSG00000129292,peachpuff
ENSG00000177733,peachpuff
ENSG00000186298,salmon
ENSG00000188243,blanchedalmond
ENSG00000052802,whitesmoke
ENSG00000069011,whitesmoke
ENSG00000099901,whitesmoke
ENSG00000106028,darkorange
ENSG00000139746,whitesmoke
ENSG00000164171,yellow
ENSG00000187079,whitesmoke
ENSG00000015171,whitesmoke
ENSG00000064115,peachpuff
ENSG00000076201,peachpuff
ENSG00000080986,goldenrod
ENSG00000099246,whitesmoke
ENSG00000107957,goldenrod
ENSG00000113811,whitesmoke
ENSG00000134287,whitesmoke
ENSG00000148450,whitesmoke
ENSG00000156587,palegreen
ENSG00000167645,lightyellow
ENSG00000169139,brown
ENSG00000187840,brown
ENSG00000106609,lawngreen
ENSG00000112697,whitesmoke
ENSG00000126773,whitesmoke
ENSG00000139180,whitesmoke
ENSG00000164916,whitesmoke
ENSG00000166326,whitesmoke
ENSG00000266412,lightgreen
ENSG00000068366,ivory
ENSG00000115652,yellow
ENSG00000117543,whitesmoke
ENSG00000127884,yellow
ENSG00000129195,papayawhip
ENSG00000145675,whitesmoke
ENSG00000156928,darkorange
ENSG00000160049,whitesmoke
ENSG00000196510,brown
ENSG00000226084,brown
ENSG00000061936,lightgreen
ENSG00000065268,whitesmoke
ENSG00000100225,yellow
ENSG00000100596,chocolate
ENSG00000105327,whitesmoke
ENSG00000109861,sandybrown
ENSG00000125037,whitesmoke
ENSG00000170348,saddlebrown
ENSG00000173120,whitesmoke
ENSG00000182326,oldlace
ENSG00000011198,whitesmoke
ENSG00000022840,whitesmoke
ENSG00000105821,whitesmoke
ENSG00000130638,brown
ENSG00000137876,moccasin
ENSG00000147454,whitesmoke
ENSG00000174851,whitesmoke
ENSG00000185624,chocolate
ENSG00000197321,whitesmoke
ENSG00000210112,whitesmoke
ENSG00000227462,brown
ENSG00000025293,whitesmoke
ENSG00000038382,whitesmoke
ENSG00000092964,lemonchiffon
ENSG00000106144,whitesmoke
ENSG00000123159,whitesmoke
ENSG00000135940,papayawhip
ENSG00000139684,salmon
ENSG00000148484,chocolate
ENSG00000151835,chocolate
ENSG00000159200,lawngreen
ENSG00000160714,bisque
ENSG00000164022,brown
ENSG00000175348,whitesmoke
ENSG00000119396,whitesmoke
ENSG00000137207,whitesmoke
ENSG00000164484,chocolate
ENSG00000171604,whitesmoke
ENSG00000172500,whitesmoke
ENSG00000188229,lightsalmon
ENSG00000087111,sandybrown
ENSG00000087191,tan
ENSG00000091483,brown
ENSG00000099337,papayawhip
ENSG00000113360,lightgreen
ENSG00000115233,goldenrod
ENSG00000117614,whitesmoke
ENSG00000125686,whitesmoke
ENSG00000139437,lightgreen
ENSG00000159658,whitesmoke
ENSG00000065882,chocolate
ENSG00000085719,yellow
ENSG00000100201,whitesmoke
ENSG00000100403,goldenrod
ENSG00000101557,whitesmoke
ENSG00000112902,whitesmoke
ENSG00000117906,whitesmoke
ENSG00000133872,tan
ENSG00000142002,brown
ENSG00000158747,palegoldenrod
ENSG00000172270,whitesmoke
ENSG00000073792,peachpuff
ENSG00000102898,whitesmoke
ENSG00000115129,brown
ENSG00000128245,greenyellow
ENSG00000168393,ivory
ENSG00000254999,blanchedalmond
ENSG00000103145,lightyellow
ENSG00000111321,whitesmoke
ENSG00000113583,darkolivegreen
ENSG00000138757,moccasin
ENSG00000141456,cornsilk
ENSG00000143870,whitesmoke
ENSG00000147548,papayawhip
ENSG00000165525,peachpuff
ENSG00000168610,whitesmoke
ENSG00000183160,seashell
ENSG00000183495,yellow
ENSG00000183527,brown
ENSG00000041982,chocolate
ENSG00000108604,yellow
ENSG00000135018,yellow
ENSG00000138594,greenyellow
ENSG00000152223,whitesmoke
ENSG00000165671,whitesmoke
ENSG00000169756,blanchedalmond
ENSG00000170004,whitesmoke
ENSG00000172172,yellow
ENSG00000185104,whitesmoke
ENSG00000234456,yellow
ENSG00000006625,darkorange
ENSG00000099804,whitesmoke
ENSG00000129128,whitesmoke
ENSG00000136813,whitesmoke
ENSG00000144815,whitesmoke
ENSG00000166801,lightyellow
ENSG00000225746,whitesmoke
ENSG00000231747,brown
ENSG00000004142,wheat
ENSG00000004961,palegoldenrod
ENSG00000042286,limegreen
ENSG00000090054,whitesmoke
ENSG00000109133,cornsilk
ENSG00000126005,limegreen
ENSG00000135931,whitesmoke
ENSG00000139278,wheat
ENSG00000143368,sandybrown
ENSG00000177119,whitesmoke
ENSG00000080503,whitesmoke
ENSG00000101849,whitesmoke
ENSG00000108179,blanchedalmond
ENSG00000108349,whitesmoke
ENSG00000115806,lawngreen
ENSG00000125482,lightgreen
ENSG00000134910,whitesmoke
ENSG00000140943,whitesmoke
ENSG00000160710,burlywood
ENSG00000161526,whitesmoke
ENSG00000173517,whitesmoke
ENSG00000180957,chocolate
ENSG00000197111,whitesmoke
ENSG00000204381,limegreen
ENSG00000100592,moccasin
ENSG00000103490,whitesmoke
ENSG00000103507,whitesmoke
ENSG00000131437,peachpuff
ENSG00000164896,whitesmoke
ENSG00000169504,blanchedalmond
ENSG00000179295,whitesmoke
ENSG00000134597,brown
ENSG00000173821,whitesmoke
ENSG00000185619,whitesmoke
ENSG00000223496,yellow
ENSG00000244405,whitesmoke
ENSG00000015676,yellow
ENSG00000087087,whitesmoke
ENSG00000141759,whitesmoke
ENSG00000143158,brown
ENSG00000147027,whitesmoke
ENSG00000164983,chocolate
ENSG00000166508,whitesmoke
ENSG00000166833,whitesmoke
ENSG00000105270,whitesmoke
ENSG00000129038,whitesmoke
ENSG00000135535,blanchedalmond
ENSG00000143575,olive
ENSG00000151461,brown
ENSG00000164220,tan
ENSG00000164405,peachpuff
ENSG00000175220,oldlace
ENSG00000178999,chocolate
ENSG00000182481,seashell
ENSG00000198898,gold
ENSG00000007168,peachpuff
ENSG00000100028,papayawhip
ENSG00000116539,whitesmoke
ENSG00000119899,whitesmoke
ENSG00000130254,whitesmoke
ENSG00000175756,whitesmoke
ENSG00000196642,whitesmoke
ENSG00000198843,gold
ENSG00000089154,burlywood
ENSG00000101367,greenyellow
ENSG00000113648,blanchedalmond
ENSG00000119669,lightyellow
ENSG00000142230,oldlace
ENSG00000143799,whitesmoke
ENSG00000145817,darkorange
ENSG00000146007,whitesmoke
ENSG00000164944,darkorange
ENSG00000168497,lightyellow
ENSG00000087586,whitesmoke
ENSG00000112576,brown
ENSG00000130175,yellow
ENSG00000130177,brown
ENSG00000166747,tan
ENSG00000171202,brown
ENSG00000172831,darkorange
ENSG00000198832,papayawhip
ENSG00000039523,whitesmoke
ENSG00000100442,whitesmoke
ENSG00000106355,salmon
ENSG00000111961,palegreen
ENSG00000151465,moccasin
ENSG00000154127,yellow
ENSG00000158161,yellow
ENSG00000168938,whitesmoke
ENSG00000169047,whitesmoke
ENSG00000181061,lightsalmon
ENSG00000197858,whitesmoke
ENSG00000245910,blanchedalmond
ENSG00000004399,whitesmoke
ENSG00000065054,whitesmoke
ENSG00000109534,whitesmoke
ENSG00000126767,darkgreen
ENSG00000129187,blanchedalmond
ENSG00000129534,goldenrod
ENSG00000135047,saddlebrown
ENSG00000162368,chocolate
ENSG00000221978,whitesmoke
ENSG00000023516,whitesmoke
ENSG00000067248,brown
ENSG00000100519,yellow
ENSG00000104805,yellow
ENSG00000120802,whitesmoke
ENSG00000126067,whitesmoke
ENSG00000130827,lawngreen
ENSG00000135677,whitesmoke
ENSG00000183624,whitesmoke
ENSG00000184014,lawngreen
ENSG00000076108,whitesmoke
ENSG00000092203,whitesmoke
ENSG00000103353,lawngreen
ENSG00000111678,whitesmoke
ENSG00000115307,yellow
ENSG00000122591,whitesmoke
ENSG00000129317,whitesmoke
ENSG00000134852,chocolate
ENSG00000176171,whitesmoke
ENSG00000179134,limegreen
ENSG00000184164,tan
ENSG00000242588,whitesmoke
ENSG00000100354,whitesmoke
ENSG00000106682,gold
ENSG00000127920,lightyellow
ENSG00000146247,tan
ENSG00000182544,burlywood
ENSG00000269821,burlywood
ENSG00000047644,whitesmoke
ENSG00000067208,lightgreen
ENSG00000103978,whitesmoke
ENSG00000108861,bisque
ENSG00000113083,darkgreen
ENSG00000120265,bisque
ENSG00000120533,darkolivegreen
ENSG00000122958,chocolate
ENSG00000135048,chocolate
ENSG00000139718,whitesmoke
ENSG00000148334,yellow
ENSG00000161217,burlywood
ENSG00000163029,papayawhip
ENSG00000172939,whitesmoke
ENSG00000103196,saddlebrown
ENSG00000128335,tan
ENSG00000132535,whitesmoke
ENSG00000149636,whitesmoke
ENSG00000157593,moccasin
ENSG00000157637,whitesmoke
ENSG00000157954,whitesmoke
ENSG00000160271,whitesmoke
ENSG00000163902,chocolate
ENSG00000167112,yellow
ENSG00000182197,oldlace
ENSG00000006451,bisque
ENSG00000053254,green
ENSG00000066697,seashell
ENSG00000103241,yellow
ENSG00000104356,whitesmoke
ENSG00000115839,whitesmoke
ENSG00000140350,cornsilk
ENSG00000179933,gold
ENSG00000186591,whitesmoke
ENSG00000187257,burlywood
ENSG00000235776,whitesmoke
ENSG00000006015,whitesmoke
ENSG00000040275,whitesmoke
ENSG00000111642,yellow
ENSG00000118257,lightgreen
ENSG00000119421,whitesmoke
ENSG00000130517,whitesmoke
ENSG00000140937,whitesmoke
ENSG00000141424,whitesmoke
ENSG00000144426,yellow
ENSG00000146282,peachpuff
ENSG00000151327,whitesmoke
ENSG00000171067,darkorange
ENSG00000198160,whitesmoke
ENSG00000118260,whitesmoke
ENSG00000125656,whitesmoke
ENSG00000134874,lightyellow
ENSG00000146648,whitesmoke
ENSG00000152684,brown
ENSG00000153147,whitesmoke
ENSG00000074201,whitesmoke
ENSG00000082641,green
ENSG00000103647,blanchedalmond
ENSG00000108953,whitesmoke
ENSG00000116350,whitesmoke
ENSG00000125351,brown
ENSG00000138593,yellow
ENSG00000138663,darkorange
ENSG00000181026,burlywood
ENSG00000198625,whitesmoke
ENSG00000010610,darkorange
ENSG00000084073,brown
ENSG00000100503,blanchedalmond
ENSG00000102531,yellow
ENSG00000119812,bisque
ENSG00000123505,whitesmoke
ENSG00000134001,darkorange
ENSG00000143228,whitesmoke
ENSG00000169105,brown
ENSG00000172717,whitesmoke
ENSG00000187240,peachpuff
ENSG00000198887,whitesmoke
ENSG00000108468,whitesmoke
ENSG00000110696,whitesmoke
ENSG00000132589,whitesmoke
ENSG00000133687,whitesmoke
ENSG00000135002,yellow
ENSG00000145901,whitesmoke
ENSG00000149187,whitesmoke
ENSG00000153317,saddlebrown
ENSG00000168275,brown
ENSG00000171302,whitesmoke
ENSG00000173546,whitesmoke
ENSG00000174442,yellow
ENSG00000205581,lightsalmon
ENSG00000219274,oldlace
ENSG00000012061,brown
ENSG00000017483,burlywood
ENSG00000104442,whitesmoke
ENSG00000105711,whitesmoke
ENSG00000107819,yellow
ENSG00000111145,yellow
ENSG00000125870,bisque
ENSG00000131828,tan
ENSG00000135250,whitesmoke
ENSG00000137807,salmon
ENSG00000150776,whitesmoke
ENSG00000150779,lightsalmon
ENSG00000204899,bisque
ENSG00000078304,whitesmoke
ENSG00000079332,brown
ENSG00000083937,cornsilk
ENSG00000104611,lightyellow
ENSG00000115524,cornsilk
ENSG00000131148,lightgreen
ENSG00000139921,salmon
ENSG00000143322,whitesmoke
ENSG00000143742,ivory
ENSG00000156642,yellow
ENSG00000162512,whitesmoke
ENSG00000166750,whitesmoke
ENSG00000188647,salmon
ENSG00000235175,lightsalmon
ENSG00000247596,whitesmoke
ENSG00000248333,tan
ENSG00000291080,yellow
ENSG00000072571,wheat
ENSG00000083642,whitesmoke
ENSG00000107731,lawngreen
ENSG00000115241,whitesmoke
ENSG00000143106,salmon
ENSG00000144635,whitesmoke
ENSG00000179041,yellow
ENSG00000182199,whitesmoke
ENSG00000184752,lightsalmon
ENSG00000196781,brown
ENSG00000196935,whitesmoke
ENSG00000105698,whitesmoke
ENSG00000110713,saddlebrown
ENSG00000111252,brown
ENSG00000126787,gold
ENSG00000131238,whitesmoke
ENSG00000142687,whitesmoke
ENSG00000203879,lightgreen
ENSG00000213024,yellow
ENSG00000293352,burlywood
ENSG00000105722,whitesmoke
ENSG00000116209,sandybrown
ENSG00000119969,whitesmoke
ENSG00000123933,whitesmoke
ENSG00000135387,moccasin
ENSG00000139433,darkorange
ENSG00000145147,honeydew
ENSG00000158109,whitesmoke
ENSG00000163754,tan
ENSG00000165813,whitesmoke
ENSG00000168090,honeydew
ENSG00000170266,chocolate
ENSG00000170734,whitesmoke
ENSG00000172586,lightsalmon
ENSG00000175029,whitesmoke
ENSG00000206560,whitesmoke
ENSG00000219222,brown
ENSG00000049239,lawngreen
ENSG00000101132,whitesmoke
ENSG00000102753,whitesmoke
ENSG00000112893,whitesmoke
ENSG00000113649,brown
ENSG00000122034,blanchedalmond
ENSG00000127947,whitesmoke
ENSG00000138160,yellow
ENSG00000139734,whitesmoke
ENSG00000147419,whitesmoke
ENSG00000162599,whitesmoke
ENSG00000168264,whitesmoke
ENSG00000172269,whitesmoke
ENSG00000178567,moccasin
ENSG00000178996,whitesmoke
ENSG00000196656,brown
ENSG00000196704,brown
ENSG00000198113,yellow
ENSG00000265354,brown
ENSG00000008394,wheat
ENSG00000028310,whitesmoke
ENSG00000033050,gold
ENSG00000074603,whitesmoke
ENSG00000101966,gold
ENSG00000106397,whitesmoke
ENSG00000120963,blanchedalmond
ENSG00000124155,whitesmoke
ENSG00000130340,chocolate
ENSG00000144848,brown
ENSG00000163431,whitesmoke
ENSG00000167272,brown
ENSG00000091542,whitesmoke
ENSG00000109111,whitesmoke
ENSG00000115685,gold
ENSG00000141552,wheat
ENSG00000148690,whitesmoke
ENSG00000152332,whitesmoke
ENSG00000157557,whitesmoke
ENSG00000166340,brown
ENSG00000172009,yellow
ENSG00000175582,whitesmoke
ENSG00000178307,yellow
ENSG00000214517,lightyellow
ENSG00000283390,burlywood
ENSG00000110047,whitesmoke
ENSG00000116473,chocolate
ENSG00000132323,whitesmoke
ENSG00000138675,bisque
ENSG00000143476,chocolate
ENSG00000152104,whitesmoke
ENSG00000157978,whitesmoke
ENSG00000167491,lawngreen
ENSG00000197256,whitesmoke
ENSG00000205339,wheat
ENSG00000205726,lightgreen
ENSG00000057757,yellow
ENSG00000067533,chocolate
ENSG00000067955,chocolate
ENSG00000083457,lightgreen
ENSG00000095261,saddlebrown
ENSG00000116237,seashell
ENSG00000117691,sandybrown
ENSG00000118482,whitesmoke
ENSG00000136280,whitesmoke
ENSG00000144591,wheat
ENSG00000146963,whitesmoke
ENSG00000163866,salmon
ENSG00000165609,darkorange
ENSG00000165655,whitesmoke
ENSG00000166233,whitesmoke
ENSG00000182154,saddlebrown
ENSG00000106554,gold
ENSG00000112208,blanchedalmond
ENSG00000115561,whitesmoke
ENSG00000119408,whitesmoke
ENSG00000123178,olive
ENSG00000131013,whitesmoke
ENSG00000133169,whitesmoke
ENSG00000133706,whitesmoke
ENSG00000145354,brown
ENSG00000145730,palegoldenrod
ENSG00000203950,whitesmoke
ENSG00000214160,peachpuff
ENSG00000089248,peachpuff
ENSG00000092820,whitesmoke
ENSG00000105825,seashell
ENSG00000106853,tan
ENSG00000115216,whitesmoke
ENSG00000118689,whitesmoke
ENSG00000120697,whitesmoke
ENSG00000148337,yellow
ENSG00000152700,blanchedalmond
ENSG00000162878,whitesmoke
ENSG00000163832,tan
ENSG00000166068,chocolate
ENSG00000167862,salmon
ENSG00000170468,whitesmoke
ENSG00000171793,whitesmoke
ENSG00000185800,whitesmoke
ENSG00000198792,salmon
ENSG00000077232,whitesmoke
ENSG00000088256,whitesmoke
ENSG00000107758,whitesmoke
ENSG00000118418,brown
ENSG00000124356,whitesmoke
ENSG00000142945,chocolate
ENSG00000144021,goldenrod
ENSG00000163166,lightgreen
ENSG00000166479,whitesmoke
ENSG00000167721,whitesmoke
ENSG00000169857,whitesmoke
ENSG00000178977,whitesmoke
ENSG00000198830,blanchedalmond
ENSG00000100997,moccasin
ENSG00000102241,darkorange
ENSG00000134250,olive
ENSG00000138085,whitesmoke
ENSG00000138777,whitesmoke
ENSG00000140259,yellow
ENSG00000143727,brown
ENSG00000167118,whitesmoke
ENSG00000169217,lightgreen
ENSG00000169439,sandybrown
ENSG00000177889,ivory
ENSG00000196914,whitesmoke
ENSG00000197694,whitesmoke
ENSG00000205356,whitesmoke
ENSG00000206053,lemonchiffon
ENSG00000242265,moccasin
ENSG00000116030,gold
ENSG00000122705,whitesmoke
ENSG00000124193,whitesmoke
ENSG00000126814,gold
ENSG00000128923,wheat
ENSG00000128944,whitesmoke
ENSG00000145782,whitesmoke
ENSG00000151422,whitesmoke
ENSG00000164615,whitesmoke
ENSG00000167005,darkolivegreen
ENSG00000171223,whitesmoke
ENSG00000172638,whitesmoke
ENSG00000177666,whitesmoke
ENSG00000213949,lawngreen
ENSG00000259956,whitesmoke
ENSG00000011007,lawngreen
ENSG00000065154,seashell
ENSG00000099875,moccasin
ENSG00000105202,lemonchiffon
ENSG00000109046,whitesmoke
ENSG00000111707,whitesmoke
ENSG00000113552,whitesmoke
ENSG00000117143,salmon
ENSG00000122417,cornsilk
ENSG00000123485,burlywood
ENSG00000124380,whitesmoke
ENSG00000125651,lightgreen
ENSG00000133612,yellow
ENSG00000137288,lightsalmon
ENSG00000138078,cornsilk
ENSG00000138768,whitesmoke
ENSG00000141429,whitesmoke
ENSG00000144028,whitesmoke
ENSG00000148843,whitesmoke
ENSG00000157483,moccasin
ENSG00000162604,whitesmoke
ENSG00000163660,whitesmoke
ENSG00000163785,whitesmoke
ENSG00000169083,whitesmoke
ENSG00000169679,whitesmoke
ENSG00000171345,whitesmoke
ENSG00000171729,honeydew
ENSG00000173039,whitesmoke
ENSG00000179091,saddlebrown
ENSG00000180817,lightsalmon
ENSG00000185721,moccasin
ENSG00000197594,yellow
ENSG00000198431,chocolate
ENSG00000204843,darkorange
ENSG00000234545,peachpuff
ENSG00000293322,whitesmoke
ENSG00000001461,darkolivegreen
ENSG00000011451,saddlebrown
ENSG00000104218,whitesmoke
ENSG00000108819,whitesmoke
ENSG00000115760,whitesmoke
ENSG00000115970,whitesmoke
ENSG00000126062,tan
ENSG00000131100,honeydew
ENSG00000133884,whitesmoke
ENSG00000134077,lightgreen
ENSG00000136709,yellow
ENSG00000138433,brown
ENSG00000146872,honeydew
ENSG00000147155,brown
ENSG00000163320,salmon
ENSG00000164163,brown
ENSG00000176953,whitesmoke
ENSG00000197601,yellow
ENSG00000244187,whitesmoke
ENSG00000253276,bisque
ENSG00000286259,yellow
ENSG00000023318,lawngreen
ENSG00000055609,whitesmoke
ENSG00000090889,whitesmoke
ENSG00000100219,lawngreen
ENSG00000103175,darkorange
ENSG00000106392,brown
ENSG00000111602,moccasin
ENSG00000113460,tan
ENSG00000125995,whitesmoke
ENSG00000126226,bisque
ENSG00000130382,papayawhip
ENSG00000131724,lemonchiffon
ENSG00000144566,moccasin
ENSG00000146386,cornsilk
ENSG00000174099,whitesmoke
ENSG00000180879,darkorange
ENSG00000182512,bisque
ENSG00000204673,whitesmoke
ENSG00000225528,yellow
ENSG00000241839,whitesmoke
ENSG00000033178,whitesmoke
ENSG00000076928,whitesmoke
ENSG00000091164,darkorange
ENSG00000102038,whitesmoke
ENSG00000106991,whitesmoke
ENSG00000108561,whitesmoke
ENSG00000116717,whitesmoke
ENSG00000117228,whitesmoke
ENSG00000118263,whitesmoke
ENSG00000122642,moccasin
ENSG00000126756,brown
ENSG00000132467,yellow
ENSG00000139233,whitesmoke
ENSG00000153815,whitesmoke
ENSG00000154188,whitesmoke
ENSG00000164291,whitesmoke
ENSG00000165632,peachpuff
ENSG00000167657,greenyellow
ENSG00000170638,whitesmoke
ENSG00000181396,burlywood
ENSG00000185262,whitesmoke
ENSG00000187837,chocolate
ENSG00000198053,honeydew
ENSG00000198356,whitesmoke
ENSG00000204104,whitesmoke
ENSG00000079432,whitesmoke
ENSG00000080823,whitesmoke
ENSG00000091140,blanchedalmond
ENSG00000094975,whitesmoke
ENSG00000102781,whitesmoke
ENSG00000107771,peachpuff
ENSG00000110075,whitesmoke
ENSG00000123091,moccasin
ENSG00000124228,blanchedalmond
ENSG00000156639,whitesmoke
ENSG00000159216,chocolate
ENSG00000160216,whitesmoke
ENSG00000184281,yellow
ENSG00000050748,darkolivegreen
ENSG00000089225,whitesmoke
ENSG00000100603,peachpuff
ENSG00000112531,whitesmoke
ENSG00000119013,salmon
ENSG00000148468,lightgreen
ENSG00000171456,yellow
ENSG00000004455,darkorange
ENSG00000035928,darkolivegreen
ENSG00000075413,whitesmoke
ENSG00000075426,darkgreen
ENSG00000109171,whitesmoke
ENSG00000129515,chocolate
ENSG00000131558,peachpuff
ENSG00000136720,lightsalmon
ENSG00000163558,lawngreen
ENSG00000175390,lemonchiffon
ENSG00000175792,whitesmoke
ENSG00000197894,honeydew
ENSG00000257727,bisque
ENSG00000023041,salmon
ENSG00000097021,blanchedalmond
ENSG00000104067,whitesmoke
ENSG00000105810,whitesmoke
ENSG00000114956,yellow
ENSG00000115368,cornsilk
ENSG00000120254,lightgreen
ENSG00000121022,brown
ENSG00000122140,whitesmoke
ENSG00000125503,whitesmoke
ENSG00000145623,whitesmoke
ENSG00000148672,whitesmoke
ENSG00000153140,whitesmoke
ENSG00000161888,darkorange
ENSG00000169733,yellow
ENSG00000176678,gold
ENSG00000183726,salmon
ENSG00000184897,whitesmoke
ENSG00000196549,whitesmoke
ENSG00000215717,whitesmoke
ENSG00000231721,burlywood
ENSG00000266472,yellow
ENSG00000078269,whitesmoke
ENSG00000106628,honeydew
ENSG00000108021,goldenrod
ENSG00000115364,chocolate
ENSG00000117360,whitesmoke
ENSG00000119541,whitesmoke
ENSG00000136522,cornsilk
ENSG00000138600,whitesmoke
ENSG00000144524,ivory
ENSG00000159423,lightgreen
ENSG00000166135,cornsilk
ENSG00000183283,blanchedalmond
ENSG00000189241,salmon
ENSG00000025796,whitesmoke
ENSG00000047249,chocolate
ENSG00000100813,goldenrod
ENSG00000115170,blanchedalmond
ENSG00000116857,olive
ENSG00000116954,blanchedalmond
ENSG00000128699,peachpuff
ENSG00000137501,whitesmoke
ENSG00000140307,wheat
ENSG00000147650,lawngreen
ENSG00000158863,brown
ENSG00000171421,salmon
ENSG00000172081,whitesmoke
ENSG00000176871,lightgreen
ENSG00000220749,brown
ENSG00000006016,whitesmoke
ENSG00000028528,whitesmoke
ENSG00000049130,yellow
ENSG00000065911,lawngreen
ENSG00000078246,whitesmoke
ENSG00000115204,darkorange
ENSG00000115993,lemonchiffon
ENSG00000116688,bisque
ENSG00000121851,whitesmoke
ENSG00000124357,whitesmoke
ENSG00000128563,lightgreen
ENSG00000133275,burlywood
ENSG00000141580,palegoldenrod
ENSG00000145293,seashell
ENSG00000164172,burlywood
ENSG00000168303,chocolate
ENSG00000169714,brown
ENSG00000172466,whitesmoke
ENSG00000179195,yellow
ENSG00000196396,whitesmoke
ENSG00000256235,brown
ENSG00000096746,darkorange
ENSG00000106484,blanchedalmond
ENSG00000113580,chocolate
ENSG00000115234,lightyellow
ENSG00000118096,blanchedalmond
ENSG00000120896,oldlace
ENSG00000133030,saddlebrown
ENSG00000140367,chocolate
ENSG00000143387,moccasin
ENSG00000154146,whitesmoke
ENSG00000154813,saddlebrown
ENSG00000156531,olive
ENSG00000164975,whitesmoke
ENSG00000165271,palegreen
ENSG00000168002,whitesmoke
ENSG00000172716,chocolate
ENSG00000179431,cornsilk
ENSG00000196937,chocolate
ENSG00000249669,whitesmoke
ENSG00000269888,yellow
ENSG00000011405,whitesmoke
ENSG00000054654,lightgreen
ENSG00000065135,moccasin
ENSG00000065802,wheat
ENSG00000081870,chocolate
ENSG00000100796,moccasin
ENSG00000104738,bisque
ENSG00000112130,whitesmoke
ENSG00000115239,burlywood
ENSG00000120705,lightsalmon
ENSG00000120948,saddlebrown
ENSG00000123975,blanchedalmond
ENSG00000125257,whitesmoke
ENSG00000129518,lightyellow
ENSG00000130640,whitesmoke
ENSG00000143398,brown
ENSG00000144231,whitesmoke
ENSG00000178188,blanchedalmond
ENSG00000185900,whitesmoke
ENSG00000197170,moccasin
ENSG00000205531,whitesmoke
ENSG00000218739,greenyellow
ENSG00000230989,goldenrod
ENSG00000250536,yellow
ENSG00000062194,lightgreen
ENSG00000064102,bisque
ENSG00000067596,whitesmoke
ENSG00000104412,goldenrod
ENSG00000108312,whitesmoke
ENSG00000112078,lawngreen
ENSG00000118363,whitesmoke
ENSG00000123473,whitesmoke
ENSG00000137073,yellow
ENSG00000137504,whitesmoke
ENSG00000143924,whitesmoke
ENSG00000146425,saddlebrown
ENSG00000146729,greenyellow
ENSG00000162517,lawngreen
ENSG00000163541,whitesmoke
ENSG00000164576,burlywood
ENSG00000185022,whitesmoke
ENSG00000196743,yellow
ENSG00000077942,whitesmoke
ENSG00000084090,whitesmoke
ENSG00000085415,lightgreen
ENSG00000101310,yellow
ENSG00000101337,brown
ENSG00000113068,blanchedalmond
ENSG00000114316,darkorange
ENSG00000119777,oldlace
ENSG00000125912,lightgreen
ENSG00000126903,greenyellow
ENSG00000132792,burlywood
ENSG00000132824,whitesmoke
ENSG00000137038,wheat
ENSG00000137193,whitesmoke
ENSG00000170430,whitesmoke
ENSG00000196792,whitesmoke
ENSG00000206418,whitesmoke
ENSG00000069399,whitesmoke
ENSG00000074696,whitesmoke
ENSG00000100591,whitesmoke
ENSG00000103591,whitesmoke
ENSG00000105137,whitesmoke
ENSG00000110031,seashell
ENSG00000122126,darkolivegreen
ENSG00000122966,whitesmoke
ENSG00000140859,whitesmoke
ENSG00000143545,oldlace
ENSG00000154027,brown
ENSG00000155438,yellow
ENSG00000170035,whitesmoke
ENSG00000170248,bisque
ENSG00000170776,whitesmoke
ENSG00000177732,whitesmoke
ENSG00000197930,seashell
ENSG00000211456,whitesmoke
ENSG00000213064,whitesmoke
ENSG00000008256,whitesmoke
ENSG00000058799,brown
ENSG00000072415,yellow
ENSG00000099910,whitesmoke
ENSG00000106460,lawngreen
ENSG00000108510,yellow
ENSG00000112110,ivory
ENSG00000116017,whitesmoke
ENSG00000116478,yellow
ENSG00000117620,whitesmoke
ENSG00000122390,whitesmoke
ENSG00000124222,whitesmoke
ENSG00000124784,lightyellow
ENSG00000126653,peachpuff
ENSG00000133773,brown
ENSG00000144824,lightyellow
ENSG00000151500,whitesmoke
ENSG00000159461,chocolate
ENSG00000160209,whitesmoke
ENSG00000177479,whitesmoke
ENSG00000185963,whitesmoke
ENSG00000197345,brown
ENSG00000006715,whitesmoke
ENSG00000102034,whitesmoke
ENSG00000115350,wheat
ENSG00000136710,darkorange
ENSG00000142546,whitesmoke
ENSG00000144118,whitesmoke
ENSG00000147457,brown
ENSG00000153560,lightsalmon
ENSG00000157259,honeydew
ENSG00000163319,green
ENSG00000167987,whitesmoke
ENSG00000168884,whitesmoke
ENSG00000171681,palegoldenrod
ENSG00000182054,whitesmoke
ENSG00000204574,whitesmoke
ENSG00000013561,chocolate
ENSG00000037474,whitesmoke
ENSG00000072778,whitesmoke
ENSG00000089022,whitesmoke
ENSG00000100297,chocolate
ENSG00000100528,brown
ENSG00000101126,whitesmoke
ENSG00000104872,whitesmoke
ENSG00000108578,cornsilk
ENSG00000112658,whitesmoke
ENSG00000122884,whitesmoke
ENSG00000135870,whitesmoke
ENSG00000137547,papayawhip
ENSG00000157514,whitesmoke
ENSG00000162623,palegoldenrod
ENSG00000165322,whitesmoke
ENSG00000165417,saddlebrown
ENSG00000166311,whitesmoke
ENSG00000168944,whitesmoke
ENSG00000169136,whitesmoke
ENSG00000181588,yellow
ENSG00000206527,blanchedalmond
ENSG00000213341,chocolate
ENSG00000267534,whitesmoke
ENSG00000029153,yellow
ENSG00000072849,lightsalmon
ENSG00000089916,whitesmoke
ENSG00000092978,moccasin
ENSG00000106608,whitesmoke
ENSG00000111667,whitesmoke
ENSG00000124767,wheat
ENSG00000136436,lightyellow
ENSG00000138814,whitesmoke
ENSG00000139329,sandybrown
ENSG00000148925,greenyellow
ENSG00000160563,whitesmoke
ENSG00000166033,lemonchiffon
ENSG00000172262,yellow
ENSG00000182827,whitesmoke
ENSG00000188529,bisque
ENSG00000204842,whitesmoke
ENSG00000228305,salmon
ENSG00000018408,whitesmoke
ENSG00000100417,whitesmoke
ENSG00000105755,whitesmoke
ENSG00000111229,whitesmoke
ENSG00000114019,whitesmoke
ENSG00000114062,peachpuff
ENSG00000114857,lightgreen
ENSG00000119523,whitesmoke
ENSG00000145604,whitesmoke
ENSG00000170779,palegoldenrod
ENSG00000171206,brown
ENSG00000177830,whitesmoke
ENSG00000184216,salmon
ENSG00000023902,whitesmoke
ENSG00000072274,whitesmoke
ENSG00000101057,whitesmoke
ENSG00000106399,tan
ENSG00000112033,chocolate
ENSG00000118985,brown
ENSG00000124098,lawngreen
ENSG00000130158,whitesmoke
ENSG00000133789,whitesmoke
ENSG00000135968,whitesmoke
ENSG00000136802,whitesmoke
ENSG00000138443,whitesmoke
ENSG00000140853,peachpuff
ENSG00000145725,moccasin
ENSG00000157216,whitesmoke
ENSG00000163104,whitesmoke
ENSG00000163605,whitesmoke
ENSG00000168883,whitesmoke
ENSG00000171720,whitesmoke
ENSG00000171914,whitesmoke
ENSG00000173065,limegreen
ENSG00000176101,whitesmoke
ENSG00000183431,whitesmoke
ENSG00000198721,salmon
ENSG00000286219,whitesmoke
ENSG00000027847,chocolate
ENSG00000080573,lightyellow
ENSG00000101216,whitesmoke
ENSG00000102871,burlywood
ENSG00000119280,whitesmoke
ENSG00000124006,lightyellow
ENSG00000127527,whitesmoke
ENSG00000128791,chocolate
ENSG00000129657,whitesmoke
ENSG00000135720,whitesmoke
ENSG00000137941,burlywood
ENSG00000154803,whitesmoke
ENSG00000169925,whitesmoke
ENSG00000185658,lightgreen
ENSG00000188342,salmon
ENSG00000225630,whitesmoke
ENSG00000264364,whitesmoke
ENSG00000095303,darkorange
ENSG00000100888,whitesmoke
ENSG00000107021,darkolivegreen
ENSG00000107937,yellow
ENSG00000109689,papayawhip
ENSG00000111670,whitesmoke
ENSG00000114650,whitesmoke
ENSG00000117118,lightgreen
ENSG00000117505,yellow
ENSG00000121486,whitesmoke
ENSG00000123989,peachpuff
ENSG00000151176,lightsalmon
ENSG00000165688,whitesmoke
ENSG00000171960,whitesmoke
ENSG00000175387,whitesmoke
ENSG00000180198,yellow
ENSG00000185324,whitesmoke
ENSG00000196507,ivory
ENSG00000071967,green
ENSG00000093183,limegreen
ENSG00000095321,whitesmoke
ENSG00000104812,whitesmoke
ENSG00000113328,lightsalmon
ENSG00000116288,lightsalmon
ENSG00000116459,goldenrod
ENSG00000117399,brown
ENSG00000129925,whitesmoke
ENSG00000132842,blanchedalmond
ENSG00000137210,lawngreen
ENSG00000143155,whitesmoke
ENSG00000164574,whitesmoke
ENSG00000164978,oldlace
ENSG00000196363,whitesmoke
ENSG00000197965,yellow
ENSG00000012232,whitesmoke
ENSG00000014123,yellow
ENSG00000049540,goldenrod
ENSG00000073712,whitesmoke
ENSG00000083857,chocolate
ENSG00000087338,whitesmoke
ENSG00000092847,honeydew
ENSG00000106080,whitesmoke
ENSG00000106462,chocolate
ENSG00000109089,chocolate
ENSG00000110442,darkolivegreen
ENSG00000112378,whitesmoke
ENSG00000130520,bisque
ENSG00000134086,whitesmoke
ENSG00000134686,whitesmoke
ENSG00000151131,brown
ENSG00000154310,whitesmoke
ENSG00000156113,papayawhip
ENSG00000163531,goldenrod
ENSG00000167700,whitesmoke
ENSG00000169189,whitesmoke
ENSG00000170871,whitesmoke
ENSG00000172819,darkorange
ENSG00000173436,darkorange
ENSG00000175727,whitesmoke
ENSG00000178904,blanchedalmond
ENSG00000179918,whitesmoke
ENSG00000196199,peachpuff
ENSG00000198162,whitesmoke
ENSG00000198492,darkorange
ENSG00000220130,yellow
ENSG00000042493,whitesmoke
ENSG00000065809,whitesmoke
ENSG00000071282,lemonchiffon
ENSG00000096060,chocolate
ENSG00000101040,saddlebrown
ENSG00000103005,whitesmoke
ENSG00000109332,oldlace
ENSG00000115365,whitesmoke
ENSG00000119471,tan
ENSG00000120129,ivory
ENSG00000127418,whitesmoke
ENSG00000130021,greenyellow
ENSG00000130150,whitesmoke
ENSG00000132581,yellow
ENSG00000140632,blanchedalmond
ENSG00000141699,lawngreen
ENSG00000142910,oldlace
ENSG00000143543,yellow
ENSG00000148399,yellow
ENSG00000154174,whitesmoke
ENSG00000160131,lightyellow
ENSG00000163659,chocolate
ENSG00000163939,whitesmoke
ENSG00000165572,lightgreen
ENSG00000166012,peachpuff
ENSG00000168078,chocolate
ENSG00000168936,whitesmoke
ENSG00000168958,limegreen
ENSG00000179115,whitesmoke
ENSG00000196663,whitesmoke
ENSG00000268388,whitesmoke
ENSG00000022267,tan
ENSG00000035681,whitesmoke
ENSG00000058804,chocolate
ENSG00000100749,cornsilk
ENSG00000109846,sandybrown
ENSG00000117394,darkgreen
ENSG00000120992,cornsilk
ENSG00000124164,whitesmoke
ENSG00000128050,brown
ENSG00000128739,peachpuff
ENSG00000130165,moccasin
ENSG00000133119,whitesmoke
ENSG00000138376,whitesmoke
ENSG00000139687,whitesmoke
ENSG00000142444,burlywood
ENSG00000148180,limegreen
ENSG00000150457,lawngreen
ENSG00000164105,whitesmoke
ENSG00000166526,whitesmoke
ENSG00000166848,whitesmoke
ENSG00000168566,lightgreen
ENSG00000168872,whitesmoke
ENSG00000172340,whitesmoke
ENSG00000198874,yellow
ENSG00000221869,oldlace
ENSG00000274070,saddlebrown
ENSG00000077235,whitesmoke
ENSG00000082516,chocolate
ENSG00000093144,ivory
ENSG00000103855,whitesmoke
ENSG00000123080,wheat
ENSG00000126749,bisque
ENSG00000130202,oldlace
ENSG00000151414,cornsilk
ENSG00000160991,whitesmoke
ENSG00000161202,whitesmoke
ENSG00000163507,goldenrod
ENSG00000164506,whitesmoke
ENSG00000166997,lawngreen
ENSG00000169710,whitesmoke
ENSG00000176463,yellow
ENSG00000189184,sandybrown
ENSG00000189227,whitesmoke
ENSG00000197265,whitesmoke
ENSG00000198586,whitesmoke
ENSG00000240682,whitesmoke
ENSG00000004897,whitesmoke
ENSG00000006534,whitesmoke
ENSG00000013375,brown
ENSG00000054793,lightyellow
ENSG00000085760,whitesmoke
ENSG00000089685,moccasin
ENSG00000105197,whitesmoke
ENSG00000105849,peachpuff
ENSG00000128829,lightyellow
ENSG00000147889,moccasin
ENSG00000151917,chocolate
ENSG00000155393,whitesmoke
ENSG00000160888,palegreen
ENSG00000162961,blanchedalmond
ENSG00000163069,whitesmoke
ENSG00000164134,tan
ENSG00000166902,chocolate
ENSG00000171150,whitesmoke
ENSG00000171992,brown
ENSG00000185608,brown
ENSG00000011295,whitesmoke
ENSG00000103018,saddlebrown
ENSG00000104660,cornsilk
ENSG00000120063,salmon
ENSG00000145685,whitesmoke
ENSG00000147874,yellow
ENSG00000151116,chocolate
ENSG00000169727,whitesmoke
ENSG00000174705,brown
ENSG00000179604,whitesmoke
ENSG00000205683,goldenrod
ENSG00000264522,whitesmoke
ENSG00000065183,limegreen
ENSG00000100100,whitesmoke
ENSG00000101189,brown
ENSG00000108100,whitesmoke
ENSG00000111596,chocolate
ENSG00000116679,whitesmoke
ENSG00000120306,chocolate
ENSG00000121691,chocolate
ENSG00000123131,gold
ENSG00000131966,lawngreen
ENSG00000145386,blanchedalmond
ENSG00000156515,whitesmoke
ENSG00000163798,brown
ENSG00000168175,darkgreen
ENSG00000172985,lightgreen
ENSG00000196586,gold
ENSG00000196611,seashell
ENSG00000253738,whitesmoke
ENSG00000064607,whitesmoke
ENSG00000103326,whitesmoke
ENSG00000104859,lightgreen
ENSG00000112941,whitesmoke
ENSG00000113575,greenyellow
ENSG00000113742,brown
ENSG00000122490,whitesmoke
ENSG00000122707,whitesmoke
ENSG00000128311,whitesmoke
ENSG00000135521,gold
ENSG00000136999,whitesmoke
ENSG00000138413,yellow
ENSG00000143401,whitesmoke
ENSG00000158042,bisque
ENSG00000162341,whitesmoke
ENSG00000164244,whitesmoke
ENSG00000166272,burlywood
ENSG00000167258,whitesmoke
ENSG00000173163,yellow
ENSG00000184220,brown
ENSG00000187051,blanchedalmond
ENSG00000196428,cornsilk
ENSG00000270170,yellow
ENSG00000059804,lawngreen
ENSG00000065150,oldlace
ENSG00000105889,olive
ENSG00000111581,whitesmoke
ENSG00000115540,lemonchiffon
ENSG00000120885,whitesmoke
ENSG00000135899,whitesmoke
ENSG00000137713,brown
ENSG00000143093,whitesmoke
ENSG00000156711,whitesmoke
ENSG00000166073,salmon
ENSG00000170345,palegoldenrod
ENSG00000175216,whitesmoke
ENSG00000233913,whitesmoke
ENSG00000013588,oldlace
ENSG00000052723,blanchedalmond
ENSG00000055044,salmon
ENSG00000076984,whitesmoke
ENSG00000101911,gold
ENSG00000105939,whitesmoke
ENSG00000114982,peachpuff
ENSG00000120314,burlywood
ENSG00000124299,brown
ENSG00000128951,sandybrown
ENSG00000129071,chocolate
ENSG00000135679,whitesmoke
ENSG00000136271,bisque
ENSG00000143797,whitesmoke
ENSG00000144366,whitesmoke
ENSG00000155957,brown
ENSG00000160211,darkorange
ENSG00000163125,moccasin
ENSG00000165487,brown
ENSG00000165512,whitesmoke
ENSG00000168874,yellow
ENSG00000185591,whitesmoke
ENSG00000198677,burlywood
ENSG00000198689,whitesmoke
ENSG00000033627,whitesmoke
ENSG00000037897,whitesmoke
ENSG00000054267,peachpuff
ENSG00000101236,whitesmoke
ENSG00000102384,yellow
ENSG00000107263,whitesmoke
ENSG00000108389,whitesmoke
ENSG00000108592,lightgreen
ENSG00000120686,wheat
ENSG00000120805,whitesmoke
ENSG00000136819,greenyellow
ENSG00000141698,chocolate
ENSG00000143314,yellow
ENSG00000145390,whitesmoke
ENSG00000147573,lightsalmon
ENSG00000151746,whitesmoke
ENSG00000162441,whitesmoke
ENSG00000168283,peachpuff
ENSG00000169764,whitesmoke
ENSG00000172113,yellow
ENSG00000173465,wheat
ENSG00000175701,chocolate
ENSG00000177105,whitesmoke
ENSG00000178950,whitesmoke
ENSG00000182621,whitesmoke
ENSG00000184992,chocolate
ENSG00000072364,whitesmoke
ENSG00000075407,whitesmoke
ENSG00000085982,whitesmoke
ENSG00000090316,wheat
ENSG00000105341,yellow
ENSG00000108523,whitesmoke
ENSG00000121579,salmon
ENSG00000126012,burlywood
ENSG00000140995,brown
ENSG00000142208,whitesmoke
ENSG00000142892,brown
ENSG00000148688,darkorange
ENSG00000151718,whitesmoke
ENSG00000151929,burlywood
ENSG00000156261,lightsalmon
ENSG00000156599,sandybrown
ENSG00000163636,lightsalmon
ENSG00000164087,whitesmoke
ENSG00000164109,blanchedalmond
ENSG00000165219,whitesmoke
ENSG00000165934,peachpuff
ENSG00000168397,whitesmoke
ENSG00000173530,lawngreen
ENSG00000174606,whitesmoke
ENSG00000183684,whitesmoke
ENSG00000186767,whitesmoke
ENSG00000213066,yellow
ENSG00000213281,darkolivegreen
ENSG00000238227,whitesmoke
ENSG00000005302,lightgreen
ENSG00000029725,whitesmoke
ENSG00000061938,whitesmoke
ENSG00000100292,whitesmoke
ENSG00000100307,whitesmoke
ENSG00000111897,moccasin
ENSG00000112742,moccasin
ENSG00000124422,whitesmoke
ENSG00000126705,whitesmoke
ENSG00000133818,lightgreen
ENSG00000136381,chocolate
ENSG00000136718,brown
ENSG00000163933,yellow
ENSG00000165891,chocolate
ENSG00000166295,saddlebrown
ENSG00000168259,whitesmoke
ENSG00000171241,cornsilk
ENSG00000172046,darkolivegreen
ENSG00000172922,ivory
ENSG00000179085,whitesmoke
ENSG00000184787,whitesmoke
ENSG00000196876,lightgreen
ENSG00000204856,blanchedalmond
ENSG00000224411,yellow
ENSG00000008294,lightgreen
ENSG00000079308,whitesmoke
ENSG00000082482,whitesmoke
ENSG00000087502,yellow
ENSG00000090020,whitesmoke
ENSG00000097007,whitesmoke
ENSG00000100211,whitesmoke
ENSG00000105559,whitesmoke
ENSG00000106400,lightsalmon
ENSG00000111269,oldlace
ENSG00000122873,bisque
ENSG00000134644,whitesmoke
ENSG00000136044,whitesmoke
ENSG00000141504,green
ENSG00000143970,lightgreen
ENSG00000155097,ivory
ENSG00000166260,brown
ENSG00000168288,lawngreen
ENSG00000170633,whitesmoke
ENSG00000181722,whitesmoke
ENSG00000186111,goldenrod
ENSG00000221968,whitesmoke
ENSG00000232112,sandybrown
ENSG00000259207,yellow
ENSG00000013374,whitesmoke
ENSG00000044459,whitesmoke
ENSG00000071243,whitesmoke
ENSG00000093000,chocolate
ENSG00000100578,whitesmoke
ENSG00000101346,yellow
ENSG00000101945,wheat
ENSG00000104723,brown
ENSG00000108064,whitesmoke
ENSG00000116353,darkorange
ENSG00000118292,whitesmoke
ENSG00000128510,whitesmoke
ENSG00000131475,burlywood
ENSG00000139354,whitesmoke
ENSG00000141030,greenyellow
ENSG00000145191,lightgreen
ENSG00000164091,chocolate
ENSG00000166908,whitesmoke
ENSG00000167123,whitesmoke
ENSG00000168291,limegreen
ENSG00000170037,whitesmoke
ENSG00000171314,blanchedalmond
ENSG00000173889,whitesmoke
ENSG00000174744,bisque
ENSG00000176261,salmon
ENSG00000181072,whitesmoke
ENSG00000184988,yellow
ENSG00000235582,whitesmoke
ENSG00000007047,whitesmoke
ENSG00000074181,papayawhip
ENSG00000107164,whitesmoke
ENSG00000110906,blanchedalmond
ENSG00000112984,blanchedalmond
ENSG00000116791,yellow
ENSG00000122965,yellow
ENSG00000151552,lawngreen
ENSG00000164031,whitesmoke
ENSG00000166200,brown
ENSG00000172380,wheat
ENSG00000179562,whitesmoke
ENSG00000198498,whitesmoke
ENSG00000213694,goldenrod
ENSG00000221914,peachpuff
ENSG00000243964,whitesmoke
ENSG00000266028,tan
ENSG00000059758,yellow
ENSG00000101412,whitesmoke
ENSG00000101444,blanchedalmond
ENSG00000116984,whitesmoke
ENSG00000119650,saddlebrown
ENSG00000125166,whitesmoke
ENSG00000126453,whitesmoke
ENSG00000144895,green
ENSG00000151012,lime
ENSG00000151388,oldlace
ENSG00000156931,honeydew
ENSG00000160075,brown
ENSG00000166797,whitesmoke
ENSG00000167130,palegoldenrod
ENSG00000170312,blanchedalmond
ENSG00000197467,whitesmoke
ENSG00000197785,yellow
ENSG00000221823,whitesmoke
ENSG00000055483,whitesmoke
ENSG00000076382,brown
ENSG00000099860,whitesmoke
ENSG00000102974,whitesmoke
ENSG00000109445,blanchedalmond
ENSG00000113161,chocolate
ENSG00000113456,whitesmoke
ENSG00000118058,whitesmoke
ENSG00000122482,whitesmoke
ENSG00000128965,whitesmoke
ENSG00000138709,peachpuff
ENSG00000143771,whitesmoke
ENSG00000144677,moccasin
ENSG00000145220,brown
ENSG00000172339,lightgreen
ENSG00000173917,lawngreen
ENSG00000175040,yellow
ENSG00000177192,darkolivegreen
ENSG00000184207,darkolivegreen
ENSG00000184575,whitesmoke
ENSG00000187522,wheat
ENSG00000196652,chocolate
ENSG00000196776,wheat
ENSG00000198301,whitesmoke
ENSG00000198752,whitesmoke
ENSG00000198919,lightyellow
ENSG00000198954,brown
ENSG00000253352,lemonchiffon
ENSG00000056050,yellow
ENSG00000071539,olive
ENSG00000084463,whitesmoke
ENSG00000089053,whitesmoke
ENSG00000114686,lightsalmon
ENSG00000117000,whitesmoke
ENSG00000117525,lemonchiffon
ENSG00000119801,oldlace
ENSG00000125965,seashell
ENSG00000132313,brown
ENSG00000134313,darkolivegreen
ENSG00000139926,whitesmoke
ENSG00000139990,burlywood
ENSG00000153922,peachpuff
ENSG00000160613,whitesmoke
ENSG00000164283,yellow
ENSG00000164305,ivory
ENSG00000164898,whitesmoke
ENSG00000166352,whitesmoke
ENSG00000166974,yellow
ENSG00000179958,ivory
ENSG00000187678,cornsilk
ENSG00000198176,whitesmoke
ENSG00000225733,whitesmoke
ENSG00000248092,chocolate
ENSG00000067798,whitesmoke
ENSG00000072682,palegoldenrod
ENSG00000085365,whitesmoke
ENSG00000086758,whitesmoke
ENSG00000100418,greenyellow
ENSG00000101000,yellow
ENSG00000105677,whitesmoke
ENSG00000106665,whitesmoke
ENSG00000112759,moccasin
ENSG00000114120,whitesmoke
ENSG00000114126,whitesmoke
ENSG00000119004,whitesmoke
ENSG00000130811,brown
ENSG00000132254,darkorange
ENSG00000134222,whitesmoke
ENSG00000138613,whitesmoke
ENSG00000139350,whitesmoke
ENSG00000139618,whitesmoke
ENSG00000144320,yellow
ENSG00000162191,whitesmoke
ENSG00000163608,chocolate
ENSG00000166847,whitesmoke
ENSG00000169288,salmon
ENSG00000173875,whitesmoke
ENSG00000182220,whitesmoke
ENSG00000197757,whitesmoke
ENSG00000203485,whitesmoke
ENSG00000223749,lawngreen
ENSG00000237187,darkolivegreen
ENSG00000255198,yellow
ENSG00000006634,bisque
ENSG00000023608,palegoldenrod
ENSG00000071537,whitesmoke
ENSG00000080493,whitesmoke
ENSG00000083520,lightgreen
ENSG00000100196,saddlebrown
ENSG00000102804,seashell
ENSG00000111711,papayawhip
ENSG00000112773,whitesmoke
ENSG00000113658,whitesmoke
ENSG00000121310,whitesmoke
ENSG00000125398,whitesmoke
ENSG00000136279,ivory
ENSG00000139668,whitesmoke
ENSG00000140526,whitesmoke
ENSG00000143458,whitesmoke
ENSG00000144747,whitesmoke
ENSG00000154832,whitesmoke
ENSG00000157168,whitesmoke
ENSG00000163635,whitesmoke
ENSG00000165169,chocolate
ENSG00000172992,peachpuff
ENSG00000256053,whitesmoke
ENSG00000076248,yellow
ENSG00000088854,whitesmoke
ENSG00000096696,whitesmoke
ENSG00000100014,lemonchiffon
ENSG00000104897,lightyellow
ENSG00000104969,lawngreen
ENSG00000106049,whitesmoke
ENSG00000111450,whitesmoke
ENSG00000114480,cornsilk
ENSG00000115084,papayawhip
ENSG00000115484,sandybrown
ENSG00000121073,chocolate
ENSG00000123066,whitesmoke
ENSG00000125901,oldlace
ENSG00000153774,lawngreen
ENSG00000163918,brown
ENSG00000164961,blanchedalmond
ENSG00000171105,whitesmoke
ENSG00000174306,saddlebrown
ENSG00000214113,yellow
ENSG00000007202,moccasin
ENSG00000072756,burlywood
ENSG00000086102,brown
ENSG00000100029,whitesmoke
ENSG00000100348,yellow
ENSG00000100714,bisque
ENSG00000103035,peachpuff
ENSG00000105854,burlywood
ENSG00000112139,whitesmoke
ENSG00000115761,brown
ENSG00000116698,whitesmoke
ENSG00000123992,lightyellow
ENSG00000125827,lime
ENSG00000134684,darkorange
ENSG00000137106,brown
ENSG00000138356,bisque
ENSG00000138867,whitesmoke
ENSG00000143457,whitesmoke
ENSG00000143653,darkolivegreen
ENSG00000146433,peachpuff
ENSG00000148498,lightsalmon
ENSG00000154678,wheat
ENSG00000159055,lawngreen
ENSG00000159579,lime
ENSG00000165630,whitesmoke
ENSG00000165633,whitesmoke
ENSG00000166004,whitesmoke
ENSG00000173085,yellow
ENSG00000173559,brown
ENSG00000173786,whitesmoke
ENSG00000188186,darkorange
ENSG00000196712,whitesmoke
ENSG00000197182,whitesmoke
ENSG00000010295,lightyellow
ENSG00000013306,moccasin
ENSG00000100296,limegreen
ENSG00000100934,tan
ENSG00000103260,whitesmoke
ENSG00000103502,sandybrown
ENSG00000103540,honeydew
ENSG00000106330,whitesmoke
ENSG00000107949,whitesmoke
ENSG00000109814,moccasin
ENSG00000126432,whitesmoke
ENSG00000132128,blanchedalmond
ENSG00000132635,whitesmoke
ENSG00000133193,lawngreen
ENSG00000136783,darkgreen
ENSG00000138029,darkorange
ENSG00000144451,lightyellow
ENSG00000151779,whitesmoke
ENSG00000152377,saddlebrown
ENSG00000156976,whitesmoke
ENSG00000168411,whitesmoke
ENSG00000170619,lemonchiffon
ENSG00000176946,whitesmoke
ENSG00000019991,moccasin
ENSG00000048707,whitesmoke
ENSG00000072134,whitesmoke
ENSG00000090861,whitesmoke
ENSG00000107566,whitesmoke
ENSG00000108433,yellow
ENSG00000121060,whitesmoke
ENSG00000121361,yellow
ENSG00000127481,whitesmoke
ENSG00000128789,yellow
ENSG00000137478,chocolate
ENSG00000137574,whitesmoke
ENSG00000142279,lightgreen
ENSG00000172725,whitesmoke
ENSG00000182240,whitesmoke
ENSG00000205730,whitesmoke
ENSG00000221890,honeydew
ENSG00000247516,palegreen
ENSG00000263327,burlywood
ENSG00000021762,whitesmoke
ENSG00000075391,yellow
ENSG00000077147,whitesmoke
ENSG00000079257,lightsalmon
ENSG00000103351,burlywood
ENSG00000104341,ivory
ENSG00000106299,blanchedalmond
ENSG00000108061,whitesmoke
ENSG00000114446,honeydew
ENSG00000116005,whitesmoke
ENSG00000120616,whitesmoke
ENSG00000121749,whitesmoke
ENSG00000121766,brown
ENSG00000125347,whitesmoke
ENSG00000127314,bisque
ENSG00000131748,whitesmoke
ENSG00000134371,whitesmoke
ENSG00000135272,cornsilk
ENSG00000138771,peachpuff
ENSG00000142856,whitesmoke
ENSG00000165092,lightyellow
ENSG00000166025,whitesmoke
ENSG00000170775,chocolate
ENSG00000186687,darkorange
ENSG00000188735,whitesmoke
ENSG00000197535,burlywood
ENSG00000215039,peachpuff
ENSG00000223768,lightyellow
ENSG00000232388,brown
ENSG00000279365,blanchedalmond
ENSG00000290032,whitesmoke
ENSG00000019549,whitesmoke
ENSG00000074266,bisque
ENSG00000080819,whitesmoke
ENSG00000101079,whitesmoke
ENSG00000102178,cornsilk
ENSG00000107745,whitesmoke
ENSG00000111011,whitesmoke
ENSG00000113361,lightsalmon
ENSG00000115128,lightsalmon
ENSG00000118939,brown
ENSG00000119917,lightyellow
ENSG00000123213,ivory
ENSG00000123411,whitesmoke
ENSG00000126351,whitesmoke
ENSG00000130396,whitesmoke
ENSG00000134853,whitesmoke
ENSG00000166164,brown
ENSG00000167930,whitesmoke
ENSG00000169967,yellow
ENSG00000170791,brown
ENSG00000171311,brown
ENSG00000177239,lightgreen
ENSG00000180902,lime
ENSG00000182552,darkorange
ENSG00000182872,whitesmoke
ENSG00000183137,peachpuff
ENSG00000186522,ivory
ENSG00000187189,darkgreen
ENSG00000196235,whitesmoke
ENSG00000214063,whitesmoke
ENSG00000214389,lawngreen
ENSG00000038002,whitesmoke
ENSG00000048140,chocolate
ENSG00000100075,whitesmoke
ENSG00000101928,lawngreen
ENSG00000102580,chocolate
ENSG00000104472,whitesmoke
ENSG00000105612,peachpuff
ENSG00000108175,whitesmoke
ENSG00000110315,limegreen
ENSG00000112473,whitesmoke
ENSG00000125386,whitesmoke
ENSG00000127663,whitesmoke
ENSG00000130706,green
ENSG00000130764,whitesmoke
ENSG00000130935,whitesmoke
ENSG00000134882,blanchedalmond
ENSG00000135070,brown
ENSG00000136758,goldenrod
ENSG00000136770,whitesmoke
ENSG00000139726,bisque
ENSG00000141380,seashell
ENSG00000143815,chocolate
ENSG00000156110,bisque
ENSG00000164609,limegreen
ENSG00000166128,lawngreen
ENSG00000166170,lawngreen
ENSG00000175662,darkorange
ENSG00000177888,lime
ENSG00000183955,whitesmoke
ENSG00000189337,whitesmoke
ENSG00000198909,whitesmoke
ENSG00000236444,brown
ENSG00000008513,darkgreen
ENSG00000029993,darkolivegreen
ENSG00000076650,whitesmoke
ENSG00000078687,whitesmoke
ENSG00000099810,yellow
ENSG00000105486,whitesmoke
ENSG00000109919,blanchedalmond
ENSG00000112237,lightyellow
ENSG00000115159,chocolate
ENSG00000115947,brown
ENSG00000119616,bisque
ENSG00000122042,chocolate
ENSG00000128512,chocolate
ENSG00000134982,whitesmoke
ENSG00000138496,lightgreen
ENSG00000138735,whitesmoke
ENSG00000140285,saddlebrown
ENSG00000140983,whitesmoke
ENSG00000145632,whitesmoke
ENSG00000145860,darkolivegreen
ENSG00000149577,whitesmoke
ENSG00000151849,whitesmoke
ENSG00000156990,darkorange
ENSG00000160305,brown
ENSG00000162408,whitesmoke
ENSG00000164023,darkorange
ENSG00000164332,blanchedalmond
ENSG00000166181,green
ENSG00000166888,palegreen
ENSG00000176393,whitesmoke
ENSG00000178057,whitesmoke
ENSG00000181555,whitesmoke
ENSG00000185760,yellow
ENSG00000205981,salmon
ENSG00000239306,lawngreen
ENSG00000254635,palegreen
ENSG00000275052,darkgreen
ENSG00000276043,green
ENSG00000285410,whitesmoke
ENSG00000052841,whitesmoke
ENSG00000065526,whitesmoke
ENSG00000066557,chocolate
ENSG00000069998,lemonchiffon
ENSG00000101974,whitesmoke
ENSG00000102125,lightgreen
ENSG00000103194,whitesmoke
ENSG00000103653,chocolate
ENSG00000114439,whitesmoke
ENSG00000114503,limegreen
ENSG00000119314,yellow
ENSG00000120438,gold
ENSG00000127528,whitesmoke
ENSG00000131844,brown
ENSG00000133142,sandybrown
ENSG00000134897,whitesmoke
ENSG00000136827,saddlebrown
ENSG00000138382,gold
ENSG00000143179,whitesmoke
ENSG00000148737,whitesmoke
ENSG00000155760,whitesmoke
ENSG00000157014,chocolate
ENSG00000160352,whitesmoke
ENSG00000163812,cornsilk
ENSG00000168575,whitesmoke
ENSG00000169118,whitesmoke
ENSG00000179912,whitesmoke
ENSG00000188677,moccasin
ENSG00000198265,whitesmoke
ENSG00000198743,yellow
ENSG00000244462,bisque
ENSG00000021776,burlywood
ENSG00000087053,darkorange
ENSG00000100983,whitesmoke
ENSG00000107625,whitesmoke
ENSG00000128185,limegreen
ENSG00000139842,whitesmoke
ENSG00000146278,whitesmoke
ENSG00000149657,whitesmoke
ENSG00000149716,whitesmoke
ENSG00000155959,seashell
ENSG00000162616,whitesmoke
ENSG00000166503,yellow
ENSG00000168528,whitesmoke
ENSG00000173402,saddlebrown
ENSG00000187147,whitesmoke
ENSG00000198912,whitesmoke
ENSG00000220370,yellow
ENSG00000006282,lightyellow
ENSG00000023287,peachpuff
ENSG00000035141,whitesmoke
ENSG00000060982,bisque
ENSG00000071894,lemonchiffon
ENSG00000085788,blanchedalmond
ENSG00000104368,chocolate
ENSG00000109320,gold
ENSG00000113593,whitesmoke
ENSG00000115145,chocolate
ENSG00000116337,whitesmoke
ENSG00000116906,darkorange
ENSG00000132002,darkolivegreen
ENSG00000133104,yellow
ENSG00000134824,whitesmoke
ENSG00000153936,whitesmoke
ENSG00000154719,seashell
ENSG00000155111,whitesmoke
ENSG00000158545,whitesmoke
ENSG00000163528,oldlace
ENSG00000167969,darkorange
ENSG00000168461,whitesmoke
ENSG00000172053,darkorange
ENSG00000174197,whitesmoke
ENSG00000187688,green
ENSG00000196236,whitesmoke
ENSG00000198171,yellow
ENSG00000198546,greenyellow
ENSG00000204256,tan
ENSG00000205208,whitesmoke
ENSG00000205352,oldlace
ENSG00000017260,saddlebrown
ENSG00000071553,honeydew
ENSG00000074054,whitesmoke
ENSG00000074319,chocolate
ENSG00000081154,greenyellow
ENSG00000101365,blanchedalmond
ENSG00000102893,whitesmoke
ENSG00000107537,tan
ENSG00000107984,salmon
ENSG00000109790,whitesmoke
ENSG00000116198,whitesmoke
ENSG00000116406,whitesmoke
ENSG00000129003,burlywood
ENSG00000130305,brown
ENSG00000138834,whitesmoke
ENSG00000143486,whitesmoke
ENSG00000147202,whitesmoke
ENSG00000149231,burlywood
ENSG00000153201,whitesmoke
ENSG00000154447,whitesmoke
ENSG00000160298,whitesmoke
ENSG00000163510,peachpuff
ENSG00000163814,whitesmoke
ENSG00000164603,whitesmoke
ENSG00000165669,ivory
ENSG00000166394,whitesmoke
ENSG00000167323,whitesmoke
ENSG00000168297,whitesmoke
ENSG00000169554,whitesmoke
ENSG00000171703,whitesmoke
ENSG00000174738,tan
ENSG00000179954,whitesmoke
ENSG00000197563,darkolivegreen
ENSG00000227500,whitesmoke
ENSG00000261801,lawngreen
ENSG00000061337,whitesmoke
ENSG00000067064,brown
ENSG00000069509,whitesmoke
ENSG00000076706,whitesmoke
ENSG00000087448,palegreen
ENSG00000105472,whitesmoke
ENSG00000105520,whitesmoke
ENSG00000116212,yellow
ENSG00000119446,salmon
ENSG00000125834,peachpuff
ENSG00000134748,whitesmoke
ENSG00000136158,cornsilk
ENSG00000136937,limegreen
ENSG00000138688,yellow
ENSG00000141560,lightsalmon
ENSG00000143891,palegoldenrod
ENSG00000156983,whitesmoke
ENSG00000160410,darkorange
ENSG00000162222,palegoldenrod
ENSG00000163162,whitesmoke
ENSG00000172379,palegoldenrod
ENSG00000197798,olive
ENSG00000250317,brown
ENSG00000010404,whitesmoke
ENSG00000052126,whitesmoke
ENSG00000064012,whitesmoke
ENSG00000064313,yellow
ENSG00000072518,whitesmoke
ENSG00000083223,yellow
ENSG00000103111,whitesmoke
ENSG00000105948,whitesmoke
ENSG00000107554,whitesmoke
ENSG00000115020,burlywood
ENSG00000115661,whitesmoke
ENSG00000116786,whitesmoke
ENSG00000119760,burlywood
ENSG00000123908,darkolivegreen
ENSG00000130939,greenyellow
ENSG00000143641,oldlace
ENSG00000144120,whitesmoke
ENSG00000144580,whitesmoke
ENSG00000149311,whitesmoke
ENSG00000151748,whitesmoke
ENSG00000160087,whitesmoke
ENSG00000160293,whitesmoke
ENSG00000163513,seashell
ENSG00000163945,whitesmoke
ENSG00000163956,whitesmoke
ENSG00000164258,lightsalmon
ENSG00000166396,olive
ENSG00000166788,yellow
ENSG00000167535,bisque
ENSG00000167693,lightyellow
ENSG00000167770,whitesmoke
ENSG00000177885,whitesmoke
ENSG00000181830,seashell
ENSG00000182831,olive
ENSG00000196715,darkolivegreen
ENSG00000204138,whitesmoke
ENSG00000213015,moccasin
ENSG00000255399,gold
ENSG00000009335,darkolivegreen
ENSG00000060762,whitesmoke
ENSG00000071564,bisque
ENSG00000075856,honeydew
ENSG00000101109,whitesmoke
ENSG00000106615,ivory
ENSG00000107371,seashell
ENSG00000109066,brown
ENSG00000109775,whitesmoke
ENSG00000112406,peachpuff
ENSG00000117640,brown
ENSG00000119285,lightyellow
ENSG00000136169,whitesmoke
ENSG00000141447,whitesmoke
ENSG00000142327,chocolate
ENSG00000152558,saddlebrown
ENSG00000155876,whitesmoke
ENSG00000162129,blanchedalmond
ENSG00000167461,moccasin
ENSG00000171488,salmon
ENSG00000177169,whitesmoke
ENSG00000177409,brown
ENSG00000181192,whitesmoke
ENSG00000181789,lemonchiffon
ENSG00000183978,wheat
ENSG00000184117,whitesmoke
ENSG00000185950,yellow
ENSG00000241258,whitesmoke
ENSG00000293084,moccasin
ENSG00000049860,gold
ENSG00000075239,palegoldenrod
ENSG00000078043,yellow
ENSG00000084093,bisque
ENSG00000100294,bisque
ENSG00000100991,whitesmoke
ENSG00000102158,darkorange
ENSG00000118873,yellow
ENSG00000132286,darkorange
ENSG00000133858,palegoldenrod
ENSG00000138074,whitesmoke
ENSG00000140092,oldlace
ENSG00000140299,darkolivegreen
ENSG00000143442,whitesmoke
ENSG00000145349,whitesmoke
ENSG00000156970,whitesmoke
ENSG00000158402,chocolate
ENSG00000165661,blanchedalmond
ENSG00000169499,whitesmoke
ENSG00000175854,brown
ENSG00000179335,sandybrown
ENSG00000185215,whitesmoke
ENSG00000185420,bisque
ENSG00000196639,wheat
ENSG00000197461,lawngreen
ENSG00000197603,whitesmoke
ENSG00000250471,whitesmoke
ENSG00000291237,blanchedalmond
ENSG00000004534,whitesmoke
ENSG00000057252,salmon
ENSG00000081791,whitesmoke
ENSG00000087263,whitesmoke
ENSG00000101752,whitesmoke
ENSG00000104885,whitesmoke
ENSG00000107651,whitesmoke
ENSG00000107938,whitesmoke
ENSG00000117868,olive
ENSG00000135414,peachpuff
ENSG00000138698,whitesmoke
ENSG00000167543,whitesmoke
ENSG00000171204,blanchedalmond
ENSG00000174917,saddlebrown
ENSG00000176087,whitesmoke
ENSG00000180488,whitesmoke
ENSG00000214046,seashell
ENSG00000257621,whitesmoke
ENSG00000269958,whitesmoke
ENSG00000004478,wheat
ENSG00000008324,whitesmoke
ENSG00000031081,whitesmoke
ENSG00000031823,whitesmoke
ENSG00000035687,whitesmoke
ENSG00000055917,yellow
ENSG00000088205,peachpuff
ENSG00000088367,burlywood
ENSG00000092445,burlywood
ENSG00000103066,yellow
ENSG00000104679,lightyellow
ENSG00000105953,papayawhip
ENSG00000106605,darkorange
ENSG00000114346,lightgreen
ENSG00000122484,whitesmoke
ENSG00000127616,honeydew
ENSG00000127804,whitesmoke
ENSG00000131732,chocolate
ENSG00000133028,burlywood
ENSG00000134056,palegreen
ENSG00000135269,whitesmoke
ENSG00000141959,wheat
ENSG00000145916,darkorange
ENSG00000146063,whitesmoke
ENSG00000150630,seashell
ENSG00000150787,chocolate
ENSG00000152133,whitesmoke
ENSG00000155363,whitesmoke
ENSG00000158470,lemonchiffon
ENSG00000165233,saddlebrown
ENSG00000166224,whitesmoke
ENSG00000171033,lawngreen
ENSG00000175906,whitesmoke
ENSG00000177485,whitesmoke
ENSG00000242247,tan
ENSG00000247077,darkolivegreen
ENSG00000010292,whitesmoke
ENSG00000070367,salmon
ENSG00000075420,whitesmoke
ENSG00000079102,whitesmoke
ENSG00000092010,burlywood
ENSG00000105223,whitesmoke
ENSG00000111640,sandybrown
ENSG00000112578,darkolivegreen
ENSG00000115163,chocolate
ENSG00000118496,yellow
ENSG00000120800,whitesmoke
ENSG00000122033,whitesmoke
ENSG00000123106,brown
ENSG00000123179,salmon
ENSG00000124226,limegreen
ENSG00000125970,darkorange
ENSG00000133265,blanchedalmond
ENSG00000136205,oldlace
ENSG00000137845,lightyellow
ENSG00000140931,chocolate
ENSG00000142634,whitesmoke
ENSG00000144659,gold
ENSG00000146918,whitesmoke
ENSG00000149218,darkorange
ENSG00000159399,olive
ENSG00000160957,whitesmoke
ENSG00000163946,moccasin
ENSG00000169692,yellow
ENSG00000171425,lightgreen
ENSG00000172086,olive
ENSG00000172403,lightyellow
ENSG00000173950,whitesmoke
ENSG00000184226,brown
ENSG00000185697,peachpuff
ENSG00000186812,whitesmoke
ENSG00000197355,moccasin
ENSG00000198026,whitesmoke
ENSG00000205659,whitesmoke
ENSG00000274523,moccasin
ENSG00000006744,peachpuff
ENSG00000013583,lemonchiffon
ENSG00000020426,lawngreen
ENSG00000028203,whitesmoke
ENSG00000065923,whitesmoke
ENSG00000079999,whitesmoke
ENSG00000086827,whitesmoke
ENSG00000102393,brown
ENSG00000103197,whitesmoke
ENSG00000106603,lightsalmon
ENSG00000107338,moccasin
ENSG00000111237,blanchedalmond
ENSG00000111371,yellow
ENSG00000113282,whitesmoke
ENSG00000115816,lightgreen
ENSG00000115977,whitesmoke
ENSG00000118217,whitesmoke
ENSG00000122862,moccasin
ENSG00000122912,palegreen
ENSG00000123472,darkorange
ENSG00000124496,lawngreen
ENSG00000134996,yellow
ENSG00000135597,blanchedalmond
ENSG00000136104,oldlace
ENSG00000140564,whitesmoke
ENSG00000157837,whitesmoke
ENSG00000159069,whitesmoke
ENSG00000159147,yellow
ENSG00000161904,whitesmoke
ENSG00000164815,lime
ENSG00000167985,yellow
ENSG00000173598,papayawhip
ENSG00000184887,whitesmoke
ENSG00000185532,whitesmoke
ENSG00000186480,whitesmoke
ENSG00000188636,lightgreen
ENSG00000196323,lightgreen
ENSG00000197771,wheat
ENSG00000206538,whitesmoke
ENSG00000228716,darkorange
ENSG00000241127,oldlace
ENSG00000260027,darkorange
ENSG00000003393,lawngreen
ENSG00000010810,whitesmoke
ENSG00000055950,yellow
ENSG00000063587,whitesmoke
ENSG00000083896,limegreen
ENSG00000089195,whitesmoke
ENSG00000089289,blanchedalmond
ENSG00000099904,whitesmoke
ENSG00000104142,yellow
ENSG00000104866,whitesmoke
ENSG00000114978,saddlebrown
ENSG00000114999,brown
ENSG00000115514,blanchedalmond
ENSG00000123143,chocolate
ENSG00000125484,whitesmoke
ENSG00000126261,whitesmoke
ENSG00000126461,whitesmoke
ENSG00000130449,whitesmoke
ENSG00000130731,whitesmoke
ENSG00000134265,goldenrod
ENSG00000134744,whitesmoke
ENSG00000135052,whitesmoke
ENSG00000137573,lightyellow
ENSG00000140105,limegreen
ENSG00000142227,wheat
ENSG00000142552,lightyellow
ENSG00000143320,whitesmoke
ENSG00000167699,lawngreen
ENSG00000168101,lime
ENSG00000174938,whitesmoke
ENSG00000175414,chocolate
ENSG00000196214,whitesmoke
ENSG00000197063,moccasin
ENSG00000197343,whitesmoke
ENSG00000198225,whitesmoke
ENSG00000198833,bisque
ENSG00000230076,tan
ENSG00000242512,whitesmoke
ENSG00000279078,darkolivegreen
ENSG00000010322,palegoldenrod
ENSG00000065243,darkolivegreen
ENSG00000090013,peachpuff
ENSG00000091592,darkolivegreen
ENSG00000095564,oldlace
ENSG00000095752,salmon
ENSG00000100865,yellow
ENSG00000101782,whitesmoke
ENSG00000103365,burlywood
ENSG00000108691,darkgreen
ENSG00000109787,whitesmoke
ENSG00000111276,peachpuff
ENSG00000118200,whitesmoke
ENSG00000120688,lightyellow
ENSG00000121152,whitesmoke
ENSG00000121775,blanchedalmond
ENSG00000133313,whitesmoke
ENSG00000133704,whitesmoke
ENSG00000138138,lightgreen
ENSG00000139974,whitesmoke
ENSG00000149115,whitesmoke
ENSG00000149260,whitesmoke
ENSG00000149932,brown
ENSG00000156603,whitesmoke
ENSG00000165392,whitesmoke
ENSG00000166167,whitesmoke
ENSG00000175352,whitesmoke
ENSG00000177374,whitesmoke
ENSG00000180530,whitesmoke
ENSG00000183617,whitesmoke
ENSG00000185728,whitesmoke
ENSG00000187231,lawngreen
ENSG00000197961,whitesmoke
ENSG00000198483,greenyellow
ENSG00000198646,whitesmoke
ENSG00000198876,cornsilk
ENSG00000245937,moccasin
ENSG00000267279,salmon
ENSG00000066629,brown
ENSG00000068724,lightgreen
ENSG00000082701,whitesmoke
ENSG00000099797,lemonchiffon
ENSG00000107130,whitesmoke
ENSG00000109920,whitesmoke
ENSG00000110318,lightgreen
ENSG00000112701,whitesmoke
ENSG00000112983,brown
ENSG00000112992,chocolate
ENSG00000115808,palegoldenrod
ENSG00000116670,lawngreen
ENSG00000117335,whitesmoke
ENSG00000123737,olive
ENSG00000125378,lemonchiffon
ENSG00000125875,whitesmoke
ENSG00000130714,honeydew
ENSG00000132670,lightgreen
ENSG00000132823,darkolivegreen
ENSG00000135451,whitesmoke
ENSG00000137522,whitesmoke
ENSG00000143374,whitesmoke
ENSG00000149084,brown
ENSG00000149532,blanchedalmond
ENSG00000160570,salmon
ENSG00000163161,whitesmoke
ENSG00000164209,darkorange
ENSG00000174799,darkorange
ENSG00000176542,whitesmoke
ENSG00000183340,whitesmoke
ENSG00000186222,chocolate
ENSG00000186814,chocolate
ENSG00000197451,whitesmoke
ENSG00000289194,whitesmoke
ENSG00000290923,lightgreen
ENSG00000011009,chocolate
ENSG00000014919,darkgreen
ENSG00000055147,salmon
ENSG00000066427,whitesmoke
ENSG00000074755,whitesmoke
ENSG00000075234,saddlebrown
ENSG00000099814,whitesmoke
ENSG00000100083,whitesmoke
ENSG00000103485,whitesmoke
ENSG00000105443,whitesmoke
ENSG00000106348,peachpuff
ENSG00000107890,peachpuff
ENSG00000108588,chocolate
ENSG00000113273,blanchedalmond
ENSG00000115486,peachpuff
ENSG00000122420,whitesmoke
ENSG00000126950,whitesmoke
ENSG00000127666,yellow
ENSG00000131374,whitesmoke
ENSG00000136444,brown
ENSG00000138175,lemonchiffon
ENSG00000138442,yellow
ENSG00000140443,whitesmoke
ENSG00000140718,lightyellow
ENSG00000143740,burlywood
ENSG00000148362,peachpuff
ENSG00000156411,darkorange
ENSG00000157106,lightyellow
ENSG00000159479,bisque
ENSG00000160113,whitesmoke
ENSG00000165650,whitesmoke
ENSG00000169957,lightgreen
ENSG00000174227,bisque
ENSG00000174437,ivory
ENSG00000174989,whitesmoke
ENSG00000180357,whitesmoke
ENSG00000182923,brown
ENSG00000258102,whitesmoke
ENSG00000261221,whitesmoke
ENSG00000011332,whitesmoke
ENSG00000070413,whitesmoke
ENSG00000080802,darkorange
ENSG00000090060,darkorange
ENSG00000099968,whitesmoke
ENSG00000101361,yellow
ENSG00000106266,whitesmoke
ENSG00000110435,lawngreen
ENSG00000112159,lightgreen
ENSG00000117133,darkolivegreen
ENSG00000119487,lawngreen
ENSG00000122257,peachpuff
ENSG00000128534,darkorange
ENSG00000131263,whitesmoke
ENSG00000134717,lawngreen
ENSG00000135457,lemonchiffon
ENSG00000136261,burlywood
ENSG00000136840,whitesmoke
ENSG00000136868,olive
ENSG00000141510,papayawhip
ENSG00000141741,darkorange
ENSG00000147119,brown
ENSG00000147164,saddlebrown
ENSG00000148719,peachpuff
ENSG00000151806,brown
ENSG00000155463,moccasin
ENSG00000160753,whitesmoke
ENSG00000165527,darkorange
ENSG00000173992,whitesmoke
ENSG00000186854,whitesmoke
ENSG00000189306,whitesmoke
ENSG00000288722,darkorange
ENSG00000026103,whitesmoke
ENSG00000065615,limegreen
ENSG00000090971,whitesmoke
ENSG00000099800,whitesmoke
ENSG00000104219,goldenrod
ENSG00000106683,brown
ENSG00000109743,papayawhip
ENSG00000110422,oldlace
ENSG00000118855,lightgreen
ENSG00000118971,lemonchiffon
ENSG00000120727,saddlebrown
ENSG00000129315,yellow
ENSG00000131089,whitesmoke
ENSG00000134779,moccasin
ENSG00000135148,sandybrown
ENSG00000135905,yellow
ENSG00000136504,whitesmoke
ENSG00000136754,limegreen
ENSG00000136816,gold
ENSG00000136986,green
ENSG00000138166,yellow
ENSG00000138279,whitesmoke
ENSG00000139163,blanchedalmond
ENSG00000139291,chocolate
ENSG00000139793,papayawhip
ENSG00000145388,whitesmoke
ENSG00000146457,whitesmoke
ENSG00000149196,brown
ENSG00000154330,darkorange
ENSG00000154767,lightgreen
ENSG00000159164,peachpuff
ENSG00000162702,whitesmoke
ENSG00000166716,whitesmoke
ENSG00000166734,saddlebrown
ENSG00000169221,wheat
ENSG00000170502,whitesmoke
ENSG00000170522,whitesmoke
ENSG00000170525,whitesmoke
ENSG00000172037,lightyellow
ENSG00000180891,whitesmoke
ENSG00000181458,lemonchiffon
ENSG00000186187,whitesmoke
ENSG00000196458,brown
ENSG00000224051,whitesmoke
ENSG00000250519,lightgreen
ENSG00000258890,whitesmoke
ENSG00000085662,saddlebrown
ENSG00000091317,darkolivegreen
ENSG00000094804,bisque
ENSG00000109084,honeydew
ENSG00000119979,whitesmoke
ENSG00000122515,whitesmoke
ENSG00000122741,papayawhip
ENSG00000137216,whitesmoke
ENSG00000141012,peachpuff
ENSG00000144647,cornsilk
ENSG00000145247,wheat
ENSG00000146143,salmon
ENSG00000147601,burlywood
ENSG00000148019,whitesmoke
ENSG00000149269,whitesmoke
ENSG00000149679,whitesmoke
ENSG00000150760,whitesmoke
ENSG00000156469,goldenrod
ENSG00000162607,papayawhip
ENSG00000167196,goldenrod
ENSG00000173545,yellow
ENSG00000174547,tan
ENSG00000174891,whitesmoke
ENSG00000182117,blanchedalmond
ENSG00000185432,goldenrod
ENSG00000186350,ivory
ENSG00000204463,sandybrown
ENSG00000213339,whitesmoke
ENSG00000229807,whitesmoke
ENSG00000276168,lightgreen
ENSG00000029364,moccasin
ENSG00000050393,salmon
ENSG00000051825,whitesmoke
ENSG00000068001,whitesmoke
ENSG00000091947,whitesmoke
ENSG00000095380,bisque
ENSG00000095787,darkorange
ENSG00000100220,honeydew
ENSG00000102081,whitesmoke
ENSG00000103496,whitesmoke
ENSG00000105127,whitesmoke
ENSG00000112039,whitesmoke
ENSG00000117877,whitesmoke
ENSG00000118246,whitesmoke
ENSG00000120333,green
ENSG00000120656,lemonchiffon
ENSG00000120693,whitesmoke
ENSG00000124802,brown
ENSG00000125944,lightyellow
ENSG00000128059,chocolate
ENSG00000130414,whitesmoke
ENSG00000130921,whitesmoke
ENSG00000143319,whitesmoke
ENSG00000146197,yellow
ENSG00000147471,greenyellow
ENSG00000149503,whitesmoke
ENSG00000151466,darkorange
ENSG00000156709,honeydew
ENSG00000163872,lightgreen
ENSG00000167772,chocolate
ENSG00000168268,sandybrown
ENSG00000169359,chocolate
ENSG00000176903,darkolivegreen
ENSG00000177556,bisque
ENSG00000183172,whitesmoke
ENSG00000183520,whitesmoke
ENSG00000197646,wheat
ENSG00000198087,whitesmoke
ENSG00000204120,whitesmoke
ENSG00000204569,whitesmoke
ENSG00000011566,peachpuff
ENSG00000013288,papayawhip
ENSG00000057608,sandybrown
ENSG00000067704,lightsalmon
ENSG00000070495,burlywood
ENSG00000074410,oldlace
ENSG00000091127,seashell
ENSG00000091490,whitesmoke
ENSG00000099624,whitesmoke
ENSG00000099795,whitesmoke
ENSG00000100221,whitesmoke
ENSG00000102181,whitesmoke
ENSG00000104549,palegoldenrod
ENSG00000108406,whitesmoke
ENSG00000108679,papayawhip
ENSG00000113319,whitesmoke
ENSG00000116221,moccasin
ENSG00000124214,whitesmoke
ENSG00000124541,yellow
ENSG00000124733,whitesmoke
ENSG00000128585,whitesmoke
ENSG00000132570,whitesmoke
ENSG00000139324,goldenrod
ENSG00000143353,peachpuff
ENSG00000143793,bisque
ENSG00000145979,whitesmoke
ENSG00000148396,lime
ENSG00000153551,whitesmoke
ENSG00000161558,burlywood
ENSG00000162813,whitesmoke
ENSG00000164403,lawngreen
ENSG00000165156,lightgreen
ENSG00000168701,papayawhip
ENSG00000169398,limegreen
ENSG00000171608,whitesmoke
ENSG00000172766,brown
ENSG00000172830,lightyellow
ENSG00000177981,peachpuff
ENSG00000188786,whitesmoke
ENSG00000196295,lawngreen
ENSG00000198382,yellow
ENSG00000213465,honeydew
ENSG00000069248,ivory
ENSG00000070761,salmon
ENSG00000101825,whitesmoke
ENSG00000104973,whitesmoke
ENSG00000106244,whitesmoke
ENSG00000109670,whitesmoke
ENSG00000111348,brown
ENSG00000112339,blanchedalmond
ENSG00000118961,lightgreen
ENSG00000121879,whitesmoke
ENSG00000126883,whitesmoke
ENSG00000127838,papayawhip
ENSG00000132155,whitesmoke
ENSG00000135164,yellow
ENSG00000136536,whitesmoke
ENSG00000143337,lawngreen
ENSG00000143369,lightyellow
ENSG00000148331,whitesmoke
ENSG00000149548,burlywood
ENSG00000165118,cornsilk
ENSG00000167513,whitesmoke
ENSG00000169814,whitesmoke
ENSG00000174574,whitesmoke
ENSG00000176225,whitesmoke
ENSG00000184428,lawngreen
ENSG00000186141,gold
ENSG00000196411,whitesmoke
ENSG00000198816,yellow
ENSG00000204767,darkorange
ENSG00000214357,whitesmoke
ENSG00000251194,whitesmoke
ENSG00000289472,whitesmoke
ENSG00000014824,brown
ENSG00000033100,whitesmoke
ENSG00000064652,papayawhip
ENSG00000065029,darkolivegreen
ENSG00000076321,whitesmoke
ENSG00000086015,lightgreen
ENSG00000100360,whitesmoke
ENSG00000100379,whitesmoke
ENSG00000105865,brown
ENSG00000106692,burlywood
ENSG00000108384,gold
ENSG00000111057,sandybrown
ENSG00000119718,whitesmoke
ENSG00000121578,lightsalmon
ENSG00000127526,whitesmoke
ENSG00000133131,darkgreen
ENSG00000134504,whitesmoke
ENSG00000136051,whitesmoke
ENSG00000137714,darkorange
ENSG00000138246,lightyellow
ENSG00000140941,lightsalmon
ENSG00000141696,whitesmoke
ENSG00000146909,whitesmoke
ENSG00000159720,blanchedalmond
ENSG00000161677,whitesmoke
ENSG00000161800,sandybrown
ENSG00000164081,saddlebrown
ENSG00000165055,yellow
ENSG00000168924,darkolivegreen
ENSG00000171943,chocolate
ENSG00000174243,darkolivegreen
ENSG00000175048,whitesmoke
ENSG00000187098,darkorange
ENSG00000188554,whitesmoke
ENSG00000198399,palegreen
ENSG00000213523,lightyellow
ENSG00000215712,tan
ENSG00000217128,greenyellow
ENSG00000240230,whitesmoke
ENSG00000243667,whitesmoke
ENSG00000269834,whitesmoke
ENSG00000291152,seashell
ENSG00000000419,chocolate
ENSG00000005020,whitesmoke
ENSG00000011260,salmon
ENSG00000024526,darkorange
ENSG00000052795,whitesmoke
ENSG00000066933,whitesmoke
ENSG00000073417,whitesmoke
ENSG00000080845,bisque
ENSG00000082068,whitesmoke
ENSG00000083099,yellow
ENSG00000085449,whitesmoke
ENSG00000087088,whitesmoke
ENSG00000094880,yellow
ENSG00000108826,bisque
ENSG00000112029,cornsilk
ENSG00000112062,whitesmoke
ENSG00000115649,whitesmoke
ENSG00000116586,whitesmoke
ENSG00000117174,whitesmoke
ENSG00000117616,whitesmoke
ENSG00000120709,whitesmoke
ENSG00000123352,whitesmoke
ENSG00000129493,whitesmoke
ENSG00000130193,whitesmoke
ENSG00000133703,lime
ENSG00000134759,papayawhip
ENSG00000134802,darkorange
ENSG00000137692,whitesmoke
ENSG00000137962,whitesmoke
ENSG00000138640,yellow
ENSG00000148110,olive
ENSG00000149100,seashell
ENSG00000151576,whitesmoke
ENSG00000160058,whitesmoke
ENSG00000161281,lightgreen
ENSG00000165724,blanchedalmond
ENSG00000169604,whitesmoke
ENSG00000169826,olive
ENSG00000170581,lawngreen
ENSG00000171307,bisque
ENSG00000177738,burlywood
ENSG00000180901,whitesmoke
ENSG00000185340,yellow
ENSG00000188419,whitesmoke
ENSG00000204356,moccasin
ENSG00000214612,yellow
ENSG00000244879,blanchedalmond
ENSG00000262814,tan
ENSG00000066136,chocolate
ENSG00000068097,yellow
ENSG00000080815,whitesmoke
ENSG00000091732,wheat
ENSG00000096092,chocolate
ENSG00000100364,whitesmoke
ENSG00000101193,whitesmoke
ENSG00000105419,whitesmoke
ENSG00000105983,lawngreen
ENSG00000107281,goldenrod
ENSG00000107362,whitesmoke
ENSG00000109911,blanchedalmond
ENSG00000109944,brown
ENSG00000110711,yellow
ENSG00000115825,blanchedalmond
ENSG00000116285,bisque
ENSG00000119787,ivory
ENSG00000124151,whitesmoke
ENSG00000131634,moccasin
ENSG00000132386,palegoldenrod
ENSG00000135069,whitesmoke
ENSG00000136108,moccasin
ENSG00000139372,brown
ENSG00000139546,chocolate
ENSG00000144034,ivory
ENSG00000145246,goldenrod
ENSG00000154640,brown
ENSG00000154845,darkolivegreen
ENSG00000157500,whitesmoke
ENSG00000159131,seashell
ENSG00000159322,blanchedalmond
ENSG00000160953,whitesmoke
ENSG00000168495,whitesmoke
ENSG00000169375,whitesmoke
ENSG00000175115,sandybrown
ENSG00000176170,whitesmoke
ENSG00000178105,whitesmoke
ENSG00000001084,chocolate
ENSG00000086200,brown
ENSG00000088448,whitesmoke
ENSG00000095794,olive
ENSG00000099256,chocolate
ENSG00000099917,whitesmoke
ENSG00000100263,lawngreen
ENSG00000100823,whitesmoke
ENSG00000111364,brown
ENSG00000112200,whitesmoke
ENSG00000112419,whitesmoke
ENSG00000112592,chocolate
ENSG00000115504,whitesmoke
ENSG00000116641,whitesmoke
ENSG00000122203,whitesmoke
ENSG00000123643,whitesmoke
ENSG00000125962,whitesmoke
ENSG00000131495,whitesmoke
ENSG00000133812,whitesmoke
ENSG00000133895,whitesmoke
ENSG00000134138,whitesmoke
ENSG00000135974,whitesmoke
ENSG00000136159,bisque
ENSG00000139977,lawngreen
ENSG00000141568,whitesmoke
ENSG00000143157,salmon
ENSG00000144455,whitesmoke
ENSG00000145919,blanchedalmond
ENSG00000149313,ivory
ENSG00000151689,gold
ENSG00000155816,whitesmoke
ENSG00000155827,whitesmoke
ENSG00000164548,whitesmoke
ENSG00000166228,bisque
ENSG00000171148,goldenrod
ENSG00000171843,burlywood
ENSG00000173852,tan
ENSG00000180992,whitesmoke
ENSG00000184838,lemonchiffon
ENSG00000188352,whitesmoke
ENSG00000196368,whitesmoke
ENSG00000198276,whitesmoke
ENSG00000198865,palegreen
ENSG00000220205,whitesmoke
ENSG00000221926,oldlace
ENSG00000234498,yellow
ENSG00000048991,peachpuff
ENSG00000077254,oldlace
ENSG00000082898,whitesmoke
ENSG00000085998,darkorange
ENSG00000100281,yellow
ENSG00000100731,whitesmoke
ENSG00000103257,whitesmoke
ENSG00000109606,ivory
ENSG00000116962,wheat
ENSG00000117475,brown
ENSG00000118402,yellow
ENSG00000119138,whitesmoke
ENSG00000120647,whitesmoke
ENSG00000120675,bisque
ENSG00000124786,whitesmoke
ENSG00000130313,lightyellow
ENSG00000133731,whitesmoke
ENSG00000135900,brown
ENSG00000137074,lightyellow
ENSG00000139496,whitesmoke
ENSG00000143889,salmon
ENSG00000151729,brown
ENSG00000155975,yellow
ENSG00000160124,seashell
ENSG00000163964,saddlebrown
ENSG00000164062,whitesmoke
ENSG00000166889,goldenrod
ENSG00000167977,wheat
ENSG00000173327,whitesmoke
ENSG00000175376,olive
ENSG00000184432,whitesmoke
ENSG00000188690,bisque
ENSG00000197724,whitesmoke
ENSG00000198740,whitesmoke
ENSG00000204514,yellow
ENSG00000005810,whitesmoke
ENSG00000010818,saddlebrown
ENSG00000018189,whitesmoke
ENSG00000028116,whitesmoke
ENSG00000041880,whitesmoke
ENSG00000054148,palegoldenrod
ENSG00000063046,blanchedalmond
ENSG00000066117,chocolate
ENSG00000066777,whitesmoke
ENSG00000069345,whitesmoke
ENSG00000077312,whitesmoke
ENSG00000078061,lawngreen
ENSG00000080371,darkorange
ENSG00000095485,peachpuff
ENSG00000102471,bisque
ENSG00000104714,whitesmoke
ENSG00000106346,tan
ENSG00000106785,whitesmoke
ENSG00000111481,moccasin
ENSG00000116251,sandybrown
ENSG00000117114,whitesmoke
ENSG00000118193,wheat
ENSG00000119041,brown
ENSG00000123545,seashell
ENSG00000133121,saddlebrown
ENSG00000135972,brown
ENSG00000136478,salmon
ENSG00000140848,whitesmoke
ENSG00000147854,whitesmoke
ENSG00000158604,darkolivegreen
ENSG00000170889,papayawhip
ENSG00000171617,blanchedalmond
ENSG00000174165,whitesmoke
ENSG00000196290,whitesmoke
ENSG00000197496,whitesmoke
ENSG00000204525,lightgreen
ENSG00000232533,cornsilk
ENSG00000235106,darkgreen
ENSG00000025156,whitesmoke
ENSG00000066135,blanchedalmond
ENSG00000081307,lightyellow
ENSG00000092470,chocolate
ENSG00000099995,whitesmoke
ENSG00000100284,ivory
ENSG00000102030,papayawhip
ENSG00000105723,moccasin
ENSG00000107951,moccasin
ENSG00000112308,lawngreen
ENSG00000113300,lemonchiffon
ENSG00000115380,lightyellow
ENSG00000124571,peachpuff
ENSG00000124782,lime
ENSG00000132361,whitesmoke
ENSG00000133195,whitesmoke
ENSG00000134324,whitesmoke
ENSG00000134954,whitesmoke
ENSG00000135336,brown
ENSG00000135541,palegreen
ENSG00000138448,palegreen
ENSG00000139636,whitesmoke
ENSG00000141076,seashell
ENSG00000143033,chocolate
ENSG00000143499,seashell
ENSG00000151348,brown
ENSG00000151458,lawngreen
ENSG00000157600,whitesmoke
ENSG00000157741,whitesmoke
ENSG00000162521,lightgreen
ENSG00000163882,peachpuff
ENSG00000164970,whitesmoke
ENSG00000166263,seashell
ENSG00000166887,papayawhip
ENSG00000173193,whitesmoke
ENSG00000174013,darkolivegreen
ENSG00000180185,blanchedalmond
ENSG00000186010,yellow
ENSG00000187741,whitesmoke
ENSG00000189144,gold
ENSG00000198466,whitesmoke
ENSG00000198722,moccasin
ENSG00000198837,lime
ENSG00000275764,wheat
ENSG00000293235,greenyellow
ENSG00000006652,yellow
ENSG00000061987,whitesmoke
ENSG00000101596,burlywood
ENSG00000104671,blanchedalmond
ENSG00000107897,moccasin
ENSG00000111880,whitesmoke
ENSG00000114026,saddlebrown
ENSG00000114054,brown
ENSG00000114127,darkolivegreen
ENSG00000114744,lawngreen
ENSG00000115694,darkgreen
ENSG00000116793,darkorange
ENSG00000117758,burlywood
ENSG00000119203,brown
ENSG00000120137,whitesmoke
ENSG00000120733,whitesmoke
ENSG00000126088,salmon
ENSG00000126107,brown
ENSG00000127022,whitesmoke
ENSG00000131165,whitesmoke
ENSG00000135749,whitesmoke
ENSG00000138430,darkorange
ENSG00000138796,sandybrown
ENSG00000141385,chocolate
ENSG00000142657,ivory
ENSG00000144559,darkolivegreen
ENSG00000145431,whitesmoke
ENSG00000152767,whitesmoke
ENSG00000153879,whitesmoke
ENSG00000160917,whitesmoke
ENSG00000161542,whitesmoke
ENSG00000161813,bisque
ENSG00000164051,saddlebrown
ENSG00000165886,whitesmoke
ENSG00000166562,blanchedalmond
ENSG00000170631,peachpuff
ENSG00000171621,limegreen
ENSG00000171988,papayawhip
ENSG00000174840,chocolate
ENSG00000196628,whitesmoke
ENSG00000196975,blanchedalmond
ENSG00000204070,greenyellow
ENSG00000249115,whitesmoke
ENSG00000258289,whitesmoke
ENSG00000260260,lightyellow
ENSG00000005194,blanchedalmond
ENSG00000006468,seashell
ENSG00000023572,blanchedalmond
ENSG00000063241,whitesmoke
ENSG00000096063,whitesmoke
ENSG00000100124,tan
ENSG00000100162,yellow
ENSG00000101882,wheat
ENSG00000105136,whitesmoke
ENSG00000105229,whitesmoke
ENSG00000112305,brown
ENSG00000112343,limegreen
ENSG00000114573,whitesmoke
ENSG00000117500,brown
ENSG00000121671,whitesmoke
ENSG00000123094,bisque
ENSG00000127334,darkolivegreen
ENSG00000130958,whitesmoke
ENSG00000132549,seashell
ENSG00000135503,whitesmoke
ENSG00000136100,bisque
ENSG00000139436,whitesmoke
ENSG00000148660,wheat
ENSG00000155090,blanchedalmond
ENSG00000160785,green
ENSG00000163938,whitesmoke
ENSG00000163961,brown
ENSG00000164951,chocolate
ENSG00000165029,darkgreen
ENSG00000167114,yellow
ENSG00000168216,whitesmoke
ENSG00000169188,bisque
ENSG00000173933,whitesmoke
ENSG00000174684,whitesmoke
ENSG00000175334,moccasin
ENSG00000178074,salmon
ENSG00000186184,blanchedalmond
ENSG00000204977,whitesmoke
ENSG00000205060,yellow
ENSG00000213186,greenyellow
ENSG00000221821,darkolivegreen
ENSG00000232119,gold
ENSG00000240344,chocolate
ENSG00000040341,lawngreen
ENSG00000065989,whitesmoke
ENSG00000070444,whitesmoke
ENSG00000070778,gold
ENSG00000074964,whitesmoke
ENSG00000080822,saddlebrown
ENSG00000084693,burlywood
ENSG00000100461,limegreen
ENSG00000101146,yellow
ENSG00000101347,brown
ENSG00000105245,whitesmoke
ENSG00000109466,bisque
ENSG00000109572,whitesmoke
ENSG00000112715,lemonchiffon
ENSG00000119711,whitesmoke
ENSG00000119723,whitesmoke
ENSG00000119927,darkorange
ENSG00000120370,yellow
ENSG00000123600,lawngreen
ENSG00000131018,whitesmoke
ENSG00000132964,blanchedalmond
ENSG00000134058,palegreen
ENSG00000136888,whitesmoke
ENSG00000140464,yellow
ENSG00000140474,whitesmoke
ENSG00000144233,whitesmoke
ENSG00000144827,whitesmoke
ENSG00000145495,whitesmoke
ENSG00000148384,darkolivegreen
ENSG00000148840,gold
ENSG00000151287,gold
ENSG00000153989,brown
ENSG00000156671,darkolivegreen
ENSG00000156735,whitesmoke
ENSG00000161011,whitesmoke
ENSG00000162664,darkorange
ENSG00000165060,whitesmoke
ENSG00000166845,blanchedalmond
ENSG00000175274,oldlace
ENSG00000175283,whitesmoke
ENSG00000188010,brown
ENSG00000188706,whitesmoke
ENSG00000197860,blanchedalmond
ENSG00000204130,whitesmoke
ENSG00000269439,burlywood
ENSG00000008283,whitesmoke
ENSG00000025770,lightgreen
ENSG00000083635,chocolate
ENSG00000088812,sandybrown
ENSG00000111665,yellow
ENSG00000112249,peachpuff
ENSG00000112996,salmon
ENSG00000115446,chocolate
ENSG00000118518,lime
ENSG00000119685,moccasin
ENSG00000130544,whitesmoke
ENSG00000133606,whitesmoke
ENSG00000134987,whitesmoke
ENSG00000138036,lightgreen
ENSG00000138459,brown
ENSG00000138801,whitesmoke
ENSG00000140406,whitesmoke
ENSG00000142867,cornsilk
ENSG00000147251,sandybrown
ENSG00000151474,whitesmoke
ENSG00000154736,palegoldenrod
ENSG00000158526,whitesmoke
ENSG00000159733,whitesmoke
ENSG00000163950,lightsalmon
ENSG00000164211,whitesmoke
ENSG00000168615,whitesmoke
ENSG00000170473,chocolate
ENSG00000171109,lawngreen
ENSG00000173272,whitesmoke
ENSG00000174501,tan
ENSG00000174842,brown
ENSG00000175130,lightgreen
ENSG00000180376,whitesmoke
ENSG00000181915,whitesmoke
ENSG00000182149,whitesmoke
ENSG00000184203,salmon
ENSG00000186395,darkolivegreen
ENSG00000188191,whitesmoke
ENSG00000198768,whitesmoke
ENSG00000198901,whitesmoke
ENSG00000205413,whitesmoke
ENSG00000214941,peachpuff
ENSG00000279088,peachpuff
ENSG00000013619,lawngreen
ENSG00000033327,darkorange
ENSG00000033800,whitesmoke
ENSG00000041802,yellow
ENSG00000058729,lime
ENSG00000065883,whitesmoke
ENSG00000068438,greenyellow
ENSG00000077684,burlywood
ENSG00000089335,darkorange
ENSG00000100034,whitesmoke
ENSG00000100246,whitesmoke
ENSG00000100425,tan
ENSG00000101439,darkorange
ENSG00000108511,darkolivegreen
ENSG00000111530,whitesmoke
ENSG00000114491,gold
ENSG00000115884,whitesmoke
ENSG00000115966,blanchedalmond
ENSG00000116106,lightgreen
ENSG00000119844,limegreen
ENSG00000124181,lawngreen
ENSG00000124313,whitesmoke
ENSG00000126456,whitesmoke
ENSG00000132423,brown
ENSG00000133997,honeydew
ENSG00000135341,whitesmoke
ENSG00000135655,papayawhip
ENSG00000135932,salmon
ENSG00000136738,whitesmoke
ENSG00000137055,seashell
ENSG00000137492,moccasin
ENSG00000138395,whitesmoke
ENSG00000139826,tan
ENSG00000143079,whitesmoke
ENSG00000145982,burlywood
ENSG00000148700,whitesmoke
ENSG00000151532,darkorange
ENSG00000152240,lawngreen
ENSG00000160218,whitesmoke
ENSG00000163482,peachpuff
ENSG00000163904,chocolate
ENSG00000169032,bisque
ENSG00000170471,moccasin
ENSG00000177951,lightsalmon
ENSG00000179119,whitesmoke
ENSG00000182749,whitesmoke
ENSG00000185379,lightgreen
ENSG00000197312,whitesmoke
ENSG00000198142,whitesmoke
ENSG00000198585,burlywood
ENSG00000205707,bisque
ENSG00000213672,whitesmoke
ENSG00000272888,oldlace
ENSG00000005448,lime
ENSG00000023909,yellow
ENSG00000037757,wheat
ENSG00000053900,lawngreen
ENSG00000067141,whitesmoke
ENSG00000070770,palegoldenrod
ENSG00000075142,blanchedalmond
ENSG00000080839,whitesmoke
ENSG00000090905,peachpuff
ENSG00000099290,whitesmoke
ENSG00000101447,whitesmoke
ENSG00000106443,whitesmoke
ENSG00000106638,peachpuff
ENSG00000111727,darkorange
ENSG00000114209,whitesmoke
ENSG00000117625,whitesmoke
ENSG00000119684,seashell
ENSG00000120860,goldenrod
ENSG00000124209,whitesmoke
ENSG00000124702,oldlace
ENSG00000125384,wheat
ENSG00000136854,whitesmoke
ENSG00000137693,darkolivegreen
ENSG00000139629,whitesmoke
ENSG00000140265,tan
ENSG00000141425,gold
ENSG00000148848,whitesmoke
ENSG00000150753,ivory
ENSG00000153956,lawngreen
ENSG00000162735,lightyellow
ENSG00000168765,darkorange
ENSG00000173064,brown
ENSG00000173145,peachpuff
ENSG00000174173,bisque
ENSG00000184349,whitesmoke
ENSG00000187676,whitesmoke
ENSG00000188130,whitesmoke
ENSG00000204406,whitesmoke
ENSG00000213563,whitesmoke
ENSG00000213965,brown
ENSG00000231609,whitesmoke
ENSG00000250786,moccasin
ENSG00000288953,whitesmoke
ENSG00000002834,saddlebrown
ENSG00000010270,chocolate
ENSG00000058056,whitesmoke
ENSG00000069956,lightyellow
ENSG00000070404,palegreen
ENSG00000079739,lawngreen
ENSG00000087269,lightyellow
ENSG00000087995,brown
ENSG00000100241,whitesmoke
ENSG00000104047,chocolate
ENSG00000108788,yellow
ENSG00000109323,brown
ENSG00000109519,bisque
ENSG00000110851,whitesmoke
ENSG00000117152,seashell
ENSG00000120725,whitesmoke
ENSG00000120798,whitesmoke
ENSG00000121089,darkolivegreen
ENSG00000122644,brown
ENSG00000122870,darkorange
ENSG00000128294,green
ENSG00000130813,whitesmoke
ENSG00000135821,lemonchiffon
ENSG00000144597,olive
ENSG00000152784,cornsilk
ENSG00000156504,yellow
ENSG00000157456,green
ENSG00000157617,bisque
ENSG00000158850,whitesmoke
ENSG00000160194,whitesmoke
ENSG00000164877,whitesmoke
ENSG00000166347,saddlebrown
ENSG00000173218,yellow
ENSG00000174791,darkorange
ENSG00000179021,chocolate
ENSG00000179151,darkorange
ENSG00000180370,whitesmoke
ENSG00000181649,palegoldenrod
ENSG00000185085,saddlebrown
ENSG00000198858,whitesmoke
ENSG00000215305,whitesmoke
ENSG00000238103,salmon
ENSG00000266962,lightgreen
ENSG00000286067,whitesmoke
ENSG00000011454,whitesmoke
ENSG00000065559,gold
ENSG00000071889,whitesmoke
ENSG00000090470,whitesmoke
ENSG00000092853,peachpuff
ENSG00000100416,yellow
ENSG00000100522,cornsilk
ENSG00000100883,olive
ENSG00000101311,whitesmoke
ENSG00000104722,brown
ENSG00000106524,yellow
ENSG00000111424,tan
ENSG00000112667,whitesmoke
ENSG00000113384,chocolate
ENSG00000116863,whitesmoke
ENSG00000117419,darkorange
ENSG00000118007,whitesmoke
ENSG00000119414,burlywood
ENSG00000126524,seashell
ENSG00000131171,moccasin
ENSG00000134444,chocolate
ENSG00000135823,wheat
ENSG00000136143,brown
ENSG00000136560,darkgreen
ENSG00000137814,palegoldenrod
ENSG00000140455,darkolivegreen
ENSG00000146670,sandybrown
ENSG00000151725,burlywood
ENSG00000152127,darkgreen
ENSG00000154945,papayawhip
ENSG00000155099,lightgreen
ENSG00000159167,seashell
ENSG00000161618,whitesmoke
ENSG00000162910,chocolate
ENSG00000162971,peachpuff
ENSG00000163923,greenyellow
ENSG00000164096,wheat
ENSG00000165914,lightyellow
ENSG00000167566,whitesmoke
ENSG00000168256,whitesmoke
ENSG00000168961,limegreen
ENSG00000169018,peachpuff
ENSG00000170653,blanchedalmond
ENSG00000172893,lawngreen
ENSG00000172943,whitesmoke
ENSG00000173641,bisque
ENSG00000174238,honeydew
ENSG00000177410,salmon
ENSG00000177663,yellow
ENSG00000177674,moccasin
ENSG00000178028,lightyellow
ENSG00000178878,lightgreen
ENSG00000181191,darkolivegreen
ENSG00000181817,yellow
ENSG00000181852,whitesmoke
ENSG00000183023,whitesmoke
ENSG00000183722,burlywood
ENSG00000184983,lightsalmon
ENSG00000196821,whitesmoke
ENSG00000197548,honeydew
ENSG00000198056,lightgreen
ENSG00000198252,peachpuff
ENSG00000198964,whitesmoke
ENSG00000210144,whitesmoke
ENSG00000211445,whitesmoke
ENSG00000226950,wheat
ENSG00000228649,whitesmoke
ENSG00000236287,darkorange
ENSG00000268230,whitesmoke
ENSG00000012822,lawngreen
ENSG00000051180,lightgreen
ENSG00000055130,yellow
ENSG00000062725,whitesmoke
ENSG00000079616,bisque
ENSG00000084636,whitesmoke
ENSG00000086712,lightsalmon
ENSG00000101773,whitesmoke
ENSG00000104133,whitesmoke
ENSG00000104228,whitesmoke
ENSG00000106733,brown
ENSG00000108479,blanchedalmond
ENSG00000109270,olive
ENSG00000110218,sandybrown
ENSG00000110344,blanchedalmond
ENSG00000110429,ivory
ENSG00000111412,whitesmoke
ENSG00000113272,whitesmoke
ENSG00000113318,darkorange
ENSG00000128309,whitesmoke
ENSG00000128607,whitesmoke
ENSG00000130707,whitesmoke
ENSG00000131759,lightyellow
ENSG00000135108,whitesmoke
ENSG00000135245,whitesmoke
ENSG00000135801,darkorange
ENSG00000137944,brown
ENSG00000140948,bisque
ENSG00000145041,whitesmoke
ENSG00000151413,whitesmoke
ENSG00000152348,whitesmoke
ENSG00000163374,whitesmoke
ENSG00000163870,lawngreen
ENSG00000165801,papayawhip
ENSG00000167202,whitesmoke
ENSG00000168286,lawngreen
ENSG00000168488,whitesmoke
ENSG00000169519,yellow
ENSG00000169718,bisque
ENSG00000170144,whitesmoke
ENSG00000180098,bisque
ENSG00000181751,seashell
ENSG00000185219,honeydew
ENSG00000188938,saddlebrown
ENSG00000189266,darkolivegreen
ENSG00000198892,whitesmoke
ENSG00000198951,brown
ENSG00000205302,lightsalmon
ENSG00000213337,whitesmoke
ENSG00000255262,goldenrod
ENSG00000272622,brown
ENSG00000278974,goldenrod
ENSG00000060718,whitesmoke
ENSG00000062598,lawngreen
ENSG00000066455,whitesmoke
ENSG00000067829,greenyellow
ENSG00000077152,bisque
ENSG00000080189,yellow
ENSG00000082805,whitesmoke
ENSG00000090238,whitesmoke
ENSG00000090612,sandybrown
ENSG00000100154,oldlace
ENSG00000101871,peachpuff
ENSG00000102802,whitesmoke
ENSG00000105186,lightsalmon
ENSG00000107560,chocolate
ENSG00000108651,whitesmoke
ENSG00000110888,yellow
ENSG00000112282,yellow
ENSG00000112320,brown
ENSG00000116157,lightgreen
ENSG00000116752,green
ENSG00000116918,whitesmoke
ENSG00000119878,brown
ENSG00000128915,whitesmoke
ENSG00000128989,seashell
ENSG00000129932,yellow
ENSG00000130312,cornsilk
ENSG00000131773,salmon
ENSG00000136521,blanchedalmond
ENSG00000138381,palegreen
ENSG00000144589,whitesmoke
ENSG00000144642,whitesmoke
ENSG00000145391,lightsalmon
ENSG00000147459,whitesmoke
ENSG00000148120,palegoldenrod
ENSG00000150764,whitesmoke
ENSG00000154222,peachpuff
ENSG00000156052,whitesmoke
ENSG00000162542,darkorange
ENSG00000164463,chocolate
ENSG00000165660,whitesmoke
ENSG00000165752,whitesmoke
ENSG00000167635,lime
ENSG00000170385,oldlace
ENSG00000175105,whitesmoke
ENSG00000179526,limegreen
ENSG00000180611,whitesmoke
ENSG00000185480,olive
ENSG00000196440,chocolate
ENSG00000198380,whitesmoke
ENSG00000204397,papayawhip
ENSG00000226742,lightsalmon
ENSG00000247556,whitesmoke
ENSG00000250461,burlywood
ENSG00000267100,whitesmoke
ENSG00000291186,yellow
ENSG00000038532,papayawhip
ENSG00000043514,brown
ENSG00000068354,whitesmoke
ENSG00000068784,whitesmoke
ENSG00000089057,whitesmoke
ENSG00000092140,whitesmoke
ENSG00000100092,whitesmoke
ENSG00000100342,oldlace
ENSG00000101350,whitesmoke
ENSG00000101460,whitesmoke
ENSG00000102908,whitesmoke
ENSG00000103707,brown
ENSG00000104976,whitesmoke
ENSG00000106993,greenyellow
ENSG00000108094,gold
ENSG00000111605,chocolate
ENSG00000114331,whitesmoke
ENSG00000115325,whitesmoke
ENSG00000117569,salmon
ENSG00000121440,whitesmoke
ENSG00000121741,brown
ENSG00000124207,whitesmoke
ENSG00000124787,chocolate
ENSG00000126858,chocolate
ENSG00000132305,gold
ENSG00000135686,whitesmoke
ENSG00000136147,bisque
ENSG00000136717,whitesmoke
ENSG00000136861,whitesmoke
ENSG00000143376,whitesmoke
ENSG00000144369,yellow
ENSG00000144583,darkolivegreen
ENSG00000145687,whitesmoke
ENSG00000151151,whitesmoke
ENSG00000152904,palegoldenrod
ENSG00000157680,whitesmoke
ENSG00000160094,chocolate
ENSG00000161960,lawngreen
ENSG00000162458,whitesmoke
ENSG00000162869,chocolate
ENSG00000162928,gold
ENSG00000163661,palegreen
ENSG00000164024,whitesmoke
ENSG00000164828,whitesmoke
ENSG00000165996,wheat
ENSG00000168398,oldlace
ENSG00000170310,peachpuff
ENSG00000180875,lemonchiffon
ENSG00000182901,whitesmoke
ENSG00000183354,peachpuff
ENSG00000185049,whitesmoke
ENSG00000186318,brown
ENSG00000189007,saddlebrown
ENSG00000189129,whitesmoke
ENSG00000189223,whitesmoke
ENSG00000197045,chocolate
ENSG00000197381,burlywood
ENSG00000204272,lightsalmon
ENSG00000229809,tan
ENSG00000240857,ivory
ENSG00000241973,sandybrown
ENSG00000243199,yellow
ENSG00000247315,bisque
ENSG00000271811,whitesmoke
ENSG00000011523,whitesmoke
ENSG00000026652,lightgreen
ENSG00000027697,palegoldenrod
ENSG00000028839,whitesmoke
ENSG00000040933,whitesmoke
ENSG00000049759,whitesmoke
ENSG00000064042,whitesmoke
ENSG00000065328,palegreen
ENSG00000073169,lemonchiffon
ENSG00000079462,whitesmoke
ENSG00000101298,yellow
ENSG00000101654,whitesmoke
ENSG00000103544,greenyellow
ENSG00000107175,brown
ENSG00000107186,greenyellow
ENSG00000107562,lightgreen
ENSG00000108306,lime
ENSG00000109654,olive
ENSG00000114021,lawngreen
ENSG00000115946,bisque
ENSG00000120053,blanchedalmond
ENSG00000122557,whitesmoke
ENSG00000124596,sandybrown
ENSG00000124789,yellow
ENSG00000130338,darkolivegreen
ENSG00000132604,whitesmoke
ENSG00000135334,whitesmoke
ENSG00000135916,lawngreen
ENSG00000137449,blanchedalmond
ENSG00000137996,salmon
ENSG00000147130,whitesmoke
ENSG00000148411,tan
ENSG00000155906,peachpuff
ENSG00000157036,olive
ENSG00000163681,lightyellow
ENSG00000163900,chocolate
ENSG00000164144,ivory
ENSG00000166197,chocolate
ENSG00000171310,whitesmoke
ENSG00000172493,lime
ENSG00000175066,whitesmoke
ENSG00000178449,whitesmoke
ENSG00000179241,whitesmoke
ENSG00000181826,whitesmoke
ENSG00000182446,whitesmoke
ENSG00000184588,cornsilk
ENSG00000196911,palegreen
ENSG00000211450,goldenrod
ENSG00000213463,whitesmoke
ENSG00000226648,whitesmoke
ENSG00000233101,cornsilk
ENSG00000239900,whitesmoke
ENSG00000253710,whitesmoke
ENSG00000253719,lemonchiffon
ENSG00000257704,whitesmoke
ENSG00000260877,darkorange
ENSG00000283498,sandybrown
ENSG00000291075,whitesmoke
ENSG00000291136,whitesmoke
ENSG00000006756,whitesmoke
ENSG00000007080,moccasin
ENSG00000021355,goldenrod
ENSG00000039650,brown
ENSG00000078070,whitesmoke
ENSG00000082515,yellow
ENSG00000084070,bisque
ENSG00000085871,whitesmoke
ENSG00000086666,oldlace
ENSG00000092096,whitesmoke
ENSG00000095066,whitesmoke
ENSG00000101417,cornsilk
ENSG00000102218,greenyellow
ENSG00000105993,bisque
ENSG00000107738,palegoldenrod
ENSG00000108256,whitesmoke
ENSG00000108773,burlywood
ENSG00000108784,lightgreen
ENSG00000109381,whitesmoke
ENSG00000110063,whitesmoke
ENSG00000112242,whitesmoke
ENSG00000114988,saddlebrown
ENSG00000117533,wheat
ENSG00000118596,lightgreen
ENSG00000119185,chocolate
ENSG00000119401,palegoldenrod
ENSG00000123609,whitesmoke
ENSG00000125885,brown
ENSG00000132639,chocolate
ENSG00000136518,moccasin
ENSG00000137168,brown
ENSG00000152818,yellow
ENSG00000158163,darkgreen
ENSG00000159921,bisque
ENSG00000163877,moccasin
ENSG00000164330,whitesmoke
ENSG00000164543,chocolate
ENSG00000168502,papayawhip
ENSG00000168769,whitesmoke
ENSG00000170264,whitesmoke
ENSG00000172315,blanchedalmond
ENSG00000175309,lightgreen
ENSG00000176018,whitesmoke
ENSG00000176834,yellow
ENSG00000177879,lightgreen
ENSG00000183801,darkorange
ENSG00000186908,whitesmoke
ENSG00000187800,darkgreen
ENSG00000196455,salmon
ENSG00000204442,whitesmoke
ENSG00000214087,brown
ENSG00000246705,whitesmoke
ENSG00000254901,yellow
ENSG00000011376,lightyellow
ENSG00000039068,yellow
ENSG00000064961,whitesmoke
ENSG00000069702,darkorange
ENSG00000072657,chocolate
ENSG00000106246,blanchedalmond
ENSG00000108599,whitesmoke
ENSG00000110367,whitesmoke
ENSG00000110871,whitesmoke
ENSG00000111726,chocolate
ENSG00000112079,whitesmoke
ENSG00000113569,gold
ENSG00000119986,goldenrod
ENSG00000120093,whitesmoke
ENSG00000121864,whitesmoke
ENSG00000130844,lightgreen
ENSG00000132471,sandybrown
ENSG00000134014,brown
ENSG00000136897,tan
ENSG00000138363,moccasin
ENSG00000142207,whitesmoke
ENSG00000143515,whitesmoke
ENSG00000151233,peachpuff
ENSG00000151445,whitesmoke
ENSG00000157450,burlywood
ENSG00000158321,bisque
ENSG00000159210,whitesmoke
ENSG00000161996,palegoldenrod
ENSG00000162775,lawngreen
ENSG00000163002,whitesmoke
ENSG00000163348,lightgreen
ENSG00000163743,whitesmoke
ENSG00000163808,yellow
ENSG00000164169,brown
ENSG00000165124,whitesmoke
ENSG00000165244,yellow
ENSG00000166557,lightsalmon
ENSG00000167034,darkolivegreen
ENSG00000168005,whitesmoke
ENSG00000168679,oldlace
ENSG00000169299,brown
ENSG00000170322,papayawhip
ENSG00000171467,whitesmoke
ENSG00000171792,brown
ENSG00000173914,greenyellow
ENSG00000173918,darkorange
ENSG00000175581,brown
ENSG00000176396,moccasin
ENSG00000176485,whitesmoke
ENSG00000181038,brown
ENSG00000181690,whitesmoke
ENSG00000183530,lawngreen
ENSG00000198783,whitesmoke
ENSG00000243317,saddlebrown
ENSG00000007866,lemonchiffon
ENSG00000031691,whitesmoke
ENSG00000089094,whitesmoke
ENSG00000090520,whitesmoke
ENSG00000101407,ivory
ENSG00000104635,greenyellow
ENSG00000105258,greenyellow
ENSG00000106571,whitesmoke
ENSG00000109118,whitesmoke
ENSG00000111790,sandybrown
ENSG00000112297,lawngreen
ENSG00000115459,peachpuff
ENSG00000116667,whitesmoke
ENSG00000119397,whitesmoke
ENSG00000119632,lightsalmon
ENSG00000125772,whitesmoke
ENSG00000126070,whitesmoke
ENSG00000130589,lightgreen
ENSG00000132716,whitesmoke
ENSG00000137767,whitesmoke
ENSG00000138587,goldenrod
ENSG00000141378,whitesmoke
ENSG00000143995,sandybrown
ENSG00000148606,whitesmoke
ENSG00000149177,whitesmoke
ENSG00000151553,lemonchiffon
ENSG00000153044,cornsilk
ENSG00000154589,seashell
ENSG00000157800,darkolivegreen
ENSG00000158615,whitesmoke
ENSG00000159217,yellow
ENSG00000172175,whitesmoke
ENSG00000176142,whitesmoke
ENSG00000177432,brown
ENSG00000179409,lightsalmon
ENSG00000180354,whitesmoke
ENSG00000181704,moccasin
ENSG00000182093,chocolate
ENSG00000184939,whitesmoke
ENSG00000186314,chocolate
ENSG00000204219,papayawhip
ENSG00000210184,yellow
ENSG00000212747,sandybrown
ENSG00000227345,blanchedalmond
ENSG00000228393,whitesmoke
ENSG00000233461,yellow
ENSG00000274422,tan
ENSG00000289357,whitesmoke
ENSG00000293274,brown
ENSG00000005889,darkolivegreen
ENSG00000048405,whitesmoke
ENSG00000052749,yellow
ENSG00000071462,tan
ENSG00000085185,whitesmoke
ENSG00000086475,saddlebrown
ENSG00000091651,gold
ENSG00000095319,saddlebrown
ENSG00000100335,lightgreen
ENSG00000101194,lemonchiffon
ENSG00000106591,brown
ENSG00000108639,saddlebrown
ENSG00000113761,cornsilk
ENSG00000116774,darkgreen
ENSG00000118579,moccasin
ENSG00000118960,salmon
ENSG00000119820,whitesmoke
ENSG00000120029,papayawhip
ENSG00000129472,whitesmoke
ENSG00000129474,blanchedalmond
ENSG00000129691,olive
ENSG00000132740,whitesmoke
ENSG00000132763,peachpuff
ENSG00000134453,gold
ENSG00000136811,whitesmoke
ENSG00000136908,sandybrown
ENSG00000139567,whitesmoke
ENSG00000139613,whitesmoke
ENSG00000148358,whitesmoke
ENSG00000151694,yellow
ENSG00000153037,lightsalmon
ENSG00000156011,whitesmoke
ENSG00000162430,peachpuff
ENSG00000164045,yellow
ENSG00000165264,lightsalmon
ENSG00000174579,whitesmoke
ENSG00000176692,seashell
ENSG00000176771,whitesmoke
ENSG00000177311,whitesmoke
ENSG00000177383,green
ENSG00000179364,whitesmoke
ENSG00000179833,brown
ENSG00000185504,yellow
ENSG00000187091,whitesmoke
ENSG00000187239,whitesmoke
ENSG00000197555,whitesmoke
ENSG00000198198,brown
ENSG00000240065,lemonchiffon
ENSG00000279059,green
ENSG00000010219,moccasin
ENSG00000011105,whitesmoke
ENSG00000034693,bisque
ENSG00000066422,yellow
ENSG00000066583,chocolate
ENSG00000068028,lightgreen
ENSG00000072803,green
ENSG00000075089,lightgreen
ENSG00000077420,darkgreen
ENSG00000080546,lawngreen
ENSG00000090263,moccasin
ENSG00000099942,palegreen
ENSG00000100906,whitesmoke
ENSG00000111445,cornsilk
ENSG00000112699,lawngreen
ENSG00000116138,darkgreen
ENSG00000125633,whitesmoke
ENSG00000128283,moccasin
ENSG00000129933,whitesmoke
ENSG00000131779,darkolivegreen
ENSG00000137124,lightyellow
ENSG00000137507,oldlace
ENSG00000138032,chocolate
ENSG00000138660,whitesmoke
ENSG00000143207,whitesmoke
ENSG00000145348,limegreen
ENSG00000148444,yellow
ENSG00000149451,lightyellow
ENSG00000152056,blanchedalmond
ENSG00000156795,salmon
ENSG00000162419,lightgreen
ENSG00000165699,whitesmoke
ENSG00000166783,whitesmoke
ENSG00000166946,palegreen
ENSG00000169019,seashell
ENSG00000169155,whitesmoke
ENSG00000170745,gold
ENSG00000170949,whitesmoke
ENSG00000172840,whitesmoke
ENSG00000175054,whitesmoke
ENSG00000175826,gold
ENSG00000178585,lawngreen
ENSG00000183337,darkolivegreen
ENSG00000185515,blanchedalmond
ENSG00000185825,lightgreen
ENSG00000186063,lawngreen
ENSG00000187325,sandybrown
ENSG00000187446,darkolivegreen
ENSG00000196544,burlywood
ENSG00000198000,brown
ENSG00000204852,peachpuff
ENSG00000236333,yellow
ENSG00000237887,whitesmoke
ENSG00000262879,lightgreen
ENSG00000278970,chocolate
ENSG00000073756,bisque
ENSG00000081014,seashell
ENSG00000089902,whitesmoke
ENSG00000090447,seashell
ENSG00000100372,chocolate
ENSG00000104427,whitesmoke
ENSG00000109756,whitesmoke
ENSG00000110002,saddlebrown
ENSG00000110395,whitesmoke
ENSG00000110841,saddlebrown
ENSG00000111652,whitesmoke
ENSG00000116273,chocolate
ENSG00000119522,whitesmoke
ENSG00000119778,whitesmoke
ENSG00000124659,whitesmoke
ENSG00000125445,lightyellow
ENSG00000125734,moccasin
ENSG00000126778,whitesmoke
ENSG00000130560,oldlace
ENSG00000131943,yellow
ENSG00000133065,whitesmoke
ENSG00000138031,brown
ENSG00000138303,whitesmoke
ENSG00000139083,yellow
ENSG00000140525,lawngreen
ENSG00000140950,darkolivegreen
ENSG00000144655,whitesmoke
ENSG00000145545,yellow
ENSG00000150768,blanchedalmond
ENSG00000151304,whitesmoke
ENSG00000155252,whitesmoke
ENSG00000160062,whitesmoke
ENSG00000163344,oldlace
ENSG00000164180,whitesmoke
ENSG00000164949,salmon
ENSG00000165507,darkgreen
ENSG00000169738,goldenrod
ENSG00000169744,whitesmoke
ENSG00000170445,lawngreen
ENSG00000172954,ivory
ENSG00000172986,whitesmoke
ENSG00000173207,chocolate
ENSG00000176102,olive
ENSG00000176887,chocolate
ENSG00000182247,salmon
ENSG00000182606,whitesmoke
ENSG00000182957,whitesmoke
ENSG00000183735,peachpuff
ENSG00000186185,saddlebrown
ENSG00000188986,whitesmoke
ENSG00000189079,lightgreen
ENSG00000198189,brown
ENSG00000198231,moccasin
ENSG00000198663,lightgreen
ENSG00000205978,limegreen
ENSG00000246067,whitesmoke
ENSG00000272333,peachpuff
ENSG00000001167,blanchedalmond
ENSG00000014216,whitesmoke
ENSG00000037749,chocolate
ENSG00000041988,burlywood
ENSG00000055208,whitesmoke
ENSG00000063601,moccasin
ENSG00000066739,green
ENSG00000085377,lemonchiffon
ENSG00000088727,cornsilk
ENSG00000088888,whitesmoke
ENSG00000100139,yellow
ENSG00000100441,whitesmoke
ENSG00000100577,whitesmoke
ENSG00000103550,yellow
ENSG00000105518,whitesmoke
ENSG00000105701,whitesmoke
ENSG00000105705,whitesmoke
ENSG00000105928,papayawhip
ENSG00000108439,yellow
ENSG00000111247,brown
ENSG00000115109,palegoldenrod
ENSG00000115935,whitesmoke
ENSG00000118655,blanchedalmond
ENSG00000124177,honeydew
ENSG00000126106,whitesmoke
ENSG00000126522,whitesmoke
ENSG00000126947,wheat
ENSG00000127955,whitesmoke
ENSG00000129911,whitesmoke
ENSG00000131149,whitesmoke
ENSG00000131153,ivory
ENSG00000132819,lawngreen
ENSG00000135074,lemonchiffon
ENSG00000135218,peachpuff
ENSG00000135365,burlywood
ENSG00000136235,palegreen
ENSG00000137273,blanchedalmond
ENSG00000137760,whitesmoke
ENSG00000138685,blanchedalmond
ENSG00000138744,burlywood
ENSG00000141458,whitesmoke
ENSG00000142627,darkolivegreen
ENSG00000143363,whitesmoke
ENSG00000143702,lime
ENSG00000160799,peachpuff
ENSG00000161980,tan
ENSG00000162836,burlywood
ENSG00000162923,blanchedalmond
ENSG00000164967,whitesmoke
ENSG00000165997,whitesmoke
ENSG00000167508,whitesmoke
ENSG00000168118,blanchedalmond
ENSG00000168522,brown
ENSG00000170584,darkorange
ENSG00000174231,oldlace
ENSG00000176182,whitesmoke
ENSG00000178177,whitesmoke
ENSG00000178498,whitesmoke
ENSG00000178966,ivory
ENSG00000185453,whitesmoke
ENSG00000185917,lawngreen
ENSG00000196352,lemonchiffon
ENSG00000197302,lightgreen
ENSG00000198373,whitesmoke
ENSG00000198793,goldenrod
ENSG00000203778,tan
ENSG00000205364,yellow
ENSG00000248905,whitesmoke
ENSG00000007541,lightgreen
ENSG00000012983,whitesmoke
ENSG00000021574,chocolate
ENSG00000056586,yellow
ENSG00000057657,gold
ENSG00000059769,cornsilk
ENSG00000075399,whitesmoke
ENSG00000081026,moccasin
ENSG00000090372,whitesmoke
ENSG00000095002,yellow
ENSG00000096070,brown
ENSG00000100395,tan
ENSG00000102312,whitesmoke
ENSG00000102901,whitesmoke
ENSG00000104064,cornsilk
ENSG00000110619,whitesmoke
ENSG00000112679,peachpuff
ENSG00000113163,whitesmoke
ENSG00000116062,whitesmoke
ENSG00000117054,peachpuff
ENSG00000117697,brown
ENSG00000123268,whitesmoke
ENSG00000123728,ivory
ENSG00000125630,bisque
ENSG00000125741,whitesmoke
ENSG00000126775,goldenrod
ENSG00000132109,seashell
ENSG00000135596,lightgreen
ENSG00000141480,whitesmoke
ENSG00000144161,whitesmoke
ENSG00000144711,burlywood
ENSG00000145241,whitesmoke
ENSG00000148143,whitesmoke
ENSG00000148798,darkorange
ENSG00000149571,brown
ENSG00000149591,oldlace
ENSG00000151353,burlywood
ENSG00000158186,whitesmoke
ENSG00000159256,whitesmoke
ENSG00000162385,whitesmoke
ENSG00000163719,bisque
ENSG00000163930,lightyellow
ENSG00000164176,lightyellow
ENSG00000164327,whitesmoke
ENSG00000164830,moccasin
ENSG00000164938,gold
ENSG00000165526,moccasin
ENSG00000165832,whitesmoke
ENSG00000165898,sandybrown
ENSG00000169599,bisque
ENSG00000169902,saddlebrown
ENSG00000170921,lightyellow
ENSG00000175470,whitesmoke
ENSG00000178033,brown
ENSG00000178381,bisque
ENSG00000181220,lemonchiffon
ENSG00000182667,whitesmoke
ENSG00000183807,moccasin
ENSG00000183943,greenyellow
ENSG00000184205,whitesmoke
ENSG00000184924,lime
ENSG00000185567,whitesmoke
ENSG00000198824,yellow
ENSG00000221829,greenyellow
ENSG00000232679,brown
ENSG00000234546,whitesmoke
ENSG00000243335,whitesmoke
ENSG00000243680,moccasin
ENSG00000245573,brown
ENSG00000257337,whitesmoke
ENSG00000284024,gold
ENSG00000293050,darkorange
ENSG00000005801,whitesmoke
ENSG00000006704,lightsalmon
ENSG00000011021,honeydew
ENSG00000014138,darkolivegreen
ENSG00000053770,salmon
ENSG00000069869,darkolivegreen
ENSG00000071205,whitesmoke
ENSG00000092439,yellow
ENSG00000100599,goldenrod
ENSG00000100625,whitesmoke
ENSG00000106070,yellow
ENSG00000106992,whitesmoke
ENSG00000107672,darkorange
ENSG00000107789,chocolate
ENSG00000109065,whitesmoke
ENSG00000109610,whitesmoke
ENSG00000111331,whitesmoke
ENSG00000111361,lemonchiffon
ENSG00000111696,palegoldenrod
ENSG00000112319,yellow
ENSG00000115107,seashell
ENSG00000115232,whitesmoke
ENSG00000115758,salmon
ENSG00000117308,whitesmoke
ENSG00000118564,moccasin
ENSG00000119906,whitesmoke
ENSG00000120837,moccasin
ENSG00000122678,yellow
ENSG00000124217,whitesmoke
ENSG00000124766,seashell
ENSG00000128731,peachpuff
ENSG00000131269,darkorange
ENSG00000135441,blanchedalmond
ENSG00000136715,oldlace
ENSG00000138035,peachpuff
ENSG00000139514,whitesmoke
ENSG00000139719,salmon
ENSG00000140992,whitesmoke
ENSG00000142875,ivory
ENSG00000145216,brown
ENSG00000154122,whitesmoke
ENSG00000154305,limegreen
ENSG00000156535,whitesmoke
ENSG00000162063,whitesmoke
ENSG00000163597,palegreen
ENSG00000165689,lime
ENSG00000166189,brown
ENSG00000166548,whitesmoke
ENSG00000167920,chocolate
ENSG00000168496,bisque
ENSG00000168556,whitesmoke
ENSG00000171603,whitesmoke
ENSG00000172375,yellow
ENSG00000179981,whitesmoke
ENSG00000181264,goldenrod
ENSG00000183513,blanchedalmond
ENSG00000184209,burlywood
ENSG00000187790,saddlebrown
ENSG00000197296,peachpuff
ENSG00000198961,whitesmoke
ENSG00000203709,whitesmoke
ENSG00000203880,yellow
ENSG00000233308,darkorange
ENSG00000290567,whitesmoke
ENSG00000293495,chocolate
ENSG00000013441,greenyellow
ENSG00000028277,yellow
ENSG00000049246,whitesmoke
ENSG00000053501,brown
ENSG00000070718,whitesmoke
ENSG00000075539,goldenrod
ENSG00000089351,whitesmoke
ENSG00000100567,blanchedalmond
ENSG00000110911,whitesmoke
ENSG00000110931,chocolate
ENSG00000113916,tan
ENSG00000116128,chocolate
ENSG00000118707,whitesmoke
ENSG00000119638,whitesmoke
ENSG00000120833,bisque
ENSG00000120868,whitesmoke
ENSG00000125249,whitesmoke
ENSG00000131019,whitesmoke
ENSG00000137824,chocolate
ENSG00000139154,lawngreen
ENSG00000140451,whitesmoke
ENSG00000141101,bisque
ENSG00000142396,papayawhip
ENSG00000143393,lemonchiffon
ENSG00000146414,whitesmoke
ENSG00000147224,saddlebrown
ENSG00000147400,whitesmoke
ENSG00000150961,yellow
ENSG00000151092,chocolate
ENSG00000151892,sandybrown
ENSG00000156136,seashell
ENSG00000156381,cornsilk
ENSG00000157193,whitesmoke
ENSG00000159685,whitesmoke
ENSG00000163932,whitesmoke
ENSG00000164307,whitesmoke
ENSG00000167257,darkgreen
ENSG00000168246,whitesmoke
ENSG00000173681,whitesmoke
ENSG00000176022,whitesmoke
ENSG00000180628,salmon
ENSG00000183696,whitesmoke
ENSG00000184863,papayawhip
ENSG00000185305,wheat
ENSG00000186001,whitesmoke
ENSG00000186625,green
ENSG00000188215,peachpuff
ENSG00000197386,whitesmoke
ENSG00000198369,moccasin
ENSG00000198836,cornsilk
ENSG00000206190,whitesmoke
ENSG00000227525,whitesmoke
ENSG00000242485,gold
ENSG00000260257,lawngreen
ENSG00000263343,whitesmoke
ENSG00000289901,darkorange
ENSG00000004487,whitesmoke
ENSG00000007384,limegreen
ENSG00000009830,whitesmoke
ENSG00000010704,lightgreen
ENSG00000050438,whitesmoke
ENSG00000054356,lawngreen
ENSG00000070476,saddlebrown
ENSG00000076067,whitesmoke
ENSG00000083799,chocolate
ENSG00000086589,whitesmoke
ENSG00000099377,yellow
ENSG00000099940,whitesmoke
ENSG00000102309,papayawhip
ENSG00000103356,whitesmoke
ENSG00000104960,whitesmoke
ENSG00000105700,blanchedalmond
ENSG00000107874,honeydew
ENSG00000108039,burlywood
ENSG00000109184,sandybrown
ENSG00000110925,seashell
ENSG00000111666,palegoldenrod
ENSG00000114738,whitesmoke
ENSG00000115211,whitesmoke
ENSG00000116096,darkorange
ENSG00000116455,brown
ENSG00000121297,whitesmoke
ENSG00000122085,tan
ENSG00000127511,whitesmoke
ENSG00000132669,salmon
ENSG00000132912,whitesmoke
ENSG00000134330,brown
ENSG00000134508,whitesmoke
ENSG00000134905,palegoldenrod
ENSG00000135945,lawngreen
ENSG00000142197,yellow
ENSG00000146463,whitesmoke
ENSG00000147099,darkolivegreen
ENSG00000147912,palegreen
ENSG00000148341,whitesmoke
ENSG00000152193,darkorange
ENSG00000155329,whitesmoke
ENSG00000157540,whitesmoke
ENSG00000158552,burlywood
ENSG00000158985,yellow
ENSG00000163637,brown
ENSG00000166313,whitesmoke
ENSG00000166477,peachpuff
ENSG00000167182,whitesmoke
ENSG00000168016,whitesmoke
ENSG00000168434,brown
ENSG00000169598,darkolivegreen
ENSG00000169851,oldlace
ENSG00000170456,whitesmoke
ENSG00000171130,whitesmoke
ENSG00000172765,whitesmoke
ENSG00000173511,darkolivegreen
ENSG00000175073,green
ENSG00000175782,whitesmoke
ENSG00000177425,whitesmoke
ENSG00000181904,whitesmoke
ENSG00000182810,lawngreen
ENSG00000182985,whitesmoke
ENSG00000184677,whitesmoke
ENSG00000186834,whitesmoke
ENSG00000188177,burlywood
ENSG00000196449,seashell
ENSG00000196705,lightgreen
ENSG00000196810,greenyellow
ENSG00000198055,darkorange
ENSG00000198937,sandybrown
ENSG00000198945,saddlebrown
ENSG00000206573,yellow
ENSG00000231312,peachpuff
ENSG00000238266,blanchedalmond
ENSG00000255529,chocolate
ENSG00000267254,whitesmoke
ENSG00000290770,whitesmoke
ENSG00000013503,moccasin
ENSG00000018699,tan
ENSG00000060069,whitesmoke
ENSG00000060688,chocolate
ENSG00000063854,lightgreen
ENSG00000067836,whitesmoke
ENSG00000073578,darkorange
ENSG00000076053,moccasin
ENSG00000096093,whitesmoke
ENSG00000103415,darkolivegreen
ENSG00000105171,moccasin
ENSG00000105676,brown
ENSG00000114784,greenyellow
ENSG00000119661,papayawhip
ENSG00000120942,chocolate
ENSG00000124067,lemonchiffon
ENSG00000124641,lawngreen
ENSG00000129810,whitesmoke
ENSG00000132300,saddlebrown
ENSG00000133318,whitesmoke
ENSG00000133739,brown
ENSG00000136630,limegreen
ENSG00000138018,darkolivegreen
ENSG00000138134,darkorange
ENSG00000146416,brown
ENSG00000146576,yellow
ENSG00000148296,whitesmoke
ENSG00000152253,palegoldenrod
ENSG00000154059,whitesmoke
ENSG00000154928,olive
ENSG00000157240,salmon
ENSG00000159788,chocolate
ENSG00000160688,whitesmoke
ENSG00000162236,whitesmoke
ENSG00000162302,whitesmoke
ENSG00000164039,brown
ENSG00000164080,whitesmoke
ENSG00000164117,gold
ENSG00000165861,whitesmoke
ENSG00000166483,whitesmoke
ENSG00000166881,darkolivegreen
ENSG00000172932,whitesmoke
ENSG00000176978,whitesmoke
ENSG00000180104,whitesmoke
ENSG00000182195,darkorange
ENSG00000185024,yellow
ENSG00000188021,palegreen
ENSG00000196177,lawngreen
ENSG00000213619,blanchedalmond
ENSG00000218891,tan
ENSG00000226479,seashell
ENSG00000234354,brown
ENSG00000234745,lemonchiffon
ENSG00000243943,cornsilk
ENSG00000251493,blanchedalmond
ENSG00000263753,blanchedalmond
ENSG00000015475,darkorange
ENSG00000031003,whitesmoke
ENSG00000036257,whitesmoke
ENSG00000050426,lightyellow
ENSG00000074590,lightgreen
ENSG00000078401,chocolate
ENSG00000081059,moccasin
ENSG00000090924,peachpuff
ENSG00000090989,whitesmoke
ENSG00000100347,whitesmoke
ENSG00000102359,brown
ENSG00000104517,whitesmoke
ENSG00000111725,palegoldenrod
ENSG00000113790,lightgreen
ENSG00000113845,whitesmoke
ENSG00000114030,whitesmoke
ENSG00000114544,whitesmoke
ENSG00000120451,brown
ENSG00000121075,whitesmoke
ENSG00000123096,olive
ENSG00000123739,whitesmoke
ENSG00000124097,whitesmoke
ENSG00000130349,peachpuff
ENSG00000134259,chocolate
ENSG00000135631,whitesmoke
ENSG00000135632,burlywood
ENSG00000136014,blanchedalmond
ENSG00000136492,whitesmoke
ENSG00000137364,moccasin
ENSG00000138095,whitesmoke
ENSG00000139645,burlywood
ENSG00000140463,bisque
ENSG00000141258,whitesmoke
ENSG00000141562,darkorange
ENSG00000143367,lightgreen
ENSG00000145439,palegreen
ENSG00000147883,whitesmoke
ENSG00000152484,sandybrown
ENSG00000156103,brown
ENSG00000157349,green
ENSG00000158158,brown
ENSG00000159445,whitesmoke
ENSG00000160392,whitesmoke
ENSG00000161981,darkorange
ENSG00000162819,whitesmoke
ENSG00000163629,whitesmoke
ENSG00000164167,salmon
ENSG00000164465,whitesmoke
ENSG00000166439,lightyellow
ENSG00000166886,sandybrown
ENSG00000167670,whitesmoke
ENSG00000168612,brown
ENSG00000174151,whitesmoke
ENSG00000177058,blanchedalmond
ENSG00000181045,whitesmoke
ENSG00000183077,darkorange
ENSG00000183808,darkorange
ENSG00000186951,lightgreen
ENSG00000187713,brown
ENSG00000188785,saddlebrown
ENSG00000196182,oldlace
ENSG00000196739,whitesmoke
ENSG00000198835,whitesmoke
ENSG00000204370,palegreen
ENSG00000212719,goldenrod
ENSG00000214022,yellow
ENSG00000228360,brown
ENSG00000241990,darkolivegreen
ENSG00000247828,green
ENSG00000280071,peachpuff
ENSG00000293311,whitesmoke
ENSG00000009844,moccasin
ENSG00000023191,palegoldenrod
ENSG00000032389,gold
ENSG00000056972,saddlebrown
ENSG00000058063,whitesmoke
ENSG00000065457,peachpuff
ENSG00000066654,sandybrown
ENSG00000070882,whitesmoke
ENSG00000082212,moccasin
ENSG00000100523,lawngreen
ENSG00000101413,lawngreen
ENSG00000101544,lemonchiffon
ENSG00000102858,whitesmoke
ENSG00000103042,peachpuff
ENSG00000104884,whitesmoke
ENSG00000105053,whitesmoke
ENSG00000105497,whitesmoke
ENSG00000105726,darkorange
ENSG00000107262,whitesmoke
ENSG00000112186,whitesmoke
ENSG00000113971,darkolivegreen
ENSG00000115750,lightgreen
ENSG00000116747,whitesmoke
ENSG00000119953,lightyellow
ENSG00000120820,salmon
ENSG00000121064,darkgreen
ENSG00000123552,whitesmoke
ENSG00000130818,chocolate
ENSG00000139910,whitesmoke
ENSG00000140563,brown
ENSG00000140577,peachpuff
ENSG00000140691,whitesmoke
ENSG00000143303,whitesmoke
ENSG00000143344,whitesmoke
ENSG00000143479,bisque
ENSG00000145217,blanchedalmond
ENSG00000146833,moccasin
ENSG00000152049,darkolivegreen
ENSG00000152804,whitesmoke
ENSG00000153130,moccasin
ENSG00000155542,blanchedalmond
ENSG00000156030,whitesmoke
ENSG00000156171,olive
ENSG00000156973,sandybrown
ENSG00000158301,whitesmoke
ENSG00000160013,whitesmoke
ENSG00000160014,papayawhip
ENSG00000161513,lightgreen
ENSG00000163875,whitesmoke
ENSG00000164885,whitesmoke
ENSG00000166341,whitesmoke
ENSG00000170191,blanchedalmond
ENSG00000170234,blanchedalmond
ENSG00000170846,darkorange
ENSG00000172732,peachpuff
ENSG00000176783,whitesmoke
ENSG00000177337,brown
ENSG00000177646,brown
ENSG00000184371,chocolate
ENSG00000185813,whitesmoke
ENSG00000186132,chocolate
ENSG00000197442,whitesmoke
ENSG00000197483,peachpuff
ENSG00000197857,papayawhip
ENSG00000213445,tan
ENSG00000225224,whitesmoke
ENSG00000239719,whitesmoke
ENSG00000246695,whitesmoke
ENSG00000254986,whitesmoke
ENSG00000270069,yellow
ENSG00000272330,whitesmoke
ENSG00000291122,blanchedalmond
ENSG00000292997,brown
ENSG00000293115,whitesmoke
ENSG00000008130,whitesmoke
ENSG00000011243,whitesmoke
ENSG00000020577,salmon
ENSG00000023330,sandybrown
ENSG00000048740,whitesmoke
ENSG00000060749,whitesmoke
ENSG00000064545,whitesmoke
ENSG00000078403,whitesmoke
ENSG00000079950,papayawhip
ENSG00000081087,gold
ENSG00000081377,saddlebrown
ENSG00000082258,whitesmoke
ENSG00000082512,whitesmoke
ENSG00000084764,whitesmoke
ENSG00000087206,whitesmoke
ENSG00000087253,burlywood
ENSG00000090975,whitesmoke
ENSG00000101191,whitesmoke
ENSG00000102921,whitesmoke
ENSG00000103888,papayawhip
ENSG00000103932,lightgreen
ENSG00000105784,whitesmoke
ENSG00000109805,whitesmoke
ENSG00000111737,yellow
ENSG00000111802,chocolate
ENSG00000115904,whitesmoke
ENSG00000122970,goldenrod
ENSG00000124444,yellow
ENSG00000129355,brown
ENSG00000134291,papayawhip
ENSG00000136010,bisque
ENSG00000136141,brown
ENSG00000137312,burlywood
ENSG00000138463,papayawhip
ENSG00000139131,gold
ENSG00000139370,gold
ENSG00000140280,saddlebrown
ENSG00000143437,chocolate
ENSG00000151502,ivory
ENSG00000153046,lightgreen
ENSG00000157827,whitesmoke
ENSG00000161791,whitesmoke
ENSG00000163156,yellow
ENSG00000163848,whitesmoke
ENSG00000164070,whitesmoke
ENSG00000164366,whitesmoke
ENSG00000164418,lightgreen
ENSG00000164494,whitesmoke
ENSG00000164920,lightgreen
ENSG00000166965,wheat
ENSG00000168438,darkorange
ENSG00000169919,whitesmoke
ENSG00000170571,seashell
ENSG00000171222,whitesmoke
ENSG00000171453,whitesmoke
ENSG00000171492,palegreen
ENSG00000175104,gold
ENSG00000177189,whitesmoke
ENSG00000182979,lightyellow
ENSG00000185808,seashell
ENSG00000188549,brown
ENSG00000196505,goldenrod
ENSG00000196968,whitesmoke
ENSG00000197050,whitesmoke
ENSG00000197217,moccasin
ENSG00000198814,greenyellow
ENSG00000214413,brown
ENSG00000214944,honeydew
ENSG00000232346,yellow
ENSG00000252498,whitesmoke
ENSG00000270916,brown
ENSG00000290846,lightgreen
ENSG00000001460,yellow
ENSG00000005156,whitesmoke
ENSG00000009780,wheat
ENSG00000039139,whitesmoke
ENSG00000065970,whitesmoke
ENSG00000068137,darkgreen
ENSG00000070950,yellow
ENSG00000101844,palegreen
ENSG00000110921,chocolate
ENSG00000111875,brown
ENSG00000113657,whitesmoke
ENSG00000114698,lawngreen
ENSG00000114779,palegreen
ENSG00000118640,lightgreen
ENSG00000119321,peachpuff
ENSG00000120539,palegreen
ENSG00000125388,whitesmoke
ENSG00000127337,whitesmoke
ENSG00000127870,salmon
ENSG00000133027,goldenrod
ENSG00000136870,moccasin
ENSG00000136936,brown
ENSG00000143776,brown
ENSG00000146067,palegreen
ENSG00000147654,goldenrod
ENSG00000150403,saddlebrown
ENSG00000152520,whitesmoke
ENSG00000153558,lightgreen
ENSG00000154265,lawngreen
ENSG00000155508,seashell
ENSG00000155561,seashell
ENSG00000157181,burlywood
ENSG00000159348,sandybrown
ENSG00000159388,palegreen
ENSG00000159596,darkolivegreen
ENSG00000160691,yellow
ENSG00000160908,whitesmoke
ENSG00000160948,palegoldenrod
ENSG00000165802,chocolate
ENSG00000167695,blanchedalmond
ENSG00000171135,tan
ENSG00000174132,darkolivegreen
ENSG00000179630,lightgreen
ENSG00000183475,moccasin
ENSG00000185565,brown
ENSG00000189319,whitesmoke
ENSG00000196365,whitesmoke
ENSG00000203805,tan
ENSG00000213923,whitesmoke
ENSG00000221909,whitesmoke
ENSG00000223745,brown
ENSG00000229087,whitesmoke
ENSG00000254470,burlywood
ENSG00000260804,whitesmoke
ENSG00000271122,lightgreen
ENSG00000271601,whitesmoke
ENSG00000275066,whitesmoke
ENSG00000289045,saddlebrown
ENSG00000003096,lightgreen
ENSG00000013275,sandybrown
ENSG00000024048,bisque
ENSG00000042429,bisque
ENSG00000053371,sandybrown
ENSG00000064651,moccasin
ENSG00000072195,whitesmoke
ENSG00000077150,whitesmoke
ENSG00000084731,lawngreen
ENSG00000099949,lightgreen
ENSG00000101134,lightgreen
ENSG00000101138,whitesmoke
ENSG00000101181,olive
ENSG00000104613,whitesmoke
ENSG00000104731,cornsilk
ENSG00000105429,peachpuff
ENSG00000105835,whitesmoke
ENSG00000107854,whitesmoke
ENSG00000110074,whitesmoke
ENSG00000114023,brown
ENSG00000114395,goldenrod
ENSG00000114735,peachpuff
ENSG00000116741,tan
ENSG00000116830,whitesmoke
ENSG00000117602,peachpuff
ENSG00000122863,blanchedalmond
ENSG00000124383,goldenrod
ENSG00000124608,whitesmoke
ENSG00000125841,lightgreen
ENSG00000125863,brown
ENSG00000133114,whitesmoke
ENSG00000137947,cornsilk
ENSG00000138002,darkgreen
ENSG00000142686,whitesmoke
ENSG00000144043,papayawhip
ENSG00000144802,lightgreen
ENSG00000146828,whitesmoke
ENSG00000148985,cornsilk
ENSG00000149930,whitesmoke
ENSG00000152147,goldenrod
ENSG00000152422,whitesmoke
ENSG00000153721,whitesmoke
ENSG00000154079,moccasin
ENSG00000155008,whitesmoke
ENSG00000157895,honeydew
ENSG00000160783,bisque
ENSG00000162139,yellow
ENSG00000162496,lightyellow
ENSG00000165175,brown
ENSG00000168067,whitesmoke
ENSG00000171612,lawngreen
ENSG00000173818,whitesmoke
ENSG00000175505,whitesmoke
ENSG00000176390,bisque
ENSG00000184182,lightgreen
ENSG00000185722,whitesmoke
ENSG00000186174,whitesmoke
ENSG00000187210,oldlace
ENSG00000196072,whitesmoke
ENSG00000197818,limegreen
ENSG00000197905,peachpuff
ENSG00000198815,brown
ENSG00000205155,whitesmoke
ENSG00000234608,lightgreen
ENSG00000237190,tan
ENSG00000239305,lightgreen
ENSG00000256268,bisque
ENSG00000262265,goldenrod
ENSG00000267809,yellow
ENSG00000269343,ivory
ENSG00000271643,whitesmoke
ENSG00000281344,whitesmoke
ENSG00000036054,brown
ENSG00000047315,darkolivegreen
ENSG00000064763,cornsilk
ENSG00000066379,palegoldenrod
ENSG00000077157,whitesmoke
ENSG00000085276,lightyellow
ENSG00000085563,lawngreen
ENSG00000089060,whitesmoke
ENSG00000102763,cornsilk
ENSG00000102978,burlywood
ENSG00000104756,goldenrod
ENSG00000106635,seashell
ENSG00000109929,greenyellow
ENSG00000110046,yellow
ENSG00000112234,lightsalmon
ENSG00000114270,whitesmoke
ENSG00000116205,saddlebrown
ENSG00000116266,salmon
ENSG00000117408,oldlace
ENSG00000117593,gold
ENSG00000118162,whitesmoke
ENSG00000118922,ivory
ENSG00000119673,whitesmoke
ENSG00000120159,whitesmoke
ENSG00000120526,brown
ENSG00000122483,peachpuff
ENSG00000122696,brown
ENSG00000124813,whitesmoke
ENSG00000130159,darkorange
ENSG00000130311,whitesmoke
ENSG00000130695,burlywood
ENSG00000136152,whitesmoke
ENSG00000136274,whitesmoke
ENSG00000136997,lime
ENSG00000137054,olive
ENSG00000138347,tan
ENSG00000138468,whitesmoke
ENSG00000139173,seashell
ENSG00000142655,darkorange
ENSG00000143952,sandybrown
ENSG00000144909,whitesmoke
ENSG00000149968,seashell
ENSG00000150593,gold
ENSG00000151617,bisque
ENSG00000151726,ivory
ENSG00000159267,saddlebrown
ENSG00000159459,blanchedalmond
ENSG00000162390,whitesmoke
ENSG00000162402,peachpuff
ENSG00000162601,whitesmoke
ENSG00000162618,brown
ENSG00000163001,lightyellow
ENSG00000163818,darkgreen
ENSG00000164125,chocolate
ENSG00000165475,yellow
ENSG00000165533,lightgreen
ENSG00000166925,yellow
ENSG00000169062,lightyellow
ENSG00000172164,whitesmoke
ENSG00000172890,ivory
ENSG00000173020,whitesmoke
ENSG00000173214,lawngreen
ENSG00000173588,yellow
ENSG00000174943,whitesmoke
ENSG00000175287,lightgreen
ENSG00000177363,whitesmoke
ENSG00000178921,gold
ENSG00000185404,yellow
ENSG00000185904,brown
ENSG00000186501,whitesmoke
ENSG00000188997,darkorange
ENSG00000196159,whitesmoke
ENSG00000197928,brown
ENSG00000204160,whitesmoke
ENSG00000204923,lightsalmon
ENSG00000213995,saddlebrown
ENSG00000233016,burlywood
ENSG00000239227,yellow
ENSG00000244485,whitesmoke
ENSG00000246859,saddlebrown
ENSG00000252759,whitesmoke
ENSG00000257923,whitesmoke
ENSG00000276234,whitesmoke
ENSG00000006712,yellow
ENSG00000010803,bisque
ENSG00000012174,lightgreen
ENSG00000034713,papayawhip
ENSG00000040487,peachpuff
ENSG00000040633,whitesmoke
ENSG00000048028,brown
ENSG00000056998,lemonchiffon
ENSG00000071575,whitesmoke
ENSG00000074356,whitesmoke
ENSG00000088387,tan
ENSG00000096401,whitesmoke
ENSG00000101457,lime
ENSG00000108443,yellow
ENSG00000110427,brown
ENSG00000111817,saddlebrown
ENSG00000114554,moccasin
ENSG00000116977,tan
ENSG00000121621,bisque
ENSG00000123415,brown
ENSG00000123496,brown
ENSG00000124788,whitesmoke
ENSG00000125812,palegreen
ENSG00000126254,sandybrown
ENSG00000127419,chocolate
ENSG00000128394,darkorange
ENSG00000130830,palegreen
ENSG00000131069,whitesmoke
ENSG00000132718,whitesmoke
ENSG00000134470,brown
ENSG00000136111,cornsilk
ENSG00000137656,whitesmoke
ENSG00000137720,brown
ENSG00000138756,yellow
ENSG00000141627,whitesmoke
ENSG00000142459,yellow
ENSG00000143850,honeydew
ENSG00000143867,whitesmoke
ENSG00000145743,whitesmoke
ENSG00000148400,goldenrod
ENSG00000152642,darkolivegreen
ENSG00000153132,whitesmoke
ENSG00000155380,lemonchiffon
ENSG00000156831,darkgreen
ENSG00000163644,chocolate
ENSG00000167302,whitesmoke
ENSG00000167333,gold
ENSG00000170145,whitesmoke
ENSG00000170852,lightsalmon
ENSG00000173548,whitesmoke
ENSG00000177963,blanchedalmond
ENSG00000180011,greenyellow
ENSG00000181610,gold
ENSG00000182141,whitesmoke
ENSG00000182150,olive
ENSG00000184384,lemonchiffon
ENSG00000185361,whitesmoke
ENSG00000187626,gold
ENSG00000196865,palegoldenrod
ENSG00000198863,whitesmoke
ENSG00000204054,whitesmoke
ENSG00000213614,peachpuff
ENSG00000235560,burlywood
ENSG00000289437,lightgreen
ENSG00000001036,olive
ENSG00000010165,yellow
ENSG00000037042,lime
ENSG00000037241,brown
ENSG00000054598,whitesmoke
ENSG00000057663,wheat
ENSG00000063244,moccasin
ENSG00000073331,whitesmoke
ENSG00000084072,whitesmoke
ENSG00000085511,yellow
ENSG00000100568,seashell
ENSG00000101166,seashell
ENSG00000102760,saddlebrown
ENSG00000103051,limegreen
ENSG00000103494,limegreen
ENSG00000107185,brown
ENSG00000110328,brown
ENSG00000111196,lime
ENSG00000117586,whitesmoke
ENSG00000119537,whitesmoke
ENSG00000121931,whitesmoke
ENSG00000123146,lemonchiffon
ENSG00000123684,whitesmoke
ENSG00000126953,brown
ENSG00000128159,honeydew
ENSG00000130005,darkorange
ENSG00000131386,whitesmoke
ENSG00000131931,olive
ENSG00000132840,whitesmoke
ENSG00000134243,saddlebrown
ENSG00000136603,yellow
ENSG00000136982,seashell
ENSG00000138785,tan
ENSG00000140553,whitesmoke
ENSG00000140650,whitesmoke
ENSG00000141644,bisque
ENSG00000142166,peachpuff
ENSG00000143669,whitesmoke
ENSG00000143751,blanchedalmond
ENSG00000145734,olive
ENSG00000147118,whitesmoke
ENSG00000147679,peachpuff
ENSG00000151789,moccasin
ENSG00000153107,papayawhip
ENSG00000153179,darkgreen
ENSG00000153561,yellow
ENSG00000154429,yellow
ENSG00000155330,peachpuff
ENSG00000155903,whitesmoke
ENSG00000163697,peachpuff
ENSG00000163781,tan
ENSG00000163867,whitesmoke
ENSG00000164221,whitesmoke
ENSG00000165684,seashell
ENSG00000166275,oldlace
ENSG00000168890,lime
ENSG00000171208,greenyellow
ENSG00000171408,whitesmoke
ENSG00000172531,sandybrown
ENSG00000173156,wheat
ENSG00000175575,lightsalmon
ENSG00000178694,whitesmoke
ENSG00000178695,salmon
ENSG00000180758,whitesmoke
ENSG00000180953,goldenrod
ENSG00000181027,olive
ENSG00000184100,whitesmoke
ENSG00000184497,palegoldenrod
ENSG00000188227,whitesmoke
ENSG00000197557,darkorange
ENSG00000197713,gold
ENSG00000212978,palegoldenrod
ENSG00000224032,sandybrown
ENSG00000224660,gold
ENSG00000227973,burlywood
ENSG00000230124,brown
ENSG00000234327,greenyellow
ENSG00000240849,lemonchiffon
ENSG00000007944,whitesmoke
ENSG00000011347,gold
ENSG00000026950,lightgreen
ENSG00000036549,whitesmoke
ENSG00000075188,whitesmoke
ENSG00000075218,whitesmoke
ENSG00000078237,whitesmoke
ENSG00000079387,whitesmoke
ENSG00000083812,whitesmoke
ENSG00000086504,olive
ENSG00000088298,lime
ENSG00000088876,brown
ENSG00000100226,whitesmoke
ENSG00000100479,limegreen
ENSG00000100911,darkolivegreen
ENSG00000102554,lightyellow
ENSG00000104447,peachpuff
ENSG00000105379,darkgreen
ENSG00000107815,papayawhip
ENSG00000107929,whitesmoke
ENSG00000109189,whitesmoke
ENSG00000110048,whitesmoke
ENSG00000113194,lawngreen
ENSG00000114473,whitesmoke
ENSG00000118515,bisque
ENSG00000119977,salmon
ENSG00000125871,yellow
ENSG00000130299,whitesmoke
ENSG00000131375,goldenrod
ENSG00000131378,brown
ENSG00000132436,yellow
ENSG00000134285,whitesmoke
ENSG00000136935,brown
ENSG00000137752,whitesmoke
ENSG00000138764,chocolate
ENSG00000139428,darkorange
ENSG00000140395,seashell
ENSG00000141428,brown
ENSG00000142188,blanchedalmond
ENSG00000146054,tan
ENSG00000147044,brown
ENSG00000157766,whitesmoke
ENSG00000158411,whitesmoke
ENSG00000158711,darkolivegreen
ENSG00000162688,lightgreen
ENSG00000164296,gold
ENSG00000164904,peachpuff
ENSG00000165152,whitesmoke
ENSG00000166169,lightgreen
ENSG00000167157,whitesmoke
ENSG00000167186,lightgreen
ENSG00000167881,tan
ENSG00000169016,whitesmoke
ENSG00000169855,darkorange
ENSG00000171953,brown
ENSG00000172366,sandybrown
ENSG00000173264,whitesmoke
ENSG00000175224,whitesmoke
ENSG00000175395,whitesmoke
ENSG00000176422,lightyellow
ENSG00000177051,moccasin
ENSG00000177225,lemonchiffon
ENSG00000181035,lightgreen
ENSG00000181090,whitesmoke
ENSG00000181894,lightgreen
ENSG00000182612,whitesmoke
ENSG00000183258,whitesmoke
ENSG00000184441,tan
ENSG00000186665,whitesmoke
ENSG00000187608,papayawhip
ENSG00000197019,brown
ENSG00000198331,wheat
ENSG00000206562,whitesmoke
ENSG00000213123,whitesmoke
ENSG00000213621,brown
ENSG00000227051,darkorange
ENSG00000248327,whitesmoke
ENSG00000254685,olive
ENSG00000001631,whitesmoke
ENSG00000003056,chocolate
ENSG00000008869,brown
ENSG00000011143,whitesmoke
ENSG00000020256,whitesmoke
ENSG00000038210,chocolate
ENSG00000040199,whitesmoke
ENSG00000043143,tan
ENSG00000049192,whitesmoke
ENSG00000051341,sandybrown
ENSG00000064601,sandybrown
ENSG00000065833,salmon
ENSG00000068024,whitesmoke
ENSG00000073921,ivory
ENSG00000074527,palegoldenrod
ENSG00000077458,whitesmoke
ENSG00000078804,whitesmoke
ENSG00000091844,brown
ENSG00000092020,goldenrod
ENSG00000092208,lime
ENSG00000096717,brown
ENSG00000099219,brown
ENSG00000102870,darkorange
ENSG00000104915,darkolivegreen
ENSG00000104980,whitesmoke
ENSG00000105483,whitesmoke
ENSG00000106771,limegreen
ENSG00000109586,bisque
ENSG00000109854,green
ENSG00000115183,palegoldenrod
ENSG00000116731,whitesmoke
ENSG00000119772,whitesmoke
ENSG00000124688,chocolate
ENSG00000127948,sandybrown
ENSG00000128016,whitesmoke
ENSG00000131368,whitesmoke
ENSG00000131473,bisque
ENSG00000135124,whitesmoke
ENSG00000135999,palegreen
ENSG00000137040,brown
ENSG00000137200,whitesmoke
ENSG00000138231,burlywood
ENSG00000141098,yellow
ENSG00000141873,whitesmoke
ENSG00000143379,whitesmoke
ENSG00000143622,brown
ENSG00000144840,whitesmoke
ENSG00000148308,papayawhip
ENSG00000152256,saddlebrown
ENSG00000155755,cornsilk
ENSG00000156502,lightgreen
ENSG00000159592,bisque
ENSG00000161277,moccasin
ENSG00000162065,whitesmoke
ENSG00000162645,whitesmoke
ENSG00000163634,wheat
ENSG00000164751,gold
ENSG00000165355,blanchedalmond
ENSG00000168010,whitesmoke
ENSG00000168234,yellow
ENSG00000168300,green
ENSG00000168813,whitesmoke
ENSG00000169689,bisque
ENSG00000171735,wheat
ENSG00000173040,palegoldenrod
ENSG00000183048,yellow
ENSG00000197093,gold
ENSG00000198554,whitesmoke
ENSG00000198642,chocolate
ENSG00000198796,whitesmoke
ENSG00000205362,greenyellow
ENSG00000206503,lightsalmon
ENSG00000213390,lawngreen
ENSG00000221818,burlywood
ENSG00000224578,darkolivegreen
ENSG00000229344,bisque
ENSG00000235508,yellow
ENSG00000253833,whitesmoke
ENSG00000257218,yellow
ENSG00000276529,blanchedalmond
ENSG00000288888,whitesmoke
ENSG00000288924,lawngreen
ENSG00000288948,whitesmoke
ENSG00000291228,whitesmoke
ENSG00000016864,whitesmoke
ENSG00000059588,darkgreen
ENSG00000067369,whitesmoke
ENSG00000068305,whitesmoke
ENSG00000073536,brown
ENSG00000101464,cornsilk
ENSG00000101955,blanchedalmond
ENSG00000102103,blanchedalmond
ENSG00000102780,whitesmoke
ENSG00000105135,whitesmoke
ENSG00000106245,lawngreen
ENSG00000109501,brown
ENSG00000111860,whitesmoke
ENSG00000114098,oldlace
ENSG00000114450,whitesmoke
ENSG00000118495,blanchedalmond
ENSG00000119938,ivory
ENSG00000121413,palegoldenrod
ENSG00000129347,bisque
ENSG00000129636,whitesmoke
ENSG00000130669,lemonchiffon
ENSG00000131043,whitesmoke
ENSG00000131115,darkgreen
ENSG00000131373,yellow
ENSG00000132275,lime
ENSG00000133943,whitesmoke
ENSG00000134575,whitesmoke
ENSG00000135480,darkorange
ENSG00000135617,whitesmoke
ENSG00000137075,blanchedalmond
ENSG00000138081,whitesmoke
ENSG00000141570,yellow
ENSG00000144306,peachpuff
ENSG00000144354,moccasin
ENSG00000146072,whitesmoke
ENSG00000148187,ivory
ENSG00000148344,whitesmoke
ENSG00000149541,whitesmoke
ENSG00000151135,lawngreen
ENSG00000153714,sandybrown
ENSG00000155313,lightyellow
ENSG00000155324,whitesmoke
ENSG00000155850,whitesmoke
ENSG00000155893,tan
ENSG00000159063,brown
ENSG00000160447,sandybrown
ENSG00000160539,limegreen
ENSG00000163444,whitesmoke
ENSG00000163491,whitesmoke
ENSG00000163577,blanchedalmond
ENSG00000163827,whitesmoke
ENSG00000164308,bisque
ENSG00000165494,darkorange
ENSG00000165675,brown
ENSG00000166133,brown
ENSG00000166435,whitesmoke
ENSG00000167778,whitesmoke
ENSG00000169762,whitesmoke
ENSG00000170185,lime
ENSG00000170485,blanchedalmond
ENSG00000170677,lightyellow
ENSG00000171262,yellow
ENSG00000172260,limegreen
ENSG00000173409,salmon
ENSG00000182534,moccasin
ENSG00000184277,brown
ENSG00000188641,greenyellow
ENSG00000197969,whitesmoke
ENSG00000201649,darkolivegreen
ENSG00000203666,whitesmoke
ENSG00000215068,chocolate
ENSG00000226928,whitesmoke
ENSG00000252242,whitesmoke
ENSG00000279159,whitesmoke
ENSG00000007341,whitesmoke
ENSG00000007952,whitesmoke
ENSG00000010072,whitesmoke
ENSG00000029639,yellow
ENSG00000032219,darkorange
ENSG00000035115,moccasin
ENSG00000046647,whitesmoke
ENSG00000064199,whitesmoke
ENSG00000065057,sandybrown
ENSG00000072310,oldlace
ENSG00000073711,wheat
ENSG00000082458,darkorange
ENSG00000083720,peachpuff
ENSG00000087510,cornsilk
ENSG00000088179,whitesmoke
ENSG00000089234,moccasin
ENSG00000090776,moccasin
ENSG00000101152,whitesmoke
ENSG00000101384,whitesmoke
ENSG00000104343,cornsilk
ENSG00000104365,sandybrown
ENSG00000104763,bisque
ENSG00000107036,tan
ENSG00000107443,lightyellow
ENSG00000108829,yellow
ENSG00000119682,whitesmoke
ENSG00000119688,whitesmoke
ENSG00000121940,whitesmoke
ENSG00000128191,whitesmoke
ENSG00000132676,brown
ENSG00000136048,darkorange
ENSG00000137413,whitesmoke
ENSG00000139517,whitesmoke
ENSG00000142669,sandybrown
ENSG00000143294,saddlebrown
ENSG00000143971,saddlebrown
ENSG00000147162,whitesmoke
ENSG00000147684,lightsalmon
ENSG00000148153,honeydew
ENSG00000149557,oldlace
ENSG00000151240,blanchedalmond
ENSG00000152457,lightgreen
ENSG00000155158,lightgreen
ENSG00000155287,whitesmoke
ENSG00000156398,burlywood
ENSG00000156521,whitesmoke
ENSG00000162959,darkgreen
ENSG00000163389,burlywood
ENSG00000164086,whitesmoke
ENSG00000164168,seashell
ENSG00000164236,whitesmoke
ENSG00000164329,lightsalmon
ENSG00000166266,whitesmoke
ENSG00000172456,papayawhip
ENSG00000172661,papayawhip
ENSG00000176623,blanchedalmond
ENSG00000177426,burlywood
ENSG00000180776,lawngreen
ENSG00000182263,yellow
ENSG00000182383,whitesmoke
ENSG00000183665,goldenrod
ENSG00000185946,burlywood
ENSG00000186815,whitesmoke
ENSG00000197415,whitesmoke
ENSG00000198081,wheat
ENSG00000198157,moccasin
ENSG00000198464,whitesmoke
ENSG00000203705,brown
ENSG00000204677,brown
ENSG00000213516,whitesmoke
ENSG00000218175,gold
ENSG00000219545,blanchedalmond
ENSG00000224531,salmon
ENSG00000241878,yellow
ENSG00000254682,whitesmoke
ENSG00000262454,whitesmoke
ENSG00000263002,lightyellow
ENSG00000269293,tan
ENSG00000285437,yellow
ENSG00000291091,whitesmoke
ENSG00000042445,whitesmoke
ENSG00000068796,salmon
ENSG00000070831,whitesmoke
ENSG00000087095,olive
ENSG00000100266,salmon
ENSG00000100575,blanchedalmond
ENSG00000101019,peachpuff
ENSG00000102078,whitesmoke
ENSG00000102699,brown
ENSG00000102738,sandybrown
ENSG00000103254,whitesmoke
ENSG00000104687,whitesmoke
ENSG00000104856,whitesmoke
ENSG00000105373,blanchedalmond
ENSG00000105976,brown
ENSG00000111843,olive
ENSG00000113389,darkorange
ENSG00000113441,whitesmoke
ENSG00000113734,darkolivegreen
ENSG00000115226,brown
ENSG00000119231,lightsalmon
ENSG00000119720,tan
ENSG00000119929,whitesmoke
ENSG00000122386,whitesmoke
ENSG00000124120,brown
ENSG00000124459,olive
ENSG00000124523,whitesmoke
ENSG00000126561,whitesmoke
ENSG00000126790,olive
ENSG00000130038,yellow
ENSG00000130749,chocolate
ENSG00000133641,sandybrown
ENSG00000136631,palegreen
ENSG00000141569,whitesmoke
ENSG00000145476,lemonchiffon
ENSG00000145868,lightgreen
ENSG00000145908,whitesmoke
ENSG00000148481,seashell
ENSG00000149476,green
ENSG00000152749,olive
ENSG00000157404,papayawhip
ENSG00000159873,whitesmoke
ENSG00000160633,whitesmoke
ENSG00000161956,whitesmoke
ENSG00000164252,whitesmoke
ENSG00000165389,salmon
ENSG00000165775,sandybrown
ENSG00000166225,whitesmoke
ENSG00000167685,brown
ENSG00000170448,darkolivegreen
ENSG00000175279,salmon
ENSG00000175354,sandybrown
ENSG00000176105,lightsalmon
ENSG00000179029,chocolate
ENSG00000179943,peachpuff
ENSG00000180822,whitesmoke
ENSG00000184260,gold
ENSG00000185344,brown
ENSG00000187266,saddlebrown
ENSG00000188283,brown
ENSG00000198648,oldlace
ENSG00000198839,whitesmoke
ENSG00000218283,whitesmoke
ENSG00000221955,papayawhip
ENSG00000224546,whitesmoke
ENSG00000225558,whitesmoke
ENSG00000237214,burlywood
ENSG00000245275,brown
ENSG00000257178,whitesmoke
ENSG00000258405,whitesmoke
ENSG00000260279,whitesmoke
ENSG00000261236,whitesmoke
ENSG00000291131,sandybrown
ENSG00000001629,whitesmoke
ENSG00000005059,whitesmoke
ENSG00000015153,whitesmoke
ENSG00000020633,lawngreen
ENSG00000028137,whitesmoke
ENSG00000054611,whitesmoke
ENSG00000077514,gold
ENSG00000100299,lightgreen
ENSG00000100504,whitesmoke
ENSG00000103671,saddlebrown
ENSG00000106344,yellow
ENSG00000108666,bisque
ENSG00000110274,whitesmoke
ENSG00000115392,blanchedalmond
ENSG00000115568,darkolivegreen
ENSG00000115942,wheat
ENSG00000117385,whitesmoke
ENSG00000119636,darkorange
ENSG00000122299,whitesmoke
ENSG00000125652,whitesmoke
ENSG00000126870,whitesmoke
ENSG00000131196,whitesmoke
ENSG00000131503,lightsalmon
ENSG00000131845,whitesmoke
ENSG00000132274,whitesmoke
ENSG00000133983,burlywood
ENSG00000135778,whitesmoke
ENSG00000136270,lightyellow
ENSG00000137819,yellow
ENSG00000138629,lightsalmon
ENSG00000138678,cornsilk
ENSG00000138738,greenyellow
ENSG00000139132,whitesmoke
ENSG00000139579,darkorange
ENSG00000140511,whitesmoke
ENSG00000143147,burlywood
ENSG00000143633,whitesmoke
ENSG00000146802,chocolate
ENSG00000147853,whitesmoke
ENSG00000149308,lightgreen
ENSG00000149428,whitesmoke
ENSG00000149554,seashell
ENSG00000151292,whitesmoke
ENSG00000151881,darkolivegreen
ENSG00000153823,whitesmoke
ENSG00000155189,burlywood
ENSG00000157214,whitesmoke
ENSG00000160446,saddlebrown
ENSG00000162076,whitesmoke
ENSG00000162595,brown
ENSG00000162631,blanchedalmond
ENSG00000163602,whitesmoke
ENSG00000163617,whitesmoke
ENSG00000165209,wheat
ENSG00000166478,seashell
ENSG00000167113,yellow
ENSG00000169914,whitesmoke
ENSG00000170832,tan
ENSG00000170903,chocolate
ENSG00000171291,brown
ENSG00000180035,lightgreen
ENSG00000185009,gold
ENSG00000185483,lightgreen
ENSG00000185621,lightsalmon
ENSG00000186866,whitesmoke
ENSG00000197162,whitesmoke
ENSG00000197622,whitesmoke
ENSG00000197635,honeydew
ENSG00000198042,brown
ENSG00000198890,whitesmoke
ENSG00000204237,whitesmoke
ENSG00000223865,gold
ENSG00000225973,whitesmoke
ENSG00000226328,whitesmoke
ENSG00000263528,yellow
ENSG00000264920,whitesmoke
ENSG00000278053,peachpuff
ENSG00000287516,whitesmoke
ENSG00000289353,lightyellow
ENSG00000291071,lawngreen
ENSG00000291203,whitesmoke
ENSG00000007255,whitesmoke
ENSG00000013016,ivory
ENSG00000063978,olive
ENSG00000075292,whitesmoke
ENSG00000075702,yellow
ENSG00000075945,honeydew
ENSG00000077721,blanchedalmond
ENSG00000079931,whitesmoke
ENSG00000081189,whitesmoke
ENSG00000088970,lightyellow
ENSG00000100105,moccasin
ENSG00000106004,whitesmoke
ENSG00000107643,peachpuff
ENSG00000107829,honeydew
ENSG00000108219,whitesmoke
ENSG00000109436,whitesmoke
ENSG00000112414,gold
ENSG00000113578,lightsalmon
ENSG00000114993,seashell
ENSG00000117748,whitesmoke
ENSG00000120925,lightgreen
ENSG00000123219,lightsalmon
ENSG00000126016,whitesmoke
ENSG00000127824,burlywood
ENSG00000128908,brown
ENSG00000131791,oldlace
ENSG00000132952,chocolate
ENSG00000133424,tan
ENSG00000135924,wheat
ENSG00000135976,whitesmoke
ENSG00000136379,whitesmoke
ENSG00000137764,whitesmoke
ENSG00000138835,chocolate
ENSG00000140945,yellow
ENSG00000141298,lime
ENSG00000141642,burlywood
ENSG00000143416,whitesmoke
ENSG00000143514,salmon
ENSG00000144040,darkolivegreen
ENSG00000144535,whitesmoke
ENSG00000147100,whitesmoke
ENSG00000149091,whitesmoke
ENSG00000152409,whitesmoke
ENSG00000156162,blanchedalmond
ENSG00000162062,whitesmoke
ENSG00000163349,darkgreen
ENSG00000164466,papayawhip
ENSG00000164930,moccasin
ENSG00000165434,whitesmoke
ENSG00000165704,bisque
ENSG00000167562,lawngreen
ENSG00000168887,gold
ENSG00000169241,darkorange
ENSG00000169251,greenyellow
ENSG00000171700,whitesmoke
ENSG00000173542,blanchedalmond
ENSG00000174718,darkolivegreen
ENSG00000175899,sandybrown
ENSG00000176410,whitesmoke
ENSG00000178700,sandybrown
ENSG00000180773,whitesmoke
ENSG00000180806,whitesmoke
ENSG00000181472,bisque
ENSG00000182518,chocolate
ENSG00000183655,whitesmoke
ENSG00000184445,goldenrod
ENSG00000184898,darkgreen
ENSG00000187049,whitesmoke
ENSG00000187134,seashell
ENSG00000189376,lime
ENSG00000197136,saddlebrown
ENSG00000205765,bisque
ENSG00000218596,lightgreen
ENSG00000221866,bisque
ENSG00000224086,lightsalmon
ENSG00000240342,sandybrown
ENSG00000241852,bisque
ENSG00000253731,yellow
ENSG00000273559,darkorange
ENSG00000279170,lightgreen
ENSG00000280798,goldenrod
ENSG00000286619,whitesmoke
ENSG00000290928,yellow
ENSG00000291093,whitesmoke
ENSG00000293510,peachpuff
ENSG00000015532,whitesmoke
ENSG00000054282,burlywood
ENSG00000067221,whitesmoke
ENSG00000068654,whitesmoke
ENSG00000075711,whitesmoke
ENSG00000077585,lawngreen
ENSG00000095906,whitesmoke
ENSG00000100099,palegoldenrod
ENSG00000101343,brown
ENSG00000102390,yellow
ENSG00000102710,brown
ENSG00000102755,seashell
ENSG00000103249,palegreen
ENSG00000103995,whitesmoke
ENSG00000104324,whitesmoke
ENSG00000104361,whitesmoke
ENSG00000105793,whitesmoke
ENSG00000107779,limegreen
ENSG00000108797,moccasin
ENSG00000112365,palegreen
ENSG00000115520,darkolivegreen
ENSG00000116095,whitesmoke
ENSG00000117262,salmon
ENSG00000120458,olive
ENSG00000121039,lawngreen
ENSG00000121897,brown
ENSG00000125352,darkolivegreen
ENSG00000132600,gold
ENSG00000135763,saddlebrown
ENSG00000136146,whitesmoke
ENSG00000137269,lime
ENSG00000137802,whitesmoke
ENSG00000138829,lightyellow
ENSG00000139624,whitesmoke
ENSG00000140939,whitesmoke
ENSG00000141026,blanchedalmond
ENSG00000143786,cornsilk
ENSG00000143942,salmon
ENSG00000145780,bisque
ENSG00000146733,wheat
ENSG00000147421,darkolivegreen
ENSG00000149256,seashell
ENSG00000152229,seashell
ENSG00000155744,lawngreen
ENSG00000155868,whitesmoke
ENSG00000157353,lawngreen
ENSG00000158480,whitesmoke
ENSG00000159086,whitesmoke
ENSG00000160221,honeydew
ENSG00000162522,whitesmoke
ENSG00000162972,darkorange
ENSG00000164151,whitesmoke
ENSG00000164414,bisque
ENSG00000165288,ivory
ENSG00000165304,blanchedalmond
ENSG00000167842,tan
ENSG00000171016,oldlace
ENSG00000171824,green
ENSG00000172465,bisque
ENSG00000173540,seashell
ENSG00000176058,lightgreen
ENSG00000179348,brown
ENSG00000181007,limegreen
ENSG00000184634,whitesmoke
ENSG00000185838,saddlebrown
ENSG00000185909,brown
ENSG00000196950,whitesmoke
ENSG00000197536,whitesmoke
ENSG00000197852,limegreen
ENSG00000197903,gold
ENSG00000198018,whitesmoke
ENSG00000198039,brown
ENSG00000205423,peachpuff
ENSG00000205629,whitesmoke
ENSG00000211448,lightyellow
ENSG00000215114,brown
ENSG00000230615,whitesmoke
ENSG00000250742,whitesmoke
ENSG00000258056,oldlace
ENSG00000258634,darkorange
ENSG00000275632,bisque
ENSG00000002330,darkorange
ENSG00000006757,yellow
ENSG00000010017,olive
ENSG00000010539,salmon
ENSG00000032742,palegoldenrod
ENSG00000059573,lawngreen
ENSG00000067445,whitesmoke
ENSG00000077044,whitesmoke
ENSG00000077238,chocolate
ENSG00000077713,lightgreen
ENSG00000082213,moccasin
ENSG00000082996,sandybrown
ENSG00000083093,bisque
ENSG00000083290,lightgreen
ENSG00000087884,blanchedalmond
ENSG00000094631,peachpuff
ENSG00000100697,whitesmoke
ENSG00000103043,darkorange
ENSG00000108187,oldlace
ENSG00000110172,tan
ENSG00000111647,olive
ENSG00000113615,salmon
ENSG00000114770,lightgreen
ENSG00000116001,goldenrod
ENSG00000117280,whitesmoke
ENSG00000117481,peachpuff
ENSG00000117600,whitesmoke
ENSG00000117682,lightgreen
ENSG00000119227,lightyellow
ENSG00000124074,salmon
ENSG00000129667,whitesmoke
ENSG00000130702,palegreen
ENSG00000131459,burlywood
ENSG00000133422,lawngreen
ENSG00000134490,whitesmoke
ENSG00000136875,whitesmoke
ENSG00000137094,lawngreen
ENSG00000137821,bisque
ENSG00000138495,lightsalmon
ENSG00000140332,whitesmoke
ENSG00000143315,limegreen
ENSG00000146830,yellow
ENSG00000147050,cornsilk
ENSG00000148218,whitesmoke
ENSG00000149499,lawngreen
ENSG00000149743,green
ENSG00000152291,oldlace
ENSG00000156453,whitesmoke
ENSG00000156697,whitesmoke
ENSG00000156858,whitesmoke
ENSG00000157224,wheat
ENSG00000162825,olive
ENSG00000162976,lightyellow
ENSG00000164219,lightsalmon
ENSG00000164535,whitesmoke
ENSG00000164743,papayawhip
ENSG00000165806,whitesmoke
ENSG00000166140,burlywood
ENSG00000168306,papayawhip
ENSG00000168310,whitesmoke
ENSG00000169410,darkolivegreen
ENSG00000170085,lemonchiffon
ENSG00000170899,ivory
ENSG00000171940,chocolate
ENSG00000174080,brown
ENSG00000176055,whitesmoke
ENSG00000177150,lightyellow
ENSG00000181788,whitesmoke
ENSG00000184708,cornsilk
ENSG00000184785,whitesmoke
ENSG00000185127,seashell
ENSG00000185418,whitesmoke
ENSG00000185761,papayawhip
ENSG00000186260,salmon
ENSG00000187531,whitesmoke
ENSG00000189308,palegoldenrod
ENSG00000196437,yellow
ENSG00000196754,bisque
ENSG00000204469,sandybrown
ENSG00000204519,lightyellow
ENSG00000212664,brown
ENSG00000213079,gold
ENSG00000224945,whitesmoke
ENSG00000229619,papayawhip
ENSG00000230202,honeydew
ENSG00000235173,limegreen
ENSG00000240386,brown
ENSG00000261227,brown
ENSG00000268043,palegreen
ENSG00000270607,brown
ENSG00000271334,lawngreen
ENSG00000281183,palegreen
ENSG00000285756,whitesmoke
ENSG00000004866,sandybrown
ENSG00000024862,whitesmoke
ENSG00000061794,seashell
ENSG00000072163,chocolate
ENSG00000072422,brown
ENSG00000078142,whitesmoke
ENSG00000080200,whitesmoke
ENSG00000080561,papayawhip
ENSG00000082146,whitesmoke
ENSG00000087008,greenyellow
ENSG00000087266,peachpuff
ENSG00000090006,whitesmoke
ENSG00000093009,whitesmoke
ENSG00000099821,bisque
ENSG00000101493,blanchedalmond
ENSG00000103064,yellow
ENSG00000106351,whitesmoke
ENSG00000107331,whitesmoke
ENSG00000108799,whitesmoke
ENSG00000111052,darkorange
ENSG00000113391,whitesmoke
ENSG00000113594,ivory
ENSG00000114166,bisque
ENSG00000114520,peachpuff
ENSG00000122376,blanchedalmond
ENSG00000125124,chocolate
ENSG00000125843,oldlace
ENSG00000126001,whitesmoke
ENSG00000130227,whitesmoke
ENSG00000130347,green
ENSG00000133138,whitesmoke
ENSG00000137338,yellow
ENSG00000137414,chocolate
ENSG00000138092,lawngreen
ENSG00000140694,lightgreen
ENSG00000143919,saddlebrown
ENSG00000145332,greenyellow
ENSG00000151276,whitesmoke
ENSG00000152439,whitesmoke
ENSG00000158006,lime
ENSG00000160972,brown
ENSG00000161533,bisque
ENSG00000162377,bisque
ENSG00000162694,whitesmoke
ENSG00000163093,honeydew
ENSG00000164099,whitesmoke
ENSG00000166199,whitesmoke
ENSG00000166619,lawngreen
ENSG00000167625,whitesmoke
ENSG00000167766,lightgreen
ENSG00000169131,lemonchiffon
ENSG00000169635,whitesmoke
ENSG00000170260,honeydew
ENSG00000170365,papayawhip
ENSG00000171132,saddlebrown
ENSG00000171174,whitesmoke
ENSG00000171443,whitesmoke
ENSG00000171813,whitesmoke
ENSG00000172057,brown
ENSG00000172061,gold
ENSG00000172687,whitesmoke
ENSG00000173421,burlywood
ENSG00000173744,whitesmoke
ENSG00000174365,whitesmoke
ENSG00000175600,lime
ENSG00000180228,whitesmoke
ENSG00000181938,chocolate
ENSG00000187609,blanchedalmond
ENSG00000188725,seashell
ENSG00000188921,wheat
ENSG00000188976,whitesmoke
ENSG00000189180,lightyellow
ENSG00000196453,whitesmoke
ENSG00000196878,brown
ENSG00000196976,palegoldenrod
ENSG00000197579,bisque
ENSG00000198040,olive
ENSG00000198715,chocolate
ENSG00000205133,whitesmoke
ENSG00000215251,bisque
ENSG00000224063,brown
ENSG00000227057,palegoldenrod
ENSG00000233527,lightyellow
ENSG00000241058,cornsilk
ENSG00000242259,whitesmoke
ENSG00000244005,whitesmoke
ENSG00000248487,whitesmoke
ENSG00000254960,yellow
ENSG00000255112,bisque
ENSG00000260910,darkgreen
ENSG00000260916,whitesmoke
ENSG00000271614,whitesmoke
ENSG00000272008,honeydew
ENSG00000273314,salmon
ENSG00000277534,honeydew
ENSG00000287134,whitesmoke
ENSG00000288649,palegreen
ENSG00000289384,darkorange
ENSG00000005700,whitesmoke
ENSG00000012048,whitesmoke
ENSG00000014914,saddlebrown
ENSG00000048392,green
ENSG00000058091,yellow
ENSG00000081721,whitesmoke
ENSG00000081923,palegreen
ENSG00000083097,tan
ENSG00000100344,whitesmoke
ENSG00000100647,darkgreen
ENSG00000101400,whitesmoke
ENSG00000101680,whitesmoke
ENSG00000102967,whitesmoke
ENSG00000104231,moccasin
ENSG00000104907,yellow
ENSG00000105447,goldenrod
ENSG00000105778,whitesmoke
ENSG00000105819,whitesmoke
ENSG00000106415,honeydew
ENSG00000108262,whitesmoke
ENSG00000108506,yellow
ENSG00000108786,brown
ENSG00000112031,brown
ENSG00000113269,cornsilk
ENSG00000114268,whitesmoke
ENSG00000119950,whitesmoke
ENSG00000120217,cornsilk
ENSG00000120690,whitesmoke
ENSG00000121542,wheat
ENSG00000121892,whitesmoke
ENSG00000121957,whitesmoke
ENSG00000122550,darkolivegreen
ENSG00000122692,tan
ENSG00000122779,salmon
ENSG00000123342,ivory
ENSG00000123595,seashell
ENSG00000123685,lightgreen
ENSG00000124279,green
ENSG00000125450,whitesmoke
ENSG00000126215,whitesmoke
ENSG00000127990,seashell
ENSG00000130703,limegreen
ENSG00000132388,seashell
ENSG00000134152,whitesmoke
ENSG00000134202,limegreen
ENSG00000137166,whitesmoke
ENSG00000137563,moccasin
ENSG00000137872,darkorange
ENSG00000138193,lawngreen
ENSG00000138336,whitesmoke
ENSG00000141736,lawngreen
ENSG00000142731,seashell
ENSG00000144560,whitesmoke
ENSG00000145014,darkorange
ENSG00000145022,limegreen
ENSG00000145715,whitesmoke
ENSG00000147535,greenyellow
ENSG00000149639,whitesmoke
ENSG00000152990,goldenrod
ENSG00000154144,whitesmoke
ENSG00000154240,whitesmoke
ENSG00000154511,brown
ENSG00000155096,blanchedalmond
ENSG00000157306,whitesmoke
ENSG00000162722,lightgreen
ENSG00000162852,cornsilk
ENSG00000164631,darkolivegreen
ENSG00000165516,olive
ENSG00000166261,palegreen
ENSG00000166938,honeydew
ENSG00000168952,lawngreen
ENSG00000171503,whitesmoke
ENSG00000174516,lightgreen
ENSG00000174749,moccasin
ENSG00000175931,whitesmoke
ENSG00000178295,lemonchiffon
ENSG00000179832,brown
ENSG00000179889,lawngreen
ENSG00000180155,brown
ENSG00000181827,whitesmoke
ENSG00000182934,sandybrown
ENSG00000184194,yellow
ENSG00000185033,goldenrod
ENSG00000185869,whitesmoke
ENSG00000186193,brown
ENSG00000188112,whitesmoke
ENSG00000188428,brown
ENSG00000196116,whitesmoke
ENSG00000196476,lightgreen
ENSG00000196526,palegreen
ENSG00000198482,whitesmoke
ENSG00000198618,brown
ENSG00000200834,lime
ENSG00000203930,peachpuff
ENSG00000212694,burlywood
ENSG00000215021,sandybrown
ENSG00000222009,peachpuff
ENSG00000224152,gold
ENSG00000236107,whitesmoke
ENSG00000247134,tan
ENSG00000252965,gold
ENSG00000265688,whitesmoke
ENSG00000277586,bisque
ENSG00000278311,lightyellow
ENSG00000279307,brown
ENSG00000279532,peachpuff
ENSG00000288928,whitesmoke
ENSG00000291104,cornsilk
ENSG00000002549,brown
ENSG00000037965,peachpuff
ENSG00000063322,gold
ENSG00000067992,chocolate
ENSG00000078018,whitesmoke
ENSG00000079691,whitesmoke
ENSG00000085382,whitesmoke
ENSG00000087116,lightyellow
ENSG00000087903,honeydew
ENSG00000088808,whitesmoke
ENSG00000090581,lime
ENSG00000090932,chocolate
ENSG00000095383,papayawhip
ENSG00000096872,peachpuff
ENSG00000100116,lemonchiffon
ENSG00000100330,peachpuff
ENSG00000100558,cornsilk
ENSG00000100744,lightsalmon
ENSG00000101811,chocolate
ENSG00000102897,bisque
ENSG00000105339,darkolivegreen
ENSG00000107798,sandybrown
ENSG00000109016,whitesmoke
ENSG00000110066,whitesmoke
ENSG00000110497,whitesmoke
ENSG00000112137,palegoldenrod
ENSG00000112624,whitesmoke
ENSG00000112685,brown
ENSG00000113716,yellow
ENSG00000114904,whitesmoke
ENSG00000115827,honeydew
ENSG00000118526,sandybrown
ENSG00000119574,whitesmoke
ENSG00000121644,gold
ENSG00000124160,lawngreen
ENSG00000124216,darkolivegreen
ENSG00000128340,whitesmoke
ENSG00000130717,lightyellow
ENSG00000130856,peachpuff
ENSG00000131389,limegreen
ENSG00000131591,brown
ENSG00000132563,limegreen
ENSG00000132664,yellow
ENSG00000132680,whitesmoke
ENSG00000132906,lightyellow
ENSG00000132970,bisque
ENSG00000133243,whitesmoke
ENSG00000134461,papayawhip
ENSG00000135314,whitesmoke
ENSG00000135678,whitesmoke
ENSG00000135953,whitesmoke
ENSG00000136213,whitesmoke
ENSG00000136856,whitesmoke
ENSG00000138604,seashell
ENSG00000139174,tan
ENSG00000145912,whitesmoke
ENSG00000145990,moccasin
ENSG00000146587,whitesmoke
ENSG00000147437,limegreen
ENSG00000149090,whitesmoke
ENSG00000149474,sandybrown
ENSG00000151338,burlywood
ENSG00000156958,whitesmoke
ENSG00000158636,lightyellow
ENSG00000159110,peachpuff
ENSG00000162337,whitesmoke
ENSG00000165282,brown
ENSG00000166532,chocolate
ENSG00000167515,whitesmoke
ENSG00000167775,whitesmoke
ENSG00000168209,lightyellow
ENSG00000169255,tan
ENSG00000170315,seashell
ENSG00000170634,palegreen
ENSG00000172197,blanchedalmond
ENSG00000172936,brown
ENSG00000173801,whitesmoke
ENSG00000174010,lime
ENSG00000175183,darkgreen
ENSG00000176244,whitesmoke
ENSG00000176476,darkorange
ENSG00000176853,whitesmoke
ENSG00000177679,darkorange
ENSG00000177685,chocolate
ENSG00000180329,gold
ENSG00000181467,chocolate
ENSG00000181982,yellow
ENSG00000182541,palegreen
ENSG00000182648,yellow
ENSG00000182916,green
ENSG00000183155,brown
ENSG00000184602,darkgreen
ENSG00000185947,brown
ENSG00000196967,whitesmoke
ENSG00000197380,whitesmoke
ENSG00000198478,limegreen
ENSG00000198522,darkorange
ENSG00000198799,whitesmoke
ENSG00000202078,burlywood
ENSG00000204792,lightyellow
ENSG00000211584,saddlebrown
ENSG00000214756,whitesmoke
ENSG00000223803,moccasin
ENSG00000226824,whitesmoke
ENSG00000236467,lightsalmon
ENSG00000237765,lemonchiffon
ENSG00000239374,yellow
ENSG00000240583,peachpuff
ENSG00000245571,peachpuff
ENSG00000248113,lightgreen
ENSG00000273382,whitesmoke
ENSG00000277791,whitesmoke
ENSG00000289942,bisque
ENSG00000293516,yellow
ENSG00000014164,lightyellow
ENSG00000047056,salmon
ENSG00000047230,darkorange
ENSG00000050130,olive
ENSG00000051596,whitesmoke
ENSG00000071655,whitesmoke
ENSG00000071994,brown
ENSG00000074047,whitesmoke
ENSG00000075131,seashell
ENSG00000092531,bisque
ENSG00000100320,darkorange
ENSG00000100426,whitesmoke
ENSG00000100726,palegoldenrod
ENSG00000101986,lawngreen
ENSG00000103404,sandybrown
ENSG00000103657,brown
ENSG00000104957,whitesmoke
ENSG00000105248,whitesmoke
ENSG00000108641,whitesmoke
ENSG00000110583,whitesmoke
ENSG00000112659,whitesmoke
ENSG00000112874,seashell
ENSG00000113108,whitesmoke
ENSG00000114626,whitesmoke
ENSG00000117153,greenyellow
ENSG00000117650,whitesmoke
ENSG00000121057,chocolate
ENSG00000122176,darkgreen
ENSG00000123124,yellow
ENSG00000123610,brown
ENSG00000128590,gold
ENSG00000132541,lightsalmon
ENSG00000134809,blanchedalmond
ENSG00000134851,whitesmoke
ENSG00000136807,palegoldenrod
ENSG00000140396,whitesmoke
ENSG00000141646,lightgreen
ENSG00000144468,cornsilk
ENSG00000144645,whitesmoke
ENSG00000147475,tan
ENSG00000148429,darkolivegreen
ENSG00000148842,saddlebrown
ENSG00000152242,whitesmoke
ENSG00000152382,peachpuff
ENSG00000154309,green
ENSG00000155636,sandybrown
ENSG00000157833,peachpuff
ENSG00000157985,lime
ENSG00000159714,peachpuff
ENSG00000160208,whitesmoke
ENSG00000161714,brown
ENSG00000162585,whitesmoke
ENSG00000163132,whitesmoke
ENSG00000163138,brown
ENSG00000163219,yellow
ENSG00000163249,moccasin
ENSG00000164088,whitesmoke
ENSG00000164647,seashell
ENSG00000165323,whitesmoke
ENSG00000165948,whitesmoke
ENSG00000166002,seashell
ENSG00000167291,moccasin
ENSG00000167595,whitesmoke
ENSG00000168591,whitesmoke
ENSG00000170421,darkorange
ENSG00000171100,bisque
ENSG00000171861,whitesmoke
ENSG00000172292,limegreen
ENSG00000173011,blanchedalmond
ENSG00000176095,burlywood
ENSG00000177000,whitesmoke
ENSG00000177868,lightgreen
ENSG00000178104,saddlebrown
ENSG00000178773,whitesmoke
ENSG00000178927,whitesmoke
ENSG00000181544,bisque
ENSG00000183208,papayawhip
ENSG00000184083,chocolate
ENSG00000184451,whitesmoke
ENSG00000185386,whitesmoke
ENSG00000197128,blanchedalmond
ENSG00000223482,gold
ENSG00000225138,lightgreen
ENSG00000225399,darkgreen
ENSG00000226137,greenyellow
ENSG00000246451,whitesmoke
ENSG00000267383,moccasin
ENSG00000270647,lightgreen
ENSG00000274964,olive
ENSG00000286431,darkorange
ENSG00000287001,peachpuff
ENSG00000290746,brown
ENSG00000291035,lightgreen
ENSG00000293477,yellow
ENSG00000047579,limegreen
ENSG00000054523,whitesmoke
ENSG00000059122,burlywood
ENSG00000064703,whitesmoke
ENSG00000065485,lemonchiffon
ENSG00000066926,whitesmoke
ENSG00000067334,bisque
ENSG00000068383,blanchedalmond
ENSG00000070371,tan
ENSG00000070785,blanchedalmond
ENSG00000072506,whitesmoke
ENSG00000074657,whitesmoke
ENSG00000081692,whitesmoke
ENSG00000081913,moccasin
ENSG00000100227,whitesmoke
ENSG00000100321,lawngreen
ENSG00000100478,darkolivegreen
ENSG00000100600,lightgreen
ENSG00000101639,whitesmoke
ENSG00000102595,peachpuff
ENSG00000103876,lightsalmon
ENSG00000104205,lightgreen
ENSG00000105325,moccasin
ENSG00000105866,seashell
ENSG00000106012,whitesmoke
ENSG00000106258,whitesmoke
ENSG00000106799,chocolate
ENSG00000107020,blanchedalmond
ENSG00000108840,whitesmoke
ENSG00000109321,olive
ENSG00000110723,lemonchiffon
ENSG00000111358,darkolivegreen
ENSG00000113070,moccasin
ENSG00000113805,whitesmoke
ENSG00000114388,whitesmoke
ENSG00000115594,peachpuff
ENSG00000115598,lime
ENSG00000116704,olive
ENSG00000117461,lightgreen
ENSG00000119865,brown
ENSG00000122986,whitesmoke
ENSG00000124243,whitesmoke
ENSG00000125430,gold
ENSG00000127054,wheat
ENSG00000127995,blanchedalmond
ENSG00000131351,whitesmoke
ENSG00000131725,whitesmoke
ENSG00000132031,olive
ENSG00000132429,whitesmoke
ENSG00000132950,olive
ENSG00000133247,whitesmoke
ENSG00000133302,blanchedalmond
ENSG00000135045,moccasin
ENSG00000135241,whitesmoke
ENSG00000136874,whitesmoke
ENSG00000137135,blanchedalmond
ENSG00000137817,darkorange
ENSG00000138190,darkorange
ENSG00000138942,papayawhip
ENSG00000139116,peachpuff
ENSG00000141934,seashell
ENSG00000143164,darkgreen
ENSG00000148356,whitesmoke
ENSG00000149292,green
ENSG00000150527,whitesmoke
ENSG00000150551,yellow
ENSG00000151503,limegreen
ENSG00000152137,whitesmoke
ENSG00000153207,lawngreen
ENSG00000154134,lightyellow
ENSG00000156232,whitesmoke
ENSG00000158122,wheat
ENSG00000160803,green
ENSG00000163655,saddlebrown
ENSG00000163913,whitesmoke
ENSG00000164934,lightsalmon
ENSG00000166685,whitesmoke
ENSG00000166900,whitesmoke
ENSG00000167106,honeydew
ENSG00000167925,whitesmoke
ENSG00000168487,oldlace
ENSG00000168564,whitesmoke
ENSG00000168781,whitesmoke
ENSG00000168876,whitesmoke
ENSG00000171388,darkolivegreen
ENSG00000172239,salmon
ENSG00000173276,wheat
ENSG00000173334,tan
ENSG00000174485,bisque
ENSG00000176124,brown
ENSG00000176641,seashell
ENSG00000177352,whitesmoke
ENSG00000178537,whitesmoke
ENSG00000179262,blanchedalmond
ENSG00000179941,chocolate
ENSG00000180667,blanchedalmond
ENSG00000182504,whitesmoke
ENSG00000183580,lawngreen
ENSG00000184470,papayawhip
ENSG00000189114,yellow
ENSG00000196584,yellow
ENSG00000197586,lawngreen
ENSG00000198728,whitesmoke
ENSG00000198947,darkolivegreen
ENSG00000213047,whitesmoke
ENSG00000216866,brown
ENSG00000223298,lightyellow
ENSG00000227028,lightgreen
ENSG00000228594,lightyellow
ENSG00000230732,burlywood
ENSG00000232593,papayawhip
ENSG00000233559,honeydew
ENSG00000234616,whitesmoke
ENSG00000235121,whitesmoke
ENSG00000235904,lightsalmon
ENSG00000239213,lightgreen
ENSG00000241506,whitesmoke
ENSG00000251369,whitesmoke
ENSG00000259953,whitesmoke
ENSG00000262003,whitesmoke
ENSG00000268205,whitesmoke
ENSG00000273599,whitesmoke
ENSG00000291087,honeydew
ENSG00000004777,whitesmoke
ENSG00000005175,whitesmoke
ENSG00000005812,gold
ENSG00000006606,whitesmoke
ENSG00000006638,whitesmoke
ENSG00000007376,darkolivegreen
ENSG00000044090,oldlace
ENSG00000047621,yellow
ENSG00000049167,whitesmoke
ENSG00000059728,whitesmoke
ENSG00000067365,lightgreen
ENSG00000067715,whitesmoke
ENSG00000069966,whitesmoke
ENSG00000072786,whitesmoke
ENSG00000076003,moccasin
ENSG00000081019,whitesmoke
ENSG00000081320,whitesmoke
ENSG00000082397,yellow
ENSG00000095209,wheat
ENSG00000100601,whitesmoke
ENSG00000100890,whitesmoke
ENSG00000101003,moccasin
ENSG00000101265,olive
ENSG00000104691,whitesmoke
ENSG00000105364,palegreen
ENSG00000106009,seashell
ENSG00000106537,yellow
ENSG00000110492,sandybrown
ENSG00000114383,whitesmoke
ENSG00000114405,seashell
ENSG00000116750,bisque
ENSG00000118777,limegreen
ENSG00000119333,lawngreen
ENSG00000119689,whitesmoke
ENSG00000120253,yellow
ENSG00000120594,palegoldenrod
ENSG00000120889,whitesmoke
ENSG00000121210,seashell
ENSG00000121989,papayawhip
ENSG00000124275,seashell
ENSG00000124574,palegreen
ENSG00000125755,whitesmoke
ENSG00000127863,whitesmoke
ENSG00000128578,whitesmoke
ENSG00000128708,blanchedalmond
ENSG00000128891,olive
ENSG00000131080,whitesmoke
ENSG00000131408,palegoldenrod
ENSG00000134146,olive
ENSG00000134955,chocolate
ENSG00000135540,bisque
ENSG00000135709,saddlebrown
ENSG00000135966,whitesmoke
ENSG00000136531,chocolate
ENSG00000136933,whitesmoke
ENSG00000137806,brown
ENSG00000137965,tan
ENSG00000139133,gold
ENSG00000139505,lawngreen
ENSG00000140044,lawngreen
ENSG00000140157,saddlebrown
ENSG00000140379,gold
ENSG00000140829,whitesmoke
ENSG00000141040,green
ENSG00000141446,saddlebrown
ENSG00000143028,whitesmoke
ENSG00000148291,bisque
ENSG00000151247,bisque
ENSG00000152061,wheat
ENSG00000152464,whitesmoke
ENSG00000157510,gold
ENSG00000158169,whitesmoke
ENSG00000158373,whitesmoke
ENSG00000161999,whitesmoke
ENSG00000162642,bisque
ENSG00000163596,oldlace
ENSG00000163626,whitesmoke
ENSG00000164619,green
ENSG00000165030,honeydew
ENSG00000165698,whitesmoke
ENSG00000165757,gold
ENSG00000166855,whitesmoke
ENSG00000167280,whitesmoke
ENSG00000167524,saddlebrown
ENSG00000168237,whitesmoke
ENSG00000168404,whitesmoke
ENSG00000168811,lightgreen
ENSG00000171189,blanchedalmond
ENSG00000171320,whitesmoke
ENSG00000171928,wheat
ENSG00000174839,olive
ENSG00000175265,lime
ENSG00000175322,palegreen
ENSG00000176209,darkorange
ENSG00000176720,whitesmoke
ENSG00000177406,chocolate
ENSG00000177971,blanchedalmond
ENSG00000178234,chocolate
ENSG00000183763,peachpuff
ENSG00000183876,gold
ENSG00000185187,lawngreen
ENSG00000196670,lime
ENSG00000198440,gold
ENSG00000198718,whitesmoke
ENSG00000204560,blanchedalmond
ENSG00000204592,sandybrown
ENSG00000213347,chocolate
ENSG00000213462,peachpuff
ENSG00000215067,limegreen
ENSG00000226963,whitesmoke
ENSG00000231607,whitesmoke
ENSG00000237807,whitesmoke
ENSG00000244038,darkorange
ENSG00000253846,tan
ENSG00000255284,peachpuff
ENSG00000256269,brown
ENSG00000271208,green
ENSG00000272695,papayawhip
ENSG00000273311,salmon
ENSG00000274605,whitesmoke
ENSG00000286458,whitesmoke
ENSG00000288781,saddlebrown
ENSG00000289270,yellow
ENSG00000291079,whitesmoke
ENSG00000006576,bisque
ENSG00000027001,greenyellow
ENSG00000047346,burlywood
ENSG00000047578,lightgreen
ENSG00000054965,sandybrown
ENSG00000063169,whitesmoke
ENSG00000073050,honeydew
ENSG00000074582,whitesmoke
ENSG00000078124,palegoldenrod
ENSG00000081760,whitesmoke
ENSG00000085274,blanchedalmond
ENSG00000087152,blanchedalmond
ENSG00000090530,yellow
ENSG00000100532,honeydew
ENSG00000100580,lightyellow
ENSG00000100739,moccasin
ENSG00000100994,whitesmoke
ENSG00000101391,whitesmoke
ENSG00000101843,wheat
ENSG00000101901,seashell
ENSG00000103126,chocolate
ENSG00000103852,lemonchiffon
ENSG00000105321,whitesmoke
ENSG00000105656,moccasin
ENSG00000108960,whitesmoke
ENSG00000109220,brown
ENSG00000114767,ivory
ENSG00000117155,tan
ENSG00000117859,blanchedalmond
ENSG00000121904,whitesmoke
ENSG00000122008,whitesmoke
ENSG00000122778,blanchedalmond
ENSG00000122971,yellow
ENSG00000125814,whitesmoke
ENSG00000126216,salmon
ENSG00000130725,oldlace
ENSG00000134569,moccasin
ENSG00000134900,goldenrod
ENSG00000136490,whitesmoke
ENSG00000137936,green
ENSG00000138750,whitesmoke
ENSG00000138794,moccasin
ENSG00000140263,gold
ENSG00000143418,brown
ENSG00000144401,ivory
ENSG00000145779,ivory
ENSG00000146083,lawngreen
ENSG00000147592,whitesmoke
ENSG00000150967,whitesmoke
ENSG00000150977,whitesmoke
ENSG00000151640,palegreen
ENSG00000154727,brown
ENSG00000159433,whitesmoke
ENSG00000160993,saddlebrown
ENSG00000162066,whitesmoke
ENSG00000163053,papayawhip
ENSG00000163202,seashell
ENSG00000163257,whitesmoke
ENSG00000163520,sandybrown
ENSG00000166821,lightyellow
ENSG00000167074,yellow
ENSG00000168386,whitesmoke
ENSG00000168395,limegreen
ENSG00000168803,burlywood
ENSG00000168806,yellow
ENSG00000168994,whitesmoke
ENSG00000170271,goldenrod
ENSG00000170364,salmon
ENSG00000173653,whitesmoke
ENSG00000174373,lightgreen
ENSG00000175595,salmon
ENSG00000179454,saddlebrown
ENSG00000181513,whitesmoke
ENSG00000182742,whitesmoke
ENSG00000183765,whitesmoke
ENSG00000183853,lightgreen
ENSG00000185745,darkorange
ENSG00000185753,chocolate
ENSG00000187097,palegreen
ENSG00000187180,salmon
ENSG00000187778,whitesmoke
ENSG00000188015,lawngreen
ENSG00000196305,olive
ENSG00000196850,whitesmoke
ENSG00000198001,goldenrod
ENSG00000198589,tan
ENSG00000214309,whitesmoke
ENSG00000215386,lightgreen
ENSG00000230417,burlywood
ENSG00000230701,whitesmoke
ENSG00000243156,whitesmoke
ENSG00000248690,whitesmoke
ENSG00000250899,lightyellow
ENSG00000253552,whitesmoke
ENSG00000253829,burlywood
ENSG00000260751,brown
ENSG00000264513,honeydew
ENSG00000267080,whitesmoke
ENSG00000269836,peachpuff
ENSG00000273344,peachpuff
ENSG00000279670,brown
ENSG00000285967,salmon
ENSG00000288838,papayawhip
ENSG00000288899,whitesmoke
ENSG00000291178,whitesmoke
ENSG00000293339,chocolate
ENSG00000007392,whitesmoke
ENSG00000012660,whitesmoke
ENSG00000047634,whitesmoke
ENSG00000062822,whitesmoke
ENSG00000073060,whitesmoke
ENSG00000075568,wheat
ENSG00000076242,lime
ENSG00000082014,lightgreen
ENSG00000084774,lightgreen
ENSG00000095015,saddlebrown
ENSG00000101574,lightyellow
ENSG00000101577,brown
ENSG00000104419,whitesmoke
ENSG00000104880,bisque
ENSG00000106624,peachpuff
ENSG00000106688,brown
ENSG00000106868,tan
ENSG00000107249,whitesmoke
ENSG00000108591,saddlebrown
ENSG00000111615,yellow
ENSG00000111801,peachpuff
ENSG00000115282,seashell
ENSG00000124508,lightgreen
ENSG00000128342,oldlace
ENSG00000130803,bisque
ENSG00000132326,whitesmoke
ENSG00000134253,brown
ENSG00000135297,whitesmoke
ENSG00000135828,tan
ENSG00000137770,moccasin
ENSG00000138050,wheat
ENSG00000140153,brown
ENSG00000140386,palegreen
ENSG00000140450,sandybrown
ENSG00000141574,lightyellow
ENSG00000142065,palegreen
ENSG00000143862,chocolate
ENSG00000145214,darkgreen
ENSG00000145781,whitesmoke
ENSG00000148290,lightsalmon
ENSG00000148835,peachpuff
ENSG00000153310,darkolivegreen
ENSG00000153885,whitesmoke
ENSG00000157077,peachpuff
ENSG00000157350,yellow
ENSG00000157625,brown
ENSG00000160959,yellow
ENSG00000163512,burlywood
ENSG00000163874,saddlebrown
ENSG00000164850,papayawhip
ENSG00000166317,burlywood
ENSG00000166839,palegoldenrod
ENSG00000167085,lightgreen
ENSG00000169252,whitesmoke
ENSG00000169991,goldenrod
ENSG00000170498,whitesmoke
ENSG00000170989,peachpuff
ENSG00000171853,blanchedalmond
ENSG00000172530,whitesmoke
ENSG00000174109,seashell
ENSG00000174939,whitesmoke
ENSG00000178425,ivory
ENSG00000184154,whitesmoke
ENSG00000184254,whitesmoke
ENSG00000185246,ivory
ENSG00000185278,yellow
ENSG00000186716,lightgreen
ENSG00000187824,green
ENSG00000188153,darkolivegreen
ENSG00000189046,lawngreen
ENSG00000189362,cornsilk
ENSG00000196367,whitesmoke
ENSG00000196422,whitesmoke
ENSG00000196460,bisque
ENSG00000196569,whitesmoke
ENSG00000197046,brown
ENSG00000197429,lawngreen
ENSG00000197779,darkolivegreen
ENSG00000214013,tan
ENSG00000216937,palegreen
ENSG00000221216,lightgreen
ENSG00000231106,darkolivegreen
ENSG00000232442,brown
ENSG00000232811,yellow
ENSG00000247679,burlywood
ENSG00000249859,whitesmoke
ENSG00000254087,goldenrod
ENSG00000255248,whitesmoke
ENSG00000256525,gold
ENSG00000258667,lightgreen
ENSG00000262919,limegreen
ENSG00000266338,whitesmoke
ENSG00000277639,brown
ENSG00000280138,whitesmoke
ENSG00000280383,whitesmoke
ENSG00000291006,greenyellow
ENSG00000001497,darkorange
ENSG00000008853,whitesmoke
ENSG00000023228,whitesmoke
ENSG00000048052,whitesmoke
ENSG00000059691,green
ENSG00000061455,whitesmoke
ENSG00000070061,lightyellow
ENSG00000070610,lightgreen
ENSG00000072609,palegoldenrod
ENSG00000074621,whitesmoke
