gene_id,dynamic_module,module,module_label
ENSG00000000003,dimgrey,dimgrey,4
ENSG00000000419,dimgrey,dimgrey,4
ENSG00000000457,dimgrey,dimgrey,4
ENSG00000000460,dimgrey,dimgrey,4
ENSG00000001036,dimgrey,dimgrey,4
ENSG00000001084,dimgrey,dimgrey,4
ENSG00000001167,darkgrey,darkgrey,1
ENSG00000001460,dimgrey,dimgrey,4
ENSG00000001461,dimgrey,dimgrey,4
ENSG00000001497,brown,brown,0
ENSG00000001561,dimgrey,dimgrey,4
ENSG00000001617,darkgrey,darkgrey,1
ENSG00000001629,darkgrey,darkgrey,1
ENSG00000001631,dimgrey,dimgrey,4
ENSG00000002016,firebrick,firebrick,5
ENSG00000002330,dimgrey,dimgrey,4
ENSG00000002549,dimgrey,dimgrey,4
ENSG00000002745,dimgrey,dimgrey,4
ENSG00000002746,maroon,maroon,9
ENSG00000002834,dimgrey,dimgrey,4
ENSG00000002919,lightgrey,lightgrey,8
ENSG00000003056,dimgrey,dimgrey,4
ENSG00000003096,brown,brown,0
ENSG00000003249,dimgrey,dimgrey,4
ENSG00000003393,darkgrey,darkgrey,1
ENSG00000003400,brown,brown,0
ENSG00000003402,darkgrey,darkgrey,1
ENSG00000003436,darkgrey,darkgrey,1
ENSG00000003509,lightgrey,lightgrey,8
ENSG00000003756,darkgrey,darkgrey,1
ENSG00000003987,indianred,indianred,6
ENSG00000004059,dimgrey,dimgrey,4
ENSG00000004142,dimgrey,dimgrey,4
ENSG00000004399,darkgrey,darkgrey,1
ENSG00000004455,dimgrey,dimgrey,4
ENSG00000004478,dimgrey,dimgrey,4
ENSG00000004487,lightcoral,lightcoral,7
ENSG00000004534,darkgrey,darkgrey,1
ENSG00000004660,darkgrey,darkgrey,1
ENSG00000004700,darkgrey,darkgrey,1
ENSG00000004766,dimgrey,dimgrey,4
ENSG00000004776,dimgrey,dimgrey,4
ENSG00000004777,darkgrey,darkgrey,1
ENSG00000004779,dimgrey,dimgrey,4
ENSG00000004864,dimgrey,dimgrey,4
ENSG00000004866,dimgrey,dimgrey,4
ENSG00000004897,darkgrey,darkgrey,1
ENSG00000004961,darkgrey,darkgrey,1
ENSG00000004975,darkgrey,darkgrey,1
ENSG00000005007,darkgrey,darkgrey,1
ENSG00000005020,lightcoral,lightcoral,7
ENSG00000005022,dimgrey,dimgrey,4
ENSG00000005059,dimgrey,dimgrey,4
ENSG00000005073,dimgrey,dimgrey,4
ENSG00000005075,darkgrey,darkgrey,1
ENSG00000005100,dimgrey,dimgrey,4
ENSG00000005156,darkgrey,darkgrey,1
ENSG00000005175,darkgrey,darkgrey,1
ENSG00000005189,brown,brown,0
ENSG00000005194,indianred,indianred,6
ENSG00000005206,darkgrey,darkgrey,1
ENSG00000005238,darkgrey,darkgrey,1
ENSG00000005243,dimgrey,dimgrey,4
ENSG00000005249,darkgrey,darkgrey,1
ENSG00000005302,dimgrey,dimgrey,4
ENSG00000005339,dimgrey,dimgrey,4
ENSG00000005436,darkgrey,darkgrey,1
ENSG00000005448,darkgrey,darkgrey,1
ENSG00000005469,dimgrey,dimgrey,4
ENSG00000005483,mistyrose,mistyrose,10
ENSG00000005486,firebrick,firebrick,5
ENSG00000005700,maroon,maroon,9
ENSG00000005801,darkgrey,darkgrey,1
ENSG00000005810,darkgrey,darkgrey,1
ENSG00000005812,dimgrey,dimgrey,4
ENSG00000005882,darkgrey,darkgrey,1
ENSG00000005884,darkgrey,darkgrey,1
ENSG00000005889,lightgrey,lightgrey,8
ENSG00000005893,darkgrey,darkgrey,1
ENSG00000006007,brown,brown,0
ENSG00000006015,darkgrey,darkgrey,1
ENSG00000006016,darkgrey,darkgrey,1
ENSG00000006025,dimgrey,dimgrey,4
ENSG00000006042,darkgrey,darkgrey,1
ENSG00000006118,lightgrey,lightgrey,8
ENSG00000006125,darkgrey,darkgrey,1
ENSG00000006194,darkgrey,darkgrey,1
ENSG00000006282,dimgrey,dimgrey,4
ENSG00000006327,darkgrey,darkgrey,1
ENSG00000006451,lightgrey,lightgrey,8
ENSG00000006453,dimgrey,dimgrey,4
ENSG00000006459,maroon,maroon,9
ENSG00000006468,dimgrey,dimgrey,4
ENSG00000006530,dimgrey,dimgrey,4
ENSG00000006534,darkgrey,darkgrey,1
ENSG00000006576,dimgrey,dimgrey,4
ENSG00000006606,dimgrey,dimgrey,4
ENSG00000006607,dimgrey,dimgrey,4
ENSG00000006625,lightgrey,lightgrey,8
ENSG00000006634,darkgrey,darkgrey,1
ENSG00000006638,darkgrey,darkgrey,1
ENSG00000006652,darkgrey,darkgrey,1
ENSG00000006695,whitesmoke,whitesmoke,13
ENSG00000006704,dimgrey,dimgrey,4
ENSG00000006712,darkgrey,darkgrey,1
ENSG00000006715,darkgrey,darkgrey,1
ENSG00000006740,dimgrey,dimgrey,4
ENSG00000006744,dimgrey,dimgrey,4
ENSG00000006756,darkgrey,darkgrey,1
ENSG00000006757,dimgrey,dimgrey,4
ENSG00000006831,brown,brown,0
ENSG00000006837,dimgrey,dimgrey,4
ENSG00000007047,darkgrey,darkgrey,1
ENSG00000007080,dimgrey,dimgrey,4
ENSG00000007168,dimgrey,dimgrey,4
ENSG00000007202,darkgrey,darkgrey,1
ENSG00000007237,dimgrey,dimgrey,4
ENSG00000007255,darkgrey,darkgrey,1
ENSG00000007341,darkgrey,darkgrey,1
ENSG00000007376,darkgrey,darkgrey,1
ENSG00000007384,darkgrey,darkgrey,1
ENSG00000007392,darkgrey,darkgrey,1
ENSG00000007402,darkgrey,darkgrey,1
ENSG00000007520,dimgrey,dimgrey,4
ENSG00000007541,darkgrey,darkgrey,1
ENSG00000007545,darkgrey,darkgrey,1
ENSG00000007866,dimgrey,dimgrey,4
ENSG00000007923,darkgrey,darkgrey,1
ENSG00000007933,indianred,indianred,6
ENSG00000007944,dimgrey,dimgrey,4
ENSG00000007952,darkgrey,darkgrey,1
ENSG00000008018,lightgrey,lightgrey,8
ENSG00000008056,dimgrey,dimgrey,4
ENSG00000008083,darkgrey,darkgrey,1
ENSG00000008086,darkgrey,darkgrey,1
ENSG00000008118,snow,snow,12
ENSG00000008130,maroon,maroon,9
ENSG00000008256,darkgrey,darkgrey,1
ENSG00000008277,dimgrey,dimgrey,4
ENSG00000008282,dimgrey,dimgrey,4
ENSG00000008283,darkgrey,darkgrey,1
ENSG00000008294,darkgrey,darkgrey,1
ENSG00000008300,darkgrey,darkgrey,1
ENSG00000008311,darkgrey,darkgrey,1
ENSG00000008324,darkgrey,darkgrey,1
ENSG00000008382,darkgrey,darkgrey,1
ENSG00000008394,dimgrey,dimgrey,4
ENSG00000008405,dimgrey,dimgrey,4
ENSG00000008441,darkgrey,darkgrey,1
ENSG00000008513,darkgrey,darkgrey,1
ENSG00000008517,lightgrey,lightgrey,8
ENSG00000008710,brown,brown,0
ENSG00000008838,darkgrey,darkgrey,1
ENSG00000008853,lightgrey,lightgrey,8
ENSG00000008869,dimgrey,dimgrey,4
ENSG00000008952,brown,brown,0
ENSG00000008988,dimgrey,dimgrey,4
ENSG00000009307,darkgrey,darkgrey,1
ENSG00000009335,dimgrey,dimgrey,4
ENSG00000009413,darkgrey,darkgrey,1
ENSG00000009724,indianred,indianred,6
ENSG00000009780,brown,brown,0
ENSG00000009830,darkgrey,darkgrey,1
ENSG00000009844,lightgrey,lightgrey,8
ENSG00000009954,darkred,darkred,2
ENSG00000010017,indianred,indianred,6
ENSG00000010072,snow,snow,12
ENSG00000010165,dimgrey,dimgrey,4
ENSG00000010219,darkgrey,darkgrey,1
ENSG00000010244,dimgrey,dimgrey,4
ENSG00000010256,dimgrey,dimgrey,4
ENSG00000010270,dimgrey,dimgrey,4
ENSG00000010278,whitesmoke,whitesmoke,13
ENSG00000010292,dimgrey,dimgrey,4
ENSG00000010295,mistyrose,mistyrose,10
ENSG00000010318,darkgrey,darkgrey,1
ENSG00000010322,darkgrey,darkgrey,1
ENSG00000010404,whitesmoke,whitesmoke,13
ENSG00000010438,firebrick,firebrick,5
ENSG00000010539,whitesmoke,whitesmoke,13
ENSG00000010610,brown,brown,0
ENSG00000010626,darkgrey,darkgrey,1
ENSG00000010704,dimgrey,dimgrey,4
ENSG00000010803,darkgrey,darkgrey,1
ENSG00000010810,dimgrey,dimgrey,4
ENSG00000010818,whitesmoke,whitesmoke,13
ENSG00000010932,dimgrey,dimgrey,4
ENSG00000011007,darkgrey,darkgrey,1
ENSG00000011009,dimgrey,dimgrey,4
ENSG00000011021,darkgrey,darkgrey,1
ENSG00000011028,darkgrey,darkgrey,1
ENSG00000011105,darkgrey,darkgrey,1
ENSG00000011114,darkgrey,darkgrey,1
ENSG00000011132,darkgrey,darkgrey,1
ENSG00000011143,darkgrey,darkgrey,1
ENSG00000011198,whitesmoke,whitesmoke,13
ENSG00000011201,dimgrey,dimgrey,4
ENSG00000011243,darkgrey,darkgrey,1
ENSG00000011258,dimgrey,dimgrey,4
ENSG00000011260,dimgrey,dimgrey,4
ENSG00000011275,darkgrey,darkgrey,1
ENSG00000011295,darkgrey,darkgrey,1
ENSG00000011304,darkgrey,darkgrey,1
ENSG00000011332,darkgrey,darkgrey,1
ENSG00000011347,dimgrey,dimgrey,4
ENSG00000011376,snow,snow,12
ENSG00000011405,darkgrey,darkgrey,1
ENSG00000011422,darkgrey,darkgrey,1
ENSG00000011426,indianred,indianred,6
ENSG00000011451,darkgrey,darkgrey,1
ENSG00000011454,dimgrey,dimgrey,4
ENSG00000011465,darkgrey,darkgrey,1
ENSG00000011478,darkgrey,darkgrey,1
ENSG00000011485,darkgrey,darkgrey,1
ENSG00000011523,dimgrey,dimgrey,4
ENSG00000011566,darkgrey,darkgrey,1
ENSG00000012048,firebrick,firebrick,5
ENSG00000012061,dimgrey,dimgrey,4
ENSG00000012124,dimgrey,dimgrey,4
ENSG00000012171,darkgrey,darkgrey,1
ENSG00000012174,dimgrey,dimgrey,4
ENSG00000012211,brown,brown,0
ENSG00000012232,darkgrey,darkgrey,1
ENSG00000012660,brown,brown,0
ENSG00000012822,maroon,maroon,9
ENSG00000012963,brown,brown,0
ENSG00000012983,dimgrey,dimgrey,4
ENSG00000013016,brown,brown,0
ENSG00000013275,dimgrey,dimgrey,4
ENSG00000013288,dimgrey,dimgrey,4
ENSG00000013293,firebrick,firebrick,5
ENSG00000013297,dimgrey,dimgrey,4
ENSG00000013306,lightgrey,lightgrey,8
ENSG00000013364,dimgrey,dimgrey,4
ENSG00000013374,whitesmoke,whitesmoke,13
ENSG00000013375,dimgrey,dimgrey,4
ENSG00000013392,dimgrey,dimgrey,4
ENSG00000013441,darkgrey,darkgrey,1
ENSG00000013503,brown,brown,0
ENSG00000013523,brown,brown,0
ENSG00000013561,darkgrey,darkgrey,1
ENSG00000013573,maroon,maroon,9
ENSG00000013583,darkgrey,darkgrey,1
ENSG00000013588,darkgrey,darkgrey,1
ENSG00000013619,darkgrey,darkgrey,1
ENSG00000013810,darkgrey,darkgrey,1
ENSG00000014123,snow,snow,12
ENSG00000014138,dimgrey,dimgrey,4
ENSG00000014164,darkgrey,darkgrey,1
ENSG00000014216,darkgrey,darkgrey,1
ENSG00000014257,brown,brown,0
ENSG00000014641,dimgrey,dimgrey,4
ENSG00000014824,whitesmoke,whitesmoke,13
ENSG00000014914,dimgrey,dimgrey,4
ENSG00000014919,dimgrey,dimgrey,4
ENSG00000015133,dimgrey,dimgrey,4
ENSG00000015153,darkgrey,darkgrey,1
ENSG00000015171,whitesmoke,whitesmoke,13
ENSG00000015285,darkgrey,darkgrey,1
ENSG00000015475,dimgrey,dimgrey,4
ENSG00000015479,indianred,indianred,6
ENSG00000015532,darkgrey,darkgrey,1
ENSG00000015676,darkgrey,darkgrey,1
ENSG00000016864,whitesmoke,whitesmoke,13
ENSG00000017260,dimgrey,dimgrey,4
ENSG00000017483,darkgrey,darkgrey,1
ENSG00000017797,brown,brown,0
ENSG00000018189,dimgrey,dimgrey,4
ENSG00000018408,darkgrey,darkgrey,1
ENSG00000018510,lightgrey,lightgrey,8
ENSG00000018610,dimgrey,dimgrey,4
ENSG00000018699,dimgrey,dimgrey,4
ENSG00000018869,dimgrey,dimgrey,4
ENSG00000019102,dimgrey,dimgrey,4
ENSG00000019144,dimgrey,dimgrey,4
ENSG00000019485,indianred,indianred,6
ENSG00000019549,lightcoral,lightcoral,7
ENSG00000019582,dimgrey,dimgrey,4
ENSG00000019991,darkgrey,darkgrey,1
ENSG00000019995,dimgrey,dimgrey,4
ENSG00000020129,lightgrey,lightgrey,8
ENSG00000020181,darkgrey,darkgrey,1
ENSG00000020256,snow,snow,12
ENSG00000020426,indianred,indianred,6
ENSG00000020577,dimgrey,dimgrey,4
ENSG00000020633,darkgrey,darkgrey,1
ENSG00000020922,whitesmoke,whitesmoke,13
ENSG00000021355,dimgrey,dimgrey,4
ENSG00000021574,darkgrey,darkgrey,1
ENSG00000021645,dimgrey,dimgrey,4
ENSG00000021762,darkgrey,darkgrey,1
ENSG00000021776,darkgrey,darkgrey,1
ENSG00000021826,dimgrey,dimgrey,4
ENSG00000022267,dimgrey,dimgrey,4
ENSG00000022277,darkgrey,darkgrey,1
ENSG00000022567,dimgrey,dimgrey,4
ENSG00000022840,mistyrose,mistyrose,10
ENSG00000022976,whitesmoke,whitesmoke,13
ENSG00000023041,dimgrey,dimgrey,4
ENSG00000023171,dimgrey,dimgrey,4
ENSG00000023191,dimgrey,dimgrey,4
ENSG00000023228,brown,brown,0
ENSG00000023287,lightcoral,lightcoral,7
ENSG00000023318,darkgrey,darkgrey,1
ENSG00000023330,dimgrey,dimgrey,4
ENSG00000023445,dimgrey,dimgrey,4
ENSG00000023516,indianred,indianred,6
ENSG00000023572,dimgrey,dimgrey,4
ENSG00000023608,darkgrey,darkgrey,1
ENSG00000023697,whitesmoke,whitesmoke,13
ENSG00000023734,dimgrey,dimgrey,4
ENSG00000023839,lightgrey,lightgrey,8
ENSG00000023892,dimgrey,dimgrey,4
ENSG00000023902,darkgrey,darkgrey,1
ENSG00000023909,brown,brown,0
ENSG00000024048,darkgrey,darkgrey,1
ENSG00000024422,darkgrey,darkgrey,1
ENSG00000024526,dimgrey,dimgrey,4
ENSG00000024862,darkgrey,darkgrey,1
ENSG00000025156,darkgrey,darkgrey,1
ENSG00000025293,brown,brown,0
ENSG00000025423,snow,snow,12
ENSG00000025434,dimgrey,dimgrey,4
ENSG00000025708,dimgrey,dimgrey,4
ENSG00000025770,darkgrey,darkgrey,1
ENSG00000025772,darkgrey,darkgrey,1
ENSG00000025796,dimgrey,dimgrey,4
ENSG00000025800,whitesmoke,whitesmoke,13
ENSG00000026025,dimgrey,dimgrey,4
ENSG00000026103,dimgrey,dimgrey,4
ENSG00000026297,darkgrey,darkgrey,1
ENSG00000026508,dimgrey,dimgrey,4
ENSG00000026559,dimgrey,dimgrey,4
ENSG00000026652,darkgrey,darkgrey,1
ENSG00000026950,firebrick,firebrick,5
ENSG00000027001,darkgrey,darkgrey,1
ENSG00000027075,dimgrey,dimgrey,4
ENSG00000027697,dimgrey,dimgrey,4
ENSG00000027847,darkgrey,darkgrey,1
ENSG00000027869,dimgrey,dimgrey,4
ENSG00000028116,whitesmoke,whitesmoke,13
ENSG00000028137,darkgrey,darkgrey,1
ENSG00000028203,whitesmoke,whitesmoke,13
ENSG00000028277,darkgrey,darkgrey,1
ENSG00000028310,darkgrey,darkgrey,1
ENSG00000028528,mistyrose,mistyrose,10
ENSG00000028839,darkgrey,darkgrey,1
ENSG00000029153,dimgrey,dimgrey,4
ENSG00000029363,darkred,darkred,2
ENSG00000029364,darkgrey,darkgrey,1
ENSG00000029534,brown,brown,0
ENSG00000029639,lightgrey,lightgrey,8
ENSG00000029725,darkgrey,darkgrey,1
ENSG00000029993,darkgrey,darkgrey,1
ENSG00000030066,darkgrey,darkgrey,1
ENSG00000030110,maroon,maroon,9
ENSG00000030304,dimgrey,dimgrey,4
ENSG00000030419,snow,snow,12
ENSG00000030582,darkgrey,darkgrey,1
ENSG00000031003,whitesmoke,whitesmoke,13
ENSG00000031081,darkgrey,darkgrey,1
ENSG00000031691,lightgrey,lightgrey,8
ENSG00000031698,darkred,darkred,2
ENSG00000031823,darkgrey,darkgrey,1
ENSG00000032219,darkred,darkred,2
ENSG00000032389,dimgrey,dimgrey,4
ENSG00000032444,indianred,indianred,6
ENSG00000032742,darkgrey,darkgrey,1
ENSG00000033011,dimgrey,dimgrey,4
ENSG00000033030,snow,snow,12
ENSG00000033050,dimgrey,dimgrey,4
ENSG00000033100,darkgrey,darkgrey,1
ENSG00000033122,darkgrey,darkgrey,1
ENSG00000033170,dimgrey,dimgrey,4
ENSG00000033178,firebrick,firebrick,5
ENSG00000033327,darkgrey,darkgrey,1
ENSG00000033627,darkgrey,darkgrey,1
ENSG00000033800,brown,brown,0
ENSG00000033867,darkgrey,darkgrey,1
ENSG00000034152,darkgrey,darkgrey,1
ENSG00000034510,dimgrey,dimgrey,4
ENSG00000034533,brown,brown,0
ENSG00000034677,dimgrey,dimgrey,4
ENSG00000034693,firebrick,firebrick,5
ENSG00000034713,lightgrey,lightgrey,8
ENSG00000035115,dimgrey,dimgrey,4
ENSG00000035141,dimgrey,dimgrey,4
ENSG00000035403,dimgrey,dimgrey,4
ENSG00000035499,darkgrey,darkgrey,1
ENSG00000035664,brown,brown,0
ENSG00000035681,darkgrey,darkgrey,1
ENSG00000035687,dimgrey,dimgrey,4
ENSG00000035862,whitesmoke,whitesmoke,13
ENSG00000035928,dimgrey,dimgrey,4
ENSG00000036054,lightcoral,lightcoral,7
ENSG00000036257,brown,brown,0
ENSG00000036530,indianred,indianred,6
ENSG00000036549,darkgrey,darkgrey,1
ENSG00000036672,dimgrey,dimgrey,4
ENSG00000037042,darksalmon,darksalmon,3
ENSG00000037241,dimgrey,dimgrey,4
ENSG00000037474,darkgrey,darkgrey,1
ENSG00000037749,brown,brown,0
ENSG00000037757,dimgrey,dimgrey,4
ENSG00000037897,darkgrey,darkgrey,1
ENSG00000037965,dimgrey,dimgrey,4
ENSG00000038002,darkgrey,darkgrey,1
ENSG00000038210,dimgrey,dimgrey,4
ENSG00000038219,brown,brown,0
ENSG00000038274,indianred,indianred,6
ENSG00000038382,darkgrey,darkgrey,1
ENSG00000038427,darkgrey,darkgrey,1
ENSG00000038532,dimgrey,dimgrey,4
ENSG00000039068,darkgrey,darkgrey,1
ENSG00000039123,darkred,darkred,2
ENSG00000039139,red,red,11
ENSG00000039319,darkgrey,darkgrey,1
ENSG00000039523,darkgrey,darkgrey,1
ENSG00000039560,darkgrey,darkgrey,1
ENSG00000039650,indianred,indianred,6
ENSG00000040199,indianred,indianred,6
ENSG00000040275,dimgrey,dimgrey,4
ENSG00000040341,dimgrey,dimgrey,4
ENSG00000040487,dimgrey,dimgrey,4
ENSG00000040531,darkgrey,darkgrey,1
ENSG00000040608,darkgrey,darkgrey,1
ENSG00000040633,darkgrey,darkgrey,1
ENSG00000040933,darkgrey,darkgrey,1
ENSG00000041353,lightgrey,lightgrey,8
ENSG00000041357,lightgrey,lightgrey,8
ENSG00000041802,darkgrey,darkgrey,1
ENSG00000041880,darkgrey,darkgrey,1
ENSG00000041982,dimgrey,dimgrey,4
ENSG00000041988,darkgrey,darkgrey,1
ENSG00000042062,dimgrey,dimgrey,4
ENSG00000042088,dimgrey,dimgrey,4
ENSG00000042286,brown,brown,0
ENSG00000042317,dimgrey,dimgrey,4
ENSG00000042429,darkgrey,darkgrey,1
ENSG00000042445,whitesmoke,whitesmoke,13
ENSG00000042493,darkgrey,darkgrey,1
ENSG00000042753,dimgrey,dimgrey,4
ENSG00000042832,dimgrey,dimgrey,4
ENSG00000043093,dimgrey,dimgrey,4
ENSG00000043143,darkgrey,darkgrey,1
ENSG00000043514,dimgrey,dimgrey,4
ENSG00000044090,darkgrey,darkgrey,1
ENSG00000044115,dimgrey,dimgrey,4
ENSG00000044446,firebrick,firebrick,5
ENSG00000044459,snow,snow,12
ENSG00000044574,darkgrey,darkgrey,1
ENSG00000046647,darkgrey,darkgrey,1
ENSG00000046651,lightgrey,lightgrey,8
ENSG00000046653,brown,brown,0
ENSG00000046774,dimgrey,dimgrey,4
ENSG00000047056,dimgrey,dimgrey,4
ENSG00000047188,dimgrey,dimgrey,4
ENSG00000047230,lightgrey,lightgrey,8
ENSG00000047249,dimgrey,dimgrey,4
ENSG00000047315,dimgrey,dimgrey,4
ENSG00000047346,dimgrey,dimgrey,4
ENSG00000047365,dimgrey,dimgrey,4
ENSG00000047410,darkgrey,darkgrey,1
ENSG00000047578,darkgrey,darkgrey,1
ENSG00000047579,mistyrose,mistyrose,10
ENSG00000047621,darkred,darkred,2
ENSG00000047634,firebrick,firebrick,5
ENSG00000047644,brown,brown,0
ENSG00000047648,snow,snow,12
ENSG00000047849,darkgrey,darkgrey,1
ENSG00000047932,dimgrey,dimgrey,4
ENSG00000048028,lightgrey,lightgrey,8
ENSG00000048052,darkgrey,darkgrey,1
ENSG00000048140,darkgrey,darkgrey,1
ENSG00000048162,darkgrey,darkgrey,1
ENSG00000048342,dimgrey,dimgrey,4
ENSG00000048392,darkgrey,darkgrey,1
ENSG00000048405,dimgrey,dimgrey,4
ENSG00000048471,darkgrey,darkgrey,1
ENSG00000048540,red,red,11
ENSG00000048544,dimgrey,dimgrey,4
ENSG00000048649,snow,snow,12
ENSG00000048707,darkgrey,darkgrey,1
ENSG00000048740,darkgrey,darkgrey,1
ENSG00000048828,whitesmoke,whitesmoke,13
ENSG00000048991,lightgrey,lightgrey,8
ENSG00000049089,indianred,indianred,6
ENSG00000049130,dimgrey,dimgrey,4
ENSG00000049167,darkgrey,darkgrey,1
ENSG00000049192,dimgrey,dimgrey,4
ENSG00000049239,darkgrey,darkgrey,1
ENSG00000049245,dimgrey,dimgrey,4
ENSG00000049246,dimgrey,dimgrey,4
ENSG00000049323,darkgrey,darkgrey,1
ENSG00000049449,dimgrey,dimgrey,4
ENSG00000049540,darkgrey,darkgrey,1
ENSG00000049541,lightgrey,lightgrey,8
ENSG00000049618,dimgrey,dimgrey,4
ENSG00000049656,darkgrey,darkgrey,1
ENSG00000049759,darkgrey,darkgrey,1
ENSG00000049769,brown,brown,0
ENSG00000049860,dimgrey,dimgrey,4
ENSG00000049883,darkgrey,darkgrey,1
ENSG00000050130,dimgrey,dimgrey,4
ENSG00000050165,dimgrey,dimgrey,4
ENSG00000050327,maroon,maroon,9
ENSG00000050344,dimgrey,dimgrey,4
ENSG00000050393,dimgrey,dimgrey,4
ENSG00000050405,whitesmoke,whitesmoke,13
ENSG00000050426,dimgrey,dimgrey,4
ENSG00000050438,darkgrey,darkgrey,1
ENSG00000050555,dimgrey,dimgrey,4
ENSG00000050628,lightcoral,lightcoral,7
ENSG00000050730,dimgrey,dimgrey,4
ENSG00000050748,whitesmoke,whitesmoke,13
ENSG00000050820,darkgrey,darkgrey,1
ENSG00000051009,dimgrey,dimgrey,4
ENSG00000051108,dimgrey,dimgrey,4
ENSG00000051128,dimgrey,dimgrey,4
ENSG00000051180,dimgrey,dimgrey,4
ENSG00000051341,darkgrey,darkgrey,1
ENSG00000051382,dimgrey,dimgrey,4
ENSG00000051523,firebrick,firebrick,5
ENSG00000051596,darkgrey,darkgrey,1
ENSG00000051620,dimgrey,dimgrey,4
ENSG00000051825,darkgrey,darkgrey,1
ENSG00000052126,darkgrey,darkgrey,1
ENSG00000052723,dimgrey,dimgrey,4
ENSG00000052749,dimgrey,dimgrey,4
ENSG00000052795,darkgrey,darkgrey,1
ENSG00000052802,darkgrey,darkgrey,1
ENSG00000052841,whitesmoke,whitesmoke,13
ENSG00000053108,darkgrey,darkgrey,1
ENSG00000053254,dimgrey,dimgrey,4
ENSG00000053371,dimgrey,dimgrey,4
ENSG00000053372,dimgrey,dimgrey,4
ENSG00000053438,whitesmoke,whitesmoke,13
ENSG00000053501,dimgrey,dimgrey,4
ENSG00000053747,dimgrey,dimgrey,4
ENSG00000053770,dimgrey,dimgrey,4
ENSG00000053900,whitesmoke,whitesmoke,13
ENSG00000054116,darkgrey,darkgrey,1
ENSG00000054118,lightgrey,lightgrey,8
ENSG00000054148,dimgrey,dimgrey,4
ENSG00000054267,snow,snow,12
ENSG00000054282,lightgrey,lightgrey,8
ENSG00000054356,darkgrey,darkgrey,1
ENSG00000054523,darkgrey,darkgrey,1
ENSG00000054598,whitesmoke,whitesmoke,13
ENSG00000054611,darkgrey,darkgrey,1
ENSG00000054654,darkgrey,darkgrey,1
ENSG00000054793,dimgrey,dimgrey,4
ENSG00000054938,darkgrey,darkgrey,1
ENSG00000054965,dimgrey,dimgrey,4
ENSG00000054967,darkgrey,darkgrey,1
ENSG00000054983,darkgrey,darkgrey,1
ENSG00000055044,lightgrey,lightgrey,8
ENSG00000055070,whitesmoke,whitesmoke,13
ENSG00000055118,darkgrey,darkgrey,1
ENSG00000055130,maroon,maroon,9
ENSG00000055147,dimgrey,dimgrey,4
ENSG00000055163,red,red,11
ENSG00000055208,darkgrey,darkgrey,1
ENSG00000055211,darkred,darkred,2
ENSG00000055332,darkgrey,darkgrey,1
ENSG00000055483,darkgrey,darkgrey,1
ENSG00000055609,dimgrey,dimgrey,4
ENSG00000055732,dimgrey,dimgrey,4
ENSG00000055917,dimgrey,dimgrey,4
ENSG00000055950,dimgrey,dimgrey,4
ENSG00000055955,darkgrey,darkgrey,1
ENSG00000056050,lightgrey,lightgrey,8
ENSG00000056097,darkred,darkred,2
ENSG00000056277,firebrick,firebrick,5
ENSG00000056558,dimgrey,dimgrey,4
ENSG00000056586,darkgrey,darkgrey,1
ENSG00000056736,dimgrey,dimgrey,4
ENSG00000056972,maroon,maroon,9
ENSG00000056998,dimgrey,dimgrey,4
ENSG00000057019,darkgrey,darkgrey,1
ENSG00000057252,dimgrey,dimgrey,4
ENSG00000057608,dimgrey,dimgrey,4
ENSG00000057657,dimgrey,dimgrey,4
ENSG00000057663,dimgrey,dimgrey,4
ENSG00000057757,darkgrey,darkgrey,1
ENSG00000057935,darkgrey,darkgrey,1
ENSG00000058056,darkgrey,darkgrey,1
ENSG00000058063,darkgrey,darkgrey,1
ENSG00000058085,dimgrey,dimgrey,4
ENSG00000058091,dimgrey,dimgrey,4
ENSG00000058262,darkgrey,darkgrey,1
ENSG00000058272,lightgrey,lightgrey,8
ENSG00000058404,darkgrey,darkgrey,1
ENSG00000058668,darkgrey,darkgrey,1
ENSG00000058673,maroon,maroon,9
ENSG00000058729,dimgrey,dimgrey,4
ENSG00000058799,dimgrey,dimgrey,4
ENSG00000058804,darkgrey,darkgrey,1
ENSG00000058866,whitesmoke,whitesmoke,13
ENSG00000059122,dimgrey,dimgrey,4
ENSG00000059145,darkgrey,darkgrey,1
ENSG00000059377,darkgrey,darkgrey,1
ENSG00000059378,dimgrey,dimgrey,4
ENSG00000059573,darkgrey,darkgrey,1
ENSG00000059588,dimgrey,dimgrey,4
ENSG00000059691,dimgrey,dimgrey,4
ENSG00000059728,darkgrey,darkgrey,1
ENSG00000059758,dimgrey,dimgrey,4
ENSG00000059769,darkgrey,darkgrey,1
ENSG00000059804,darksalmon,darksalmon,3
ENSG00000059915,darkgrey,darkgrey,1
ENSG00000060069,darkgrey,darkgrey,1
ENSG00000060138,darkgrey,darkgrey,1
ENSG00000060140,dimgrey,dimgrey,4
ENSG00000060237,darkgrey,darkgrey,1
ENSG00000060339,lightgrey,lightgrey,8
ENSG00000060491,darkgrey,darkgrey,1
ENSG00000060642,dimgrey,dimgrey,4
ENSG00000060656,darkgrey,darkgrey,1
ENSG00000060688,darkgrey,darkgrey,1
ENSG00000060718,darkgrey,darkgrey,1
ENSG00000060749,dimgrey,dimgrey,4
ENSG00000060762,dimgrey,dimgrey,4
ENSG00000060971,dimgrey,dimgrey,4
ENSG00000060982,dimgrey,dimgrey,4
ENSG00000061273,dimgrey,dimgrey,4
ENSG00000061337,darkgrey,darkgrey,1
ENSG00000061455,dimgrey,dimgrey,4
ENSG00000061656,dimgrey,dimgrey,4
ENSG00000061676,dimgrey,dimgrey,4
ENSG00000061794,dimgrey,dimgrey,4
ENSG00000061918,dimgrey,dimgrey,4
ENSG00000061936,darkgrey,darkgrey,1
ENSG00000061938,dimgrey,dimgrey,4
ENSG00000061987,maroon,maroon,9
ENSG00000062194,darkgrey,darkgrey,1
ENSG00000062282,dimgrey,dimgrey,4
ENSG00000062370,lightgrey,lightgrey,8
ENSG00000062485,dimgrey,dimgrey,4
ENSG00000062524,darkgrey,darkgrey,1
ENSG00000062582,maroon,maroon,9
ENSG00000062598,darkgrey,darkgrey,1
ENSG00000062650,whitesmoke,whitesmoke,13
ENSG00000062716,lightcoral,lightcoral,7
ENSG00000062725,darkgrey,darkgrey,1
ENSG00000062822,darkgrey,darkgrey,1
ENSG00000063046,dimgrey,dimgrey,4
ENSG00000063127,dimgrey,dimgrey,4
ENSG00000063169,dimgrey,dimgrey,4
ENSG00000063176,dimgrey,dimgrey,4
ENSG00000063177,darkgrey,darkgrey,1
ENSG00000063180,darkgrey,darkgrey,1
ENSG00000063241,darkgrey,darkgrey,1
ENSG00000063244,dimgrey,dimgrey,4
ENSG00000063245,dimgrey,dimgrey,4
ENSG00000063322,dimgrey,dimgrey,4
ENSG00000063438,indianred,indianred,6
ENSG00000063587,dimgrey,dimgrey,4
ENSG00000063601,darkgrey,darkgrey,1
ENSG00000063660,darkgrey,darkgrey,1
ENSG00000063761,darkgrey,darkgrey,1
ENSG00000063854,darkgrey,darkgrey,1
ENSG00000063978,dimgrey,dimgrey,4
ENSG00000064012,dimgrey,dimgrey,4
ENSG00000064042,darkgrey,darkgrey,1
ENSG00000064102,dimgrey,dimgrey,4
ENSG00000064115,whitesmoke,whitesmoke,13
ENSG00000064195,darkgrey,darkgrey,1
ENSG00000064199,brown,brown,0
ENSG00000064205,darkgrey,darkgrey,1
ENSG00000064225,darkgrey,darkgrey,1
ENSG00000064270,darkgrey,darkgrey,1
ENSG00000064309,lightgrey,lightgrey,8
ENSG00000064313,darkred,darkred,2
ENSG00000064393,darkgrey,darkgrey,1
ENSG00000064419,darkgrey,darkgrey,1
ENSG00000064490,dimgrey,dimgrey,4
ENSG00000064545,darkgrey,darkgrey,1
ENSG00000064547,lightgrey,lightgrey,8
ENSG00000064601,dimgrey,dimgrey,4
ENSG00000064607,darkgrey,darkgrey,1
ENSG00000064651,dimgrey,dimgrey,4
ENSG00000064652,dimgrey,dimgrey,4
ENSG00000064655,darkgrey,darkgrey,1
ENSG00000064666,darkgrey,darkgrey,1
ENSG00000064687,darkgrey,darkgrey,1
ENSG00000064692,dimgrey,dimgrey,4
ENSG00000064703,indianred,indianred,6
ENSG00000064726,indianred,indianred,6
ENSG00000064763,indianred,indianred,6
ENSG00000064932,indianred,indianred,6
ENSG00000064933,snow,snow,12
ENSG00000064961,darkgrey,darkgrey,1
ENSG00000064989,dimgrey,dimgrey,4
ENSG00000064995,whitesmoke,whitesmoke,13
ENSG00000064999,brown,brown,0
ENSG00000065000,brown,brown,0
ENSG00000065029,darkgrey,darkgrey,1
ENSG00000065054,dimgrey,dimgrey,4
ENSG00000065057,indianred,indianred,6
ENSG00000065060,maroon,maroon,9
ENSG00000065135,dimgrey,dimgrey,4
ENSG00000065150,lightgrey,lightgrey,8
ENSG00000065154,dimgrey,dimgrey,4
ENSG00000065183,darkgrey,darkgrey,1
ENSG00000065243,whitesmoke,whitesmoke,13
ENSG00000065268,darkgrey,darkgrey,1
ENSG00000065308,darkgrey,darkgrey,1
ENSG00000065320,dimgrey,dimgrey,4
ENSG00000065328,dimgrey,dimgrey,4
ENSG00000065357,mistyrose,mistyrose,10
ENSG00000065361,dimgrey,dimgrey,4
ENSG00000065413,brown,brown,0
ENSG00000065427,dimgrey,dimgrey,4
ENSG00000065457,brown,brown,0
ENSG00000065485,dimgrey,dimgrey,4
ENSG00000065491,darkgrey,darkgrey,1
ENSG00000065518,dimgrey,dimgrey,4
ENSG00000065526,dimgrey,dimgrey,4
ENSG00000065534,whitesmoke,whitesmoke,13
ENSG00000065548,dimgrey,dimgrey,4
ENSG00000065559,brown,brown,0
ENSG00000065600,darkgrey,darkgrey,1
ENSG00000065613,snow,snow,12
ENSG00000065615,maroon,maroon,9
ENSG00000065618,darkgrey,darkgrey,1
ENSG00000065621,darkgrey,darkgrey,1
ENSG00000065665,dimgrey,dimgrey,4
ENSG00000065717,snow,snow,12
ENSG00000065802,darkgrey,darkgrey,1
ENSG00000065809,darkgrey,darkgrey,1
ENSG00000065833,dimgrey,dimgrey,4
ENSG00000065882,darkgrey,darkgrey,1
ENSG00000065883,dimgrey,dimgrey,4
ENSG00000065911,darkgrey,darkgrey,1
ENSG00000065923,darkgrey,darkgrey,1
ENSG00000065970,darkgrey,darkgrey,1
ENSG00000065978,dimgrey,dimgrey,4
ENSG00000065989,darkgrey,darkgrey,1
ENSG00000066027,dimgrey,dimgrey,4
ENSG00000066044,red,red,11
ENSG00000066056,whitesmoke,whitesmoke,13
ENSG00000066084,darkgrey,darkgrey,1
ENSG00000066117,dimgrey,dimgrey,4
ENSG00000066135,darkgrey,darkgrey,1
ENSG00000066136,dimgrey,dimgrey,4
ENSG00000066279,lightcoral,lightcoral,7
ENSG00000066322,dimgrey,dimgrey,4
ENSG00000066379,lightgrey,lightgrey,8
ENSG00000066405,dimgrey,dimgrey,4
ENSG00000066422,dimgrey,dimgrey,4
ENSG00000066427,darkgrey,darkgrey,1
ENSG00000066455,whitesmoke,whitesmoke,13
ENSG00000066557,darkgrey,darkgrey,1
ENSG00000066583,darkgrey,darkgrey,1
ENSG00000066629,dimgrey,dimgrey,4
ENSG00000066651,lightgrey,lightgrey,8
ENSG00000066654,darkgrey,darkgrey,1
ENSG00000066697,dimgrey,dimgrey,4
ENSG00000066735,darkgrey,darkgrey,1
ENSG00000066739,whitesmoke,whitesmoke,13
ENSG00000066777,dimgrey,dimgrey,4
ENSG00000066827,snow,snow,12
ENSG00000066855,dimgrey,dimgrey,4
ENSG00000066923,darkgrey,darkgrey,1
ENSG00000066926,indianred,indianred,6
ENSG00000066933,indianred,indianred,6
ENSG00000067057,darkgrey,darkgrey,1
ENSG00000067064,dimgrey,dimgrey,4
ENSG00000067066,lightgrey,lightgrey,8
ENSG00000067082,brown,brown,0
ENSG00000067113,snow,snow,12
ENSG00000067141,dimgrey,dimgrey,4
ENSG00000067167,dimgrey,dimgrey,4
ENSG00000067177,dimgrey,dimgrey,4
ENSG00000067182,red,red,11
ENSG00000067191,dimgrey,dimgrey,4
ENSG00000067208,darkgrey,darkgrey,1
ENSG00000067221,dimgrey,dimgrey,4
ENSG00000067225,dimgrey,dimgrey,4
ENSG00000067248,lightgrey,lightgrey,8
ENSG00000067334,lightgrey,lightgrey,8
ENSG00000067365,dimgrey,dimgrey,4
ENSG00000067369,darkgrey,darkgrey,1
ENSG00000067445,darkgrey,darkgrey,1
ENSG00000067533,darkgrey,darkgrey,1
ENSG00000067560,dimgrey,dimgrey,4
ENSG00000067596,darkgrey,darkgrey,1
ENSG00000067704,dimgrey,dimgrey,4
ENSG00000067715,darkgrey,darkgrey,1
ENSG00000067798,dimgrey,dimgrey,4
ENSG00000067829,dimgrey,dimgrey,4
ENSG00000067836,darkgrey,darkgrey,1
ENSG00000067900,lightgrey,lightgrey,8
ENSG00000067955,dimgrey,dimgrey,4
ENSG00000067992,indianred,indianred,6
ENSG00000068001,dimgrey,dimgrey,4
ENSG00000068024,darkgrey,darkgrey,1
ENSG00000068028,darkgrey,darkgrey,1
ENSG00000068078,dimgrey,dimgrey,4
ENSG00000068079,dimgrey,dimgrey,4
ENSG00000068097,darkgrey,darkgrey,1
ENSG00000068120,dimgrey,dimgrey,4
ENSG00000068137,dimgrey,dimgrey,4
ENSG00000068305,darkred,darkred,2
ENSG00000068308,dimgrey,dimgrey,4
ENSG00000068354,darkgrey,darkgrey,1
ENSG00000068366,dimgrey,dimgrey,4
ENSG00000068383,dimgrey,dimgrey,4
ENSG00000068394,dimgrey,dimgrey,4
ENSG00000068400,darkgrey,darkgrey,1
ENSG00000068438,whitesmoke,whitesmoke,13
ENSG00000068489,darkgrey,darkgrey,1
ENSG00000068650,dimgrey,dimgrey,4
ENSG00000068654,indianred,indianred,6
ENSG00000068697,darkgrey,darkgrey,1
ENSG00000068724,darkgrey,darkgrey,1
ENSG00000068745,darkgrey,darkgrey,1
ENSG00000068784,darkgrey,darkgrey,1
ENSG00000068796,dimgrey,dimgrey,4
ENSG00000068831,darkgrey,darkgrey,1
ENSG00000068878,darkgrey,darkgrey,1
ENSG00000068885,lightcoral,lightcoral,7
ENSG00000068903,darkgrey,darkgrey,1
ENSG00000068912,lightcoral,lightcoral,7
ENSG00000068971,darkgrey,darkgrey,1
ENSG00000069011,darkgrey,darkgrey,1
ENSG00000069020,darkgrey,darkgrey,1
ENSG00000069122,darkgrey,darkgrey,1
ENSG00000069188,maroon,maroon,9
ENSG00000069248,dimgrey,dimgrey,4
ENSG00000069275,dimgrey,dimgrey,4
ENSG00000069329,lightcoral,lightcoral,7
ENSG00000069345,indianred,indianred,6
ENSG00000069399,dimgrey,dimgrey,4
ENSG00000069424,dimgrey,dimgrey,4
ENSG00000069431,dimgrey,dimgrey,4
ENSG00000069482,dimgrey,dimgrey,4
ENSG00000069493,lightgrey,lightgrey,8
ENSG00000069509,indianred,indianred,6
ENSG00000069535,maroon,maroon,9
ENSG00000069667,whitesmoke,whitesmoke,13
ENSG00000069702,dimgrey,dimgrey,4
ENSG00000069849,lightgrey,lightgrey,8
ENSG00000069869,indianred,indianred,6
ENSG00000069943,whitesmoke,whitesmoke,13
ENSG00000069956,dimgrey,dimgrey,4
ENSG00000069966,darkgrey,darkgrey,1
ENSG00000069974,dimgrey,dimgrey,4
ENSG00000069998,darkgrey,darkgrey,1
ENSG00000070010,dimgrey,dimgrey,4
ENSG00000070047,dimgrey,dimgrey,4
ENSG00000070061,dimgrey,dimgrey,4
ENSG00000070081,lightgrey,lightgrey,8
ENSG00000070087,dimgrey,dimgrey,4
ENSG00000070159,darkgrey,darkgrey,1
ENSG00000070214,dimgrey,dimgrey,4
ENSG00000070269,darkgrey,darkgrey,1
ENSG00000070366,darkgrey,darkgrey,1
ENSG00000070367,dimgrey,dimgrey,4
ENSG00000070371,dimgrey,dimgrey,4
ENSG00000070388,dimgrey,dimgrey,4
ENSG00000070404,indianred,indianred,6
ENSG00000070413,darkgrey,darkgrey,1
ENSG00000070423,darkgrey,darkgrey,1
ENSG00000070444,darkgrey,darkgrey,1
ENSG00000070476,darkgrey,darkgrey,1
ENSG00000070495,dimgrey,dimgrey,4
ENSG00000070501,indianred,indianred,6
ENSG00000070540,darkgrey,darkgrey,1
ENSG00000070610,dimgrey,dimgrey,4
ENSG00000070614,darkgrey,darkgrey,1
ENSG00000070669,dimgrey,dimgrey,4
ENSG00000070718,darkgrey,darkgrey,1
ENSG00000070756,darkgrey,darkgrey,1
ENSG00000070759,darksalmon,darksalmon,3
ENSG00000070761,dimgrey,dimgrey,4
ENSG00000070770,darkgrey,darkgrey,1
ENSG00000070778,dimgrey,dimgrey,4
ENSG00000070785,dimgrey,dimgrey,4
ENSG00000070808,dimgrey,dimgrey,4
ENSG00000070814,lightgrey,lightgrey,8
ENSG00000070831,darkgrey,darkgrey,1
ENSG00000070882,darkgrey,darkgrey,1
ENSG00000070950,dimgrey,dimgrey,4
ENSG00000070961,darkgrey,darkgrey,1
ENSG00000071051,dimgrey,dimgrey,4
ENSG00000071054,darkgrey,darkgrey,1
ENSG00000071082,dimgrey,dimgrey,4
ENSG00000071127,dimgrey,dimgrey,4
ENSG00000071189,dimgrey,dimgrey,4
ENSG00000071205,dimgrey,dimgrey,4
ENSG00000071242,darkgrey,darkgrey,1
ENSG00000071243,whitesmoke,whitesmoke,13
ENSG00000071246,darkgrey,darkgrey,1
ENSG00000071282,red,red,11
ENSG00000071462,lightgrey,lightgrey,8
ENSG00000071537,lightgrey,lightgrey,8
ENSG00000071539,dimgrey,dimgrey,4
ENSG00000071553,whitesmoke,whitesmoke,13
ENSG00000071564,lightgrey,lightgrey,8
ENSG00000071575,darkgrey,darkgrey,1
ENSG00000071626,darkgrey,darkgrey,1
ENSG00000071655,darkgrey,darkgrey,1
ENSG00000071794,darkgrey,darkgrey,1
ENSG00000071859,maroon,maroon,9
ENSG00000071889,darkgrey,darkgrey,1
ENSG00000071894,dimgrey,dimgrey,4
ENSG00000071967,dimgrey,dimgrey,4
ENSG00000071994,dimgrey,dimgrey,4
ENSG00000072041,dimgrey,dimgrey,4
ENSG00000072042,dimgrey,dimgrey,4
ENSG00000072062,dimgrey,dimgrey,4
ENSG00000072110,darkgrey,darkgrey,1
ENSG00000072121,dimgrey,dimgrey,4
ENSG00000072133,dimgrey,dimgrey,4
ENSG00000072134,whitesmoke,whitesmoke,13
ENSG00000072135,lightgrey,lightgrey,8
ENSG00000072163,darkgrey,darkgrey,1
ENSG00000072195,darkgrey,darkgrey,1
ENSG00000072210,dimgrey,dimgrey,4
ENSG00000072274,brown,brown,0
ENSG00000072310,darkgrey,darkgrey,1
ENSG00000072364,maroon,maroon,9
ENSG00000072401,dimgrey,dimgrey,4
ENSG00000072415,darkgrey,darkgrey,1
ENSG00000072422,darkgrey,darkgrey,1
ENSG00000072501,darkgrey,darkgrey,1
ENSG00000072506,darkgrey,darkgrey,1
ENSG00000072518,darkgrey,darkgrey,1
ENSG00000072571,dimgrey,dimgrey,4
ENSG00000072609,darkgrey,darkgrey,1
ENSG00000072657,darkgrey,darkgrey,1
ENSG00000072682,dimgrey,dimgrey,4
ENSG00000072736,lightcoral,lightcoral,7
ENSG00000072756,dimgrey,dimgrey,4
ENSG00000072778,darkgrey,darkgrey,1
ENSG00000072786,lightgrey,lightgrey,8
ENSG00000072803,dimgrey,dimgrey,4
ENSG00000072832,dimgrey,dimgrey,4
ENSG00000072840,dimgrey,dimgrey,4
ENSG00000072849,dimgrey,dimgrey,4
ENSG00000072952,dimgrey,dimgrey,4
ENSG00000072954,dimgrey,dimgrey,4
ENSG00000072958,darkgrey,darkgrey,1
ENSG00000073008,darkgrey,darkgrey,1
ENSG00000073050,lightgrey,lightgrey,8
ENSG00000073060,darkgrey,darkgrey,1
ENSG00000073150,dimgrey,dimgrey,4
ENSG00000073169,red,red,11
ENSG00000073331,darkgrey,darkgrey,1
ENSG00000073417,dimgrey,dimgrey,4
ENSG00000073464,mistyrose,mistyrose,10
ENSG00000073536,dimgrey,dimgrey,4
ENSG00000073578,dimgrey,dimgrey,4
ENSG00000073584,red,red,11
ENSG00000073605,darkgrey,darkgrey,1
ENSG00000073614,brown,brown,0
ENSG00000073711,dimgrey,dimgrey,4
ENSG00000073712,darkgrey,darkgrey,1
ENSG00000073756,dimgrey,dimgrey,4
ENSG00000073792,dimgrey,dimgrey,4
ENSG00000073803,whitesmoke,whitesmoke,13
ENSG00000073849,dimgrey,dimgrey,4
ENSG00000073910,dimgrey,dimgrey,4
ENSG00000073921,dimgrey,dimgrey,4
ENSG00000073969,dimgrey,dimgrey,4
ENSG00000074047,lightcoral,lightcoral,7
ENSG00000074054,dimgrey,dimgrey,4
ENSG00000074071,darkgrey,darkgrey,1
ENSG00000074181,dimgrey,dimgrey,4
ENSG00000074201,darkgrey,darkgrey,1
ENSG00000074211,lightcoral,lightcoral,7
ENSG00000074219,dimgrey,dimgrey,4
ENSG00000074266,darkgrey,darkgrey,1
ENSG00000074319,dimgrey,dimgrey,4
ENSG00000074356,darkgrey,darkgrey,1
ENSG00000074370,darkgrey,darkgrey,1
ENSG00000074410,dimgrey,dimgrey,4
ENSG00000074416,indianred,indianred,6
ENSG00000074527,snow,snow,12
ENSG00000074582,dimgrey,dimgrey,4
ENSG00000074590,darkgrey,darkgrey,1
ENSG00000074603,dimgrey,dimgrey,4
ENSG00000074621,dimgrey,dimgrey,4
ENSG00000074657,darkgrey,darkgrey,1
ENSG00000074695,dimgrey,dimgrey,4
ENSG00000074696,darkgrey,darkgrey,1
ENSG00000074755,darkgrey,darkgrey,1
ENSG00000074800,dimgrey,dimgrey,4
ENSG00000074842,darkgrey,darkgrey,1
ENSG00000074855,dimgrey,dimgrey,4
ENSG00000074935,dimgrey,dimgrey,4
ENSG00000074964,whitesmoke,whitesmoke,13
ENSG00000075089,darkgrey,darkgrey,1
ENSG00000075131,dimgrey,dimgrey,4
ENSG00000075142,dimgrey,dimgrey,4
ENSG00000075151,lightgrey,lightgrey,8
ENSG00000075188,dimgrey,dimgrey,4
ENSG00000075213,lightgrey,lightgrey,8
ENSG00000075218,maroon,maroon,9
ENSG00000075223,dimgrey,dimgrey,4
ENSG00000075234,dimgrey,dimgrey,4
ENSG00000075239,dimgrey,dimgrey,4
ENSG00000075240,brown,brown,0
ENSG00000075275,darkgrey,darkgrey,1
ENSG00000075292,darkred,darkred,2
ENSG00000075303,lightcoral,lightcoral,7
ENSG00000075336,dimgrey,dimgrey,4
ENSG00000075391,darkgrey,darkgrey,1
ENSG00000075399,indianred,indianred,6
ENSG00000075407,whitesmoke,whitesmoke,13
ENSG00000075413,whitesmoke,whitesmoke,13
ENSG00000075415,dimgrey,dimgrey,4
ENSG00000075420,indianred,indianred,6
ENSG00000075426,darkgrey,darkgrey,1
ENSG00000075539,dimgrey,dimgrey,4
ENSG00000075568,darkgrey,darkgrey,1
ENSG00000075618,darkgrey,darkgrey,1
ENSG00000075624,dimgrey,dimgrey,4
ENSG00000075643,lightcoral,lightcoral,7
ENSG00000075651,snow,snow,12
ENSG00000075702,dimgrey,dimgrey,4
ENSG00000075711,darkgrey,darkgrey,1
ENSG00000075785,dimgrey,dimgrey,4
ENSG00000075826,dimgrey,dimgrey,4
ENSG00000075856,snow,snow,12
ENSG00000075914,dimgrey,dimgrey,4
ENSG00000075945,dimgrey,dimgrey,4
ENSG00000075975,dimgrey,dimgrey,4
ENSG00000076003,firebrick,firebrick,5
ENSG00000076043,dimgrey,dimgrey,4
ENSG00000076053,brown,brown,0
ENSG00000076067,dimgrey,dimgrey,4
ENSG00000076108,darkgrey,darkgrey,1
ENSG00000076201,darkgrey,darkgrey,1
ENSG00000076242,whitesmoke,whitesmoke,13
ENSG00000076248,darkgrey,darkgrey,1
ENSG00000076258,dimgrey,dimgrey,4
ENSG00000076321,brown,brown,0
ENSG00000076344,dimgrey,dimgrey,4
ENSG00000076351,dimgrey,dimgrey,4
ENSG00000076356,darkgrey,darkgrey,1
ENSG00000076382,dimgrey,dimgrey,4
ENSG00000076513,lightcoral,lightcoral,7
ENSG00000076555,darkgrey,darkgrey,1
ENSG00000076604,snow,snow,12
ENSG00000076641,dimgrey,dimgrey,4
ENSG00000076650,darkgrey,darkgrey,1
ENSG00000076685,darkgrey,darkgrey,1
ENSG00000076706,darkgrey,darkgrey,1
ENSG00000076716,snow,snow,12
ENSG00000076770,darkgrey,darkgrey,1
ENSG00000076924,dimgrey,dimgrey,4
ENSG00000076928,darkgrey,darkgrey,1
ENSG00000076944,dimgrey,dimgrey,4
ENSG00000076984,darkgrey,darkgrey,1
ENSG00000077044,darkgrey,darkgrey,1
ENSG00000077063,dimgrey,dimgrey,4
ENSG00000077092,firebrick,firebrick,5
ENSG00000077097,dimgrey,dimgrey,4
ENSG00000077147,darkgrey,darkgrey,1
ENSG00000077150,darkgrey,darkgrey,1
ENSG00000077152,dimgrey,dimgrey,4
ENSG00000077157,darkgrey,darkgrey,1
ENSG00000077232,dimgrey,dimgrey,4
ENSG00000077235,darkgrey,darkgrey,1
ENSG00000077238,darkgrey,darkgrey,1
ENSG00000077254,darkgrey,darkgrey,1
ENSG00000077264,snow,snow,12
ENSG00000077312,darkgrey,darkgrey,1
ENSG00000077348,darkgrey,darkgrey,1
ENSG00000077380,whitesmoke,whitesmoke,13
ENSG00000077420,dimgrey,dimgrey,4
ENSG00000077458,darkgrey,darkgrey,1
ENSG00000077463,darkgrey,darkgrey,1
ENSG00000077514,brown,brown,0
ENSG00000077549,darkgrey,darkgrey,1
ENSG00000077585,dimgrey,dimgrey,4
ENSG00000077684,dimgrey,dimgrey,4
ENSG00000077713,dimgrey,dimgrey,4
ENSG00000077721,dimgrey,dimgrey,4
ENSG00000077782,darkgrey,darkgrey,1
ENSG00000077942,darkgrey,darkgrey,1
ENSG00000077943,darkgrey,darkgrey,1
ENSG00000078018,darkgrey,darkgrey,1
ENSG00000078043,dimgrey,dimgrey,4
ENSG00000078053,whitesmoke,whitesmoke,13
ENSG00000078061,darkgrey,darkgrey,1
ENSG00000078070,snow,snow,12
ENSG00000078098,darkgrey,darkgrey,1
ENSG00000078124,dimgrey,dimgrey,4
ENSG00000078140,darkgrey,darkgrey,1
ENSG00000078142,dimgrey,dimgrey,4
ENSG00000078177,darkgrey,darkgrey,1
ENSG00000078237,whitesmoke,whitesmoke,13
ENSG00000078246,darkgrey,darkgrey,1
ENSG00000078269,whitesmoke,whitesmoke,13
ENSG00000078304,maroon,maroon,9
ENSG00000078369,dimgrey,dimgrey,4
ENSG00000078401,dimgrey,dimgrey,4
ENSG00000078403,firebrick,firebrick,5
ENSG00000078487,darkgrey,darkgrey,1
ENSG00000078618,lightgrey,lightgrey,8
ENSG00000078668,dimgrey,dimgrey,4
ENSG00000078674,lightcoral,lightcoral,7
ENSG00000078687,darkred,darkred,2
ENSG00000078699,dimgrey,dimgrey,4
ENSG00000078747,brown,brown,0
ENSG00000078795,lightgrey,lightgrey,8
ENSG00000078804,whitesmoke,whitesmoke,13
ENSG00000078808,dimgrey,dimgrey,4
ENSG00000078900,dimgrey,dimgrey,4
ENSG00000078967,dimgrey,dimgrey,4
ENSG00000079102,darkgrey,darkgrey,1
ENSG00000079134,dimgrey,dimgrey,4
ENSG00000079150,dimgrey,dimgrey,4
ENSG00000079156,darkgrey,darkgrey,1
ENSG00000079215,lightcoral,lightcoral,7
ENSG00000079246,dimgrey,dimgrey,4
ENSG00000079257,dimgrey,dimgrey,4
ENSG00000079263,maroon,maroon,9
ENSG00000079277,dimgrey,dimgrey,4
ENSG00000079308,dimgrey,dimgrey,4
ENSG00000079313,darkgrey,darkgrey,1
ENSG00000079332,lightgrey,lightgrey,8
ENSG00000079335,dimgrey,dimgrey,4
ENSG00000079337,brown,brown,0
ENSG00000079387,darkgrey,darkgrey,1
ENSG00000079432,darkgrey,darkgrey,1
ENSG00000079435,darkgrey,darkgrey,1
ENSG00000079459,dimgrey,dimgrey,4
ENSG00000079462,darkgrey,darkgrey,1
ENSG00000079482,dimgrey,dimgrey,4
ENSG00000079616,dimgrey,dimgrey,4
ENSG00000079691,dimgrey,dimgrey,4
ENSG00000079739,dimgrey,dimgrey,4
ENSG00000079785,dimgrey,dimgrey,4
ENSG00000079805,darkgrey,darkgrey,1
ENSG00000079819,darkgrey,darkgrey,1
ENSG00000079841,dimgrey,dimgrey,4
ENSG00000079931,darkgrey,darkgrey,1
ENSG00000079950,lightgrey,lightgrey,8
ENSG00000079974,darkgrey,darkgrey,1
ENSG00000079999,darkgrey,darkgrey,1
ENSG00000080007,brown,brown,0
ENSG00000080031,dimgrey,dimgrey,4
ENSG00000080189,dimgrey,dimgrey,4
ENSG00000080200,darkgrey,darkgrey,1
ENSG00000080298,darkgrey,darkgrey,1
ENSG00000080345,brown,brown,0
ENSG00000080371,dimgrey,dimgrey,4
ENSG00000080493,darkgrey,darkgrey,1
ENSG00000080503,whitesmoke,whitesmoke,13
ENSG00000080546,lightgrey,lightgrey,8
ENSG00000080561,brown,brown,0
ENSG00000080573,darkgrey,darkgrey,1
ENSG00000080603,dimgrey,dimgrey,4
ENSG00000080608,darkgrey,darkgrey,1
ENSG00000080709,dimgrey,dimgrey,4
ENSG00000080802,brown,brown,0
ENSG00000080815,dimgrey,dimgrey,4
ENSG00000080819,darkgrey,darkgrey,1
ENSG00000080822,dimgrey,dimgrey,4
ENSG00000080823,darkgrey,darkgrey,1
ENSG00000080824,dimgrey,dimgrey,4
ENSG00000080839,darkgrey,darkgrey,1
ENSG00000080845,darkgrey,darkgrey,1
ENSG00000080986,dimgrey,dimgrey,4
ENSG00000081014,indianred,indianred,6
ENSG00000081019,darkgrey,darkgrey,1
ENSG00000081026,darkgrey,darkgrey,1
ENSG00000081041,lightgrey,lightgrey,8
ENSG00000081051,dimgrey,dimgrey,4
ENSG00000081059,dimgrey,dimgrey,4
ENSG00000081087,dimgrey,dimgrey,4
ENSG00000081154,dimgrey,dimgrey,4
ENSG00000081177,dimgrey,dimgrey,4
ENSG00000081181,dimgrey,dimgrey,4
ENSG00000081189,darkgrey,darkgrey,1
ENSG00000081277,lightcoral,lightcoral,7
ENSG00000081307,dimgrey,dimgrey,4
ENSG00000081320,darkgrey,darkgrey,1
ENSG00000081377,dimgrey,dimgrey,4
ENSG00000081386,dimgrey,dimgrey,4
ENSG00000081665,darkgrey,darkgrey,1
ENSG00000081692,darkgrey,darkgrey,1
ENSG00000081721,dimgrey,dimgrey,4
ENSG00000081760,darkgrey,darkgrey,1
ENSG00000081791,darkgrey,darkgrey,1
ENSG00000081803,darkgrey,darkgrey,1
ENSG00000081853,dimgrey,dimgrey,4
ENSG00000081870,dimgrey,dimgrey,4
ENSG00000081913,dimgrey,dimgrey,4
ENSG00000081923,brown,brown,0
ENSG00000082014,brown,brown,0
ENSG00000082068,darkred,darkred,2
ENSG00000082126,brown,brown,0
ENSG00000082146,dimgrey,dimgrey,4
ENSG00000082153,dimgrey,dimgrey,4
ENSG00000082175,darkgrey,darkgrey,1
ENSG00000082212,indianred,indianred,6
ENSG00000082213,darkgrey,darkgrey,1
ENSG00000082258,lightgrey,lightgrey,8
ENSG00000082269,darkgrey,darkgrey,1
ENSG00000082397,dimgrey,dimgrey,4
ENSG00000082438,maroon,maroon,9
ENSG00000082458,lightgrey,lightgrey,8
ENSG00000082482,darkgrey,darkgrey,1
ENSG00000082512,darkgrey,darkgrey,1
ENSG00000082515,whitesmoke,whitesmoke,13
ENSG00000082516,brown,brown,0
ENSG00000082641,dimgrey,dimgrey,4
ENSG00000082701,brown,brown,0
ENSG00000082781,mistyrose,mistyrose,10
ENSG00000082805,darkgrey,darkgrey,1
ENSG00000082898,dimgrey,dimgrey,4
ENSG00000082996,dimgrey,dimgrey,4
ENSG00000083093,darkgrey,darkgrey,1
ENSG00000083097,dimgrey,dimgrey,4
ENSG00000083099,lightgrey,lightgrey,8
ENSG00000083123,dimgrey,dimgrey,4
ENSG00000083168,darkgrey,darkgrey,1
ENSG00000083223,firebrick,firebrick,5
ENSG00000083290,indianred,indianred,6
ENSG00000083312,darkgrey,darkgrey,1
ENSG00000083444,darkgrey,darkgrey,1
ENSG00000083454,darkgrey,darkgrey,1
ENSG00000083457,dimgrey,dimgrey,4
ENSG00000083520,lightgrey,lightgrey,8
ENSG00000083535,snow,snow,12
ENSG00000083544,brown,brown,0
ENSG00000083635,dimgrey,dimgrey,4
ENSG00000083642,darkgrey,darkgrey,1
ENSG00000083720,dimgrey,dimgrey,4
ENSG00000083750,lightgrey,lightgrey,8
ENSG00000083799,dimgrey,dimgrey,4
ENSG00000083807,lightgrey,lightgrey,8
ENSG00000083812,lightcoral,lightcoral,7
ENSG00000083814,lightcoral,lightcoral,7
ENSG00000083817,dimgrey,dimgrey,4
ENSG00000083828,red,red,11
ENSG00000083844,darkgrey,darkgrey,1
ENSG00000083845,dimgrey,dimgrey,4
ENSG00000083857,dimgrey,dimgrey,4
ENSG00000083896,darkgrey,darkgrey,1
ENSG00000083937,red,red,11
ENSG00000084070,dimgrey,dimgrey,4
ENSG00000084072,darkgrey,darkgrey,1
ENSG00000084073,brown,brown,0
ENSG00000084090,whitesmoke,whitesmoke,13
ENSG00000084092,dimgrey,dimgrey,4
ENSG00000084093,lightgrey,lightgrey,8
ENSG00000084112,darkgrey,darkgrey,1
ENSG00000084207,darkgrey,darkgrey,1
ENSG00000084234,mistyrose,mistyrose,10
ENSG00000084444,dimgrey,dimgrey,4
ENSG00000084463,darkgrey,darkgrey,1
ENSG00000084623,dimgrey,dimgrey,4
ENSG00000084636,dimgrey,dimgrey,4
ENSG00000084652,brown,brown,0
ENSG00000084676,dimgrey,dimgrey,4
ENSG00000084693,darkgrey,darkgrey,1
ENSG00000084710,darkgrey,darkgrey,1
ENSG00000084731,dimgrey,dimgrey,4
ENSG00000084733,maroon,maroon,9
ENSG00000084754,darkred,darkred,2
ENSG00000084764,darkgrey,darkgrey,1
ENSG00000084774,dimgrey,dimgrey,4
ENSG00000085063,lightgrey,lightgrey,8
ENSG00000085117,darkgrey,darkgrey,1
ENSG00000085185,darkgrey,darkgrey,1
ENSG00000085224,darkgrey,darkgrey,1
ENSG00000085231,dimgrey,dimgrey,4
ENSG00000085274,brown,brown,0
ENSG00000085276,red,red,11
ENSG00000085365,darkgrey,darkgrey,1
ENSG00000085377,dimgrey,dimgrey,4
ENSG00000085382,snow,snow,12
ENSG00000085415,dimgrey,dimgrey,4
ENSG00000085433,dimgrey,dimgrey,4
ENSG00000085449,darkgrey,darkgrey,1
ENSG00000085491,darkgrey,darkgrey,1
ENSG00000085511,dimgrey,dimgrey,4
ENSG00000085563,darkgrey,darkgrey,1
ENSG00000085644,dimgrey,dimgrey,4
ENSG00000085662,dimgrey,dimgrey,4
ENSG00000085719,indianred,indianred,6
ENSG00000085733,darkgrey,darkgrey,1
ENSG00000085760,brown,brown,0
ENSG00000085788,dimgrey,dimgrey,4
ENSG00000085831,darkgrey,darkgrey,1
ENSG00000085832,dimgrey,dimgrey,4
ENSG00000085840,dimgrey,dimgrey,4
ENSG00000085871,darkgrey,darkgrey,1
ENSG00000085872,darkgrey,darkgrey,1
ENSG00000085982,darkgrey,darkgrey,1
ENSG00000085998,dimgrey,dimgrey,4
ENSG00000085999,dimgrey,dimgrey,4
ENSG00000086015,darkgrey,darkgrey,1
ENSG00000086061,dimgrey,dimgrey,4
ENSG00000086062,darkgrey,darkgrey,1
ENSG00000086065,darkgrey,darkgrey,1
ENSG00000086102,dimgrey,dimgrey,4
ENSG00000086189,darkgrey,darkgrey,1
ENSG00000086200,indianred,indianred,6
ENSG00000086232,dimgrey,dimgrey,4
ENSG00000086289,dimgrey,dimgrey,4
ENSG00000086475,dimgrey,dimgrey,4
ENSG00000086504,lightcoral,lightcoral,7
ENSG00000086544,mistyrose,mistyrose,10
ENSG00000086589,darkgrey,darkgrey,1
ENSG00000086598,dimgrey,dimgrey,4
ENSG00000086619,darkgrey,darkgrey,1
ENSG00000086666,dimgrey,dimgrey,4
ENSG00000086696,maroon,maroon,9
ENSG00000086712,dimgrey,dimgrey,4
ENSG00000086730,darkgrey,darkgrey,1
ENSG00000086758,darkgrey,darkgrey,1
ENSG00000086827,darkgrey,darkgrey,1
ENSG00000086848,dimgrey,dimgrey,4
ENSG00000086991,brown,brown,0
ENSG00000087008,darkgrey,darkgrey,1
ENSG00000087053,dimgrey,dimgrey,4
ENSG00000087074,darkgrey,darkgrey,1
ENSG00000087076,darkgrey,darkgrey,1
ENSG00000087077,dimgrey,dimgrey,4
ENSG00000087086,dimgrey,dimgrey,4
ENSG00000087087,darkgrey,darkgrey,1
ENSG00000087088,darkgrey,darkgrey,1
ENSG00000087095,lightcoral,lightcoral,7
ENSG00000087111,whitesmoke,whitesmoke,13
ENSG00000087116,dimgrey,dimgrey,4
ENSG00000087152,whitesmoke,whitesmoke,13
ENSG00000087157,dimgrey,dimgrey,4
ENSG00000087191,dimgrey,dimgrey,4
ENSG00000087206,darkgrey,darkgrey,1
ENSG00000087245,dimgrey,dimgrey,4
ENSG00000087253,indianred,indianred,6
ENSG00000087258,dimgrey,dimgrey,4
ENSG00000087263,whitesmoke,whitesmoke,13
ENSG00000087266,dimgrey,dimgrey,4
ENSG00000087269,dimgrey,dimgrey,4
ENSG00000087274,red,red,11
ENSG00000087299,darkgrey,darkgrey,1
ENSG00000087301,brown,brown,0
ENSG00000087302,dimgrey,dimgrey,4
ENSG00000087303,darkgrey,darkgrey,1
ENSG00000087338,darkgrey,darkgrey,1
ENSG00000087365,whitesmoke,whitesmoke,13
ENSG00000087448,dimgrey,dimgrey,4
ENSG00000087460,dimgrey,dimgrey,4
ENSG00000087470,lightgrey,lightgrey,8
ENSG00000087502,dimgrey,dimgrey,4
ENSG00000087510,darkgrey,darkgrey,1
ENSG00000087586,darkgrey,darkgrey,1
ENSG00000087589,darkgrey,darkgrey,1
ENSG00000087842,snow,snow,12
ENSG00000087884,dimgrey,dimgrey,4
ENSG00000087903,darkgrey,darkgrey,1
ENSG00000087995,dimgrey,dimgrey,4
ENSG00000088035,dimgrey,dimgrey,4
ENSG00000088038,brown,brown,0
ENSG00000088179,lightgrey,lightgrey,8
ENSG00000088205,lightgrey,lightgrey,8
ENSG00000088247,dimgrey,dimgrey,4
ENSG00000088256,darkgrey,darkgrey,1
ENSG00000088298,darkgrey,darkgrey,1
ENSG00000088305,snow,snow,12
ENSG00000088325,darkgrey,darkgrey,1
ENSG00000088356,snow,snow,12
ENSG00000088367,darkgrey,darkgrey,1
ENSG00000088387,brown,brown,0
ENSG00000088448,whitesmoke,whitesmoke,13
ENSG00000088451,indianred,indianred,6
ENSG00000088543,brown,brown,0
ENSG00000088682,brown,brown,0
ENSG00000088727,dimgrey,dimgrey,4
ENSG00000088756,whitesmoke,whitesmoke,13
ENSG00000088766,dimgrey,dimgrey,4
ENSG00000088808,brown,brown,0
ENSG00000088812,dimgrey,dimgrey,4
ENSG00000088826,dimgrey,dimgrey,4
ENSG00000088832,dimgrey,dimgrey,4
ENSG00000088833,darkgrey,darkgrey,1
ENSG00000088836,darkgrey,darkgrey,1
ENSG00000088854,red,red,11
ENSG00000088876,dimgrey,dimgrey,4
ENSG00000088888,darkgrey,darkgrey,1
ENSG00000088899,brown,brown,0
ENSG00000088930,brown,brown,0
ENSG00000088970,dimgrey,dimgrey,4
ENSG00000088986,dimgrey,dimgrey,4
ENSG00000089006,darkgrey,darkgrey,1
ENSG00000089009,dimgrey,dimgrey,4
ENSG00000089022,mistyrose,mistyrose,10
ENSG00000089041,darkgrey,darkgrey,1
ENSG00000089048,lightgrey,lightgrey,8
ENSG00000089050,dimgrey,dimgrey,4
ENSG00000089053,darkgrey,darkgrey,1
ENSG00000089057,darkgrey,darkgrey,1
ENSG00000089060,dimgrey,dimgrey,4
ENSG00000089063,dimgrey,dimgrey,4
ENSG00000089091,dimgrey,dimgrey,4
ENSG00000089094,darkgrey,darkgrey,1
ENSG00000089123,darkgrey,darkgrey,1
ENSG00000089127,darkgrey,darkgrey,1
ENSG00000089154,darkgrey,darkgrey,1
ENSG00000089157,dimgrey,dimgrey,4
ENSG00000089159,dimgrey,dimgrey,4
ENSG00000089163,darkgrey,darkgrey,1
ENSG00000089177,darkgrey,darkgrey,1
ENSG00000089195,dimgrey,dimgrey,4
ENSG00000089220,whitesmoke,whitesmoke,13
ENSG00000089225,darkgrey,darkgrey,1
ENSG00000089234,dimgrey,dimgrey,4
ENSG00000089248,lightgrey,lightgrey,8
ENSG00000089280,dimgrey,dimgrey,4
ENSG00000089289,dimgrey,dimgrey,4
ENSG00000089327,lightgrey,lightgrey,8
ENSG00000089335,dimgrey,dimgrey,4
ENSG00000089351,darkgrey,darkgrey,1
ENSG00000089472,dimgrey,dimgrey,4
ENSG00000089597,darkgrey,darkgrey,1
ENSG00000089639,darkgrey,darkgrey,1
ENSG00000089682,brown,brown,0
ENSG00000089685,dimgrey,dimgrey,4
ENSG00000089692,brown,brown,0
ENSG00000089693,dimgrey,dimgrey,4
ENSG00000089737,whitesmoke,whitesmoke,13
ENSG00000089775,lightgrey,lightgrey,8
ENSG00000089818,dimgrey,dimgrey,4
ENSG00000089847,dimgrey,dimgrey,4
ENSG00000089876,dimgrey,dimgrey,4
ENSG00000089902,dimgrey,dimgrey,4
ENSG00000089916,darkgrey,darkgrey,1
ENSG00000090006,dimgrey,dimgrey,4
ENSG00000090013,dimgrey,dimgrey,4
ENSG00000090020,darkgrey,darkgrey,1
ENSG00000090054,darkgrey,darkgrey,1
ENSG00000090060,indianred,indianred,6
ENSG00000090061,darkgrey,darkgrey,1
ENSG00000090097,dimgrey,dimgrey,4
ENSG00000090238,dimgrey,dimgrey,4
ENSG00000090263,lightgrey,lightgrey,8
ENSG00000090266,dimgrey,dimgrey,4
ENSG00000090273,dimgrey,dimgrey,4
ENSG00000090316,dimgrey,dimgrey,4
ENSG00000090339,dimgrey,dimgrey,4
ENSG00000090372,dimgrey,dimgrey,4
ENSG00000090376,darkgrey,darkgrey,1
ENSG00000090432,darkgrey,darkgrey,1
ENSG00000090447,dimgrey,dimgrey,4
ENSG00000090470,darkred,darkred,2
ENSG00000090487,darkgrey,darkgrey,1
ENSG00000090520,dimgrey,dimgrey,4
ENSG00000090530,dimgrey,dimgrey,4
ENSG00000090539,dimgrey,dimgrey,4
ENSG00000090565,indianred,indianred,6
ENSG00000090581,darkgrey,darkgrey,1
ENSG00000090612,dimgrey,dimgrey,4
ENSG00000090615,darkgrey,darkgrey,1
ENSG00000090621,whitesmoke,whitesmoke,13
ENSG00000090674,whitesmoke,whitesmoke,13
ENSG00000090686,whitesmoke,whitesmoke,13
ENSG00000090776,dimgrey,dimgrey,4
ENSG00000090857,darkgrey,darkgrey,1
ENSG00000090861,darkgrey,darkgrey,1
ENSG00000090863,darkgrey,darkgrey,1
ENSG00000090889,darkgrey,darkgrey,1
ENSG00000090905,maroon,maroon,9
ENSG00000090924,darkgrey,darkgrey,1
ENSG00000090932,indianred,indianred,6
ENSG00000090971,darkgrey,darkgrey,1
ENSG00000090975,darkgrey,darkgrey,1
ENSG00000090989,dimgrey,dimgrey,4
ENSG00000091009,dimgrey,dimgrey,4
ENSG00000091039,lightcoral,lightcoral,7
ENSG00000091106,maroon,maroon,9
ENSG00000091127,dimgrey,dimgrey,4
ENSG00000091136,dimgrey,dimgrey,4
ENSG00000091137,snow,snow,12
ENSG00000091140,dimgrey,dimgrey,4
ENSG00000091157,maroon,maroon,9
ENSG00000091164,dimgrey,dimgrey,4
ENSG00000091317,darkgrey,darkgrey,1
ENSG00000091409,dimgrey,dimgrey,4
ENSG00000091436,lightgrey,lightgrey,8
ENSG00000091483,dimgrey,dimgrey,4
ENSG00000091490,lightgrey,lightgrey,8
ENSG00000091527,brown,brown,0
ENSG00000091542,darkgrey,darkgrey,1
ENSG00000091592,dimgrey,dimgrey,4
ENSG00000091622,brown,brown,0
ENSG00000091640,darkgrey,darkgrey,1
ENSG00000091651,dimgrey,dimgrey,4
ENSG00000091656,darkgrey,darkgrey,1
ENSG00000091732,whitesmoke,whitesmoke,13
ENSG00000091844,indianred,indianred,6
ENSG00000091879,snow,snow,12
ENSG00000091947,darkgrey,darkgrey,1
ENSG00000091986,dimgrey,dimgrey,4
ENSG00000092010,red,red,11
ENSG00000092020,dimgrey,dimgrey,4
ENSG00000092036,lightgrey,lightgrey,8
ENSG00000092094,lightgrey,lightgrey,8
ENSG00000092096,darkgrey,darkgrey,1
ENSG00000092108,brown,brown,0
ENSG00000092140,darkgrey,darkgrey,1
ENSG00000092148,lightcoral,lightcoral,7
ENSG00000092199,darkgrey,darkgrey,1
ENSG00000092201,darkgrey,darkgrey,1
ENSG00000092203,darkgrey,darkgrey,1
ENSG00000092208,indianred,indianred,6
ENSG00000092330,lightcoral,lightcoral,7
ENSG00000092421,dimgrey,dimgrey,4
ENSG00000092439,darkgrey,darkgrey,1
ENSG00000092445,dimgrey,dimgrey,4
ENSG00000092470,brown,brown,0
ENSG00000092529,dimgrey,dimgrey,4
ENSG00000092531,indianred,indianred,6
ENSG00000092621,dimgrey,dimgrey,4
ENSG00000092820,dimgrey,dimgrey,4
ENSG00000092841,dimgrey,dimgrey,4
ENSG00000092847,darkgrey,darkgrey,1
ENSG00000092853,lightgrey,lightgrey,8
ENSG00000092871,lightgrey,lightgrey,8
ENSG00000092931,brown,brown,0
ENSG00000092964,lightgrey,lightgrey,8
ENSG00000092969,dimgrey,dimgrey,4
ENSG00000092978,lightgrey,lightgrey,8
ENSG00000093000,dimgrey,dimgrey,4
ENSG00000093009,dimgrey,dimgrey,4
ENSG00000093010,darkgrey,darkgrey,1
ENSG00000093072,red,red,11
ENSG00000093144,dimgrey,dimgrey,4
ENSG00000093167,dimgrey,dimgrey,4
ENSG00000093183,lightcoral,lightcoral,7
ENSG00000093217,lightgrey,lightgrey,8
ENSG00000094631,dimgrey,dimgrey,4
ENSG00000094804,brown,brown,0
ENSG00000094841,lightgrey,lightgrey,8
ENSG00000094880,maroon,maroon,9
ENSG00000094914,dimgrey,dimgrey,4
ENSG00000094916,darkgrey,darkgrey,1
ENSG00000094975,whitesmoke,whitesmoke,13
ENSG00000095002,darkgrey,darkgrey,1
ENSG00000095015,darkgrey,darkgrey,1
ENSG00000095066,dimgrey,dimgrey,4
ENSG00000095139,dimgrey,dimgrey,4
ENSG00000095203,dimgrey,dimgrey,4
ENSG00000095209,dimgrey,dimgrey,4
ENSG00000095261,dimgrey,dimgrey,4
ENSG00000095303,dimgrey,dimgrey,4
ENSG00000095319,maroon,maroon,9
ENSG00000095321,darkgrey,darkgrey,1
ENSG00000095370,dimgrey,dimgrey,4
ENSG00000095380,dimgrey,dimgrey,4
ENSG00000095383,dimgrey,dimgrey,4
ENSG00000095397,dimgrey,dimgrey,4
ENSG00000095485,dimgrey,dimgrey,4
ENSG00000095564,dimgrey,dimgrey,4
ENSG00000095574,dimgrey,dimgrey,4
ENSG00000095627,dimgrey,dimgrey,4
ENSG00000095739,lightgrey,lightgrey,8
ENSG00000095752,dimgrey,dimgrey,4
ENSG00000095787,dimgrey,dimgrey,4
ENSG00000095794,dimgrey,dimgrey,4
ENSG00000095906,dimgrey,dimgrey,4
ENSG00000095951,darkgrey,darkgrey,1
ENSG00000096060,brown,brown,0
ENSG00000096063,whitesmoke,whitesmoke,13
ENSG00000096070,dimgrey,dimgrey,4
ENSG00000096092,snow,snow,12
ENSG00000096093,dimgrey,dimgrey,4
ENSG00000096384,darkred,darkred,2
ENSG00000096401,dimgrey,dimgrey,4
ENSG00000096433,darkgrey,darkgrey,1
ENSG00000096654,indianred,indianred,6
ENSG00000096696,darkgrey,darkgrey,1
ENSG00000096717,brown,brown,0
ENSG00000096746,whitesmoke,whitesmoke,13
ENSG00000096872,dimgrey,dimgrey,4
ENSG00000096968,darkgrey,darkgrey,1
ENSG00000096996,whitesmoke,whitesmoke,13
ENSG00000097007,dimgrey,dimgrey,4
ENSG00000097021,dimgrey,dimgrey,4
ENSG00000097033,indianred,indianred,6
ENSG00000097046,dimgrey,dimgrey,4
ENSG00000097096,snow,snow,12
ENSG00000099139,dimgrey,dimgrey,4
ENSG00000099194,darkgrey,darkgrey,1
ENSG00000099204,dimgrey,dimgrey,4
ENSG00000099219,lightgrey,lightgrey,8
ENSG00000099246,darkgrey,darkgrey,1
ENSG00000099250,brown,brown,0
ENSG00000099256,dimgrey,dimgrey,4
ENSG00000099260,dimgrey,dimgrey,4
ENSG00000099284,whitesmoke,whitesmoke,13
ENSG00000099290,lightgrey,lightgrey,8
ENSG00000099308,dimgrey,dimgrey,4
ENSG00000099326,brown,brown,0
ENSG00000099330,dimgrey,dimgrey,4
ENSG00000099331,darkgrey,darkgrey,1
ENSG00000099337,dimgrey,dimgrey,4
ENSG00000099341,dimgrey,dimgrey,4
ENSG00000099364,darkgrey,darkgrey,1
ENSG00000099365,darkgrey,darkgrey,1
ENSG00000099377,darkgrey,darkgrey,1
ENSG00000099381,whitesmoke,whitesmoke,13
ENSG00000099385,darkgrey,darkgrey,1
ENSG00000099622,brown,brown,0
ENSG00000099624,lightcoral,lightcoral,7
ENSG00000099783,lightgrey,lightgrey,8
ENSG00000099785,dimgrey,dimgrey,4
ENSG00000099795,darkgrey,darkgrey,1
ENSG00000099797,dimgrey,dimgrey,4
ENSG00000099800,darkgrey,darkgrey,1
ENSG00000099804,darkgrey,darkgrey,1
ENSG00000099810,dimgrey,dimgrey,4
ENSG00000099814,darkgrey,darkgrey,1
ENSG00000099817,dimgrey,dimgrey,4
ENSG00000099821,dimgrey,dimgrey,4
ENSG00000099822,darkgrey,darkgrey,1
ENSG00000099840,darkgrey,darkgrey,1
ENSG00000099860,darkgrey,darkgrey,1
ENSG00000099864,darkgrey,darkgrey,1
ENSG00000099875,darkgrey,darkgrey,1
ENSG00000099899,dimgrey,dimgrey,4
ENSG00000099901,darkgrey,darkgrey,1
ENSG00000099904,dimgrey,dimgrey,4
ENSG00000099910,darkgrey,darkgrey,1
ENSG00000099917,darkgrey,darkgrey,1
ENSG00000099940,dimgrey,dimgrey,4
ENSG00000099942,dimgrey,dimgrey,4
ENSG00000099949,darkgrey,darkgrey,1
ENSG00000099956,dimgrey,dimgrey,4
ENSG00000099957,brown,brown,0
ENSG00000099968,darkgrey,darkgrey,1
ENSG00000099991,darkgrey,darkgrey,1
ENSG00000099992,maroon,maroon,9
ENSG00000099994,indianred,indianred,6
ENSG00000099995,whitesmoke,whitesmoke,13
ENSG00000099998,brown,brown,0
ENSG00000099999,darkgrey,darkgrey,1
ENSG00000100003,brown,brown,0
ENSG00000100014,dimgrey,dimgrey,4
ENSG00000100023,darkgrey,darkgrey,1
ENSG00000100027,darkgrey,darkgrey,1
ENSG00000100028,darkgrey,darkgrey,1
ENSG00000100029,darkgrey,darkgrey,1
ENSG00000100030,indianred,indianred,6
ENSG00000100034,maroon,maroon,9
ENSG00000100036,whitesmoke,whitesmoke,13
ENSG00000100056,darkgrey,darkgrey,1
ENSG00000100065,darkgrey,darkgrey,1
ENSG00000100075,dimgrey,dimgrey,4
ENSG00000100077,brown,brown,0
ENSG00000100079,darkgrey,darkgrey,1
ENSG00000100083,darkgrey,darkgrey,1
ENSG00000100084,lightgrey,lightgrey,8
ENSG00000100092,darkgrey,darkgrey,1
ENSG00000100097,dimgrey,dimgrey,4
ENSG00000100099,dimgrey,dimgrey,4
ENSG00000100100,darkgrey,darkgrey,1
ENSG00000100104,lightgrey,lightgrey,8
ENSG00000100105,whitesmoke,whitesmoke,13
ENSG00000100106,lightgrey,lightgrey,8
ENSG00000100109,darkgrey,darkgrey,1
ENSG00000100116,darkgrey,darkgrey,1
ENSG00000100124,dimgrey,dimgrey,4
ENSG00000100138,dimgrey,dimgrey,4
ENSG00000100139,dimgrey,dimgrey,4
ENSG00000100142,dimgrey,dimgrey,4
ENSG00000100147,darkgrey,darkgrey,1
ENSG00000100150,dimgrey,dimgrey,4
ENSG00000100151,dimgrey,dimgrey,4
ENSG00000100154,dimgrey,dimgrey,4
ENSG00000100162,dimgrey,dimgrey,4
ENSG00000100196,dimgrey,dimgrey,4
ENSG00000100201,maroon,maroon,9
ENSG00000100206,brown,brown,0
ENSG00000100209,dimgrey,dimgrey,4
ENSG00000100211,darkgrey,darkgrey,1
ENSG00000100216,darkgrey,darkgrey,1
ENSG00000100219,dimgrey,dimgrey,4
ENSG00000100220,whitesmoke,whitesmoke,13
ENSG00000100221,darkgrey,darkgrey,1
ENSG00000100225,darkgrey,darkgrey,1
ENSG00000100226,lightgrey,lightgrey,8
ENSG00000100227,darkgrey,darkgrey,1
ENSG00000100228,dimgrey,dimgrey,4
ENSG00000100234,darkgrey,darkgrey,1
ENSG00000100239,dimgrey,dimgrey,4
ENSG00000100241,darkgrey,darkgrey,1
ENSG00000100242,darkgrey,darkgrey,1
ENSG00000100243,darkgrey,darkgrey,1
ENSG00000100246,darkgrey,darkgrey,1
ENSG00000100258,darkgrey,darkgrey,1
ENSG00000100263,darkgrey,darkgrey,1
ENSG00000100266,dimgrey,dimgrey,4
ENSG00000100280,darkgrey,darkgrey,1
ENSG00000100281,whitesmoke,whitesmoke,13
ENSG00000100284,darkgrey,darkgrey,1
ENSG00000100285,darkgrey,darkgrey,1
ENSG00000100288,brown,brown,0
ENSG00000100292,darkgrey,darkgrey,1
ENSG00000100294,darkgrey,darkgrey,1
ENSG00000100296,darkgrey,darkgrey,1
ENSG00000100297,dimgrey,dimgrey,4
ENSG00000100299,darkgrey,darkgrey,1
ENSG00000100300,dimgrey,dimgrey,4
ENSG00000100302,dimgrey,dimgrey,4
ENSG00000100304,darkgrey,darkgrey,1
ENSG00000100307,darkgrey,darkgrey,1
ENSG00000100316,dimgrey,dimgrey,4
ENSG00000100320,brown,brown,0
ENSG00000100321,dimgrey,dimgrey,4
ENSG00000100324,dimgrey,dimgrey,4
ENSG00000100325,darkgrey,darkgrey,1
ENSG00000100330,darkgrey,darkgrey,1
ENSG00000100335,darkgrey,darkgrey,1
ENSG00000100342,darkgrey,darkgrey,1
ENSG00000100344,darkgrey,darkgrey,1
ENSG00000100345,darkgrey,darkgrey,1
ENSG00000100347,whitesmoke,whitesmoke,13
ENSG00000100348,darkgrey,darkgrey,1
ENSG00000100350,darkgrey,darkgrey,1
ENSG00000100353,darkgrey,darkgrey,1
ENSG00000100354,whitesmoke,whitesmoke,13
ENSG00000100359,lightgrey,lightgrey,8
ENSG00000100360,darkgrey,darkgrey,1
ENSG00000100364,darkgrey,darkgrey,1
ENSG00000100372,dimgrey,dimgrey,4
ENSG00000100376,darkgrey,darkgrey,1
ENSG00000100379,darkgrey,darkgrey,1
ENSG00000100380,darkred,darkred,2
ENSG00000100387,dimgrey,dimgrey,4
ENSG00000100393,dimgrey,dimgrey,4
ENSG00000100395,indianred,indianred,6
ENSG00000100401,dimgrey,dimgrey,4
ENSG00000100403,darkgrey,darkgrey,1
ENSG00000100410,darkgrey,darkgrey,1
ENSG00000100412,snow,snow,12
ENSG00000100413,snow,snow,12
ENSG00000100416,indianred,indianred,6
ENSG00000100417,darkgrey,darkgrey,1
ENSG00000100418,dimgrey,dimgrey,4
ENSG00000100422,dimgrey,dimgrey,4
ENSG00000100425,dimgrey,dimgrey,4
ENSG00000100426,lightgrey,lightgrey,8
ENSG00000100429,darkgrey,darkgrey,1
ENSG00000100439,dimgrey,dimgrey,4
ENSG00000100441,darkgrey,darkgrey,1
ENSG00000100442,snow,snow,12
ENSG00000100461,lightgrey,lightgrey,8
ENSG00000100462,dimgrey,dimgrey,4
ENSG00000100478,darkgrey,darkgrey,1
ENSG00000100479,dimgrey,dimgrey,4
ENSG00000100483,dimgrey,dimgrey,4
ENSG00000100485,dimgrey,dimgrey,4
ENSG00000100490,red,red,11
ENSG00000100503,darkgrey,darkgrey,1
ENSG00000100504,darkgrey,darkgrey,1
ENSG00000100519,whitesmoke,whitesmoke,13
ENSG00000100522,brown,brown,0
ENSG00000100523,darkgrey,darkgrey,1
ENSG00000100526,dimgrey,dimgrey,4
ENSG00000100528,dimgrey,dimgrey,4
ENSG00000100532,brown,brown,0
ENSG00000100554,lightgrey,lightgrey,8
ENSG00000100558,whitesmoke,whitesmoke,13
ENSG00000100564,dimgrey,dimgrey,4
ENSG00000100567,dimgrey,dimgrey,4
ENSG00000100568,dimgrey,dimgrey,4
ENSG00000100575,dimgrey,dimgrey,4
ENSG00000100577,darkgrey,darkgrey,1
ENSG00000100578,lightgrey,lightgrey,8
ENSG00000100580,darkgrey,darkgrey,1
ENSG00000100583,brown,brown,0
ENSG00000100591,darkgrey,darkgrey,1
ENSG00000100592,dimgrey,dimgrey,4
ENSG00000100596,mistyrose,mistyrose,10
ENSG00000100599,lightcoral,lightcoral,7
ENSG00000100600,dimgrey,dimgrey,4
ENSG00000100601,brown,brown,0
ENSG00000100603,darkgrey,darkgrey,1
ENSG00000100612,dimgrey,dimgrey,4
ENSG00000100614,indianred,indianred,6
ENSG00000100625,darkgrey,darkgrey,1
ENSG00000100626,brown,brown,0
ENSG00000100629,snow,snow,12
ENSG00000100632,darkgrey,darkgrey,1
ENSG00000100644,indianred,indianred,6
ENSG00000100647,darkgrey,darkgrey,1
ENSG00000100650,darkgrey,darkgrey,1
ENSG00000100664,dimgrey,dimgrey,4
ENSG00000100697,darkgrey,darkgrey,1
ENSG00000100711,snow,snow,12
ENSG00000100714,dimgrey,dimgrey,4
ENSG00000100722,dimgrey,dimgrey,4
ENSG00000100726,darkgrey,darkgrey,1
ENSG00000100731,darkgrey,darkgrey,1
ENSG00000100739,dimgrey,dimgrey,4
ENSG00000100744,dimgrey,dimgrey,4
ENSG00000100749,darkgrey,darkgrey,1
ENSG00000100764,darkgrey,darkgrey,1
ENSG00000100767,darkgrey,darkgrey,1
ENSG00000100784,maroon,maroon,9
ENSG00000100796,dimgrey,dimgrey,4
ENSG00000100802,darkgrey,darkgrey,1
ENSG00000100804,indianred,indianred,6
ENSG00000100811,darkgrey,darkgrey,1
ENSG00000100813,whitesmoke,whitesmoke,13
ENSG00000100814,dimgrey,dimgrey,4
ENSG00000100815,snow,snow,12
ENSG00000100823,dimgrey,dimgrey,4
ENSG00000100836,dimgrey,dimgrey,4
ENSG00000100842,dimgrey,dimgrey,4
ENSG00000100852,lightcoral,lightcoral,7
ENSG00000100865,dimgrey,dimgrey,4
ENSG00000100867,darkgrey,darkgrey,1
ENSG00000100883,dimgrey,dimgrey,4
ENSG00000100888,dimgrey,dimgrey,4
ENSG00000100890,whitesmoke,whitesmoke,13
ENSG00000100902,dimgrey,dimgrey,4
ENSG00000100906,darkgrey,darkgrey,1
ENSG00000100908,dimgrey,dimgrey,4
ENSG00000100911,dimgrey,dimgrey,4
ENSG00000100916,dimgrey,dimgrey,4
ENSG00000100934,dimgrey,dimgrey,4
ENSG00000100941,lightgrey,lightgrey,8
ENSG00000100949,dimgrey,dimgrey,4
ENSG00000100968,dimgrey,dimgrey,4
ENSG00000100982,dimgrey,dimgrey,4
ENSG00000100983,dimgrey,dimgrey,4
ENSG00000100991,dimgrey,dimgrey,4
ENSG00000100994,darkgrey,darkgrey,1
ENSG00000100997,dimgrey,dimgrey,4
ENSG00000101000,dimgrey,dimgrey,4
ENSG00000101003,dimgrey,dimgrey,4
ENSG00000101004,darkgrey,darkgrey,1
ENSG00000101017,darkgrey,darkgrey,1
ENSG00000101019,darkgrey,darkgrey,1
ENSG00000101040,darkgrey,darkgrey,1
ENSG00000101052,dimgrey,dimgrey,4
ENSG00000101057,darkgrey,darkgrey,1
ENSG00000101079,darkgrey,darkgrey,1
ENSG00000101096,maroon,maroon,9
ENSG00000101104,dimgrey,dimgrey,4
ENSG00000101109,dimgrey,dimgrey,4
ENSG00000101126,darkgrey,darkgrey,1
ENSG00000101132,darkgrey,darkgrey,1
ENSG00000101134,dimgrey,dimgrey,4
ENSG00000101138,darkgrey,darkgrey,1
ENSG00000101146,darkgrey,darkgrey,1
ENSG00000101150,darkgrey,darkgrey,1
ENSG00000101152,darkgrey,darkgrey,1
ENSG00000101160,darkgrey,darkgrey,1
ENSG00000101161,darkgrey,darkgrey,1
ENSG00000101166,dimgrey,dimgrey,4
ENSG00000101181,lightgrey,lightgrey,8
ENSG00000101182,brown,brown,0
ENSG00000101187,darkgrey,darkgrey,1
ENSG00000101189,brown,brown,0
ENSG00000101190,darkgrey,darkgrey,1
ENSG00000101191,darkgrey,darkgrey,1
ENSG00000101193,darkgrey,darkgrey,1
ENSG00000101194,lightgrey,lightgrey,8
ENSG00000101199,dimgrey,dimgrey,4
ENSG00000101210,dimgrey,dimgrey,4
ENSG00000101216,darkgrey,darkgrey,1
ENSG00000101220,darkgrey,darkgrey,1
ENSG00000101224,dimgrey,dimgrey,4
ENSG00000101236,darkgrey,darkgrey,1
ENSG00000101246,dimgrey,dimgrey,4
ENSG00000101247,dimgrey,dimgrey,4
ENSG00000101255,dimgrey,dimgrey,4
ENSG00000101265,brown,brown,0
ENSG00000101266,darkgrey,darkgrey,1
ENSG00000101290,dimgrey,dimgrey,4
ENSG00000101294,darkgrey,darkgrey,1
ENSG00000101298,darkgrey,darkgrey,1
ENSG00000101310,dimgrey,dimgrey,4
ENSG00000101311,darkgrey,darkgrey,1
ENSG00000101333,brown,brown,0
ENSG00000101335,darkgrey,darkgrey,1
ENSG00000101337,darkgrey,darkgrey,1
ENSG00000101342,dimgrey,dimgrey,4
ENSG00000101343,dimgrey,dimgrey,4
ENSG00000101346,whitesmoke,whitesmoke,13
ENSG00000101347,dimgrey,dimgrey,4
ENSG00000101350,darkgrey,darkgrey,1
ENSG00000101361,brown,brown,0
ENSG00000101363,darkgrey,darkgrey,1
ENSG00000101365,dimgrey,dimgrey,4
ENSG00000101367,dimgrey,dimgrey,4
ENSG00000101384,darkgrey,darkgrey,1
ENSG00000101391,darkgrey,darkgrey,1
ENSG00000101400,darkgrey,darkgrey,1
ENSG00000101407,whitesmoke,whitesmoke,13
ENSG00000101412,darkgrey,darkgrey,1
ENSG00000101413,dimgrey,dimgrey,4
ENSG00000101417,darkgrey,darkgrey,1
ENSG00000101421,darkgrey,darkgrey,1
ENSG00000101439,dimgrey,dimgrey,4
ENSG00000101442,darkgrey,darkgrey,1
ENSG00000101444,dimgrey,dimgrey,4
ENSG00000101447,dimgrey,dimgrey,4
ENSG00000101452,dimgrey,dimgrey,4
ENSG00000101457,whitesmoke,whitesmoke,13
ENSG00000101460,darkgrey,darkgrey,1
ENSG00000101464,darkgrey,darkgrey,1
ENSG00000101470,darkgrey,darkgrey,1
ENSG00000101473,whitesmoke,whitesmoke,13
ENSG00000101474,dimgrey,dimgrey,4
ENSG00000101493,red,red,11
ENSG00000101542,dimgrey,dimgrey,4
ENSG00000101544,darkgrey,darkgrey,1
ENSG00000101546,darkgrey,darkgrey,1
ENSG00000101557,darkgrey,darkgrey,1
ENSG00000101558,dimgrey,dimgrey,4
ENSG00000101574,maroon,maroon,9
ENSG00000101577,dimgrey,dimgrey,4
ENSG00000101596,indianred,indianred,6
ENSG00000101608,red,red,11
ENSG00000101624,brown,brown,0
ENSG00000101639,snow,snow,12
ENSG00000101654,darkgrey,darkgrey,1
ENSG00000101665,dimgrey,dimgrey,4
ENSG00000101680,darkgrey,darkgrey,1
ENSG00000101745,lightgrey,lightgrey,8
ENSG00000101751,dimgrey,dimgrey,4
ENSG00000101752,darkgrey,darkgrey,1
ENSG00000101773,dimgrey,dimgrey,4
ENSG00000101782,darkgrey,darkgrey,1
ENSG00000101811,darkgrey,darkgrey,1
ENSG00000101825,darkgrey,darkgrey,1
ENSG00000101843,dimgrey,dimgrey,4
ENSG00000101844,darkgrey,darkgrey,1
ENSG00000101846,dimgrey,dimgrey,4
ENSG00000101849,darkgrey,darkgrey,1
ENSG00000101850,dimgrey,dimgrey,4
ENSG00000101856,dimgrey,dimgrey,4
ENSG00000101868,dimgrey,dimgrey,4
ENSG00000101871,dimgrey,dimgrey,4
ENSG00000101882,dimgrey,dimgrey,4
ENSG00000101888,darkgrey,darkgrey,1
ENSG00000101901,whitesmoke,whitesmoke,13
ENSG00000101911,dimgrey,dimgrey,4
ENSG00000101928,dimgrey,dimgrey,4
ENSG00000101935,dimgrey,dimgrey,4
ENSG00000101938,snow,snow,12
ENSG00000101940,darkgrey,darkgrey,1
ENSG00000101945,darkred,darkred,2
ENSG00000101955,maroon,maroon,9
ENSG00000101966,dimgrey,dimgrey,4
ENSG00000101972,whitesmoke,whitesmoke,13
ENSG00000101974,dimgrey,dimgrey,4
ENSG00000101986,dimgrey,dimgrey,4
ENSG00000101997,dimgrey,dimgrey,4
ENSG00000102003,darkgrey,darkgrey,1
ENSG00000102007,dimgrey,dimgrey,4
ENSG00000102024,dimgrey,dimgrey,4
ENSG00000102030,dimgrey,dimgrey,4
ENSG00000102032,darkgrey,darkgrey,1
ENSG00000102034,lightgrey,lightgrey,8
ENSG00000102038,darkgrey,darkgrey,1
ENSG00000102053,dimgrey,dimgrey,4
ENSG00000102054,darkgrey,darkgrey,1
ENSG00000102078,darkgrey,darkgrey,1
ENSG00000102081,darkgrey,darkgrey,1
ENSG00000102098,indianred,indianred,6
ENSG00000102103,whitesmoke,whitesmoke,13
ENSG00000102119,darkgrey,darkgrey,1
ENSG00000102125,darkgrey,darkgrey,1
ENSG00000102144,dimgrey,dimgrey,4
ENSG00000102158,dimgrey,dimgrey,4
ENSG00000102172,whitesmoke,whitesmoke,13
ENSG00000102174,darkgrey,darkgrey,1
ENSG00000102178,firebrick,firebrick,5
ENSG00000102181,darkgrey,darkgrey,1
ENSG00000102189,darkred,darkred,2
ENSG00000102218,dimgrey,dimgrey,4
ENSG00000102221,dimgrey,dimgrey,4
ENSG00000102225,darkgrey,darkgrey,1
ENSG00000102226,maroon,maroon,9
ENSG00000102241,dimgrey,dimgrey,4
ENSG00000102265,dimgrey,dimgrey,4
ENSG00000102287,brown,brown,0
ENSG00000102309,lightgrey,lightgrey,8
ENSG00000102312,darkgrey,darkgrey,1
ENSG00000102316,dimgrey,dimgrey,4
ENSG00000102317,whitesmoke,whitesmoke,13
ENSG00000102349,darkgrey,darkgrey,1
ENSG00000102359,dimgrey,dimgrey,4
ENSG00000102362,darkgrey,darkgrey,1
ENSG00000102384,darkgrey,darkgrey,1
ENSG00000102385,darkgrey,darkgrey,1
ENSG00000102387,darkgrey,darkgrey,1
ENSG00000102390,darkgrey,darkgrey,1
ENSG00000102393,dimgrey,dimgrey,4
ENSG00000102401,darkgrey,darkgrey,1
ENSG00000102409,firebrick,firebrick,5
ENSG00000102452,darkgrey,darkgrey,1
ENSG00000102466,dimgrey,dimgrey,4
ENSG00000102471,dimgrey,dimgrey,4
ENSG00000102524,darkgrey,darkgrey,1
ENSG00000102531,dimgrey,dimgrey,4
ENSG00000102543,dimgrey,dimgrey,4
ENSG00000102547,dimgrey,dimgrey,4
ENSG00000102554,darkgrey,darkgrey,1
ENSG00000102572,brown,brown,0
ENSG00000102575,indianred,indianred,6
ENSG00000102580,lightgrey,lightgrey,8
ENSG00000102595,dimgrey,dimgrey,4
ENSG00000102606,dimgrey,dimgrey,4
ENSG00000102678,darkgrey,darkgrey,1
ENSG00000102699,dimgrey,dimgrey,4
ENSG00000102710,darkgrey,darkgrey,1
ENSG00000102738,darkgrey,darkgrey,1
ENSG00000102743,dimgrey,dimgrey,4
ENSG00000102753,darkgrey,darkgrey,1
ENSG00000102755,dimgrey,dimgrey,4
ENSG00000102760,brown,brown,0
ENSG00000102763,dimgrey,dimgrey,4
ENSG00000102780,darkgrey,darkgrey,1
ENSG00000102781,dimgrey,dimgrey,4
ENSG00000102786,darkgrey,darkgrey,1
ENSG00000102796,dimgrey,dimgrey,4
ENSG00000102802,darkgrey,darkgrey,1
ENSG00000102804,dimgrey,dimgrey,4
ENSG00000102805,maroon,maroon,9
ENSG00000102858,darkgrey,darkgrey,1
ENSG00000102870,snow,snow,12
ENSG00000102871,dimgrey,dimgrey,4
ENSG00000102878,dimgrey,dimgrey,4
ENSG00000102882,darkgrey,darkgrey,1
ENSG00000102890,darkgrey,darkgrey,1
ENSG00000102893,dimgrey,dimgrey,4
ENSG00000102897,dimgrey,dimgrey,4
ENSG00000102898,darkgrey,darkgrey,1
ENSG00000102900,darkgrey,darkgrey,1
ENSG00000102901,darkgrey,darkgrey,1
ENSG00000102904,indianred,indianred,6
ENSG00000102908,dimgrey,dimgrey,4
ENSG00000102910,dimgrey,dimgrey,4
ENSG00000102921,darkgrey,darkgrey,1
ENSG00000102934,dimgrey,dimgrey,4
ENSG00000102935,lightcoral,lightcoral,7
ENSG00000102967,dimgrey,dimgrey,4
ENSG00000102974,darkgrey,darkgrey,1
ENSG00000102977,dimgrey,dimgrey,4
ENSG00000102978,dimgrey,dimgrey,4
ENSG00000102981,darkgrey,darkgrey,1
ENSG00000102984,dimgrey,dimgrey,4
ENSG00000102996,darkgrey,darkgrey,1
ENSG00000103005,darkgrey,darkgrey,1
ENSG00000103018,dimgrey,dimgrey,4
ENSG00000103021,lightgrey,lightgrey,8
ENSG00000103024,darkgrey,darkgrey,1
ENSG00000103034,darksalmon,darksalmon,3
ENSG00000103035,snow,snow,12
ENSG00000103037,dimgrey,dimgrey,4
ENSG00000103042,darkgrey,darkgrey,1
ENSG00000103043,dimgrey,dimgrey,4
ENSG00000103044,darkgrey,darkgrey,1
ENSG00000103047,dimgrey,dimgrey,4
ENSG00000103051,dimgrey,dimgrey,4
ENSG00000103061,dimgrey,dimgrey,4
ENSG00000103064,dimgrey,dimgrey,4
ENSG00000103066,darkgrey,darkgrey,1
ENSG00000103067,indianred,indianred,6
ENSG00000103091,dimgrey,dimgrey,4
ENSG00000103111,darkgrey,darkgrey,1
ENSG00000103121,dimgrey,dimgrey,4
ENSG00000103126,dimgrey,dimgrey,4
ENSG00000103145,dimgrey,dimgrey,4
ENSG00000103148,dimgrey,dimgrey,4
ENSG00000103150,dimgrey,dimgrey,4
ENSG00000103152,dimgrey,dimgrey,4
ENSG00000103160,darkgrey,darkgrey,1
ENSG00000103168,dimgrey,dimgrey,4
ENSG00000103174,darkgrey,darkgrey,1
ENSG00000103175,dimgrey,dimgrey,4
ENSG00000103187,darkgrey,darkgrey,1
ENSG00000103194,whitesmoke,whitesmoke,13
ENSG00000103196,dimgrey,dimgrey,4
ENSG00000103197,whitesmoke,whitesmoke,13
ENSG00000103199,darkgrey,darkgrey,1
ENSG00000103202,dimgrey,dimgrey,4
ENSG00000103222,dimgrey,dimgrey,4
ENSG00000103227,darkgrey,darkgrey,1
ENSG00000103241,darkgrey,darkgrey,1
ENSG00000103245,maroon,maroon,9
ENSG00000103248,dimgrey,dimgrey,4
ENSG00000103249,darkgrey,darkgrey,1
ENSG00000103253,darkgrey,darkgrey,1
ENSG00000103254,dimgrey,dimgrey,4
ENSG00000103257,dimgrey,dimgrey,4
ENSG00000103260,darkgrey,darkgrey,1
ENSG00000103264,brown,brown,0
ENSG00000103269,maroon,maroon,9
ENSG00000103275,dimgrey,dimgrey,4
ENSG00000103326,darkgrey,darkgrey,1
ENSG00000103335,darkgrey,darkgrey,1
ENSG00000103342,dimgrey,dimgrey,4
ENSG00000103343,brown,brown,0
ENSG00000103351,darkgrey,darkgrey,1
ENSG00000103353,dimgrey,dimgrey,4
ENSG00000103356,dimgrey,dimgrey,4
ENSG00000103363,dimgrey,dimgrey,4
ENSG00000103365,darkgrey,darkgrey,1
ENSG00000103381,dimgrey,dimgrey,4
ENSG00000103404,darkgrey,darkgrey,1
ENSG00000103415,lightcoral,lightcoral,7
ENSG00000103423,lightgrey,lightgrey,8
ENSG00000103429,dimgrey,dimgrey,4
ENSG00000103449,brown,brown,0
ENSG00000103479,snow,snow,12
ENSG00000103485,darkgrey,darkgrey,1
ENSG00000103490,darkgrey,darkgrey,1
ENSG00000103494,dimgrey,dimgrey,4
ENSG00000103496,darkgrey,darkgrey,1
ENSG00000103502,dimgrey,dimgrey,4
ENSG00000103507,darkgrey,darkgrey,1
ENSG00000103510,red,red,11
ENSG00000103512,dimgrey,dimgrey,4
ENSG00000103522,dimgrey,dimgrey,4
ENSG00000103540,darkgrey,darkgrey,1
ENSG00000103544,dimgrey,dimgrey,4
ENSG00000103549,darkgrey,darkgrey,1
ENSG00000103550,darkred,darkred,2
ENSG00000103591,darkgrey,darkgrey,1
ENSG00000103599,red,red,11
ENSG00000103642,lightgrey,lightgrey,8
ENSG00000103647,dimgrey,dimgrey,4
ENSG00000103653,dimgrey,dimgrey,4
ENSG00000103657,darkgrey,darkgrey,1
ENSG00000103671,darkgrey,darkgrey,1
ENSG00000103707,dimgrey,dimgrey,4
ENSG00000103723,dimgrey,dimgrey,4
ENSG00000103742,dimgrey,dimgrey,4
ENSG00000103769,dimgrey,dimgrey,4
ENSG00000103811,darkgrey,darkgrey,1
ENSG00000103852,whitesmoke,whitesmoke,13
ENSG00000103855,darkgrey,darkgrey,1
ENSG00000103876,dimgrey,dimgrey,4
ENSG00000103888,red,red,11
ENSG00000103932,darkgrey,darkgrey,1
ENSG00000103942,brown,brown,0
ENSG00000103966,darkgrey,darkgrey,1
ENSG00000103978,darksalmon,darksalmon,3
ENSG00000103994,whitesmoke,whitesmoke,13
ENSG00000103995,darkgrey,darkgrey,1
ENSG00000104043,dimgrey,dimgrey,4
ENSG00000104047,dimgrey,dimgrey,4
ENSG00000104064,dimgrey,dimgrey,4
ENSG00000104067,darkgrey,darkgrey,1
ENSG00000104081,darkgrey,darkgrey,1
ENSG00000104093,brown,brown,0
ENSG00000104129,darkgrey,darkgrey,1
ENSG00000104131,dimgrey,dimgrey,4
ENSG00000104133,darkgrey,darkgrey,1
ENSG00000104142,darkgrey,darkgrey,1
ENSG00000104154,darkgrey,darkgrey,1
ENSG00000104164,lightgrey,lightgrey,8
ENSG00000104177,lightgrey,lightgrey,8
ENSG00000104205,dimgrey,dimgrey,4
ENSG00000104213,indianred,indianred,6
ENSG00000104218,snow,snow,12
ENSG00000104219,dimgrey,dimgrey,4
ENSG00000104228,brown,brown,0
ENSG00000104231,dimgrey,dimgrey,4
ENSG00000104290,dimgrey,dimgrey,4
ENSG00000104299,darkgrey,darkgrey,1
ENSG00000104312,dimgrey,dimgrey,4
ENSG00000104320,dimgrey,dimgrey,4
ENSG00000104321,dimgrey,dimgrey,4
ENSG00000104324,darkgrey,darkgrey,1
ENSG00000104325,dimgrey,dimgrey,4
ENSG00000104331,lightgrey,lightgrey,8
ENSG00000104332,whitesmoke,whitesmoke,13
ENSG00000104341,dimgrey,dimgrey,4
ENSG00000104343,dimgrey,dimgrey,4
ENSG00000104356,lightgrey,lightgrey,8
ENSG00000104361,maroon,maroon,9
ENSG00000104365,whitesmoke,whitesmoke,13
ENSG00000104368,brown,brown,0
ENSG00000104375,darkgrey,darkgrey,1
ENSG00000104381,indianred,indianred,6
ENSG00000104388,darkgrey,darkgrey,1
ENSG00000104408,lightgrey,lightgrey,8
ENSG00000104412,dimgrey,dimgrey,4
ENSG00000104415,dimgrey,dimgrey,4
ENSG00000104419,whitesmoke,whitesmoke,13
ENSG00000104427,darkgrey,darkgrey,1
ENSG00000104432,dimgrey,dimgrey,4
ENSG00000104442,whitesmoke,whitesmoke,13
ENSG00000104447,darkgrey,darkgrey,1
ENSG00000104450,dimgrey,dimgrey,4
ENSG00000104472,darkgrey,darkgrey,1
ENSG00000104490,brown,brown,0
ENSG00000104497,indianred,indianred,6
ENSG00000104517,dimgrey,dimgrey,4
ENSG00000104522,dimgrey,dimgrey,4
ENSG00000104529,dimgrey,dimgrey,4
ENSG00000104549,darkgrey,darkgrey,1
ENSG00000104611,darkgrey,darkgrey,1
ENSG00000104613,lightcoral,lightcoral,7
ENSG00000104626,darkgrey,darkgrey,1
ENSG00000104635,dimgrey,dimgrey,4
ENSG00000104660,dimgrey,dimgrey,4
ENSG00000104671,dimgrey,dimgrey,4
ENSG00000104679,dimgrey,dimgrey,4
ENSG00000104687,darkgrey,darkgrey,1
ENSG00000104689,maroon,maroon,9
ENSG00000104691,darkgrey,darkgrey,1
ENSG00000104695,darkgrey,darkgrey,1
ENSG00000104714,snow,snow,12
ENSG00000104722,brown,brown,0
ENSG00000104723,dimgrey,dimgrey,4
ENSG00000104731,dimgrey,dimgrey,4
ENSG00000104738,dimgrey,dimgrey,4
ENSG00000104756,lightcoral,lightcoral,7
ENSG00000104763,whitesmoke,whitesmoke,13
ENSG00000104765,dimgrey,dimgrey,4
ENSG00000104774,maroon,maroon,9
ENSG00000104783,dimgrey,dimgrey,4
ENSG00000104805,darkgrey,darkgrey,1
ENSG00000104812,darkgrey,darkgrey,1
ENSG00000104823,dimgrey,dimgrey,4
ENSG00000104825,dimgrey,dimgrey,4
ENSG00000104852,dimgrey,dimgrey,4
ENSG00000104853,darkgrey,darkgrey,1
ENSG00000104856,darkgrey,darkgrey,1
ENSG00000104859,darkgrey,darkgrey,1
ENSG00000104863,darkgrey,darkgrey,1
ENSG00000104866,darkgrey,darkgrey,1
ENSG00000104870,dimgrey,dimgrey,4
ENSG00000104872,darkgrey,darkgrey,1
ENSG00000104880,dimgrey,dimgrey,4
ENSG00000104881,darkgrey,darkgrey,1
ENSG00000104883,dimgrey,dimgrey,4
ENSG00000104884,dimgrey,dimgrey,4
ENSG00000104885,darkgrey,darkgrey,1
ENSG00000104886,dimgrey,dimgrey,4
ENSG00000104889,dimgrey,dimgrey,4
ENSG00000104897,darkgrey,darkgrey,1
ENSG00000104903,brown,brown,0
ENSG00000104904,darkgrey,darkgrey,1
ENSG00000104907,darkgrey,darkgrey,1
ENSG00000104915,dimgrey,dimgrey,4
ENSG00000104936,dimgrey,dimgrey,4
ENSG00000104946,darkgrey,darkgrey,1
ENSG00000104957,darkgrey,darkgrey,1
ENSG00000104960,darkgrey,darkgrey,1
ENSG00000104964,dimgrey,dimgrey,4
ENSG00000104969,darkgrey,darkgrey,1
ENSG00000104973,darkgrey,darkgrey,1
ENSG00000104976,darkgrey,darkgrey,1
ENSG00000104979,dimgrey,dimgrey,4
ENSG00000104980,whitesmoke,whitesmoke,13
ENSG00000104983,darkgrey,darkgrey,1
ENSG00000105048,dimgrey,dimgrey,4
ENSG00000105053,darkgrey,darkgrey,1
ENSG00000105058,whitesmoke,whitesmoke,13
ENSG00000105063,dimgrey,dimgrey,4
ENSG00000105072,dimgrey,dimgrey,4
ENSG00000105088,darkgrey,darkgrey,1
ENSG00000105127,dimgrey,dimgrey,4
ENSG00000105135,darkgrey,darkgrey,1
ENSG00000105136,darkgrey,darkgrey,1
ENSG00000105137,darkgrey,darkgrey,1
ENSG00000105146,darkgrey,darkgrey,1
ENSG00000105171,dimgrey,dimgrey,4
ENSG00000105173,darkgrey,darkgrey,1
ENSG00000105176,darkgrey,darkgrey,1
ENSG00000105185,dimgrey,dimgrey,4
ENSG00000105186,dimgrey,dimgrey,4
ENSG00000105193,red,red,11
ENSG00000105197,darkgrey,darkgrey,1
ENSG00000105202,dimgrey,dimgrey,4
ENSG00000105219,darkgrey,darkgrey,1
ENSG00000105220,darkgrey,darkgrey,1
ENSG00000105221,darkgrey,darkgrey,1
ENSG00000105223,darkgrey,darkgrey,1
ENSG00000105227,snow,snow,12
ENSG00000105229,whitesmoke,whitesmoke,13
ENSG00000105245,darkgrey,darkgrey,1
ENSG00000105248,darkgrey,darkgrey,1
ENSG00000105254,darkgrey,darkgrey,1
ENSG00000105255,brown,brown,0
ENSG00000105258,whitesmoke,whitesmoke,13
ENSG00000105270,darkgrey,darkgrey,1
ENSG00000105281,dimgrey,dimgrey,4
ENSG00000105287,darkgrey,darkgrey,1
ENSG00000105290,darkgrey,darkgrey,1
ENSG00000105298,darkgrey,darkgrey,1
ENSG00000105321,dimgrey,dimgrey,4
ENSG00000105323,dimgrey,dimgrey,4
ENSG00000105325,dimgrey,dimgrey,4
ENSG00000105327,dimgrey,dimgrey,4
ENSG00000105329,darkgrey,darkgrey,1
ENSG00000105339,dimgrey,dimgrey,4
ENSG00000105341,darkgrey,darkgrey,1
ENSG00000105355,dimgrey,dimgrey,4
ENSG00000105364,dimgrey,dimgrey,4
ENSG00000105372,lightgrey,lightgrey,8
ENSG00000105373,dimgrey,dimgrey,4
ENSG00000105376,dimgrey,dimgrey,4
ENSG00000105379,dimgrey,dimgrey,4
ENSG00000105393,darkgrey,darkgrey,1
ENSG00000105397,darkgrey,darkgrey,1
ENSG00000105401,darkgrey,darkgrey,1
ENSG00000105404,darkgrey,darkgrey,1
ENSG00000105419,dimgrey,dimgrey,4
ENSG00000105426,indianred,indianred,6
ENSG00000105429,darkgrey,darkgrey,1
ENSG00000105438,darkgrey,darkgrey,1
ENSG00000105443,darkgrey,darkgrey,1
ENSG00000105447,darkgrey,darkgrey,1
ENSG00000105464,indianred,indianred,6
ENSG00000105472,darkgrey,darkgrey,1
ENSG00000105483,dimgrey,dimgrey,4
ENSG00000105486,darkgrey,darkgrey,1
ENSG00000105497,dimgrey,dimgrey,4
ENSG00000105499,red,red,11
ENSG00000105514,whitesmoke,whitesmoke,13
ENSG00000105518,indianred,indianred,6
ENSG00000105519,dimgrey,dimgrey,4
ENSG00000105520,darkgrey,darkgrey,1
ENSG00000105538,whitesmoke,whitesmoke,13
ENSG00000105552,indianred,indianred,6
ENSG00000105556,dimgrey,dimgrey,4
ENSG00000105559,darkgrey,darkgrey,1
ENSG00000105568,dimgrey,dimgrey,4
ENSG00000105576,darkgrey,darkgrey,1
ENSG00000105605,darkgrey,darkgrey,1
ENSG00000105607,whitesmoke,whitesmoke,13
ENSG00000105612,darkgrey,darkgrey,1
ENSG00000105617,darkgrey,darkgrey,1
ENSG00000105618,dimgrey,dimgrey,4
ENSG00000105619,dimgrey,dimgrey,4
ENSG00000105639,brown,brown,0
ENSG00000105640,dimgrey,dimgrey,4
ENSG00000105643,whitesmoke,whitesmoke,13
ENSG00000105647,darkgrey,darkgrey,1
ENSG00000105650,brown,brown,0
ENSG00000105655,red,red,11
ENSG00000105656,darkgrey,darkgrey,1
ENSG00000105662,dimgrey,dimgrey,4
ENSG00000105669,darkgrey,darkgrey,1
ENSG00000105671,darkgrey,darkgrey,1
ENSG00000105672,snow,snow,12
ENSG00000105676,dimgrey,dimgrey,4
ENSG00000105677,darkgrey,darkgrey,1
ENSG00000105696,red,red,11
ENSG00000105698,dimgrey,dimgrey,4
ENSG00000105699,dimgrey,dimgrey,4
ENSG00000105700,dimgrey,dimgrey,4
ENSG00000105701,maroon,maroon,9
ENSG00000105705,darkgrey,darkgrey,1
ENSG00000105708,dimgrey,dimgrey,4
ENSG00000105711,darkgrey,darkgrey,1
ENSG00000105717,whitesmoke,whitesmoke,13
ENSG00000105722,darkgrey,darkgrey,1
ENSG00000105723,darkgrey,darkgrey,1
ENSG00000105726,darkgrey,darkgrey,1
ENSG00000105732,dimgrey,dimgrey,4
ENSG00000105738,darkgrey,darkgrey,1
ENSG00000105750,dimgrey,dimgrey,4
ENSG00000105755,darkgrey,darkgrey,1
ENSG00000105767,darkgrey,darkgrey,1
ENSG00000105771,dimgrey,dimgrey,4
ENSG00000105778,firebrick,firebrick,5
ENSG00000105784,dimgrey,dimgrey,4
ENSG00000105792,darkgrey,darkgrey,1
ENSG00000105793,darkgrey,darkgrey,1
ENSG00000105810,whitesmoke,whitesmoke,13
ENSG00000105819,lightgrey,lightgrey,8
ENSG00000105821,snow,snow,12
ENSG00000105825,dimgrey,dimgrey,4
ENSG00000105829,dimgrey,dimgrey,4
ENSG00000105835,darkgrey,darkgrey,1
ENSG00000105849,dimgrey,dimgrey,4
ENSG00000105854,dimgrey,dimgrey,4
ENSG00000105855,maroon,maroon,9
ENSG00000105856,maroon,maroon,9
ENSG00000105865,dimgrey,dimgrey,4
ENSG00000105866,dimgrey,dimgrey,4
ENSG00000105875,darkgrey,darkgrey,1
ENSG00000105877,brown,brown,0
ENSG00000105879,dimgrey,dimgrey,4
ENSG00000105887,lightgrey,lightgrey,8
ENSG00000105889,darkgrey,darkgrey,1
ENSG00000105894,darkgrey,darkgrey,1
ENSG00000105926,maroon,maroon,9
ENSG00000105928,dimgrey,dimgrey,4
ENSG00000105939,dimgrey,dimgrey,4
ENSG00000105948,whitesmoke,whitesmoke,13
ENSG00000105953,dimgrey,dimgrey,4
ENSG00000105963,maroon,maroon,9
ENSG00000105968,dimgrey,dimgrey,4
ENSG00000105971,dimgrey,dimgrey,4
ENSG00000105974,dimgrey,dimgrey,4
ENSG00000105976,dimgrey,dimgrey,4
ENSG00000105982,darkgrey,darkgrey,1
ENSG00000105983,dimgrey,dimgrey,4
ENSG00000105989,lightgrey,lightgrey,8
ENSG00000105991,lightgrey,lightgrey,8
ENSG00000105993,whitesmoke,whitesmoke,13
ENSG00000105996,darkgrey,darkgrey,1
ENSG00000105997,indianred,indianred,6
ENSG00000106003,dimgrey,dimgrey,4
ENSG00000106004,darkgrey,darkgrey,1
ENSG00000106006,darkgrey,darkgrey,1
ENSG00000106009,dimgrey,dimgrey,4
ENSG00000106012,darkgrey,darkgrey,1
ENSG00000106025,maroon,maroon,9
ENSG00000106028,lightgrey,lightgrey,8
ENSG00000106034,indianred,indianred,6
ENSG00000106049,dimgrey,dimgrey,4
ENSG00000106052,darkred,darkred,2
ENSG00000106070,whitesmoke,whitesmoke,13
ENSG00000106077,snow,snow,12
ENSG00000106080,dimgrey,dimgrey,4
ENSG00000106086,lightgrey,lightgrey,8
ENSG00000106089,dimgrey,dimgrey,4
ENSG00000106100,darkgrey,darkgrey,1
ENSG00000106105,lightgrey,lightgrey,8
ENSG00000106125,dimgrey,dimgrey,4
ENSG00000106144,darkgrey,darkgrey,1
ENSG00000106153,darkgrey,darkgrey,1
ENSG00000106211,dimgrey,dimgrey,4
ENSG00000106244,darkgrey,darkgrey,1
ENSG00000106245,darkgrey,darkgrey,1
ENSG00000106246,dimgrey,dimgrey,4
ENSG00000106258,dimgrey,dimgrey,4
ENSG00000106261,darkgrey,darkgrey,1
ENSG00000106263,darkgrey,darkgrey,1
ENSG00000106266,darkgrey,darkgrey,1
ENSG00000106268,dimgrey,dimgrey,4
ENSG00000106290,darkgrey,darkgrey,1
ENSG00000106299,dimgrey,dimgrey,4
ENSG00000106305,dimgrey,dimgrey,4
ENSG00000106330,darkgrey,darkgrey,1
ENSG00000106333,darkgrey,darkgrey,1
ENSG00000106336,dimgrey,dimgrey,4
ENSG00000106344,dimgrey,dimgrey,4
ENSG00000106346,brown,brown,0
ENSG00000106348,darkgrey,darkgrey,1
ENSG00000106351,dimgrey,dimgrey,4
ENSG00000106355,dimgrey,dimgrey,4
ENSG00000106366,lightgrey,lightgrey,8
ENSG00000106367,darkgrey,darkgrey,1
ENSG00000106392,dimgrey,dimgrey,4
ENSG00000106397,darkgrey,darkgrey,1
ENSG00000106399,dimgrey,dimgrey,4
ENSG00000106400,dimgrey,dimgrey,4
ENSG00000106404,darkgrey,darkgrey,1
ENSG00000106415,brown,brown,0
ENSG00000106443,brown,brown,0
ENSG00000106459,lightgrey,lightgrey,8
ENSG00000106460,dimgrey,dimgrey,4
ENSG00000106462,snow,snow,12
ENSG00000106477,darkgrey,darkgrey,1
ENSG00000106479,dimgrey,dimgrey,4
ENSG00000106484,whitesmoke,whitesmoke,13
ENSG00000106511,dimgrey,dimgrey,4
ENSG00000106524,brown,brown,0
ENSG00000106537,dimgrey,dimgrey,4
ENSG00000106538,brown,brown,0
ENSG00000106546,dimgrey,dimgrey,4
ENSG00000106554,dimgrey,dimgrey,4
ENSG00000106565,darkgrey,darkgrey,1
ENSG00000106571,brown,brown,0
ENSG00000106588,dimgrey,dimgrey,4
ENSG00000106591,dimgrey,dimgrey,4
ENSG00000106603,dimgrey,dimgrey,4
ENSG00000106605,dimgrey,dimgrey,4
ENSG00000106608,darkgrey,darkgrey,1
ENSG00000106609,whitesmoke,whitesmoke,13
ENSG00000106615,dimgrey,dimgrey,4
ENSG00000106617,indianred,indianred,6
ENSG00000106624,dimgrey,dimgrey,4
ENSG00000106628,whitesmoke,whitesmoke,13
ENSG00000106633,brown,brown,0
ENSG00000106635,dimgrey,dimgrey,4
ENSG00000106636,darkgrey,darkgrey,1
ENSG00000106638,dimgrey,dimgrey,4
ENSG00000106665,darkgrey,darkgrey,1
ENSG00000106682,dimgrey,dimgrey,4
ENSG00000106683,dimgrey,dimgrey,4
ENSG00000106686,darkgrey,darkgrey,1
ENSG00000106688,lightgrey,lightgrey,8
ENSG00000106692,dimgrey,dimgrey,4
ENSG00000106701,snow,snow,12
ENSG00000106723,darkgrey,darkgrey,1
ENSG00000106733,dimgrey,dimgrey,4
ENSG00000106771,dimgrey,dimgrey,4
ENSG00000106772,whitesmoke,whitesmoke,13
ENSG00000106780,indianred,indianred,6
ENSG00000106785,whitesmoke,whitesmoke,13
ENSG00000106789,lightgrey,lightgrey,8
ENSG00000106799,dimgrey,dimgrey,4
ENSG00000106803,dimgrey,dimgrey,4
ENSG00000106804,brown,brown,0
ENSG00000106829,dimgrey,dimgrey,4
ENSG00000106853,dimgrey,dimgrey,4
ENSG00000106868,dimgrey,dimgrey,4
ENSG00000106948,lightgrey,lightgrey,8
ENSG00000106976,snow,snow,12
ENSG00000106991,dimgrey,dimgrey,4
ENSG00000106992,darkgrey,darkgrey,1
ENSG00000106993,dimgrey,dimgrey,4
ENSG00000107020,dimgrey,dimgrey,4
ENSG00000107021,darkgrey,darkgrey,1
ENSG00000107036,dimgrey,dimgrey,4
ENSG00000107077,indianred,indianred,6
ENSG00000107104,indianred,indianred,6
ENSG00000107130,darkgrey,darkgrey,1
ENSG00000107140,dimgrey,dimgrey,4
ENSG00000107164,darkgrey,darkgrey,1
ENSG00000107175,darkgrey,darkgrey,1
ENSG00000107185,dimgrey,dimgrey,4
ENSG00000107186,lightgrey,lightgrey,8
ENSG00000107201,darkgrey,darkgrey,1
ENSG00000107223,whitesmoke,whitesmoke,13
ENSG00000107249,darkgrey,darkgrey,1
ENSG00000107262,dimgrey,dimgrey,4
ENSG00000107263,darkgrey,darkgrey,1
ENSG00000107281,darkgrey,darkgrey,1
ENSG00000107290,dimgrey,dimgrey,4
ENSG00000107317,darkgrey,darkgrey,1
ENSG00000107331,darkgrey,darkgrey,1
ENSG00000107338,whitesmoke,whitesmoke,13
ENSG00000107341,darkgrey,darkgrey,1
ENSG00000107362,darkgrey,darkgrey,1
ENSG00000107371,dimgrey,dimgrey,4
ENSG00000107372,dimgrey,dimgrey,4
ENSG00000107404,darkgrey,darkgrey,1
ENSG00000107438,darkgrey,darkgrey,1
ENSG00000107443,red,red,11
ENSG00000107485,indianred,indianred,6
ENSG00000107518,whitesmoke,whitesmoke,13
ENSG00000107521,darkgrey,darkgrey,1
ENSG00000107537,dimgrey,dimgrey,4
ENSG00000107551,darkgrey,darkgrey,1
ENSG00000107554,darkgrey,darkgrey,1
ENSG00000107560,lightgrey,lightgrey,8
ENSG00000107562,dimgrey,dimgrey,4
ENSG00000107566,darkgrey,darkgrey,1
ENSG00000107581,darkred,darkred,2
ENSG00000107611,snow,snow,12
ENSG00000107614,darkgrey,darkgrey,1
ENSG00000107625,lightgrey,lightgrey,8
ENSG00000107643,dimgrey,dimgrey,4
ENSG00000107651,darkgrey,darkgrey,1
ENSG00000107669,snow,snow,12
ENSG00000107672,dimgrey,dimgrey,4
ENSG00000107679,darkgrey,darkgrey,1
ENSG00000107731,darkgrey,darkgrey,1
ENSG00000107738,brown,brown,0
ENSG00000107745,dimgrey,dimgrey,4
ENSG00000107758,indianred,indianred,6
ENSG00000107771,dimgrey,dimgrey,4
ENSG00000107779,dimgrey,dimgrey,4
ENSG00000107789,dimgrey,dimgrey,4
ENSG00000107796,lightgrey,lightgrey,8
ENSG00000107798,dimgrey,dimgrey,4
ENSG00000107815,dimgrey,dimgrey,4
ENSG00000107816,dimgrey,dimgrey,4
ENSG00000107819,darkgrey,darkgrey,1
ENSG00000107821,whitesmoke,whitesmoke,13
ENSG00000107829,indianred,indianred,6
ENSG00000107833,darkgrey,darkgrey,1
ENSG00000107854,indianred,indianred,6
ENSG00000107862,dimgrey,dimgrey,4
ENSG00000107863,darkred,darkred,2
ENSG00000107864,dimgrey,dimgrey,4
ENSG00000107872,darkgrey,darkgrey,1
ENSG00000107874,dimgrey,dimgrey,4
ENSG00000107882,brown,brown,0
ENSG00000107890,snow,snow,12
ENSG00000107897,dimgrey,dimgrey,4
ENSG00000107902,dimgrey,dimgrey,4
ENSG00000107929,darkgrey,darkgrey,1
ENSG00000107937,snow,snow,12
ENSG00000107938,dimgrey,dimgrey,4
ENSG00000107949,darkgrey,darkgrey,1
ENSG00000107951,brown,brown,0
ENSG00000107954,darkgrey,darkgrey,1
ENSG00000107957,darkgrey,darkgrey,1
ENSG00000107959,dimgrey,dimgrey,4
ENSG00000107960,darkgrey,darkgrey,1
ENSG00000107968,darkgrey,darkgrey,1
ENSG00000107984,dimgrey,dimgrey,4
ENSG00000108010,dimgrey,dimgrey,4
ENSG00000108021,darkgrey,darkgrey,1
ENSG00000108039,dimgrey,dimgrey,4
ENSG00000108055,snow,snow,12
ENSG00000108061,darkgrey,darkgrey,1
ENSG00000108064,dimgrey,dimgrey,4
ENSG00000108091,firebrick,firebrick,5
ENSG00000108094,dimgrey,dimgrey,4
ENSG00000108100,darkgrey,darkgrey,1
ENSG00000108106,maroon,maroon,9
ENSG00000108107,dimgrey,dimgrey,4
ENSG00000108175,dimgrey,dimgrey,4
ENSG00000108176,brown,brown,0
ENSG00000108179,dimgrey,dimgrey,4
ENSG00000108187,dimgrey,dimgrey,4
ENSG00000108219,whitesmoke,whitesmoke,13
ENSG00000108239,dimgrey,dimgrey,4
ENSG00000108256,darkgrey,darkgrey,1
ENSG00000108262,dimgrey,dimgrey,4
ENSG00000108298,dimgrey,dimgrey,4
ENSG00000108306,darkgrey,darkgrey,1
ENSG00000108312,darkgrey,darkgrey,1
ENSG00000108344,dimgrey,dimgrey,4
ENSG00000108349,darkgrey,darkgrey,1
ENSG00000108352,darkgrey,darkgrey,1
ENSG00000108370,dimgrey,dimgrey,4
ENSG00000108381,dimgrey,dimgrey,4
ENSG00000108384,dimgrey,dimgrey,4
ENSG00000108387,lightgrey,lightgrey,8
ENSG00000108389,mistyrose,mistyrose,10
ENSG00000108395,darkgrey,darkgrey,1
ENSG00000108406,darkgrey,darkgrey,1
ENSG00000108423,darkgrey,darkgrey,1
ENSG00000108424,lightgrey,lightgrey,8
ENSG00000108433,darkgrey,darkgrey,1
ENSG00000108439,darkgrey,darkgrey,1
ENSG00000108443,maroon,maroon,9
ENSG00000108465,darkgrey,darkgrey,1
ENSG00000108468,lightgrey,lightgrey,8
ENSG00000108469,maroon,maroon,9
ENSG00000108474,dimgrey,dimgrey,4
ENSG00000108479,darkgrey,darkgrey,1
ENSG00000108506,indianred,indianred,6
ENSG00000108509,dimgrey,dimgrey,4
ENSG00000108510,lightcoral,lightcoral,7
ENSG00000108511,lightgrey,lightgrey,8
ENSG00000108515,darkgrey,darkgrey,1
ENSG00000108518,dimgrey,dimgrey,4
ENSG00000108523,darkgrey,darkgrey,1
ENSG00000108528,darkgrey,darkgrey,1
ENSG00000108551,brown,brown,0
ENSG00000108557,darkgrey,darkgrey,1
ENSG00000108559,dimgrey,dimgrey,4
ENSG00000108561,dimgrey,dimgrey,4
ENSG00000108578,darkgrey,darkgrey,1
ENSG00000108582,darkgrey,darkgrey,1
ENSG00000108587,darkgrey,darkgrey,1
ENSG00000108588,dimgrey,dimgrey,4
ENSG00000108590,whitesmoke,whitesmoke,13
ENSG00000108591,darkgrey,darkgrey,1
ENSG00000108592,lightgrey,lightgrey,8
ENSG00000108599,darkgrey,darkgrey,1
ENSG00000108604,darkgrey,darkgrey,1
ENSG00000108639,darkgrey,darkgrey,1
ENSG00000108641,dimgrey,dimgrey,4
ENSG00000108651,dimgrey,dimgrey,4
ENSG00000108654,dimgrey,dimgrey,4
ENSG00000108666,dimgrey,dimgrey,4
ENSG00000108669,darkgrey,darkgrey,1
ENSG00000108671,darkgrey,darkgrey,1
ENSG00000108679,dimgrey,dimgrey,4
ENSG00000108684,dimgrey,dimgrey,4
ENSG00000108691,maroon,maroon,9
ENSG00000108733,dimgrey,dimgrey,4
ENSG00000108771,whitesmoke,whitesmoke,13
ENSG00000108773,darkgrey,darkgrey,1
ENSG00000108774,dimgrey,dimgrey,4
ENSG00000108784,snow,snow,12
ENSG00000108786,brown,brown,0
ENSG00000108788,darkgrey,darkgrey,1
ENSG00000108797,dimgrey,dimgrey,4
ENSG00000108798,lightcoral,lightcoral,7
ENSG00000108799,dimgrey,dimgrey,4
ENSG00000108819,dimgrey,dimgrey,4
ENSG00000108821,whitesmoke,whitesmoke,13
ENSG00000108823,darkgrey,darkgrey,1
ENSG00000108826,lightgrey,lightgrey,8
ENSG00000108828,darkgrey,darkgrey,1
ENSG00000108829,darkgrey,darkgrey,1
ENSG00000108830,darkgrey,darkgrey,1
ENSG00000108840,dimgrey,dimgrey,4
ENSG00000108846,darkgrey,darkgrey,1
ENSG00000108848,lightgrey,lightgrey,8
ENSG00000108852,darkgrey,darkgrey,1
ENSG00000108854,darkgrey,darkgrey,1
ENSG00000108861,darkgrey,darkgrey,1
ENSG00000108883,dimgrey,dimgrey,4
ENSG00000108932,maroon,maroon,9
ENSG00000108946,darkgrey,darkgrey,1
ENSG00000108947,dimgrey,dimgrey,4
ENSG00000108953,darkred,darkred,2
ENSG00000108960,dimgrey,dimgrey,4
ENSG00000108961,dimgrey,dimgrey,4
ENSG00000108963,maroon,maroon,9
ENSG00000108984,darkgrey,darkgrey,1
ENSG00000109016,whitesmoke,whitesmoke,13
ENSG00000109046,darkgrey,darkgrey,1
ENSG00000109062,dimgrey,dimgrey,4
ENSG00000109063,dimgrey,dimgrey,4
ENSG00000109065,whitesmoke,whitesmoke,13
ENSG00000109066,darkgrey,darkgrey,1
ENSG00000109079,darkgrey,darkgrey,1
ENSG00000109083,darkgrey,darkgrey,1
ENSG00000109084,dimgrey,dimgrey,4
ENSG00000109089,lightgrey,lightgrey,8
ENSG00000109099,indianred,indianred,6
ENSG00000109103,darkgrey,darkgrey,1
ENSG00000109111,dimgrey,dimgrey,4
ENSG00000109113,darkgrey,darkgrey,1
ENSG00000109118,darkgrey,darkgrey,1
ENSG00000109133,darkgrey,darkgrey,1
ENSG00000109171,darkgrey,darkgrey,1
ENSG00000109180,darkgrey,darkgrey,1
ENSG00000109184,dimgrey,dimgrey,4
ENSG00000109189,firebrick,firebrick,5
ENSG00000109220,maroon,maroon,9
ENSG00000109265,dimgrey,dimgrey,4
ENSG00000109270,dimgrey,dimgrey,4
ENSG00000109320,indianred,indianred,6
ENSG00000109321,dimgrey,dimgrey,4
ENSG00000109323,darkgrey,darkgrey,1
ENSG00000109332,lightgrey,lightgrey,8
ENSG00000109339,maroon,maroon,9
ENSG00000109381,darkgrey,darkgrey,1
ENSG00000109390,dimgrey,dimgrey,4
ENSG00000109436,dimgrey,dimgrey,4
ENSG00000109445,dimgrey,dimgrey,4
ENSG00000109452,lightgrey,lightgrey,8
ENSG00000109458,darkgrey,darkgrey,1
ENSG00000109466,snow,snow,12
ENSG00000109472,darkgrey,darkgrey,1
ENSG00000109475,whitesmoke,whitesmoke,13
ENSG00000109501,darkgrey,darkgrey,1
ENSG00000109519,darkgrey,darkgrey,1
ENSG00000109534,maroon,maroon,9
ENSG00000109536,dimgrey,dimgrey,4
ENSG00000109572,indianred,indianred,6
ENSG00000109576,dimgrey,dimgrey,4
ENSG00000109586,lightcoral,lightcoral,7
ENSG00000109606,dimgrey,dimgrey,4
ENSG00000109610,darkgrey,darkgrey,1
ENSG00000109618,dimgrey,dimgrey,4
ENSG00000109654,whitesmoke,whitesmoke,13
ENSG00000109670,darkgrey,darkgrey,1
ENSG00000109674,brown,brown,0
ENSG00000109680,lightgrey,lightgrey,8
ENSG00000109685,darkgrey,darkgrey,1
ENSG00000109686,dimgrey,dimgrey,4
ENSG00000109689,snow,snow,12
ENSG00000109705,brown,brown,0
ENSG00000109736,darkgrey,darkgrey,1
ENSG00000109738,darkgrey,darkgrey,1
ENSG00000109743,dimgrey,dimgrey,4
ENSG00000109756,lightcoral,lightcoral,7
ENSG00000109762,dimgrey,dimgrey,4
ENSG00000109771,maroon,maroon,9
ENSG00000109775,darkgrey,darkgrey,1
ENSG00000109787,darkgrey,darkgrey,1
ENSG00000109790,darkgrey,darkgrey,1
ENSG00000109794,dimgrey,dimgrey,4
ENSG00000109805,darkgrey,darkgrey,1
ENSG00000109814,dimgrey,dimgrey,4
ENSG00000109846,dimgrey,dimgrey,4
ENSG00000109854,dimgrey,dimgrey,4
ENSG00000109861,dimgrey,dimgrey,4
ENSG00000109881,lightgrey,lightgrey,8
ENSG00000109911,dimgrey,dimgrey,4
ENSG00000109917,whitesmoke,whitesmoke,13
ENSG00000109919,dimgrey,dimgrey,4
ENSG00000109920,lightgrey,lightgrey,8
ENSG00000109929,dimgrey,dimgrey,4
ENSG00000109944,dimgrey,dimgrey,4
ENSG00000109971,dimgrey,dimgrey,4
ENSG00000110002,darkgrey,darkgrey,1
ENSG00000110011,red,red,11
ENSG00000110013,dimgrey,dimgrey,4
ENSG00000110031,indianred,indianred,6
ENSG00000110042,lightgrey,lightgrey,8
ENSG00000110046,darkgrey,darkgrey,1
ENSG00000110047,darkgrey,darkgrey,1
ENSG00000110048,darkgrey,darkgrey,1
ENSG00000110057,darkgrey,darkgrey,1
ENSG00000110060,lightgrey,lightgrey,8
ENSG00000110063,darkgrey,darkgrey,1
ENSG00000110066,darkgrey,darkgrey,1
ENSG00000110074,dimgrey,dimgrey,4
ENSG00000110075,darkgrey,darkgrey,1
ENSG00000110076,maroon,maroon,9
ENSG00000110080,darkgrey,darkgrey,1
ENSG00000110090,darkgrey,darkgrey,1
ENSG00000110092,darkgrey,darkgrey,1
ENSG00000110104,dimgrey,dimgrey,4
ENSG00000110107,darkgrey,darkgrey,1
ENSG00000110108,darkgrey,darkgrey,1
ENSG00000110169,darkgrey,darkgrey,1
ENSG00000110171,dimgrey,dimgrey,4
ENSG00000110172,snow,snow,12
ENSG00000110200,dimgrey,dimgrey,4
ENSG00000110203,maroon,maroon,9
ENSG00000110218,dimgrey,dimgrey,4
ENSG00000110237,dimgrey,dimgrey,4
ENSG00000110274,whitesmoke,whitesmoke,13
ENSG00000110315,dimgrey,dimgrey,4
ENSG00000110318,darkgrey,darkgrey,1
ENSG00000110321,darkgrey,darkgrey,1
ENSG00000110328,dimgrey,dimgrey,4
ENSG00000110330,darkgrey,darkgrey,1
ENSG00000110344,darkgrey,darkgrey,1
ENSG00000110367,darkgrey,darkgrey,1
ENSG00000110395,dimgrey,dimgrey,4
ENSG00000110400,dimgrey,dimgrey,4
ENSG00000110422,darkgrey,darkgrey,1
ENSG00000110427,dimgrey,dimgrey,4
ENSG00000110429,dimgrey,dimgrey,4
ENSG00000110435,dimgrey,dimgrey,4
ENSG00000110436,snow,snow,12
ENSG00000110442,dimgrey,dimgrey,4
ENSG00000110446,lightgrey,lightgrey,8
ENSG00000110455,dimgrey,dimgrey,4
ENSG00000110492,dimgrey,dimgrey,4
ENSG00000110497,lightgrey,lightgrey,8
ENSG00000110514,darkgrey,darkgrey,1
ENSG00000110536,darkgrey,darkgrey,1
ENSG00000110583,darkgrey,darkgrey,1
ENSG00000110619,darkred,darkred,2
ENSG00000110628,indianred,indianred,6
ENSG00000110651,darkgrey,darkgrey,1
ENSG00000110660,brown,brown,0
ENSG00000110675,dimgrey,dimgrey,4
ENSG00000110693,maroon,maroon,9
ENSG00000110696,firebrick,firebrick,5
ENSG00000110697,snow,snow,12
ENSG00000110700,dimgrey,dimgrey,4
ENSG00000110711,dimgrey,dimgrey,4
ENSG00000110713,dimgrey,dimgrey,4
ENSG00000110717,dimgrey,dimgrey,4
ENSG00000110719,darkgrey,darkgrey,1
ENSG00000110721,darkgrey,darkgrey,1
ENSG00000110723,dimgrey,dimgrey,4
ENSG00000110756,indianred,indianred,6
ENSG00000110768,firebrick,firebrick,5
ENSG00000110801,darkgrey,darkgrey,1
ENSG00000110811,darkgrey,darkgrey,1
ENSG00000110841,lightgrey,lightgrey,8
ENSG00000110844,dimgrey,dimgrey,4
ENSG00000110851,darkgrey,darkgrey,1
ENSG00000110852,dimgrey,dimgrey,4
ENSG00000110871,darkgrey,darkgrey,1
ENSG00000110876,dimgrey,dimgrey,4
ENSG00000110880,dimgrey,dimgrey,4
ENSG00000110881,darkgrey,darkgrey,1
ENSG00000110888,lightgrey,lightgrey,8
ENSG00000110906,dimgrey,dimgrey,4
ENSG00000110911,darkgrey,darkgrey,1
ENSG00000110917,darkgrey,darkgrey,1
ENSG00000110921,darkgrey,darkgrey,1
ENSG00000110925,snow,snow,12
ENSG00000110931,darkgrey,darkgrey,1
ENSG00000110944,red,red,11
ENSG00000110955,dimgrey,dimgrey,4
ENSG00000110958,dimgrey,dimgrey,4
ENSG00000110987,whitesmoke,whitesmoke,13
ENSG00000111011,darkgrey,darkgrey,1
ENSG00000111012,indianred,indianred,6
ENSG00000111052,dimgrey,dimgrey,4
ENSG00000111057,dimgrey,dimgrey,4
ENSG00000111058,dimgrey,dimgrey,4
ENSG00000111077,darkgrey,darkgrey,1
ENSG00000111087,darkgrey,darkgrey,1
ENSG00000111110,darkgrey,darkgrey,1
ENSG00000111142,darkgrey,darkgrey,1
ENSG00000111144,dimgrey,dimgrey,4
ENSG00000111145,darkgrey,darkgrey,1
ENSG00000111186,darkgrey,darkgrey,1
ENSG00000111196,dimgrey,dimgrey,4
ENSG00000111199,darkgrey,darkgrey,1
ENSG00000111203,brown,brown,0
ENSG00000111206,indianred,indianred,6
ENSG00000111224,darkgrey,darkgrey,1
ENSG00000111229,lightgrey,lightgrey,8
ENSG00000111231,dimgrey,dimgrey,4
ENSG00000111237,dimgrey,dimgrey,4
ENSG00000111247,brown,brown,0
ENSG00000111252,dimgrey,dimgrey,4
ENSG00000111254,indianred,indianred,6
ENSG00000111269,darkgrey,darkgrey,1
ENSG00000111271,brown,brown,0
ENSG00000111275,dimgrey,dimgrey,4
ENSG00000111276,darkgrey,darkgrey,1
ENSG00000111300,dimgrey,dimgrey,4
ENSG00000111305,brown,brown,0
ENSG00000111321,darkgrey,darkgrey,1
ENSG00000111328,dimgrey,dimgrey,4
ENSG00000111331,darkgrey,darkgrey,1
ENSG00000111335,dimgrey,dimgrey,4
ENSG00000111341,maroon,maroon,9
ENSG00000111348,dimgrey,dimgrey,4
ENSG00000111358,darkgrey,darkgrey,1
ENSG00000111361,dimgrey,dimgrey,4
ENSG00000111364,dimgrey,dimgrey,4
ENSG00000111371,dimgrey,dimgrey,4
ENSG00000111412,firebrick,firebrick,5
ENSG00000111424,dimgrey,dimgrey,4
ENSG00000111445,darkgrey,darkgrey,1
ENSG00000111450,dimgrey,dimgrey,4
ENSG00000111481,dimgrey,dimgrey,4
ENSG00000111530,darkgrey,darkgrey,1
ENSG00000111540,darkgrey,darkgrey,1
ENSG00000111554,brown,brown,0
ENSG00000111581,dimgrey,dimgrey,4
ENSG00000111596,dimgrey,dimgrey,4
ENSG00000111602,lightgrey,lightgrey,8
ENSG00000111605,dimgrey,dimgrey,4
ENSG00000111615,dimgrey,dimgrey,4
ENSG00000111639,dimgrey,dimgrey,4
ENSG00000111640,dimgrey,dimgrey,4
ENSG00000111642,indianred,indianred,6
ENSG00000111647,darkgrey,darkgrey,1
ENSG00000111652,mistyrose,mistyrose,10
ENSG00000111653,dimgrey,dimgrey,4
ENSG00000111664,darkgrey,darkgrey,1
ENSG00000111665,darkgrey,darkgrey,1
ENSG00000111666,brown,brown,0
ENSG00000111667,darkgrey,darkgrey,1
ENSG00000111669,dimgrey,dimgrey,4
ENSG00000111670,darkgrey,darkgrey,1
ENSG00000111671,dimgrey,dimgrey,4
ENSG00000111674,whitesmoke,whitesmoke,13
ENSG00000111676,whitesmoke,whitesmoke,13
ENSG00000111678,darkgrey,darkgrey,1
ENSG00000111696,dimgrey,dimgrey,4
ENSG00000111707,lightgrey,lightgrey,8
ENSG00000111711,dimgrey,dimgrey,4
ENSG00000111716,darkgrey,darkgrey,1
ENSG00000111725,brown,brown,0
ENSG00000111726,dimgrey,dimgrey,4
ENSG00000111727,snow,snow,12
ENSG00000111728,darkgrey,darkgrey,1
ENSG00000111731,dimgrey,dimgrey,4
ENSG00000111737,whitesmoke,whitesmoke,13
ENSG00000111752,darkgrey,darkgrey,1
ENSG00000111775,dimgrey,dimgrey,4
ENSG00000111785,maroon,maroon,9
ENSG00000111786,indianred,indianred,6
ENSG00000111790,whitesmoke,whitesmoke,13
ENSG00000111799,dimgrey,dimgrey,4
ENSG00000111801,darkgrey,darkgrey,1
ENSG00000111802,dimgrey,dimgrey,4
ENSG00000111816,firebrick,firebrick,5
ENSG00000111817,lightcoral,lightcoral,7
ENSG00000111832,lightgrey,lightgrey,8
ENSG00000111834,brown,brown,0
ENSG00000111837,dimgrey,dimgrey,4
ENSG00000111843,dimgrey,dimgrey,4
ENSG00000111845,brown,brown,0
ENSG00000111850,darkgrey,darkgrey,1
ENSG00000111859,darkgrey,darkgrey,1
ENSG00000111860,darkgrey,darkgrey,1
ENSG00000111863,dimgrey,dimgrey,4
ENSG00000111875,dimgrey,dimgrey,4
ENSG00000111877,brown,brown,0
ENSG00000111880,whitesmoke,whitesmoke,13
ENSG00000111885,darkgrey,darkgrey,1
ENSG00000111897,dimgrey,dimgrey,4
ENSG00000111906,dimgrey,dimgrey,4
ENSG00000111907,snow,snow,12
ENSG00000111911,dimgrey,dimgrey,4
ENSG00000111912,darkgrey,darkgrey,1
ENSG00000111913,darkgrey,darkgrey,1
ENSG00000111961,dimgrey,dimgrey,4
ENSG00000111962,dimgrey,dimgrey,4
ENSG00000111981,dimgrey,dimgrey,4
ENSG00000112029,dimgrey,dimgrey,4
ENSG00000112031,lightgrey,lightgrey,8
ENSG00000112033,brown,brown,0
ENSG00000112039,darkgrey,darkgrey,1
ENSG00000112053,dimgrey,dimgrey,4
ENSG00000112062,snow,snow,12
ENSG00000112078,darkgrey,darkgrey,1
ENSG00000112079,darkgrey,darkgrey,1
ENSG00000112081,indianred,indianred,6
ENSG00000112110,dimgrey,dimgrey,4
ENSG00000112118,dimgrey,dimgrey,4
ENSG00000112130,whitesmoke,whitesmoke,13
ENSG00000112137,maroon,maroon,9
ENSG00000112139,darkgrey,darkgrey,1
ENSG00000112144,dimgrey,dimgrey,4
ENSG00000112146,dimgrey,dimgrey,4
ENSG00000112149,indianred,indianred,6
ENSG00000112159,darkred,darkred,2
ENSG00000112167,darkgrey,darkgrey,1
ENSG00000112183,darkgrey,darkgrey,1
ENSG00000112186,dimgrey,dimgrey,4
ENSG00000112200,darkgrey,darkgrey,1
ENSG00000112208,dimgrey,dimgrey,4
ENSG00000112210,dimgrey,dimgrey,4
ENSG00000112218,maroon,maroon,9
ENSG00000112234,whitesmoke,whitesmoke,13
ENSG00000112237,dimgrey,dimgrey,4
ENSG00000112242,darkgrey,darkgrey,1
ENSG00000112249,brown,brown,0
ENSG00000112276,dimgrey,dimgrey,4
ENSG00000112282,darkgrey,darkgrey,1
ENSG00000112290,dimgrey,dimgrey,4
ENSG00000112294,red,red,11
ENSG00000112297,darkgrey,darkgrey,1
ENSG00000112303,lightgrey,lightgrey,8
ENSG00000112304,indianred,indianred,6
ENSG00000112305,dimgrey,dimgrey,4
ENSG00000112306,dimgrey,dimgrey,4
ENSG00000112308,firebrick,firebrick,5
ENSG00000112312,dimgrey,dimgrey,4
ENSG00000112319,darkgrey,darkgrey,1
ENSG00000112320,firebrick,firebrick,5
ENSG00000112335,indianred,indianred,6
ENSG00000112339,dimgrey,dimgrey,4
ENSG00000112343,lightgrey,lightgrey,8
ENSG00000112357,brown,brown,0
ENSG00000112365,dimgrey,dimgrey,4
ENSG00000112367,dimgrey,dimgrey,4
ENSG00000112378,darkgrey,darkgrey,1
ENSG00000112406,darkgrey,darkgrey,1
ENSG00000112414,dimgrey,dimgrey,4
ENSG00000112419,darkgrey,darkgrey,1
ENSG00000112425,maroon,maroon,9
ENSG00000112473,darkgrey,darkgrey,1
ENSG00000112514,dimgrey,dimgrey,4
ENSG00000112531,red,red,11
ENSG00000112541,dimgrey,dimgrey,4
ENSG00000112561,darkgrey,darkgrey,1
ENSG00000112576,dimgrey,dimgrey,4
ENSG00000112578,darkgrey,darkgrey,1
ENSG00000112584,dimgrey,dimgrey,4
ENSG00000112592,darkgrey,darkgrey,1
ENSG00000112619,darkgrey,darkgrey,1
ENSG00000112624,darkgrey,darkgrey,1
ENSG00000112640,darkred,darkred,2
ENSG00000112651,lightgrey,lightgrey,8
ENSG00000112655,dimgrey,dimgrey,4
ENSG00000112658,lightgrey,lightgrey,8
ENSG00000112659,darkgrey,darkgrey,1
ENSG00000112667,darkgrey,darkgrey,1
ENSG00000112679,darkgrey,darkgrey,1
ENSG00000112685,dimgrey,dimgrey,4
ENSG00000112695,dimgrey,dimgrey,4
ENSG00000112697,dimgrey,dimgrey,4
ENSG00000112699,dimgrey,dimgrey,4
ENSG00000112701,darkgrey,darkgrey,1
ENSG00000112715,darkgrey,darkgrey,1
ENSG00000112739,lightgrey,lightgrey,8
ENSG00000112742,dimgrey,dimgrey,4
ENSG00000112759,dimgrey,dimgrey,4
ENSG00000112763,whitesmoke,whitesmoke,13
ENSG00000112769,dimgrey,dimgrey,4
ENSG00000112773,dimgrey,dimgrey,4
ENSG00000112787,darkgrey,darkgrey,1
ENSG00000112837,dimgrey,dimgrey,4
ENSG00000112851,darkred,darkred,2
ENSG00000112855,dimgrey,dimgrey,4
ENSG00000112874,dimgrey,dimgrey,4
ENSG00000112877,brown,brown,0
ENSG00000112893,darkgrey,darkgrey,1
ENSG00000112902,whitesmoke,whitesmoke,13
ENSG00000112941,dimgrey,dimgrey,4
ENSG00000112964,dimgrey,dimgrey,4
ENSG00000112972,darkgrey,darkgrey,1
ENSG00000112977,dimgrey,dimgrey,4
ENSG00000112981,darkgrey,darkgrey,1
ENSG00000112983,brown,brown,0
ENSG00000112984,lightgrey,lightgrey,8
ENSG00000112992,indianred,indianred,6
ENSG00000112996,dimgrey,dimgrey,4
ENSG00000113013,dimgrey,dimgrey,4
ENSG00000113048,darkgrey,darkgrey,1
ENSG00000113068,dimgrey,dimgrey,4
ENSG00000113070,darkgrey,darkgrey,1
ENSG00000113083,red,red,11
ENSG00000113108,darkgrey,darkgrey,1
ENSG00000113119,dimgrey,dimgrey,4
ENSG00000113140,dimgrey,dimgrey,4
ENSG00000113141,dimgrey,dimgrey,4
ENSG00000113161,lightgrey,lightgrey,8
ENSG00000113163,darkgrey,darkgrey,1
ENSG00000113194,darkgrey,darkgrey,1
ENSG00000113231,dimgrey,dimgrey,4
ENSG00000113240,maroon,maroon,9
ENSG00000113269,dimgrey,dimgrey,4
ENSG00000113272,darkgrey,darkgrey,1
ENSG00000113273,dimgrey,dimgrey,4
ENSG00000113282,whitesmoke,whitesmoke,13
ENSG00000113300,darkgrey,darkgrey,1
ENSG00000113312,whitesmoke,whitesmoke,13
ENSG00000113318,dimgrey,dimgrey,4
ENSG00000113319,whitesmoke,whitesmoke,13
ENSG00000113328,dimgrey,dimgrey,4
ENSG00000113356,dimgrey,dimgrey,4
ENSG00000113360,darkgrey,darkgrey,1
ENSG00000113361,dimgrey,dimgrey,4
ENSG00000113368,whitesmoke,whitesmoke,13
ENSG00000113369,dimgrey,dimgrey,4
ENSG00000113384,dimgrey,dimgrey,4
ENSG00000113387,dimgrey,dimgrey,4
ENSG00000113389,darkgrey,darkgrey,1
ENSG00000113391,darkred,darkred,2
ENSG00000113407,whitesmoke,whitesmoke,13
ENSG00000113441,whitesmoke,whitesmoke,13
ENSG00000113448,dimgrey,dimgrey,4
ENSG00000113456,darkgrey,darkgrey,1
ENSG00000113460,dimgrey,dimgrey,4
ENSG00000113494,darkgrey,darkgrey,1
ENSG00000113522,snow,snow,12
ENSG00000113552,darkgrey,darkgrey,1
ENSG00000113555,darkgrey,darkgrey,1
ENSG00000113558,dimgrey,dimgrey,4
ENSG00000113569,indianred,indianred,6
ENSG00000113575,dimgrey,dimgrey,4
ENSG00000113578,dimgrey,dimgrey,4
ENSG00000113580,indianred,indianred,6
ENSG00000113583,darkgrey,darkgrey,1
ENSG00000113593,dimgrey,dimgrey,4
ENSG00000113594,lightgrey,lightgrey,8
ENSG00000113595,whitesmoke,whitesmoke,13
ENSG00000113597,dimgrey,dimgrey,4
ENSG00000113615,indianred,indianred,6
ENSG00000113621,dimgrey,dimgrey,4
ENSG00000113638,dimgrey,dimgrey,4
ENSG00000113643,darkgrey,darkgrey,1
ENSG00000113645,brown,brown,0
ENSG00000113648,dimgrey,dimgrey,4
ENSG00000113649,lightgrey,lightgrey,8
ENSG00000113657,darkgrey,darkgrey,1
ENSG00000113658,darkgrey,darkgrey,1
ENSG00000113712,darkgrey,darkgrey,1
ENSG00000113716,darkgrey,darkgrey,1
ENSG00000113719,darkgrey,darkgrey,1
ENSG00000113721,indianred,indianred,6
ENSG00000113732,darkgrey,darkgrey,1
ENSG00000113734,darkgrey,darkgrey,1
ENSG00000113739,darkgrey,darkgrey,1
ENSG00000113742,lightgrey,lightgrey,8
ENSG00000113758,darkgrey,darkgrey,1
ENSG00000113761,darkgrey,darkgrey,1
ENSG00000113790,indianred,indianred,6
ENSG00000113805,darkgrey,darkgrey,1
ENSG00000113810,brown,brown,0
ENSG00000113811,darkgrey,darkgrey,1
ENSG00000113812,mistyrose,mistyrose,10
ENSG00000113838,darkgrey,darkgrey,1
ENSG00000113845,darkgrey,darkgrey,1
ENSG00000113851,darkgrey,darkgrey,1
ENSG00000113916,darkgrey,darkgrey,1
ENSG00000113966,dimgrey,dimgrey,4
ENSG00000113971,indianred,indianred,6
ENSG00000114019,darkgrey,darkgrey,1
ENSG00000114021,whitesmoke,whitesmoke,13
ENSG00000114023,darkgrey,darkgrey,1
ENSG00000114026,dimgrey,dimgrey,4
ENSG00000114030,darkgrey,darkgrey,1
ENSG00000114054,brown,brown,0
ENSG00000114062,brown,brown,0
ENSG00000114098,dimgrey,dimgrey,4
ENSG00000114107,dimgrey,dimgrey,4
ENSG00000114115,firebrick,firebrick,5
ENSG00000114120,darkgrey,darkgrey,1
ENSG00000114125,dimgrey,dimgrey,4
ENSG00000114126,darkred,darkred,2
ENSG00000114127,darkgrey,darkgrey,1
ENSG00000114166,red,red,11
ENSG00000114200,lightcoral,lightcoral,7
ENSG00000114209,whitesmoke,whitesmoke,13
ENSG00000114251,darkgrey,darkgrey,1
ENSG00000114268,darkgrey,darkgrey,1
ENSG00000114270,darkgrey,darkgrey,1
ENSG00000114302,whitesmoke,whitesmoke,13
ENSG00000114315,brown,brown,0
ENSG00000114316,dimgrey,dimgrey,4
ENSG00000114331,dimgrey,dimgrey,4
ENSG00000114346,dimgrey,dimgrey,4
ENSG00000114353,dimgrey,dimgrey,4
ENSG00000114354,dimgrey,dimgrey,4
ENSG00000114378,snow,snow,12
ENSG00000114383,whitesmoke,whitesmoke,13
ENSG00000114388,dimgrey,dimgrey,4
ENSG00000114391,dimgrey,dimgrey,4
ENSG00000114395,dimgrey,dimgrey,4
ENSG00000114405,dimgrey,dimgrey,4
ENSG00000114416,whitesmoke,whitesmoke,13
ENSG00000114423,darkgrey,darkgrey,1
ENSG00000114439,whitesmoke,whitesmoke,13
ENSG00000114446,brown,brown,0
ENSG00000114450,lightgrey,lightgrey,8
ENSG00000114473,maroon,maroon,9
ENSG00000114480,dimgrey,dimgrey,4
ENSG00000114491,dimgrey,dimgrey,4
ENSG00000114503,dimgrey,dimgrey,4
ENSG00000114520,dimgrey,dimgrey,4
ENSG00000114529,indianred,indianred,6
ENSG00000114541,brown,brown,0
ENSG00000114544,darkgrey,darkgrey,1
ENSG00000114554,dimgrey,dimgrey,4
ENSG00000114573,dimgrey,dimgrey,4
ENSG00000114626,snow,snow,12
ENSG00000114646,dimgrey,dimgrey,4
ENSG00000114648,dimgrey,dimgrey,4
ENSG00000114650,darkgrey,darkgrey,1
ENSG00000114656,dimgrey,dimgrey,4
ENSG00000114670,dimgrey,dimgrey,4
ENSG00000114686,dimgrey,dimgrey,4
ENSG00000114698,darkgrey,darkgrey,1
ENSG00000114735,darkgrey,darkgrey,1
ENSG00000114737,indianred,indianred,6
ENSG00000114738,darkgrey,darkgrey,1
ENSG00000114739,darkgrey,darkgrey,1
ENSG00000114742,darkgrey,darkgrey,1
ENSG00000114744,darkgrey,darkgrey,1
ENSG00000114745,dimgrey,dimgrey,4
ENSG00000114757,darkgrey,darkgrey,1
ENSG00000114767,darkgrey,darkgrey,1
ENSG00000114770,darkgrey,darkgrey,1
ENSG00000114779,darkgrey,darkgrey,1
ENSG00000114784,darkgrey,darkgrey,1
ENSG00000114796,darkgrey,darkgrey,1
ENSG00000114841,darkgrey,darkgrey,1
ENSG00000114850,dimgrey,dimgrey,4
ENSG00000114853,darkgrey,darkgrey,1
ENSG00000114857,snow,snow,12
ENSG00000114859,darkgrey,darkgrey,1
ENSG00000114861,dimgrey,dimgrey,4
ENSG00000114867,whitesmoke,whitesmoke,13
ENSG00000114902,dimgrey,dimgrey,4
ENSG00000114904,darkgrey,darkgrey,1
ENSG00000114923,whitesmoke,whitesmoke,13
ENSG00000114933,dimgrey,dimgrey,4
ENSG00000114942,lightgrey,lightgrey,8
ENSG00000114948,dimgrey,dimgrey,4
ENSG00000114956,darkgrey,darkgrey,1
ENSG00000114978,brown,brown,0
ENSG00000114982,darkgrey,darkgrey,1
ENSG00000114988,firebrick,firebrick,5
ENSG00000114993,dimgrey,dimgrey,4
ENSG00000114999,whitesmoke,whitesmoke,13
ENSG00000115020,darkgrey,darkgrey,1
ENSG00000115042,dimgrey,dimgrey,4
ENSG00000115053,dimgrey,dimgrey,4
ENSG00000115084,dimgrey,dimgrey,4
ENSG00000115091,dimgrey,dimgrey,4
ENSG00000115107,dimgrey,dimgrey,4
ENSG00000115109,dimgrey,dimgrey,4
ENSG00000115128,dimgrey,dimgrey,4
ENSG00000115129,dimgrey,dimgrey,4
ENSG00000115137,darkgrey,darkgrey,1
ENSG00000115145,dimgrey,dimgrey,4
ENSG00000115159,dimgrey,dimgrey,4
ENSG00000115163,dimgrey,dimgrey,4
ENSG00000115170,dimgrey,dimgrey,4
ENSG00000115183,darkgrey,darkgrey,1
ENSG00000115194,snow,snow,12
ENSG00000115204,dimgrey,dimgrey,4
ENSG00000115207,dimgrey,dimgrey,4
ENSG00000115211,dimgrey,dimgrey,4
ENSG00000115216,darkgrey,darkgrey,1
ENSG00000115226,indianred,indianred,6
ENSG00000115232,darkgrey,darkgrey,1
ENSG00000115233,lightcoral,lightcoral,7
ENSG00000115234,dimgrey,dimgrey,4
ENSG00000115239,darkgrey,darkgrey,1
ENSG00000115241,whitesmoke,whitesmoke,13
ENSG00000115252,indianred,indianred,6
ENSG00000115255,darkgrey,darkgrey,1
ENSG00000115257,darkgrey,darkgrey,1
ENSG00000115267,dimgrey,dimgrey,4
ENSG00000115268,dimgrey,dimgrey,4
ENSG00000115271,dimgrey,dimgrey,4
ENSG00000115274,darkgrey,darkgrey,1
ENSG00000115275,dimgrey,dimgrey,4
ENSG00000115282,lightgrey,lightgrey,8
ENSG00000115286,dimgrey,dimgrey,4
ENSG00000115289,dimgrey,dimgrey,4
ENSG00000115290,dimgrey,dimgrey,4
ENSG00000115295,darkgrey,darkgrey,1
ENSG00000115306,darkgrey,darkgrey,1
ENSG00000115307,darkgrey,darkgrey,1
ENSG00000115310,brown,brown,0
ENSG00000115317,dimgrey,dimgrey,4
ENSG00000115318,brown,brown,0
ENSG00000115325,mistyrose,mistyrose,10
ENSG00000115339,dimgrey,dimgrey,4
ENSG00000115350,dimgrey,dimgrey,4
ENSG00000115353,darkgrey,darkgrey,1
ENSG00000115355,brown,brown,0
ENSG00000115363,dimgrey,dimgrey,4
ENSG00000115364,dimgrey,dimgrey,4
ENSG00000115365,darkgrey,darkgrey,1
ENSG00000115368,indianred,indianred,6
ENSG00000115380,red,red,11
ENSG00000115392,brown,brown,0
ENSG00000115414,dimgrey,dimgrey,4
ENSG00000115415,whitesmoke,whitesmoke,13
ENSG00000115419,dimgrey,dimgrey,4
ENSG00000115421,firebrick,firebrick,5
ENSG00000115425,dimgrey,dimgrey,4
ENSG00000115446,dimgrey,dimgrey,4
ENSG00000115457,darkgrey,darkgrey,1
ENSG00000115459,maroon,maroon,9
ENSG00000115461,red,red,11
ENSG00000115464,firebrick,firebrick,5
ENSG00000115468,dimgrey,dimgrey,4
ENSG00000115484,dimgrey,dimgrey,4
ENSG00000115486,dimgrey,dimgrey,4
ENSG00000115504,lightcoral,lightcoral,7
ENSG00000115514,dimgrey,dimgrey,4
ENSG00000115520,red,red,11
ENSG00000115524,indianred,indianred,6
ENSG00000115525,dimgrey,dimgrey,4
ENSG00000115526,dimgrey,dimgrey,4
ENSG00000115539,darkred,darkred,2
ENSG00000115540,darkgrey,darkgrey,1
ENSG00000115541,dimgrey,dimgrey,4
ENSG00000115548,darkgrey,darkgrey,1
ENSG00000115561,darkgrey,darkgrey,1
ENSG00000115568,darkgrey,darkgrey,1
ENSG00000115594,darkgrey,darkgrey,1
ENSG00000115598,dimgrey,dimgrey,4
ENSG00000115641,dimgrey,dimgrey,4
ENSG00000115648,brown,brown,0
ENSG00000115649,darkgrey,darkgrey,1
ENSG00000115652,darkgrey,darkgrey,1
ENSG00000115661,whitesmoke,whitesmoke,13
ENSG00000115677,dimgrey,dimgrey,4
ENSG00000115685,indianred,indianred,6
ENSG00000115687,brown,brown,0
ENSG00000115694,mistyrose,mistyrose,10
ENSG00000115738,dimgrey,dimgrey,4
ENSG00000115750,lightcoral,lightcoral,7
ENSG00000115756,darkgrey,darkgrey,1
ENSG00000115758,dimgrey,dimgrey,4
ENSG00000115760,lightcoral,lightcoral,7
ENSG00000115761,lightgrey,lightgrey,8
ENSG00000115762,whitesmoke,whitesmoke,13
ENSG00000115806,dimgrey,dimgrey,4
ENSG00000115808,darkgrey,darkgrey,1
ENSG00000115816,snow,snow,12
ENSG00000115825,maroon,maroon,9
ENSG00000115827,darkgrey,darkgrey,1
ENSG00000115828,brown,brown,0
ENSG00000115839,darkgrey,darkgrey,1
ENSG00000115841,dimgrey,dimgrey,4
ENSG00000115844,brown,brown,0
ENSG00000115866,dimgrey,dimgrey,4
ENSG00000115875,dimgrey,dimgrey,4
ENSG00000115884,darkgrey,darkgrey,1
ENSG00000115902,darkgrey,darkgrey,1
ENSG00000115904,lightcoral,lightcoral,7
ENSG00000115919,brown,brown,0
ENSG00000115935,darkgrey,darkgrey,1
ENSG00000115942,dimgrey,dimgrey,4
ENSG00000115944,dimgrey,dimgrey,4
ENSG00000115946,dimgrey,dimgrey,4
ENSG00000115947,dimgrey,dimgrey,4
ENSG00000115963,darkgrey,darkgrey,1
ENSG00000115966,dimgrey,dimgrey,4
ENSG00000115970,darkgrey,darkgrey,1
ENSG00000115977,dimgrey,dimgrey,4
ENSG00000115993,darkgrey,darkgrey,1
ENSG00000115998,dimgrey,dimgrey,4
ENSG00000116001,dimgrey,dimgrey,4
ENSG00000116005,dimgrey,dimgrey,4
ENSG00000116016,red,red,11
ENSG00000116017,darkgrey,darkgrey,1
ENSG00000116030,dimgrey,dimgrey,4
ENSG00000116035,brown,brown,0
ENSG00000116044,darkgrey,darkgrey,1
ENSG00000116062,darkred,darkred,2
ENSG00000116095,dimgrey,dimgrey,4
ENSG00000116096,dimgrey,dimgrey,4
ENSG00000116106,darkgrey,darkgrey,1
ENSG00000116117,dimgrey,dimgrey,4
ENSG00000116120,darkgrey,darkgrey,1
ENSG00000116127,lightgrey,lightgrey,8
ENSG00000116128,darkgrey,darkgrey,1
ENSG00000116132,lightgrey,lightgrey,8
ENSG00000116133,darkgrey,darkgrey,1
ENSG00000116138,darkgrey,darkgrey,1
ENSG00000116151,brown,brown,0
ENSG00000116157,dimgrey,dimgrey,4
ENSG00000116161,dimgrey,dimgrey,4
ENSG00000116171,indianred,indianred,6
ENSG00000116183,dimgrey,dimgrey,4
ENSG00000116191,darkgrey,darkgrey,1
ENSG00000116194,darkgrey,darkgrey,1
ENSG00000116198,dimgrey,dimgrey,4
ENSG00000116199,brown,brown,0
ENSG00000116205,maroon,maroon,9
ENSG00000116209,dimgrey,dimgrey,4
ENSG00000116212,darkgrey,darkgrey,1
ENSG00000116213,darkgrey,darkgrey,1
ENSG00000116221,dimgrey,dimgrey,4
ENSG00000116237,dimgrey,dimgrey,4
ENSG00000116251,dimgrey,dimgrey,4
ENSG00000116260,darkgrey,darkgrey,1
ENSG00000116266,indianred,indianred,6
ENSG00000116273,maroon,maroon,9
ENSG00000116285,dimgrey,dimgrey,4
ENSG00000116288,dimgrey,dimgrey,4
ENSG00000116299,maroon,maroon,9
ENSG00000116337,darkgrey,darkgrey,1
ENSG00000116350,darkgrey,darkgrey,1
ENSG00000116353,whitesmoke,whitesmoke,13
ENSG00000116396,dimgrey,dimgrey,4
ENSG00000116406,darkgrey,darkgrey,1
ENSG00000116455,dimgrey,dimgrey,4
ENSG00000116459,dimgrey,dimgrey,4
ENSG00000116473,indianred,indianred,6
ENSG00000116478,darkgrey,darkgrey,1
ENSG00000116489,lightcoral,lightcoral,7
ENSG00000116497,darkgrey,darkgrey,1
ENSG00000116514,dimgrey,dimgrey,4
ENSG00000116521,dimgrey,dimgrey,4
ENSG00000116525,darkgrey,darkgrey,1
ENSG00000116539,whitesmoke,whitesmoke,13
ENSG00000116560,dimgrey,dimgrey,4
ENSG00000116580,dimgrey,dimgrey,4
ENSG00000116584,darkgrey,darkgrey,1
ENSG00000116586,whitesmoke,whitesmoke,13
ENSG00000116604,lightgrey,lightgrey,8
ENSG00000116641,maroon,maroon,9
ENSG00000116649,darkgrey,darkgrey,1
ENSG00000116661,darkgrey,darkgrey,1
ENSG00000116667,darkgrey,darkgrey,1
ENSG00000116668,brown,brown,0
ENSG00000116670,darkgrey,darkgrey,1
ENSG00000116675,dimgrey,dimgrey,4
ENSG00000116678,darkgrey,darkgrey,1
ENSG00000116679,brown,brown,0
ENSG00000116685,darkgrey,darkgrey,1
ENSG00000116688,darkgrey,darkgrey,1
ENSG00000116691,darkgrey,darkgrey,1
ENSG00000116698,darkgrey,darkgrey,1
ENSG00000116701,indianred,indianred,6
ENSG00000116704,dimgrey,dimgrey,4
ENSG00000116711,dimgrey,dimgrey,4
ENSG00000116717,lightgrey,lightgrey,8
ENSG00000116729,dimgrey,dimgrey,4
ENSG00000116731,darkgrey,darkgrey,1
ENSG00000116741,darkgrey,darkgrey,1
ENSG00000116747,darkgrey,darkgrey,1
ENSG00000116750,dimgrey,dimgrey,4
ENSG00000116752,dimgrey,dimgrey,4
ENSG00000116754,lightgrey,lightgrey,8
ENSG00000116761,darkgrey,darkgrey,1
ENSG00000116771,darkgrey,darkgrey,1
ENSG00000116774,red,red,11
ENSG00000116786,darkgrey,darkgrey,1
ENSG00000116791,darkgrey,darkgrey,1
ENSG00000116793,brown,brown,0
ENSG00000116809,darkgrey,darkgrey,1
ENSG00000116815,dimgrey,dimgrey,4
ENSG00000116830,darkgrey,darkgrey,1
ENSG00000116857,darkgrey,darkgrey,1
ENSG00000116863,mistyrose,mistyrose,10
ENSG00000116871,darkgrey,darkgrey,1
ENSG00000116874,dimgrey,dimgrey,4
ENSG00000116885,darkgrey,darkgrey,1
ENSG00000116898,dimgrey,dimgrey,4
ENSG00000116903,dimgrey,dimgrey,4
ENSG00000116906,dimgrey,dimgrey,4
ENSG00000116918,dimgrey,dimgrey,4
ENSG00000116922,indianred,indianred,6
ENSG00000116954,dimgrey,dimgrey,4
ENSG00000116962,lightcoral,lightcoral,7
ENSG00000116977,lightgrey,lightgrey,8
ENSG00000116984,darkgrey,darkgrey,1
ENSG00000116991,darkgrey,darkgrey,1
ENSG00000117000,darkgrey,darkgrey,1
ENSG00000117009,dimgrey,dimgrey,4
ENSG00000117010,maroon,maroon,9
ENSG00000117016,dimgrey,dimgrey,4
ENSG00000117020,dimgrey,dimgrey,4
ENSG00000117036,indianred,indianred,6
ENSG00000117054,dimgrey,dimgrey,4
ENSG00000117069,indianred,indianred,6
ENSG00000117114,dimgrey,dimgrey,4
ENSG00000117118,dimgrey,dimgrey,4
ENSG00000117133,dimgrey,dimgrey,4
ENSG00000117139,darkgrey,darkgrey,1
ENSG00000117143,dimgrey,dimgrey,4
ENSG00000117151,dimgrey,dimgrey,4
ENSG00000117152,lightgrey,lightgrey,8
ENSG00000117153,darkgrey,darkgrey,1
ENSG00000117155,dimgrey,dimgrey,4
ENSG00000117174,darkgrey,darkgrey,1
ENSG00000117222,darkgrey,darkgrey,1
ENSG00000117226,dimgrey,dimgrey,4
ENSG00000117228,darkgrey,darkgrey,1
ENSG00000117245,darkgrey,darkgrey,1
ENSG00000117262,dimgrey,dimgrey,4
ENSG00000117280,darksalmon,darksalmon,3
ENSG00000117298,darkgrey,darkgrey,1
ENSG00000117305,brown,brown,0
ENSG00000117308,darkgrey,darkgrey,1
ENSG00000117318,dimgrey,dimgrey,4
ENSG00000117335,dimgrey,dimgrey,4
ENSG00000117360,darkgrey,darkgrey,1
ENSG00000117362,darkgrey,darkgrey,1
ENSG00000117385,darkgrey,darkgrey,1
ENSG00000117394,whitesmoke,whitesmoke,13
ENSG00000117395,brown,brown,0
ENSG00000117399,dimgrey,dimgrey,4
ENSG00000117408,dimgrey,dimgrey,4
ENSG00000117410,darkgrey,darkgrey,1
ENSG00000117411,darkgrey,darkgrey,1
ENSG00000117419,dimgrey,dimgrey,4
ENSG00000117425,brown,brown,0
ENSG00000117448,dimgrey,dimgrey,4
ENSG00000117450,dimgrey,dimgrey,4
ENSG00000117461,darkgrey,darkgrey,1
ENSG00000117475,dimgrey,dimgrey,4
ENSG00000117477,dimgrey,dimgrey,4
ENSG00000117479,maroon,maroon,9
ENSG00000117481,dimgrey,dimgrey,4
ENSG00000117500,dimgrey,dimgrey,4
ENSG00000117505,dimgrey,dimgrey,4
ENSG00000117519,darkgrey,darkgrey,1
ENSG00000117523,snow,snow,12
ENSG00000117525,darkgrey,darkgrey,1
ENSG00000117528,dimgrey,dimgrey,4
ENSG00000117533,dimgrey,dimgrey,4
ENSG00000117543,darkgrey,darkgrey,1
ENSG00000117569,lightcoral,lightcoral,7
ENSG00000117586,dimgrey,dimgrey,4
ENSG00000117592,dimgrey,dimgrey,4
ENSG00000117593,dimgrey,dimgrey,4
ENSG00000117594,maroon,maroon,9
ENSG00000117597,dimgrey,dimgrey,4
ENSG00000117600,darkgrey,darkgrey,1
ENSG00000117602,dimgrey,dimgrey,4
ENSG00000117614,mistyrose,mistyrose,10
ENSG00000117616,darkgrey,darkgrey,1
ENSG00000117620,darkgrey,darkgrey,1
ENSG00000117625,darkgrey,darkgrey,1
ENSG00000117632,dimgrey,dimgrey,4
ENSG00000117640,indianred,indianred,6
ENSG00000117643,brown,brown,0
ENSG00000117650,darkgrey,darkgrey,1
ENSG00000117682,dimgrey,dimgrey,4
ENSG00000117691,dimgrey,dimgrey,4
ENSG00000117697,dimgrey,dimgrey,4
ENSG00000117713,dimgrey,dimgrey,4
ENSG00000117724,lightcoral,lightcoral,7
ENSG00000117748,dimgrey,dimgrey,4
ENSG00000117751,dimgrey,dimgrey,4
ENSG00000117758,dimgrey,dimgrey,4
ENSG00000117791,maroon,maroon,9
ENSG00000117859,dimgrey,dimgrey,4
ENSG00000117868,darkgrey,darkgrey,1
ENSG00000117877,darkgrey,darkgrey,1
ENSG00000117899,dimgrey,dimgrey,4
ENSG00000117906,dimgrey,dimgrey,4
ENSG00000117984,darkgrey,darkgrey,1
ENSG00000118007,whitesmoke,whitesmoke,13
ENSG00000118046,dimgrey,dimgrey,4
ENSG00000118058,darkgrey,darkgrey,1
ENSG00000118096,darkgrey,darkgrey,1
ENSG00000118162,darkgrey,darkgrey,1
ENSG00000118181,dimgrey,dimgrey,4
ENSG00000118193,dimgrey,dimgrey,4
ENSG00000118197,red,red,11
ENSG00000118200,brown,brown,0
ENSG00000118217,darkgrey,darkgrey,1
ENSG00000118242,dimgrey,dimgrey,4
ENSG00000118246,dimgrey,dimgrey,4
ENSG00000118257,darkgrey,darkgrey,1
ENSG00000118260,darkgrey,darkgrey,1
ENSG00000118263,dimgrey,dimgrey,4
ENSG00000118276,dimgrey,dimgrey,4
ENSG00000118292,whitesmoke,whitesmoke,13
ENSG00000118298,maroon,maroon,9
ENSG00000118363,lightgrey,lightgrey,8
ENSG00000118369,whitesmoke,whitesmoke,13
ENSG00000118402,brown,brown,0
ENSG00000118407,darkgrey,darkgrey,1
ENSG00000118412,dimgrey,dimgrey,4
ENSG00000118418,dimgrey,dimgrey,4
ENSG00000118420,lightcoral,lightcoral,7
ENSG00000118454,dimgrey,dimgrey,4
ENSG00000118473,darkgrey,darkgrey,1
ENSG00000118482,whitesmoke,whitesmoke,13
ENSG00000118495,lightcoral,lightcoral,7
ENSG00000118496,darkgrey,darkgrey,1
ENSG00000118503,darkgrey,darkgrey,1
ENSG00000118507,dimgrey,dimgrey,4
ENSG00000118508,dimgrey,dimgrey,4
ENSG00000118513,whitesmoke,whitesmoke,13
ENSG00000118515,indianred,indianred,6
ENSG00000118518,darkgrey,darkgrey,1
ENSG00000118523,darkgrey,darkgrey,1
ENSG00000118526,dimgrey,dimgrey,4
ENSG00000118564,dimgrey,dimgrey,4
ENSG00000118579,dimgrey,dimgrey,4
ENSG00000118596,dimgrey,dimgrey,4
ENSG00000118600,dimgrey,dimgrey,4
ENSG00000118620,dimgrey,dimgrey,4
ENSG00000118640,dimgrey,dimgrey,4
ENSG00000118655,dimgrey,dimgrey,4
ENSG00000118680,darkgrey,darkgrey,1
ENSG00000118689,darkgrey,darkgrey,1
ENSG00000118690,snow,snow,12
ENSG00000118705,dimgrey,dimgrey,4
ENSG00000118707,darkgrey,darkgrey,1
ENSG00000118762,darkgrey,darkgrey,1
ENSG00000118777,indianred,indianred,6
ENSG00000118785,indianred,indianred,6
ENSG00000118816,dimgrey,dimgrey,4
ENSG00000118849,indianred,indianred,6
ENSG00000118855,dimgrey,dimgrey,4
ENSG00000118873,lightgrey,lightgrey,8
ENSG00000118894,dimgrey,dimgrey,4
ENSG00000118898,dimgrey,dimgrey,4
ENSG00000118900,darkgrey,darkgrey,1
ENSG00000118922,darkgrey,darkgrey,1
ENSG00000118939,dimgrey,dimgrey,4
ENSG00000118960,darkgrey,darkgrey,1
ENSG00000118961,dimgrey,dimgrey,4
ENSG00000118965,dimgrey,dimgrey,4
ENSG00000118971,lightgrey,lightgrey,8
ENSG00000118985,dimgrey,dimgrey,4
ENSG00000118997,darkgrey,darkgrey,1
ENSG00000119004,lightgrey,lightgrey,8
ENSG00000119013,dimgrey,dimgrey,4
ENSG00000119041,lightgrey,lightgrey,8
ENSG00000119042,darkgrey,darkgrey,1
ENSG00000119048,maroon,maroon,9
ENSG00000119138,darkgrey,darkgrey,1
ENSG00000119139,darkgrey,darkgrey,1
ENSG00000119185,dimgrey,dimgrey,4
ENSG00000119203,dimgrey,dimgrey,4
ENSG00000119227,red,red,11
ENSG00000119231,brown,brown,0
ENSG00000119242,darkgrey,darkgrey,1
ENSG00000119280,darkgrey,darkgrey,1
ENSG00000119285,darkgrey,darkgrey,1
ENSG00000119314,darkgrey,darkgrey,1
ENSG00000119318,darkgrey,darkgrey,1
ENSG00000119321,lightgrey,lightgrey,8
ENSG00000119326,dimgrey,dimgrey,4
ENSG00000119328,darkgrey,darkgrey,1
ENSG00000119333,dimgrey,dimgrey,4
ENSG00000119335,whitesmoke,whitesmoke,13
ENSG00000119383,dimgrey,dimgrey,4
ENSG00000119392,darkgrey,darkgrey,1
ENSG00000119396,darkgrey,darkgrey,1
ENSG00000119397,darkgrey,darkgrey,1
ENSG00000119401,dimgrey,dimgrey,4
ENSG00000119402,darkgrey,darkgrey,1
ENSG00000119403,lightgrey,lightgrey,8
ENSG00000119408,darkgrey,darkgrey,1
ENSG00000119414,dimgrey,dimgrey,4
ENSG00000119421,darkgrey,darkgrey,1
ENSG00000119431,brown,brown,0
ENSG00000119446,dimgrey,dimgrey,4
ENSG00000119471,lightgrey,lightgrey,8
ENSG00000119487,lightgrey,lightgrey,8
ENSG00000119508,dimgrey,dimgrey,4
ENSG00000119509,mistyrose,mistyrose,10
ENSG00000119522,darkgrey,darkgrey,1
ENSG00000119523,darkgrey,darkgrey,1
ENSG00000119537,darkgrey,darkgrey,1
ENSG00000119541,darkgrey,darkgrey,1
ENSG00000119547,lightgrey,lightgrey,8
ENSG00000119559,dimgrey,dimgrey,4
ENSG00000119574,darkgrey,darkgrey,1
ENSG00000119596,darkgrey,darkgrey,1
ENSG00000119599,darkgrey,darkgrey,1
ENSG00000119616,lightgrey,lightgrey,8
ENSG00000119630,dimgrey,dimgrey,4
ENSG00000119632,dimgrey,dimgrey,4
ENSG00000119636,dimgrey,dimgrey,4
ENSG00000119638,darkgrey,darkgrey,1
ENSG00000119640,dimgrey,dimgrey,4
ENSG00000119650,darkgrey,darkgrey,1
ENSG00000119655,darkgrey,darkgrey,1
ENSG00000119661,dimgrey,dimgrey,4
ENSG00000119669,whitesmoke,whitesmoke,13
ENSG00000119673,brown,brown,0
ENSG00000119681,darkgrey,darkgrey,1
ENSG00000119682,whitesmoke,whitesmoke,13
ENSG00000119684,dimgrey,dimgrey,4
ENSG00000119685,darkgrey,darkgrey,1
ENSG00000119686,dimgrey,dimgrey,4
ENSG00000119688,dimgrey,dimgrey,4
ENSG00000119689,dimgrey,dimgrey,4
ENSG00000119698,dimgrey,dimgrey,4
ENSG00000119699,darkgrey,darkgrey,1
ENSG00000119703,lightgrey,lightgrey,8
ENSG00000119705,whitesmoke,whitesmoke,13
ENSG00000119707,brown,brown,0
ENSG00000119711,darkgrey,darkgrey,1
ENSG00000119714,dimgrey,dimgrey,4
ENSG00000119718,dimgrey,dimgrey,4
ENSG00000119720,dimgrey,dimgrey,4
ENSG00000119723,darkgrey,darkgrey,1
ENSG00000119725,darkgrey,darkgrey,1
ENSG00000119729,darkgrey,darkgrey,1
ENSG00000119760,dimgrey,dimgrey,4
ENSG00000119771,darkgrey,darkgrey,1
ENSG00000119772,darkgrey,darkgrey,1
ENSG00000119777,dimgrey,dimgrey,4
ENSG00000119778,brown,brown,0
ENSG00000119782,dimgrey,dimgrey,4
ENSG00000119787,darkgrey,darkgrey,1
ENSG00000119801,dimgrey,dimgrey,4
ENSG00000119812,darkgrey,darkgrey,1
ENSG00000119820,whitesmoke,whitesmoke,13
ENSG00000119844,darkgrey,darkgrey,1
ENSG00000119862,dimgrey,dimgrey,4
ENSG00000119865,dimgrey,dimgrey,4
ENSG00000119866,dimgrey,dimgrey,4
ENSG00000119878,dimgrey,dimgrey,4
ENSG00000119888,whitesmoke,whitesmoke,13
ENSG00000119899,darkgrey,darkgrey,1
ENSG00000119900,dimgrey,dimgrey,4
ENSG00000119906,dimgrey,dimgrey,4
ENSG00000119912,dimgrey,dimgrey,4
ENSG00000119917,dimgrey,dimgrey,4
ENSG00000119922,maroon,maroon,9
ENSG00000119927,dimgrey,dimgrey,4
ENSG00000119929,dimgrey,dimgrey,4
ENSG00000119938,dimgrey,dimgrey,4
ENSG00000119943,dimgrey,dimgrey,4
ENSG00000119946,darkgrey,darkgrey,1
ENSG00000119950,darkgrey,darkgrey,1
ENSG00000119953,darkgrey,darkgrey,1
ENSG00000119965,dimgrey,dimgrey,4
ENSG00000119969,darkred,darkred,2
ENSG00000119977,dimgrey,dimgrey,4
ENSG00000119979,dimgrey,dimgrey,4
ENSG00000119986,darkgrey,darkgrey,1
ENSG00000120008,dimgrey,dimgrey,4
ENSG00000120029,dimgrey,dimgrey,4
ENSG00000120049,dimgrey,dimgrey,4
ENSG00000120051,dimgrey,dimgrey,4
ENSG00000120053,lightgrey,lightgrey,8
ENSG00000120063,dimgrey,dimgrey,4
ENSG00000120068,firebrick,firebrick,5
ENSG00000120071,dimgrey,dimgrey,4
ENSG00000120075,darkgrey,darkgrey,1
ENSG00000120093,darkgrey,darkgrey,1
ENSG00000120129,dimgrey,dimgrey,4
ENSG00000120137,darkgrey,darkgrey,1
ENSG00000120149,darkgrey,darkgrey,1
ENSG00000120156,snow,snow,12
ENSG00000120158,lightgrey,lightgrey,8
ENSG00000120159,darkgrey,darkgrey,1
ENSG00000120215,darkgrey,darkgrey,1
ENSG00000120217,dimgrey,dimgrey,4
ENSG00000120253,dimgrey,dimgrey,4
ENSG00000120254,dimgrey,dimgrey,4
ENSG00000120256,dimgrey,dimgrey,4
ENSG00000120262,dimgrey,dimgrey,4
ENSG00000120265,dimgrey,dimgrey,4
ENSG00000120278,brown,brown,0
ENSG00000120306,dimgrey,dimgrey,4
ENSG00000120314,dimgrey,dimgrey,4
ENSG00000120318,dimgrey,dimgrey,4
ENSG00000120333,dimgrey,dimgrey,4
ENSG00000120334,darkgrey,darkgrey,1
ENSG00000120370,dimgrey,dimgrey,4
ENSG00000120437,lightgrey,lightgrey,8
ENSG00000120438,dimgrey,dimgrey,4
ENSG00000120451,dimgrey,dimgrey,4
ENSG00000120458,maroon,maroon,9
ENSG00000120509,darkgrey,darkgrey,1
ENSG00000120519,dimgrey,dimgrey,4
ENSG00000120526,dimgrey,dimgrey,4
ENSG00000120533,dimgrey,dimgrey,4
ENSG00000120539,dimgrey,dimgrey,4
ENSG00000120549,lightcoral,lightcoral,7
ENSG00000120594,brown,brown,0
ENSG00000120616,dimgrey,dimgrey,4
ENSG00000120647,dimgrey,dimgrey,4
ENSG00000120656,dimgrey,dimgrey,4
ENSG00000120658,indianred,indianred,6
ENSG00000120662,dimgrey,dimgrey,4
ENSG00000120675,dimgrey,dimgrey,4
ENSG00000120685,dimgrey,dimgrey,4
ENSG00000120686,dimgrey,dimgrey,4
ENSG00000120688,lightgrey,lightgrey,8
ENSG00000120690,lightgrey,lightgrey,8
ENSG00000120693,whitesmoke,whitesmoke,13
ENSG00000120694,snow,snow,12
ENSG00000120696,darkgrey,darkgrey,1
ENSG00000120697,darkgrey,darkgrey,1
ENSG00000120699,lightcoral,lightcoral,7
ENSG00000120705,dimgrey,dimgrey,4
ENSG00000120708,dimgrey,dimgrey,4
ENSG00000120709,darkgrey,darkgrey,1
ENSG00000120725,whitesmoke,whitesmoke,13
ENSG00000120727,lightgrey,lightgrey,8
ENSG00000120733,darkgrey,darkgrey,1
ENSG00000120738,lightgrey,lightgrey,8
ENSG00000120742,dimgrey,dimgrey,4
ENSG00000120756,dimgrey,dimgrey,4
ENSG00000120784,brown,brown,0
ENSG00000120798,darkgrey,darkgrey,1
ENSG00000120800,darkred,darkred,2
ENSG00000120802,darkgrey,darkgrey,1
ENSG00000120805,dimgrey,dimgrey,4
ENSG00000120820,dimgrey,dimgrey,4
ENSG00000120832,dimgrey,dimgrey,4
ENSG00000120833,dimgrey,dimgrey,4
ENSG00000120837,darkgrey,darkgrey,1
ENSG00000120860,dimgrey,dimgrey,4
ENSG00000120868,darkgrey,darkgrey,1
ENSG00000120875,whitesmoke,whitesmoke,13
ENSG00000120885,darkgrey,darkgrey,1
ENSG00000120889,darkgrey,darkgrey,1
ENSG00000120896,dimgrey,dimgrey,4
ENSG00000120899,darkgrey,darkgrey,1
ENSG00000120910,dimgrey,dimgrey,4
ENSG00000120913,darkgrey,darkgrey,1
ENSG00000120925,lightgrey,lightgrey,8
ENSG00000120942,dimgrey,dimgrey,4
ENSG00000120948,lightgrey,lightgrey,8
ENSG00000120963,dimgrey,dimgrey,4
ENSG00000120992,darkgrey,darkgrey,1
ENSG00000121022,dimgrey,dimgrey,4
ENSG00000121039,brown,brown,0
ENSG00000121057,dimgrey,dimgrey,4
ENSG00000121058,dimgrey,dimgrey,4
ENSG00000121060,dimgrey,dimgrey,4
ENSG00000121064,dimgrey,dimgrey,4
ENSG00000121067,darkgrey,darkgrey,1
ENSG00000121068,darkgrey,darkgrey,1
ENSG00000121073,dimgrey,dimgrey,4
ENSG00000121075,dimgrey,dimgrey,4
ENSG00000121104,snow,snow,12
ENSG00000121152,darkgrey,darkgrey,1
ENSG00000121210,maroon,maroon,9
ENSG00000121236,lightgrey,lightgrey,8
ENSG00000121274,darkgrey,darkgrey,1
ENSG00000121281,dimgrey,dimgrey,4
ENSG00000121289,brown,brown,0
ENSG00000121297,brown,brown,0
ENSG00000121310,darkgrey,darkgrey,1
ENSG00000121316,dimgrey,dimgrey,4
ENSG00000121350,dimgrey,dimgrey,4
ENSG00000121361,dimgrey,dimgrey,4
ENSG00000121390,lightcoral,lightcoral,7
ENSG00000121406,snow,snow,12
ENSG00000121413,dimgrey,dimgrey,4
ENSG00000121417,dimgrey,dimgrey,4
ENSG00000121440,lightgrey,lightgrey,8
ENSG00000121481,brown,brown,0
ENSG00000121486,darkgrey,darkgrey,1
ENSG00000121542,dimgrey,dimgrey,4
ENSG00000121552,dimgrey,dimgrey,4
ENSG00000121570,darkgrey,darkgrey,1
ENSG00000121578,dimgrey,dimgrey,4
ENSG00000121579,dimgrey,dimgrey,4
ENSG00000121621,dimgrey,dimgrey,4
ENSG00000121644,darkgrey,darkgrey,1
ENSG00000121671,darkgrey,darkgrey,1
ENSG00000121680,dimgrey,dimgrey,4
ENSG00000121690,darkgrey,darkgrey,1
ENSG00000121691,lightcoral,lightcoral,7
ENSG00000121716,darkgrey,darkgrey,1
ENSG00000121741,darkgrey,darkgrey,1
ENSG00000121743,dimgrey,dimgrey,4
ENSG00000121749,lightcoral,lightcoral,7
ENSG00000121753,firebrick,firebrick,5
ENSG00000121766,dimgrey,dimgrey,4
ENSG00000121769,brown,brown,0
ENSG00000121774,indianred,indianred,6
ENSG00000121775,darkgrey,darkgrey,1
ENSG00000121797,dimgrey,dimgrey,4
ENSG00000121851,darkgrey,darkgrey,1
ENSG00000121858,lightcoral,lightcoral,7
ENSG00000121864,darkgrey,darkgrey,1
ENSG00000121879,darkgrey,darkgrey,1
ENSG00000121892,indianred,indianred,6
ENSG00000121895,dimgrey,dimgrey,4
ENSG00000121897,dimgrey,dimgrey,4
ENSG00000121898,dimgrey,dimgrey,4
ENSG00000121900,dimgrey,dimgrey,4
ENSG00000121903,darksalmon,darksalmon,3
ENSG00000121904,maroon,maroon,9
ENSG00000121931,mistyrose,mistyrose,10
ENSG00000121940,dimgrey,dimgrey,4
ENSG00000121957,darkgrey,darkgrey,1
ENSG00000121964,dimgrey,dimgrey,4
ENSG00000121988,snow,snow,12
ENSG00000121989,red,red,11
ENSG00000122008,dimgrey,dimgrey,4
ENSG00000122026,dimgrey,dimgrey,4
ENSG00000122033,darkgrey,darkgrey,1
ENSG00000122034,dimgrey,dimgrey,4
ENSG00000122042,dimgrey,dimgrey,4
ENSG00000122068,indianred,indianred,6
ENSG00000122085,dimgrey,dimgrey,4
ENSG00000122126,darkgrey,darkgrey,1
ENSG00000122140,whitesmoke,whitesmoke,13
ENSG00000122176,darkgrey,darkgrey,1
ENSG00000122203,brown,brown,0
ENSG00000122218,darkgrey,darkgrey,1
ENSG00000122257,brown,brown,0
ENSG00000122299,darkgrey,darkgrey,1
ENSG00000122335,maroon,maroon,9
ENSG00000122359,darkgrey,darkgrey,1
ENSG00000122376,whitesmoke,whitesmoke,13
ENSG00000122378,darkgrey,darkgrey,1
ENSG00000122386,darkgrey,darkgrey,1
ENSG00000122390,darkgrey,darkgrey,1
ENSG00000122406,dimgrey,dimgrey,4
ENSG00000122417,whitesmoke,whitesmoke,13
ENSG00000122420,darkgrey,darkgrey,1
ENSG00000122432,brown,brown,0
ENSG00000122435,darkgrey,darkgrey,1
ENSG00000122481,dimgrey,dimgrey,4
ENSG00000122482,lightcoral,lightcoral,7
ENSG00000122483,lightgrey,lightgrey,8
ENSG00000122484,lightgrey,lightgrey,8
ENSG00000122490,darkgrey,darkgrey,1
ENSG00000122507,dimgrey,dimgrey,4
ENSG00000122512,darkgrey,darkgrey,1
ENSG00000122515,darkgrey,darkgrey,1
ENSG00000122545,lightgrey,lightgrey,8
ENSG00000122547,dimgrey,dimgrey,4
ENSG00000122550,dimgrey,dimgrey,4
ENSG00000122557,darkgrey,darkgrey,1
ENSG00000122565,dimgrey,dimgrey,4
ENSG00000122566,whitesmoke,whitesmoke,13
ENSG00000122574,whitesmoke,whitesmoke,13
ENSG00000122591,darkgrey,darkgrey,1
ENSG00000122641,mistyrose,mistyrose,10
ENSG00000122642,red,red,11
ENSG00000122643,lightgrey,lightgrey,8
ENSG00000122644,dimgrey,dimgrey,4
ENSG00000122674,whitesmoke,whitesmoke,13
ENSG00000122678,indianred,indianred,6
ENSG00000122691,maroon,maroon,9
ENSG00000122692,dimgrey,dimgrey,4
ENSG00000122694,darkgrey,darkgrey,1
ENSG00000122696,lightcoral,lightcoral,7
ENSG00000122705,darkgrey,darkgrey,1
ENSG00000122707,red,red,11
ENSG00000122729,darkgrey,darkgrey,1
ENSG00000122741,darkgrey,darkgrey,1
ENSG00000122778,dimgrey,dimgrey,4
ENSG00000122779,dimgrey,dimgrey,4
ENSG00000122783,dimgrey,dimgrey,4
ENSG00000122786,brown,brown,0
ENSG00000122824,lightgrey,lightgrey,8
ENSG00000122861,dimgrey,dimgrey,4
ENSG00000122862,dimgrey,dimgrey,4
ENSG00000122863,maroon,maroon,9
ENSG00000122870,darkgrey,darkgrey,1
ENSG00000122873,dimgrey,dimgrey,4
ENSG00000122882,darkgrey,darkgrey,1
ENSG00000122884,darkgrey,darkgrey,1
ENSG00000122912,dimgrey,dimgrey,4
ENSG00000122952,indianred,indianred,6
ENSG00000122958,dimgrey,dimgrey,4
ENSG00000122965,darkgrey,darkgrey,1
ENSG00000122966,dimgrey,dimgrey,4
ENSG00000122970,dimgrey,dimgrey,4
ENSG00000122971,darkgrey,darkgrey,1
ENSG00000122986,dimgrey,dimgrey,4
ENSG00000123064,darkgrey,darkgrey,1
ENSG00000123066,dimgrey,dimgrey,4
ENSG00000123080,dimgrey,dimgrey,4
ENSG00000123091,dimgrey,dimgrey,4
ENSG00000123094,dimgrey,dimgrey,4
ENSG00000123095,brown,brown,0
ENSG00000123096,brown,brown,0
ENSG00000123104,darkgrey,darkgrey,1
ENSG00000123106,brown,brown,0
ENSG00000123119,dimgrey,dimgrey,4
ENSG00000123124,darkgrey,darkgrey,1
ENSG00000123130,darkgrey,darkgrey,1
ENSG00000123131,dimgrey,dimgrey,4
ENSG00000123136,dimgrey,dimgrey,4
ENSG00000123143,darkgrey,darkgrey,1
ENSG00000123144,dimgrey,dimgrey,4
ENSG00000123146,dimgrey,dimgrey,4
ENSG00000123159,darkgrey,darkgrey,1
ENSG00000123178,lightgrey,lightgrey,8
ENSG00000123179,dimgrey,dimgrey,4
ENSG00000123191,dimgrey,dimgrey,4
ENSG00000123200,darkgrey,darkgrey,1
ENSG00000123213,dimgrey,dimgrey,4
ENSG00000123219,dimgrey,dimgrey,4
ENSG00000123240,whitesmoke,whitesmoke,13
ENSG00000123268,brown,brown,0
ENSG00000123342,dimgrey,dimgrey,4
ENSG00000123352,dimgrey,dimgrey,4
ENSG00000123353,darkgrey,darkgrey,1
ENSG00000123358,lightgrey,lightgrey,8
ENSG00000123374,darkgrey,darkgrey,1
ENSG00000123384,darkgrey,darkgrey,1
ENSG00000123411,whitesmoke,whitesmoke,13
ENSG00000123415,dimgrey,dimgrey,4
ENSG00000123416,darkgrey,darkgrey,1
ENSG00000123427,dimgrey,dimgrey,4
ENSG00000123453,dimgrey,dimgrey,4
ENSG00000123472,dimgrey,dimgrey,4
ENSG00000123473,darkgrey,darkgrey,1
ENSG00000123485,brown,brown,0
ENSG00000123496,dimgrey,dimgrey,4
ENSG00000123500,dimgrey,dimgrey,4
ENSG00000123505,darkgrey,darkgrey,1
ENSG00000123545,dimgrey,dimgrey,4
ENSG00000123552,darkgrey,darkgrey,1
ENSG00000123562,indianred,indianred,6
ENSG00000123570,dimgrey,dimgrey,4
ENSG00000123572,brown,brown,0
ENSG00000123575,dimgrey,dimgrey,4
ENSG00000123595,dimgrey,dimgrey,4
ENSG00000123600,darkgrey,darkgrey,1
ENSG00000123607,darkgrey,darkgrey,1
ENSG00000123609,darkgrey,darkgrey,1
ENSG00000123610,dimgrey,dimgrey,4
ENSG00000123612,lightcoral,lightcoral,7
ENSG00000123636,dimgrey,dimgrey,4
ENSG00000123643,darkgrey,darkgrey,1
ENSG00000123684,darkgrey,darkgrey,1
ENSG00000123685,dimgrey,dimgrey,4
ENSG00000123689,dimgrey,dimgrey,4
ENSG00000123700,darkgrey,darkgrey,1
ENSG00000123728,dimgrey,dimgrey,4
ENSG00000123737,dimgrey,dimgrey,4
ENSG00000123739,darkgrey,darkgrey,1
ENSG00000123810,dimgrey,dimgrey,4
ENSG00000123815,darkgrey,darkgrey,1
ENSG00000123836,darkgrey,darkgrey,1
ENSG00000123908,darkgrey,darkgrey,1
ENSG00000123933,darkgrey,darkgrey,1
ENSG00000123975,dimgrey,dimgrey,4
ENSG00000123983,darkgrey,darkgrey,1
ENSG00000123989,darkgrey,darkgrey,1
ENSG00000123992,lightgrey,lightgrey,8
ENSG00000124006,darkgrey,darkgrey,1
ENSG00000124067,brown,brown,0
ENSG00000124074,dimgrey,dimgrey,4
ENSG00000124091,maroon,maroon,9
ENSG00000124098,lightgrey,lightgrey,8
ENSG00000124104,firebrick,firebrick,5
ENSG00000124120,dimgrey,dimgrey,4
ENSG00000124126,darkgrey,darkgrey,1
ENSG00000124140,dimgrey,dimgrey,4
ENSG00000124145,darkgrey,darkgrey,1
ENSG00000124151,dimgrey,dimgrey,4
ENSG00000124155,darkgrey,darkgrey,1
ENSG00000124160,whitesmoke,whitesmoke,13
ENSG00000124164,darkgrey,darkgrey,1
ENSG00000124171,darkgrey,darkgrey,1
ENSG00000124172,dimgrey,dimgrey,4
ENSG00000124177,darkgrey,darkgrey,1
ENSG00000124181,darkgrey,darkgrey,1
ENSG00000124191,darkgrey,darkgrey,1
ENSG00000124193,dimgrey,dimgrey,4
ENSG00000124198,darkgrey,darkgrey,1
ENSG00000124201,whitesmoke,whitesmoke,13
ENSG00000124207,dimgrey,dimgrey,4
ENSG00000124209,darkgrey,darkgrey,1
ENSG00000124214,darkgrey,darkgrey,1
ENSG00000124216,lightcoral,lightcoral,7
ENSG00000124217,lightgrey,lightgrey,8
ENSG00000124222,dimgrey,dimgrey,4
ENSG00000124225,darkgrey,darkgrey,1
ENSG00000124226,dimgrey,dimgrey,4
ENSG00000124228,darkgrey,darkgrey,1
ENSG00000124243,darkgrey,darkgrey,1
ENSG00000124257,darkgrey,darkgrey,1
ENSG00000124275,dimgrey,dimgrey,4
ENSG00000124279,dimgrey,dimgrey,4
ENSG00000124299,dimgrey,dimgrey,4
ENSG00000124313,darkgrey,darkgrey,1
ENSG00000124343,whitesmoke,whitesmoke,13
ENSG00000124356,brown,brown,0
ENSG00000124357,dimgrey,dimgrey,4
ENSG00000124370,dimgrey,dimgrey,4
ENSG00000124374,dimgrey,dimgrey,4
ENSG00000124380,dimgrey,dimgrey,4
ENSG00000124383,brown,brown,0
ENSG00000124406,dimgrey,dimgrey,4
ENSG00000124422,darkgrey,darkgrey,1
ENSG00000124444,darkgrey,darkgrey,1
ENSG00000124459,indianred,indianred,6
ENSG00000124466,dimgrey,dimgrey,4
ENSG00000124479,brown,brown,0
ENSG00000124486,dimgrey,dimgrey,4
ENSG00000124496,dimgrey,dimgrey,4
ENSG00000124508,dimgrey,dimgrey,4
ENSG00000124523,darkgrey,darkgrey,1
ENSG00000124532,dimgrey,dimgrey,4
ENSG00000124535,dimgrey,dimgrey,4
ENSG00000124541,dimgrey,dimgrey,4
ENSG00000124562,dimgrey,dimgrey,4
ENSG00000124570,brown,brown,0
ENSG00000124571,whitesmoke,whitesmoke,13
ENSG00000124574,whitesmoke,whitesmoke,13
ENSG00000124575,darkgrey,darkgrey,1
ENSG00000124587,dimgrey,dimgrey,4
ENSG00000124588,dimgrey,dimgrey,4
ENSG00000124596,dimgrey,dimgrey,4
ENSG00000124608,snow,snow,12
ENSG00000124610,lightgrey,lightgrey,8
ENSG00000124613,dimgrey,dimgrey,4
ENSG00000124614,whitesmoke,whitesmoke,13
ENSG00000124615,dimgrey,dimgrey,4
ENSG00000124635,darkgrey,darkgrey,1
ENSG00000124641,dimgrey,dimgrey,4
ENSG00000124659,dimgrey,dimgrey,4
ENSG00000124688,darkgrey,darkgrey,1
ENSG00000124702,dimgrey,dimgrey,4
ENSG00000124733,dimgrey,dimgrey,4
ENSG00000124762,darkgrey,darkgrey,1
ENSG00000124766,darkgrey,darkgrey,1
ENSG00000124767,dimgrey,dimgrey,4
ENSG00000124772,dimgrey,dimgrey,4
ENSG00000124782,snow,snow,12
ENSG00000124783,dimgrey,dimgrey,4
ENSG00000124784,lightgrey,lightgrey,8
ENSG00000124786,whitesmoke,whitesmoke,13
ENSG00000124787,dimgrey,dimgrey,4
ENSG00000124788,darkgrey,darkgrey,1
ENSG00000124789,dimgrey,dimgrey,4
ENSG00000124795,brown,brown,0
ENSG00000124802,dimgrey,dimgrey,4
ENSG00000124813,lightgrey,lightgrey,8
ENSG00000124831,brown,brown,0
ENSG00000124839,dimgrey,dimgrey,4
ENSG00000124882,dimgrey,dimgrey,4
ENSG00000124920,indianred,indianred,6
ENSG00000124942,dimgrey,dimgrey,4
ENSG00000125037,dimgrey,dimgrey,4
ENSG00000125089,darkgrey,darkgrey,1
ENSG00000125107,darkgrey,darkgrey,1
ENSG00000125124,darkgrey,darkgrey,1
ENSG00000125144,dimgrey,dimgrey,4
ENSG00000125148,lightgrey,lightgrey,8
ENSG00000125149,dimgrey,dimgrey,4
ENSG00000125166,darkgrey,darkgrey,1
ENSG00000125170,dimgrey,dimgrey,4
ENSG00000125245,brown,brown,0
ENSG00000125246,brown,brown,0
ENSG00000125247,dimgrey,dimgrey,4
ENSG00000125249,lightgrey,lightgrey,8
ENSG00000125257,brown,brown,0
ENSG00000125266,dimgrey,dimgrey,4
ENSG00000125304,darkgrey,darkgrey,1
ENSG00000125319,dimgrey,dimgrey,4
ENSG00000125347,darkgrey,darkgrey,1
ENSG00000125351,dimgrey,dimgrey,4
ENSG00000125352,brown,brown,0
ENSG00000125354,darkgrey,darkgrey,1
ENSG00000125356,dimgrey,dimgrey,4
ENSG00000125375,snow,snow,12
ENSG00000125378,darkgrey,darkgrey,1
ENSG00000125384,dimgrey,dimgrey,4
ENSG00000125386,darkgrey,darkgrey,1
ENSG00000125388,dimgrey,dimgrey,4
ENSG00000125398,dimgrey,dimgrey,4
ENSG00000125430,maroon,maroon,9
ENSG00000125434,darkgrey,darkgrey,1
ENSG00000125445,dimgrey,dimgrey,4
ENSG00000125447,darkgrey,darkgrey,1
ENSG00000125449,brown,brown,0
ENSG00000125450,darkgrey,darkgrey,1
ENSG00000125457,dimgrey,dimgrey,4
ENSG00000125458,lightgrey,lightgrey,8
ENSG00000125459,dimgrey,dimgrey,4
ENSG00000125482,darkgrey,darkgrey,1
ENSG00000125484,darkgrey,darkgrey,1
ENSG00000125485,dimgrey,dimgrey,4
ENSG00000125503,darkgrey,darkgrey,1
ENSG00000125505,maroon,maroon,9
ENSG00000125520,dimgrey,dimgrey,4
ENSG00000125531,darkgrey,darkgrey,1
ENSG00000125534,darkgrey,darkgrey,1
ENSG00000125538,darkgrey,darkgrey,1
ENSG00000125611,dimgrey,dimgrey,4
ENSG00000125618,darkgrey,darkgrey,1
ENSG00000125629,dimgrey,dimgrey,4
ENSG00000125630,dimgrey,dimgrey,4
ENSG00000125633,darkgrey,darkgrey,1
ENSG00000125637,darkgrey,darkgrey,1
ENSG00000125648,dimgrey,dimgrey,4
ENSG00000125650,snow,snow,12
ENSG00000125651,darkgrey,darkgrey,1
ENSG00000125652,indianred,indianred,6
ENSG00000125656,dimgrey,dimgrey,4
ENSG00000125657,dimgrey,dimgrey,4
ENSG00000125676,brown,brown,0
ENSG00000125686,darkgrey,darkgrey,1
ENSG00000125691,dimgrey,dimgrey,4
ENSG00000125703,dimgrey,dimgrey,4
ENSG00000125733,dimgrey,dimgrey,4
ENSG00000125734,darkgrey,darkgrey,1
ENSG00000125740,dimgrey,dimgrey,4
ENSG00000125741,darkgrey,darkgrey,1
ENSG00000125743,dimgrey,dimgrey,4
ENSG00000125744,darkgrey,darkgrey,1
ENSG00000125746,dimgrey,dimgrey,4
ENSG00000125753,darkgrey,darkgrey,1
ENSG00000125755,dimgrey,dimgrey,4
ENSG00000125772,darkgrey,darkgrey,1
ENSG00000125775,lightgrey,lightgrey,8
ENSG00000125779,darkgrey,darkgrey,1
ENSG00000125812,dimgrey,dimgrey,4
ENSG00000125814,dimgrey,dimgrey,4
ENSG00000125817,dimgrey,dimgrey,4
ENSG00000125818,lightgrey,lightgrey,8
ENSG00000125821,darkgrey,darkgrey,1
ENSG00000125826,darkgrey,darkgrey,1
ENSG00000125827,darkgrey,darkgrey,1
ENSG00000125834,lightgrey,lightgrey,8
ENSG00000125835,darkgrey,darkgrey,1
ENSG00000125841,darkgrey,darkgrey,1
ENSG00000125843,firebrick,firebrick,5
ENSG00000125844,dimgrey,dimgrey,4
ENSG00000125845,darkgrey,darkgrey,1
ENSG00000125846,dimgrey,dimgrey,4
ENSG00000125848,brown,brown,0
ENSG00000125863,dimgrey,dimgrey,4
ENSG00000125864,indianred,indianred,6
ENSG00000125868,darkred,darkred,2
ENSG00000125869,dimgrey,dimgrey,4
ENSG00000125870,lightgrey,lightgrey,8
ENSG00000125871,dimgrey,dimgrey,4
ENSG00000125875,darkgrey,darkgrey,1
ENSG00000125877,darkgrey,darkgrey,1
ENSG00000125885,whitesmoke,whitesmoke,13
ENSG00000125898,indianred,indianred,6
ENSG00000125901,darkgrey,darkgrey,1
ENSG00000125912,darkgrey,darkgrey,1
ENSG00000125944,darkred,darkred,2
ENSG00000125952,darkgrey,darkgrey,1
ENSG00000125962,maroon,maroon,9
ENSG00000125965,dimgrey,dimgrey,4
ENSG00000125967,darkred,darkred,2
ENSG00000125968,darkgrey,darkgrey,1
ENSG00000125970,dimgrey,dimgrey,4
ENSG00000125971,dimgrey,dimgrey,4
ENSG00000125977,lightgrey,lightgrey,8
ENSG00000125991,dimgrey,dimgrey,4
ENSG00000125995,whitesmoke,whitesmoke,13
ENSG00000126001,darkgrey,darkgrey,1
ENSG00000126003,dimgrey,dimgrey,4
ENSG00000126005,darkgrey,darkgrey,1
ENSG00000126010,dimgrey,dimgrey,4
ENSG00000126012,darkgrey,darkgrey,1
ENSG00000126016,darkgrey,darkgrey,1
ENSG00000126062,dimgrey,dimgrey,4
ENSG00000126067,dimgrey,dimgrey,4
ENSG00000126070,darkgrey,darkgrey,1
ENSG00000126088,dimgrey,dimgrey,4
ENSG00000126091,darkgrey,darkgrey,1
ENSG00000126106,darkgrey,darkgrey,1
ENSG00000126107,dimgrey,dimgrey,4
ENSG00000126214,dimgrey,dimgrey,4
ENSG00000126215,darkgrey,darkgrey,1
ENSG00000126216,darkgrey,darkgrey,1
ENSG00000126217,darkgrey,darkgrey,1
ENSG00000126218,brown,brown,0
ENSG00000126226,dimgrey,dimgrey,4
ENSG00000126243,darkgrey,darkgrey,1
ENSG00000126247,darkgrey,darkgrey,1
ENSG00000126249,dimgrey,dimgrey,4
ENSG00000126254,dimgrey,dimgrey,4
ENSG00000126261,dimgrey,dimgrey,4
ENSG00000126264,darkgrey,darkgrey,1
ENSG00000126267,dimgrey,dimgrey,4
ENSG00000126351,dimgrey,dimgrey,4
ENSG00000126391,darkgrey,darkgrey,1
ENSG00000126432,mistyrose,mistyrose,10
ENSG00000126453,darkgrey,darkgrey,1
ENSG00000126456,dimgrey,dimgrey,4
ENSG00000126457,darkgrey,darkgrey,1
ENSG00000126458,darkgrey,darkgrey,1
ENSG00000126461,dimgrey,dimgrey,4
ENSG00000126464,darkgrey,darkgrey,1
ENSG00000126522,darkgrey,darkgrey,1
ENSG00000126524,dimgrey,dimgrey,4
ENSG00000126561,darkgrey,darkgrey,1
ENSG00000126562,lightgrey,lightgrey,8
ENSG00000126581,darkgrey,darkgrey,1
ENSG00000126602,dimgrey,dimgrey,4
ENSG00000126653,brown,brown,0
ENSG00000126698,dimgrey,dimgrey,4
ENSG00000126705,darkgrey,darkgrey,1
ENSG00000126733,dimgrey,dimgrey,4
ENSG00000126746,dimgrey,dimgrey,4
ENSG00000126749,darkgrey,darkgrey,1
ENSG00000126752,darkgrey,darkgrey,1
ENSG00000126756,dimgrey,dimgrey,4
ENSG00000126767,darkgrey,darkgrey,1
ENSG00000126768,dimgrey,dimgrey,4
ENSG00000126773,maroon,maroon,9
ENSG00000126775,darkgrey,darkgrey,1
ENSG00000126777,darkred,darkred,2
ENSG00000126778,darkgrey,darkgrey,1
ENSG00000126785,dimgrey,dimgrey,4
ENSG00000126787,lightcoral,lightcoral,7
ENSG00000126790,dimgrey,dimgrey,4
ENSG00000126803,dimgrey,dimgrey,4
ENSG00000126804,darkgrey,darkgrey,1
ENSG00000126814,darkgrey,darkgrey,1
ENSG00000126822,darkgrey,darkgrey,1
ENSG00000126858,lightcoral,lightcoral,7
ENSG00000126870,lightgrey,lightgrey,8
ENSG00000126878,darkgrey,darkgrey,1
ENSG00000126882,dimgrey,dimgrey,4
ENSG00000126883,darkgrey,darkgrey,1
ENSG00000126903,dimgrey,dimgrey,4
ENSG00000126934,darkgrey,darkgrey,1
ENSG00000126945,darkgrey,darkgrey,1
ENSG00000126947,dimgrey,dimgrey,4
ENSG00000126950,darkgrey,darkgrey,1
ENSG00000126953,dimgrey,dimgrey,4
ENSG00000126970,darkgrey,darkgrey,1
ENSG00000127022,dimgrey,dimgrey,4
ENSG00000127054,lightgrey,lightgrey,8
ENSG00000127081,darkgrey,darkgrey,1
ENSG00000127124,dimgrey,dimgrey,4
ENSG00000127125,dimgrey,dimgrey,4
ENSG00000127184,dimgrey,dimgrey,4
ENSG00000127191,maroon,maroon,9
ENSG00000127220,dimgrey,dimgrey,4
ENSG00000127311,lightcoral,lightcoral,7
ENSG00000127314,dimgrey,dimgrey,4
ENSG00000127328,dimgrey,dimgrey,4
ENSG00000127329,dimgrey,dimgrey,4
ENSG00000127334,mistyrose,mistyrose,10
ENSG00000127337,darkgrey,darkgrey,1
ENSG00000127364,darkgrey,darkgrey,1
ENSG00000127415,darkgrey,darkgrey,1
ENSG00000127418,darkgrey,darkgrey,1
ENSG00000127419,darkgrey,darkgrey,1
ENSG00000127423,whitesmoke,whitesmoke,13
ENSG00000127445,darkgrey,darkgrey,1
ENSG00000127452,darkgrey,darkgrey,1
ENSG00000127463,whitesmoke,whitesmoke,13
ENSG00000127472,dimgrey,dimgrey,4
ENSG00000127481,darkgrey,darkgrey,1
ENSG00000127483,darkgrey,darkgrey,1
ENSG00000127511,dimgrey,dimgrey,4
ENSG00000127526,darkgrey,darkgrey,1
ENSG00000127527,darkgrey,darkgrey,1
ENSG00000127528,dimgrey,dimgrey,4
ENSG00000127533,darkgrey,darkgrey,1
ENSG00000127540,dimgrey,dimgrey,4
ENSG00000127580,whitesmoke,whitesmoke,13
ENSG00000127585,brown,brown,0
ENSG00000127586,dimgrey,dimgrey,4
ENSG00000127603,dimgrey,dimgrey,4
ENSG00000127616,dimgrey,dimgrey,4
ENSG00000127663,whitesmoke,whitesmoke,13
ENSG00000127666,darkgrey,darkgrey,1
ENSG00000127720,dimgrey,dimgrey,4
ENSG00000127804,darkgrey,darkgrey,1
ENSG00000127824,dimgrey,dimgrey,4
ENSG00000127837,darkgrey,darkgrey,1
ENSG00000127838,dimgrey,dimgrey,4
ENSG00000127863,dimgrey,dimgrey,4
ENSG00000127870,brown,brown,0
ENSG00000127884,darkgrey,darkgrey,1
ENSG00000127914,brown,brown,0
ENSG00000127920,indianred,indianred,6
ENSG00000127922,dimgrey,dimgrey,4
ENSG00000127946,darksalmon,darksalmon,3
ENSG00000127947,darkgrey,darkgrey,1
ENSG00000127948,maroon,maroon,9
ENSG00000127951,darkgrey,darkgrey,1
ENSG00000127952,darkgrey,darkgrey,1
ENSG00000127955,dimgrey,dimgrey,4
ENSG00000127980,brown,brown,0
ENSG00000127989,dimgrey,dimgrey,4
ENSG00000127990,dimgrey,dimgrey,4
ENSG00000127993,dimgrey,dimgrey,4
ENSG00000127995,dimgrey,dimgrey,4
ENSG00000128000,dimgrey,dimgrey,4
ENSG00000128016,dimgrey,dimgrey,4
ENSG00000128039,brown,brown,0
ENSG00000128050,dimgrey,dimgrey,4
ENSG00000128059,maroon,maroon,9
ENSG00000128159,darkgrey,darkgrey,1
ENSG00000128165,darkgrey,darkgrey,1
ENSG00000128185,darkgrey,darkgrey,1
ENSG00000128191,darkgrey,darkgrey,1
ENSG00000128228,darkgrey,darkgrey,1
ENSG00000128245,dimgrey,dimgrey,4
ENSG00000128266,dimgrey,dimgrey,4
ENSG00000128272,lightgrey,lightgrey,8
ENSG00000128274,darkgrey,darkgrey,1
ENSG00000128283,dimgrey,dimgrey,4
ENSG00000128284,lightgrey,lightgrey,8
ENSG00000128285,darkgrey,darkgrey,1
ENSG00000128294,dimgrey,dimgrey,4
ENSG00000128298,darkgrey,darkgrey,1
ENSG00000128309,darkgrey,darkgrey,1
ENSG00000128311,darkgrey,darkgrey,1
ENSG00000128335,dimgrey,dimgrey,4
ENSG00000128340,lightgrey,lightgrey,8
ENSG00000128342,whitesmoke,whitesmoke,13
ENSG00000128394,dimgrey,dimgrey,4
ENSG00000128408,darkgrey,darkgrey,1
ENSG00000128422,dimgrey,dimgrey,4
ENSG00000128463,dimgrey,dimgrey,4
ENSG00000128482,darkgrey,darkgrey,1
ENSG00000128487,darkgrey,darkgrey,1
ENSG00000128510,dimgrey,dimgrey,4
ENSG00000128512,dimgrey,dimgrey,4
ENSG00000128513,indianred,indianred,6
ENSG00000128524,dimgrey,dimgrey,4
ENSG00000128534,dimgrey,dimgrey,4
ENSG00000128536,brown,brown,0
ENSG00000128563,darkgrey,darkgrey,1
ENSG00000128564,maroon,maroon,9
ENSG00000128567,maroon,maroon,9
ENSG00000128573,indianred,indianred,6
ENSG00000128578,dimgrey,dimgrey,4
ENSG00000128581,dimgrey,dimgrey,4
ENSG00000128585,darkgrey,darkgrey,1
ENSG00000128590,red,red,11
ENSG00000128591,red,red,11
ENSG00000128594,darkgrey,darkgrey,1
ENSG00000128595,dimgrey,dimgrey,4
ENSG00000128596,lightgrey,lightgrey,8
ENSG00000128602,brown,brown,0
ENSG00000128606,lightcoral,lightcoral,7
ENSG00000128607,darkgrey,darkgrey,1
ENSG00000128609,lightgrey,lightgrey,8
ENSG00000128641,darkgrey,darkgrey,1
ENSG00000128654,dimgrey,dimgrey,4
ENSG00000128656,whitesmoke,whitesmoke,13
ENSG00000128683,lightgrey,lightgrey,8
ENSG00000128694,dimgrey,dimgrey,4
ENSG00000128699,dimgrey,dimgrey,4
ENSG00000128708,dimgrey,dimgrey,4
ENSG00000128731,darkgrey,darkgrey,1
ENSG00000128739,darkgrey,darkgrey,1
ENSG00000128789,dimgrey,dimgrey,4
ENSG00000128791,dimgrey,dimgrey,4
ENSG00000128805,dimgrey,dimgrey,4
ENSG00000128829,brown,brown,0
ENSG00000128849,dimgrey,dimgrey,4
ENSG00000128872,lightgrey,lightgrey,8
ENSG00000128881,darkgrey,darkgrey,1
ENSG00000128891,dimgrey,dimgrey,4
ENSG00000128908,dimgrey,dimgrey,4
ENSG00000128915,brown,brown,0
ENSG00000128917,indianred,indianred,6
ENSG00000128923,dimgrey,dimgrey,4
ENSG00000128928,darkgrey,darkgrey,1
ENSG00000128944,brown,brown,0
ENSG00000128951,dimgrey,dimgrey,4
ENSG00000128965,dimgrey,dimgrey,4
ENSG00000128973,darkgrey,darkgrey,1
ENSG00000128989,dimgrey,dimgrey,4
ENSG00000129003,darkgrey,darkgrey,1
ENSG00000129028,dimgrey,dimgrey,4
ENSG00000129038,dimgrey,dimgrey,4
ENSG00000129048,dimgrey,dimgrey,4
ENSG00000129055,darkgrey,darkgrey,1
ENSG00000129071,whitesmoke,whitesmoke,13
ENSG00000129083,dimgrey,dimgrey,4
ENSG00000129084,dimgrey,dimgrey,4
ENSG00000129103,darkgrey,darkgrey,1
ENSG00000129116,dimgrey,dimgrey,4
ENSG00000129128,darkgrey,darkgrey,1
ENSG00000129158,dimgrey,dimgrey,4
ENSG00000129173,dimgrey,dimgrey,4
ENSG00000129187,dimgrey,dimgrey,4
ENSG00000129194,indianred,indianred,6
ENSG00000129195,dimgrey,dimgrey,4
ENSG00000129197,dimgrey,dimgrey,4
ENSG00000129204,dimgrey,dimgrey,4
ENSG00000129214,lightcoral,lightcoral,7
ENSG00000129219,lightgrey,lightgrey,8
ENSG00000129235,dimgrey,dimgrey,4
ENSG00000129244,darkgrey,darkgrey,1
ENSG00000129245,darkgrey,darkgrey,1
ENSG00000129250,darkgrey,darkgrey,1
ENSG00000129255,dimgrey,dimgrey,4
ENSG00000129292,darkred,darkred,2
ENSG00000129295,darkgrey,darkgrey,1
ENSG00000129315,dimgrey,dimgrey,4
ENSG00000129317,dimgrey,dimgrey,4
ENSG00000129347,brown,brown,0
ENSG00000129351,darkgrey,darkgrey,1
ENSG00000129353,darkgrey,darkgrey,1
ENSG00000129354,darkgrey,darkgrey,1
ENSG00000129355,dimgrey,dimgrey,4
ENSG00000129422,darkgrey,darkgrey,1
ENSG00000129460,mistyrose,mistyrose,10
ENSG00000129472,darkgrey,darkgrey,1
ENSG00000129473,dimgrey,dimgrey,4
ENSG00000129474,dimgrey,dimgrey,4
ENSG00000129484,maroon,maroon,9
ENSG00000129493,darkgrey,darkgrey,1
ENSG00000129515,dimgrey,dimgrey,4
ENSG00000129518,darkgrey,darkgrey,1
ENSG00000129534,lightgrey,lightgrey,8
ENSG00000129562,dimgrey,dimgrey,4
ENSG00000129566,dimgrey,dimgrey,4
ENSG00000129596,dimgrey,dimgrey,4
ENSG00000129625,dimgrey,dimgrey,4
ENSG00000129636,dimgrey,dimgrey,4
ENSG00000129646,darkgrey,darkgrey,1
ENSG00000129657,brown,brown,0
ENSG00000129667,darkgrey,darkgrey,1
ENSG00000129675,maroon,maroon,9
ENSG00000129680,brown,brown,0
ENSG00000129682,brown,brown,0
ENSG00000129691,dimgrey,dimgrey,4
ENSG00000129696,dimgrey,dimgrey,4
ENSG00000129749,darkgrey,darkgrey,1
ENSG00000129810,brown,brown,0
ENSG00000129910,darkgrey,darkgrey,1
ENSG00000129911,darkgrey,darkgrey,1
ENSG00000129925,darkgrey,darkgrey,1
ENSG00000129932,darkgrey,darkgrey,1
ENSG00000129933,dimgrey,dimgrey,4
ENSG00000129946,darkgrey,darkgrey,1
ENSG00000129968,dimgrey,dimgrey,4
ENSG00000130005,dimgrey,dimgrey,4
ENSG00000130021,dimgrey,dimgrey,4
ENSG00000130023,dimgrey,dimgrey,4
ENSG00000130024,dimgrey,dimgrey,4
ENSG00000130032,darkgrey,darkgrey,1
ENSG00000130038,maroon,maroon,9
ENSG00000130052,dimgrey,dimgrey,4
ENSG00000130066,dimgrey,dimgrey,4
ENSG00000130119,darkgrey,darkgrey,1
ENSG00000130147,dimgrey,dimgrey,4
ENSG00000130150,brown,brown,0
ENSG00000130158,dimgrey,dimgrey,4
ENSG00000130159,dimgrey,dimgrey,4
ENSG00000130164,darkgrey,darkgrey,1
ENSG00000130165,dimgrey,dimgrey,4
ENSG00000130175,darkgrey,darkgrey,1
ENSG00000130176,darkgrey,darkgrey,1
ENSG00000130177,dimgrey,dimgrey,4
ENSG00000130193,darkgrey,darkgrey,1
ENSG00000130202,dimgrey,dimgrey,4
ENSG00000130204,dimgrey,dimgrey,4
ENSG00000130208,firebrick,firebrick,5
ENSG00000130222,maroon,maroon,9
ENSG00000130224,dimgrey,dimgrey,4
ENSG00000130227,darkgrey,darkgrey,1
ENSG00000130244,dimgrey,dimgrey,4
ENSG00000130254,darkred,darkred,2
ENSG00000130255,dimgrey,dimgrey,4
ENSG00000130270,darkgrey,darkgrey,1
ENSG00000130299,snow,snow,12
ENSG00000130303,darkgrey,darkgrey,1
ENSG00000130304,whitesmoke,whitesmoke,13
ENSG00000130305,darkgrey,darkgrey,1
ENSG00000130309,darkgrey,darkgrey,1
ENSG00000130311,darkgrey,darkgrey,1
ENSG00000130312,dimgrey,dimgrey,4
ENSG00000130313,maroon,maroon,9
ENSG00000130332,dimgrey,dimgrey,4
ENSG00000130338,darkgrey,darkgrey,1
ENSG00000130340,maroon,maroon,9
ENSG00000130347,dimgrey,dimgrey,4
ENSG00000130348,darkgrey,darkgrey,1
ENSG00000130349,dimgrey,dimgrey,4
ENSG00000130363,indianred,indianred,6
ENSG00000130382,dimgrey,dimgrey,4
ENSG00000130396,whitesmoke,whitesmoke,13
ENSG00000130402,darkgrey,darkgrey,1
ENSG00000130413,dimgrey,dimgrey,4
ENSG00000130414,darkgrey,darkgrey,1
ENSG00000130429,maroon,maroon,9
ENSG00000130433,dimgrey,dimgrey,4
ENSG00000130449,lightgrey,lightgrey,8
ENSG00000130475,brown,brown,0
ENSG00000130477,dimgrey,dimgrey,4
ENSG00000130479,dimgrey,dimgrey,4
ENSG00000130508,red,red,11
ENSG00000130511,maroon,maroon,9
ENSG00000130513,dimgrey,dimgrey,4
ENSG00000130517,darkgrey,darkgrey,1
ENSG00000130520,dimgrey,dimgrey,4
ENSG00000130522,darkgrey,darkgrey,1
ENSG00000130529,firebrick,firebrick,5
ENSG00000130544,whitesmoke,whitesmoke,13
ENSG00000130558,brown,brown,0
ENSG00000130559,darkgrey,darkgrey,1
ENSG00000130560,dimgrey,dimgrey,4
ENSG00000130584,snow,snow,12
ENSG00000130589,darkgrey,darkgrey,1
ENSG00000130590,darkgrey,darkgrey,1
ENSG00000130635,darkgrey,darkgrey,1
ENSG00000130638,dimgrey,dimgrey,4
ENSG00000130640,darkgrey,darkgrey,1
ENSG00000130649,dimgrey,dimgrey,4
ENSG00000130653,red,red,11
ENSG00000130669,dimgrey,dimgrey,4
ENSG00000130695,darkgrey,darkgrey,1
ENSG00000130702,darkgrey,darkgrey,1
ENSG00000130703,brown,brown,0
ENSG00000130706,lightgrey,lightgrey,8
ENSG00000130707,lightcoral,lightcoral,7
ENSG00000130713,dimgrey,dimgrey,4
ENSG00000130714,darkgrey,darkgrey,1
ENSG00000130717,dimgrey,dimgrey,4
ENSG00000130720,darkgrey,darkgrey,1
ENSG00000130724,dimgrey,dimgrey,4
ENSG00000130725,dimgrey,dimgrey,4
ENSG00000130726,darkgrey,darkgrey,1
ENSG00000130731,darkgrey,darkgrey,1
ENSG00000130733,dimgrey,dimgrey,4
ENSG00000130741,dimgrey,dimgrey,4
ENSG00000130748,dimgrey,dimgrey,4
ENSG00000130749,dimgrey,dimgrey,4
ENSG00000130751,dimgrey,dimgrey,4
ENSG00000130755,dimgrey,dimgrey,4
ENSG00000130758,dimgrey,dimgrey,4
ENSG00000130764,darkgrey,darkgrey,1
ENSG00000130766,darkgrey,darkgrey,1
ENSG00000130770,dimgrey,dimgrey,4
ENSG00000130772,dimgrey,dimgrey,4
ENSG00000130775,indianred,indianred,6
ENSG00000130779,snow,snow,12
ENSG00000130787,maroon,maroon,9
ENSG00000130803,dimgrey,dimgrey,4
ENSG00000130810,darkgrey,darkgrey,1
ENSG00000130811,dimgrey,dimgrey,4
ENSG00000130813,darkgrey,darkgrey,1
ENSG00000130816,lightgrey,lightgrey,8
ENSG00000130818,dimgrey,dimgrey,4
ENSG00000130821,darkgrey,darkgrey,1
ENSG00000130826,dimgrey,dimgrey,4
ENSG00000130827,indianred,indianred,6
ENSG00000130830,dimgrey,dimgrey,4
ENSG00000130844,darkgrey,darkgrey,1
ENSG00000130856,dimgrey,dimgrey,4
ENSG00000130921,dimgrey,dimgrey,4
ENSG00000130935,darkgrey,darkgrey,1
ENSG00000130939,dimgrey,dimgrey,4
ENSG00000130956,lightgrey,lightgrey,8
ENSG00000130958,darkgrey,darkgrey,1
ENSG00000130962,dimgrey,dimgrey,4
ENSG00000130985,dimgrey,dimgrey,4
ENSG00000130988,snow,snow,12
ENSG00000130997,red,red,11
ENSG00000131013,darkgrey,darkgrey,1
ENSG00000131015,dimgrey,dimgrey,4
ENSG00000131016,whitesmoke,whitesmoke,13
ENSG00000131018,whitesmoke,whitesmoke,13
ENSG00000131019,lightgrey,lightgrey,8
ENSG00000131023,indianred,indianred,6
ENSG00000131037,darkgrey,darkgrey,1
ENSG00000131043,darkgrey,darkgrey,1
ENSG00000131051,dimgrey,dimgrey,4
ENSG00000131061,dimgrey,dimgrey,4
ENSG00000131067,darkgrey,darkgrey,1
ENSG00000131069,dimgrey,dimgrey,4
ENSG00000131080,dimgrey,dimgrey,4
ENSG00000131089,whitesmoke,whitesmoke,13
ENSG00000131100,dimgrey,dimgrey,4
ENSG00000131115,darkgrey,darkgrey,1
ENSG00000131116,dimgrey,dimgrey,4
ENSG00000131127,darkgrey,darkgrey,1
ENSG00000131143,dimgrey,dimgrey,4
ENSG00000131148,mistyrose,mistyrose,10
ENSG00000131149,darkgrey,darkgrey,1
ENSG00000131153,dimgrey,dimgrey,4
ENSG00000131165,darkgrey,darkgrey,1
ENSG00000131171,dimgrey,dimgrey,4
ENSG00000131174,dimgrey,dimgrey,4
ENSG00000131187,brown,brown,0
ENSG00000131188,darkgrey,darkgrey,1
ENSG00000131196,darkgrey,darkgrey,1
ENSG00000131236,dimgrey,dimgrey,4
ENSG00000131238,darkgrey,darkgrey,1
ENSG00000131242,maroon,maroon,9
ENSG00000131263,dimgrey,dimgrey,4
ENSG00000131269,darkgrey,darkgrey,1
ENSG00000131323,whitesmoke,whitesmoke,13
ENSG00000131351,dimgrey,dimgrey,4
ENSG00000131368,darkgrey,darkgrey,1
ENSG00000131373,brown,brown,0
ENSG00000131374,darkgrey,darkgrey,1
ENSG00000131375,indianred,indianred,6
ENSG00000131378,darkgrey,darkgrey,1
ENSG00000131381,darkgrey,darkgrey,1
ENSG00000131386,darkgrey,darkgrey,1
ENSG00000131389,lightgrey,lightgrey,8
ENSG00000131408,dimgrey,dimgrey,4
ENSG00000131435,dimgrey,dimgrey,4
ENSG00000131437,darkred,darkred,2
ENSG00000131446,dimgrey,dimgrey,4
ENSG00000131459,dimgrey,dimgrey,4
ENSG00000131462,darkgrey,darkgrey,1
ENSG00000131467,darkgrey,darkgrey,1
ENSG00000131469,dimgrey,dimgrey,4
ENSG00000131470,darkgrey,darkgrey,1
ENSG00000131473,dimgrey,dimgrey,4
ENSG00000131475,dimgrey,dimgrey,4
ENSG00000131495,dimgrey,dimgrey,4
ENSG00000131503,dimgrey,dimgrey,4
ENSG00000131504,lightcoral,lightcoral,7
ENSG00000131507,dimgrey,dimgrey,4
ENSG00000131508,lightgrey,lightgrey,8
ENSG00000131558,lightgrey,lightgrey,8
ENSG00000131584,darkgrey,darkgrey,1
ENSG00000131591,mistyrose,mistyrose,10
ENSG00000131620,darkred,darkred,2
ENSG00000131626,darkgrey,darkgrey,1
ENSG00000131634,darkgrey,darkgrey,1
ENSG00000131652,dimgrey,dimgrey,4
ENSG00000131653,darkgrey,darkgrey,1
ENSG00000131669,dimgrey,dimgrey,4
ENSG00000131697,dimgrey,dimgrey,4
ENSG00000131711,brown,brown,0
ENSG00000131724,darkgrey,darkgrey,1
ENSG00000131725,indianred,indianred,6
ENSG00000131730,brown,brown,0
ENSG00000131732,lightgrey,lightgrey,8
ENSG00000131747,dimgrey,dimgrey,4
ENSG00000131748,dimgrey,dimgrey,4
ENSG00000131759,dimgrey,dimgrey,4
ENSG00000131773,dimgrey,dimgrey,4
ENSG00000131778,dimgrey,dimgrey,4
ENSG00000131779,dimgrey,dimgrey,4
ENSG00000131781,indianred,indianred,6
ENSG00000131788,maroon,maroon,9
ENSG00000131791,darkgrey,darkgrey,1
ENSG00000131828,lightgrey,lightgrey,8
ENSG00000131831,dimgrey,dimgrey,4
ENSG00000131844,dimgrey,dimgrey,4
ENSG00000131845,dimgrey,dimgrey,4
ENSG00000131848,dimgrey,dimgrey,4
ENSG00000131849,dimgrey,dimgrey,4
ENSG00000131871,lightgrey,lightgrey,8
ENSG00000131873,darkgrey,darkgrey,1
ENSG00000131876,dimgrey,dimgrey,4
ENSG00000131931,dimgrey,dimgrey,4
ENSG00000131941,indianred,indianred,6
ENSG00000131943,dimgrey,dimgrey,4
ENSG00000131944,lightgrey,lightgrey,8
ENSG00000131966,darkgrey,darkgrey,1
ENSG00000131979,dimgrey,dimgrey,4
ENSG00000131981,dimgrey,dimgrey,4
ENSG00000132002,darkgrey,darkgrey,1
ENSG00000132005,whitesmoke,whitesmoke,13
ENSG00000132010,dimgrey,dimgrey,4
ENSG00000132031,indianred,indianred,6
ENSG00000132109,snow,snow,12
ENSG00000132122,dimgrey,dimgrey,4
ENSG00000132128,dimgrey,dimgrey,4
ENSG00000132141,indianred,indianred,6
ENSG00000132153,darkgrey,darkgrey,1
ENSG00000132155,maroon,maroon,9
ENSG00000132170,snow,snow,12
ENSG00000132185,dimgrey,dimgrey,4
ENSG00000132196,lightgrey,lightgrey,8
ENSG00000132199,darkgrey,darkgrey,1
ENSG00000132205,dimgrey,dimgrey,4
ENSG00000132254,brown,brown,0
ENSG00000132256,brown,brown,0
ENSG00000132274,dimgrey,dimgrey,4
ENSG00000132275,darkgrey,darkgrey,1
ENSG00000132286,dimgrey,dimgrey,4
ENSG00000132294,dimgrey,dimgrey,4
ENSG00000132300,dimgrey,dimgrey,4
ENSG00000132305,dimgrey,dimgrey,4
ENSG00000132313,dimgrey,dimgrey,4
ENSG00000132323,darkgrey,darkgrey,1
ENSG00000132326,darkgrey,darkgrey,1
ENSG00000132329,red,red,11
ENSG00000132330,darkgrey,darkgrey,1
ENSG00000132334,whitesmoke,whitesmoke,13
ENSG00000132341,whitesmoke,whitesmoke,13
ENSG00000132356,brown,brown,0
ENSG00000132357,darkgrey,darkgrey,1
ENSG00000132359,dimgrey,dimgrey,4
ENSG00000132361,darkgrey,darkgrey,1
ENSG00000132376,darkgrey,darkgrey,1
ENSG00000132382,dimgrey,dimgrey,4
ENSG00000132383,dimgrey,dimgrey,4
ENSG00000132386,dimgrey,dimgrey,4
ENSG00000132388,dimgrey,dimgrey,4
ENSG00000132405,darkgrey,darkgrey,1
ENSG00000132406,indianred,indianred,6
ENSG00000132423,dimgrey,dimgrey,4
ENSG00000132424,brown,brown,0
ENSG00000132429,dimgrey,dimgrey,4
ENSG00000132432,lightgrey,lightgrey,8
ENSG00000132434,dimgrey,dimgrey,4
ENSG00000132436,darkgrey,darkgrey,1
ENSG00000132463,lightgrey,lightgrey,8
ENSG00000132465,lightgrey,lightgrey,8
ENSG00000132466,brown,brown,0
ENSG00000132467,brown,brown,0
ENSG00000132470,darkgrey,darkgrey,1
ENSG00000132471,dimgrey,dimgrey,4
ENSG00000132475,whitesmoke,whitesmoke,13
ENSG00000132478,dimgrey,dimgrey,4
ENSG00000132481,dimgrey,dimgrey,4
ENSG00000132485,darkred,darkred,2
ENSG00000132507,dimgrey,dimgrey,4
ENSG00000132510,dimgrey,dimgrey,4
ENSG00000132535,darkgrey,darkgrey,1
ENSG00000132541,dimgrey,dimgrey,4
ENSG00000132549,darkgrey,darkgrey,1
ENSG00000132561,red,red,11
ENSG00000132563,dimgrey,dimgrey,4
ENSG00000132570,dimgrey,dimgrey,4
ENSG00000132581,darkgrey,darkgrey,1
ENSG00000132589,darkgrey,darkgrey,1
ENSG00000132591,dimgrey,dimgrey,4
ENSG00000132600,whitesmoke,whitesmoke,13
ENSG00000132603,dimgrey,dimgrey,4
ENSG00000132604,darkgrey,darkgrey,1
ENSG00000132612,darkgrey,darkgrey,1
ENSG00000132613,darkgrey,darkgrey,1
ENSG00000132623,indianred,indianred,6
ENSG00000132635,darkgrey,darkgrey,1
ENSG00000132639,dimgrey,dimgrey,4
ENSG00000132640,dimgrey,dimgrey,4
ENSG00000132646,dimgrey,dimgrey,4
ENSG00000132661,red,red,11
ENSG00000132664,dimgrey,dimgrey,4
ENSG00000132669,dimgrey,dimgrey,4
ENSG00000132670,darkgrey,darkgrey,1
ENSG00000132676,dimgrey,dimgrey,4
ENSG00000132680,darkgrey,darkgrey,1
ENSG00000132688,darkgrey,darkgrey,1
ENSG00000132694,darkred,darkred,2
ENSG00000132716,darkgrey,darkgrey,1
ENSG00000132718,dimgrey,dimgrey,4
ENSG00000132740,darkgrey,darkgrey,1
ENSG00000132749,dimgrey,dimgrey,4
ENSG00000132763,brown,brown,0
ENSG00000132768,dimgrey,dimgrey,4
ENSG00000132773,dimgrey,dimgrey,4
ENSG00000132780,darkgrey,darkgrey,1
ENSG00000132792,mistyrose,mistyrose,10
ENSG00000132801,darkgrey,darkgrey,1
ENSG00000132819,dimgrey,dimgrey,4
ENSG00000132821,dimgrey,dimgrey,4
ENSG00000132823,dimgrey,dimgrey,4
ENSG00000132824,dimgrey,dimgrey,4
ENSG00000132825,dimgrey,dimgrey,4
ENSG00000132837,dimgrey,dimgrey,4
ENSG00000132840,darkgrey,darkgrey,1
ENSG00000132842,dimgrey,dimgrey,4
ENSG00000132846,darkgrey,darkgrey,1
ENSG00000132849,darkgrey,darkgrey,1
ENSG00000132855,darkgrey,darkgrey,1
ENSG00000132879,darkgrey,darkgrey,1
ENSG00000132906,lightgrey,lightgrey,8
ENSG00000132912,dimgrey,dimgrey,4
ENSG00000132938,darkgrey,darkgrey,1
ENSG00000132950,lightgrey,lightgrey,8
ENSG00000132952,brown,brown,0
ENSG00000132953,whitesmoke,whitesmoke,13
ENSG00000132963,dimgrey,dimgrey,4
ENSG00000132964,dimgrey,dimgrey,4
ENSG00000132970,brown,brown,0
ENSG00000133019,lightgrey,lightgrey,8
ENSG00000133026,darkgrey,darkgrey,1
ENSG00000133027,darkgrey,darkgrey,1
ENSG00000133028,maroon,maroon,9
ENSG00000133030,dimgrey,dimgrey,4
ENSG00000133055,dimgrey,dimgrey,4
ENSG00000133056,darkgrey,darkgrey,1
ENSG00000133059,darkgrey,darkgrey,1
ENSG00000133065,darkgrey,darkgrey,1
ENSG00000133069,indianred,indianred,6
ENSG00000133083,darkgrey,darkgrey,1
ENSG00000133101,whitesmoke,whitesmoke,13
ENSG00000133103,lightgrey,lightgrey,8
ENSG00000133104,lightcoral,lightcoral,7
ENSG00000133106,darkgrey,darkgrey,1
ENSG00000133107,dimgrey,dimgrey,4
ENSG00000133110,dimgrey,dimgrey,4
ENSG00000133111,dimgrey,dimgrey,4
ENSG00000133112,dimgrey,dimgrey,4
ENSG00000133114,darkgrey,darkgrey,1
ENSG00000133119,whitesmoke,whitesmoke,13
ENSG00000133121,indianred,indianred,6
ENSG00000133131,darkgrey,darkgrey,1
ENSG00000133134,darkgrey,darkgrey,1
ENSG00000133135,lightgrey,lightgrey,8
ENSG00000133138,lightgrey,lightgrey,8
ENSG00000133142,dimgrey,dimgrey,4
ENSG00000133169,brown,brown,0
ENSG00000133193,darkgrey,darkgrey,1
ENSG00000133195,darkgrey,darkgrey,1
ENSG00000133216,darkgrey,darkgrey,1
ENSG00000133226,darkred,darkred,2
ENSG00000133243,darkgrey,darkgrey,1
ENSG00000133247,darkgrey,darkgrey,1
ENSG00000133250,darkgrey,darkgrey,1
ENSG00000133265,darkgrey,darkgrey,1
ENSG00000133275,darkgrey,darkgrey,1
ENSG00000133302,lightcoral,lightcoral,7
ENSG00000133313,dimgrey,dimgrey,4
ENSG00000133315,maroon,maroon,9
ENSG00000133316,maroon,maroon,9
ENSG00000133318,darkgrey,darkgrey,1
ENSG00000133321,darkgrey,darkgrey,1
ENSG00000133393,brown,brown,0
ENSG00000133398,dimgrey,dimgrey,4
ENSG00000133401,darkgrey,darkgrey,1
ENSG00000133422,darkgrey,darkgrey,1
ENSG00000133424,dimgrey,dimgrey,4
ENSG00000133460,darkgrey,darkgrey,1
ENSG00000133466,brown,brown,0
ENSG00000133597,dimgrey,dimgrey,4
ENSG00000133606,dimgrey,dimgrey,4
ENSG00000133612,darkgrey,darkgrey,1
ENSG00000133619,whitesmoke,whitesmoke,13
ENSG00000133627,dimgrey,dimgrey,4
ENSG00000133639,dimgrey,dimgrey,4
ENSG00000133640,dimgrey,dimgrey,4
ENSG00000133641,dimgrey,dimgrey,4
ENSG00000133657,indianred,indianred,6
ENSG00000133678,dimgrey,dimgrey,4
ENSG00000133687,darkgrey,darkgrey,1
ENSG00000133703,lightgrey,lightgrey,8
ENSG00000133704,whitesmoke,whitesmoke,13
ENSG00000133706,darkgrey,darkgrey,1
ENSG00000133731,dimgrey,dimgrey,4
ENSG00000133739,lightgrey,lightgrey,8
ENSG00000133740,dimgrey,dimgrey,4
ENSG00000133773,brown,brown,0
ENSG00000133789,darkred,darkred,2
ENSG00000133794,lightgrey,lightgrey,8
ENSG00000133805,dimgrey,dimgrey,4
ENSG00000133812,maroon,maroon,9
ENSG00000133816,dimgrey,dimgrey,4
ENSG00000133818,dimgrey,dimgrey,4
ENSG00000133835,lightgrey,lightgrey,8
ENSG00000133858,brown,brown,0
ENSG00000133872,dimgrey,dimgrey,4
ENSG00000133884,dimgrey,dimgrey,4
ENSG00000133895,darkgrey,darkgrey,1
ENSG00000133935,dimgrey,dimgrey,4
ENSG00000133943,maroon,maroon,9
ENSG00000133961,dimgrey,dimgrey,4
ENSG00000133983,indianred,indianred,6
ENSG00000133997,maroon,maroon,9
ENSG00000134001,dimgrey,dimgrey,4
ENSG00000134013,whitesmoke,whitesmoke,13
ENSG00000134014,dimgrey,dimgrey,4
ENSG00000134046,dimgrey,dimgrey,4
ENSG00000134049,dimgrey,dimgrey,4
ENSG00000134056,dimgrey,dimgrey,4
ENSG00000134057,dimgrey,dimgrey,4
ENSG00000134058,dimgrey,dimgrey,4
ENSG00000134070,indianred,indianred,6
ENSG00000134077,dimgrey,dimgrey,4
ENSG00000134086,darkgrey,darkgrey,1
ENSG00000134107,maroon,maroon,9
ENSG00000134108,dimgrey,dimgrey,4
ENSG00000134109,dimgrey,dimgrey,4
ENSG00000134121,darkgrey,darkgrey,1
ENSG00000134138,darkgrey,darkgrey,1
ENSG00000134146,dimgrey,dimgrey,4
ENSG00000134152,darkgrey,darkgrey,1
ENSG00000134153,dimgrey,dimgrey,4
ENSG00000134186,brown,brown,0
ENSG00000134198,dimgrey,dimgrey,4
ENSG00000134201,whitesmoke,whitesmoke,13
ENSG00000134202,dimgrey,dimgrey,4
ENSG00000134222,dimgrey,dimgrey,4
ENSG00000134242,dimgrey,dimgrey,4
ENSG00000134243,brown,brown,0
ENSG00000134245,dimgrey,dimgrey,4
ENSG00000134247,dimgrey,dimgrey,4
ENSG00000134248,dimgrey,dimgrey,4
ENSG00000134250,dimgrey,dimgrey,4
ENSG00000134253,lightcoral,lightcoral,7
ENSG00000134255,whitesmoke,whitesmoke,13
ENSG00000134259,dimgrey,dimgrey,4
ENSG00000134262,dimgrey,dimgrey,4
ENSG00000134265,lightcoral,lightcoral,7
ENSG00000134278,darkgrey,darkgrey,1
ENSG00000134283,darkgrey,darkgrey,1
ENSG00000134285,dimgrey,dimgrey,4
ENSG00000134287,maroon,maroon,9
ENSG00000134291,brown,brown,0
ENSG00000134294,darkgrey,darkgrey,1
ENSG00000134308,dimgrey,dimgrey,4
ENSG00000134313,darkgrey,darkgrey,1
ENSG00000134317,darkgrey,darkgrey,1
ENSG00000134318,darkgrey,darkgrey,1
ENSG00000134324,dimgrey,dimgrey,4
ENSG00000134330,dimgrey,dimgrey,4
ENSG00000134333,dimgrey,dimgrey,4
ENSG00000134343,dimgrey,dimgrey,4
ENSG00000134352,dimgrey,dimgrey,4
ENSG00000134363,dimgrey,dimgrey,4
ENSG00000134369,darkgrey,darkgrey,1
ENSG00000134371,lightcoral,lightcoral,7
ENSG00000134375,dimgrey,dimgrey,4
ENSG00000134419,dimgrey,dimgrey,4
ENSG00000134440,dimgrey,dimgrey,4
ENSG00000134444,dimgrey,dimgrey,4
ENSG00000134452,darkgrey,darkgrey,1
ENSG00000134453,brown,brown,0
ENSG00000134461,indianred,indianred,6
ENSG00000134463,dimgrey,dimgrey,4
ENSG00000134470,red,red,11
ENSG00000134480,dimgrey,dimgrey,4
ENSG00000134490,darkgrey,darkgrey,1
ENSG00000134504,brown,brown,0
ENSG00000134508,whitesmoke,whitesmoke,13
ENSG00000134516,darkgrey,darkgrey,1
ENSG00000134531,darkgrey,darkgrey,1
ENSG00000134532,snow,snow,12
ENSG00000134539,dimgrey,dimgrey,4
ENSG00000134569,whitesmoke,whitesmoke,13
ENSG00000134574,darkgrey,darkgrey,1
ENSG00000134575,darkgrey,darkgrey,1
ENSG00000134590,darkgrey,darkgrey,1
ENSG00000134594,brown,brown,0
ENSG00000134597,lightgrey,lightgrey,8
ENSG00000134602,indianred,indianred,6
ENSG00000134627,dimgrey,dimgrey,4
ENSG00000134644,indianred,indianred,6
ENSG00000134668,darkgrey,darkgrey,1
ENSG00000134684,dimgrey,dimgrey,4
ENSG00000134686,darkgrey,darkgrey,1
ENSG00000134690,whitesmoke,whitesmoke,13
ENSG00000134697,lightgrey,lightgrey,8
ENSG00000134698,darkgrey,darkgrey,1
ENSG00000134717,whitesmoke,whitesmoke,13
ENSG00000134744,darkgrey,darkgrey,1
ENSG00000134748,darkgrey,darkgrey,1
ENSG00000134758,dimgrey,dimgrey,4
ENSG00000134759,dimgrey,dimgrey,4
ENSG00000134769,darkgrey,darkgrey,1
ENSG00000134775,darkred,darkred,2
ENSG00000134779,darkgrey,darkgrey,1
ENSG00000134802,dimgrey,dimgrey,4
ENSG00000134809,dimgrey,dimgrey,4
ENSG00000134815,darkgrey,darkgrey,1
ENSG00000134824,dimgrey,dimgrey,4
ENSG00000134825,darkgrey,darkgrey,1
ENSG00000134851,brown,brown,0
ENSG00000134852,lightcoral,lightcoral,7
ENSG00000134853,darkgrey,darkgrey,1
ENSG00000134864,indianred,indianred,6
ENSG00000134871,darkgrey,darkgrey,1
ENSG00000134874,darkgrey,darkgrey,1
ENSG00000134882,dimgrey,dimgrey,4
ENSG00000134884,whitesmoke,whitesmoke,13
ENSG00000134897,darkgrey,darkgrey,1
ENSG00000134899,whitesmoke,whitesmoke,13
ENSG00000134900,snow,snow,12
ENSG00000134901,dimgrey,dimgrey,4
ENSG00000134905,dimgrey,dimgrey,4
ENSG00000134909,brown,brown,0
ENSG00000134910,darkgrey,darkgrey,1
ENSG00000134917,darkgrey,darkgrey,1
ENSG00000134940,lightgrey,lightgrey,8
ENSG00000134954,darkgrey,darkgrey,1
ENSG00000134955,darkgrey,darkgrey,1
ENSG00000134962,darkgrey,darkgrey,1
ENSG00000134970,dimgrey,dimgrey,4
ENSG00000134982,lightgrey,lightgrey,8
ENSG00000134986,darkgrey,darkgrey,1
ENSG00000134987,darkgrey,darkgrey,1
ENSG00000134996,darkgrey,darkgrey,1
ENSG00000135002,darkgrey,darkgrey,1
ENSG00000135018,darkgrey,darkgrey,1
ENSG00000135040,dimgrey,dimgrey,4
ENSG00000135045,dimgrey,dimgrey,4
ENSG00000135046,dimgrey,dimgrey,4
ENSG00000135047,dimgrey,dimgrey,4
ENSG00000135048,lightgrey,lightgrey,8
ENSG00000135049,lightcoral,lightcoral,7
ENSG00000135052,dimgrey,dimgrey,4
ENSG00000135069,dimgrey,dimgrey,4
ENSG00000135070,dimgrey,dimgrey,4
ENSG00000135074,darkgrey,darkgrey,1
ENSG00000135083,darkgrey,darkgrey,1
ENSG00000135090,dimgrey,dimgrey,4
ENSG00000135093,maroon,maroon,9
ENSG00000135094,darkgrey,darkgrey,1
ENSG00000135108,firebrick,firebrick,5
ENSG00000135111,dimgrey,dimgrey,4
ENSG00000135119,dimgrey,dimgrey,4
ENSG00000135124,darkgrey,darkgrey,1
ENSG00000135127,maroon,maroon,9
ENSG00000135148,darkgrey,darkgrey,1
ENSG00000135164,darkgrey,darkgrey,1
ENSG00000135185,brown,brown,0
ENSG00000135205,dimgrey,dimgrey,4
ENSG00000135211,dimgrey,dimgrey,4
ENSG00000135218,darkgrey,darkgrey,1
ENSG00000135241,firebrick,firebrick,5
ENSG00000135245,darkgrey,darkgrey,1
ENSG00000135249,dimgrey,dimgrey,4
ENSG00000135250,darkgrey,darkgrey,1
ENSG00000135269,lightgrey,lightgrey,8
ENSG00000135272,darkgrey,darkgrey,1
ENSG00000135297,dimgrey,dimgrey,4
ENSG00000135298,dimgrey,dimgrey,4
ENSG00000135299,dimgrey,dimgrey,4
ENSG00000135312,dimgrey,dimgrey,4
ENSG00000135314,dimgrey,dimgrey,4
ENSG00000135315,dimgrey,dimgrey,4
ENSG00000135316,dimgrey,dimgrey,4
ENSG00000135317,dimgrey,dimgrey,4
ENSG00000135318,dimgrey,dimgrey,4
ENSG00000135334,dimgrey,dimgrey,4
ENSG00000135336,dimgrey,dimgrey,4
ENSG00000135338,lightgrey,lightgrey,8
ENSG00000135341,darkgrey,darkgrey,1
ENSG00000135346,red,red,11
ENSG00000135362,brown,brown,0
ENSG00000135365,lightcoral,lightcoral,7
ENSG00000135372,snow,snow,12
ENSG00000135387,dimgrey,dimgrey,4
ENSG00000135390,whitesmoke,whitesmoke,13
ENSG00000135392,darkgrey,darkgrey,1
ENSG00000135404,darkgrey,darkgrey,1
ENSG00000135407,maroon,maroon,9
ENSG00000135414,darkgrey,darkgrey,1
ENSG00000135424,darkgrey,darkgrey,1
ENSG00000135437,dimgrey,dimgrey,4
ENSG00000135439,darkgrey,darkgrey,1
ENSG00000135441,dimgrey,dimgrey,4
ENSG00000135451,dimgrey,dimgrey,4
ENSG00000135452,lightgrey,lightgrey,8
ENSG00000135454,darkgrey,darkgrey,1
ENSG00000135457,darkgrey,darkgrey,1
ENSG00000135469,lightgrey,lightgrey,8
ENSG00000135472,dimgrey,dimgrey,4
ENSG00000135476,dimgrey,dimgrey,4
ENSG00000135480,dimgrey,dimgrey,4
ENSG00000135482,dimgrey,dimgrey,4
ENSG00000135486,dimgrey,dimgrey,4
ENSG00000135503,darkgrey,darkgrey,1
ENSG00000135506,darkgrey,darkgrey,1
ENSG00000135521,dimgrey,dimgrey,4
ENSG00000135525,whitesmoke,whitesmoke,13
ENSG00000135535,dimgrey,dimgrey,4
ENSG00000135537,snow,snow,12
ENSG00000135540,indianred,indianred,6
ENSG00000135541,dimgrey,dimgrey,4
ENSG00000135549,dimgrey,dimgrey,4
ENSG00000135587,dimgrey,dimgrey,4
ENSG00000135596,darkgrey,darkgrey,1
ENSG00000135597,darkgrey,darkgrey,1
ENSG00000135604,dimgrey,dimgrey,4
ENSG00000135605,brown,brown,0
ENSG00000135617,dimgrey,dimgrey,4
ENSG00000135622,dimgrey,dimgrey,4
ENSG00000135624,darkgrey,darkgrey,1
ENSG00000135631,darkgrey,darkgrey,1
ENSG00000135632,darkgrey,darkgrey,1
ENSG00000135636,darkgrey,darkgrey,1
ENSG00000135637,darkgrey,darkgrey,1
ENSG00000135643,darkgrey,darkgrey,1
ENSG00000135655,dimgrey,dimgrey,4
ENSG00000135677,dimgrey,dimgrey,4
ENSG00000135678,whitesmoke,whitesmoke,13
ENSG00000135679,dimgrey,dimgrey,4
ENSG00000135686,darkgrey,darkgrey,1
ENSG00000135698,darkgrey,darkgrey,1
ENSG00000135709,red,red,11
ENSG00000135720,darkgrey,darkgrey,1
ENSG00000135723,darkgrey,darkgrey,1
ENSG00000135736,dimgrey,dimgrey,4
ENSG00000135740,red,red,11
ENSG00000135744,dimgrey,dimgrey,4
ENSG00000135749,darkgrey,darkgrey,1
ENSG00000135750,darkgrey,darkgrey,1
ENSG00000135763,dimgrey,dimgrey,4
ENSG00000135766,darkgrey,darkgrey,1
ENSG00000135775,firebrick,firebrick,5
ENSG00000135776,dimgrey,dimgrey,4
ENSG00000135778,lightgrey,lightgrey,8
ENSG00000135801,dimgrey,dimgrey,4
ENSG00000135821,dimgrey,dimgrey,4
ENSG00000135823,dimgrey,dimgrey,4
ENSG00000135828,brown,brown,0
ENSG00000135829,dimgrey,dimgrey,4
ENSG00000135835,dimgrey,dimgrey,4
ENSG00000135837,darkgrey,darkgrey,1
ENSG00000135838,indianred,indianred,6
ENSG00000135842,whitesmoke,whitesmoke,13
ENSG00000135845,dimgrey,dimgrey,4
ENSG00000135862,darkgrey,darkgrey,1
ENSG00000135870,darkgrey,darkgrey,1
ENSG00000135898,dimgrey,dimgrey,4
ENSG00000135899,darkgrey,darkgrey,1
ENSG00000135900,dimgrey,dimgrey,4
ENSG00000135905,darkgrey,darkgrey,1
ENSG00000135912,darkgrey,darkgrey,1
ENSG00000135913,darkgrey,darkgrey,1
ENSG00000135914,brown,brown,0
ENSG00000135916,dimgrey,dimgrey,4
ENSG00000135919,darkgrey,darkgrey,1
ENSG00000135924,dimgrey,dimgrey,4
ENSG00000135926,darkgrey,darkgrey,1
ENSG00000135929,maroon,maroon,9
ENSG00000135930,lightgrey,lightgrey,8
ENSG00000135931,darkgrey,darkgrey,1
ENSG00000135932,dimgrey,dimgrey,4
ENSG00000135940,dimgrey,dimgrey,4
ENSG00000135945,darkgrey,darkgrey,1
ENSG00000135951,dimgrey,dimgrey,4
ENSG00000135953,darkgrey,darkgrey,1
ENSG00000135956,darkgrey,darkgrey,1
ENSG00000135966,darkgrey,darkgrey,1
ENSG00000135968,snow,snow,12
ENSG00000135972,brown,brown,0
ENSG00000135974,darkgrey,darkgrey,1
ENSG00000135976,darkgrey,darkgrey,1
ENSG00000135999,maroon,maroon,9
ENSG00000136003,whitesmoke,whitesmoke,13
ENSG00000136010,indianred,indianred,6
ENSG00000136014,dimgrey,dimgrey,4
ENSG00000136021,lightgrey,lightgrey,8
ENSG00000136026,darkgrey,darkgrey,1
ENSG00000136040,lightcoral,lightcoral,7
ENSG00000136044,dimgrey,dimgrey,4
ENSG00000136045,dimgrey,dimgrey,4
ENSG00000136048,darkgrey,darkgrey,1
ENSG00000136051,maroon,maroon,9
ENSG00000136052,dimgrey,dimgrey,4
ENSG00000136059,firebrick,firebrick,5
ENSG00000136068,darkgrey,darkgrey,1
ENSG00000136098,darkgrey,darkgrey,1
ENSG00000136100,darkred,darkred,2
ENSG00000136104,dimgrey,dimgrey,4
ENSG00000136108,brown,brown,0
ENSG00000136111,darkgrey,darkgrey,1
ENSG00000136114,brown,brown,0
ENSG00000136122,dimgrey,dimgrey,4
ENSG00000136141,darkgrey,darkgrey,1
ENSG00000136143,dimgrey,dimgrey,4
ENSG00000136144,dimgrey,dimgrey,4
ENSG00000136146,darkgrey,darkgrey,1
ENSG00000136147,dimgrey,dimgrey,4
ENSG00000136152,darkgrey,darkgrey,1
ENSG00000136153,lightgrey,lightgrey,8
ENSG00000136156,darkgrey,darkgrey,1
ENSG00000136158,dimgrey,dimgrey,4
ENSG00000136159,dimgrey,dimgrey,4
ENSG00000136160,dimgrey,dimgrey,4
ENSG00000136161,dimgrey,dimgrey,4
ENSG00000136169,lightgrey,lightgrey,8
ENSG00000136193,lightgrey,lightgrey,8
ENSG00000136205,dimgrey,dimgrey,4
ENSG00000136206,dimgrey,dimgrey,4
ENSG00000136213,darkgrey,darkgrey,1
ENSG00000136231,whitesmoke,whitesmoke,13
ENSG00000136235,dimgrey,dimgrey,4
ENSG00000136237,darkgrey,darkgrey,1
ENSG00000136238,brown,brown,0
ENSG00000136240,dimgrey,dimgrey,4
ENSG00000136243,dimgrey,dimgrey,4
ENSG00000136244,dimgrey,dimgrey,4
ENSG00000136247,dimgrey,dimgrey,4
ENSG00000136261,darkgrey,darkgrey,1
ENSG00000136270,dimgrey,dimgrey,4
ENSG00000136271,darkgrey,darkgrey,1
ENSG00000136273,brown,brown,0
ENSG00000136274,darkgrey,darkgrey,1
ENSG00000136279,indianred,indianred,6
ENSG00000136280,darkgrey,darkgrey,1
ENSG00000136295,darkgrey,darkgrey,1
ENSG00000136367,brown,brown,0
ENSG00000136371,dimgrey,dimgrey,4
ENSG00000136378,darkgrey,darkgrey,1
ENSG00000136379,darkgrey,darkgrey,1
ENSG00000136381,darkgrey,darkgrey,1
ENSG00000136425,darkgrey,darkgrey,1
ENSG00000136436,darkgrey,darkgrey,1
ENSG00000136444,dimgrey,dimgrey,4
ENSG00000136448,whitesmoke,whitesmoke,13
ENSG00000136449,dimgrey,dimgrey,4
ENSG00000136450,darkgrey,darkgrey,1
ENSG00000136451,darkgrey,darkgrey,1
ENSG00000136478,dimgrey,dimgrey,4
ENSG00000136485,darkgrey,darkgrey,1
ENSG00000136490,darkgrey,darkgrey,1
ENSG00000136492,dimgrey,dimgrey,4
ENSG00000136504,darkgrey,darkgrey,1
ENSG00000136518,maroon,maroon,9
ENSG00000136521,dimgrey,dimgrey,4
ENSG00000136522,dimgrey,dimgrey,4
ENSG00000136527,dimgrey,dimgrey,4
ENSG00000136531,snow,snow,12
ENSG00000136536,lightcoral,lightcoral,7
ENSG00000136541,darkgrey,darkgrey,1
ENSG00000136542,red,red,11
ENSG00000136546,darkgrey,darkgrey,1
ENSG00000136560,lightcoral,lightcoral,7
ENSG00000136603,dimgrey,dimgrey,4
ENSG00000136628,lightgrey,lightgrey,8
ENSG00000136630,lightgrey,lightgrey,8
ENSG00000136631,dimgrey,dimgrey,4
ENSG00000136636,lightgrey,lightgrey,8
ENSG00000136643,dimgrey,dimgrey,4
ENSG00000136682,dimgrey,dimgrey,4
ENSG00000136709,whitesmoke,whitesmoke,13
ENSG00000136710,brown,brown,0
ENSG00000136715,dimgrey,dimgrey,4
ENSG00000136717,dimgrey,dimgrey,4
ENSG00000136718,dimgrey,dimgrey,4
ENSG00000136720,dimgrey,dimgrey,4
ENSG00000136731,dimgrey,dimgrey,4
ENSG00000136732,darkgrey,darkgrey,1
ENSG00000136738,darkgrey,darkgrey,1
ENSG00000136754,dimgrey,dimgrey,4
ENSG00000136758,dimgrey,dimgrey,4
ENSG00000136770,mistyrose,mistyrose,10
ENSG00000136783,dimgrey,dimgrey,4
ENSG00000136802,brown,brown,0
ENSG00000136807,darkgrey,darkgrey,1
ENSG00000136810,dimgrey,dimgrey,4
ENSG00000136811,darkgrey,darkgrey,1
ENSG00000136813,whitesmoke,whitesmoke,13
ENSG00000136816,dimgrey,dimgrey,4
ENSG00000136819,lightgrey,lightgrey,8
ENSG00000136824,lightgrey,lightgrey,8
ENSG00000136826,brown,brown,0
ENSG00000136827,lightgrey,lightgrey,8
ENSG00000136828,brown,brown,0
ENSG00000136830,darkgrey,darkgrey,1
ENSG00000136840,darkgrey,darkgrey,1
ENSG00000136842,darkgrey,darkgrey,1
ENSG00000136848,darkgrey,darkgrey,1
ENSG00000136854,dimgrey,dimgrey,4
ENSG00000136856,darkgrey,darkgrey,1
ENSG00000136859,whitesmoke,whitesmoke,13
ENSG00000136861,darkgrey,darkgrey,1
ENSG00000136866,brown,brown,0
ENSG00000136867,dimgrey,dimgrey,4
ENSG00000136868,dimgrey,dimgrey,4
ENSG00000136869,maroon,maroon,9
ENSG00000136870,brown,brown,0
ENSG00000136874,darkgrey,darkgrey,1
ENSG00000136875,whitesmoke,whitesmoke,13
ENSG00000136877,darkgrey,darkgrey,1
ENSG00000136878,dimgrey,dimgrey,4
ENSG00000136888,darkgrey,darkgrey,1
ENSG00000136891,dimgrey,dimgrey,4
ENSG00000136895,darkgrey,darkgrey,1
ENSG00000136897,dimgrey,dimgrey,4
ENSG00000136908,dimgrey,dimgrey,4
ENSG00000136925,darkgrey,darkgrey,1
ENSG00000136928,darkgrey,darkgrey,1
ENSG00000136930,whitesmoke,whitesmoke,13
ENSG00000136932,dimgrey,dimgrey,4
ENSG00000136933,dimgrey,dimgrey,4
ENSG00000136935,whitesmoke,whitesmoke,13
ENSG00000136936,dimgrey,dimgrey,4
ENSG00000136937,dimgrey,dimgrey,4
ENSG00000136938,lightgrey,lightgrey,8
ENSG00000136940,darkgrey,darkgrey,1
ENSG00000136942,dimgrey,dimgrey,4
ENSG00000136943,darkgrey,darkgrey,1
ENSG00000136950,darkgrey,darkgrey,1
ENSG00000136960,indianred,indianred,6
ENSG00000136982,dimgrey,dimgrey,4
ENSG00000136986,dimgrey,dimgrey,4
ENSG00000136997,indianred,indianred,6
ENSG00000136999,dimgrey,dimgrey,4
ENSG00000137033,dimgrey,dimgrey,4
ENSG00000137038,dimgrey,dimgrey,4
ENSG00000137040,dimgrey,dimgrey,4
ENSG00000137054,dimgrey,dimgrey,4
ENSG00000137055,dimgrey,dimgrey,4
ENSG00000137073,dimgrey,dimgrey,4
ENSG00000137074,dimgrey,dimgrey,4
ENSG00000137075,dimgrey,dimgrey,4
ENSG00000137076,darkgrey,darkgrey,1
ENSG00000137094,darkgrey,darkgrey,1
ENSG00000137098,dimgrey,dimgrey,4
ENSG00000137100,dimgrey,dimgrey,4
ENSG00000137103,darkgrey,darkgrey,1
ENSG00000137106,dimgrey,dimgrey,4
ENSG00000137124,dimgrey,dimgrey,4
ENSG00000137135,darkgrey,darkgrey,1
ENSG00000137145,snow,snow,12
ENSG00000137154,lightgrey,lightgrey,8
ENSG00000137161,darkgrey,darkgrey,1
ENSG00000137166,darkgrey,darkgrey,1
ENSG00000137168,dimgrey,dimgrey,4
ENSG00000137171,lightgrey,lightgrey,8
ENSG00000137177,lightgrey,lightgrey,8
ENSG00000137185,darkgrey,darkgrey,1
ENSG00000137193,darkgrey,darkgrey,1
ENSG00000137198,dimgrey,dimgrey,4
ENSG00000137200,darkgrey,darkgrey,1
ENSG00000137203,darkgrey,darkgrey,1
ENSG00000137207,dimgrey,dimgrey,4
ENSG00000137210,whitesmoke,whitesmoke,13
ENSG00000137216,darkgrey,darkgrey,1
ENSG00000137218,darkgrey,darkgrey,1
ENSG00000137221,darkgrey,darkgrey,1
ENSG00000137266,brown,brown,0
ENSG00000137267,dimgrey,dimgrey,4
ENSG00000137269,darkgrey,darkgrey,1
ENSG00000137273,dimgrey,dimgrey,4
ENSG00000137274,dimgrey,dimgrey,4
ENSG00000137275,darkgrey,darkgrey,1
ENSG00000137285,darkgrey,darkgrey,1
ENSG00000137288,dimgrey,dimgrey,4
ENSG00000137309,darkgrey,darkgrey,1
ENSG00000137310,dimgrey,dimgrey,4
ENSG00000137312,dimgrey,dimgrey,4
ENSG00000137337,dimgrey,dimgrey,4
ENSG00000137338,lightgrey,lightgrey,8
ENSG00000137364,dimgrey,dimgrey,4
ENSG00000137393,brown,brown,0
ENSG00000137409,whitesmoke,whitesmoke,13
ENSG00000137413,brown,brown,0
ENSG00000137414,dimgrey,dimgrey,4
ENSG00000137449,lightcoral,lightcoral,7
ENSG00000137460,whitesmoke,whitesmoke,13
ENSG00000137463,snow,snow,12
ENSG00000137478,snow,snow,12
ENSG00000137486,dimgrey,dimgrey,4
ENSG00000137492,dimgrey,dimgrey,4
ENSG00000137494,indianred,indianred,6
ENSG00000137496,dimgrey,dimgrey,4
ENSG00000137497,darkgrey,darkgrey,1
ENSG00000137500,dimgrey,dimgrey,4
ENSG00000137501,dimgrey,dimgrey,4
ENSG00000137502,dimgrey,dimgrey,4
ENSG00000137504,darkgrey,darkgrey,1
ENSG00000137507,dimgrey,dimgrey,4
ENSG00000137509,darkgrey,darkgrey,1
ENSG00000137513,brown,brown,0
ENSG00000137522,darkgrey,darkgrey,1
ENSG00000137547,lightgrey,lightgrey,8
ENSG00000137563,dimgrey,dimgrey,4
ENSG00000137571,maroon,maroon,9
ENSG00000137573,red,red,11
ENSG00000137574,darkgrey,darkgrey,1
ENSG00000137575,darkgrey,darkgrey,1
ENSG00000137601,brown,brown,0
ENSG00000137628,darkred,darkred,2
ENSG00000137642,brown,brown,0
ENSG00000137656,darkgrey,darkgrey,1
ENSG00000137672,dimgrey,dimgrey,4
ENSG00000137691,dimgrey,dimgrey,4
ENSG00000137692,dimgrey,dimgrey,4
ENSG00000137693,indianred,indianred,6
ENSG00000137710,darkred,darkred,2
ENSG00000137713,darkgrey,darkgrey,1
ENSG00000137714,dimgrey,dimgrey,4
ENSG00000137720,dimgrey,dimgrey,4
ENSG00000137727,dimgrey,dimgrey,4
ENSG00000137752,dimgrey,dimgrey,4
ENSG00000137760,darkgrey,darkgrey,1
ENSG00000137764,darkgrey,darkgrey,1
ENSG00000137767,snow,snow,12
ENSG00000137770,darkred,darkred,2
ENSG00000137776,lightgrey,lightgrey,8
ENSG00000137801,indianred,indianred,6
ENSG00000137802,darkgrey,darkgrey,1
ENSG00000137804,darkgrey,darkgrey,1
ENSG00000137806,dimgrey,dimgrey,4
ENSG00000137807,dimgrey,dimgrey,4
ENSG00000137809,whitesmoke,whitesmoke,13
ENSG00000137812,lightcoral,lightcoral,7
ENSG00000137814,darkgrey,darkgrey,1
ENSG00000137815,darkgrey,darkgrey,1
ENSG00000137817,lightgrey,lightgrey,8
ENSG00000137818,dimgrey,dimgrey,4
ENSG00000137819,dimgrey,dimgrey,4
ENSG00000137821,dimgrey,dimgrey,4
ENSG00000137822,darkgrey,darkgrey,1
ENSG00000137824,darkgrey,darkgrey,1
ENSG00000137825,lightgrey,lightgrey,8
ENSG00000137831,darkred,darkred,2
ENSG00000137834,darkgrey,darkgrey,1
ENSG00000137841,indianred,indianred,6
ENSG00000137842,brown,brown,0
ENSG00000137845,dimgrey,dimgrey,4
ENSG00000137869,whitesmoke,whitesmoke,13
ENSG00000137871,indianred,indianred,6
ENSG00000137872,dimgrey,dimgrey,4
ENSG00000137876,dimgrey,dimgrey,4
ENSG00000137936,dimgrey,dimgrey,4
ENSG00000137941,dimgrey,dimgrey,4
ENSG00000137942,snow,snow,12
ENSG00000137944,dimgrey,dimgrey,4
ENSG00000137947,dimgrey,dimgrey,4
ENSG00000137955,darkgrey,darkgrey,1
ENSG00000137959,dimgrey,dimgrey,4
ENSG00000137960,dimgrey,dimgrey,4
ENSG00000137962,dimgrey,dimgrey,4
ENSG00000137965,dimgrey,dimgrey,4
ENSG00000137975,indianred,indianred,6
ENSG00000137992,darkgrey,darkgrey,1
ENSG00000137996,dimgrey,dimgrey,4
ENSG00000138002,brown,brown,0
ENSG00000138018,maroon,maroon,9
ENSG00000138029,dimgrey,dimgrey,4
ENSG00000138031,lightcoral,lightcoral,7
ENSG00000138032,dimgrey,dimgrey,4
ENSG00000138035,lightcoral,lightcoral,7
ENSG00000138036,maroon,maroon,9
ENSG00000138050,indianred,indianred,6
ENSG00000138061,dimgrey,dimgrey,4
ENSG00000138069,dimgrey,dimgrey,4
ENSG00000138071,dimgrey,dimgrey,4
ENSG00000138073,dimgrey,dimgrey,4
ENSG00000138074,dimgrey,dimgrey,4
ENSG00000138078,darkgrey,darkgrey,1
ENSG00000138079,dimgrey,dimgrey,4
ENSG00000138080,dimgrey,dimgrey,4
ENSG00000138081,darkgrey,darkgrey,1
ENSG00000138085,dimgrey,dimgrey,4
ENSG00000138092,darkgrey,darkgrey,1
ENSG00000138095,darkgrey,darkgrey,1
ENSG00000138101,darkgrey,darkgrey,1
ENSG00000138107,darkgrey,darkgrey,1
ENSG00000138111,darkgrey,darkgrey,1
ENSG00000138119,maroon,maroon,9
ENSG00000138131,dimgrey,dimgrey,4
ENSG00000138134,dimgrey,dimgrey,4
ENSG00000138135,darkgrey,darkgrey,1
ENSG00000138138,whitesmoke,whitesmoke,13
ENSG00000138160,lightgrey,lightgrey,8
ENSG00000138162,darkgrey,darkgrey,1
ENSG00000138166,whitesmoke,whitesmoke,13
ENSG00000138172,dimgrey,dimgrey,4
ENSG00000138175,dimgrey,dimgrey,4
ENSG00000138180,darkgrey,darkgrey,1
ENSG00000138182,lightgrey,lightgrey,8
ENSG00000138185,snow,snow,12
ENSG00000138190,dimgrey,dimgrey,4
ENSG00000138193,darkgrey,darkgrey,1
ENSG00000138231,lightgrey,lightgrey,8
ENSG00000138246,dimgrey,dimgrey,4
ENSG00000138279,dimgrey,dimgrey,4
ENSG00000138286,darkgrey,darkgrey,1
ENSG00000138303,darkgrey,darkgrey,1
ENSG00000138311,darkgrey,darkgrey,1
ENSG00000138316,darkgrey,darkgrey,1
ENSG00000138326,whitesmoke,whitesmoke,13
ENSG00000138336,darkgrey,darkgrey,1
ENSG00000138346,brown,brown,0
ENSG00000138347,dimgrey,dimgrey,4
ENSG00000138356,darkgrey,darkgrey,1
ENSG00000138363,dimgrey,dimgrey,4
ENSG00000138375,dimgrey,dimgrey,4
ENSG00000138376,dimgrey,dimgrey,4
ENSG00000138378,dimgrey,dimgrey,4
ENSG00000138380,brown,brown,0
ENSG00000138381,dimgrey,dimgrey,4
ENSG00000138382,dimgrey,dimgrey,4
ENSG00000138385,darkgrey,darkgrey,1
ENSG00000138386,brown,brown,0
ENSG00000138395,darkgrey,darkgrey,1
ENSG00000138398,brown,brown,0
ENSG00000138399,dimgrey,dimgrey,4
ENSG00000138411,darkgrey,darkgrey,1
ENSG00000138413,darkgrey,darkgrey,1
ENSG00000138430,dimgrey,dimgrey,4
ENSG00000138433,dimgrey,dimgrey,4
ENSG00000138434,indianred,indianred,6
ENSG00000138435,dimgrey,dimgrey,4
ENSG00000138439,darkgrey,darkgrey,1
ENSG00000138442,brown,brown,0
ENSG00000138443,darkgrey,darkgrey,1
ENSG00000138448,dimgrey,dimgrey,4
ENSG00000138449,darkgrey,darkgrey,1
ENSG00000138459,dimgrey,dimgrey,4
ENSG00000138463,dimgrey,dimgrey,4
ENSG00000138468,darkgrey,darkgrey,1
ENSG00000138495,dimgrey,dimgrey,4
ENSG00000138496,lightgrey,lightgrey,8
ENSG00000138587,brown,brown,0
ENSG00000138592,dimgrey,dimgrey,4
ENSG00000138593,darkgrey,darkgrey,1
ENSG00000138594,darkgrey,darkgrey,1
ENSG00000138600,maroon,maroon,9
ENSG00000138604,dimgrey,dimgrey,4
ENSG00000138606,darkgrey,darkgrey,1
ENSG00000138613,dimgrey,dimgrey,4
ENSG00000138614,indianred,indianred,6
ENSG00000138617,indianred,indianred,6
ENSG00000138621,dimgrey,dimgrey,4
ENSG00000138629,dimgrey,dimgrey,4
ENSG00000138639,darkgrey,darkgrey,1
ENSG00000138640,dimgrey,dimgrey,4
ENSG00000138641,dimgrey,dimgrey,4
ENSG00000138642,dimgrey,dimgrey,4
ENSG00000138646,darkgrey,darkgrey,1
ENSG00000138650,maroon,maroon,9
ENSG00000138658,lightgrey,lightgrey,8
ENSG00000138660,darkgrey,darkgrey,1
ENSG00000138663,dimgrey,dimgrey,4
ENSG00000138668,dimgrey,dimgrey,4
ENSG00000138669,indianred,indianred,6
ENSG00000138674,darkgrey,darkgrey,1
ENSG00000138675,dimgrey,dimgrey,4
ENSG00000138678,dimgrey,dimgrey,4
ENSG00000138685,dimgrey,dimgrey,4
ENSG00000138686,dimgrey,dimgrey,4
ENSG00000138688,darkgrey,darkgrey,1
ENSG00000138696,dimgrey,dimgrey,4
ENSG00000138698,dimgrey,dimgrey,4
ENSG00000138709,lightgrey,lightgrey,8
ENSG00000138735,darkgrey,darkgrey,1
ENSG00000138738,brown,brown,0
ENSG00000138741,darkgrey,darkgrey,1
ENSG00000138744,dimgrey,dimgrey,4
ENSG00000138750,dimgrey,dimgrey,4
ENSG00000138756,dimgrey,dimgrey,4
ENSG00000138757,maroon,maroon,9
ENSG00000138758,darkred,darkred,2
ENSG00000138760,dimgrey,dimgrey,4
ENSG00000138764,darkgrey,darkgrey,1
ENSG00000138767,darkgrey,darkgrey,1
ENSG00000138768,darkgrey,darkgrey,1
ENSG00000138769,dimgrey,dimgrey,4
ENSG00000138771,darkgrey,darkgrey,1
ENSG00000138772,darkgrey,darkgrey,1
ENSG00000138777,maroon,maroon,9
ENSG00000138778,dimgrey,dimgrey,4
ENSG00000138780,lightcoral,lightcoral,7
ENSG00000138785,brown,brown,0
ENSG00000138794,dimgrey,dimgrey,4
ENSG00000138795,firebrick,firebrick,5
ENSG00000138796,dimgrey,dimgrey,4
ENSG00000138798,darkgrey,darkgrey,1
ENSG00000138801,darkgrey,darkgrey,1
ENSG00000138802,dimgrey,dimgrey,4
ENSG00000138814,whitesmoke,whitesmoke,13
ENSG00000138821,dimgrey,dimgrey,4
ENSG00000138829,dimgrey,dimgrey,4
ENSG00000138834,darkgrey,darkgrey,1
ENSG00000138835,darkgrey,darkgrey,1
ENSG00000138867,darkgrey,darkgrey,1
ENSG00000138942,dimgrey,dimgrey,4
ENSG00000138944,darkgrey,darkgrey,1
ENSG00000139083,darkgrey,darkgrey,1
ENSG00000139112,darkgrey,darkgrey,1
ENSG00000139116,dimgrey,dimgrey,4
ENSG00000139117,dimgrey,dimgrey,4
ENSG00000139131,dimgrey,dimgrey,4
ENSG00000139132,darkgrey,darkgrey,1
ENSG00000139133,dimgrey,dimgrey,4
ENSG00000139146,lightgrey,lightgrey,8
ENSG00000139154,dimgrey,dimgrey,4
ENSG00000139160,darkgrey,darkgrey,1
ENSG00000139163,dimgrey,dimgrey,4
ENSG00000139168,darkgrey,darkgrey,1
ENSG00000139173,brown,brown,0
ENSG00000139174,lightgrey,lightgrey,8
ENSG00000139180,darkgrey,darkgrey,1
ENSG00000139187,darkgrey,darkgrey,1
ENSG00000139190,dimgrey,dimgrey,4
ENSG00000139192,dimgrey,dimgrey,4
ENSG00000139200,darkgrey,darkgrey,1
ENSG00000139209,darkgrey,darkgrey,1
ENSG00000139211,dimgrey,dimgrey,4
ENSG00000139218,darkgrey,darkgrey,1
ENSG00000139220,dimgrey,dimgrey,4
ENSG00000139233,mistyrose,mistyrose,10
ENSG00000139263,darkgrey,darkgrey,1
ENSG00000139266,lightgrey,lightgrey,8
ENSG00000139278,dimgrey,dimgrey,4
ENSG00000139289,darkgrey,darkgrey,1
ENSG00000139291,dimgrey,dimgrey,4
ENSG00000139304,dimgrey,dimgrey,4
ENSG00000139318,whitesmoke,whitesmoke,13
ENSG00000139323,maroon,maroon,9
ENSG00000139324,dimgrey,dimgrey,4
ENSG00000139329,dimgrey,dimgrey,4
ENSG00000139343,dimgrey,dimgrey,4
ENSG00000139350,darkgrey,darkgrey,1
ENSG00000139351,lightcoral,lightcoral,7
ENSG00000139354,lightcoral,lightcoral,7
ENSG00000139364,indianred,indianred,6
ENSG00000139370,dimgrey,dimgrey,4
ENSG00000139372,dimgrey,dimgrey,4
ENSG00000139405,dimgrey,dimgrey,4
ENSG00000139410,indianred,indianred,6
ENSG00000139428,whitesmoke,whitesmoke,13
ENSG00000139433,dimgrey,dimgrey,4
ENSG00000139436,darkgrey,darkgrey,1
ENSG00000139437,darkgrey,darkgrey,1
ENSG00000139438,brown,brown,0
ENSG00000139496,darkgrey,darkgrey,1
ENSG00000139505,dimgrey,dimgrey,4
ENSG00000139508,whitesmoke,whitesmoke,13
ENSG00000139514,dimgrey,dimgrey,4
ENSG00000139517,darkgrey,darkgrey,1
ENSG00000139531,maroon,maroon,9
ENSG00000139537,whitesmoke,whitesmoke,13
ENSG00000139546,darkgrey,darkgrey,1
ENSG00000139567,darkgrey,darkgrey,1
ENSG00000139579,dimgrey,dimgrey,4
ENSG00000139597,darkgrey,darkgrey,1
ENSG00000139613,dimgrey,dimgrey,4
ENSG00000139618,darkgrey,darkgrey,1
ENSG00000139620,dimgrey,dimgrey,4
ENSG00000139624,darkgrey,darkgrey,1
ENSG00000139625,darkgrey,darkgrey,1
ENSG00000139629,lightgrey,lightgrey,8
ENSG00000139631,darkgrey,darkgrey,1
ENSG00000139636,darkgrey,darkgrey,1
ENSG00000139641,lightgrey,lightgrey,8
ENSG00000139644,dimgrey,dimgrey,4
ENSG00000139645,darkgrey,darkgrey,1
ENSG00000139651,whitesmoke,whitesmoke,13
ENSG00000139668,brown,brown,0
ENSG00000139679,dimgrey,dimgrey,4
ENSG00000139684,dimgrey,dimgrey,4
ENSG00000139687,maroon,maroon,9
ENSG00000139697,brown,brown,0
ENSG00000139718,dimgrey,dimgrey,4
ENSG00000139719,whitesmoke,whitesmoke,13
ENSG00000139722,indianred,indianred,6
ENSG00000139726,dimgrey,dimgrey,4
ENSG00000139734,lightcoral,lightcoral,7
ENSG00000139746,dimgrey,dimgrey,4
ENSG00000139793,dimgrey,dimgrey,4
ENSG00000139826,dimgrey,dimgrey,4
ENSG00000139832,snow,snow,12
ENSG00000139835,dimgrey,dimgrey,4
ENSG00000139842,whitesmoke,whitesmoke,13
ENSG00000139874,dimgrey,dimgrey,4
ENSG00000139880,dimgrey,dimgrey,4
ENSG00000139899,dimgrey,dimgrey,4
ENSG00000139910,darkgrey,darkgrey,1
ENSG00000139921,dimgrey,dimgrey,4
ENSG00000139926,lightcoral,lightcoral,7
ENSG00000139946,dimgrey,dimgrey,4
ENSG00000139970,dimgrey,dimgrey,4
ENSG00000139971,darkgrey,darkgrey,1
ENSG00000139973,dimgrey,dimgrey,4
ENSG00000139974,darkgrey,darkgrey,1
ENSG00000139977,dimgrey,dimgrey,4
ENSG00000139990,lightgrey,lightgrey,8
ENSG00000139998,brown,brown,0
ENSG00000140006,darkgrey,darkgrey,1
ENSG00000140009,darkgrey,darkgrey,1
ENSG00000140025,brown,brown,0
ENSG00000140030,darkgrey,darkgrey,1
ENSG00000140044,darkgrey,darkgrey,1
ENSG00000140092,dimgrey,dimgrey,4
ENSG00000140104,brown,brown,0
ENSG00000140105,darkgrey,darkgrey,1
ENSG00000140153,dimgrey,dimgrey,4
ENSG00000140157,dimgrey,dimgrey,4
ENSG00000140199,darkgrey,darkgrey,1
ENSG00000140259,brown,brown,0
ENSG00000140262,whitesmoke,whitesmoke,13
ENSG00000140263,dimgrey,dimgrey,4
ENSG00000140264,darkgrey,darkgrey,1
ENSG00000140265,whitesmoke,whitesmoke,13
ENSG00000140280,brown,brown,0
ENSG00000140285,dimgrey,dimgrey,4
ENSG00000140299,dimgrey,dimgrey,4
ENSG00000140307,dimgrey,dimgrey,4
ENSG00000140319,lightgrey,lightgrey,8
ENSG00000140320,dimgrey,dimgrey,4
ENSG00000140323,whitesmoke,whitesmoke,13
ENSG00000140326,firebrick,firebrick,5
ENSG00000140332,darkgrey,darkgrey,1
ENSG00000140350,darkgrey,darkgrey,1
ENSG00000140365,dimgrey,dimgrey,4
ENSG00000140367,lightcoral,lightcoral,7
ENSG00000140368,dimgrey,dimgrey,4
ENSG00000140374,darkgrey,darkgrey,1
ENSG00000140379,dimgrey,dimgrey,4
ENSG00000140382,darkgrey,darkgrey,1
ENSG00000140386,lightgrey,lightgrey,8
ENSG00000140391,dimgrey,dimgrey,4
ENSG00000140395,dimgrey,dimgrey,4
ENSG00000140396,snow,snow,12
ENSG00000140398,brown,brown,0
ENSG00000140400,darkgrey,darkgrey,1
ENSG00000140403,brown,brown,0
ENSG00000140406,darkgrey,darkgrey,1
ENSG00000140416,darkgrey,darkgrey,1
ENSG00000140443,darkgrey,darkgrey,1
ENSG00000140450,dimgrey,dimgrey,4
ENSG00000140451,darkgrey,darkgrey,1
ENSG00000140455,darkgrey,darkgrey,1
ENSG00000140463,darkgrey,darkgrey,1
ENSG00000140464,darkgrey,darkgrey,1
ENSG00000140471,darkgrey,darkgrey,1
ENSG00000140474,darkgrey,darkgrey,1
ENSG00000140497,darkgrey,darkgrey,1
ENSG00000140511,darkgrey,darkgrey,1
ENSG00000140521,darkgrey,darkgrey,1
ENSG00000140525,dimgrey,dimgrey,4
ENSG00000140526,darkgrey,darkgrey,1
ENSG00000140534,darkgrey,darkgrey,1
ENSG00000140543,brown,brown,0
ENSG00000140545,darkgrey,darkgrey,1
ENSG00000140548,darkgrey,darkgrey,1
ENSG00000140553,darkgrey,darkgrey,1
ENSG00000140563,darkgrey,darkgrey,1
ENSG00000140564,darkgrey,darkgrey,1
ENSG00000140575,darkgrey,darkgrey,1
ENSG00000140577,dimgrey,dimgrey,4
ENSG00000140598,dimgrey,dimgrey,4
ENSG00000140612,lightgrey,lightgrey,8
ENSG00000140632,dimgrey,dimgrey,4
ENSG00000140650,darkgrey,darkgrey,1
ENSG00000140682,darkgrey,darkgrey,1
ENSG00000140691,darkgrey,darkgrey,1
ENSG00000140694,lightgrey,lightgrey,8
ENSG00000140718,dimgrey,dimgrey,4
ENSG00000140740,dimgrey,dimgrey,4
ENSG00000140743,dimgrey,dimgrey,4
ENSG00000140750,indianred,indianred,6
ENSG00000140795,indianred,indianred,6
ENSG00000140807,dimgrey,dimgrey,4
ENSG00000140829,darkgrey,darkgrey,1
ENSG00000140830,darkgrey,darkgrey,1
ENSG00000140836,whitesmoke,whitesmoke,13
ENSG00000140848,darkred,darkred,2
ENSG00000140853,darkgrey,darkgrey,1
ENSG00000140854,darkgrey,darkgrey,1
ENSG00000140859,darkgrey,darkgrey,1
ENSG00000140931,dimgrey,dimgrey,4
ENSG00000140937,darkgrey,darkgrey,1
ENSG00000140939,lightcoral,lightcoral,7
ENSG00000140941,dimgrey,dimgrey,4
ENSG00000140943,dimgrey,dimgrey,4
ENSG00000140945,dimgrey,dimgrey,4
ENSG00000140948,red,red,11
ENSG00000140950,dimgrey,dimgrey,4
ENSG00000140961,darkgrey,darkgrey,1
ENSG00000140983,darkgrey,darkgrey,1
ENSG00000140987,mistyrose,mistyrose,10
ENSG00000140988,dimgrey,dimgrey,4
ENSG00000140990,dimgrey,dimgrey,4
ENSG00000140992,maroon,maroon,9
ENSG00000140993,maroon,maroon,9
ENSG00000140995,dimgrey,dimgrey,4
ENSG00000141002,darkgrey,darkgrey,1
ENSG00000141012,darkgrey,darkgrey,1
ENSG00000141013,dimgrey,dimgrey,4
ENSG00000141026,lightgrey,lightgrey,8
ENSG00000141027,lightgrey,lightgrey,8
ENSG00000141030,dimgrey,dimgrey,4
ENSG00000141034,darkgrey,darkgrey,1
ENSG00000141040,dimgrey,dimgrey,4
ENSG00000141052,darkgrey,darkgrey,1
ENSG00000141068,dimgrey,dimgrey,4
ENSG00000141076,dimgrey,dimgrey,4
ENSG00000141084,lightgrey,lightgrey,8
ENSG00000141098,maroon,maroon,9
ENSG00000141101,mistyrose,mistyrose,10
ENSG00000141127,dimgrey,dimgrey,4
ENSG00000141179,lightgrey,lightgrey,8
ENSG00000141198,dimgrey,dimgrey,4
ENSG00000141219,darkgrey,darkgrey,1
ENSG00000141232,dimgrey,dimgrey,4
ENSG00000141252,darkgrey,darkgrey,1
ENSG00000141258,darkgrey,darkgrey,1
ENSG00000141279,darkgrey,darkgrey,1
ENSG00000141294,firebrick,firebrick,5
ENSG00000141295,dimgrey,dimgrey,4
ENSG00000141298,dimgrey,dimgrey,4
ENSG00000141314,dimgrey,dimgrey,4
ENSG00000141337,darkgrey,darkgrey,1
ENSG00000141338,dimgrey,dimgrey,4
ENSG00000141349,dimgrey,dimgrey,4
ENSG00000141367,lightgrey,lightgrey,8
ENSG00000141376,darkgrey,darkgrey,1
ENSG00000141378,dimgrey,dimgrey,4
ENSG00000141380,dimgrey,dimgrey,4
ENSG00000141384,dimgrey,dimgrey,4
ENSG00000141385,darkgrey,darkgrey,1
ENSG00000141391,darkgrey,darkgrey,1
ENSG00000141401,dimgrey,dimgrey,4
ENSG00000141404,dimgrey,dimgrey,4
ENSG00000141424,darkgrey,darkgrey,1
ENSG00000141425,dimgrey,dimgrey,4
ENSG00000141428,dimgrey,dimgrey,4
ENSG00000141429,darkgrey,darkgrey,1
ENSG00000141441,darkgrey,darkgrey,1
ENSG00000141446,darkgrey,darkgrey,1
ENSG00000141447,darkgrey,darkgrey,1
ENSG00000141448,dimgrey,dimgrey,4
ENSG00000141449,darkgrey,darkgrey,1
ENSG00000141452,dimgrey,dimgrey,4
ENSG00000141456,whitesmoke,whitesmoke,13
ENSG00000141458,darkgrey,darkgrey,1
ENSG00000141469,darkgrey,darkgrey,1
ENSG00000141480,darkgrey,darkgrey,1
ENSG00000141499,darkgrey,darkgrey,1
ENSG00000141503,indianred,indianred,6
ENSG00000141504,whitesmoke,whitesmoke,13
ENSG00000141505,darkgrey,darkgrey,1
ENSG00000141510,brown,brown,0
ENSG00000141522,maroon,maroon,9
ENSG00000141524,whitesmoke,whitesmoke,13
ENSG00000141526,darkgrey,darkgrey,1
ENSG00000141540,lightcoral,lightcoral,7
ENSG00000141542,dimgrey,dimgrey,4
ENSG00000141543,dimgrey,dimgrey,4
ENSG00000141551,whitesmoke,whitesmoke,13
ENSG00000141552,dimgrey,dimgrey,4
ENSG00000141556,darkgrey,darkgrey,1
ENSG00000141560,dimgrey,dimgrey,4
ENSG00000141562,whitesmoke,whitesmoke,13
ENSG00000141564,dimgrey,dimgrey,4
ENSG00000141568,darkgrey,darkgrey,1
ENSG00000141569,darkgrey,darkgrey,1
ENSG00000141570,brown,brown,0
ENSG00000141574,darkgrey,darkgrey,1
ENSG00000141576,dimgrey,dimgrey,4
ENSG00000141577,dimgrey,dimgrey,4
ENSG00000141580,indianred,indianred,6
ENSG00000141582,darkgrey,darkgrey,1
ENSG00000141627,dimgrey,dimgrey,4
ENSG00000141642,lightcoral,lightcoral,7
ENSG00000141644,whitesmoke,whitesmoke,13
ENSG00000141646,dimgrey,dimgrey,4
ENSG00000141655,darkgrey,darkgrey,1
ENSG00000141664,lightcoral,lightcoral,7
ENSG00000141665,brown,brown,0
ENSG00000141682,dimgrey,dimgrey,4
ENSG00000141696,darkgrey,darkgrey,1
ENSG00000141698,dimgrey,dimgrey,4
ENSG00000141699,whitesmoke,whitesmoke,13
ENSG00000141736,darkgrey,darkgrey,1
ENSG00000141738,red,red,11
ENSG00000141741,dimgrey,dimgrey,4
ENSG00000141753,darkgrey,darkgrey,1
ENSG00000141756,dimgrey,dimgrey,4
ENSG00000141759,dimgrey,dimgrey,4
ENSG00000141837,brown,brown,0
ENSG00000141858,darkgrey,darkgrey,1
ENSG00000141867,whitesmoke,whitesmoke,13
ENSG00000141873,darkgrey,darkgrey,1
ENSG00000141905,lightgrey,lightgrey,8
ENSG00000141934,darkgrey,darkgrey,1
ENSG00000141956,darkgrey,darkgrey,1
ENSG00000141959,darkgrey,darkgrey,1
ENSG00000141965,dimgrey,dimgrey,4
ENSG00000141971,darkgrey,darkgrey,1
ENSG00000141985,darkgrey,darkgrey,1
ENSG00000141994,dimgrey,dimgrey,4
ENSG00000142002,dimgrey,dimgrey,4
ENSG00000142039,dimgrey,dimgrey,4
ENSG00000142046,brown,brown,0
ENSG00000142065,darkgrey,darkgrey,1
ENSG00000142082,darkgrey,darkgrey,1
ENSG00000142089,red,red,11
ENSG00000142102,maroon,maroon,9
ENSG00000142156,darkgrey,darkgrey,1
ENSG00000142166,whitesmoke,whitesmoke,13
ENSG00000142168,dimgrey,dimgrey,4
ENSG00000142173,darkgrey,darkgrey,1
ENSG00000142186,dimgrey,dimgrey,4
ENSG00000142188,dimgrey,dimgrey,4
ENSG00000142192,dimgrey,dimgrey,4
ENSG00000142197,dimgrey,dimgrey,4
ENSG00000142207,darkgrey,darkgrey,1
ENSG00000142208,maroon,maroon,9
ENSG00000142227,dimgrey,dimgrey,4
ENSG00000142230,dimgrey,dimgrey,4
ENSG00000142235,darkgrey,darkgrey,1
ENSG00000142252,dimgrey,dimgrey,4
ENSG00000142279,darkgrey,darkgrey,1
ENSG00000142303,brown,brown,0
ENSG00000142327,darkgrey,darkgrey,1
ENSG00000142330,lightcoral,lightcoral,7
ENSG00000142347,firebrick,firebrick,5
ENSG00000142396,darkgrey,darkgrey,1
ENSG00000142408,darkgrey,darkgrey,1
ENSG00000142409,darkgrey,darkgrey,1
ENSG00000142444,dimgrey,dimgrey,4
ENSG00000142459,darkgrey,darkgrey,1
ENSG00000142507,darkgrey,darkgrey,1
ENSG00000142528,lightcoral,lightcoral,7
ENSG00000142534,dimgrey,dimgrey,4
ENSG00000142541,dimgrey,dimgrey,4
ENSG00000142544,dimgrey,dimgrey,4
ENSG00000142546,darkgrey,darkgrey,1
ENSG00000142552,darkgrey,darkgrey,1
ENSG00000142556,indianred,indianred,6
ENSG00000142599,darkgrey,darkgrey,1
ENSG00000142611,dimgrey,dimgrey,4
ENSG00000142627,dimgrey,dimgrey,4
ENSG00000142634,dimgrey,dimgrey,4
ENSG00000142655,dimgrey,dimgrey,4
ENSG00000142657,dimgrey,dimgrey,4
ENSG00000142669,dimgrey,dimgrey,4
ENSG00000142676,dimgrey,dimgrey,4
ENSG00000142677,darkgrey,darkgrey,1
ENSG00000142686,darkgrey,darkgrey,1
ENSG00000142687,darkgrey,darkgrey,1
ENSG00000142731,dimgrey,dimgrey,4
ENSG00000142733,brown,brown,0
ENSG00000142751,lightgrey,lightgrey,8
ENSG00000142784,dimgrey,dimgrey,4
ENSG00000142798,darkgrey,darkgrey,1
ENSG00000142856,whitesmoke,whitesmoke,13
ENSG00000142864,darkgrey,darkgrey,1
ENSG00000142867,indianred,indianred,6
ENSG00000142871,darkgrey,darkgrey,1
ENSG00000142875,dimgrey,dimgrey,4
ENSG00000142892,dimgrey,dimgrey,4
ENSG00000142910,darkgrey,darkgrey,1
ENSG00000142920,darkgrey,darkgrey,1
ENSG00000142937,dimgrey,dimgrey,4
ENSG00000142945,dimgrey,dimgrey,4
ENSG00000142949,red,red,11
ENSG00000142961,lightgrey,lightgrey,8
ENSG00000143013,dimgrey,dimgrey,4
ENSG00000143028,darkgrey,darkgrey,1
ENSG00000143033,dimgrey,dimgrey,4
ENSG00000143036,indianred,indianred,6
ENSG00000143067,dimgrey,dimgrey,4
ENSG00000143079,dimgrey,dimgrey,4
ENSG00000143093,darkgrey,darkgrey,1
ENSG00000143106,dimgrey,dimgrey,4
ENSG00000143126,darkgrey,darkgrey,1
ENSG00000143127,snow,snow,12
ENSG00000143147,dimgrey,dimgrey,4
ENSG00000143149,darkgrey,darkgrey,1
ENSG00000143153,lightcoral,lightcoral,7
ENSG00000143155,dimgrey,dimgrey,4
ENSG00000143156,dimgrey,dimgrey,4
ENSG00000143157,dimgrey,dimgrey,4
ENSG00000143158,dimgrey,dimgrey,4
ENSG00000143162,dimgrey,dimgrey,4
ENSG00000143164,dimgrey,dimgrey,4
ENSG00000143178,lightcoral,lightcoral,7
ENSG00000143179,darkgrey,darkgrey,1
ENSG00000143183,dimgrey,dimgrey,4
ENSG00000143190,lightgrey,lightgrey,8
ENSG00000143198,whitesmoke,whitesmoke,13
ENSG00000143207,darkgrey,darkgrey,1
ENSG00000143222,darkgrey,darkgrey,1
ENSG00000143224,dimgrey,dimgrey,4
ENSG00000143226,darkgrey,darkgrey,1
ENSG00000143228,darkgrey,darkgrey,1
ENSG00000143248,indianred,indianred,6
ENSG00000143252,whitesmoke,whitesmoke,13
ENSG00000143256,dimgrey,dimgrey,4
ENSG00000143258,dimgrey,dimgrey,4
ENSG00000143294,dimgrey,dimgrey,4
ENSG00000143303,darkgrey,darkgrey,1
ENSG00000143314,darkgrey,darkgrey,1
ENSG00000143315,darkgrey,darkgrey,1
ENSG00000143319,darkgrey,darkgrey,1
ENSG00000143320,darkgrey,darkgrey,1
ENSG00000143321,darkgrey,darkgrey,1
ENSG00000143322,darkgrey,darkgrey,1
ENSG00000143324,lightgrey,lightgrey,8
ENSG00000143337,darkgrey,darkgrey,1
ENSG00000143341,darkgrey,darkgrey,1
ENSG00000143344,indianred,indianred,6
ENSG00000143353,dimgrey,dimgrey,4
ENSG00000143363,darkgrey,darkgrey,1
ENSG00000143367,darkgrey,darkgrey,1
ENSG00000143368,dimgrey,dimgrey,4
ENSG00000143369,dimgrey,dimgrey,4
ENSG00000143374,darkgrey,darkgrey,1
ENSG00000143376,darkgrey,darkgrey,1
ENSG00000143379,darkgrey,darkgrey,1
ENSG00000143382,darkgrey,darkgrey,1
ENSG00000143384,darkgrey,darkgrey,1
ENSG00000143387,dimgrey,dimgrey,4
ENSG00000143390,dimgrey,dimgrey,4
ENSG00000143393,dimgrey,dimgrey,4
ENSG00000143398,darkgrey,darkgrey,1
ENSG00000143401,lightgrey,lightgrey,8
ENSG00000143409,darkgrey,darkgrey,1
ENSG00000143416,dimgrey,dimgrey,4
ENSG00000143418,dimgrey,dimgrey,4
ENSG00000143420,whitesmoke,whitesmoke,13
ENSG00000143434,darkgrey,darkgrey,1
ENSG00000143436,dimgrey,dimgrey,4
ENSG00000143437,darkgrey,darkgrey,1
ENSG00000143442,dimgrey,dimgrey,4
ENSG00000143443,dimgrey,dimgrey,4
ENSG00000143450,brown,brown,0
ENSG00000143457,dimgrey,dimgrey,4
ENSG00000143458,darkgrey,darkgrey,1
ENSG00000143469,brown,brown,0
ENSG00000143476,darkgrey,darkgrey,1
ENSG00000143479,darkgrey,darkgrey,1
ENSG00000143486,darkgrey,darkgrey,1
ENSG00000143493,darkgrey,darkgrey,1
ENSG00000143494,indianred,indianred,6
ENSG00000143498,darkgrey,darkgrey,1
ENSG00000143499,dimgrey,dimgrey,4
ENSG00000143502,brown,brown,0
ENSG00000143507,dimgrey,dimgrey,4
ENSG00000143514,dimgrey,dimgrey,4
ENSG00000143515,darkgrey,darkgrey,1
ENSG00000143537,dimgrey,dimgrey,4
ENSG00000143543,dimgrey,dimgrey,4
ENSG00000143545,whitesmoke,whitesmoke,13
ENSG00000143549,dimgrey,dimgrey,4
ENSG00000143552,darkgrey,darkgrey,1
ENSG00000143553,dimgrey,dimgrey,4
ENSG00000143554,whitesmoke,whitesmoke,13
ENSG00000143569,indianred,indianred,6
ENSG00000143575,dimgrey,dimgrey,4
ENSG00000143578,darkgrey,darkgrey,1
ENSG00000143590,dimgrey,dimgrey,4
ENSG00000143612,dimgrey,dimgrey,4
ENSG00000143614,lightgrey,lightgrey,8
ENSG00000143621,darkgrey,darkgrey,1
ENSG00000143622,lightgrey,lightgrey,8
ENSG00000143624,darkgrey,darkgrey,1
ENSG00000143633,whitesmoke,whitesmoke,13
ENSG00000143641,dimgrey,dimgrey,4
ENSG00000143643,dimgrey,dimgrey,4
ENSG00000143653,dimgrey,dimgrey,4
ENSG00000143669,darkgrey,darkgrey,1
ENSG00000143702,firebrick,firebrick,5
ENSG00000143727,dimgrey,dimgrey,4
ENSG00000143740,dimgrey,dimgrey,4
ENSG00000143742,dimgrey,dimgrey,4
ENSG00000143748,dimgrey,dimgrey,4
ENSG00000143751,dimgrey,dimgrey,4
ENSG00000143753,dimgrey,dimgrey,4
ENSG00000143756,dimgrey,dimgrey,4
ENSG00000143761,indianred,indianred,6
ENSG00000143771,dimgrey,dimgrey,4
ENSG00000143772,darkgrey,darkgrey,1
ENSG00000143774,dimgrey,dimgrey,4
ENSG00000143776,dimgrey,dimgrey,4
ENSG00000143786,darkgrey,darkgrey,1
ENSG00000143793,dimgrey,dimgrey,4
ENSG00000143797,darkgrey,darkgrey,1
ENSG00000143799,mistyrose,mistyrose,10
ENSG00000143801,dimgrey,dimgrey,4
ENSG00000143811,lightgrey,lightgrey,8
ENSG00000143815,dimgrey,dimgrey,4
ENSG00000143816,darkgrey,darkgrey,1
ENSG00000143819,dimgrey,dimgrey,4
ENSG00000143839,indianred,indianred,6
ENSG00000143842,dimgrey,dimgrey,4
ENSG00000143845,dimgrey,dimgrey,4
ENSG00000143847,darkgrey,darkgrey,1
ENSG00000143850,darkgrey,darkgrey,1
ENSG00000143858,dimgrey,dimgrey,4
ENSG00000143862,dimgrey,dimgrey,4
ENSG00000143867,darkgrey,darkgrey,1
ENSG00000143870,whitesmoke,whitesmoke,13
ENSG00000143878,dimgrey,dimgrey,4
ENSG00000143889,dimgrey,dimgrey,4
ENSG00000143891,darkgrey,darkgrey,1
ENSG00000143919,dimgrey,dimgrey,4
ENSG00000143924,lightgrey,lightgrey,8
ENSG00000143933,dimgrey,dimgrey,4
ENSG00000143942,brown,brown,0
ENSG00000143947,lightgrey,lightgrey,8
ENSG00000143951,darkgrey,darkgrey,1
ENSG00000143952,red,red,11
ENSG00000143970,darkgrey,darkgrey,1
ENSG00000143971,dimgrey,dimgrey,4
ENSG00000143977,lightgrey,lightgrey,8
ENSG00000143995,maroon,maroon,9
ENSG00000144021,dimgrey,dimgrey,4
ENSG00000144026,lightgrey,lightgrey,8
ENSG00000144028,darkgrey,darkgrey,1
ENSG00000144029,dimgrey,dimgrey,4
ENSG00000144031,brown,brown,0
ENSG00000144034,dimgrey,dimgrey,4
ENSG00000144036,darkgrey,darkgrey,1
ENSG00000144040,darkgrey,darkgrey,1
ENSG00000144043,indianred,indianred,6
ENSG00000144061,dimgrey,dimgrey,4
ENSG00000144118,whitesmoke,whitesmoke,13
ENSG00000144120,dimgrey,dimgrey,4
ENSG00000144134,darkgrey,darkgrey,1
ENSG00000144136,mistyrose,mistyrose,10
ENSG00000144152,dimgrey,dimgrey,4
ENSG00000144161,lightgrey,lightgrey,8
ENSG00000144182,brown,brown,0
ENSG00000144218,brown,brown,0
ENSG00000144224,brown,brown,0
ENSG00000144228,dimgrey,dimgrey,4
ENSG00000144231,lightgrey,lightgrey,8
ENSG00000144233,dimgrey,dimgrey,4
ENSG00000144283,darkgrey,darkgrey,1
ENSG00000144306,whitesmoke,whitesmoke,13
ENSG00000144320,darkgrey,darkgrey,1
ENSG00000144339,maroon,maroon,9
ENSG00000144354,darkgrey,darkgrey,1
ENSG00000144357,dimgrey,dimgrey,4
ENSG00000144362,dimgrey,dimgrey,4
ENSG00000144366,dimgrey,dimgrey,4
ENSG00000144369,dimgrey,dimgrey,4
ENSG00000144381,dimgrey,dimgrey,4
ENSG00000144395,snow,snow,12
ENSG00000144401,dimgrey,dimgrey,4
ENSG00000144426,dimgrey,dimgrey,4
ENSG00000144445,dimgrey,dimgrey,4
ENSG00000144451,darkgrey,darkgrey,1
ENSG00000144455,whitesmoke,whitesmoke,13
ENSG00000144468,whitesmoke,whitesmoke,13
ENSG00000144485,brown,brown,0
ENSG00000144488,darkgrey,darkgrey,1
ENSG00000144504,dimgrey,dimgrey,4
ENSG00000144524,mistyrose,mistyrose,10
ENSG00000144535,whitesmoke,whitesmoke,13
ENSG00000144554,dimgrey,dimgrey,4
ENSG00000144559,darkgrey,darkgrey,1
ENSG00000144560,darkgrey,darkgrey,1
ENSG00000144566,dimgrey,dimgrey,4
ENSG00000144567,dimgrey,dimgrey,4
ENSG00000144579,darkgrey,darkgrey,1
ENSG00000144580,darkgrey,darkgrey,1
ENSG00000144583,dimgrey,dimgrey,4
ENSG00000144589,darkgrey,darkgrey,1
ENSG00000144591,darkgrey,darkgrey,1
ENSG00000144597,dimgrey,dimgrey,4
ENSG00000144635,darkgrey,darkgrey,1
ENSG00000144642,darkgrey,darkgrey,1
ENSG00000144645,darkgrey,darkgrey,1
ENSG00000144647,darkgrey,darkgrey,1
ENSG00000144655,darkgrey,darkgrey,1
ENSG00000144659,darkgrey,darkgrey,1
ENSG00000144671,indianred,indianred,6
ENSG00000144674,snow,snow,12
ENSG00000144677,dimgrey,dimgrey,4
ENSG00000144681,dimgrey,dimgrey,4
ENSG00000144711,darkgrey,darkgrey,1
ENSG00000144713,dimgrey,dimgrey,4
ENSG00000144724,dimgrey,dimgrey,4
ENSG00000144730,darkgrey,darkgrey,1
ENSG00000144736,indianred,indianred,6
ENSG00000144741,dimgrey,dimgrey,4
ENSG00000144744,dimgrey,dimgrey,4
ENSG00000144746,darkgrey,darkgrey,1
ENSG00000144747,brown,brown,0
ENSG00000144791,dimgrey,dimgrey,4
ENSG00000144802,lightgrey,lightgrey,8
ENSG00000144810,dimgrey,dimgrey,4
ENSG00000144815,darkgrey,darkgrey,1
ENSG00000144821,dimgrey,dimgrey,4
ENSG00000144824,darkgrey,darkgrey,1
ENSG00000144827,darkgrey,darkgrey,1
ENSG00000144834,maroon,maroon,9
ENSG00000144840,snow,snow,12
ENSG00000144843,dimgrey,dimgrey,4
ENSG00000144848,dimgrey,dimgrey,4
ENSG00000144857,indianred,indianred,6
ENSG00000144867,dimgrey,dimgrey,4
ENSG00000144891,brown,brown,0
ENSG00000144893,whitesmoke,whitesmoke,13
ENSG00000144895,dimgrey,dimgrey,4
ENSG00000144909,dimgrey,dimgrey,4
ENSG00000144935,whitesmoke,whitesmoke,13
ENSG00000144959,lightcoral,lightcoral,7
ENSG00000145012,whitesmoke,whitesmoke,13
ENSG00000145014,brown,brown,0
ENSG00000145016,dimgrey,dimgrey,4
ENSG00000145022,dimgrey,dimgrey,4
ENSG00000145041,darkgrey,darkgrey,1
ENSG00000145050,darkgrey,darkgrey,1
ENSG00000145147,darkgrey,darkgrey,1
ENSG00000145191,darkgrey,darkgrey,1
ENSG00000145214,darkgrey,darkgrey,1
ENSG00000145216,dimgrey,dimgrey,4
ENSG00000145217,dimgrey,dimgrey,4
ENSG00000145220,dimgrey,dimgrey,4
ENSG00000145241,darkgrey,darkgrey,1
ENSG00000145242,dimgrey,dimgrey,4
ENSG00000145244,dimgrey,dimgrey,4
ENSG00000145246,indianred,indianred,6
ENSG00000145247,dimgrey,dimgrey,4
ENSG00000145284,dimgrey,dimgrey,4
ENSG00000145287,darkgrey,darkgrey,1
ENSG00000145293,dimgrey,dimgrey,4
ENSG00000145331,dimgrey,dimgrey,4
ENSG00000145332,mistyrose,mistyrose,10
ENSG00000145335,whitesmoke,whitesmoke,13
ENSG00000145348,dimgrey,dimgrey,4
ENSG00000145349,lightcoral,lightcoral,7
ENSG00000145354,whitesmoke,whitesmoke,13
ENSG00000145358,darkgrey,darkgrey,1
ENSG00000145362,darkgrey,darkgrey,1
ENSG00000145365,indianred,indianred,6
ENSG00000145375,dimgrey,dimgrey,4
ENSG00000145386,dimgrey,dimgrey,4
ENSG00000145388,whitesmoke,whitesmoke,13
ENSG00000145390,darkgrey,darkgrey,1
ENSG00000145391,dimgrey,dimgrey,4
ENSG00000145414,maroon,maroon,9
ENSG00000145416,dimgrey,dimgrey,4
ENSG00000145425,dimgrey,dimgrey,4
ENSG00000145431,darkgrey,darkgrey,1
ENSG00000145439,whitesmoke,whitesmoke,13
ENSG00000145476,dimgrey,dimgrey,4
ENSG00000145494,whitesmoke,whitesmoke,13
ENSG00000145495,snow,snow,12
ENSG00000145526,dimgrey,dimgrey,4
ENSG00000145545,dimgrey,dimgrey,4
ENSG00000145555,dimgrey,dimgrey,4
ENSG00000145569,dimgrey,dimgrey,4
ENSG00000145592,dimgrey,dimgrey,4
ENSG00000145604,indianred,indianred,6
ENSG00000145623,red,red,11
ENSG00000145632,darkgrey,darkgrey,1
ENSG00000145675,darkgrey,darkgrey,1
ENSG00000145685,darkgrey,darkgrey,1
ENSG00000145687,dimgrey,dimgrey,4
ENSG00000145703,darkgrey,darkgrey,1
ENSG00000145715,dimgrey,dimgrey,4
ENSG00000145723,dimgrey,dimgrey,4
ENSG00000145725,darkgrey,darkgrey,1
ENSG00000145730,dimgrey,dimgrey,4
ENSG00000145734,lightgrey,lightgrey,8
ENSG00000145740,dimgrey,dimgrey,4
ENSG00000145741,dimgrey,dimgrey,4
ENSG00000145743,darkgrey,darkgrey,1
ENSG00000145757,dimgrey,dimgrey,4
ENSG00000145777,dimgrey,dimgrey,4
ENSG00000145779,whitesmoke,whitesmoke,13
ENSG00000145780,dimgrey,dimgrey,4
ENSG00000145781,dimgrey,dimgrey,4
ENSG00000145782,darkgrey,darkgrey,1
ENSG00000145808,dimgrey,dimgrey,4
ENSG00000145817,dimgrey,dimgrey,4
ENSG00000145819,darkgrey,darkgrey,1
ENSG00000145824,darkgrey,darkgrey,1
ENSG00000145833,lightgrey,lightgrey,8
ENSG00000145860,darkgrey,darkgrey,1
ENSG00000145861,dimgrey,dimgrey,4
ENSG00000145868,dimgrey,dimgrey,4
ENSG00000145882,darkgrey,darkgrey,1
ENSG00000145901,darkgrey,darkgrey,1
ENSG00000145907,darkgrey,darkgrey,1
ENSG00000145908,darkgrey,darkgrey,1
ENSG00000145912,dimgrey,dimgrey,4
ENSG00000145916,darkgrey,darkgrey,1
ENSG00000145919,dimgrey,dimgrey,4
ENSG00000145934,dimgrey,dimgrey,4
ENSG00000145945,dimgrey,dimgrey,4
ENSG00000145979,darkgrey,darkgrey,1
ENSG00000145982,dimgrey,dimgrey,4
ENSG00000145990,darkgrey,darkgrey,1
ENSG00000145996,dimgrey,dimgrey,4
ENSG00000146006,darkgrey,darkgrey,1
ENSG00000146007,darkgrey,darkgrey,1
ENSG00000146021,firebrick,firebrick,5
ENSG00000146054,dimgrey,dimgrey,4
ENSG00000146063,indianred,indianred,6
ENSG00000146066,lightgrey,lightgrey,8
ENSG00000146067,darkgrey,darkgrey,1
ENSG00000146072,darkgrey,darkgrey,1
ENSG00000146083,snow,snow,12
ENSG00000146085,firebrick,firebrick,5
ENSG00000146094,dimgrey,dimgrey,4
ENSG00000146122,darkgrey,darkgrey,1
ENSG00000146143,dimgrey,dimgrey,4
ENSG00000146197,lightgrey,lightgrey,8
ENSG00000146205,dimgrey,dimgrey,4
ENSG00000146223,brown,brown,0
ENSG00000146232,dimgrey,dimgrey,4
ENSG00000146243,dimgrey,dimgrey,4
ENSG00000146247,lightgrey,lightgrey,8
ENSG00000146250,brown,brown,0
ENSG00000146263,darkgrey,darkgrey,1
ENSG00000146267,indianred,indianred,6
ENSG00000146278,darkgrey,darkgrey,1
ENSG00000146281,brown,brown,0
ENSG00000146282,maroon,maroon,9
ENSG00000146350,darkgrey,darkgrey,1
ENSG00000146373,darkgrey,darkgrey,1
ENSG00000146374,brown,brown,0
ENSG00000146376,darkred,darkred,2
ENSG00000146386,lightgrey,lightgrey,8
ENSG00000146409,snow,snow,12
ENSG00000146410,dimgrey,dimgrey,4
ENSG00000146411,dimgrey,dimgrey,4
ENSG00000146414,darkgrey,darkgrey,1
ENSG00000146416,dimgrey,dimgrey,4
ENSG00000146425,dimgrey,dimgrey,4
ENSG00000146426,maroon,maroon,9
ENSG00000146433,indianred,indianred,6
ENSG00000146457,dimgrey,dimgrey,4
ENSG00000146463,darkgrey,darkgrey,1
ENSG00000146476,dimgrey,dimgrey,4
ENSG00000146535,darkgrey,darkgrey,1
ENSG00000146540,darkgrey,darkgrey,1
ENSG00000146574,lightgrey,lightgrey,8
ENSG00000146576,darkgrey,darkgrey,1
ENSG00000146587,darkgrey,darkgrey,1
ENSG00000146592,darkgrey,darkgrey,1
ENSG00000146648,whitesmoke,whitesmoke,13
ENSG00000146670,dimgrey,dimgrey,4
ENSG00000146674,dimgrey,dimgrey,4
ENSG00000146676,dimgrey,dimgrey,4
ENSG00000146700,indianred,indianred,6
ENSG00000146701,darkgrey,darkgrey,1
ENSG00000146707,dimgrey,dimgrey,4
ENSG00000146729,dimgrey,dimgrey,4
ENSG00000146731,dimgrey,dimgrey,4
ENSG00000146733,dimgrey,dimgrey,4
ENSG00000146757,dimgrey,dimgrey,4
ENSG00000146776,darkgrey,darkgrey,1
ENSG00000146802,whitesmoke,whitesmoke,13
ENSG00000146826,darkgrey,darkgrey,1
ENSG00000146828,darkgrey,darkgrey,1
ENSG00000146830,darkgrey,darkgrey,1
ENSG00000146833,dimgrey,dimgrey,4
ENSG00000146842,dimgrey,dimgrey,4
ENSG00000146856,dimgrey,dimgrey,4
ENSG00000146858,darkgrey,darkgrey,1
ENSG00000146859,dimgrey,dimgrey,4
ENSG00000146872,darkgrey,darkgrey,1
ENSG00000146909,dimgrey,dimgrey,4
ENSG00000146918,dimgrey,dimgrey,4
ENSG00000146950,dimgrey,dimgrey,4
ENSG00000146963,whitesmoke,whitesmoke,13
ENSG00000146966,darkgrey,darkgrey,1
ENSG00000147010,darkred,darkred,2
ENSG00000147027,indianred,indianred,6
ENSG00000147041,lightgrey,lightgrey,8
ENSG00000147044,dimgrey,dimgrey,4
ENSG00000147050,lightcoral,lightcoral,7
ENSG00000147059,darkgrey,darkgrey,1
ENSG00000147065,darkgrey,darkgrey,1
ENSG00000147099,darkgrey,darkgrey,1
ENSG00000147100,dimgrey,dimgrey,4
ENSG00000147118,darkgrey,darkgrey,1
ENSG00000147119,dimgrey,dimgrey,4
ENSG00000147121,dimgrey,dimgrey,4
ENSG00000147123,dimgrey,dimgrey,4
ENSG00000147124,snow,snow,12
ENSG00000147130,darkgrey,darkgrey,1
ENSG00000147133,darkgrey,darkgrey,1
ENSG00000147140,dimgrey,dimgrey,4
ENSG00000147145,indianred,indianred,6
ENSG00000147155,whitesmoke,whitesmoke,13
ENSG00000147162,dimgrey,dimgrey,4
ENSG00000147164,dimgrey,dimgrey,4
ENSG00000147166,lightgrey,lightgrey,8
ENSG00000147174,firebrick,firebrick,5
ENSG00000147180,snow,snow,12
ENSG00000147202,darkgrey,darkgrey,1
ENSG00000147224,dimgrey,dimgrey,4
ENSG00000147231,maroon,maroon,9
ENSG00000147251,dimgrey,dimgrey,4
ENSG00000147274,whitesmoke,whitesmoke,13
ENSG00000147316,brown,brown,0
ENSG00000147364,darkgrey,darkgrey,1
ENSG00000147383,maroon,maroon,9
ENSG00000147400,dimgrey,dimgrey,4
ENSG00000147403,dimgrey,dimgrey,4
ENSG00000147408,dimgrey,dimgrey,4
ENSG00000147416,darkgrey,darkgrey,1
ENSG00000147419,darkgrey,darkgrey,1
ENSG00000147421,dimgrey,dimgrey,4
ENSG00000147437,brown,brown,0
ENSG00000147439,dimgrey,dimgrey,4
ENSG00000147454,darkgrey,darkgrey,1
ENSG00000147457,darkgrey,darkgrey,1
ENSG00000147459,darkgrey,darkgrey,1
ENSG00000147465,dimgrey,dimgrey,4
ENSG00000147471,darkgrey,darkgrey,1
ENSG00000147475,indianred,indianred,6
ENSG00000147488,darkgrey,darkgrey,1
ENSG00000147509,dimgrey,dimgrey,4
ENSG00000147526,darkgrey,darkgrey,1
ENSG00000147533,maroon,maroon,9
ENSG00000147535,dimgrey,dimgrey,4
ENSG00000147536,dimgrey,dimgrey,4
ENSG00000147548,dimgrey,dimgrey,4
ENSG00000147571,dimgrey,dimgrey,4
ENSG00000147573,dimgrey,dimgrey,4
ENSG00000147576,lightcoral,lightcoral,7
ENSG00000147586,dimgrey,dimgrey,4
ENSG00000147592,firebrick,firebrick,5
ENSG00000147601,dimgrey,dimgrey,4
ENSG00000147604,dimgrey,dimgrey,4
ENSG00000147642,dimgrey,dimgrey,4
ENSG00000147649,dimgrey,dimgrey,4
ENSG00000147650,darkgrey,darkgrey,1
ENSG00000147654,lightgrey,lightgrey,8
ENSG00000147669,dimgrey,dimgrey,4
ENSG00000147677,dimgrey,dimgrey,4
ENSG00000147679,dimgrey,dimgrey,4
ENSG00000147684,dimgrey,dimgrey,4
ENSG00000147687,dimgrey,dimgrey,4
ENSG00000147789,dimgrey,dimgrey,4
ENSG00000147799,brown,brown,0
ENSG00000147804,dimgrey,dimgrey,4
ENSG00000147813,maroon,maroon,9
ENSG00000147852,snow,snow,12
ENSG00000147853,dimgrey,dimgrey,4
ENSG00000147854,darkgrey,darkgrey,1
ENSG00000147862,lightgrey,lightgrey,8
ENSG00000147872,darkgrey,darkgrey,1
ENSG00000147874,lightgrey,lightgrey,8
ENSG00000147883,darkgrey,darkgrey,1
ENSG00000147889,darkgrey,darkgrey,1
ENSG00000147894,brown,brown,0
ENSG00000147905,darkred,darkred,2
ENSG00000147912,darkgrey,darkgrey,1
ENSG00000147955,darkgrey,darkgrey,1
ENSG00000147996,dimgrey,dimgrey,4
ENSG00000148019,darkgrey,darkgrey,1
ENSG00000148057,lightgrey,lightgrey,8
ENSG00000148082,brown,brown,0
ENSG00000148090,dimgrey,dimgrey,4
ENSG00000148110,dimgrey,dimgrey,4
ENSG00000148120,dimgrey,dimgrey,4
ENSG00000148143,dimgrey,dimgrey,4
ENSG00000148153,darkred,darkred,2
ENSG00000148154,darkgrey,darkgrey,1
ENSG00000148158,dimgrey,dimgrey,4
ENSG00000148175,dimgrey,dimgrey,4
ENSG00000148180,darkgrey,darkgrey,1
ENSG00000148187,dimgrey,dimgrey,4
ENSG00000148200,darkred,darkred,2
ENSG00000148218,dimgrey,dimgrey,4
ENSG00000148219,lightgrey,lightgrey,8
ENSG00000148225,darkgrey,darkgrey,1
ENSG00000148229,lightgrey,lightgrey,8
ENSG00000148248,darkgrey,darkgrey,1
ENSG00000148288,dimgrey,dimgrey,4
ENSG00000148290,dimgrey,dimgrey,4
ENSG00000148291,dimgrey,dimgrey,4
ENSG00000148296,dimgrey,dimgrey,4
ENSG00000148300,darkgrey,darkgrey,1
ENSG00000148303,dimgrey,dimgrey,4
ENSG00000148308,dimgrey,dimgrey,4
ENSG00000148331,darkgrey,darkgrey,1
ENSG00000148334,darkgrey,darkgrey,1
ENSG00000148335,dimgrey,dimgrey,4
ENSG00000148337,darkgrey,darkgrey,1
ENSG00000148339,darkgrey,darkgrey,1
ENSG00000148341,darkgrey,darkgrey,1
ENSG00000148343,darkgrey,darkgrey,1
ENSG00000148344,darkgrey,darkgrey,1
ENSG00000148356,darkgrey,darkgrey,1
ENSG00000148358,darkgrey,darkgrey,1
ENSG00000148384,darkgrey,darkgrey,1
ENSG00000148396,darkgrey,darkgrey,1
ENSG00000148399,darkgrey,darkgrey,1
ENSG00000148400,dimgrey,dimgrey,4
ENSG00000148411,brown,brown,0
ENSG00000148426,maroon,maroon,9
ENSG00000148429,darkgrey,darkgrey,1
ENSG00000148444,dimgrey,dimgrey,4
ENSG00000148450,darkgrey,darkgrey,1
ENSG00000148459,lightcoral,lightcoral,7
ENSG00000148468,darkgrey,darkgrey,1
ENSG00000148481,dimgrey,dimgrey,4
ENSG00000148484,lightcoral,lightcoral,7
ENSG00000148498,dimgrey,dimgrey,4
ENSG00000148516,whitesmoke,whitesmoke,13
ENSG00000148541,darkgrey,darkgrey,1
ENSG00000148572,darkgrey,darkgrey,1
ENSG00000148606,snow,snow,12
ENSG00000148634,darkgrey,darkgrey,1
ENSG00000148655,dimgrey,dimgrey,4
ENSG00000148660,lightgrey,lightgrey,8
ENSG00000148672,darkgrey,darkgrey,1
ENSG00000148677,darkgrey,darkgrey,1
ENSG00000148680,dimgrey,dimgrey,4
ENSG00000148688,dimgrey,dimgrey,4
ENSG00000148690,lightgrey,lightgrey,8
ENSG00000148700,firebrick,firebrick,5
ENSG00000148719,dimgrey,dimgrey,4
ENSG00000148730,dimgrey,dimgrey,4
ENSG00000148737,lightgrey,lightgrey,8
ENSG00000148773,darkred,darkred,2
ENSG00000148798,lightgrey,lightgrey,8
ENSG00000148803,darkgrey,darkgrey,1
ENSG00000148814,darkgrey,darkgrey,1
ENSG00000148824,dimgrey,dimgrey,4
ENSG00000148832,darkgrey,darkgrey,1
ENSG00000148834,dimgrey,dimgrey,4
ENSG00000148835,dimgrey,dimgrey,4
ENSG00000148840,lightgrey,lightgrey,8
ENSG00000148841,dimgrey,dimgrey,4
ENSG00000148842,dimgrey,dimgrey,4
ENSG00000148843,darkred,darkred,2
ENSG00000148848,darkgrey,darkgrey,1
ENSG00000148908,dimgrey,dimgrey,4
ENSG00000148925,whitesmoke,whitesmoke,13
ENSG00000148926,dimgrey,dimgrey,4
ENSG00000148935,dimgrey,dimgrey,4
ENSG00000148943,dimgrey,dimgrey,4
ENSG00000148948,darkred,darkred,2
ENSG00000148950,dimgrey,dimgrey,4
ENSG00000148985,darkgrey,darkgrey,1
ENSG00000149016,dimgrey,dimgrey,4
ENSG00000149050,darkgrey,darkgrey,1
ENSG00000149054,darkgrey,darkgrey,1
ENSG00000149084,dimgrey,dimgrey,4
ENSG00000149089,dimgrey,dimgrey,4
ENSG00000149090,dimgrey,dimgrey,4
ENSG00000149091,darkgrey,darkgrey,1
ENSG00000149100,dimgrey,dimgrey,4
ENSG00000149115,dimgrey,dimgrey,4
ENSG00000149131,darkgrey,darkgrey,1
ENSG00000149136,darkgrey,darkgrey,1
ENSG00000149150,darkgrey,darkgrey,1
ENSG00000149177,dimgrey,dimgrey,4
ENSG00000149179,snow,snow,12
ENSG00000149182,dimgrey,dimgrey,4
ENSG00000149187,whitesmoke,whitesmoke,13
ENSG00000149196,dimgrey,dimgrey,4
ENSG00000149201,darkgrey,darkgrey,1
ENSG00000149212,indianred,indianred,6
ENSG00000149218,dimgrey,dimgrey,4
ENSG00000149231,snow,snow,12
ENSG00000149243,brown,brown,0
ENSG00000149256,darkgrey,darkgrey,1
ENSG00000149257,darkgrey,darkgrey,1
ENSG00000149260,dimgrey,dimgrey,4
ENSG00000149262,dimgrey,dimgrey,4
ENSG00000149269,darkgrey,darkgrey,1
ENSG00000149273,dimgrey,dimgrey,4
ENSG00000149289,dimgrey,dimgrey,4
ENSG00000149292,dimgrey,dimgrey,4
ENSG00000149308,darkgrey,darkgrey,1
ENSG00000149311,firebrick,firebrick,5
ENSG00000149313,brown,brown,0
ENSG00000149346,dimgrey,dimgrey,4
ENSG00000149357,darkgrey,darkgrey,1
ENSG00000149380,dimgrey,dimgrey,4
ENSG00000149428,darkgrey,darkgrey,1
ENSG00000149451,firebrick,firebrick,5
ENSG00000149474,dimgrey,dimgrey,4
ENSG00000149476,dimgrey,dimgrey,4
ENSG00000149480,darkgrey,darkgrey,1
ENSG00000149483,dimgrey,dimgrey,4
ENSG00000149485,darkgrey,darkgrey,1
ENSG00000149489,dimgrey,dimgrey,4
ENSG00000149499,darkgrey,darkgrey,1
ENSG00000149503,darkgrey,darkgrey,1
ENSG00000149532,dimgrey,dimgrey,4
ENSG00000149541,darkgrey,darkgrey,1
ENSG00000149547,dimgrey,dimgrey,4
ENSG00000149548,dimgrey,dimgrey,4
ENSG00000149554,dimgrey,dimgrey,4
ENSG00000149557,darkgrey,darkgrey,1
ENSG00000149564,brown,brown,0
ENSG00000149571,maroon,maroon,9
ENSG00000149575,firebrick,firebrick,5
ENSG00000149577,darkgrey,darkgrey,1
ENSG00000149582,dimgrey,dimgrey,4
ENSG00000149591,dimgrey,dimgrey,4
ENSG00000149596,darkgrey,darkgrey,1
ENSG00000149600,dimgrey,dimgrey,4
ENSG00000149609,darkgrey,darkgrey,1
ENSG00000149633,dimgrey,dimgrey,4
ENSG00000149636,darkgrey,darkgrey,1
ENSG00000149639,darkgrey,darkgrey,1
ENSG00000149657,whitesmoke,whitesmoke,13
ENSG00000149658,dimgrey,dimgrey,4
ENSG00000149679,dimgrey,dimgrey,4
ENSG00000149716,darkgrey,darkgrey,1
ENSG00000149743,dimgrey,dimgrey,4
ENSG00000149761,brown,brown,0
ENSG00000149781,brown,brown,0
ENSG00000149782,darkgrey,darkgrey,1
ENSG00000149792,dimgrey,dimgrey,4
ENSG00000149806,darkgrey,darkgrey,1
ENSG00000149809,dimgrey,dimgrey,4
ENSG00000149823,maroon,maroon,9
ENSG00000149922,brown,brown,0
ENSG00000149923,darkgrey,darkgrey,1
ENSG00000149929,dimgrey,dimgrey,4
ENSG00000149930,darkgrey,darkgrey,1
ENSG00000149932,dimgrey,dimgrey,4
ENSG00000149948,dimgrey,dimgrey,4
ENSG00000149968,dimgrey,dimgrey,4
ENSG00000150051,dimgrey,dimgrey,4
ENSG00000150093,darkgrey,darkgrey,1
ENSG00000150281,dimgrey,dimgrey,4
ENSG00000150316,brown,brown,0
ENSG00000150347,lightgrey,lightgrey,8
ENSG00000150401,dimgrey,dimgrey,4
ENSG00000150403,dimgrey,dimgrey,4
ENSG00000150433,dimgrey,dimgrey,4
ENSG00000150455,firebrick,firebrick,5
ENSG00000150456,dimgrey,dimgrey,4
ENSG00000150457,red,red,11
ENSG00000150459,dimgrey,dimgrey,4
ENSG00000150477,dimgrey,dimgrey,4
ENSG00000150510,dimgrey,dimgrey,4
ENSG00000150527,darkgrey,darkgrey,1
ENSG00000150540,darkgrey,darkgrey,1
ENSG00000150551,brown,brown,0
ENSG00000150556,dimgrey,dimgrey,4
ENSG00000150593,indianred,indianred,6
ENSG00000150627,dimgrey,dimgrey,4
ENSG00000150630,dimgrey,dimgrey,4
ENSG00000150636,dimgrey,dimgrey,4
ENSG00000150637,darkred,darkred,2
ENSG00000150667,indianred,indianred,6
ENSG00000150672,dimgrey,dimgrey,4
ENSG00000150687,darkgrey,darkgrey,1
ENSG00000150712,darkgrey,darkgrey,1
ENSG00000150722,darkgrey,darkgrey,1
ENSG00000150753,dimgrey,dimgrey,4
ENSG00000150756,dimgrey,dimgrey,4
ENSG00000150760,darkgrey,darkgrey,1
ENSG00000150764,whitesmoke,whitesmoke,13
ENSG00000150768,dimgrey,dimgrey,4
ENSG00000150773,dimgrey,dimgrey,4
ENSG00000150776,lightgrey,lightgrey,8
ENSG00000150779,dimgrey,dimgrey,4
ENSG00000150787,dimgrey,dimgrey,4
ENSG00000150867,dimgrey,dimgrey,4
ENSG00000150907,dimgrey,dimgrey,4
ENSG00000150938,darkgrey,darkgrey,1
ENSG00000150961,dimgrey,dimgrey,4
ENSG00000150967,darkgrey,darkgrey,1
ENSG00000150977,darkgrey,darkgrey,1
ENSG00000150990,dimgrey,dimgrey,4
ENSG00000150991,darkgrey,darkgrey,1
ENSG00000150995,dimgrey,dimgrey,4
ENSG00000151012,whitesmoke,whitesmoke,13
ENSG00000151014,dimgrey,dimgrey,4
ENSG00000151065,dimgrey,dimgrey,4
ENSG00000151090,indianred,indianred,6
ENSG00000151092,brown,brown,0
ENSG00000151093,darkgrey,darkgrey,1
ENSG00000151116,darkgrey,darkgrey,1
ENSG00000151117,dimgrey,dimgrey,4
ENSG00000151131,lightgrey,lightgrey,8
ENSG00000151135,brown,brown,0
ENSG00000151136,lightcoral,lightcoral,7
ENSG00000151148,whitesmoke,whitesmoke,13
ENSG00000151150,dimgrey,dimgrey,4
ENSG00000151151,darkgrey,darkgrey,1
ENSG00000151164,dimgrey,dimgrey,4
ENSG00000151176,dimgrey,dimgrey,4
ENSG00000151208,dimgrey,dimgrey,4
ENSG00000151229,darkred,darkred,2
ENSG00000151233,darkgrey,darkgrey,1
ENSG00000151239,darkgrey,darkgrey,1
ENSG00000151240,darkgrey,darkgrey,1
ENSG00000151247,darkgrey,darkgrey,1
ENSG00000151276,maroon,maroon,9
ENSG00000151287,indianred,indianred,6
ENSG00000151292,lightgrey,lightgrey,8
ENSG00000151304,darkgrey,darkgrey,1
ENSG00000151327,darkgrey,darkgrey,1
ENSG00000151332,dimgrey,dimgrey,4
ENSG00000151338,lightgrey,lightgrey,8
ENSG00000151348,darkgrey,darkgrey,1
ENSG00000151353,lightgrey,lightgrey,8
ENSG00000151366,dimgrey,dimgrey,4
ENSG00000151376,darkgrey,darkgrey,1
ENSG00000151388,darkgrey,darkgrey,1
ENSG00000151413,darkgrey,darkgrey,1
ENSG00000151414,dimgrey,dimgrey,4
ENSG00000151422,darkgrey,darkgrey,1
ENSG00000151445,dimgrey,dimgrey,4
ENSG00000151458,dimgrey,dimgrey,4
ENSG00000151461,lightgrey,lightgrey,8
ENSG00000151465,whitesmoke,whitesmoke,13
ENSG00000151466,lightcoral,lightcoral,7
ENSG00000151470,darkgrey,darkgrey,1
ENSG00000151474,maroon,maroon,9
ENSG00000151491,whitesmoke,whitesmoke,13
ENSG00000151498,darkgrey,darkgrey,1
ENSG00000151500,darkgrey,darkgrey,1
ENSG00000151502,dimgrey,dimgrey,4
ENSG00000151503,lightcoral,lightcoral,7
ENSG00000151532,dimgrey,dimgrey,4
ENSG00000151552,darkgrey,darkgrey,1
ENSG00000151553,dimgrey,dimgrey,4
ENSG00000151572,darkgrey,darkgrey,1
ENSG00000151575,red,red,11
ENSG00000151576,darkgrey,darkgrey,1
ENSG00000151611,darkgrey,darkgrey,1
ENSG00000151612,darkgrey,darkgrey,1
ENSG00000151617,firebrick,firebrick,5
ENSG00000151623,dimgrey,dimgrey,4
ENSG00000151632,darkgrey,darkgrey,1
ENSG00000151640,dimgrey,dimgrey,4
ENSG00000151651,darkgrey,darkgrey,1
ENSG00000151657,darkgrey,darkgrey,1
ENSG00000151665,maroon,maroon,9
ENSG00000151687,dimgrey,dimgrey,4
ENSG00000151689,darkgrey,darkgrey,1
ENSG00000151690,dimgrey,dimgrey,4
ENSG00000151692,dimgrey,dimgrey,4
ENSG00000151693,darkgrey,darkgrey,1
ENSG00000151694,brown,brown,0
ENSG00000151702,dimgrey,dimgrey,4
ENSG00000151718,darkgrey,darkgrey,1
ENSG00000151725,dimgrey,dimgrey,4
ENSG00000151726,dimgrey,dimgrey,4
ENSG00000151729,dimgrey,dimgrey,4
ENSG00000151743,dimgrey,dimgrey,4
ENSG00000151746,darkgrey,darkgrey,1
ENSG00000151748,darkgrey,darkgrey,1
ENSG00000151773,brown,brown,0
ENSG00000151778,dimgrey,dimgrey,4
ENSG00000151779,darkgrey,darkgrey,1
ENSG00000151789,maroon,maroon,9
ENSG00000151806,dimgrey,dimgrey,4
ENSG00000151835,dimgrey,dimgrey,4
ENSG00000151849,darkgrey,darkgrey,1
ENSG00000151876,darkgrey,darkgrey,1
ENSG00000151881,darkgrey,darkgrey,1
ENSG00000151883,brown,brown,0
ENSG00000151892,red,red,11
ENSG00000151893,darkgrey,darkgrey,1
ENSG00000151914,darkgrey,darkgrey,1
ENSG00000151917,maroon,maroon,9
ENSG00000151923,dimgrey,dimgrey,4
ENSG00000151929,dimgrey,dimgrey,4
ENSG00000151967,maroon,maroon,9
ENSG00000152049,dimgrey,dimgrey,4
ENSG00000152056,darkgrey,darkgrey,1
ENSG00000152061,dimgrey,dimgrey,4
ENSG00000152078,snow,snow,12
ENSG00000152082,brown,brown,0
ENSG00000152102,dimgrey,dimgrey,4
ENSG00000152104,darkgrey,darkgrey,1
ENSG00000152127,darkgrey,darkgrey,1
ENSG00000152133,darkred,darkred,2
ENSG00000152137,darkgrey,darkgrey,1
ENSG00000152147,dimgrey,dimgrey,4
ENSG00000152154,dimgrey,dimgrey,4
ENSG00000152193,dimgrey,dimgrey,4
ENSG00000152217,lightgrey,lightgrey,8
ENSG00000152219,darkred,darkred,2
ENSG00000152223,darkgrey,darkgrey,1
ENSG00000152229,darkgrey,darkgrey,1
ENSG00000152234,dimgrey,dimgrey,4
ENSG00000152240,lightgrey,lightgrey,8
ENSG00000152242,snow,snow,12
ENSG00000152253,lightgrey,lightgrey,8
ENSG00000152256,dimgrey,dimgrey,4
ENSG00000152270,indianred,indianred,6
ENSG00000152284,darkgrey,darkgrey,1
ENSG00000152291,darkgrey,darkgrey,1
ENSG00000152332,lightcoral,lightcoral,7
ENSG00000152348,darkgrey,darkgrey,1
ENSG00000152359,darkgrey,darkgrey,1
ENSG00000152377,maroon,maroon,9
ENSG00000152380,indianred,indianred,6
ENSG00000152382,dimgrey,dimgrey,4
ENSG00000152404,lightgrey,lightgrey,8
ENSG00000152409,darkgrey,darkgrey,1
ENSG00000152413,dimgrey,dimgrey,4
ENSG00000152422,darkgrey,darkgrey,1
ENSG00000152433,darkgrey,darkgrey,1
ENSG00000152439,darkgrey,darkgrey,1
ENSG00000152443,darkgrey,darkgrey,1
ENSG00000152454,dimgrey,dimgrey,4
ENSG00000152455,dimgrey,dimgrey,4
ENSG00000152457,dimgrey,dimgrey,4
ENSG00000152464,dimgrey,dimgrey,4
ENSG00000152465,darkgrey,darkgrey,1
ENSG00000152467,darkgrey,darkgrey,1
ENSG00000152475,darkgrey,darkgrey,1
ENSG00000152484,maroon,maroon,9
ENSG00000152492,dimgrey,dimgrey,4
ENSG00000152495,lightcoral,lightcoral,7
ENSG00000152503,darkgrey,darkgrey,1
ENSG00000152518,dimgrey,dimgrey,4
ENSG00000152520,lightgrey,lightgrey,8
ENSG00000152527,dimgrey,dimgrey,4
ENSG00000152556,brown,brown,0
ENSG00000152558,maroon,maroon,9
ENSG00000152582,dimgrey,dimgrey,4
ENSG00000152601,whitesmoke,whitesmoke,13
ENSG00000152620,dimgrey,dimgrey,4
ENSG00000152642,brown,brown,0
ENSG00000152661,dimgrey,dimgrey,4
ENSG00000152683,dimgrey,dimgrey,4
ENSG00000152684,dimgrey,dimgrey,4
ENSG00000152689,indianred,indianred,6
ENSG00000152700,dimgrey,dimgrey,4
ENSG00000152749,brown,brown,0
ENSG00000152760,dimgrey,dimgrey,4
ENSG00000152763,dimgrey,dimgrey,4
ENSG00000152767,darkgrey,darkgrey,1
ENSG00000152778,indianred,indianred,6
ENSG00000152779,dimgrey,dimgrey,4
ENSG00000152782,lightgrey,lightgrey,8
ENSG00000152784,darkgrey,darkgrey,1
ENSG00000152785,darkgrey,darkgrey,1
ENSG00000152795,darkgrey,darkgrey,1
ENSG00000152804,darkgrey,darkgrey,1
ENSG00000152818,snow,snow,12
ENSG00000152894,dimgrey,dimgrey,4
ENSG00000152904,lightgrey,lightgrey,8
ENSG00000152926,dimgrey,dimgrey,4
ENSG00000152939,dimgrey,dimgrey,4
ENSG00000152942,dimgrey,dimgrey,4
ENSG00000152944,dimgrey,dimgrey,4
ENSG00000152952,darkgrey,darkgrey,1
ENSG00000152953,darkgrey,darkgrey,1
ENSG00000152977,dimgrey,dimgrey,4
ENSG00000152990,dimgrey,dimgrey,4
ENSG00000153006,dimgrey,dimgrey,4
ENSG00000153015,brown,brown,0
ENSG00000153029,dimgrey,dimgrey,4
ENSG00000153037,dimgrey,dimgrey,4
ENSG00000153044,dimgrey,dimgrey,4
ENSG00000153046,darkgrey,darkgrey,1
ENSG00000153048,darkgrey,darkgrey,1
ENSG00000153064,darkgrey,darkgrey,1
ENSG00000153066,dimgrey,dimgrey,4
ENSG00000153071,dimgrey,dimgrey,4
ENSG00000153094,lightgrey,lightgrey,8
ENSG00000153107,dimgrey,dimgrey,4
ENSG00000153130,dimgrey,dimgrey,4
ENSG00000153132,dimgrey,dimgrey,4
ENSG00000153140,dimgrey,dimgrey,4
ENSG00000153147,darkgrey,darkgrey,1
ENSG00000153179,darkgrey,darkgrey,1
ENSG00000153187,whitesmoke,whitesmoke,13
ENSG00000153201,snow,snow,12
ENSG00000153207,brown,brown,0
ENSG00000153214,firebrick,firebrick,5
ENSG00000153233,dimgrey,dimgrey,4
ENSG00000153234,dimgrey,dimgrey,4
ENSG00000153237,brown,brown,0
ENSG00000153246,dimgrey,dimgrey,4
ENSG00000153250,dimgrey,dimgrey,4
ENSG00000153253,darkgrey,darkgrey,1
ENSG00000153291,dimgrey,dimgrey,4
ENSG00000153310,darkgrey,darkgrey,1
ENSG00000153317,dimgrey,dimgrey,4
ENSG00000153339,indianred,indianred,6
ENSG00000153347,dimgrey,dimgrey,4
ENSG00000153391,dimgrey,dimgrey,4
ENSG00000153395,darkgrey,darkgrey,1
ENSG00000153404,brown,brown,0
ENSG00000153406,dimgrey,dimgrey,4
ENSG00000153443,dimgrey,dimgrey,4
ENSG00000153487,dimgrey,dimgrey,4
ENSG00000153495,dimgrey,dimgrey,4
ENSG00000153531,dimgrey,dimgrey,4
ENSG00000153551,darkgrey,darkgrey,1
ENSG00000153558,darkgrey,darkgrey,1
ENSG00000153560,indianred,indianred,6
ENSG00000153561,darkgrey,darkgrey,1
ENSG00000153574,darkgrey,darkgrey,1
ENSG00000153714,dimgrey,dimgrey,4
ENSG00000153721,darkgrey,darkgrey,1
ENSG00000153767,darkgrey,darkgrey,1
ENSG00000153774,whitesmoke,whitesmoke,13
ENSG00000153786,whitesmoke,whitesmoke,13
ENSG00000153790,indianred,indianred,6
ENSG00000153814,dimgrey,dimgrey,4
ENSG00000153815,dimgrey,dimgrey,4
ENSG00000153823,darkgrey,darkgrey,1
ENSG00000153827,darkgrey,darkgrey,1
ENSG00000153832,dimgrey,dimgrey,4
ENSG00000153879,dimgrey,dimgrey,4
ENSG00000153885,dimgrey,dimgrey,4
ENSG00000153896,dimgrey,dimgrey,4
ENSG00000153898,darkgrey,darkgrey,1
ENSG00000153902,dimgrey,dimgrey,4
ENSG00000153904,dimgrey,dimgrey,4
ENSG00000153914,brown,brown,0
ENSG00000153922,darkred,darkred,2
ENSG00000153933,snow,snow,12
ENSG00000153936,darkgrey,darkgrey,1
ENSG00000153944,dimgrey,dimgrey,4
ENSG00000153956,brown,brown,0
ENSG00000153975,lightcoral,lightcoral,7
ENSG00000153976,darkgrey,darkgrey,1
ENSG00000153982,darkgrey,darkgrey,1
ENSG00000153989,dimgrey,dimgrey,4
ENSG00000153993,darkgrey,darkgrey,1
ENSG00000154001,dimgrey,dimgrey,4
ENSG00000154027,dimgrey,dimgrey,4
ENSG00000154040,dimgrey,dimgrey,4
ENSG00000154059,dimgrey,dimgrey,4
ENSG00000154065,lightgrey,lightgrey,8
ENSG00000154079,dimgrey,dimgrey,4
ENSG00000154096,lightgrey,lightgrey,8
ENSG00000154102,darkgrey,darkgrey,1
ENSG00000154114,indianred,indianred,6
ENSG00000154122,snow,snow,12
ENSG00000154124,dimgrey,dimgrey,4
ENSG00000154127,darkgrey,darkgrey,1
ENSG00000154133,dimgrey,dimgrey,4
ENSG00000154134,darkgrey,darkgrey,1
ENSG00000154144,darkgrey,darkgrey,1
ENSG00000154146,darkgrey,darkgrey,1
ENSG00000154174,mistyrose,mistyrose,10
ENSG00000154175,maroon,maroon,9
ENSG00000154188,darkgrey,darkgrey,1
ENSG00000154217,dimgrey,dimgrey,4
ENSG00000154222,darkgrey,darkgrey,1
ENSG00000154229,dimgrey,dimgrey,4
ENSG00000154237,darkgrey,darkgrey,1
ENSG00000154240,darkgrey,darkgrey,1
ENSG00000154262,dimgrey,dimgrey,4
ENSG00000154265,dimgrey,dimgrey,4
ENSG00000154274,dimgrey,dimgrey,4
ENSG00000154277,darkgrey,darkgrey,1
ENSG00000154305,darkgrey,darkgrey,1
ENSG00000154309,dimgrey,dimgrey,4
ENSG00000154310,dimgrey,dimgrey,4
ENSG00000154328,dimgrey,dimgrey,4
ENSG00000154330,dimgrey,dimgrey,4
ENSG00000154358,brown,brown,0
ENSG00000154359,darkgrey,darkgrey,1
ENSG00000154370,darkgrey,darkgrey,1
ENSG00000154380,brown,brown,0
ENSG00000154429,dimgrey,dimgrey,4
ENSG00000154447,darkgrey,darkgrey,1
ENSG00000154473,dimgrey,dimgrey,4
ENSG00000154493,dimgrey,dimgrey,4
ENSG00000154511,dimgrey,dimgrey,4
ENSG00000154518,dimgrey,dimgrey,4
ENSG00000154545,brown,brown,0
ENSG00000154553,lightcoral,lightcoral,7
ENSG00000154556,dimgrey,dimgrey,4
ENSG00000154582,dimgrey,dimgrey,4
ENSG00000154589,darkgrey,darkgrey,1
ENSG00000154639,brown,brown,0
ENSG00000154640,dimgrey,dimgrey,4
ENSG00000154642,brown,brown,0
ENSG00000154654,dimgrey,dimgrey,4
ENSG00000154678,maroon,maroon,9
ENSG00000154710,darkgrey,darkgrey,1
ENSG00000154719,lightgrey,lightgrey,8
ENSG00000154721,dimgrey,dimgrey,4
ENSG00000154723,dimgrey,dimgrey,4
ENSG00000154727,dimgrey,dimgrey,4
ENSG00000154734,darkgrey,darkgrey,1
ENSG00000154736,darkgrey,darkgrey,1
ENSG00000154743,dimgrey,dimgrey,4
ENSG00000154760,dimgrey,dimgrey,4
ENSG00000154767,lightgrey,lightgrey,8
ENSG00000154781,lightgrey,lightgrey,8
ENSG00000154803,darkgrey,darkgrey,1
ENSG00000154813,dimgrey,dimgrey,4
ENSG00000154814,dimgrey,dimgrey,4
ENSG00000154832,darkgrey,darkgrey,1
ENSG00000154845,lightgrey,lightgrey,8
ENSG00000154856,dimgrey,dimgrey,4
ENSG00000154864,lightgrey,lightgrey,8
ENSG00000154889,dimgrey,dimgrey,4
ENSG00000154917,firebrick,firebrick,5
ENSG00000154928,brown,brown,0
ENSG00000154930,darkgrey,darkgrey,1
ENSG00000154945,darkgrey,darkgrey,1
ENSG00000154957,dimgrey,dimgrey,4
ENSG00000154978,darkgrey,darkgrey,1
ENSG00000155008,dimgrey,dimgrey,4
ENSG00000155011,dimgrey,dimgrey,4
ENSG00000155016,dimgrey,dimgrey,4
ENSG00000155034,darkgrey,darkgrey,1
ENSG00000155085,dimgrey,dimgrey,4
ENSG00000155090,dimgrey,dimgrey,4
ENSG00000155093,dimgrey,dimgrey,4
ENSG00000155096,dimgrey,dimgrey,4
ENSG00000155097,dimgrey,dimgrey,4
ENSG00000155099,dimgrey,dimgrey,4
ENSG00000155100,brown,brown,0
ENSG00000155111,dimgrey,dimgrey,4
ENSG00000155115,dimgrey,dimgrey,4
ENSG00000155158,brown,brown,0
ENSG00000155189,dimgrey,dimgrey,4
ENSG00000155229,darkgrey,darkgrey,1
ENSG00000155252,darkgrey,darkgrey,1
ENSG00000155254,dimgrey,dimgrey,4
ENSG00000155256,whitesmoke,whitesmoke,13
ENSG00000155275,red,red,11
ENSG00000155287,darkgrey,darkgrey,1
ENSG00000155304,dimgrey,dimgrey,4
ENSG00000155313,dimgrey,dimgrey,4
ENSG00000155324,brown,brown,0
ENSG00000155329,darkgrey,darkgrey,1
ENSG00000155330,dimgrey,dimgrey,4
ENSG00000155363,darkgrey,darkgrey,1
ENSG00000155366,dimgrey,dimgrey,4
ENSG00000155367,darksalmon,darksalmon,3
ENSG00000155368,lightgrey,lightgrey,8
ENSG00000155380,darkgrey,darkgrey,1
ENSG00000155393,darkgrey,darkgrey,1
ENSG00000155438,dimgrey,dimgrey,4
ENSG00000155463,dimgrey,dimgrey,4
ENSG00000155465,darkgrey,darkgrey,1
ENSG00000155506,dimgrey,dimgrey,4
ENSG00000155508,dimgrey,dimgrey,4
ENSG00000155542,dimgrey,dimgrey,4
ENSG00000155545,lightcoral,lightcoral,7
ENSG00000155561,dimgrey,dimgrey,4
ENSG00000155592,darkgrey,darkgrey,1
ENSG00000155621,darkgrey,darkgrey,1
ENSG00000155636,dimgrey,dimgrey,4
ENSG00000155657,snow,snow,12
ENSG00000155660,darkgrey,darkgrey,1
ENSG00000155666,dimgrey,dimgrey,4
ENSG00000155729,dimgrey,dimgrey,4
ENSG00000155744,dimgrey,dimgrey,4
ENSG00000155749,darkgrey,darkgrey,1
ENSG00000155754,maroon,maroon,9
ENSG00000155755,dimgrey,dimgrey,4
ENSG00000155760,darkgrey,darkgrey,1
ENSG00000155792,dimgrey,dimgrey,4
ENSG00000155816,dimgrey,dimgrey,4
ENSG00000155827,lightgrey,lightgrey,8
ENSG00000155846,brown,brown,0
ENSG00000155850,darkgrey,darkgrey,1
ENSG00000155858,dimgrey,dimgrey,4
ENSG00000155868,dimgrey,dimgrey,4
ENSG00000155875,darkred,darkred,2
ENSG00000155876,whitesmoke,whitesmoke,13
ENSG00000155893,brown,brown,0
ENSG00000155903,darkgrey,darkgrey,1
ENSG00000155906,brown,brown,0
ENSG00000155957,dimgrey,dimgrey,4
ENSG00000155959,dimgrey,dimgrey,4
ENSG00000155961,brown,brown,0
ENSG00000155962,brown,brown,0
ENSG00000155966,dimgrey,dimgrey,4
ENSG00000155970,darkgrey,darkgrey,1
ENSG00000155974,indianred,indianred,6
ENSG00000155975,lightcoral,lightcoral,7
ENSG00000155980,whitesmoke,whitesmoke,13
ENSG00000156011,darkgrey,darkgrey,1
ENSG00000156017,indianred,indianred,6
ENSG00000156026,darkgrey,darkgrey,1
ENSG00000156030,whitesmoke,whitesmoke,13
ENSG00000156050,dimgrey,dimgrey,4
ENSG00000156052,lightcoral,lightcoral,7
ENSG00000156103,dimgrey,dimgrey,4
ENSG00000156110,dimgrey,dimgrey,4
ENSG00000156113,dimgrey,dimgrey,4
ENSG00000156127,darkgrey,darkgrey,1
ENSG00000156136,dimgrey,dimgrey,4
ENSG00000156140,darkgrey,darkgrey,1
ENSG00000156162,dimgrey,dimgrey,4
ENSG00000156170,dimgrey,dimgrey,4
ENSG00000156171,dimgrey,dimgrey,4
ENSG00000156172,darkgrey,darkgrey,1
ENSG00000156232,dimgrey,dimgrey,4
ENSG00000156239,dimgrey,dimgrey,4
ENSG00000156253,darkgrey,darkgrey,1
ENSG00000156256,darkgrey,darkgrey,1
ENSG00000156261,dimgrey,dimgrey,4
ENSG00000156273,dimgrey,dimgrey,4
ENSG00000156299,red,red,11
ENSG00000156304,maroon,maroon,9
ENSG00000156313,brown,brown,0
ENSG00000156345,dimgrey,dimgrey,4
ENSG00000156374,dimgrey,dimgrey,4
ENSG00000156381,darkgrey,darkgrey,1
ENSG00000156384,dimgrey,dimgrey,4
ENSG00000156398,indianred,indianred,6
ENSG00000156411,dimgrey,dimgrey,4
ENSG00000156427,darkgrey,darkgrey,1
ENSG00000156453,darkgrey,darkgrey,1
ENSG00000156463,lightcoral,lightcoral,7
ENSG00000156467,whitesmoke,whitesmoke,13
ENSG00000156469,dimgrey,dimgrey,4
ENSG00000156471,dimgrey,dimgrey,4
ENSG00000156475,lightgrey,lightgrey,8
ENSG00000156482,dimgrey,dimgrey,4
ENSG00000156486,dimgrey,dimgrey,4
ENSG00000156500,darkgrey,darkgrey,1
ENSG00000156502,dimgrey,dimgrey,4
ENSG00000156504,dimgrey,dimgrey,4
ENSG00000156508,dimgrey,dimgrey,4
ENSG00000156509,lightgrey,lightgrey,8
ENSG00000156510,indianred,indianred,6
ENSG00000156515,dimgrey,dimgrey,4
ENSG00000156521,darkgrey,darkgrey,1
ENSG00000156531,dimgrey,dimgrey,4
ENSG00000156535,dimgrey,dimgrey,4
ENSG00000156587,dimgrey,dimgrey,4
ENSG00000156599,darkgrey,darkgrey,1
ENSG00000156603,dimgrey,dimgrey,4
ENSG00000156639,darkgrey,darkgrey,1
ENSG00000156642,whitesmoke,whitesmoke,13
ENSG00000156650,indianred,indianred,6
ENSG00000156671,dimgrey,dimgrey,4
ENSG00000156675,dimgrey,dimgrey,4
ENSG00000156689,brown,brown,0
ENSG00000156697,indianred,indianred,6
ENSG00000156709,darkgrey,darkgrey,1
ENSG00000156711,darkgrey,darkgrey,1
ENSG00000156735,darkgrey,darkgrey,1
ENSG00000156787,dimgrey,dimgrey,4
ENSG00000156795,dimgrey,dimgrey,4
ENSG00000156802,whitesmoke,whitesmoke,13
ENSG00000156804,darkgrey,darkgrey,1
ENSG00000156831,indianred,indianred,6
ENSG00000156853,darkgrey,darkgrey,1
ENSG00000156858,darkgrey,darkgrey,1
ENSG00000156860,darkgrey,darkgrey,1
ENSG00000156869,maroon,maroon,9
ENSG00000156873,darkgrey,darkgrey,1
ENSG00000156876,snow,snow,12
ENSG00000156928,dimgrey,dimgrey,4
ENSG00000156931,darkgrey,darkgrey,1
ENSG00000156958,dimgrey,dimgrey,4
ENSG00000156959,dimgrey,dimgrey,4
ENSG00000156970,dimgrey,dimgrey,4
ENSG00000156973,dimgrey,dimgrey,4
ENSG00000156976,dimgrey,dimgrey,4
ENSG00000156983,darkgrey,darkgrey,1
ENSG00000156990,whitesmoke,whitesmoke,13
ENSG00000157014,darkgrey,darkgrey,1
ENSG00000157020,darkgrey,darkgrey,1
ENSG00000157036,darkgrey,darkgrey,1
ENSG00000157045,maroon,maroon,9
ENSG00000157064,lightcoral,lightcoral,7
ENSG00000157077,darkgrey,darkgrey,1
ENSG00000157106,darkgrey,darkgrey,1
ENSG00000157107,dimgrey,dimgrey,4
ENSG00000157110,dimgrey,dimgrey,4
ENSG00000157111,maroon,maroon,9
ENSG00000157150,brown,brown,0
ENSG00000157168,dimgrey,dimgrey,4
ENSG00000157181,dimgrey,dimgrey,4
ENSG00000157184,dimgrey,dimgrey,4
ENSG00000157191,snow,snow,12
ENSG00000157193,dimgrey,dimgrey,4
ENSG00000157212,whitesmoke,whitesmoke,13
ENSG00000157214,darkgrey,darkgrey,1
ENSG00000157216,darkgrey,darkgrey,1
ENSG00000157224,dimgrey,dimgrey,4
ENSG00000157227,dimgrey,dimgrey,4
ENSG00000157240,dimgrey,dimgrey,4
ENSG00000157259,darkgrey,darkgrey,1
ENSG00000157303,dimgrey,dimgrey,4
ENSG00000157315,dimgrey,dimgrey,4
ENSG00000157326,dimgrey,dimgrey,4
ENSG00000157349,dimgrey,dimgrey,4
ENSG00000157350,darkgrey,darkgrey,1
ENSG00000157353,snow,snow,12
ENSG00000157379,dimgrey,dimgrey,4
ENSG00000157399,dimgrey,dimgrey,4
ENSG00000157404,dimgrey,dimgrey,4
ENSG00000157426,lightgrey,lightgrey,8
ENSG00000157429,dimgrey,dimgrey,4
ENSG00000157445,dimgrey,dimgrey,4
ENSG00000157450,red,red,11
ENSG00000157456,dimgrey,dimgrey,4
ENSG00000157470,darkgrey,darkgrey,1
ENSG00000157483,whitesmoke,whitesmoke,13
ENSG00000157500,brown,brown,0
ENSG00000157510,darkgrey,darkgrey,1
ENSG00000157514,darkgrey,darkgrey,1
ENSG00000157538,dimgrey,dimgrey,4
ENSG00000157540,indianred,indianred,6
ENSG00000157542,darkgrey,darkgrey,1
ENSG00000157551,darkgrey,darkgrey,1
ENSG00000157557,darkgrey,darkgrey,1
ENSG00000157570,darkgrey,darkgrey,1
ENSG00000157578,maroon,maroon,9
ENSG00000157593,dimgrey,dimgrey,4
ENSG00000157600,darkgrey,darkgrey,1
ENSG00000157601,dimgrey,dimgrey,4
ENSG00000157613,darkgrey,darkgrey,1
ENSG00000157617,lightgrey,lightgrey,8
ENSG00000157625,dimgrey,dimgrey,4
ENSG00000157637,darkgrey,darkgrey,1
ENSG00000157653,brown,brown,0
ENSG00000157654,dimgrey,dimgrey,4
ENSG00000157657,darkgrey,darkgrey,1
ENSG00000157680,darkgrey,darkgrey,1
ENSG00000157693,whitesmoke,whitesmoke,13
ENSG00000157734,darkgrey,darkgrey,1
ENSG00000157741,darkgrey,darkgrey,1
ENSG00000157764,brown,brown,0
ENSG00000157766,dimgrey,dimgrey,4
ENSG00000157778,darkgrey,darkgrey,1
ENSG00000157796,dimgrey,dimgrey,4
ENSG00000157800,dimgrey,dimgrey,4
ENSG00000157823,darkgrey,darkgrey,1
ENSG00000157827,darkgrey,darkgrey,1
ENSG00000157833,dimgrey,dimgrey,4
ENSG00000157837,darkgrey,darkgrey,1
ENSG00000157869,darkgrey,darkgrey,1
ENSG00000157895,darkgrey,darkgrey,1
ENSG00000157911,dimgrey,dimgrey,4
ENSG00000157916,darkgrey,darkgrey,1
ENSG00000157927,darkgrey,darkgrey,1
ENSG00000157933,darkgrey,darkgrey,1
ENSG00000157954,darkgrey,darkgrey,1
ENSG00000157978,darkgrey,darkgrey,1
ENSG00000157985,dimgrey,dimgrey,4
ENSG00000157992,indianred,indianred,6
ENSG00000158006,whitesmoke,whitesmoke,13
ENSG00000158008,darkgrey,darkgrey,1
ENSG00000158019,dimgrey,dimgrey,4
ENSG00000158023,darkgrey,darkgrey,1
ENSG00000158042,dimgrey,dimgrey,4
ENSG00000158050,darkgrey,darkgrey,1
ENSG00000158062,lightgrey,lightgrey,8
ENSG00000158079,lightgrey,lightgrey,8
ENSG00000158092,dimgrey,dimgrey,4
ENSG00000158109,darkgrey,darkgrey,1
ENSG00000158122,dimgrey,dimgrey,4
ENSG00000158125,dimgrey,dimgrey,4
ENSG00000158156,snow,snow,12
ENSG00000158158,darkgrey,darkgrey,1
ENSG00000158161,darkgrey,darkgrey,1
ENSG00000158163,dimgrey,dimgrey,4
ENSG00000158164,dimgrey,dimgrey,4
ENSG00000158169,dimgrey,dimgrey,4
ENSG00000158186,darkgrey,darkgrey,1
ENSG00000158195,darkgrey,darkgrey,1
ENSG00000158201,maroon,maroon,9
ENSG00000158234,dimgrey,dimgrey,4
ENSG00000158246,firebrick,firebrick,5
ENSG00000158258,brown,brown,0
ENSG00000158270,lightgrey,lightgrey,8
ENSG00000158286,dimgrey,dimgrey,4
ENSG00000158290,whitesmoke,whitesmoke,13
ENSG00000158292,dimgrey,dimgrey,4
ENSG00000158296,lightgrey,lightgrey,8
ENSG00000158301,darkgrey,darkgrey,1
ENSG00000158315,brown,brown,0
ENSG00000158321,dimgrey,dimgrey,4
ENSG00000158352,darkgrey,darkgrey,1
ENSG00000158373,dimgrey,dimgrey,4
ENSG00000158402,darkgrey,darkgrey,1
ENSG00000158406,darkgrey,darkgrey,1
ENSG00000158411,snow,snow,12
ENSG00000158417,lightgrey,lightgrey,8
ENSG00000158435,darkgrey,darkgrey,1
ENSG00000158467,dimgrey,dimgrey,4
ENSG00000158470,dimgrey,dimgrey,4
ENSG00000158480,darkgrey,darkgrey,1
ENSG00000158526,darkgrey,darkgrey,1
ENSG00000158528,brown,brown,0
ENSG00000158545,whitesmoke,whitesmoke,13
ENSG00000158552,darkgrey,darkgrey,1
ENSG00000158555,brown,brown,0
ENSG00000158560,indianred,indianred,6
ENSG00000158604,indianred,indianred,6
ENSG00000158615,maroon,maroon,9
ENSG00000158623,darkgrey,darkgrey,1
ENSG00000158636,darkgrey,darkgrey,1
ENSG00000158639,dimgrey,dimgrey,4
ENSG00000158669,mistyrose,mistyrose,10
ENSG00000158683,darkgrey,darkgrey,1
ENSG00000158691,dimgrey,dimgrey,4
ENSG00000158710,darkgrey,darkgrey,1
ENSG00000158711,dimgrey,dimgrey,4
ENSG00000158715,darkgrey,darkgrey,1
ENSG00000158716,dimgrey,dimgrey,4
ENSG00000158717,darkgrey,darkgrey,1
ENSG00000158747,dimgrey,dimgrey,4
ENSG00000158773,dimgrey,dimgrey,4
ENSG00000158792,brown,brown,0
ENSG00000158793,whitesmoke,whitesmoke,13
ENSG00000158796,dimgrey,dimgrey,4
ENSG00000158805,darkgrey,darkgrey,1
ENSG00000158825,dimgrey,dimgrey,4
ENSG00000158850,darkgrey,darkgrey,1
ENSG00000158859,dimgrey,dimgrey,4
ENSG00000158863,darkgrey,darkgrey,1
ENSG00000158864,whitesmoke,whitesmoke,13
ENSG00000158882,brown,brown,0
ENSG00000158887,darkgrey,darkgrey,1
ENSG00000158941,dimgrey,dimgrey,4
ENSG00000158966,dimgrey,dimgrey,4
ENSG00000158985,darkgrey,darkgrey,1
ENSG00000158987,dimgrey,dimgrey,4
ENSG00000159023,brown,brown,0
ENSG00000159055,darkgrey,darkgrey,1
ENSG00000159063,dimgrey,dimgrey,4
ENSG00000159069,darkgrey,darkgrey,1
ENSG00000159079,dimgrey,dimgrey,4
ENSG00000159082,darkgrey,darkgrey,1
ENSG00000159086,maroon,maroon,9
ENSG00000159110,dimgrey,dimgrey,4
ENSG00000159111,indianred,indianred,6
ENSG00000159128,dimgrey,dimgrey,4
ENSG00000159131,brown,brown,0
ENSG00000159140,brown,brown,0
ENSG00000159147,whitesmoke,whitesmoke,13
ENSG00000159164,darkgrey,darkgrey,1
ENSG00000159167,dimgrey,dimgrey,4
ENSG00000159176,dimgrey,dimgrey,4
ENSG00000159199,darkgrey,darkgrey,1
ENSG00000159200,darkgrey,darkgrey,1
ENSG00000159202,dimgrey,dimgrey,4
ENSG00000159208,darkgrey,darkgrey,1
ENSG00000159210,darkgrey,darkgrey,1
ENSG00000159212,brown,brown,0
ENSG00000159214,brown,brown,0
ENSG00000159216,brown,brown,0
ENSG00000159217,darkgrey,darkgrey,1
ENSG00000159224,dimgrey,dimgrey,4
ENSG00000159228,dimgrey,dimgrey,4
ENSG00000159231,dimgrey,dimgrey,4
ENSG00000159256,darkgrey,darkgrey,1
ENSG00000159259,dimgrey,dimgrey,4
ENSG00000159267,dimgrey,dimgrey,4
ENSG00000159322,indianred,indianred,6
ENSG00000159335,dimgrey,dimgrey,4
ENSG00000159346,dimgrey,dimgrey,4
ENSG00000159348,whitesmoke,whitesmoke,13
ENSG00000159352,darkgrey,darkgrey,1
ENSG00000159377,dimgrey,dimgrey,4
ENSG00000159388,dimgrey,dimgrey,4
ENSG00000159399,dimgrey,dimgrey,4
ENSG00000159423,darkgrey,darkgrey,1
ENSG00000159433,darkgrey,darkgrey,1
ENSG00000159445,dimgrey,dimgrey,4
ENSG00000159455,dimgrey,dimgrey,4
ENSG00000159459,lightgrey,lightgrey,8
ENSG00000159461,brown,brown,0
ENSG00000159479,dimgrey,dimgrey,4
ENSG00000159496,darkgrey,darkgrey,1
ENSG00000159556,dimgrey,dimgrey,4
ENSG00000159579,indianred,indianred,6
ENSG00000159588,dimgrey,dimgrey,4
ENSG00000159592,whitesmoke,whitesmoke,13
ENSG00000159593,darkgrey,darkgrey,1
ENSG00000159596,darkgrey,darkgrey,1
ENSG00000159640,dimgrey,dimgrey,4
ENSG00000159658,darkgrey,darkgrey,1
ENSG00000159674,darkgrey,darkgrey,1
ENSG00000159685,darkgrey,darkgrey,1
ENSG00000159692,darkgrey,darkgrey,1
ENSG00000159713,firebrick,firebrick,5
ENSG00000159714,darkgrey,darkgrey,1
ENSG00000159720,dimgrey,dimgrey,4
ENSG00000159733,darkgrey,darkgrey,1
ENSG00000159761,darkgrey,darkgrey,1
ENSG00000159784,lightcoral,lightcoral,7
ENSG00000159788,maroon,maroon,9
ENSG00000159792,dimgrey,dimgrey,4
ENSG00000159840,dimgrey,dimgrey,4
ENSG00000159873,darkgrey,darkgrey,1
ENSG00000159882,brown,brown,0
ENSG00000159885,dimgrey,dimgrey,4
ENSG00000159899,lightgrey,lightgrey,8
ENSG00000159915,firebrick,firebrick,5
ENSG00000159917,indianred,indianred,6
ENSG00000159921,dimgrey,dimgrey,4
ENSG00000159958,darkgrey,darkgrey,1
ENSG00000160007,darkgrey,darkgrey,1
ENSG00000160013,darkgrey,darkgrey,1
ENSG00000160014,dimgrey,dimgrey,4
ENSG00000160049,darkgrey,darkgrey,1
ENSG00000160050,lightcoral,lightcoral,7
ENSG00000160051,dimgrey,dimgrey,4
ENSG00000160055,dimgrey,dimgrey,4
ENSG00000160058,darkgrey,darkgrey,1
ENSG00000160062,darkgrey,darkgrey,1
ENSG00000160072,darkgrey,darkgrey,1
ENSG00000160075,dimgrey,dimgrey,4
ENSG00000160087,darkgrey,darkgrey,1
ENSG00000160094,darkgrey,darkgrey,1
ENSG00000160097,darkgrey,darkgrey,1
ENSG00000160111,dimgrey,dimgrey,4
ENSG00000160113,darkgrey,darkgrey,1
ENSG00000160117,dimgrey,dimgrey,4
ENSG00000160124,dimgrey,dimgrey,4
ENSG00000160131,darkgrey,darkgrey,1
ENSG00000160145,maroon,maroon,9
ENSG00000160161,darkgrey,darkgrey,1
ENSG00000160190,brown,brown,0
ENSG00000160191,whitesmoke,whitesmoke,13
ENSG00000160193,darkgrey,darkgrey,1
ENSG00000160194,dimgrey,dimgrey,4
ENSG00000160199,brown,brown,0
ENSG00000160201,darkgrey,darkgrey,1
ENSG00000160207,dimgrey,dimgrey,4
ENSG00000160208,indianred,indianred,6
ENSG00000160209,darkgrey,darkgrey,1
ENSG00000160211,dimgrey,dimgrey,4
ENSG00000160213,dimgrey,dimgrey,4
ENSG00000160214,darkgrey,darkgrey,1
ENSG00000160216,dimgrey,dimgrey,4
ENSG00000160218,darkgrey,darkgrey,1
ENSG00000160219,darkgrey,darkgrey,1
ENSG00000160221,dimgrey,dimgrey,4
ENSG00000160229,dimgrey,dimgrey,4
ENSG00000160233,darkgrey,darkgrey,1
ENSG00000160255,darkgrey,darkgrey,1
ENSG00000160256,darkgrey,darkgrey,1
ENSG00000160271,darkgrey,darkgrey,1
ENSG00000160282,darkgrey,darkgrey,1
ENSG00000160293,lightgrey,lightgrey,8
ENSG00000160294,dimgrey,dimgrey,4
ENSG00000160298,darkgrey,darkgrey,1
ENSG00000160299,dimgrey,dimgrey,4
ENSG00000160305,darkgrey,darkgrey,1
ENSG00000160307,dimgrey,dimgrey,4
ENSG00000160310,dimgrey,dimgrey,4
ENSG00000160318,darkgrey,darkgrey,1
ENSG00000160336,darkgrey,darkgrey,1
ENSG00000160345,dimgrey,dimgrey,4
ENSG00000160352,darkgrey,darkgrey,1
ENSG00000160360,dimgrey,dimgrey,4
ENSG00000160392,darkgrey,darkgrey,1
ENSG00000160404,dimgrey,dimgrey,4
ENSG00000160410,dimgrey,dimgrey,4
ENSG00000160445,darkgrey,darkgrey,1
ENSG00000160446,dimgrey,dimgrey,4
ENSG00000160447,dimgrey,dimgrey,4
ENSG00000160460,dimgrey,dimgrey,4
ENSG00000160539,whitesmoke,whitesmoke,13
ENSG00000160551,darkgrey,darkgrey,1
ENSG00000160563,darkgrey,darkgrey,1
ENSG00000160570,dimgrey,dimgrey,4
ENSG00000160584,dimgrey,dimgrey,4
ENSG00000160602,dimgrey,dimgrey,4
ENSG00000160606,dimgrey,dimgrey,4
ENSG00000160613,darkgrey,darkgrey,1
ENSG00000160633,dimgrey,dimgrey,4
ENSG00000160679,darkgrey,darkgrey,1
ENSG00000160685,dimgrey,dimgrey,4
ENSG00000160688,lightgrey,lightgrey,8
ENSG00000160691,darkgrey,darkgrey,1
ENSG00000160695,indianred,indianred,6
ENSG00000160703,darkgrey,darkgrey,1
ENSG00000160710,darkgrey,darkgrey,1
ENSG00000160712,darkgrey,darkgrey,1
ENSG00000160714,dimgrey,dimgrey,4
ENSG00000160741,darkgrey,darkgrey,1
ENSG00000160746,darkgrey,darkgrey,1
ENSG00000160752,darkgrey,darkgrey,1
ENSG00000160753,darkgrey,darkgrey,1
ENSG00000160781,dimgrey,dimgrey,4
ENSG00000160783,dimgrey,dimgrey,4
ENSG00000160785,lightgrey,lightgrey,8
ENSG00000160789,dimgrey,dimgrey,4
ENSG00000160796,indianred,indianred,6
ENSG00000160799,lightgrey,lightgrey,8
ENSG00000160801,dimgrey,dimgrey,4
ENSG00000160803,dimgrey,dimgrey,4
ENSG00000160813,dimgrey,dimgrey,4
ENSG00000160838,brown,brown,0
ENSG00000160867,darkgrey,darkgrey,1
ENSG00000160877,dimgrey,dimgrey,4
ENSG00000160888,dimgrey,dimgrey,4
ENSG00000160908,darkgrey,darkgrey,1
ENSG00000160917,darkgrey,darkgrey,1
ENSG00000160932,brown,brown,0
ENSG00000160948,darkgrey,darkgrey,1
ENSG00000160949,dimgrey,dimgrey,4
ENSG00000160951,indianred,indianred,6
ENSG00000160953,darkgrey,darkgrey,1
ENSG00000160957,darkgrey,darkgrey,1
ENSG00000160959,brown,brown,0
ENSG00000160961,dimgrey,dimgrey,4
ENSG00000160972,dimgrey,dimgrey,4
ENSG00000160991,darkgrey,darkgrey,1
ENSG00000160993,darkgrey,darkgrey,1
ENSG00000160999,dimgrey,dimgrey,4
ENSG00000161011,dimgrey,dimgrey,4
ENSG00000161013,whitesmoke,whitesmoke,13
ENSG00000161016,dimgrey,dimgrey,4
ENSG00000161036,dimgrey,dimgrey,4
ENSG00000161040,dimgrey,dimgrey,4
ENSG00000161057,dimgrey,dimgrey,4
ENSG00000161091,whitesmoke,whitesmoke,13
ENSG00000161179,darkgrey,darkgrey,1
ENSG00000161202,darkgrey,darkgrey,1
ENSG00000161203,dimgrey,dimgrey,4
ENSG00000161204,brown,brown,0
ENSG00000161217,darkgrey,darkgrey,1
ENSG00000161243,brown,brown,0
ENSG00000161249,darkgrey,darkgrey,1
ENSG00000161265,darkgrey,darkgrey,1
ENSG00000161277,indianred,indianred,6
ENSG00000161281,dimgrey,dimgrey,4
ENSG00000161298,darkgrey,darkgrey,1
ENSG00000161395,darkgrey,darkgrey,1
ENSG00000161513,darkgrey,darkgrey,1
ENSG00000161526,darkgrey,darkgrey,1
ENSG00000161533,darkgrey,darkgrey,1
ENSG00000161542,dimgrey,dimgrey,4
ENSG00000161544,darkgrey,darkgrey,1
ENSG00000161547,dimgrey,dimgrey,4
ENSG00000161551,darkgrey,darkgrey,1
ENSG00000161558,darkgrey,darkgrey,1
ENSG00000161618,darkgrey,darkgrey,1
ENSG00000161638,dimgrey,dimgrey,4
ENSG00000161642,brown,brown,0
ENSG00000161647,indianred,indianred,6
ENSG00000161653,dimgrey,dimgrey,4
ENSG00000161654,dimgrey,dimgrey,4
ENSG00000161671,darkgrey,darkgrey,1
ENSG00000161677,darkgrey,darkgrey,1
ENSG00000161681,darkgrey,darkgrey,1
ENSG00000161682,darkgrey,darkgrey,1
ENSG00000161692,maroon,maroon,9
ENSG00000161714,dimgrey,dimgrey,4
ENSG00000161791,darkgrey,darkgrey,1
ENSG00000161800,dimgrey,dimgrey,4
ENSG00000161813,brown,brown,0
ENSG00000161835,darkgrey,darkgrey,1
ENSG00000161847,darkgrey,darkgrey,1
ENSG00000161888,dimgrey,dimgrey,4
ENSG00000161904,darkgrey,darkgrey,1
ENSG00000161914,darkgrey,darkgrey,1
ENSG00000161920,dimgrey,dimgrey,4
ENSG00000161921,indianred,indianred,6
ENSG00000161956,darkgrey,darkgrey,1
ENSG00000161960,darkgrey,darkgrey,1
ENSG00000161970,dimgrey,dimgrey,4
ENSG00000161980,dimgrey,dimgrey,4
ENSG00000161981,dimgrey,dimgrey,4
ENSG00000161996,darkgrey,darkgrey,1
ENSG00000161999,darkgrey,darkgrey,1
ENSG00000162062,whitesmoke,whitesmoke,13
ENSG00000162063,maroon,maroon,9
ENSG00000162065,whitesmoke,whitesmoke,13
ENSG00000162066,darkgrey,darkgrey,1
ENSG00000162076,dimgrey,dimgrey,4
ENSG00000162086,whitesmoke,whitesmoke,13
ENSG00000162104,dimgrey,dimgrey,4
ENSG00000162105,maroon,maroon,9
ENSG00000162129,brown,brown,0
ENSG00000162139,darkgrey,darkgrey,1
ENSG00000162144,dimgrey,dimgrey,4
ENSG00000162148,darkgrey,darkgrey,1
ENSG00000162174,dimgrey,dimgrey,4
ENSG00000162191,darkgrey,darkgrey,1
ENSG00000162222,dimgrey,dimgrey,4
ENSG00000162227,dimgrey,dimgrey,4
ENSG00000162231,brown,brown,0
ENSG00000162236,dimgrey,dimgrey,4
ENSG00000162244,dimgrey,dimgrey,4
ENSG00000162298,dimgrey,dimgrey,4
ENSG00000162300,dimgrey,dimgrey,4
ENSG00000162302,darkgrey,darkgrey,1
ENSG00000162337,darkgrey,darkgrey,1
ENSG00000162341,darkgrey,darkgrey,1
ENSG00000162368,dimgrey,dimgrey,4
ENSG00000162377,dimgrey,dimgrey,4
ENSG00000162378,darkgrey,darkgrey,1
ENSG00000162384,dimgrey,dimgrey,4
ENSG00000162385,darkgrey,darkgrey,1
ENSG00000162390,darkgrey,darkgrey,1
ENSG00000162396,darkgrey,darkgrey,1
ENSG00000162402,brown,brown,0
ENSG00000162407,darkgrey,darkgrey,1
ENSG00000162408,darkgrey,darkgrey,1
ENSG00000162409,darkgrey,darkgrey,1
ENSG00000162413,darkgrey,darkgrey,1
ENSG00000162415,dimgrey,dimgrey,4
ENSG00000162419,dimgrey,dimgrey,4
ENSG00000162426,indianred,indianred,6
ENSG00000162430,dimgrey,dimgrey,4
ENSG00000162433,darkgrey,darkgrey,1
ENSG00000162434,whitesmoke,whitesmoke,13
ENSG00000162437,brown,brown,0
ENSG00000162441,dimgrey,dimgrey,4
ENSG00000162458,dimgrey,dimgrey,4
ENSG00000162461,maroon,maroon,9
ENSG00000162482,indianred,indianred,6
ENSG00000162494,dimgrey,dimgrey,4
ENSG00000162496,red,red,11
ENSG00000162511,brown,brown,0
ENSG00000162512,darkgrey,darkgrey,1
ENSG00000162517,dimgrey,dimgrey,4
ENSG00000162521,dimgrey,dimgrey,4
ENSG00000162522,lightgrey,lightgrey,8
ENSG00000162542,dimgrey,dimgrey,4
ENSG00000162545,whitesmoke,whitesmoke,13
ENSG00000162551,whitesmoke,whitesmoke,13
ENSG00000162572,maroon,maroon,9
ENSG00000162576,darkgrey,darkgrey,1
ENSG00000162585,dimgrey,dimgrey,4
ENSG00000162591,snow,snow,12
ENSG00000162595,lightgrey,lightgrey,8
ENSG00000162599,darkgrey,darkgrey,1
ENSG00000162600,whitesmoke,whitesmoke,13
ENSG00000162601,firebrick,firebrick,5
ENSG00000162604,darkgrey,darkgrey,1
ENSG00000162607,lightgrey,lightgrey,8
ENSG00000162613,darkgrey,darkgrey,1
ENSG00000162614,brown,brown,0
ENSG00000162616,dimgrey,dimgrey,4
ENSG00000162618,lightgrey,lightgrey,8
ENSG00000162620,dimgrey,dimgrey,4
ENSG00000162623,darkgrey,darkgrey,1
ENSG00000162627,darkgrey,darkgrey,1
ENSG00000162630,darkgrey,darkgrey,1
ENSG00000162631,dimgrey,dimgrey,4
ENSG00000162636,indianred,indianred,6
ENSG00000162639,dimgrey,dimgrey,4
ENSG00000162641,lightgrey,lightgrey,8
ENSG00000162642,dimgrey,dimgrey,4
ENSG00000162643,snow,snow,12
ENSG00000162645,mistyrose,mistyrose,10
ENSG00000162650,lightcoral,lightcoral,7
ENSG00000162654,dimgrey,dimgrey,4
ENSG00000162664,darkgrey,darkgrey,1
ENSG00000162688,dimgrey,dimgrey,4
ENSG00000162692,brown,brown,0
ENSG00000162694,darkgrey,darkgrey,1
ENSG00000162695,dimgrey,dimgrey,4
ENSG00000162702,darkgrey,darkgrey,1
ENSG00000162704,lightcoral,lightcoral,7
ENSG00000162722,darkgrey,darkgrey,1
ENSG00000162729,lightcoral,lightcoral,7
ENSG00000162733,darkgrey,darkgrey,1
ENSG00000162734,dimgrey,dimgrey,4
ENSG00000162735,darkgrey,darkgrey,1
ENSG00000162736,darkgrey,darkgrey,1
ENSG00000162745,whitesmoke,whitesmoke,13
ENSG00000162746,dimgrey,dimgrey,4
ENSG00000162755,dimgrey,dimgrey,4
ENSG00000162769,dimgrey,dimgrey,4
ENSG00000162772,darkgrey,darkgrey,1
ENSG00000162775,darkgrey,darkgrey,1
ENSG00000162777,dimgrey,dimgrey,4
ENSG00000162783,darkgrey,darkgrey,1
ENSG00000162804,darkgrey,darkgrey,1
ENSG00000162813,dimgrey,dimgrey,4
ENSG00000162814,dimgrey,dimgrey,4
ENSG00000162817,dimgrey,dimgrey,4
ENSG00000162819,dimgrey,dimgrey,4
ENSG00000162825,darkgrey,darkgrey,1
ENSG00000162836,dimgrey,dimgrey,4
ENSG00000162851,brown,brown,0
ENSG00000162852,dimgrey,dimgrey,4
ENSG00000162869,dimgrey,dimgrey,4
ENSG00000162878,darkgrey,darkgrey,1
ENSG00000162882,maroon,maroon,9
ENSG00000162889,darkgrey,darkgrey,1
ENSG00000162894,dimgrey,dimgrey,4
ENSG00000162909,dimgrey,dimgrey,4
ENSG00000162910,darkgrey,darkgrey,1
ENSG00000162923,dimgrey,dimgrey,4
ENSG00000162924,dimgrey,dimgrey,4
ENSG00000162927,dimgrey,dimgrey,4
ENSG00000162928,dimgrey,dimgrey,4
ENSG00000162929,dimgrey,dimgrey,4
ENSG00000162944,dimgrey,dimgrey,4
ENSG00000162946,brown,brown,0
ENSG00000162959,dimgrey,dimgrey,4
ENSG00000162961,dimgrey,dimgrey,4
ENSG00000162971,darkgrey,darkgrey,1
ENSG00000162972,firebrick,firebrick,5
ENSG00000162975,red,red,11
ENSG00000162976,maroon,maroon,9
ENSG00000162980,dimgrey,dimgrey,4
ENSG00000162981,brown,brown,0
ENSG00000162994,dimgrey,dimgrey,4
ENSG00000162998,dimgrey,dimgrey,4
ENSG00000162999,brown,brown,0
ENSG00000163001,dimgrey,dimgrey,4
ENSG00000163002,darkgrey,darkgrey,1
ENSG00000163006,dimgrey,dimgrey,4
ENSG00000163013,dimgrey,dimgrey,4
ENSG00000163017,dimgrey,dimgrey,4
ENSG00000163026,dimgrey,dimgrey,4
ENSG00000163029,lightgrey,lightgrey,8
ENSG00000163032,dimgrey,dimgrey,4
ENSG00000163040,dimgrey,dimgrey,4
ENSG00000163041,dimgrey,dimgrey,4
ENSG00000163053,darkgrey,darkgrey,1
ENSG00000163069,dimgrey,dimgrey,4
ENSG00000163071,darkgrey,darkgrey,1
ENSG00000163082,dimgrey,dimgrey,4
ENSG00000163083,darkgrey,darkgrey,1
ENSG00000163092,lightgrey,lightgrey,8
ENSG00000163093,whitesmoke,whitesmoke,13
ENSG00000163104,darkgrey,darkgrey,1
ENSG00000163110,mistyrose,mistyrose,10
ENSG00000163125,darkgrey,darkgrey,1
ENSG00000163126,darkgrey,darkgrey,1
ENSG00000163131,brown,brown,0
ENSG00000163132,darkgrey,darkgrey,1
ENSG00000163138,dimgrey,dimgrey,4
ENSG00000163145,brown,brown,0
ENSG00000163155,dimgrey,dimgrey,4
ENSG00000163156,darkgrey,darkgrey,1
ENSG00000163157,dimgrey,dimgrey,4
ENSG00000163159,darkgrey,darkgrey,1
ENSG00000163161,darkgrey,darkgrey,1
ENSG00000163162,indianred,indianred,6
ENSG00000163166,lightgrey,lightgrey,8
ENSG00000163170,dimgrey,dimgrey,4
ENSG00000163171,dimgrey,dimgrey,4
ENSG00000163191,dimgrey,dimgrey,4
ENSG00000163202,dimgrey,dimgrey,4
ENSG00000163207,dimgrey,dimgrey,4
ENSG00000163214,dimgrey,dimgrey,4
ENSG00000163219,dimgrey,dimgrey,4
ENSG00000163249,darkgrey,darkgrey,1
ENSG00000163251,darkgrey,darkgrey,1
ENSG00000163257,darkgrey,darkgrey,1
ENSG00000163281,dimgrey,dimgrey,4
ENSG00000163288,darkgrey,darkgrey,1
ENSG00000163291,brown,brown,0
ENSG00000163297,dimgrey,dimgrey,4
ENSG00000163312,snow,snow,12
ENSG00000163319,dimgrey,dimgrey,4
ENSG00000163320,dimgrey,dimgrey,4
ENSG00000163322,dimgrey,dimgrey,4
ENSG00000163328,darkgrey,darkgrey,1
ENSG00000163344,indianred,indianred,6
ENSG00000163346,darkgrey,darkgrey,1
ENSG00000163347,darkgrey,darkgrey,1
ENSG00000163348,darkgrey,darkgrey,1
ENSG00000163349,darkgrey,darkgrey,1
ENSG00000163359,darkgrey,darkgrey,1
ENSG00000163374,dimgrey,dimgrey,4
ENSG00000163376,brown,brown,0
ENSG00000163378,darkgrey,darkgrey,1
ENSG00000163380,firebrick,firebrick,5
ENSG00000163382,brown,brown,0
ENSG00000163389,dimgrey,dimgrey,4
ENSG00000163393,dimgrey,dimgrey,4
ENSG00000163395,darkgrey,darkgrey,1
ENSG00000163399,darkgrey,darkgrey,1
ENSG00000163412,lightcoral,lightcoral,7
ENSG00000163428,darkgrey,darkgrey,1
ENSG00000163430,dimgrey,dimgrey,4
ENSG00000163431,whitesmoke,whitesmoke,13
ENSG00000163444,indianred,indianred,6
ENSG00000163449,darkgrey,darkgrey,1
ENSG00000163453,dimgrey,dimgrey,4
ENSG00000163462,dimgrey,dimgrey,4
ENSG00000163463,dimgrey,dimgrey,4
ENSG00000163466,darkgrey,darkgrey,1
ENSG00000163467,dimgrey,dimgrey,4
ENSG00000163468,whitesmoke,whitesmoke,13
ENSG00000163472,darkgrey,darkgrey,1
ENSG00000163479,dimgrey,dimgrey,4
ENSG00000163481,indianred,indianred,6
ENSG00000163482,darkgrey,darkgrey,1
ENSG00000163485,darkgrey,darkgrey,1
ENSG00000163491,darkgrey,darkgrey,1
ENSG00000163507,lightgrey,lightgrey,8
ENSG00000163510,snow,snow,12
ENSG00000163512,brown,brown,0
ENSG00000163513,dimgrey,dimgrey,4
ENSG00000163516,darkgrey,darkgrey,1
ENSG00000163517,darkgrey,darkgrey,1
ENSG00000163520,dimgrey,dimgrey,4
ENSG00000163521,brown,brown,0
ENSG00000163527,darkgrey,darkgrey,1
ENSG00000163528,lightgrey,lightgrey,8
ENSG00000163531,brown,brown,0
ENSG00000163535,dimgrey,dimgrey,4
ENSG00000163536,dimgrey,dimgrey,4
ENSG00000163539,dimgrey,dimgrey,4
ENSG00000163541,lightgrey,lightgrey,8
ENSG00000163545,dimgrey,dimgrey,4
ENSG00000163558,darkgrey,darkgrey,1
ENSG00000163565,dimgrey,dimgrey,4
ENSG00000163577,dimgrey,dimgrey,4
ENSG00000163584,dimgrey,dimgrey,4
ENSG00000163590,darkgrey,darkgrey,1
ENSG00000163596,maroon,maroon,9
ENSG00000163602,darkgrey,darkgrey,1
ENSG00000163605,darkgrey,darkgrey,1
ENSG00000163607,dimgrey,dimgrey,4
ENSG00000163608,dimgrey,dimgrey,4
ENSG00000163611,dimgrey,dimgrey,4
ENSG00000163617,dimgrey,dimgrey,4
ENSG00000163618,brown,brown,0
ENSG00000163623,darkgrey,darkgrey,1
ENSG00000163625,darkgrey,darkgrey,1
ENSG00000163626,dimgrey,dimgrey,4
ENSG00000163629,lightcoral,lightcoral,7
ENSG00000163632,dimgrey,dimgrey,4
ENSG00000163634,dimgrey,dimgrey,4
ENSG00000163635,darkgrey,darkgrey,1
ENSG00000163636,dimgrey,dimgrey,4
ENSG00000163637,dimgrey,dimgrey,4
ENSG00000163638,indianred,indianred,6
ENSG00000163644,indianred,indianred,6
ENSG00000163655,dimgrey,dimgrey,4
ENSG00000163659,lightcoral,lightcoral,7
ENSG00000163660,dimgrey,dimgrey,4
ENSG00000163661,indianred,indianred,6
ENSG00000163681,darkgrey,darkgrey,1
ENSG00000163682,dimgrey,dimgrey,4
ENSG00000163683,darkgrey,darkgrey,1
ENSG00000163684,dimgrey,dimgrey,4
ENSG00000163686,dimgrey,dimgrey,4
ENSG00000163689,dimgrey,dimgrey,4
ENSG00000163694,dimgrey,dimgrey,4
ENSG00000163697,dimgrey,dimgrey,4
ENSG00000163701,darkgrey,darkgrey,1
ENSG00000163702,darkgrey,darkgrey,1
ENSG00000163703,maroon,maroon,9
ENSG00000163704,darkgrey,darkgrey,1
ENSG00000163705,dimgrey,dimgrey,4
ENSG00000163710,darkgrey,darkgrey,1
ENSG00000163714,snow,snow,12
ENSG00000163719,dimgrey,dimgrey,4
ENSG00000163728,lightgrey,lightgrey,8
ENSG00000163734,darkgrey,darkgrey,1
ENSG00000163735,darkgrey,darkgrey,1
ENSG00000163738,dimgrey,dimgrey,4
ENSG00000163743,brown,brown,0
ENSG00000163754,dimgrey,dimgrey,4
ENSG00000163755,dimgrey,dimgrey,4
ENSG00000163781,dimgrey,dimgrey,4
ENSG00000163785,darkgrey,darkgrey,1
ENSG00000163788,dimgrey,dimgrey,4
ENSG00000163798,whitesmoke,whitesmoke,13
ENSG00000163803,indianred,indianred,6
ENSG00000163807,dimgrey,dimgrey,4
ENSG00000163808,lightgrey,lightgrey,8
ENSG00000163811,dimgrey,dimgrey,4
ENSG00000163812,darkgrey,darkgrey,1
ENSG00000163814,darkgrey,darkgrey,1
ENSG00000163815,lightgrey,lightgrey,8
ENSG00000163818,darkgrey,darkgrey,1
ENSG00000163820,dimgrey,dimgrey,4
ENSG00000163823,dimgrey,dimgrey,4
ENSG00000163827,brown,brown,0
ENSG00000163832,dimgrey,dimgrey,4
ENSG00000163840,darkgrey,darkgrey,1
ENSG00000163848,dimgrey,dimgrey,4
ENSG00000163866,dimgrey,dimgrey,4
ENSG00000163867,dimgrey,dimgrey,4
ENSG00000163870,darkgrey,darkgrey,1
ENSG00000163872,darkgrey,darkgrey,1
ENSG00000163874,darkgrey,darkgrey,1
ENSG00000163875,indianred,indianred,6
ENSG00000163877,dimgrey,dimgrey,4
ENSG00000163879,brown,brown,0
ENSG00000163882,dimgrey,dimgrey,4
ENSG00000163884,whitesmoke,whitesmoke,13
ENSG00000163888,dimgrey,dimgrey,4
ENSG00000163900,dimgrey,dimgrey,4
ENSG00000163902,dimgrey,dimgrey,4
ENSG00000163904,lightcoral,lightcoral,7
ENSG00000163909,brown,brown,0
ENSG00000163913,darkgrey,darkgrey,1
ENSG00000163918,whitesmoke,whitesmoke,13
ENSG00000163923,dimgrey,dimgrey,4
ENSG00000163930,darkgrey,darkgrey,1
ENSG00000163931,darkgrey,darkgrey,1
ENSG00000163932,darkgrey,darkgrey,1
ENSG00000163933,darkgrey,darkgrey,1
ENSG00000163935,dimgrey,dimgrey,4
ENSG00000163938,darkred,darkred,2
ENSG00000163939,darkgrey,darkgrey,1
ENSG00000163945,darkgrey,darkgrey,1
ENSG00000163946,darkgrey,darkgrey,1
ENSG00000163947,dimgrey,dimgrey,4
ENSG00000163950,dimgrey,dimgrey,4
ENSG00000163956,dimgrey,dimgrey,4
ENSG00000163959,snow,snow,12
ENSG00000163960,darkgrey,darkgrey,1
ENSG00000163961,dimgrey,dimgrey,4
ENSG00000163964,dimgrey,dimgrey,4
ENSG00000163975,darkgrey,darkgrey,1
ENSG00000163995,red,red,11
ENSG00000164002,dimgrey,dimgrey,4
ENSG00000164008,darkgrey,darkgrey,1
ENSG00000164010,dimgrey,dimgrey,4
ENSG00000164011,firebrick,firebrick,5
ENSG00000164022,dimgrey,dimgrey,4
ENSG00000164023,indianred,indianred,6
ENSG00000164024,darkgrey,darkgrey,1
ENSG00000164031,whitesmoke,whitesmoke,13
ENSG00000164032,whitesmoke,whitesmoke,13
ENSG00000164038,dimgrey,dimgrey,4
ENSG00000164039,dimgrey,dimgrey,4
ENSG00000164040,darkgrey,darkgrey,1
ENSG00000164045,whitesmoke,whitesmoke,13
ENSG00000164048,dimgrey,dimgrey,4
ENSG00000164050,dimgrey,dimgrey,4
ENSG00000164051,whitesmoke,whitesmoke,13
ENSG00000164053,dimgrey,dimgrey,4
ENSG00000164054,darkgrey,darkgrey,1
ENSG00000164056,darkgrey,darkgrey,1
ENSG00000164062,darkgrey,darkgrey,1
ENSG00000164066,darkgrey,darkgrey,1
ENSG00000164070,snow,snow,12
ENSG00000164073,darkgrey,darkgrey,1
ENSG00000164074,darkgrey,darkgrey,1
ENSG00000164077,dimgrey,dimgrey,4
ENSG00000164080,darkgrey,darkgrey,1
ENSG00000164081,dimgrey,dimgrey,4
ENSG00000164086,darkgrey,darkgrey,1
ENSG00000164087,darkgrey,darkgrey,1
ENSG00000164088,dimgrey,dimgrey,4
ENSG00000164091,darkgrey,darkgrey,1
ENSG00000164093,dimgrey,dimgrey,4
ENSG00000164096,dimgrey,dimgrey,4
ENSG00000164099,darkgrey,darkgrey,1
ENSG00000164104,darkgrey,darkgrey,1
ENSG00000164105,darkgrey,darkgrey,1
ENSG00000164109,dimgrey,dimgrey,4
ENSG00000164111,dimgrey,dimgrey,4
ENSG00000164112,dimgrey,dimgrey,4
ENSG00000164114,brown,brown,0
ENSG00000164117,indianred,indianred,6
ENSG00000164118,dimgrey,dimgrey,4
ENSG00000164122,dimgrey,dimgrey,4
ENSG00000164124,brown,brown,0
ENSG00000164125,darkgrey,darkgrey,1
ENSG00000164134,lightgrey,lightgrey,8
ENSG00000164136,lightcoral,lightcoral,7
ENSG00000164142,maroon,maroon,9
ENSG00000164144,dimgrey,dimgrey,4
ENSG00000164151,darkgrey,darkgrey,1
ENSG00000164161,darkgrey,darkgrey,1
ENSG00000164162,dimgrey,dimgrey,4
ENSG00000164163,lightcoral,lightcoral,7
ENSG00000164164,lightgrey,lightgrey,8
ENSG00000164167,dimgrey,dimgrey,4
ENSG00000164168,dimgrey,dimgrey,4
ENSG00000164169,dimgrey,dimgrey,4
ENSG00000164171,darkgrey,darkgrey,1
ENSG00000164172,brown,brown,0
ENSG00000164176,dimgrey,dimgrey,4
ENSG00000164180,darkgrey,darkgrey,1
ENSG00000164182,lightgrey,lightgrey,8
ENSG00000164187,darkgrey,darkgrey,1
ENSG00000164190,dimgrey,dimgrey,4
ENSG00000164197,darkgrey,darkgrey,1
ENSG00000164209,dimgrey,dimgrey,4
ENSG00000164211,brown,brown,0
ENSG00000164219,dimgrey,dimgrey,4
ENSG00000164220,dimgrey,dimgrey,4
ENSG00000164221,darkred,darkred,2
ENSG00000164236,darkgrey,darkgrey,1
ENSG00000164237,dimgrey,dimgrey,4
ENSG00000164241,whitesmoke,whitesmoke,13
ENSG00000164244,darkgrey,darkgrey,1
ENSG00000164251,lightgrey,lightgrey,8
ENSG00000164252,dimgrey,dimgrey,4
ENSG00000164253,dimgrey,dimgrey,4
ENSG00000164258,dimgrey,dimgrey,4
ENSG00000164283,darkgrey,darkgrey,1
ENSG00000164284,dimgrey,dimgrey,4
ENSG00000164291,darkgrey,darkgrey,1
ENSG00000164292,darkgrey,darkgrey,1
ENSG00000164294,lightgrey,lightgrey,8
ENSG00000164296,dimgrey,dimgrey,4
ENSG00000164300,darkgrey,darkgrey,1
ENSG00000164305,lightcoral,lightcoral,7
ENSG00000164306,indianred,indianred,6
ENSG00000164307,firebrick,firebrick,5
ENSG00000164308,dimgrey,dimgrey,4
ENSG00000164309,brown,brown,0
ENSG00000164318,dimgrey,dimgrey,4
ENSG00000164323,whitesmoke,whitesmoke,13
ENSG00000164327,darkgrey,darkgrey,1
ENSG00000164329,dimgrey,dimgrey,4
ENSG00000164330,darkgrey,darkgrey,1
ENSG00000164331,lightcoral,lightcoral,7
ENSG00000164332,dimgrey,dimgrey,4
ENSG00000164338,dimgrey,dimgrey,4
ENSG00000164342,brown,brown,0
ENSG00000164346,brown,brown,0
ENSG00000164347,dimgrey,dimgrey,4
ENSG00000164366,darkgrey,darkgrey,1
ENSG00000164379,darkgrey,darkgrey,1
ENSG00000164402,darkgrey,darkgrey,1
ENSG00000164403,darkgrey,darkgrey,1
ENSG00000164405,dimgrey,dimgrey,4
ENSG00000164406,darkgrey,darkgrey,1
ENSG00000164414,dimgrey,dimgrey,4
ENSG00000164418,dimgrey,dimgrey,4
ENSG00000164430,darkgrey,darkgrey,1
ENSG00000164442,dimgrey,dimgrey,4
ENSG00000164463,darkgrey,darkgrey,1
ENSG00000164465,darkgrey,darkgrey,1
ENSG00000164466,dimgrey,dimgrey,4
ENSG00000164483,dimgrey,dimgrey,4
ENSG00000164484,dimgrey,dimgrey,4
ENSG00000164494,brown,brown,0
ENSG00000164506,darkgrey,darkgrey,1
ENSG00000164512,brown,brown,0
ENSG00000164520,darkgrey,darkgrey,1
ENSG00000164535,dimgrey,dimgrey,4
ENSG00000164543,firebrick,firebrick,5
ENSG00000164548,darkgrey,darkgrey,1
ENSG00000164574,darkgrey,darkgrey,1
ENSG00000164576,whitesmoke,whitesmoke,13
ENSG00000164587,darkgrey,darkgrey,1
ENSG00000164597,dimgrey,dimgrey,4
ENSG00000164603,darkgrey,darkgrey,1
ENSG00000164604,whitesmoke,whitesmoke,13
ENSG00000164609,brown,brown,0
ENSG00000164610,dimgrey,dimgrey,4
ENSG00000164611,darkgrey,darkgrey,1
ENSG00000164615,whitesmoke,whitesmoke,13
ENSG00000164619,dimgrey,dimgrey,4
ENSG00000164631,dimgrey,dimgrey,4
ENSG00000164638,dimgrey,dimgrey,4
ENSG00000164647,dimgrey,dimgrey,4
ENSG00000164649,darkgrey,darkgrey,1
ENSG00000164654,dimgrey,dimgrey,4
ENSG00000164659,darkgrey,darkgrey,1
ENSG00000164663,dimgrey,dimgrey,4
ENSG00000164674,darkgrey,darkgrey,1
ENSG00000164683,darkgrey,darkgrey,1
ENSG00000164687,lightgrey,lightgrey,8
ENSG00000164692,lightgrey,lightgrey,8
ENSG00000164707,dimgrey,dimgrey,4
ENSG00000164713,dimgrey,dimgrey,4
ENSG00000164715,snow,snow,12
ENSG00000164733,darkgrey,darkgrey,1
ENSG00000164741,darkgrey,darkgrey,1
ENSG00000164742,darkgrey,darkgrey,1
ENSG00000164743,whitesmoke,whitesmoke,13
ENSG00000164751,dimgrey,dimgrey,4
ENSG00000164754,darkgrey,darkgrey,1
ENSG00000164758,dimgrey,dimgrey,4
ENSG00000164761,darkgrey,darkgrey,1
ENSG00000164764,lightcoral,lightcoral,7
ENSG00000164808,dimgrey,dimgrey,4
ENSG00000164815,darkgrey,darkgrey,1
ENSG00000164818,darkgrey,darkgrey,1
ENSG00000164823,dimgrey,dimgrey,4
ENSG00000164828,lightgrey,lightgrey,8
ENSG00000164830,brown,brown,0
ENSG00000164850,lightgrey,lightgrey,8
ENSG00000164867,lightgrey,lightgrey,8
ENSG00000164877,darkgrey,darkgrey,1
ENSG00000164880,darkgrey,darkgrey,1
ENSG00000164885,darkgrey,darkgrey,1
ENSG00000164889,brown,brown,0
ENSG00000164896,darkgrey,darkgrey,1
ENSG00000164897,darkgrey,darkgrey,1
ENSG00000164898,darkgrey,darkgrey,1
ENSG00000164902,darkred,darkred,2
ENSG00000164904,dimgrey,dimgrey,4
ENSG00000164916,darkgrey,darkgrey,1
ENSG00000164919,dimgrey,dimgrey,4
ENSG00000164920,darkgrey,darkgrey,1
ENSG00000164924,dimgrey,dimgrey,4
ENSG00000164929,indianred,indianred,6
ENSG00000164930,indianred,indianred,6
ENSG00000164932,darkgrey,darkgrey,1
ENSG00000164934,dimgrey,dimgrey,4
ENSG00000164938,dimgrey,dimgrey,4
ENSG00000164941,dimgrey,dimgrey,4
ENSG00000164944,brown,brown,0
ENSG00000164949,dimgrey,dimgrey,4
ENSG00000164951,indianred,indianred,6
ENSG00000164953,lightgrey,lightgrey,8
ENSG00000164961,dimgrey,dimgrey,4
ENSG00000164967,dimgrey,dimgrey,4
ENSG00000164970,lightgrey,lightgrey,8
ENSG00000164972,dimgrey,dimgrey,4
ENSG00000164975,snow,snow,12
ENSG00000164976,dimgrey,dimgrey,4
ENSG00000164978,dimgrey,dimgrey,4
ENSG00000164983,dimgrey,dimgrey,4
ENSG00000164985,snow,snow,12
ENSG00000164989,darkgrey,darkgrey,1
ENSG00000165006,dimgrey,dimgrey,4
ENSG00000165028,dimgrey,dimgrey,4
ENSG00000165029,darkgrey,darkgrey,1
ENSG00000165030,dimgrey,dimgrey,4
ENSG00000165046,dimgrey,dimgrey,4
ENSG00000165055,lightgrey,lightgrey,8
ENSG00000165060,dimgrey,dimgrey,4
ENSG00000165071,brown,brown,0
ENSG00000165072,brown,brown,0
ENSG00000165084,dimgrey,dimgrey,4
ENSG00000165092,dimgrey,dimgrey,4
ENSG00000165097,dimgrey,dimgrey,4
ENSG00000165102,darkgrey,darkgrey,1
ENSG00000165105,lightcoral,lightcoral,7
ENSG00000165113,dimgrey,dimgrey,4
ENSG00000165115,dimgrey,dimgrey,4
ENSG00000165118,darkgrey,darkgrey,1
ENSG00000165119,darkgrey,darkgrey,1
ENSG00000165124,darkgrey,darkgrey,1
ENSG00000165138,dimgrey,dimgrey,4
ENSG00000165152,brown,brown,0
ENSG00000165156,brown,brown,0
ENSG00000165169,dimgrey,dimgrey,4
ENSG00000165171,dimgrey,dimgrey,4
ENSG00000165175,dimgrey,dimgrey,4
ENSG00000165181,maroon,maroon,9
ENSG00000165185,brown,brown,0
ENSG00000165194,indianred,indianred,6
ENSG00000165195,dimgrey,dimgrey,4
ENSG00000165209,brown,brown,0
ENSG00000165219,darkgrey,darkgrey,1
ENSG00000165233,dimgrey,dimgrey,4
ENSG00000165240,darkgrey,darkgrey,1
ENSG00000165244,darkgrey,darkgrey,1
ENSG00000165259,dimgrey,dimgrey,4
ENSG00000165264,dimgrey,dimgrey,4
ENSG00000165271,dimgrey,dimgrey,4
ENSG00000165272,darkgrey,darkgrey,1
ENSG00000165275,darkgrey,darkgrey,1
ENSG00000165280,dimgrey,dimgrey,4
ENSG00000165282,brown,brown,0
ENSG00000165283,darkgrey,darkgrey,1
ENSG00000165288,darkgrey,darkgrey,1
ENSG00000165300,brown,brown,0
ENSG00000165304,lightcoral,lightcoral,7
ENSG00000165312,brown,brown,0
ENSG00000165322,lightgrey,lightgrey,8
ENSG00000165323,darkgrey,darkgrey,1
ENSG00000165338,snow,snow,12
ENSG00000165355,dimgrey,dimgrey,4
ENSG00000165359,indianred,indianred,6
ENSG00000165389,dimgrey,dimgrey,4
ENSG00000165392,darkgrey,darkgrey,1
ENSG00000165406,darkgrey,darkgrey,1
ENSG00000165410,dimgrey,dimgrey,4
ENSG00000165416,lightgrey,lightgrey,8
ENSG00000165417,indianred,indianred,6
ENSG00000165424,darkgrey,darkgrey,1
ENSG00000165434,lightgrey,lightgrey,8
ENSG00000165449,lightgrey,lightgrey,8
ENSG00000165458,darkgrey,darkgrey,1
ENSG00000165475,dimgrey,dimgrey,4
ENSG00000165476,darkgrey,darkgrey,1
ENSG00000165480,whitesmoke,whitesmoke,13
ENSG00000165487,dimgrey,dimgrey,4
ENSG00000165490,dimgrey,dimgrey,4
ENSG00000165494,dimgrey,dimgrey,4
ENSG00000165495,dimgrey,dimgrey,4
ENSG00000165501,darkgrey,darkgrey,1
ENSG00000165502,dimgrey,dimgrey,4
ENSG00000165506,snow,snow,12
ENSG00000165507,darkgrey,darkgrey,1
ENSG00000165512,darkgrey,darkgrey,1
ENSG00000165516,dimgrey,dimgrey,4
ENSG00000165525,brown,brown,0
ENSG00000165526,darkgrey,darkgrey,1
ENSG00000165527,dimgrey,dimgrey,4
ENSG00000165533,darkgrey,darkgrey,1
ENSG00000165568,brown,brown,0
ENSG00000165572,darkgrey,darkgrey,1
ENSG00000165609,dimgrey,dimgrey,4
ENSG00000165617,indianred,indianred,6
ENSG00000165626,red,red,11
ENSG00000165629,dimgrey,dimgrey,4
ENSG00000165630,darkgrey,darkgrey,1
ENSG00000165632,brown,brown,0
ENSG00000165633,darkgrey,darkgrey,1
ENSG00000165637,dimgrey,dimgrey,4
ENSG00000165644,whitesmoke,whitesmoke,13
ENSG00000165650,darkgrey,darkgrey,1
ENSG00000165655,darkgrey,darkgrey,1
ENSG00000165660,dimgrey,dimgrey,4
ENSG00000165661,dimgrey,dimgrey,4
ENSG00000165669,dimgrey,dimgrey,4
ENSG00000165671,darkgrey,darkgrey,1
ENSG00000165672,dimgrey,dimgrey,4
ENSG00000165675,dimgrey,dimgrey,4
ENSG00000165678,dimgrey,dimgrey,4
ENSG00000165684,dimgrey,dimgrey,4
ENSG00000165685,dimgrey,dimgrey,4
ENSG00000165688,maroon,maroon,9
ENSG00000165689,darksalmon,darksalmon,3
ENSG00000165698,snow,snow,12
ENSG00000165699,darkgrey,darkgrey,1
ENSG00000165704,dimgrey,dimgrey,4
ENSG00000165724,dimgrey,dimgrey,4
ENSG00000165731,darkgrey,darkgrey,1
ENSG00000165732,lightgrey,lightgrey,8
ENSG00000165733,darkgrey,darkgrey,1
ENSG00000165752,darkgrey,darkgrey,1
ENSG00000165757,indianred,indianred,6
ENSG00000165775,dimgrey,dimgrey,4
ENSG00000165792,whitesmoke,whitesmoke,13
ENSG00000165801,dimgrey,dimgrey,4
ENSG00000165802,darkgrey,darkgrey,1
ENSG00000165804,dimgrey,dimgrey,4
ENSG00000165806,whitesmoke,whitesmoke,13
ENSG00000165813,darkgrey,darkgrey,1
ENSG00000165819,maroon,maroon,9
ENSG00000165832,darkgrey,darkgrey,1
ENSG00000165861,darkgrey,darkgrey,1
ENSG00000165868,darkgrey,darkgrey,1
ENSG00000165879,dimgrey,dimgrey,4
ENSG00000165886,darkgrey,darkgrey,1
ENSG00000165887,dimgrey,dimgrey,4
ENSG00000165891,maroon,maroon,9
ENSG00000165895,dimgrey,dimgrey,4
ENSG00000165898,dimgrey,dimgrey,4
ENSG00000165912,darkgrey,darkgrey,1
ENSG00000165914,whitesmoke,whitesmoke,13
ENSG00000165915,darkgrey,darkgrey,1
ENSG00000165916,dimgrey,dimgrey,4
ENSG00000165934,darkgrey,darkgrey,1
ENSG00000165935,darkgrey,darkgrey,1
ENSG00000165948,dimgrey,dimgrey,4
ENSG00000165959,dimgrey,dimgrey,4
ENSG00000165983,darkgrey,darkgrey,1
ENSG00000165995,snow,snow,12
ENSG00000165996,dimgrey,dimgrey,4
ENSG00000165997,darkgrey,darkgrey,1
ENSG00000166002,red,red,11
ENSG00000166004,darkgrey,darkgrey,1
ENSG00000166012,lightgrey,lightgrey,8
ENSG00000166016,dimgrey,dimgrey,4
ENSG00000166024,brown,brown,0
ENSG00000166025,whitesmoke,whitesmoke,13
ENSG00000166033,darkgrey,darkgrey,1
ENSG00000166037,dimgrey,dimgrey,4
ENSG00000166046,darkgrey,darkgrey,1
ENSG00000166068,dimgrey,dimgrey,4
ENSG00000166073,dimgrey,dimgrey,4
ENSG00000166086,darkgrey,darkgrey,1
ENSG00000166106,darkgrey,darkgrey,1
ENSG00000166123,darkgrey,darkgrey,1
ENSG00000166128,dimgrey,dimgrey,4
ENSG00000166130,dimgrey,dimgrey,4
ENSG00000166133,darkgrey,darkgrey,1
ENSG00000166135,darkgrey,darkgrey,1
ENSG00000166136,darkgrey,darkgrey,1
ENSG00000166140,dimgrey,dimgrey,4
ENSG00000166147,darkgrey,darkgrey,1
ENSG00000166153,snow,snow,12
ENSG00000166164,brown,brown,0
ENSG00000166165,darkgrey,darkgrey,1
ENSG00000166166,dimgrey,dimgrey,4
ENSG00000166167,darkgrey,darkgrey,1
ENSG00000166169,darkgrey,darkgrey,1
ENSG00000166170,whitesmoke,whitesmoke,13
ENSG00000166171,firebrick,firebrick,5
ENSG00000166173,dimgrey,dimgrey,4
ENSG00000166181,dimgrey,dimgrey,4
ENSG00000166188,dimgrey,dimgrey,4
ENSG00000166189,whitesmoke,whitesmoke,13
ENSG00000166192,indianred,indianred,6
ENSG00000166197,dimgrey,dimgrey,4
ENSG00000166199,mistyrose,mistyrose,10
ENSG00000166200,dimgrey,dimgrey,4
ENSG00000166206,brown,brown,0
ENSG00000166224,darkgrey,darkgrey,1
ENSG00000166225,lightcoral,lightcoral,7
ENSG00000166226,dimgrey,dimgrey,4
ENSG00000166228,dimgrey,dimgrey,4
ENSG00000166233,lightcoral,lightcoral,7
ENSG00000166250,brown,brown,0
ENSG00000166257,dimgrey,dimgrey,4
ENSG00000166260,dimgrey,dimgrey,4
ENSG00000166261,dimgrey,dimgrey,4
ENSG00000166262,darkgrey,darkgrey,1
ENSG00000166263,maroon,maroon,9
ENSG00000166266,brown,brown,0
ENSG00000166272,darkgrey,darkgrey,1
ENSG00000166275,dimgrey,dimgrey,4
ENSG00000166289,darkgrey,darkgrey,1
ENSG00000166292,lightgrey,lightgrey,8
ENSG00000166295,dimgrey,dimgrey,4
ENSG00000166311,darkgrey,darkgrey,1
ENSG00000166313,dimgrey,dimgrey,4
ENSG00000166317,dimgrey,dimgrey,4
ENSG00000166321,dimgrey,dimgrey,4
ENSG00000166323,darkgrey,darkgrey,1
ENSG00000166326,darkgrey,darkgrey,1
ENSG00000166333,darkgrey,darkgrey,1
ENSG00000166337,indianred,indianred,6
ENSG00000166340,dimgrey,dimgrey,4
ENSG00000166341,darkgrey,darkgrey,1
ENSG00000166343,dimgrey,dimgrey,4
ENSG00000166347,darkgrey,darkgrey,1
ENSG00000166352,whitesmoke,whitesmoke,13
ENSG00000166363,dimgrey,dimgrey,4
ENSG00000166377,darkgrey,darkgrey,1
ENSG00000166387,dimgrey,dimgrey,4
ENSG00000166394,darkgrey,darkgrey,1
ENSG00000166396,dimgrey,dimgrey,4
ENSG00000166398,darkgrey,darkgrey,1
ENSG00000166401,dimgrey,dimgrey,4
ENSG00000166402,dimgrey,dimgrey,4
ENSG00000166411,snow,snow,12
ENSG00000166432,lightgrey,lightgrey,8
ENSG00000166435,dimgrey,dimgrey,4
ENSG00000166436,darkgrey,darkgrey,1
ENSG00000166439,darkgrey,darkgrey,1
ENSG00000166441,darkgrey,darkgrey,1
ENSG00000166444,dimgrey,dimgrey,4
ENSG00000166446,maroon,maroon,9
ENSG00000166448,brown,brown,0
ENSG00000166450,maroon,maroon,9
ENSG00000166451,dimgrey,dimgrey,4
ENSG00000166452,dimgrey,dimgrey,4
ENSG00000166454,darkgrey,darkgrey,1
ENSG00000166471,dimgrey,dimgrey,4
ENSG00000166477,lightgrey,lightgrey,8
ENSG00000166478,dimgrey,dimgrey,4
ENSG00000166479,darkgrey,darkgrey,1
ENSG00000166482,dimgrey,dimgrey,4
ENSG00000166483,darkgrey,darkgrey,1
ENSG00000166484,dimgrey,dimgrey,4
ENSG00000166503,dimgrey,dimgrey,4
ENSG00000166507,darkgrey,darkgrey,1
ENSG00000166508,darkgrey,darkgrey,1
ENSG00000166510,lightgrey,lightgrey,8
ENSG00000166526,darkgrey,darkgrey,1
ENSG00000166529,dimgrey,dimgrey,4
ENSG00000166532,dimgrey,dimgrey,4
ENSG00000166546,lightgrey,lightgrey,8
ENSG00000166548,darkred,darkred,2
ENSG00000166557,dimgrey,dimgrey,4
ENSG00000166562,dimgrey,dimgrey,4
ENSG00000166575,dimgrey,dimgrey,4
ENSG00000166579,darkgrey,darkgrey,1
ENSG00000166582,dimgrey,dimgrey,4
ENSG00000166592,dimgrey,dimgrey,4
ENSG00000166595,red,red,11
ENSG00000166598,darkgrey,darkgrey,1
ENSG00000166619,dimgrey,dimgrey,4
ENSG00000166669,brown,brown,0
ENSG00000166670,darkgrey,darkgrey,1
ENSG00000166676,darkgrey,darkgrey,1
ENSG00000166681,dimgrey,dimgrey,4
ENSG00000166682,darkgrey,darkgrey,1
ENSG00000166685,indianred,indianred,6
ENSG00000166689,darkred,darkred,2
ENSG00000166704,lightcoral,lightcoral,7
ENSG00000166710,dimgrey,dimgrey,4
ENSG00000166716,darkgrey,darkgrey,1
ENSG00000166734,dimgrey,dimgrey,4
ENSG00000166741,whitesmoke,whitesmoke,13
ENSG00000166747,dimgrey,dimgrey,4
ENSG00000166750,dimgrey,dimgrey,4
ENSG00000166762,maroon,maroon,9
ENSG00000166780,lightcoral,lightcoral,7
ENSG00000166783,whitesmoke,whitesmoke,13
ENSG00000166788,darkgrey,darkgrey,1
ENSG00000166793,firebrick,firebrick,5
ENSG00000166794,maroon,maroon,9
ENSG00000166797,whitesmoke,whitesmoke,13
ENSG00000166800,dimgrey,dimgrey,4
ENSG00000166801,darkgrey,darkgrey,1
ENSG00000166803,dimgrey,dimgrey,4
ENSG00000166813,lightcoral,lightcoral,7
ENSG00000166821,darkgrey,darkgrey,1
ENSG00000166822,dimgrey,dimgrey,4
ENSG00000166823,dimgrey,dimgrey,4
ENSG00000166825,dimgrey,dimgrey,4
ENSG00000166831,brown,brown,0
ENSG00000166833,darkgrey,darkgrey,1
ENSG00000166839,darkgrey,darkgrey,1
ENSG00000166845,dimgrey,dimgrey,4
ENSG00000166847,darkgrey,darkgrey,1
ENSG00000166848,darkgrey,darkgrey,1
ENSG00000166851,dimgrey,dimgrey,4
ENSG00000166855,darkgrey,darkgrey,1
ENSG00000166860,dimgrey,dimgrey,4
ENSG00000166881,maroon,maroon,9
ENSG00000166886,darkgrey,darkgrey,1
ENSG00000166887,dimgrey,dimgrey,4
ENSG00000166888,lightgrey,lightgrey,8
ENSG00000166889,lightgrey,lightgrey,8
ENSG00000166897,darkgrey,darkgrey,1
ENSG00000166900,darkgrey,darkgrey,1
ENSG00000166902,dimgrey,dimgrey,4
ENSG00000166908,darkgrey,darkgrey,1
ENSG00000166912,dimgrey,dimgrey,4
ENSG00000166913,darkgrey,darkgrey,1
ENSG00000166920,dimgrey,dimgrey,4
ENSG00000166923,darkred,darkred,2
ENSG00000166924,indianred,indianred,6
ENSG00000166925,darkgrey,darkgrey,1
ENSG00000166938,dimgrey,dimgrey,4
ENSG00000166946,dimgrey,dimgrey,4
ENSG00000166949,darkgrey,darkgrey,1
ENSG00000166963,lightgrey,lightgrey,8
ENSG00000166965,firebrick,firebrick,5
ENSG00000166971,dimgrey,dimgrey,4
ENSG00000166974,darkgrey,darkgrey,1
ENSG00000166979,brown,brown,0
ENSG00000166986,dimgrey,dimgrey,4
ENSG00000166997,darkgrey,darkgrey,1
ENSG00000167004,whitesmoke,whitesmoke,13
ENSG00000167005,darkgrey,darkgrey,1
ENSG00000167034,darkgrey,darkgrey,1
ENSG00000167065,lightgrey,lightgrey,8
ENSG00000167074,darkgrey,darkgrey,1
ENSG00000167077,dimgrey,dimgrey,4
ENSG00000167081,darkgrey,darkgrey,1
ENSG00000167083,dimgrey,dimgrey,4
ENSG00000167085,dimgrey,dimgrey,4
ENSG00000167088,darkgrey,darkgrey,1
ENSG00000167100,indianred,indianred,6
ENSG00000167103,snow,snow,12
ENSG00000167106,darkgrey,darkgrey,1
ENSG00000167107,indianred,indianred,6
ENSG00000167110,dimgrey,dimgrey,4
ENSG00000167112,lightgrey,lightgrey,8
ENSG00000167113,dimgrey,dimgrey,4
ENSG00000167114,darkgrey,darkgrey,1
ENSG00000167118,darkgrey,darkgrey,1
ENSG00000167123,darkgrey,darkgrey,1
ENSG00000167130,darkgrey,darkgrey,1
ENSG00000167131,brown,brown,0
ENSG00000167157,darkgrey,darkgrey,1
ENSG00000167173,dimgrey,dimgrey,4
ENSG00000167182,darkgrey,darkgrey,1
ENSG00000167186,maroon,maroon,9
ENSG00000167191,darkgrey,darkgrey,1
ENSG00000167193,whitesmoke,whitesmoke,13
ENSG00000167196,dimgrey,dimgrey,4
ENSG00000167202,dimgrey,dimgrey,4
ENSG00000167216,dimgrey,dimgrey,4
ENSG00000167232,brown,brown,0
ENSG00000167257,lightgrey,lightgrey,8
ENSG00000167258,darkgrey,darkgrey,1
ENSG00000167264,whitesmoke,whitesmoke,13
ENSG00000167272,dimgrey,dimgrey,4
ENSG00000167280,dimgrey,dimgrey,4
ENSG00000167283,mistyrose,mistyrose,10
ENSG00000167291,dimgrey,dimgrey,4
ENSG00000167302,whitesmoke,whitesmoke,13
ENSG00000167315,dimgrey,dimgrey,4
ENSG00000167323,darkgrey,darkgrey,1
ENSG00000167325,lightgrey,lightgrey,8
ENSG00000167333,dimgrey,dimgrey,4
ENSG00000167363,dimgrey,dimgrey,4
ENSG00000167371,darkgrey,darkgrey,1
ENSG00000167378,darkgrey,darkgrey,1
ENSG00000167380,whitesmoke,whitesmoke,13
ENSG00000167384,dimgrey,dimgrey,4
ENSG00000167395,firebrick,firebrick,5
ENSG00000167397,dimgrey,dimgrey,4
ENSG00000167447,dimgrey,dimgrey,4
ENSG00000167460,darkgrey,darkgrey,1
ENSG00000167461,darkgrey,darkgrey,1
ENSG00000167468,dimgrey,dimgrey,4
ENSG00000167470,darkgrey,darkgrey,1
ENSG00000167487,darkgrey,darkgrey,1
ENSG00000167491,darkgrey,darkgrey,1
ENSG00000167508,darkgrey,darkgrey,1
ENSG00000167513,whitesmoke,whitesmoke,13
ENSG00000167515,darkgrey,darkgrey,1
ENSG00000167522,darkred,darkred,2
ENSG00000167523,darkgrey,darkgrey,1
ENSG00000167524,dimgrey,dimgrey,4
ENSG00000167525,dimgrey,dimgrey,4
ENSG00000167526,dimgrey,dimgrey,4
ENSG00000167528,dimgrey,dimgrey,4
ENSG00000167535,darkgrey,darkgrey,1
ENSG00000167543,darkgrey,darkgrey,1
ENSG00000167548,darkgrey,darkgrey,1
ENSG00000167549,dimgrey,dimgrey,4
ENSG00000167550,darkgrey,darkgrey,1
ENSG00000167552,dimgrey,dimgrey,4
ENSG00000167553,brown,brown,0
ENSG00000167554,lightgrey,lightgrey,8
ENSG00000167555,lightgrey,lightgrey,8
ENSG00000167562,dimgrey,dimgrey,4
ENSG00000167565,darkgrey,darkgrey,1
ENSG00000167566,darkgrey,darkgrey,1
ENSG00000167595,darkgrey,darkgrey,1
ENSG00000167600,brown,brown,0
ENSG00000167601,darkgrey,darkgrey,1
ENSG00000167604,brown,brown,0
ENSG00000167625,darkgrey,darkgrey,1
ENSG00000167632,brown,brown,0
ENSG00000167635,lightgrey,lightgrey,8
ENSG00000167637,indianred,indianred,6
ENSG00000167641,darkgrey,darkgrey,1
ENSG00000167645,darkgrey,darkgrey,1
ENSG00000167657,dimgrey,dimgrey,4
ENSG00000167658,dimgrey,dimgrey,4
ENSG00000167670,maroon,maroon,9
ENSG00000167671,whitesmoke,whitesmoke,13
ENSG00000167674,darkgrey,darkgrey,1
ENSG00000167685,darkgrey,darkgrey,1
ENSG00000167693,darkgrey,darkgrey,1
ENSG00000167695,red,red,11
ENSG00000167699,indianred,indianred,6
ENSG00000167700,darkgrey,darkgrey,1
ENSG00000167703,dimgrey,dimgrey,4
ENSG00000167720,dimgrey,dimgrey,4
ENSG00000167721,snow,snow,12
ENSG00000167723,whitesmoke,whitesmoke,13
ENSG00000167733,dimgrey,dimgrey,4
ENSG00000167740,darkgrey,darkgrey,1
ENSG00000167766,dimgrey,dimgrey,4
ENSG00000167767,lightgrey,lightgrey,8
ENSG00000167770,dimgrey,dimgrey,4
ENSG00000167771,darkgrey,darkgrey,1
ENSG00000167772,whitesmoke,whitesmoke,13
ENSG00000167775,darkgrey,darkgrey,1
ENSG00000167778,darkgrey,darkgrey,1
ENSG00000167779,lightcoral,lightcoral,7
ENSG00000167792,dimgrey,dimgrey,4
ENSG00000167797,darkgrey,darkgrey,1
ENSG00000167799,darkgrey,darkgrey,1
ENSG00000167815,dimgrey,dimgrey,4
ENSG00000167840,dimgrey,dimgrey,4
ENSG00000167842,brown,brown,0
ENSG00000167862,dimgrey,dimgrey,4
ENSG00000167863,dimgrey,dimgrey,4
ENSG00000167881,dimgrey,dimgrey,4
ENSG00000167900,lightcoral,lightcoral,7
ENSG00000167904,brown,brown,0
ENSG00000167925,darkgrey,darkgrey,1
ENSG00000167930,darkgrey,darkgrey,1
ENSG00000167964,darkgrey,darkgrey,1
ENSG00000167965,dimgrey,dimgrey,4
ENSG00000167967,dimgrey,dimgrey,4
ENSG00000167969,dimgrey,dimgrey,4
ENSG00000167972,whitesmoke,whitesmoke,13
ENSG00000167977,dimgrey,dimgrey,4
ENSG00000167978,dimgrey,dimgrey,4
ENSG00000167981,firebrick,firebrick,5
ENSG00000167984,brown,brown,0
ENSG00000167985,lightgrey,lightgrey,8
ENSG00000167986,whitesmoke,whitesmoke,13
ENSG00000167987,darkgrey,darkgrey,1
ENSG00000167992,darkgrey,darkgrey,1
ENSG00000167994,darkgrey,darkgrey,1
ENSG00000167995,dimgrey,dimgrey,4
ENSG00000167996,dimgrey,dimgrey,4
ENSG00000168002,darkgrey,darkgrey,1
ENSG00000168003,darkgrey,darkgrey,1
ENSG00000168005,darkgrey,darkgrey,1
ENSG00000168010,darkgrey,darkgrey,1
ENSG00000168014,dimgrey,dimgrey,4
ENSG00000168016,darkgrey,darkgrey,1
ENSG00000168026,darkgrey,darkgrey,1
ENSG00000168028,dimgrey,dimgrey,4
ENSG00000168036,darkgrey,darkgrey,1
ENSG00000168038,darkgrey,darkgrey,1
ENSG00000168056,darkgrey,darkgrey,1
ENSG00000168060,brown,brown,0
ENSG00000168061,darkgrey,darkgrey,1
ENSG00000168062,brown,brown,0
ENSG00000168066,dimgrey,dimgrey,4
ENSG00000168067,darkgrey,darkgrey,1
ENSG00000168071,indianred,indianred,6
ENSG00000168077,darkgrey,darkgrey,1
ENSG00000168090,dimgrey,dimgrey,4
ENSG00000168092,whitesmoke,whitesmoke,13
ENSG00000168096,darkgrey,darkgrey,1
ENSG00000168101,darkgrey,darkgrey,1
ENSG00000168116,maroon,maroon,9
ENSG00000168118,dimgrey,dimgrey,4
ENSG00000168137,darkgrey,darkgrey,1
ENSG00000168152,darkgrey,darkgrey,1
ENSG00000168172,darkgrey,darkgrey,1
ENSG00000168175,indianred,indianred,6
ENSG00000168209,dimgrey,dimgrey,4
ENSG00000168214,darkred,darkred,2
ENSG00000168216,darkgrey,darkgrey,1
ENSG00000168228,dimgrey,dimgrey,4
ENSG00000168234,dimgrey,dimgrey,4
ENSG00000168237,darkgrey,darkgrey,1
ENSG00000168246,dimgrey,dimgrey,4
ENSG00000168256,dimgrey,dimgrey,4
ENSG00000168259,dimgrey,dimgrey,4
ENSG00000168264,dimgrey,dimgrey,4
ENSG00000168268,dimgrey,dimgrey,4
ENSG00000168273,whitesmoke,whitesmoke,13
ENSG00000168275,dimgrey,dimgrey,4
ENSG00000168280,dimgrey,dimgrey,4
ENSG00000168283,dimgrey,dimgrey,4
ENSG00000168286,darkgrey,darkgrey,1
ENSG00000168288,dimgrey,dimgrey,4
ENSG00000168291,dimgrey,dimgrey,4
ENSG00000168297,lightgrey,lightgrey,8
ENSG00000168298,darkgrey,darkgrey,1
ENSG00000168300,dimgrey,dimgrey,4
ENSG00000168301,lightcoral,lightcoral,7
ENSG00000168303,indianred,indianred,6
ENSG00000168306,whitesmoke,whitesmoke,13
ENSG00000168310,whitesmoke,whitesmoke,13
ENSG00000168334,darkgrey,darkgrey,1
ENSG00000168374,dimgrey,dimgrey,4
ENSG00000168385,dimgrey,dimgrey,4
ENSG00000168386,darkgrey,darkgrey,1
ENSG00000168389,lightcoral,lightcoral,7
ENSG00000168393,dimgrey,dimgrey,4
ENSG00000168395,dimgrey,dimgrey,4
ENSG00000168397,darkgrey,darkgrey,1
ENSG00000168398,darkgrey,darkgrey,1
ENSG00000168404,darkgrey,darkgrey,1
ENSG00000168411,darkgrey,darkgrey,1
ENSG00000168434,dimgrey,dimgrey,4
ENSG00000168438,snow,snow,12
ENSG00000168439,dimgrey,dimgrey,4
ENSG00000168453,darkgrey,darkgrey,1
ENSG00000168461,darkgrey,darkgrey,1
ENSG00000168476,darkgrey,darkgrey,1
ENSG00000168487,brown,brown,0
ENSG00000168488,darkgrey,darkgrey,1
ENSG00000168491,brown,brown,0
ENSG00000168495,darkgrey,darkgrey,1
ENSG00000168496,whitesmoke,whitesmoke,13
ENSG00000168497,brown,brown,0
ENSG00000168502,dimgrey,dimgrey,4
ENSG00000168505,darkgrey,darkgrey,1
ENSG00000168522,dimgrey,dimgrey,4
ENSG00000168528,darkgrey,darkgrey,1
ENSG00000168538,dimgrey,dimgrey,4
ENSG00000168542,dimgrey,dimgrey,4
ENSG00000168556,darkgrey,darkgrey,1
ENSG00000168564,firebrick,firebrick,5
ENSG00000168566,dimgrey,dimgrey,4
ENSG00000168569,darkgrey,darkgrey,1
ENSG00000168575,dimgrey,dimgrey,4
ENSG00000168591,darkgrey,darkgrey,1
ENSG00000168610,darkgrey,darkgrey,1
ENSG00000168612,darkgrey,darkgrey,1
ENSG00000168615,darkgrey,darkgrey,1
ENSG00000168621,darkgrey,darkgrey,1
ENSG00000168646,maroon,maroon,9
ENSG00000168653,dimgrey,dimgrey,4
ENSG00000168661,dimgrey,dimgrey,4
ENSG00000168679,indianred,indianred,6
ENSG00000168685,darkgrey,darkgrey,1
ENSG00000168701,brown,brown,0
ENSG00000168710,darkgrey,darkgrey,1
ENSG00000168724,snow,snow,12
ENSG00000168734,dimgrey,dimgrey,4
ENSG00000168758,darkgrey,darkgrey,1
ENSG00000168763,dimgrey,dimgrey,4
ENSG00000168765,dimgrey,dimgrey,4
ENSG00000168769,darkgrey,darkgrey,1
ENSG00000168778,dimgrey,dimgrey,4
ENSG00000168779,dimgrey,dimgrey,4
ENSG00000168781,darkgrey,darkgrey,1
ENSG00000168785,whitesmoke,whitesmoke,13
ENSG00000168792,brown,brown,0
ENSG00000168795,darkgrey,darkgrey,1
ENSG00000168803,lightgrey,lightgrey,8
ENSG00000168806,dimgrey,dimgrey,4
ENSG00000168807,dimgrey,dimgrey,4
ENSG00000168811,brown,brown,0
ENSG00000168813,darkgrey,darkgrey,1
ENSG00000168818,dimgrey,dimgrey,4
ENSG00000168824,lightcoral,lightcoral,7
ENSG00000168826,whitesmoke,whitesmoke,13
ENSG00000168827,darkgrey,darkgrey,1
ENSG00000168872,dimgrey,dimgrey,4
ENSG00000168874,darkgrey,darkgrey,1
ENSG00000168876,darkgrey,darkgrey,1
ENSG00000168883,lightgrey,lightgrey,8
ENSG00000168884,dimgrey,dimgrey,4
ENSG00000168887,dimgrey,dimgrey,4
ENSG00000168890,darkgrey,darkgrey,1
ENSG00000168894,lightgrey,lightgrey,8
ENSG00000168899,indianred,indianred,6
ENSG00000168904,dimgrey,dimgrey,4
ENSG00000168906,dimgrey,dimgrey,4
ENSG00000168916,dimgrey,dimgrey,4
ENSG00000168917,lightcoral,lightcoral,7
ENSG00000168924,darkgrey,darkgrey,1
ENSG00000168936,darkgrey,darkgrey,1
ENSG00000168938,darkgrey,darkgrey,1
ENSG00000168944,darkgrey,darkgrey,1
ENSG00000168952,maroon,maroon,9
ENSG00000168958,dimgrey,dimgrey,4
ENSG00000168961,darkgrey,darkgrey,1
ENSG00000168994,dimgrey,dimgrey,4
ENSG00000169016,darkgrey,darkgrey,1
ENSG00000169018,dimgrey,dimgrey,4
ENSG00000169019,dimgrey,dimgrey,4
ENSG00000169020,dimgrey,dimgrey,4
ENSG00000169021,dimgrey,dimgrey,4
ENSG00000169026,dimgrey,dimgrey,4
ENSG00000169031,dimgrey,dimgrey,4
ENSG00000169032,dimgrey,dimgrey,4
ENSG00000169045,dimgrey,dimgrey,4
ENSG00000169047,darkgrey,darkgrey,1
ENSG00000169057,darkgrey,darkgrey,1
ENSG00000169062,dimgrey,dimgrey,4
ENSG00000169071,red,red,11
ENSG00000169083,darkgrey,darkgrey,1
ENSG00000169087,dimgrey,dimgrey,4
ENSG00000169105,darkgrey,darkgrey,1
ENSG00000169116,dimgrey,dimgrey,4
ENSG00000169118,darkgrey,darkgrey,1
ENSG00000169122,dimgrey,dimgrey,4
ENSG00000169129,dimgrey,dimgrey,4
ENSG00000169131,lightgrey,lightgrey,8
ENSG00000169136,darkgrey,darkgrey,1
ENSG00000169139,whitesmoke,whitesmoke,13
ENSG00000169155,darkgrey,darkgrey,1
ENSG00000169169,dimgrey,dimgrey,4
ENSG00000169180,dimgrey,dimgrey,4
ENSG00000169184,dimgrey,dimgrey,4
ENSG00000169188,dimgrey,dimgrey,4
ENSG00000169189,maroon,maroon,9
ENSG00000169193,darkgrey,darkgrey,1
ENSG00000169213,dimgrey,dimgrey,4
ENSG00000169217,darkgrey,darkgrey,1
ENSG00000169220,darkgrey,darkgrey,1
ENSG00000169221,dimgrey,dimgrey,4
ENSG00000169223,darkgrey,darkgrey,1
ENSG00000169228,dimgrey,dimgrey,4
ENSG00000169230,dimgrey,dimgrey,4
ENSG00000169231,lightcoral,lightcoral,7
ENSG00000169239,darkgrey,darkgrey,1
ENSG00000169241,whitesmoke,whitesmoke,13
ENSG00000169247,darkgrey,darkgrey,1
ENSG00000169249,lightgrey,lightgrey,8
ENSG00000169251,dimgrey,dimgrey,4
ENSG00000169252,dimgrey,dimgrey,4
ENSG00000169255,dimgrey,dimgrey,4
ENSG00000169271,maroon,maroon,9
ENSG00000169282,dimgrey,dimgrey,4
ENSG00000169288,dimgrey,dimgrey,4
ENSG00000169299,dimgrey,dimgrey,4
ENSG00000169302,darkgrey,darkgrey,1
ENSG00000169306,brown,brown,0
ENSG00000169330,dimgrey,dimgrey,4
ENSG00000169359,lightgrey,lightgrey,8
ENSG00000169371,lightgrey,lightgrey,8
ENSG00000169372,dimgrey,dimgrey,4
ENSG00000169375,darkgrey,darkgrey,1
ENSG00000169379,darkgrey,darkgrey,1
ENSG00000169398,red,red,11
ENSG00000169403,dimgrey,dimgrey,4
ENSG00000169410,dimgrey,dimgrey,4
ENSG00000169429,dimgrey,dimgrey,4
ENSG00000169432,darkgrey,darkgrey,1
ENSG00000169436,dimgrey,dimgrey,4
ENSG00000169439,dimgrey,dimgrey,4
ENSG00000169446,darkgrey,darkgrey,1
ENSG00000169490,dimgrey,dimgrey,4
ENSG00000169495,dimgrey,dimgrey,4
ENSG00000169499,dimgrey,dimgrey,4
ENSG00000169504,dimgrey,dimgrey,4
ENSG00000169508,lightcoral,lightcoral,7
ENSG00000169509,dimgrey,dimgrey,4
ENSG00000169515,darkgrey,darkgrey,1
ENSG00000169519,darkgrey,darkgrey,1
ENSG00000169554,darkgrey,darkgrey,1
ENSG00000169567,lightgrey,lightgrey,8
ENSG00000169570,maroon,maroon,9
ENSG00000169583,dimgrey,dimgrey,4
ENSG00000169592,darkgrey,darkgrey,1
ENSG00000169594,dimgrey,dimgrey,4
ENSG00000169598,darkgrey,darkgrey,1
ENSG00000169599,whitesmoke,whitesmoke,13
ENSG00000169604,darkgrey,darkgrey,1
ENSG00000169607,dimgrey,dimgrey,4
ENSG00000169609,indianred,indianred,6
ENSG00000169612,dimgrey,dimgrey,4
ENSG00000169621,dimgrey,dimgrey,4
ENSG00000169629,dimgrey,dimgrey,4
ENSG00000169635,darkgrey,darkgrey,1
ENSG00000169641,snow,snow,12
ENSG00000169660,dimgrey,dimgrey,4
ENSG00000169679,dimgrey,dimgrey,4
ENSG00000169682,darkgrey,darkgrey,1
ENSG00000169683,dimgrey,dimgrey,4
ENSG00000169684,darkgrey,darkgrey,1
ENSG00000169689,darkgrey,darkgrey,1
ENSG00000169692,darkgrey,darkgrey,1
ENSG00000169696,darkgrey,darkgrey,1
ENSG00000169710,darkgrey,darkgrey,1
ENSG00000169714,dimgrey,dimgrey,4
ENSG00000169715,red,red,11
ENSG00000169718,dimgrey,dimgrey,4
ENSG00000169727,dimgrey,dimgrey,4
ENSG00000169733,darkgrey,darkgrey,1
ENSG00000169738,dimgrey,dimgrey,4
ENSG00000169740,whitesmoke,whitesmoke,13
ENSG00000169744,dimgrey,dimgrey,4
ENSG00000169750,dimgrey,dimgrey,4
ENSG00000169752,dimgrey,dimgrey,4
ENSG00000169756,snow,snow,12
ENSG00000169758,darkgrey,darkgrey,1
ENSG00000169760,indianred,indianred,6
ENSG00000169762,darkgrey,darkgrey,1
ENSG00000169764,dimgrey,dimgrey,4
ENSG00000169813,darkgrey,darkgrey,1
ENSG00000169814,darkgrey,darkgrey,1
ENSG00000169826,red,red,11
ENSG00000169851,dimgrey,dimgrey,4
ENSG00000169855,indianred,indianred,6
ENSG00000169857,dimgrey,dimgrey,4
ENSG00000169860,dimgrey,dimgrey,4
ENSG00000169871,darkgrey,darkgrey,1
ENSG00000169884,indianred,indianred,6
ENSG00000169895,darkgrey,darkgrey,1
ENSG00000169902,darkgrey,darkgrey,1
ENSG00000169903,maroon,maroon,9
ENSG00000169905,dimgrey,dimgrey,4
ENSG00000169908,dimgrey,dimgrey,4
ENSG00000169914,darkgrey,darkgrey,1
ENSG00000169919,lightgrey,lightgrey,8
ENSG00000169925,darkgrey,darkgrey,1
ENSG00000169933,firebrick,firebrick,5
ENSG00000169946,dimgrey,dimgrey,4
ENSG00000169951,darkgrey,darkgrey,1
ENSG00000169955,brown,brown,0
ENSG00000169957,dimgrey,dimgrey,4
ENSG00000169967,darkgrey,darkgrey,1
ENSG00000169972,dimgrey,dimgrey,4
ENSG00000169976,darkgrey,darkgrey,1
ENSG00000169991,darkgrey,darkgrey,1
ENSG00000170004,darkgrey,darkgrey,1
ENSG00000170006,dimgrey,dimgrey,4
ENSG00000170017,dimgrey,dimgrey,4
ENSG00000170027,dimgrey,dimgrey,4
ENSG00000170035,dimgrey,dimgrey,4
ENSG00000170037,darkgrey,darkgrey,1
ENSG00000170043,dimgrey,dimgrey,4
ENSG00000170049,darkgrey,darkgrey,1
ENSG00000170085,indianred,indianred,6
ENSG00000170088,darkgrey,darkgrey,1
ENSG00000170092,dimgrey,dimgrey,4
ENSG00000170100,lightgrey,lightgrey,8
ENSG00000170113,dimgrey,dimgrey,4
ENSG00000170142,darkgrey,darkgrey,1
ENSG00000170144,darkgrey,darkgrey,1
ENSG00000170145,darkgrey,darkgrey,1
ENSG00000170153,whitesmoke,whitesmoke,13
ENSG00000170160,dimgrey,dimgrey,4
ENSG00000170185,darkgrey,darkgrey,1
ENSG00000170190,dimgrey,dimgrey,4
ENSG00000170191,dimgrey,dimgrey,4
ENSG00000170214,indianred,indianred,6
ENSG00000170222,dimgrey,dimgrey,4
ENSG00000170234,dimgrey,dimgrey,4
ENSG00000170236,indianred,indianred,6
ENSG00000170242,darkgrey,darkgrey,1
ENSG00000170248,dimgrey,dimgrey,4
ENSG00000170260,darkgrey,darkgrey,1
ENSG00000170264,darkgrey,darkgrey,1
ENSG00000170265,dimgrey,dimgrey,4
ENSG00000170266,darkgrey,darkgrey,1
ENSG00000170271,brown,brown,0
ENSG00000170275,dimgrey,dimgrey,4
ENSG00000170276,dimgrey,dimgrey,4
ENSG00000170291,dimgrey,dimgrey,4
ENSG00000170296,dimgrey,dimgrey,4
ENSG00000170310,dimgrey,dimgrey,4
ENSG00000170312,dimgrey,dimgrey,4
ENSG00000170315,dimgrey,dimgrey,4
ENSG00000170322,darkgrey,darkgrey,1
ENSG00000170323,lightgrey,lightgrey,8
ENSG00000170325,dimgrey,dimgrey,4
ENSG00000170340,darkgrey,darkgrey,1
ENSG00000170345,lightgrey,lightgrey,8
ENSG00000170348,dimgrey,dimgrey,4
ENSG00000170364,dimgrey,dimgrey,4
ENSG00000170365,dimgrey,dimgrey,4
ENSG00000170381,dimgrey,dimgrey,4
ENSG00000170385,indianred,indianred,6
ENSG00000170390,dimgrey,dimgrey,4
ENSG00000170396,dimgrey,dimgrey,4
ENSG00000170417,firebrick,firebrick,5
ENSG00000170421,dimgrey,dimgrey,4
ENSG00000170425,indianred,indianred,6
ENSG00000170430,darkgrey,darkgrey,1
ENSG00000170439,dimgrey,dimgrey,4
ENSG00000170445,dimgrey,dimgrey,4
ENSG00000170448,darkgrey,darkgrey,1
ENSG00000170456,darkgrey,darkgrey,1
ENSG00000170458,dimgrey,dimgrey,4
ENSG00000170464,brown,brown,0
ENSG00000170468,darkgrey,darkgrey,1
ENSG00000170469,mistyrose,mistyrose,10
ENSG00000170471,whitesmoke,whitesmoke,13
ENSG00000170473,darkgrey,darkgrey,1
ENSG00000170477,lightgrey,lightgrey,8
ENSG00000170485,dimgrey,dimgrey,4
ENSG00000170498,darkgrey,darkgrey,1
ENSG00000170502,dimgrey,dimgrey,4
ENSG00000170515,darkgrey,darkgrey,1
ENSG00000170522,darkgrey,darkgrey,1
ENSG00000170525,darkgrey,darkgrey,1
ENSG00000170540,dimgrey,dimgrey,4
ENSG00000170542,dimgrey,dimgrey,4
ENSG00000170545,darkgrey,darkgrey,1
ENSG00000170558,lightgrey,lightgrey,8
ENSG00000170561,darkgrey,darkgrey,1
ENSG00000170571,dimgrey,dimgrey,4
ENSG00000170581,darkgrey,darkgrey,1
ENSG00000170584,dimgrey,dimgrey,4
ENSG00000170604,whitesmoke,whitesmoke,13
ENSG00000170606,dimgrey,dimgrey,4
ENSG00000170619,darkgrey,darkgrey,1
ENSG00000170624,darkgrey,darkgrey,1
ENSG00000170631,darkgrey,darkgrey,1
ENSG00000170632,dimgrey,dimgrey,4
ENSG00000170633,darkgrey,darkgrey,1
ENSG00000170634,indianred,indianred,6
ENSG00000170638,darkgrey,darkgrey,1
ENSG00000170653,dimgrey,dimgrey,4
ENSG00000170667,darkgrey,darkgrey,1
ENSG00000170677,dimgrey,dimgrey,4
ENSG00000170681,dimgrey,dimgrey,4
ENSG00000170684,lightgrey,lightgrey,8
ENSG00000170734,darkgrey,darkgrey,1
ENSG00000170745,dimgrey,dimgrey,4
ENSG00000170759,dimgrey,dimgrey,4
ENSG00000170775,dimgrey,dimgrey,4
ENSG00000170776,darkgrey,darkgrey,1
ENSG00000170779,darkgrey,darkgrey,1
ENSG00000170790,lightgrey,lightgrey,8
ENSG00000170791,dimgrey,dimgrey,4
ENSG00000170801,darkgrey,darkgrey,1
ENSG00000170802,dimgrey,dimgrey,4
ENSG00000170832,dimgrey,dimgrey,4
ENSG00000170836,darkgrey,darkgrey,1
ENSG00000170846,dimgrey,dimgrey,4
ENSG00000170848,brown,brown,0
ENSG00000170852,darkgrey,darkgrey,1
ENSG00000170854,indianred,indianred,6
ENSG00000170855,darkgrey,darkgrey,1
ENSG00000170860,dimgrey,dimgrey,4
ENSG00000170871,dimgrey,dimgrey,4
ENSG00000170873,indianred,indianred,6
ENSG00000170876,indianred,indianred,6
ENSG00000170889,dimgrey,dimgrey,4
ENSG00000170892,dimgrey,dimgrey,4
ENSG00000170899,dimgrey,dimgrey,4
ENSG00000170903,darkgrey,darkgrey,1
ENSG00000170906,dimgrey,dimgrey,4
ENSG00000170915,dimgrey,dimgrey,4
ENSG00000170917,dimgrey,dimgrey,4
ENSG00000170921,darkgrey,darkgrey,1
ENSG00000170946,lightgrey,lightgrey,8
ENSG00000170949,darkgrey,darkgrey,1
ENSG00000170954,lightgrey,lightgrey,8
ENSG00000170955,darkgrey,darkgrey,1
ENSG00000170961,lightcoral,lightcoral,7
ENSG00000170989,dimgrey,dimgrey,4
ENSG00000171016,darkgrey,darkgrey,1
ENSG00000171033,lightcoral,lightcoral,7
ENSG00000171055,dimgrey,dimgrey,4
ENSG00000171067,dimgrey,dimgrey,4
ENSG00000171097,darkgrey,darkgrey,1
ENSG00000171100,dimgrey,dimgrey,4
ENSG00000171103,lightcoral,lightcoral,7
ENSG00000171105,darksalmon,darksalmon,3
ENSG00000171109,darkgrey,darkgrey,1
ENSG00000171121,brown,brown,0
ENSG00000171130,darkgrey,darkgrey,1
ENSG00000171132,dimgrey,dimgrey,4
ENSG00000171135,darkgrey,darkgrey,1
ENSG00000171148,dimgrey,dimgrey,4
ENSG00000171150,dimgrey,dimgrey,4
ENSG00000171155,dimgrey,dimgrey,4
ENSG00000171159,darkgrey,darkgrey,1
ENSG00000171160,darkgrey,darkgrey,1
ENSG00000171161,brown,brown,0
ENSG00000171163,dimgrey,dimgrey,4
ENSG00000171169,darkgrey,darkgrey,1
ENSG00000171174,indianred,indianred,6
ENSG00000171189,darkgrey,darkgrey,1
ENSG00000171202,dimgrey,dimgrey,4
ENSG00000171204,dimgrey,dimgrey,4
ENSG00000171206,dimgrey,dimgrey,4
ENSG00000171208,dimgrey,dimgrey,4
ENSG00000171222,dimgrey,dimgrey,4
ENSG00000171223,darkgrey,darkgrey,1
ENSG00000171224,dimgrey,dimgrey,4
ENSG00000171227,darkgrey,darkgrey,1
ENSG00000171241,darkgrey,darkgrey,1
ENSG00000171246,dimgrey,dimgrey,4
ENSG00000171262,dimgrey,dimgrey,4
ENSG00000171291,lightcoral,lightcoral,7
ENSG00000171295,darkgrey,darkgrey,1
ENSG00000171302,darkgrey,darkgrey,1
ENSG00000171307,dimgrey,dimgrey,4
ENSG00000171310,darkgrey,darkgrey,1
ENSG00000171311,dimgrey,dimgrey,4
ENSG00000171314,dimgrey,dimgrey,4
ENSG00000171316,dimgrey,dimgrey,4
ENSG00000171320,darkgrey,darkgrey,1
ENSG00000171345,darkgrey,darkgrey,1
ENSG00000171346,firebrick,firebrick,5
ENSG00000171357,dimgrey,dimgrey,4
ENSG00000171365,darkgrey,darkgrey,1
ENSG00000171385,darkgrey,darkgrey,1
ENSG00000171388,darkgrey,darkgrey,1
ENSG00000171408,darkgrey,darkgrey,1
ENSG00000171421,dimgrey,dimgrey,4
ENSG00000171425,darkgrey,darkgrey,1
ENSG00000171428,darkgrey,darkgrey,1
ENSG00000171443,darkgrey,darkgrey,1
ENSG00000171444,darkgrey,darkgrey,1
ENSG00000171448,dimgrey,dimgrey,4
ENSG00000171450,darkgrey,darkgrey,1
ENSG00000171451,dimgrey,dimgrey,4
ENSG00000171453,dimgrey,dimgrey,4
ENSG00000171456,darkgrey,darkgrey,1
ENSG00000171466,darkgrey,darkgrey,1
ENSG00000171467,darkgrey,darkgrey,1
ENSG00000171469,darkgrey,darkgrey,1
ENSG00000171475,darkgrey,darkgrey,1
ENSG00000171476,dimgrey,dimgrey,4
ENSG00000171488,dimgrey,dimgrey,4
ENSG00000171490,brown,brown,0
ENSG00000171492,dimgrey,dimgrey,4
ENSG00000171497,darkgrey,darkgrey,1
ENSG00000171502,maroon,maroon,9
ENSG00000171503,whitesmoke,whitesmoke,13
ENSG00000171517,darkgrey,darkgrey,1
ENSG00000171522,whitesmoke,whitesmoke,13
ENSG00000171530,dimgrey,dimgrey,4
ENSG00000171533,darkgrey,darkgrey,1
ENSG00000171552,darkgrey,darkgrey,1
ENSG00000171566,darkgrey,darkgrey,1
ENSG00000171574,brown,brown,0
ENSG00000171603,whitesmoke,whitesmoke,13
ENSG00000171604,whitesmoke,whitesmoke,13
ENSG00000171606,dimgrey,dimgrey,4
ENSG00000171608,darkgrey,darkgrey,1
ENSG00000171612,dimgrey,dimgrey,4
ENSG00000171617,lightcoral,lightcoral,7
ENSG00000171621,darkgrey,darkgrey,1
ENSG00000171631,darkgrey,darkgrey,1
ENSG00000171634,whitesmoke,whitesmoke,13
ENSG00000171649,indianred,indianred,6
ENSG00000171680,darkgrey,darkgrey,1
ENSG00000171681,darksalmon,darksalmon,3
ENSG00000171700,brown,brown,0
ENSG00000171703,darkgrey,darkgrey,1
ENSG00000171720,darkgrey,darkgrey,1
ENSG00000171723,firebrick,firebrick,5
ENSG00000171724,dimgrey,dimgrey,4
ENSG00000171729,darksalmon,darksalmon,3
ENSG00000171735,dimgrey,dimgrey,4
ENSG00000171757,lightgrey,lightgrey,8
ENSG00000171763,maroon,maroon,9
ENSG00000171786,lightgrey,lightgrey,8
ENSG00000171791,lightgrey,lightgrey,8
ENSG00000171792,dimgrey,dimgrey,4
ENSG00000171793,dimgrey,dimgrey,4
ENSG00000171798,dimgrey,dimgrey,4
ENSG00000171806,dimgrey,dimgrey,4
ENSG00000171811,dimgrey,dimgrey,4
ENSG00000171812,lightgrey,lightgrey,8
ENSG00000171813,darkgrey,darkgrey,1
ENSG00000171817,dimgrey,dimgrey,4
ENSG00000171823,dimgrey,dimgrey,4
ENSG00000171824,dimgrey,dimgrey,4
ENSG00000171827,darkgrey,darkgrey,1
ENSG00000171840,dimgrey,dimgrey,4
ENSG00000171843,darkgrey,darkgrey,1
ENSG00000171848,dimgrey,dimgrey,4
ENSG00000171853,dimgrey,dimgrey,4
ENSG00000171858,dimgrey,dimgrey,4
ENSG00000171861,dimgrey,dimgrey,4
ENSG00000171862,dimgrey,dimgrey,4
ENSG00000171863,dimgrey,dimgrey,4
ENSG00000171865,darkgrey,darkgrey,1
ENSG00000171867,dimgrey,dimgrey,4
ENSG00000171872,darkgrey,darkgrey,1
ENSG00000171873,brown,brown,0
ENSG00000171877,red,red,11
ENSG00000171914,lightgrey,lightgrey,8
ENSG00000171928,dimgrey,dimgrey,4
ENSG00000171940,dimgrey,dimgrey,4
ENSG00000171943,darkgrey,darkgrey,1
ENSG00000171951,maroon,maroon,9
ENSG00000171953,darkgrey,darkgrey,1
ENSG00000171960,lightgrey,lightgrey,8
ENSG00000171962,dimgrey,dimgrey,4
ENSG00000171984,dimgrey,dimgrey,4
ENSG00000171988,brown,brown,0
ENSG00000171992,darkgrey,darkgrey,1
ENSG00000172006,brown,brown,0
ENSG00000172007,dimgrey,dimgrey,4
ENSG00000172009,darkgrey,darkgrey,1
ENSG00000172020,dimgrey,dimgrey,4
ENSG00000172031,dimgrey,dimgrey,4
ENSG00000172037,dimgrey,dimgrey,4
ENSG00000172046,darkgrey,darkgrey,1
ENSG00000172053,dimgrey,dimgrey,4
ENSG00000172057,lightgrey,lightgrey,8
ENSG00000172059,darkgrey,darkgrey,1
ENSG00000172061,darkgrey,darkgrey,1
ENSG00000172062,dimgrey,dimgrey,4
ENSG00000172071,darkgrey,darkgrey,1
ENSG00000172081,dimgrey,dimgrey,4
ENSG00000172086,lightgrey,lightgrey,8
ENSG00000172113,darkgrey,darkgrey,1
ENSG00000172115,dimgrey,dimgrey,4
ENSG00000172123,darkgrey,darkgrey,1
ENSG00000172159,dimgrey,dimgrey,4
ENSG00000172164,maroon,maroon,9
ENSG00000172167,snow,snow,12
ENSG00000172171,firebrick,firebrick,5
ENSG00000172172,lightgrey,lightgrey,8
ENSG00000172175,lightgrey,lightgrey,8
ENSG00000172183,darkgrey,darkgrey,1
ENSG00000172197,dimgrey,dimgrey,4
ENSG00000172201,indianred,indianred,6
ENSG00000172216,darkgrey,darkgrey,1
ENSG00000172239,dimgrey,dimgrey,4
ENSG00000172244,dimgrey,dimgrey,4
ENSG00000172260,lightcoral,lightcoral,7
ENSG00000172262,darkred,darkred,2
ENSG00000172269,lightgrey,lightgrey,8
ENSG00000172270,darkgrey,darkgrey,1
ENSG00000172273,dimgrey,dimgrey,4
ENSG00000172292,snow,snow,12
ENSG00000172296,brown,brown,0
ENSG00000172301,darkgrey,darkgrey,1
ENSG00000172315,whitesmoke,whitesmoke,13
ENSG00000172318,dimgrey,dimgrey,4
ENSG00000172331,lightgrey,lightgrey,8
ENSG00000172336,darkgrey,darkgrey,1
ENSG00000172339,dimgrey,dimgrey,4
ENSG00000172340,darkgrey,darkgrey,1
ENSG00000172346,dimgrey,dimgrey,4
ENSG00000172348,brown,brown,0
ENSG00000172349,dimgrey,dimgrey,4
ENSG00000172354,dimgrey,dimgrey,4
ENSG00000172361,dimgrey,dimgrey,4
ENSG00000172366,maroon,maroon,9
ENSG00000172375,darkgrey,darkgrey,1
ENSG00000172379,brown,brown,0
ENSG00000172380,dimgrey,dimgrey,4
ENSG00000172382,lightcoral,lightcoral,7
ENSG00000172403,lightcoral,lightcoral,7
ENSG00000172409,dimgrey,dimgrey,4
ENSG00000172426,darkgrey,darkgrey,1
ENSG00000172428,dimgrey,dimgrey,4
ENSG00000172432,indianred,indianred,6
ENSG00000172456,dimgrey,dimgrey,4
ENSG00000172458,dimgrey,dimgrey,4
ENSG00000172465,darkgrey,darkgrey,1
ENSG00000172466,brown,brown,0
ENSG00000172469,dimgrey,dimgrey,4
ENSG00000172476,dimgrey,dimgrey,4
ENSG00000172493,dimgrey,dimgrey,4
ENSG00000172500,darkgrey,darkgrey,1
ENSG00000172530,darkgrey,darkgrey,1
ENSG00000172531,maroon,maroon,9
ENSG00000172534,darkgrey,darkgrey,1
ENSG00000172572,firebrick,firebrick,5
ENSG00000172575,dimgrey,dimgrey,4
ENSG00000172586,dimgrey,dimgrey,4
ENSG00000172590,dimgrey,dimgrey,4
ENSG00000172594,dimgrey,dimgrey,4
ENSG00000172613,darkgrey,darkgrey,1
ENSG00000172638,darkgrey,darkgrey,1
ENSG00000172661,dimgrey,dimgrey,4
ENSG00000172663,darkgrey,darkgrey,1
ENSG00000172667,darkgrey,darkgrey,1
ENSG00000172671,darkgrey,darkgrey,1
ENSG00000172687,darkgrey,darkgrey,1
ENSG00000172716,brown,brown,0
ENSG00000172717,dimgrey,dimgrey,4
ENSG00000172725,dimgrey,dimgrey,4
ENSG00000172728,dimgrey,dimgrey,4
ENSG00000172731,whitesmoke,whitesmoke,13
ENSG00000172732,whitesmoke,whitesmoke,13
ENSG00000172738,firebrick,firebrick,5
ENSG00000172748,dimgrey,dimgrey,4
ENSG00000172757,darkgrey,darkgrey,1
ENSG00000172765,darkgrey,darkgrey,1
ENSG00000172766,dimgrey,dimgrey,4
ENSG00000172775,darkgrey,darkgrey,1
ENSG00000172785,dimgrey,dimgrey,4
ENSG00000172795,dimgrey,dimgrey,4
ENSG00000172809,dimgrey,dimgrey,4
ENSG00000172819,darkgrey,darkgrey,1
ENSG00000172824,darkgrey,darkgrey,1
ENSG00000172830,dimgrey,dimgrey,4
ENSG00000172831,dimgrey,dimgrey,4
ENSG00000172840,dimgrey,dimgrey,4
ENSG00000172845,dimgrey,dimgrey,4
ENSG00000172869,maroon,maroon,9
ENSG00000172888,dimgrey,dimgrey,4
ENSG00000172889,firebrick,firebrick,5
ENSG00000172890,dimgrey,dimgrey,4
ENSG00000172893,darkgrey,darkgrey,1
ENSG00000172901,dimgrey,dimgrey,4
ENSG00000172915,dimgrey,dimgrey,4
ENSG00000172922,dimgrey,dimgrey,4
ENSG00000172927,darkgrey,darkgrey,1
ENSG00000172932,dimgrey,dimgrey,4
ENSG00000172935,dimgrey,dimgrey,4
ENSG00000172936,dimgrey,dimgrey,4
ENSG00000172939,darkgrey,darkgrey,1
ENSG00000172940,darkgrey,darkgrey,1
ENSG00000172943,darkgrey,darkgrey,1
ENSG00000172954,dimgrey,dimgrey,4
ENSG00000172985,lightgrey,lightgrey,8
ENSG00000172986,dimgrey,dimgrey,4
ENSG00000172992,darkgrey,darkgrey,1
ENSG00000173011,lightcoral,lightcoral,7
ENSG00000173013,darkgrey,darkgrey,1
ENSG00000173020,darkgrey,darkgrey,1
ENSG00000173039,darkgrey,darkgrey,1
ENSG00000173040,dimgrey,dimgrey,4
ENSG00000173041,dimgrey,dimgrey,4
ENSG00000173064,darkgrey,darkgrey,1
ENSG00000173065,darkgrey,darkgrey,1
ENSG00000173068,darkgrey,darkgrey,1
ENSG00000173085,darkgrey,darkgrey,1
ENSG00000173113,dimgrey,dimgrey,4
ENSG00000173114,dimgrey,dimgrey,4
ENSG00000173120,dimgrey,dimgrey,4
ENSG00000173141,dimgrey,dimgrey,4
ENSG00000173145,darkgrey,darkgrey,1
ENSG00000173153,dimgrey,dimgrey,4
ENSG00000173156,darkgrey,darkgrey,1
ENSG00000173163,lightgrey,lightgrey,8
ENSG00000173166,maroon,maroon,9
ENSG00000173171,dimgrey,dimgrey,4
ENSG00000173193,darkgrey,darkgrey,1
ENSG00000173200,dimgrey,dimgrey,4
ENSG00000173207,dimgrey,dimgrey,4
ENSG00000173210,darkgrey,darkgrey,1
ENSG00000173212,darkgrey,darkgrey,1
ENSG00000173214,darkgrey,darkgrey,1
ENSG00000173218,darkgrey,darkgrey,1
ENSG00000173221,dimgrey,dimgrey,4
ENSG00000173226,firebrick,firebrick,5
ENSG00000173230,darkgrey,darkgrey,1
ENSG00000173258,brown,brown,0
ENSG00000173261,brown,brown,0
ENSG00000173264,darkgrey,darkgrey,1
ENSG00000173267,darkgrey,darkgrey,1
ENSG00000173269,dimgrey,dimgrey,4
ENSG00000173272,dimgrey,dimgrey,4
ENSG00000173273,brown,brown,0
ENSG00000173275,darkgrey,darkgrey,1
ENSG00000173276,dimgrey,dimgrey,4
ENSG00000173320,snow,snow,12
ENSG00000173327,dimgrey,dimgrey,4
ENSG00000173334,whitesmoke,whitesmoke,13
ENSG00000173376,dimgrey,dimgrey,4
ENSG00000173391,darkgrey,darkgrey,1
ENSG00000173402,dimgrey,dimgrey,4
ENSG00000173409,dimgrey,dimgrey,4
ENSG00000173418,dimgrey,dimgrey,4
ENSG00000173421,maroon,maroon,9
ENSG00000173436,lightcoral,lightcoral,7
ENSG00000173442,darkgrey,darkgrey,1
ENSG00000173451,dimgrey,dimgrey,4
ENSG00000173456,dimgrey,dimgrey,4
ENSG00000173457,lightcoral,lightcoral,7
ENSG00000173465,dimgrey,dimgrey,4
ENSG00000173473,whitesmoke,whitesmoke,13
ENSG00000173480,lightgrey,lightgrey,8
ENSG00000173482,lightgrey,lightgrey,8
ENSG00000173511,dimgrey,dimgrey,4
ENSG00000173517,darkgrey,darkgrey,1
ENSG00000173530,darkgrey,darkgrey,1
ENSG00000173540,dimgrey,dimgrey,4
ENSG00000173542,dimgrey,dimgrey,4
ENSG00000173545,dimgrey,dimgrey,4
ENSG00000173546,darkgrey,darkgrey,1
ENSG00000173548,darkgrey,darkgrey,1
ENSG00000173559,dimgrey,dimgrey,4
ENSG00000173575,mistyrose,mistyrose,10
ENSG00000173581,darkgrey,darkgrey,1
ENSG00000173588,dimgrey,dimgrey,4
ENSG00000173598,snow,snow,12
ENSG00000173599,dimgrey,dimgrey,4
ENSG00000173611,dimgrey,dimgrey,4
ENSG00000173614,darkgrey,darkgrey,1
ENSG00000173641,darkgrey,darkgrey,1
ENSG00000173653,darkgrey,darkgrey,1
ENSG00000173660,dimgrey,dimgrey,4
ENSG00000173674,dimgrey,dimgrey,4
ENSG00000173681,darkgrey,darkgrey,1
ENSG00000173692,brown,brown,0
ENSG00000173698,brown,brown,0
ENSG00000173705,darkgrey,darkgrey,1
ENSG00000173706,lightgrey,lightgrey,8
ENSG00000173715,darkgrey,darkgrey,1
ENSG00000173726,dimgrey,dimgrey,4
ENSG00000173744,dimgrey,dimgrey,4
ENSG00000173757,dimgrey,dimgrey,4
ENSG00000173786,darkgrey,darkgrey,1
ENSG00000173801,darkgrey,darkgrey,1
ENSG00000173812,dimgrey,dimgrey,4
ENSG00000173818,darkgrey,darkgrey,1
ENSG00000173821,darkgrey,darkgrey,1
ENSG00000173838,dimgrey,dimgrey,4
ENSG00000173846,darkgrey,darkgrey,1
ENSG00000173848,dimgrey,dimgrey,4
ENSG00000173852,dimgrey,dimgrey,4
ENSG00000173875,darkgrey,darkgrey,1
ENSG00000173889,darkgrey,darkgrey,1
ENSG00000173890,darkgrey,darkgrey,1
ENSG00000173894,dimgrey,dimgrey,4
ENSG00000173898,dimgrey,dimgrey,4
ENSG00000173905,snow,snow,12
ENSG00000173914,maroon,maroon,9
ENSG00000173915,dimgrey,dimgrey,4
ENSG00000173917,indianred,indianred,6
ENSG00000173918,darkgrey,darkgrey,1
ENSG00000173926,snow,snow,12
ENSG00000173928,dimgrey,dimgrey,4
ENSG00000173933,darkgrey,darkgrey,1
ENSG00000173950,dimgrey,dimgrey,4
ENSG00000173960,dimgrey,dimgrey,4
ENSG00000173991,lightgrey,lightgrey,8
ENSG00000173992,darkgrey,darkgrey,1
ENSG00000174004,darkgrey,darkgrey,1
ENSG00000174007,lightcoral,lightcoral,7
ENSG00000174010,maroon,maroon,9
ENSG00000174013,dimgrey,dimgrey,4
ENSG00000174021,dimgrey,dimgrey,4
ENSG00000174032,snow,snow,12
ENSG00000174059,dimgrey,dimgrey,4
ENSG00000174080,darkgrey,darkgrey,1
ENSG00000174099,darkgrey,darkgrey,1
ENSG00000174106,darkgrey,darkgrey,1
ENSG00000174109,dimgrey,dimgrey,4
ENSG00000174130,darkgrey,darkgrey,1
ENSG00000174132,dimgrey,dimgrey,4
ENSG00000174136,lightgrey,lightgrey,8
ENSG00000174151,dimgrey,dimgrey,4
ENSG00000174165,darkgrey,darkgrey,1
ENSG00000174173,darkgrey,darkgrey,1
ENSG00000174177,whitesmoke,whitesmoke,13
ENSG00000174197,lightgrey,lightgrey,8
ENSG00000174206,dimgrey,dimgrey,4
ENSG00000174225,darkgrey,darkgrey,1
ENSG00000174227,dimgrey,dimgrey,4
ENSG00000174231,dimgrey,dimgrey,4
ENSG00000174233,darkgrey,darkgrey,1
ENSG00000174236,snow,snow,12
ENSG00000174238,indianred,indianred,6
ENSG00000174243,darkgrey,darkgrey,1
ENSG00000174276,darkgrey,darkgrey,1
ENSG00000174306,lightgrey,lightgrey,8
ENSG00000174307,darkgrey,darkgrey,1
ENSG00000174332,maroon,maroon,9
ENSG00000174348,darkgrey,darkgrey,1
ENSG00000174371,dimgrey,dimgrey,4
ENSG00000174373,darkgrey,darkgrey,1
ENSG00000174405,darkgrey,darkgrey,1
ENSG00000174428,dimgrey,dimgrey,4
ENSG00000174437,dimgrey,dimgrey,4
ENSG00000174442,lightgrey,lightgrey,8
ENSG00000174444,dimgrey,dimgrey,4
ENSG00000174446,dimgrey,dimgrey,4
ENSG00000174456,dimgrey,dimgrey,4
ENSG00000174483,dimgrey,dimgrey,4
ENSG00000174485,darkgrey,darkgrey,1
ENSG00000174501,lightgrey,lightgrey,8
ENSG00000174516,whitesmoke,whitesmoke,13
ENSG00000174521,dimgrey,dimgrey,4
ENSG00000174529,dimgrey,dimgrey,4
ENSG00000174547,dimgrey,dimgrey,4
ENSG00000174564,dimgrey,dimgrey,4
ENSG00000174574,darkgrey,darkgrey,1
ENSG00000174579,darkgrey,darkgrey,1
ENSG00000174586,dimgrey,dimgrey,4
ENSG00000174599,dimgrey,dimgrey,4
ENSG00000174600,darkgrey,darkgrey,1
ENSG00000174606,darkgrey,darkgrey,1
ENSG00000174611,dimgrey,dimgrey,4
ENSG00000174628,dimgrey,dimgrey,4
ENSG00000174640,dimgrey,dimgrey,4
ENSG00000174652,dimgrey,dimgrey,4
ENSG00000174684,darkgrey,darkgrey,1
ENSG00000174695,dimgrey,dimgrey,4
ENSG00000174705,darkgrey,darkgrey,1
ENSG00000174718,lightgrey,lightgrey,8
ENSG00000174720,dimgrey,dimgrey,4
ENSG00000174721,brown,brown,0
ENSG00000174738,dimgrey,dimgrey,4
ENSG00000174740,maroon,maroon,9
ENSG00000174744,brown,brown,0
ENSG00000174748,dimgrey,dimgrey,4
ENSG00000174749,maroon,maroon,9
ENSG00000174775,dimgrey,dimgrey,4
ENSG00000174780,lightgrey,lightgrey,8
ENSG00000174791,indianred,indianred,6
ENSG00000174796,darkgrey,darkgrey,1
ENSG00000174799,dimgrey,dimgrey,4
ENSG00000174804,dimgrey,dimgrey,4
ENSG00000174807,darkgrey,darkgrey,1
ENSG00000174827,whitesmoke,whitesmoke,13
ENSG00000174839,dimgrey,dimgrey,4
ENSG00000174840,darkgrey,darkgrey,1
ENSG00000174842,dimgrey,dimgrey,4
ENSG00000174851,darkgrey,darkgrey,1
ENSG00000174871,dimgrey,dimgrey,4
ENSG00000174886,darkgrey,darkgrey,1
ENSG00000174891,lightgrey,lightgrey,8
ENSG00000174915,dimgrey,dimgrey,4
ENSG00000174917,maroon,maroon,9
ENSG00000174928,dimgrey,dimgrey,4
ENSG00000174938,darkgrey,darkgrey,1
ENSG00000174939,dimgrey,dimgrey,4
ENSG00000174943,darkgrey,darkgrey,1
ENSG00000174945,snow,snow,12
ENSG00000174953,lightgrey,lightgrey,8
ENSG00000174989,dimgrey,dimgrey,4
ENSG00000174996,darkgrey,darkgrey,1
ENSG00000175003,dimgrey,dimgrey,4
ENSG00000175029,maroon,maroon,9
ENSG00000175040,whitesmoke,whitesmoke,13
ENSG00000175048,darkgrey,darkgrey,1
ENSG00000175054,indianred,indianred,6
ENSG00000175063,darkgrey,darkgrey,1
ENSG00000175066,darkgrey,darkgrey,1
ENSG00000175073,dimgrey,dimgrey,4
ENSG00000175084,dimgrey,dimgrey,4
ENSG00000175087,dimgrey,dimgrey,4
ENSG00000175104,dimgrey,dimgrey,4
ENSG00000175105,darkgrey,darkgrey,1
ENSG00000175106,dimgrey,dimgrey,4
ENSG00000175110,brown,brown,0
ENSG00000175115,brown,brown,0
ENSG00000175130,dimgrey,dimgrey,4
ENSG00000175137,darkgrey,darkgrey,1
ENSG00000175155,darkgrey,darkgrey,1
ENSG00000175166,darkgrey,darkgrey,1
ENSG00000175182,darkgrey,darkgrey,1
ENSG00000175183,dimgrey,dimgrey,4
ENSG00000175193,darkgrey,darkgrey,1
ENSG00000175197,dimgrey,dimgrey,4
ENSG00000175198,darkgrey,darkgrey,1
ENSG00000175202,darkgrey,darkgrey,1
ENSG00000175203,darkgrey,darkgrey,1
ENSG00000175213,darkgrey,darkgrey,1
ENSG00000175215,whitesmoke,whitesmoke,13
ENSG00000175216,darkgrey,darkgrey,1
ENSG00000175220,darkgrey,darkgrey,1
ENSG00000175221,darkgrey,darkgrey,1
ENSG00000175224,darkgrey,darkgrey,1
ENSG00000175264,lightgrey,lightgrey,8
ENSG00000175265,dimgrey,dimgrey,4
ENSG00000175274,dimgrey,dimgrey,4
ENSG00000175279,dimgrey,dimgrey,4
ENSG00000175283,brown,brown,0
ENSG00000175287,darkgrey,darkgrey,1
ENSG00000175294,dimgrey,dimgrey,4
ENSG00000175305,darkgrey,darkgrey,1
ENSG00000175309,darkgrey,darkgrey,1
ENSG00000175315,darkgrey,darkgrey,1
ENSG00000175322,darkgrey,darkgrey,1
ENSG00000175324,brown,brown,0
ENSG00000175334,dimgrey,dimgrey,4
ENSG00000175336,darkgrey,darkgrey,1
ENSG00000175348,darkgrey,darkgrey,1
ENSG00000175352,darkgrey,darkgrey,1
ENSG00000175354,dimgrey,dimgrey,4
ENSG00000175356,darkgrey,darkgrey,1
ENSG00000175376,dimgrey,dimgrey,4
ENSG00000175387,darkgrey,darkgrey,1
ENSG00000175390,dimgrey,dimgrey,4
ENSG00000175395,darkgrey,darkgrey,1
ENSG00000175414,darkgrey,darkgrey,1
ENSG00000175416,darkgrey,darkgrey,1
ENSG00000175449,dimgrey,dimgrey,4
ENSG00000175455,darkgrey,darkgrey,1
ENSG00000175467,lightcoral,lightcoral,7
ENSG00000175470,whitesmoke,whitesmoke,13
ENSG00000175471,brown,brown,0
ENSG00000175505,darkgrey,darkgrey,1
ENSG00000175536,darkgrey,darkgrey,1
ENSG00000175548,dimgrey,dimgrey,4
ENSG00000175550,darkgrey,darkgrey,1
ENSG00000175564,dimgrey,dimgrey,4
ENSG00000175567,lightgrey,lightgrey,8
ENSG00000175573,dimgrey,dimgrey,4
ENSG00000175575,dimgrey,dimgrey,4
ENSG00000175581,brown,brown,0
ENSG00000175582,dimgrey,dimgrey,4
ENSG00000175592,dimgrey,dimgrey,4
ENSG00000175595,indianred,indianred,6
ENSG00000175600,darkgrey,darkgrey,1
ENSG00000175602,dimgrey,dimgrey,4
ENSG00000175606,dimgrey,dimgrey,4
ENSG00000175634,dimgrey,dimgrey,4
ENSG00000175643,darkgrey,darkgrey,1
ENSG00000175662,dimgrey,dimgrey,4
ENSG00000175691,brown,brown,0
ENSG00000175701,dimgrey,dimgrey,4
ENSG00000175711,dimgrey,dimgrey,4
ENSG00000175727,darkgrey,darkgrey,1
ENSG00000175745,darkgrey,darkgrey,1
ENSG00000175756,darkgrey,darkgrey,1
ENSG00000175764,dimgrey,dimgrey,4
ENSG00000175768,lightgrey,lightgrey,8
ENSG00000175782,darkgrey,darkgrey,1
ENSG00000175787,darkgrey,darkgrey,1
ENSG00000175792,darkgrey,darkgrey,1
ENSG00000175793,lightcoral,lightcoral,7
ENSG00000175806,lightgrey,lightgrey,8
ENSG00000175820,lightcoral,lightcoral,7
ENSG00000175826,dimgrey,dimgrey,4
ENSG00000175832,dimgrey,dimgrey,4
ENSG00000175854,dimgrey,dimgrey,4
ENSG00000175866,firebrick,firebrick,5
ENSG00000175893,darkgrey,darkgrey,1
ENSG00000175895,dimgrey,dimgrey,4
ENSG00000175899,dimgrey,dimgrey,4
ENSG00000175906,darkgrey,darkgrey,1
ENSG00000175931,darkgrey,darkgrey,1
ENSG00000175938,dimgrey,dimgrey,4
ENSG00000175946,lightgrey,lightgrey,8
ENSG00000175970,dimgrey,dimgrey,4
ENSG00000175984,darkgrey,darkgrey,1
ENSG00000176014,dimgrey,dimgrey,4
ENSG00000176018,dimgrey,dimgrey,4
ENSG00000176022,darkgrey,darkgrey,1
ENSG00000176024,brown,brown,0
ENSG00000176046,dimgrey,dimgrey,4
ENSG00000176049,brown,brown,0
ENSG00000176055,lightcoral,lightcoral,7
ENSG00000176058,darkgrey,darkgrey,1
ENSG00000176076,lightcoral,lightcoral,7
ENSG00000176087,dimgrey,dimgrey,4
ENSG00000176095,lightgrey,lightgrey,8
ENSG00000176101,dimgrey,dimgrey,4
ENSG00000176102,dimgrey,dimgrey,4
ENSG00000176105,dimgrey,dimgrey,4
ENSG00000176125,dimgrey,dimgrey,4
ENSG00000176142,whitesmoke,whitesmoke,13
ENSG00000176148,dimgrey,dimgrey,4
ENSG00000176155,darkgrey,darkgrey,1
ENSG00000176170,firebrick,firebrick,5
ENSG00000176171,dimgrey,dimgrey,4
ENSG00000176182,darkgrey,darkgrey,1
ENSG00000176194,dimgrey,dimgrey,4
ENSG00000176208,firebrick,firebrick,5
ENSG00000176209,dimgrey,dimgrey,4
ENSG00000176222,lightgrey,lightgrey,8
ENSG00000176225,dimgrey,dimgrey,4
ENSG00000176244,darkgrey,darkgrey,1
ENSG00000176248,darkgrey,darkgrey,1
ENSG00000176261,dimgrey,dimgrey,4
ENSG00000176273,firebrick,firebrick,5
ENSG00000176293,dimgrey,dimgrey,4
ENSG00000176340,darkgrey,darkgrey,1
ENSG00000176383,indianred,indianred,6
ENSG00000176386,brown,brown,0
ENSG00000176387,snow,snow,12
ENSG00000176390,lightcoral,lightcoral,7
ENSG00000176393,dimgrey,dimgrey,4
ENSG00000176396,dimgrey,dimgrey,4
ENSG00000176401,brown,brown,0
ENSG00000176406,lightcoral,lightcoral,7
ENSG00000176407,dimgrey,dimgrey,4
ENSG00000176410,dimgrey,dimgrey,4
ENSG00000176422,dimgrey,dimgrey,4
ENSG00000176428,dimgrey,dimgrey,4
ENSG00000176435,dimgrey,dimgrey,4
ENSG00000176438,dimgrey,dimgrey,4
ENSG00000176444,lightcoral,lightcoral,7
ENSG00000176454,darkgrey,darkgrey,1
ENSG00000176463,lightgrey,lightgrey,8
ENSG00000176472,dimgrey,dimgrey,4
ENSG00000176473,dimgrey,dimgrey,4
ENSG00000176476,dimgrey,dimgrey,4
ENSG00000176485,darkgrey,darkgrey,1
ENSG00000176490,dimgrey,dimgrey,4
ENSG00000176531,darkgrey,darkgrey,1
ENSG00000176533,darkgrey,darkgrey,1
ENSG00000176542,darkgrey,darkgrey,1
ENSG00000176619,dimgrey,dimgrey,4
ENSG00000176623,darkgrey,darkgrey,1
ENSG00000176624,dimgrey,dimgrey,4
ENSG00000176641,indianred,indianred,6
ENSG00000176658,lightgrey,lightgrey,8
ENSG00000176678,brown,brown,0
ENSG00000176692,lightcoral,lightcoral,7
ENSG00000176697,dimgrey,dimgrey,4
ENSG00000176714,dimgrey,dimgrey,4
ENSG00000176715,darkgrey,darkgrey,1
ENSG00000176720,lightgrey,lightgrey,8
ENSG00000176723,whitesmoke,whitesmoke,13
ENSG00000176731,dimgrey,dimgrey,4
ENSG00000176732,maroon,maroon,9
ENSG00000176749,darkgrey,darkgrey,1
ENSG00000176771,darkred,darkred,2
ENSG00000176783,darkgrey,darkgrey,1
ENSG00000176788,brown,brown,0
ENSG00000176809,lightgrey,lightgrey,8
ENSG00000176834,darkgrey,darkgrey,1
ENSG00000176845,darkgrey,darkgrey,1
ENSG00000176853,maroon,maroon,9
ENSG00000176871,dimgrey,dimgrey,4
ENSG00000176887,darkgrey,darkgrey,1
ENSG00000176890,snow,snow,12
ENSG00000176894,dimgrey,dimgrey,4
ENSG00000176896,darkgrey,darkgrey,1
ENSG00000176903,darkgrey,darkgrey,1
ENSG00000176909,snow,snow,12
ENSG00000176915,darkgrey,darkgrey,1
ENSG00000176920,darkgrey,darkgrey,1
ENSG00000176928,brown,brown,0
ENSG00000176946,darkgrey,darkgrey,1
ENSG00000176953,darkgrey,darkgrey,1
ENSG00000176971,darkgrey,darkgrey,1
ENSG00000176973,brown,brown,0
ENSG00000176978,darkgrey,darkgrey,1
ENSG00000176986,darkgrey,darkgrey,1
ENSG00000177000,dimgrey,dimgrey,4
ENSG00000177025,dimgrey,dimgrey,4
ENSG00000177030,maroon,maroon,9
ENSG00000177034,dimgrey,dimgrey,4
ENSG00000177042,dimgrey,dimgrey,4
ENSG00000177051,darkgrey,darkgrey,1
ENSG00000177054,dimgrey,dimgrey,4
ENSG00000177058,dimgrey,dimgrey,4
ENSG00000177084,darkgrey,darkgrey,1
ENSG00000177098,dimgrey,dimgrey,4
ENSG00000177105,darkgrey,darkgrey,1
ENSG00000177106,dimgrey,dimgrey,4
ENSG00000177119,darkgrey,darkgrey,1
ENSG00000177125,brown,brown,0
ENSG00000177150,lightcoral,lightcoral,7
ENSG00000177156,dimgrey,dimgrey,4
ENSG00000177169,darkgrey,darkgrey,1
ENSG00000177189,maroon,maroon,9
ENSG00000177192,indianred,indianred,6
ENSG00000177200,lightgrey,lightgrey,8
ENSG00000177225,darkgrey,darkgrey,1
ENSG00000177239,darkgrey,darkgrey,1
ENSG00000177272,indianred,indianred,6
ENSG00000177283,dimgrey,dimgrey,4
ENSG00000177303,indianred,indianred,6
ENSG00000177311,whitesmoke,whitesmoke,13
ENSG00000177352,dimgrey,dimgrey,4
ENSG00000177363,darkgrey,darkgrey,1
ENSG00000177370,dimgrey,dimgrey,4
ENSG00000177374,darkgrey,darkgrey,1
ENSG00000177383,dimgrey,dimgrey,4
ENSG00000177409,dimgrey,dimgrey,4
ENSG00000177425,darkgrey,darkgrey,1
ENSG00000177426,dimgrey,dimgrey,4
ENSG00000177432,lightgrey,lightgrey,8
ENSG00000177453,dimgrey,dimgrey,4
ENSG00000177459,lightgrey,lightgrey,8
ENSG00000177462,darkgrey,darkgrey,1
ENSG00000177463,darkgrey,darkgrey,1
ENSG00000177469,darkgrey,darkgrey,1
ENSG00000177479,darkgrey,darkgrey,1
ENSG00000177485,darkgrey,darkgrey,1
ENSG00000177508,darkgrey,darkgrey,1
ENSG00000177542,darkgrey,darkgrey,1
ENSG00000177548,dimgrey,dimgrey,4
ENSG00000177556,indianred,indianred,6
ENSG00000177565,dimgrey,dimgrey,4
ENSG00000177570,dimgrey,dimgrey,4
ENSG00000177576,lightgrey,lightgrey,8
ENSG00000177595,dimgrey,dimgrey,4
ENSG00000177599,brown,brown,0
ENSG00000177600,dimgrey,dimgrey,4
ENSG00000177602,lightgrey,lightgrey,8
ENSG00000177606,dimgrey,dimgrey,4
ENSG00000177613,dimgrey,dimgrey,4
ENSG00000177614,darkgrey,darkgrey,1
ENSG00000177628,dimgrey,dimgrey,4
ENSG00000177646,lightgrey,lightgrey,8
ENSG00000177663,darkgrey,darkgrey,1
ENSG00000177666,dimgrey,dimgrey,4
ENSG00000177674,indianred,indianred,6
ENSG00000177675,dimgrey,dimgrey,4
ENSG00000177679,darkgrey,darkgrey,1
ENSG00000177683,dimgrey,dimgrey,4
ENSG00000177685,whitesmoke,whitesmoke,13
ENSG00000177688,darkgrey,darkgrey,1
ENSG00000177694,darkgrey,darkgrey,1
ENSG00000177697,darkgrey,darkgrey,1
ENSG00000177700,dimgrey,dimgrey,4
ENSG00000177706,darkgrey,darkgrey,1
ENSG00000177707,lightgrey,lightgrey,8
ENSG00000177721,darkgrey,darkgrey,1
ENSG00000177728,dimgrey,dimgrey,4
ENSG00000177731,darkgrey,darkgrey,1
ENSG00000177732,darkgrey,darkgrey,1
ENSG00000177733,dimgrey,dimgrey,4
ENSG00000177830,darkgrey,darkgrey,1
ENSG00000177842,dimgrey,dimgrey,4
ENSG00000177853,maroon,maroon,9
ENSG00000177854,whitesmoke,whitesmoke,13
ENSG00000177868,darkgrey,darkgrey,1
ENSG00000177873,darkgrey,darkgrey,1
ENSG00000177875,darkgrey,darkgrey,1
ENSG00000177879,dimgrey,dimgrey,4
ENSG00000177885,lightgrey,lightgrey,8
ENSG00000177888,darkgrey,darkgrey,1
ENSG00000177889,dimgrey,dimgrey,4
ENSG00000177917,dimgrey,dimgrey,4
ENSG00000177932,whitesmoke,whitesmoke,13
ENSG00000177943,brown,brown,0
ENSG00000177951,dimgrey,dimgrey,4
ENSG00000177954,dimgrey,dimgrey,4
ENSG00000177963,dimgrey,dimgrey,4
ENSG00000177971,dimgrey,dimgrey,4
ENSG00000177981,lightgrey,lightgrey,8
ENSG00000177990,snow,snow,12
ENSG00000178015,dimgrey,dimgrey,4
ENSG00000178026,dimgrey,dimgrey,4
ENSG00000178028,darkgrey,darkgrey,1
ENSG00000178031,brown,brown,0
ENSG00000178033,dimgrey,dimgrey,4
ENSG00000178038,snow,snow,12
ENSG00000178053,indianred,indianred,6
ENSG00000178057,whitesmoke,whitesmoke,13
ENSG00000178074,dimgrey,dimgrey,4
ENSG00000178075,lightgrey,lightgrey,8
ENSG00000178078,maroon,maroon,9
ENSG00000178093,dimgrey,dimgrey,4
ENSG00000178096,dimgrey,dimgrey,4
ENSG00000178104,indianred,indianred,6
ENSG00000178105,snow,snow,12
ENSG00000178127,indianred,indianred,6
ENSG00000178149,dimgrey,dimgrey,4
ENSG00000178163,dimgrey,dimgrey,4
ENSG00000178177,darkgrey,darkgrey,1
ENSG00000178184,darkgrey,darkgrey,1
ENSG00000178187,brown,brown,0
ENSG00000178188,darkgrey,darkgrey,1
ENSG00000178201,darkgrey,darkgrey,1
ENSG00000178202,brown,brown,0
ENSG00000178209,dimgrey,dimgrey,4
ENSG00000178222,dimgrey,dimgrey,4
ENSG00000178229,dimgrey,dimgrey,4
ENSG00000178234,indianred,indianred,6
ENSG00000178235,dimgrey,dimgrey,4
ENSG00000178252,dimgrey,dimgrey,4
ENSG00000178295,maroon,maroon,9
ENSG00000178301,lightgrey,lightgrey,8
ENSG00000178307,darkgrey,darkgrey,1
ENSG00000178338,dimgrey,dimgrey,4
ENSG00000178342,dimgrey,dimgrey,4
ENSG00000178343,dimgrey,dimgrey,4
ENSG00000178381,whitesmoke,whitesmoke,13
ENSG00000178385,dimgrey,dimgrey,4
ENSG00000178386,dimgrey,dimgrey,4
ENSG00000178401,dimgrey,dimgrey,4
ENSG00000178409,maroon,maroon,9
ENSG00000178425,lightcoral,lightcoral,7
ENSG00000178445,maroon,maroon,9
ENSG00000178449,whitesmoke,whitesmoke,13
ENSG00000178460,darkgrey,darkgrey,1
ENSG00000178467,darkgrey,darkgrey,1
ENSG00000178498,darkgrey,darkgrey,1
ENSG00000178502,lightcoral,lightcoral,7
ENSG00000178531,dimgrey,dimgrey,4
ENSG00000178537,dimgrey,dimgrey,4
ENSG00000178567,darkgrey,darkgrey,1
ENSG00000178573,darkgrey,darkgrey,1
ENSG00000178585,darkgrey,darkgrey,1
ENSG00000178607,dimgrey,dimgrey,4
ENSG00000178662,brown,brown,0
ENSG00000178665,dimgrey,dimgrey,4
ENSG00000178685,darkgrey,darkgrey,1
ENSG00000178691,dimgrey,dimgrey,4
ENSG00000178694,darkgrey,darkgrey,1
ENSG00000178695,dimgrey,dimgrey,4
ENSG00000178700,whitesmoke,whitesmoke,13
ENSG00000178718,snow,snow,12
ENSG00000178719,darkgrey,darkgrey,1
ENSG00000178726,darkgrey,darkgrey,1
ENSG00000178741,dimgrey,dimgrey,4
ENSG00000178752,dimgrey,dimgrey,4
ENSG00000178761,dimgrey,dimgrey,4
ENSG00000178764,darkgrey,darkgrey,1
ENSG00000178773,darkgrey,darkgrey,1
ENSG00000178802,darkgrey,darkgrey,1
ENSG00000178821,darkgrey,darkgrey,1
ENSG00000178852,darkgrey,darkgrey,1
ENSG00000178860,dimgrey,dimgrey,4
ENSG00000178878,darkgrey,darkgrey,1
ENSG00000178896,dimgrey,dimgrey,4
ENSG00000178904,dimgrey,dimgrey,4
ENSG00000178913,dimgrey,dimgrey,4
ENSG00000178919,maroon,maroon,9
ENSG00000178921,dimgrey,dimgrey,4
ENSG00000178927,dimgrey,dimgrey,4
ENSG00000178935,firebrick,firebrick,5
ENSG00000178950,darkgrey,darkgrey,1
ENSG00000178951,lightgrey,lightgrey,8
ENSG00000178952,whitesmoke,whitesmoke,13
ENSG00000178966,darkgrey,darkgrey,1
ENSG00000178971,lightgrey,lightgrey,8
ENSG00000178974,dimgrey,dimgrey,4
ENSG00000178980,darkgrey,darkgrey,1
ENSG00000178982,dimgrey,dimgrey,4
ENSG00000178988,darkgrey,darkgrey,1
ENSG00000178996,dimgrey,dimgrey,4
ENSG00000178999,darkgrey,darkgrey,1
ENSG00000179010,lightgrey,lightgrey,8
ENSG00000179021,indianred,indianred,6
ENSG00000179029,darkgrey,darkgrey,1
ENSG00000179041,mistyrose,mistyrose,10
ENSG00000179071,dimgrey,dimgrey,4
ENSG00000179083,dimgrey,dimgrey,4
ENSG00000179085,darkgrey,darkgrey,1
ENSG00000179091,dimgrey,dimgrey,4
ENSG00000179094,darkgrey,darkgrey,1
ENSG00000179097,dimgrey,dimgrey,4
ENSG00000179104,dimgrey,dimgrey,4
ENSG00000179111,darkgrey,darkgrey,1
ENSG00000179115,darkgrey,darkgrey,1
ENSG00000179119,darkgrey,darkgrey,1
ENSG00000179134,whitesmoke,whitesmoke,13
ENSG00000179151,brown,brown,0
ENSG00000179152,indianred,indianred,6
ENSG00000179163,dimgrey,dimgrey,4
ENSG00000179168,brown,brown,0
ENSG00000179195,dimgrey,dimgrey,4
ENSG00000179218,darkgrey,darkgrey,1
ENSG00000179222,darkgrey,darkgrey,1
ENSG00000179240,darkgrey,darkgrey,1
ENSG00000179241,darkgrey,darkgrey,1
ENSG00000179242,mistyrose,mistyrose,10
ENSG00000179262,darkgrey,darkgrey,1
ENSG00000179271,dimgrey,dimgrey,4
ENSG00000179295,darkgrey,darkgrey,1
ENSG00000179300,dimgrey,dimgrey,4
ENSG00000179335,dimgrey,dimgrey,4
ENSG00000179348,brown,brown,0
ENSG00000179361,darkgrey,darkgrey,1
ENSG00000179364,dimgrey,dimgrey,4
ENSG00000179387,dimgrey,dimgrey,4
ENSG00000179388,maroon,maroon,9
ENSG00000179403,darkgrey,darkgrey,1
ENSG00000179409,whitesmoke,whitesmoke,13
ENSG00000179431,dimgrey,dimgrey,4
ENSG00000179454,darkgrey,darkgrey,1
ENSG00000179456,darkgrey,darkgrey,1
ENSG00000179476,darkgrey,darkgrey,1
ENSG00000179526,dimgrey,dimgrey,4
ENSG00000179528,dimgrey,dimgrey,4
ENSG00000179532,dimgrey,dimgrey,4
ENSG00000179562,darkgrey,darkgrey,1
ENSG00000179583,dimgrey,dimgrey,4
ENSG00000179588,darkgrey,darkgrey,1
ENSG00000179598,dimgrey,dimgrey,4
ENSG00000179604,darkgrey,darkgrey,1
ENSG00000179627,darkgrey,darkgrey,1
ENSG00000179630,indianred,indianred,6
ENSG00000179632,dimgrey,dimgrey,4
ENSG00000179715,snow,snow,12
ENSG00000179820,darkgrey,darkgrey,1
ENSG00000179832,dimgrey,dimgrey,4
ENSG00000179833,dimgrey,dimgrey,4
ENSG00000179841,dimgrey,dimgrey,4
ENSG00000179859,indianred,indianred,6
ENSG00000179862,darkgrey,darkgrey,1
ENSG00000179889,darkgrey,darkgrey,1
ENSG00000179909,dimgrey,dimgrey,4
ENSG00000179912,darkgrey,darkgrey,1
ENSG00000179918,lightgrey,lightgrey,8
ENSG00000179922,darkgrey,darkgrey,1
ENSG00000179933,dimgrey,dimgrey,4
ENSG00000179941,lightgrey,lightgrey,8
ENSG00000179943,darkgrey,darkgrey,1
ENSG00000179950,dimgrey,dimgrey,4
ENSG00000179954,darkgrey,darkgrey,1
ENSG00000179958,dimgrey,dimgrey,4
ENSG00000179965,darkgrey,darkgrey,1
ENSG00000179981,lightcoral,lightcoral,7
ENSG00000179988,indianred,indianred,6
ENSG00000180008,dimgrey,dimgrey,4
ENSG00000180011,dimgrey,dimgrey,4
ENSG00000180035,dimgrey,dimgrey,4
ENSG00000180089,whitesmoke,whitesmoke,13
ENSG00000180098,dimgrey,dimgrey,4
ENSG00000180104,darkgrey,darkgrey,1
ENSG00000180155,darkgrey,darkgrey,1
ENSG00000180182,dimgrey,dimgrey,4
ENSG00000180185,dimgrey,dimgrey,4
ENSG00000180190,darkgrey,darkgrey,1
ENSG00000180198,darkgrey,darkgrey,1
ENSG00000180209,brown,brown,0
ENSG00000180228,dimgrey,dimgrey,4
ENSG00000180233,dimgrey,dimgrey,4
ENSG00000180245,darkgrey,darkgrey,1
ENSG00000180257,indianred,indianred,6
ENSG00000180263,darkgrey,darkgrey,1
ENSG00000180287,dimgrey,dimgrey,4
ENSG00000180304,darkgrey,darkgrey,1
ENSG00000180329,dimgrey,dimgrey,4
ENSG00000180332,darkgrey,darkgrey,1
ENSG00000180336,lightcoral,lightcoral,7
ENSG00000180340,darkgrey,darkgrey,1
ENSG00000180346,darkgrey,darkgrey,1
ENSG00000180353,lightcoral,lightcoral,7
ENSG00000180354,dimgrey,dimgrey,4
ENSG00000180357,whitesmoke,whitesmoke,13
ENSG00000180370,dimgrey,dimgrey,4
ENSG00000180376,darkred,darkred,2
ENSG00000180398,dimgrey,dimgrey,4
ENSG00000180423,darkgrey,darkgrey,1
ENSG00000180425,dimgrey,dimgrey,4
ENSG00000180447,firebrick,firebrick,5
ENSG00000180479,snow,snow,12
ENSG00000180481,dimgrey,dimgrey,4
ENSG00000180488,dimgrey,dimgrey,4
ENSG00000180509,dimgrey,dimgrey,4
ENSG00000180530,dimgrey,dimgrey,4
ENSG00000180537,dimgrey,dimgrey,4
ENSG00000180543,dimgrey,dimgrey,4
ENSG00000180573,dimgrey,dimgrey,4
ENSG00000180574,dimgrey,dimgrey,4
ENSG00000180592,dimgrey,dimgrey,4
ENSG00000180596,dimgrey,dimgrey,4
ENSG00000180611,whitesmoke,whitesmoke,13
ENSG00000180626,brown,brown,0
ENSG00000180628,dimgrey,dimgrey,4
ENSG00000180660,dimgrey,dimgrey,4
ENSG00000180667,darkgrey,darkgrey,1
ENSG00000180694,darkgrey,darkgrey,1
ENSG00000180739,dimgrey,dimgrey,4
ENSG00000180758,indianred,indianred,6
ENSG00000180773,snow,snow,12
ENSG00000180776,dimgrey,dimgrey,4
ENSG00000180777,dimgrey,dimgrey,4
ENSG00000180787,darkgrey,darkgrey,1
ENSG00000180801,dimgrey,dimgrey,4
ENSG00000180806,darkgrey,darkgrey,1
ENSG00000180815,darkgrey,darkgrey,1
ENSG00000180817,dimgrey,dimgrey,4
ENSG00000180822,dimgrey,dimgrey,4
ENSG00000180855,lightgrey,lightgrey,8
ENSG00000180875,brown,brown,0
ENSG00000180879,dimgrey,dimgrey,4
ENSG00000180881,lightgrey,lightgrey,8
ENSG00000180884,dimgrey,dimgrey,4
ENSG00000180891,dimgrey,dimgrey,4
ENSG00000180900,darkgrey,darkgrey,1
ENSG00000180901,darkgrey,darkgrey,1
ENSG00000180902,whitesmoke,whitesmoke,13
ENSG00000180914,lightgrey,lightgrey,8
ENSG00000180938,lightcoral,lightcoral,7
ENSG00000180957,lightgrey,lightgrey,8
ENSG00000180964,dimgrey,dimgrey,4
ENSG00000180979,whitesmoke,whitesmoke,13
ENSG00000180992,dimgrey,dimgrey,4
ENSG00000180998,maroon,maroon,9
ENSG00000181004,maroon,maroon,9
ENSG00000181007,darkgrey,darkgrey,1
ENSG00000181019,dimgrey,dimgrey,4
ENSG00000181026,mistyrose,mistyrose,10
ENSG00000181027,red,red,11
ENSG00000181029,dimgrey,dimgrey,4
ENSG00000181035,darkgrey,darkgrey,1
ENSG00000181038,dimgrey,dimgrey,4
ENSG00000181045,brown,brown,0
ENSG00000181061,dimgrey,dimgrey,4
ENSG00000181072,darkgrey,darkgrey,1
ENSG00000181090,darkgrey,darkgrey,1
ENSG00000181104,darkgrey,darkgrey,1
ENSG00000181163,dimgrey,dimgrey,4
ENSG00000181191,dimgrey,dimgrey,4
ENSG00000181192,darkgrey,darkgrey,1
ENSG00000181195,dimgrey,dimgrey,4
ENSG00000181220,dimgrey,dimgrey,4
ENSG00000181222,darkgrey,darkgrey,1
ENSG00000181264,whitesmoke,whitesmoke,13
ENSG00000181274,snow,snow,12
ENSG00000181322,dimgrey,dimgrey,4
ENSG00000181333,snow,snow,12
ENSG00000181374,dimgrey,dimgrey,4
ENSG00000181381,lightgrey,lightgrey,8
ENSG00000181392,dimgrey,dimgrey,4
ENSG00000181396,darkgrey,darkgrey,1
ENSG00000181404,firebrick,firebrick,5
ENSG00000181444,firebrick,firebrick,5
ENSG00000181450,darkgrey,darkgrey,1
ENSG00000181458,dimgrey,dimgrey,4
ENSG00000181467,indianred,indianred,6
ENSG00000181472,dimgrey,dimgrey,4
ENSG00000181513,darkgrey,darkgrey,1
ENSG00000181544,brown,brown,0
ENSG00000181555,dimgrey,dimgrey,4
ENSG00000181588,darkgrey,darkgrey,1
ENSG00000181610,dimgrey,dimgrey,4
ENSG00000181619,snow,snow,12
ENSG00000181626,dimgrey,dimgrey,4
ENSG00000181638,darkgrey,darkgrey,1
ENSG00000181649,lightgrey,lightgrey,8
ENSG00000181666,dimgrey,dimgrey,4
ENSG00000181690,dimgrey,dimgrey,4
ENSG00000181704,dimgrey,dimgrey,4
ENSG00000181722,darkgrey,darkgrey,1
ENSG00000181744,dimgrey,dimgrey,4
ENSG00000181751,firebrick,firebrick,5
ENSG00000181754,darkgrey,darkgrey,1
ENSG00000181773,darkgrey,darkgrey,1
ENSG00000181788,darkgrey,darkgrey,1
ENSG00000181789,dimgrey,dimgrey,4
ENSG00000181804,dimgrey,dimgrey,4
ENSG00000181817,darkgrey,darkgrey,1
ENSG00000181826,dimgrey,dimgrey,4
ENSG00000181827,darkgrey,darkgrey,1
ENSG00000181830,whitesmoke,whitesmoke,13
ENSG00000181852,darkgrey,darkgrey,1
ENSG00000181873,darkgrey,darkgrey,1
ENSG00000181894,brown,brown,0
ENSG00000181896,indianred,indianred,6
ENSG00000181904,darkgrey,darkgrey,1
ENSG00000181915,brown,brown,0
ENSG00000181924,dimgrey,dimgrey,4
ENSG00000181929,darkgrey,darkgrey,1
ENSG00000181938,dimgrey,dimgrey,4
ENSG00000181982,darkgrey,darkgrey,1
ENSG00000181991,maroon,maroon,9
ENSG00000182004,dimgrey,dimgrey,4
ENSG00000182010,darkgrey,darkgrey,1
ENSG00000182013,dimgrey,dimgrey,4
ENSG00000182022,dimgrey,dimgrey,4
ENSG00000182054,darkgrey,darkgrey,1
ENSG00000182087,lightgrey,lightgrey,8
ENSG00000182093,dimgrey,dimgrey,4
ENSG00000182095,darkgrey,darkgrey,1
ENSG00000182107,darkgrey,darkgrey,1
ENSG00000182108,darkgrey,darkgrey,1
ENSG00000182117,dimgrey,dimgrey,4
ENSG00000182118,dimgrey,dimgrey,4
ENSG00000182134,dimgrey,dimgrey,4
ENSG00000182141,lightgrey,lightgrey,8
ENSG00000182149,darkgrey,darkgrey,1
ENSG00000182150,darkgrey,darkgrey,1
ENSG00000182154,darkgrey,darkgrey,1
ENSG00000182158,firebrick,firebrick,5
ENSG00000182168,lightgrey,lightgrey,8
ENSG00000182173,darkgrey,darkgrey,1
ENSG00000182179,red,red,11
ENSG00000182180,dimgrey,dimgrey,4
ENSG00000182185,dimgrey,dimgrey,4
ENSG00000182195,whitesmoke,whitesmoke,13
ENSG00000182197,dimgrey,dimgrey,4
ENSG00000182199,dimgrey,dimgrey,4
ENSG00000182218,dimgrey,dimgrey,4
ENSG00000182220,darkgrey,darkgrey,1
ENSG00000182240,darkgrey,darkgrey,1
ENSG00000182247,dimgrey,dimgrey,4
ENSG00000182253,dimgrey,dimgrey,4
ENSG00000182263,firebrick,firebrick,5
ENSG00000182272,darkgrey,darkgrey,1
ENSG00000182287,dimgrey,dimgrey,4
ENSG00000182307,brown,brown,0
ENSG00000182308,brown,brown,0
ENSG00000182310,darkgrey,darkgrey,1
ENSG00000182318,dimgrey,dimgrey,4
ENSG00000182324,darkgrey,darkgrey,1
ENSG00000182325,dimgrey,dimgrey,4
ENSG00000182326,red,red,11
ENSG00000182329,dimgrey,dimgrey,4
ENSG00000182359,dimgrey,dimgrey,4
ENSG00000182362,maroon,maroon,9
ENSG00000182379,darkgrey,darkgrey,1
ENSG00000182400,darkgrey,darkgrey,1
ENSG00000182405,darkgrey,darkgrey,1
ENSG00000182446,darkgrey,darkgrey,1
ENSG00000182463,darkgrey,darkgrey,1
ENSG00000182473,dimgrey,dimgrey,4
ENSG00000182481,dimgrey,dimgrey,4
ENSG00000182492,dimgrey,dimgrey,4
ENSG00000182504,darkgrey,darkgrey,1
ENSG00000182511,dimgrey,dimgrey,4
ENSG00000182512,darkgrey,darkgrey,1
ENSG00000182518,darkgrey,darkgrey,1
ENSG00000182534,dimgrey,dimgrey,4
ENSG00000182541,dimgrey,dimgrey,4
ENSG00000182544,darkgrey,darkgrey,1
ENSG00000182551,lightgrey,lightgrey,8
ENSG00000182552,dimgrey,dimgrey,4
ENSG00000182568,dimgrey,dimgrey,4
ENSG00000182575,indianred,indianred,6
ENSG00000182578,darkgrey,darkgrey,1
ENSG00000182580,whitesmoke,whitesmoke,13
ENSG00000182600,dimgrey,dimgrey,4
ENSG00000182606,darkgrey,darkgrey,1
ENSG00000182612,darkgrey,darkgrey,1
ENSG00000182621,mistyrose,mistyrose,10
ENSG00000182628,whitesmoke,whitesmoke,13
ENSG00000182667,darkgrey,darkgrey,1
ENSG00000182670,lightgrey,lightgrey,8
ENSG00000182700,dimgrey,dimgrey,4
ENSG00000182704,dimgrey,dimgrey,4
ENSG00000182718,dimgrey,dimgrey,4
ENSG00000182742,dimgrey,dimgrey,4
ENSG00000182749,darkgrey,darkgrey,1
ENSG00000182752,darkgrey,darkgrey,1
ENSG00000182768,dimgrey,dimgrey,4
ENSG00000182782,darkgrey,darkgrey,1
ENSG00000182809,darkgrey,darkgrey,1
ENSG00000182810,whitesmoke,whitesmoke,13
ENSG00000182827,lightgrey,lightgrey,8
ENSG00000182831,dimgrey,dimgrey,4
ENSG00000182858,dimgrey,dimgrey,4
ENSG00000182872,darkgrey,darkgrey,1
ENSG00000182899,dimgrey,dimgrey,4
ENSG00000182901,darkgrey,darkgrey,1
ENSG00000182902,dimgrey,dimgrey,4
ENSG00000182903,whitesmoke,whitesmoke,13
ENSG00000182916,dimgrey,dimgrey,4
ENSG00000182919,darkgrey,darkgrey,1
ENSG00000182923,dimgrey,dimgrey,4
ENSG00000182934,dimgrey,dimgrey,4
ENSG00000182944,dimgrey,dimgrey,4
ENSG00000182957,darkgrey,darkgrey,1
ENSG00000182963,darkgrey,darkgrey,1
ENSG00000182973,dimgrey,dimgrey,4
ENSG00000182979,dimgrey,dimgrey,4
ENSG00000182983,dimgrey,dimgrey,4
ENSG00000182985,darkgrey,darkgrey,1
ENSG00000182986,darkgrey,darkgrey,1
ENSG00000182993,brown,brown,0
ENSG00000183011,dimgrey,dimgrey,4
ENSG00000183020,dimgrey,dimgrey,4
ENSG00000183023,darkgrey,darkgrey,1
ENSG00000183032,dimgrey,dimgrey,4
ENSG00000183044,dimgrey,dimgrey,4
ENSG00000183048,dimgrey,dimgrey,4
ENSG00000183049,darkgrey,darkgrey,1
ENSG00000183060,brown,brown,0
ENSG00000183077,dimgrey,dimgrey,4
ENSG00000183087,darkgrey,darkgrey,1
ENSG00000183091,darkgrey,darkgrey,1
ENSG00000183092,dimgrey,dimgrey,4
ENSG00000183098,darkgrey,darkgrey,1
ENSG00000183111,dimgrey,dimgrey,4
ENSG00000183137,darkgrey,darkgrey,1
ENSG00000183155,dimgrey,dimgrey,4
ENSG00000183160,dimgrey,dimgrey,4
ENSG00000183161,red,red,11
ENSG00000183172,dimgrey,dimgrey,4
ENSG00000183206,darkgrey,darkgrey,1
ENSG00000183207,dimgrey,dimgrey,4
ENSG00000183208,firebrick,firebrick,5
ENSG00000183255,dimgrey,dimgrey,4
ENSG00000183258,darkgrey,darkgrey,1
ENSG00000183283,brown,brown,0
ENSG00000183287,dimgrey,dimgrey,4
ENSG00000183291,dimgrey,dimgrey,4
ENSG00000183307,dimgrey,dimgrey,4
ENSG00000183323,red,red,11
ENSG00000183324,darkgrey,darkgrey,1
ENSG00000183337,darkgrey,darkgrey,1
ENSG00000183340,darkgrey,darkgrey,1
ENSG00000183346,dimgrey,dimgrey,4
ENSG00000183354,dimgrey,dimgrey,4
ENSG00000183386,dimgrey,dimgrey,4
ENSG00000183401,dimgrey,dimgrey,4
ENSG00000183431,maroon,maroon,9
ENSG00000183439,brown,brown,0
ENSG00000183454,brown,brown,0
ENSG00000183474,whitesmoke,whitesmoke,13
ENSG00000183475,dimgrey,dimgrey,4
ENSG00000183486,indianred,indianred,6
ENSG00000183495,darkgrey,darkgrey,1
ENSG00000183496,darkgrey,darkgrey,1
ENSG00000183508,dimgrey,dimgrey,4
ENSG00000183513,dimgrey,dimgrey,4
ENSG00000183520,maroon,maroon,9
ENSG00000183527,dimgrey,dimgrey,4
ENSG00000183530,whitesmoke,whitesmoke,13
ENSG00000183570,brown,brown,0
ENSG00000183576,lightgrey,lightgrey,8
ENSG00000183578,darkgrey,darkgrey,1
ENSG00000183579,dimgrey,dimgrey,4
ENSG00000183580,red,red,11
ENSG00000183597,lightcoral,lightcoral,7
ENSG00000183605,darkgrey,darkgrey,1
ENSG00000183615,indianred,indianred,6
ENSG00000183617,darkgrey,darkgrey,1
ENSG00000183621,lightgrey,lightgrey,8
ENSG00000183624,darkgrey,darkgrey,1
ENSG00000183644,indianred,indianred,6
ENSG00000183647,firebrick,firebrick,5
ENSG00000183648,dimgrey,dimgrey,4
ENSG00000183655,darkgrey,darkgrey,1
ENSG00000183665,lightgrey,lightgrey,8
ENSG00000183668,darkgrey,darkgrey,1
ENSG00000183682,darkgrey,darkgrey,1
ENSG00000183684,darkgrey,darkgrey,1
ENSG00000183691,lightcoral,lightcoral,7
ENSG00000183696,dimgrey,dimgrey,4
ENSG00000183718,darkgrey,darkgrey,1
ENSG00000183722,dimgrey,dimgrey,4
ENSG00000183723,darksalmon,darksalmon,3
ENSG00000183726,dimgrey,dimgrey,4
ENSG00000183735,brown,brown,0
ENSG00000183741,darkgrey,darkgrey,1
ENSG00000183751,darkgrey,darkgrey,1
ENSG00000183762,dimgrey,dimgrey,4
ENSG00000183763,darkgrey,darkgrey,1
ENSG00000183765,darkgrey,darkgrey,1
ENSG00000183770,darkgrey,darkgrey,1
ENSG00000183779,darkgrey,darkgrey,1
ENSG00000183780,dimgrey,dimgrey,4
ENSG00000183783,brown,brown,0
ENSG00000183801,lightgrey,lightgrey,8
ENSG00000183807,dimgrey,dimgrey,4
ENSG00000183808,darkgrey,darkgrey,1
ENSG00000183814,dimgrey,dimgrey,4
ENSG00000183826,whitesmoke,whitesmoke,13
ENSG00000183828,red,red,11
ENSG00000183840,dimgrey,dimgrey,4
ENSG00000183850,darkgrey,darkgrey,1
ENSG00000183853,indianred,indianred,6
ENSG00000183864,darkgrey,darkgrey,1
ENSG00000183873,dimgrey,dimgrey,4
ENSG00000183876,indianred,indianred,6
ENSG00000183891,darkred,darkred,2
ENSG00000183943,brown,brown,0
ENSG00000183955,whitesmoke,whitesmoke,13
ENSG00000183963,dimgrey,dimgrey,4
ENSG00000183978,dimgrey,dimgrey,4
ENSG00000184005,darkgrey,darkgrey,1
ENSG00000184007,lightgrey,lightgrey,8
ENSG00000184009,dimgrey,dimgrey,4
ENSG00000184014,dimgrey,dimgrey,4
ENSG00000184056,snow,snow,12
ENSG00000184076,dimgrey,dimgrey,4
ENSG00000184083,darkgrey,darkgrey,1
ENSG00000184110,dimgrey,dimgrey,4
ENSG00000184117,darkgrey,darkgrey,1
ENSG00000184154,darkgrey,darkgrey,1
ENSG00000184160,brown,brown,0
ENSG00000184162,darkgrey,darkgrey,1
ENSG00000184164,whitesmoke,whitesmoke,13
ENSG00000184178,lightgrey,lightgrey,8
ENSG00000184182,brown,brown,0
ENSG00000184194,darkgrey,darkgrey,1
ENSG00000184203,dimgrey,dimgrey,4
ENSG00000184205,red,red,11
ENSG00000184207,dimgrey,dimgrey,4
ENSG00000184209,whitesmoke,whitesmoke,13
ENSG00000184216,dimgrey,dimgrey,4
ENSG00000184220,brown,brown,0
ENSG00000184226,lightgrey,lightgrey,8
ENSG00000184232,darkgrey,darkgrey,1
ENSG00000184254,darkgrey,darkgrey,1
ENSG00000184260,dimgrey,dimgrey,4
ENSG00000184270,darkgrey,darkgrey,1
ENSG00000184271,maroon,maroon,9
ENSG00000184277,lightgrey,lightgrey,8
ENSG00000184281,darkgrey,darkgrey,1
ENSG00000184304,dimgrey,dimgrey,4
ENSG00000184307,maroon,maroon,9
ENSG00000184349,darkgrey,darkgrey,1
ENSG00000184357,brown,brown,0
ENSG00000184363,brown,brown,0
ENSG00000184368,darkgrey,darkgrey,1
ENSG00000184371,darkgrey,darkgrey,1
ENSG00000184374,darkgrey,darkgrey,1
ENSG00000184378,darkgrey,darkgrey,1
ENSG00000184381,dimgrey,dimgrey,4
ENSG00000184384,darkgrey,darkgrey,1
ENSG00000184402,brown,brown,0
ENSG00000184408,dimgrey,dimgrey,4
ENSG00000184428,darkgrey,darkgrey,1
ENSG00000184432,whitesmoke,whitesmoke,13
ENSG00000184434,firebrick,firebrick,5
ENSG00000184436,darkgrey,darkgrey,1
ENSG00000184445,dimgrey,dimgrey,4
ENSG00000184451,darkgrey,darkgrey,1
ENSG00000184465,dimgrey,dimgrey,4
ENSG00000184470,dimgrey,dimgrey,4
ENSG00000184481,darkgrey,darkgrey,1
ENSG00000184497,firebrick,firebrick,5
ENSG00000184500,darkgrey,darkgrey,1
ENSG00000184508,darkgrey,darkgrey,1
ENSG00000184517,indianred,indianred,6
ENSG00000184524,darkgrey,darkgrey,1
ENSG00000184557,darkgrey,darkgrey,1
ENSG00000184564,lightgrey,lightgrey,8
ENSG00000184575,dimgrey,dimgrey,4
ENSG00000184584,dimgrey,dimgrey,4
ENSG00000184588,dimgrey,dimgrey,4
ENSG00000184602,whitesmoke,whitesmoke,13
ENSG00000184619,maroon,maroon,9
ENSG00000184634,brown,brown,0
ENSG00000184635,brown,brown,0
ENSG00000184640,darkgrey,darkgrey,1
ENSG00000184661,lightcoral,lightcoral,7
ENSG00000184675,darkgrey,darkgrey,1
ENSG00000184677,darkgrey,darkgrey,1
ENSG00000184678,dimgrey,dimgrey,4
ENSG00000184708,darkgrey,darkgrey,1
ENSG00000184719,dimgrey,dimgrey,4
ENSG00000184743,dimgrey,dimgrey,4
ENSG00000184752,dimgrey,dimgrey,4
ENSG00000184785,darkgrey,darkgrey,1
ENSG00000184787,whitesmoke,whitesmoke,13
ENSG00000184792,dimgrey,dimgrey,4
ENSG00000184831,dimgrey,dimgrey,4
ENSG00000184838,dimgrey,dimgrey,4
ENSG00000184840,darkgrey,darkgrey,1
ENSG00000184845,firebrick,firebrick,5
ENSG00000184857,dimgrey,dimgrey,4
ENSG00000184860,lightgrey,lightgrey,8
ENSG00000184863,dimgrey,dimgrey,4
ENSG00000184867,dimgrey,dimgrey,4
ENSG00000184887,dimgrey,dimgrey,4
ENSG00000184897,darkgrey,darkgrey,1
ENSG00000184898,darkgrey,darkgrey,1
ENSG00000184900,darkgrey,darkgrey,1
ENSG00000184903,darkgrey,darkgrey,1
ENSG00000184916,lightgrey,lightgrey,8
ENSG00000184922,dimgrey,dimgrey,4
ENSG00000184924,darkgrey,darkgrey,1
ENSG00000184939,dimgrey,dimgrey,4
ENSG00000184949,darkgrey,darkgrey,1
ENSG00000184967,dimgrey,dimgrey,4
ENSG00000184979,dimgrey,dimgrey,4
ENSG00000184983,dimgrey,dimgrey,4
ENSG00000184985,dimgrey,dimgrey,4
ENSG00000184986,dimgrey,dimgrey,4
ENSG00000184988,darkgrey,darkgrey,1
ENSG00000184990,darkgrey,darkgrey,1
ENSG00000184992,dimgrey,dimgrey,4
ENSG00000184995,darksalmon,darksalmon,3
ENSG00000185000,dimgrey,dimgrey,4
ENSG00000185008,dimgrey,dimgrey,4
ENSG00000185009,dimgrey,dimgrey,4
ENSG00000185010,lightcoral,lightcoral,7
ENSG00000185015,lightcoral,lightcoral,7
ENSG00000185019,lightcoral,lightcoral,7
ENSG00000185022,dimgrey,dimgrey,4
ENSG00000185024,darkgrey,darkgrey,1
ENSG00000185033,darkgrey,darkgrey,1
ENSG00000185043,dimgrey,dimgrey,4
ENSG00000185046,dimgrey,dimgrey,4
ENSG00000185049,darkgrey,darkgrey,1
ENSG00000185070,maroon,maroon,9
ENSG00000185085,darkgrey,darkgrey,1
ENSG00000185088,dimgrey,dimgrey,4
ENSG00000185090,dimgrey,dimgrey,4
ENSG00000185100,dimgrey,dimgrey,4
ENSG00000185104,darkgrey,darkgrey,1
ENSG00000185112,darkgrey,darkgrey,1
ENSG00000185127,dimgrey,dimgrey,4
ENSG00000185129,lightgrey,lightgrey,8
ENSG00000185158,brown,brown,0
ENSG00000185187,darkgrey,darkgrey,1
ENSG00000185189,dimgrey,dimgrey,4
ENSG00000185201,darkgrey,darkgrey,1
ENSG00000185215,darkgrey,darkgrey,1
ENSG00000185219,darkgrey,darkgrey,1
ENSG00000185220,dimgrey,dimgrey,4
ENSG00000185222,darkgrey,darkgrey,1
ENSG00000185236,darkgrey,darkgrey,1
ENSG00000185238,dimgrey,dimgrey,4
ENSG00000185245,darkgrey,darkgrey,1
ENSG00000185246,maroon,maroon,9
ENSG00000185252,dimgrey,dimgrey,4
ENSG00000185261,brown,brown,0
ENSG00000185262,darkgrey,darkgrey,1
ENSG00000185267,darkgrey,darkgrey,1
ENSG00000185278,darkgrey,darkgrey,1
ENSG00000185298,whitesmoke,whitesmoke,13
ENSG00000185305,dimgrey,dimgrey,4
ENSG00000185306,darkgrey,darkgrey,1
ENSG00000185324,darkgrey,darkgrey,1
ENSG00000185338,dimgrey,dimgrey,4
ENSG00000185339,dimgrey,dimgrey,4
ENSG00000185340,darkgrey,darkgrey,1
ENSG00000185344,darkgrey,darkgrey,1
ENSG00000185347,darkgrey,darkgrey,1
ENSG00000185359,darkgrey,darkgrey,1
ENSG00000185361,darkgrey,darkgrey,1
ENSG00000185379,darkgrey,darkgrey,1
ENSG00000185386,darkgrey,darkgrey,1
ENSG00000185404,darkgrey,darkgrey,1
ENSG00000185414,dimgrey,dimgrey,4
ENSG00000185418,darkgrey,darkgrey,1
ENSG00000185420,dimgrey,dimgrey,4
ENSG00000185432,darkgrey,darkgrey,1
ENSG00000185442,brown,brown,0
ENSG00000185453,darkgrey,darkgrey,1
ENSG00000185475,dimgrey,dimgrey,4
ENSG00000185480,dimgrey,dimgrey,4
ENSG00000185482,darkgrey,darkgrey,1
ENSG00000185483,dimgrey,dimgrey,4
ENSG00000185499,darkgrey,darkgrey,1
ENSG00000185504,darkgrey,darkgrey,1
ENSG00000185513,darkgrey,darkgrey,1
ENSG00000185515,dimgrey,dimgrey,4
ENSG00000185519,dimgrey,dimgrey,4
ENSG00000185532,lightcoral,lightcoral,7
ENSG00000185551,dimgrey,dimgrey,4
ENSG00000185565,darkgrey,darkgrey,1
ENSG00000185567,darkred,darkred,2
ENSG00000185585,darkgrey,darkgrey,1
ENSG00000185591,darkgrey,darkgrey,1
ENSG00000185608,lightgrey,lightgrey,8
ENSG00000185614,firebrick,firebrick,5
ENSG00000185619,mistyrose,mistyrose,10
ENSG00000185621,whitesmoke,whitesmoke,13
ENSG00000185624,darkgrey,darkgrey,1
ENSG00000185627,darkgrey,darkgrey,1
ENSG00000185630,darkgrey,darkgrey,1
ENSG00000185634,brown,brown,0
ENSG00000185650,darkgrey,darkgrey,1
ENSG00000185651,dimgrey,dimgrey,4
ENSG00000185652,dimgrey,dimgrey,4
ENSG00000185658,whitesmoke,whitesmoke,13
ENSG00000185664,brown,brown,0
ENSG00000185670,dimgrey,dimgrey,4
ENSG00000185674,darkgrey,darkgrey,1
ENSG00000185697,dimgrey,dimgrey,4
ENSG00000185716,indianred,indianred,6
ENSG00000185721,dimgrey,dimgrey,4
ENSG00000185722,whitesmoke,whitesmoke,13
ENSG00000185728,darkgrey,darkgrey,1
ENSG00000185730,lightgrey,lightgrey,8
ENSG00000185742,darkgrey,darkgrey,1
ENSG00000185745,dimgrey,dimgrey,4
ENSG00000185753,dimgrey,dimgrey,4
ENSG00000185760,dimgrey,dimgrey,4
ENSG00000185761,dimgrey,dimgrey,4
ENSG00000185774,brown,brown,0
ENSG00000185787,darkgrey,darkgrey,1
ENSG00000185798,dimgrey,dimgrey,4
ENSG00000185800,darkgrey,darkgrey,1
ENSG00000185803,lightcoral,lightcoral,7
ENSG00000185808,dimgrey,dimgrey,4
ENSG00000185813,darkgrey,darkgrey,1
ENSG00000185818,brown,brown,0
ENSG00000185825,darkgrey,darkgrey,1
ENSG00000185838,dimgrey,dimgrey,4
ENSG00000185842,darkgrey,darkgrey,1
ENSG00000185864,lightgrey,lightgrey,8
ENSG00000185869,lightgrey,lightgrey,8
ENSG00000185875,dimgrey,dimgrey,4
ENSG00000185885,dimgrey,dimgrey,4
ENSG00000185896,darkgrey,darkgrey,1
ENSG00000185900,darkgrey,darkgrey,1
ENSG00000185909,whitesmoke,whitesmoke,13
ENSG00000185917,dimgrey,dimgrey,4
ENSG00000185920,indianred,indianred,6
ENSG00000185946,mistyrose,mistyrose,10
ENSG00000185947,dimgrey,dimgrey,4
ENSG00000185950,darkgrey,darkgrey,1
ENSG00000185955,dimgrey,dimgrey,4
ENSG00000185958,dimgrey,dimgrey,4
ENSG00000185962,dimgrey,dimgrey,4
ENSG00000185963,dimgrey,dimgrey,4
ENSG00000185972,whitesmoke,whitesmoke,13
ENSG00000185973,brown,brown,0
ENSG00000185989,darkgrey,darkgrey,1
ENSG00000186001,darkgrey,darkgrey,1
ENSG00000186010,darkgrey,darkgrey,1
ENSG00000186017,darkgrey,darkgrey,1
ENSG00000186020,snow,snow,12
ENSG00000186026,dimgrey,dimgrey,4
ENSG00000186063,dimgrey,dimgrey,4
ENSG00000186073,dimgrey,dimgrey,4
ENSG00000186088,darkgrey,darkgrey,1
ENSG00000186104,dimgrey,dimgrey,4
ENSG00000186106,maroon,maroon,9
ENSG00000186111,dimgrey,dimgrey,4
ENSG00000186130,dimgrey,dimgrey,4
ENSG00000186132,dimgrey,dimgrey,4
ENSG00000186141,lightgrey,lightgrey,8
ENSG00000186153,brown,brown,0
ENSG00000186166,brown,brown,0
ENSG00000186174,darkgrey,darkgrey,1
ENSG00000186184,dimgrey,dimgrey,4
ENSG00000186185,dimgrey,dimgrey,4
ENSG00000186187,darkgrey,darkgrey,1
ENSG00000186193,dimgrey,dimgrey,4
ENSG00000186197,darkred,darkred,2
ENSG00000186205,dimgrey,dimgrey,4
ENSG00000186222,dimgrey,dimgrey,4
ENSG00000186226,dimgrey,dimgrey,4
ENSG00000186230,darkgrey,darkgrey,1
ENSG00000186260,dimgrey,dimgrey,4
ENSG00000186272,darkgrey,darkgrey,1
ENSG00000186280,dimgrey,dimgrey,4
ENSG00000186281,dimgrey,dimgrey,4
ENSG00000186283,darkgrey,darkgrey,1
ENSG00000186297,dimgrey,dimgrey,4
ENSG00000186298,dimgrey,dimgrey,4
ENSG00000186300,brown,brown,0
ENSG00000186310,darkgrey,darkgrey,1
ENSG00000186314,darkgrey,darkgrey,1
ENSG00000186318,dimgrey,dimgrey,4
ENSG00000186340,red,red,11
ENSG00000186350,dimgrey,dimgrey,4
ENSG00000186376,dimgrey,dimgrey,4
ENSG00000186395,darkgrey,darkgrey,1
ENSG00000186409,indianred,indianred,6
ENSG00000186417,brown,brown,0
ENSG00000186432,darkgrey,darkgrey,1
ENSG00000186453,dimgrey,dimgrey,4
ENSG00000186462,brown,brown,0
ENSG00000186468,dimgrey,dimgrey,4
ENSG00000186469,dimgrey,dimgrey,4
ENSG00000186470,dimgrey,dimgrey,4
ENSG00000186472,maroon,maroon,9
ENSG00000186480,firebrick,firebrick,5
ENSG00000186501,dimgrey,dimgrey,4
ENSG00000186522,lightgrey,lightgrey,8
ENSG00000186532,firebrick,firebrick,5
ENSG00000186564,dimgrey,dimgrey,4
ENSG00000186566,brown,brown,0
ENSG00000186567,dimgrey,dimgrey,4
ENSG00000186575,dimgrey,dimgrey,4
ENSG00000186577,dimgrey,dimgrey,4
ENSG00000186591,darkgrey,darkgrey,1
ENSG00000186603,dimgrey,dimgrey,4
ENSG00000186625,lightgrey,lightgrey,8
ENSG00000186635,brown,brown,0
ENSG00000186638,dimgrey,dimgrey,4
ENSG00000186642,brown,brown,0
ENSG00000186654,dimgrey,dimgrey,4
ENSG00000186660,darkgrey,darkgrey,1
ENSG00000186665,brown,brown,0
ENSG00000186666,whitesmoke,whitesmoke,13
ENSG00000186687,lightgrey,lightgrey,8
ENSG00000186716,darkgrey,darkgrey,1
ENSG00000186767,darkgrey,darkgrey,1
ENSG00000186777,maroon,maroon,9
ENSG00000186787,dimgrey,dimgrey,4
ENSG00000186792,dimgrey,dimgrey,4
ENSG00000186806,lightgrey,lightgrey,8
ENSG00000186812,dimgrey,dimgrey,4
ENSG00000186814,dimgrey,dimgrey,4
ENSG00000186815,dimgrey,dimgrey,4
ENSG00000186834,whitesmoke,whitesmoke,13
ENSG00000186854,darkgrey,darkgrey,1
ENSG00000186862,maroon,maroon,9
ENSG00000186866,snow,snow,12
ENSG00000186871,dimgrey,dimgrey,4
ENSG00000186889,darkgrey,darkgrey,1
ENSG00000186908,darkgrey,darkgrey,1
ENSG00000186918,darkgrey,darkgrey,1
ENSG00000186951,darkgrey,darkgrey,1
ENSG00000187024,dimgrey,dimgrey,4
ENSG00000187049,darkgrey,darkgrey,1
ENSG00000187051,dimgrey,dimgrey,4
ENSG00000187068,darkgrey,darkgrey,1
ENSG00000187079,lightcoral,lightcoral,7
ENSG00000187091,darkgrey,darkgrey,1
ENSG00000187094,lightgrey,lightgrey,8
ENSG00000187097,darkgrey,darkgrey,1
ENSG00000187098,dimgrey,dimgrey,4
ENSG00000187109,dimgrey,dimgrey,4
ENSG00000187118,dimgrey,dimgrey,4
ENSG00000187123,maroon,maroon,9
ENSG00000187134,dimgrey,dimgrey,4
ENSG00000187147,darkgrey,darkgrey,1
ENSG00000187164,darkgrey,darkgrey,1
ENSG00000187170,lightgrey,lightgrey,8
ENSG00000187173,darkgrey,darkgrey,1
ENSG00000187180,dimgrey,dimgrey,4
ENSG00000187189,dimgrey,dimgrey,4
ENSG00000187193,brown,brown,0
ENSG00000187210,brown,brown,0
ENSG00000187231,darkgrey,darkgrey,1
ENSG00000187239,darkgrey,darkgrey,1
ENSG00000187240,lightgrey,lightgrey,8
ENSG00000187244,darkgrey,darkgrey,1
ENSG00000187257,lightgrey,lightgrey,8
ENSG00000187266,maroon,maroon,9
ENSG00000187325,dimgrey,dimgrey,4
ENSG00000187391,dimgrey,dimgrey,4
ENSG00000187446,dimgrey,dimgrey,4
ENSG00000187479,indianred,indianred,6
ENSG00000187498,red,red,11
ENSG00000187510,brown,brown,0
ENSG00000187514,darkred,darkred,2
ENSG00000187522,dimgrey,dimgrey,4
ENSG00000187531,darkgrey,darkgrey,1
ENSG00000187535,firebrick,firebrick,5
ENSG00000187555,darkgrey,darkgrey,1
ENSG00000187566,red,red,11
ENSG00000187583,darkgrey,darkgrey,1
ENSG00000187601,whitesmoke,whitesmoke,13
ENSG00000187605,darkgrey,darkgrey,1
ENSG00000187607,lightgrey,lightgrey,8
ENSG00000187608,lightcoral,lightcoral,7
ENSG00000187609,snow,snow,12
ENSG00000187626,darkgrey,darkgrey,1
ENSG00000187676,brown,brown,0
ENSG00000187678,indianred,indianred,6
ENSG00000187688,dimgrey,dimgrey,4
ENSG00000187699,dimgrey,dimgrey,4
ENSG00000187713,dimgrey,dimgrey,4
ENSG00000187720,darkgrey,darkgrey,1
ENSG00000187735,darkgrey,darkgrey,1
ENSG00000187736,dimgrey,dimgrey,4
ENSG00000187741,darkgrey,darkgrey,1
ENSG00000187742,darkgrey,darkgrey,1
ENSG00000187764,indianred,indianred,6
ENSG00000187778,dimgrey,dimgrey,4
ENSG00000187790,lightgrey,lightgrey,8
ENSG00000187792,darkgrey,darkgrey,1
ENSG00000187800,dimgrey,dimgrey,4
ENSG00000187801,lightcoral,lightcoral,7
ENSG00000187808,dimgrey,dimgrey,4
ENSG00000187815,brown,brown,0
ENSG00000187824,dimgrey,dimgrey,4
ENSG00000187837,darkgrey,darkgrey,1
ENSG00000187840,dimgrey,dimgrey,4
ENSG00000187860,darkgrey,darkgrey,1
ENSG00000187866,dimgrey,dimgrey,4
ENSG00000187950,darkgrey,darkgrey,1
ENSG00000187954,darkgrey,darkgrey,1
ENSG00000187955,dimgrey,dimgrey,4
ENSG00000187957,dimgrey,dimgrey,4
ENSG00000187961,darkgrey,darkgrey,1
ENSG00000187987,darkgrey,darkgrey,1
ENSG00000188010,dimgrey,dimgrey,4
ENSG00000188015,darkgrey,darkgrey,1
ENSG00000188021,dimgrey,dimgrey,4
ENSG00000188026,brown,brown,0
ENSG00000188033,darkgrey,darkgrey,1
ENSG00000188042,darkgrey,darkgrey,1
ENSG00000188060,lightgrey,lightgrey,8
ENSG00000188070,dimgrey,dimgrey,4
ENSG00000188092,dimgrey,dimgrey,4
ENSG00000188095,whitesmoke,whitesmoke,13
ENSG00000188112,darkgrey,darkgrey,1
ENSG00000188124,darkgrey,darkgrey,1
ENSG00000188130,darkgrey,darkgrey,1
ENSG00000188153,darkgrey,darkgrey,1
ENSG00000188157,darkgrey,darkgrey,1
ENSG00000188158,dimgrey,dimgrey,4
ENSG00000188167,darkgrey,darkgrey,1
ENSG00000188171,darkgrey,darkgrey,1
ENSG00000188177,brown,brown,0
ENSG00000188186,dimgrey,dimgrey,4
ENSG00000188191,darkgrey,darkgrey,1
ENSG00000188211,dimgrey,dimgrey,4
ENSG00000188215,snow,snow,12
ENSG00000188227,darkgrey,darkgrey,1
ENSG00000188229,dimgrey,dimgrey,4
ENSG00000188234,snow,snow,12
ENSG00000188243,dimgrey,dimgrey,4
ENSG00000188266,dimgrey,dimgrey,4
ENSG00000188283,dimgrey,dimgrey,4
ENSG00000188290,darkgrey,darkgrey,1
ENSG00000188295,indianred,indianred,6
ENSG00000188305,dimgrey,dimgrey,4
ENSG00000188312,snow,snow,12
ENSG00000188313,indianred,indianred,6
ENSG00000188315,dimgrey,dimgrey,4
ENSG00000188321,dimgrey,dimgrey,4
ENSG00000188342,dimgrey,dimgrey,4
ENSG00000188343,dimgrey,dimgrey,4
ENSG00000188352,darkgrey,darkgrey,1
ENSG00000188368,dimgrey,dimgrey,4
ENSG00000188372,darkgrey,darkgrey,1
ENSG00000188385,whitesmoke,whitesmoke,13
ENSG00000188419,dimgrey,dimgrey,4
ENSG00000188428,maroon,maroon,9
ENSG00000188452,dimgrey,dimgrey,4
ENSG00000188483,darkgrey,darkgrey,1
ENSG00000188486,darkgrey,darkgrey,1
ENSG00000188487,dimgrey,dimgrey,4
ENSG00000188493,lightgrey,lightgrey,8
ENSG00000188501,dimgrey,dimgrey,4
ENSG00000188522,darkgrey,darkgrey,1
ENSG00000188529,dimgrey,dimgrey,4
ENSG00000188542,darkgrey,darkgrey,1
ENSG00000188549,dimgrey,dimgrey,4
ENSG00000188554,dimgrey,dimgrey,4
ENSG00000188559,snow,snow,12
ENSG00000188566,darkgrey,darkgrey,1
ENSG00000188596,indianred,indianred,6
ENSG00000188603,darkgrey,darkgrey,1
ENSG00000188611,dimgrey,dimgrey,4
ENSG00000188612,darkgrey,darkgrey,1
ENSG00000188613,dimgrey,dimgrey,4
ENSG00000188636,darkgrey,darkgrey,1
ENSG00000188641,indianred,indianred,6
ENSG00000188643,lightgrey,lightgrey,8
ENSG00000188647,dimgrey,dimgrey,4
ENSG00000188677,darkgrey,darkgrey,1
ENSG00000188690,dimgrey,dimgrey,4
ENSG00000188706,darkgrey,darkgrey,1
ENSG00000188725,dimgrey,dimgrey,4
ENSG00000188732,whitesmoke,whitesmoke,13
ENSG00000188735,darkgrey,darkgrey,1
ENSG00000188739,darkgrey,darkgrey,1
ENSG00000188760,dimgrey,dimgrey,4
ENSG00000188761,dimgrey,dimgrey,4
ENSG00000188766,darkgrey,darkgrey,1
ENSG00000188783,darkgrey,darkgrey,1
ENSG00000188785,snow,snow,12
ENSG00000188786,darkgrey,darkgrey,1
ENSG00000188807,darkgrey,darkgrey,1
ENSG00000188811,maroon,maroon,9
ENSG00000188818,whitesmoke,whitesmoke,13
ENSG00000188827,dimgrey,dimgrey,4
ENSG00000188846,dimgrey,dimgrey,4
ENSG00000188868,dimgrey,dimgrey,4
ENSG00000188878,darkgrey,darkgrey,1
ENSG00000188895,darkgrey,darkgrey,1
ENSG00000188906,lightgrey,lightgrey,8
ENSG00000188916,lightcoral,lightcoral,7
ENSG00000188917,indianred,indianred,6
ENSG00000188921,dimgrey,dimgrey,4
ENSG00000188938,whitesmoke,whitesmoke,13
ENSG00000188958,lightgrey,lightgrey,8
ENSG00000188976,darkgrey,darkgrey,1
ENSG00000188986,dimgrey,dimgrey,4
ENSG00000188994,darkred,darkred,2
ENSG00000188997,dimgrey,dimgrey,4
ENSG00000189001,dimgrey,dimgrey,4
ENSG00000189007,whitesmoke,whitesmoke,13
ENSG00000189042,indianred,indianred,6
ENSG00000189043,dimgrey,dimgrey,4
ENSG00000189046,brown,brown,0
ENSG00000189050,dimgrey,dimgrey,4
ENSG00000189056,darkgrey,darkgrey,1
ENSG00000189057,whitesmoke,whitesmoke,13
ENSG00000189060,darkgrey,darkgrey,1
ENSG00000189067,dimgrey,dimgrey,4
ENSG00000189077,darkgrey,darkgrey,1
ENSG00000189079,dimgrey,dimgrey,4
ENSG00000189091,darkgrey,darkgrey,1
ENSG00000189114,darkgrey,darkgrey,1
ENSG00000189120,darkgrey,darkgrey,1
ENSG00000189129,darkgrey,darkgrey,1
ENSG00000189134,dimgrey,dimgrey,4
ENSG00000189143,darkgrey,darkgrey,1
ENSG00000189159,dimgrey,dimgrey,4
ENSG00000189164,darkgrey,darkgrey,1
ENSG00000189171,whitesmoke,whitesmoke,13
ENSG00000189180,darkgrey,darkgrey,1
ENSG00000189184,dimgrey,dimgrey,4
ENSG00000189190,maroon,maroon,9
ENSG00000189195,dimgrey,dimgrey,4
ENSG00000189221,darkgrey,darkgrey,1
ENSG00000189227,darkgrey,darkgrey,1
ENSG00000189241,dimgrey,dimgrey,4
ENSG00000189266,dimgrey,dimgrey,4
ENSG00000189269,darkgrey,darkgrey,1
ENSG00000189298,maroon,maroon,9
ENSG00000189306,darkgrey,darkgrey,1
ENSG00000189308,dimgrey,dimgrey,4
ENSG00000189319,dimgrey,dimgrey,4
ENSG00000189320,whitesmoke,whitesmoke,13
ENSG00000189337,darkgrey,darkgrey,1
ENSG00000189339,brown,brown,0
ENSG00000189362,dimgrey,dimgrey,4
ENSG00000189369,darkgrey,darkgrey,1
ENSG00000189376,indianred,indianred,6
ENSG00000189403,lightgrey,lightgrey,8
ENSG00000189410,snow,snow,12
ENSG00000196072,whitesmoke,whitesmoke,13
ENSG00000196074,maroon,maroon,9
ENSG00000196081,brown,brown,0
ENSG00000196083,dimgrey,dimgrey,4
ENSG00000196110,whitesmoke,whitesmoke,13
ENSG00000196116,mistyrose,mistyrose,10
ENSG00000196123,dimgrey,dimgrey,4
ENSG00000196139,dimgrey,dimgrey,4
ENSG00000196141,dimgrey,dimgrey,4
ENSG00000196150,whitesmoke,whitesmoke,13
ENSG00000196151,brown,brown,0
ENSG00000196152,dimgrey,dimgrey,4
ENSG00000196154,darkgrey,darkgrey,1
ENSG00000196155,whitesmoke,whitesmoke,13
ENSG00000196159,darkgrey,darkgrey,1
ENSG00000196172,dimgrey,dimgrey,4
ENSG00000196177,dimgrey,dimgrey,4
ENSG00000196182,snow,snow,12
ENSG00000196187,darkgrey,darkgrey,1
ENSG00000196189,darkgrey,darkgrey,1
ENSG00000196196,darkgrey,darkgrey,1
ENSG00000196199,brown,brown,0
ENSG00000196208,darkgrey,darkgrey,1
ENSG00000196214,darkgrey,darkgrey,1
ENSG00000196220,dimgrey,dimgrey,4
ENSG00000196227,darkred,darkred,2
ENSG00000196233,darkgrey,darkgrey,1
ENSG00000196235,dimgrey,dimgrey,4
ENSG00000196236,lightgrey,lightgrey,8
ENSG00000196247,indianred,indianred,6
ENSG00000196262,dimgrey,dimgrey,4
ENSG00000196263,brown,brown,0
ENSG00000196267,darkgrey,darkgrey,1
ENSG00000196268,darkgrey,darkgrey,1
ENSG00000196275,dimgrey,dimgrey,4
ENSG00000196284,dimgrey,dimgrey,4
ENSG00000196290,dimgrey,dimgrey,4
ENSG00000196305,darkgrey,darkgrey,1
ENSG00000196313,brown,brown,0
ENSG00000196323,darkgrey,darkgrey,1
ENSG00000196338,dimgrey,dimgrey,4
ENSG00000196352,brown,brown,0
ENSG00000196357,dimgrey,dimgrey,4
ENSG00000196358,darkgrey,darkgrey,1
ENSG00000196361,darkgrey,darkgrey,1
ENSG00000196363,darkgrey,darkgrey,1
ENSG00000196365,lightgrey,lightgrey,8
ENSG00000196367,indianred,indianred,6
ENSG00000196368,darkgrey,darkgrey,1
ENSG00000196369,dimgrey,dimgrey,4
ENSG00000196371,dimgrey,dimgrey,4
ENSG00000196372,indianred,indianred,6
ENSG00000196378,darkgrey,darkgrey,1
ENSG00000196387,dimgrey,dimgrey,4
ENSG00000196391,darkgrey,darkgrey,1
ENSG00000196396,darkgrey,darkgrey,1
ENSG00000196405,maroon,maroon,9
ENSG00000196411,darkgrey,darkgrey,1
ENSG00000196417,whitesmoke,whitesmoke,13
ENSG00000196418,dimgrey,dimgrey,4
ENSG00000196419,dimgrey,dimgrey,4
ENSG00000196422,darkgrey,darkgrey,1
ENSG00000196428,dimgrey,dimgrey,4
ENSG00000196437,darkgrey,darkgrey,1
ENSG00000196440,dimgrey,dimgrey,4
ENSG00000196449,dimgrey,dimgrey,4
ENSG00000196453,darkgrey,darkgrey,1
ENSG00000196455,dimgrey,dimgrey,4
ENSG00000196456,darksalmon,darksalmon,3
ENSG00000196458,dimgrey,dimgrey,4
ENSG00000196459,brown,brown,0
ENSG00000196460,dimgrey,dimgrey,4
ENSG00000196465,dimgrey,dimgrey,4
ENSG00000196466,indianred,indianred,6
ENSG00000196470,dimgrey,dimgrey,4
ENSG00000196476,darkgrey,darkgrey,1
ENSG00000196498,darkgrey,darkgrey,1
ENSG00000196503,dimgrey,dimgrey,4
ENSG00000196504,lightgrey,lightgrey,8
ENSG00000196505,dimgrey,dimgrey,4
ENSG00000196507,darkgrey,darkgrey,1
ENSG00000196510,dimgrey,dimgrey,4
ENSG00000196511,indianred,indianred,6
ENSG00000196517,dimgrey,dimgrey,4
ENSG00000196526,brown,brown,0
ENSG00000196531,dimgrey,dimgrey,4
ENSG00000196535,darkgrey,darkgrey,1
ENSG00000196544,darkgrey,darkgrey,1
ENSG00000196547,indianred,indianred,6
ENSG00000196549,darkgrey,darkgrey,1
ENSG00000196550,brown,brown,0
ENSG00000196557,dimgrey,dimgrey,4
ENSG00000196562,dimgrey,dimgrey,4
ENSG00000196569,darkgrey,darkgrey,1
ENSG00000196576,dimgrey,dimgrey,4
ENSG00000196584,lightgrey,lightgrey,8
ENSG00000196586,dimgrey,dimgrey,4
ENSG00000196588,darkgrey,darkgrey,1
ENSG00000196591,dimgrey,dimgrey,4
ENSG00000196597,dimgrey,dimgrey,4
ENSG00000196605,dimgrey,dimgrey,4
ENSG00000196611,dimgrey,dimgrey,4
ENSG00000196616,darkgrey,darkgrey,1
ENSG00000196628,darkgrey,darkgrey,1
ENSG00000196632,snow,snow,12
ENSG00000196636,dimgrey,dimgrey,4
ENSG00000196639,darkgrey,darkgrey,1
ENSG00000196642,dimgrey,dimgrey,4
ENSG00000196646,dimgrey,dimgrey,4
ENSG00000196652,darkgrey,darkgrey,1
ENSG00000196655,dimgrey,dimgrey,4
ENSG00000196659,lightgrey,lightgrey,8
ENSG00000196663,whitesmoke,whitesmoke,13
ENSG00000196670,darkgrey,darkgrey,1
ENSG00000196678,dimgrey,dimgrey,4
ENSG00000196683,whitesmoke,whitesmoke,13
ENSG00000196689,darkred,darkred,2
ENSG00000196693,darkgrey,darkgrey,1
ENSG00000196700,darkgrey,darkgrey,1
ENSG00000196704,dimgrey,dimgrey,4
ENSG00000196705,darkgrey,darkgrey,1
ENSG00000196712,whitesmoke,whitesmoke,13
ENSG00000196715,dimgrey,dimgrey,4
ENSG00000196724,darkgrey,darkgrey,1
ENSG00000196730,darkgrey,darkgrey,1
ENSG00000196739,darkgrey,darkgrey,1
ENSG00000196743,dimgrey,dimgrey,4
ENSG00000196754,darkgrey,darkgrey,1
ENSG00000196757,dimgrey,dimgrey,4
ENSG00000196776,dimgrey,dimgrey,4
ENSG00000196781,darkgrey,darkgrey,1
ENSG00000196782,darkgrey,darkgrey,1
ENSG00000196792,darkgrey,darkgrey,1
ENSG00000196793,maroon,maroon,9
ENSG00000196812,dimgrey,dimgrey,4
ENSG00000196814,dimgrey,dimgrey,4
ENSG00000196821,darkgrey,darkgrey,1
ENSG00000196839,brown,brown,0
ENSG00000196843,dimgrey,dimgrey,4
ENSG00000196850,darkgrey,darkgrey,1
ENSG00000196860,dimgrey,dimgrey,4
ENSG00000196865,dimgrey,dimgrey,4
ENSG00000196867,dimgrey,dimgrey,4
ENSG00000196876,darkgrey,darkgrey,1
ENSG00000196878,dimgrey,dimgrey,4
ENSG00000196911,dimgrey,dimgrey,4
ENSG00000196912,darkgrey,darkgrey,1
ENSG00000196914,dimgrey,dimgrey,4
ENSG00000196917,lightgrey,lightgrey,8
ENSG00000196923,dimgrey,dimgrey,4
ENSG00000196924,dimgrey,dimgrey,4
ENSG00000196932,indianred,indianred,6
ENSG00000196935,darkgrey,darkgrey,1
ENSG00000196937,darkgrey,darkgrey,1
ENSG00000196950,whitesmoke,whitesmoke,13
ENSG00000196954,dimgrey,dimgrey,4
ENSG00000196961,darkgrey,darkgrey,1
ENSG00000196967,indianred,indianred,6
ENSG00000196968,darkgrey,darkgrey,1
ENSG00000196972,brown,brown,0
ENSG00000196975,dimgrey,dimgrey,4
ENSG00000196976,dimgrey,dimgrey,4
ENSG00000196981,brown,brown,0
ENSG00000196998,dimgrey,dimgrey,4
ENSG00000197006,dimgrey,dimgrey,4
ENSG00000197008,dimgrey,dimgrey,4
ENSG00000197013,darkgrey,darkgrey,1
ENSG00000197016,brown,brown,0
ENSG00000197019,dimgrey,dimgrey,4
ENSG00000197020,lightcoral,lightcoral,7
ENSG00000197021,dimgrey,dimgrey,4
ENSG00000197024,dimgrey,dimgrey,4
ENSG00000197037,darkgrey,darkgrey,1
ENSG00000197043,darkgrey,darkgrey,1
ENSG00000197044,dimgrey,dimgrey,4
ENSG00000197045,dimgrey,dimgrey,4
ENSG00000197046,dimgrey,dimgrey,4
ENSG00000197050,darkgrey,darkgrey,1
ENSG00000197054,dimgrey,dimgrey,4
ENSG00000197056,darkgrey,darkgrey,1
ENSG00000197061,darkgrey,darkgrey,1
ENSG00000197062,dimgrey,dimgrey,4
ENSG00000197063,darkgrey,darkgrey,1
ENSG00000197070,brown,brown,0
ENSG00000197077,lightgrey,lightgrey,8
ENSG00000197081,darkgrey,darkgrey,1
ENSG00000197093,mistyrose,mistyrose,10
ENSG00000197102,whitesmoke,whitesmoke,13
ENSG00000197106,whitesmoke,whitesmoke,13
ENSG00000197111,darkgrey,darkgrey,1
ENSG00000197121,indianred,indianred,6
ENSG00000197124,lightcoral,lightcoral,7
ENSG00000197128,whitesmoke,whitesmoke,13
ENSG00000197136,darkgrey,darkgrey,1
ENSG00000197142,dimgrey,dimgrey,4
ENSG00000197147,darkgrey,darkgrey,1
ENSG00000197150,brown,brown,0
ENSG00000197157,darkgrey,darkgrey,1
ENSG00000197162,darkgrey,darkgrey,1
ENSG00000197168,darkgrey,darkgrey,1
ENSG00000197170,dimgrey,dimgrey,4
ENSG00000197183,lightcoral,lightcoral,7
ENSG00000197191,darkgrey,darkgrey,1
ENSG00000197208,dimgrey,dimgrey,4
ENSG00000197217,dimgrey,dimgrey,4
ENSG00000197223,dimgrey,dimgrey,4
ENSG00000197226,darkgrey,darkgrey,1
ENSG00000197238,brown,brown,0
ENSG00000197256,dimgrey,dimgrey,4
ENSG00000197261,lightgrey,lightgrey,8
ENSG00000197265,darkgrey,darkgrey,1
ENSG00000197275,dimgrey,dimgrey,4
ENSG00000197296,dimgrey,dimgrey,4
ENSG00000197299,dimgrey,dimgrey,4
ENSG00000197302,darkgrey,darkgrey,1
ENSG00000197312,darkgrey,darkgrey,1
ENSG00000197321,dimgrey,dimgrey,4
ENSG00000197323,lightgrey,lightgrey,8
ENSG00000197324,dimgrey,dimgrey,4
ENSG00000197329,dimgrey,dimgrey,4
ENSG00000197343,dimgrey,dimgrey,4
ENSG00000197345,whitesmoke,whitesmoke,13
ENSG00000197355,lightgrey,lightgrey,8
ENSG00000197361,brown,brown,0
ENSG00000197362,dimgrey,dimgrey,4
ENSG00000197363,brown,brown,0
ENSG00000197372,dimgrey,dimgrey,4
ENSG00000197375,darkgrey,darkgrey,1
ENSG00000197380,darkgrey,darkgrey,1
ENSG00000197381,dimgrey,dimgrey,4
ENSG00000197386,dimgrey,dimgrey,4
ENSG00000197405,red,red,11
ENSG00000197415,brown,brown,0
ENSG00000197417,dimgrey,dimgrey,4
ENSG00000197429,darkgrey,darkgrey,1
ENSG00000197442,darkgrey,darkgrey,1
ENSG00000197448,dimgrey,dimgrey,4
ENSG00000197451,darkgrey,darkgrey,1
ENSG00000197457,lightgrey,lightgrey,8
ENSG00000197461,darkgrey,darkgrey,1
ENSG00000197465,mistyrose,mistyrose,10
ENSG00000197467,darkgrey,darkgrey,1
ENSG00000197472,darksalmon,darksalmon,3
ENSG00000197483,darkgrey,darkgrey,1
ENSG00000197496,dimgrey,dimgrey,4
ENSG00000197497,dimgrey,dimgrey,4
ENSG00000197498,brown,brown,0
ENSG00000197506,firebrick,firebrick,5
ENSG00000197530,darkgrey,darkgrey,1
ENSG00000197535,darkgrey,darkgrey,1
ENSG00000197548,brown,brown,0
ENSG00000197555,darkgrey,darkgrey,1
ENSG00000197557,brown,brown,0
ENSG00000197562,firebrick,firebrick,5
ENSG00000197563,indianred,indianred,6
ENSG00000197566,snow,snow,12
ENSG00000197579,brown,brown,0
ENSG00000197580,darkgrey,darkgrey,1
ENSG00000197586,dimgrey,dimgrey,4
ENSG00000197594,darkgrey,darkgrey,1
ENSG00000197601,darkgrey,darkgrey,1
ENSG00000197603,darkgrey,darkgrey,1
ENSG00000197608,darkgrey,darkgrey,1
ENSG00000197614,dimgrey,dimgrey,4
ENSG00000197619,lightgrey,lightgrey,8
ENSG00000197620,dimgrey,dimgrey,4
ENSG00000197622,darkgrey,darkgrey,1
ENSG00000197632,dimgrey,dimgrey,4
ENSG00000197635,darkgrey,darkgrey,1
ENSG00000197646,dimgrey,dimgrey,4
ENSG00000197647,firebrick,firebrick,5
ENSG00000197694,dimgrey,dimgrey,4
ENSG00000197696,darkgrey,darkgrey,1
ENSG00000197702,dimgrey,dimgrey,4
ENSG00000197712,darkred,darkred,2
ENSG00000197713,dimgrey,dimgrey,4
ENSG00000197724,darkgrey,darkgrey,1
ENSG00000197728,dimgrey,dimgrey,4
ENSG00000197746,darkgrey,darkgrey,1
ENSG00000197747,dimgrey,dimgrey,4
ENSG00000197756,whitesmoke,whitesmoke,13
ENSG00000197757,dimgrey,dimgrey,4
ENSG00000197763,dimgrey,dimgrey,4
ENSG00000197771,dimgrey,dimgrey,4
ENSG00000197774,darkgrey,darkgrey,1
ENSG00000197776,dimgrey,dimgrey,4
ENSG00000197779,whitesmoke,whitesmoke,13
ENSG00000197780,dimgrey,dimgrey,4
ENSG00000197785,darkgrey,darkgrey,1
ENSG00000197798,darkgrey,darkgrey,1
ENSG00000197808,darkgrey,darkgrey,1
ENSG00000197818,darkgrey,darkgrey,1
ENSG00000197826,brown,brown,0
ENSG00000197841,darkgrey,darkgrey,1
ENSG00000197852,darkgrey,darkgrey,1
ENSG00000197857,brown,brown,0
ENSG00000197858,darkgrey,darkgrey,1
ENSG00000197860,dimgrey,dimgrey,4
ENSG00000197863,dimgrey,dimgrey,4
ENSG00000197872,darkgrey,darkgrey,1
ENSG00000197879,dimgrey,dimgrey,4
ENSG00000197885,dimgrey,dimgrey,4
ENSG00000197892,lightgrey,lightgrey,8
ENSG00000197894,whitesmoke,whitesmoke,13
ENSG00000197903,dimgrey,dimgrey,4
ENSG00000197905,darkgrey,darkgrey,1
ENSG00000197912,darkgrey,darkgrey,1
ENSG00000197928,dimgrey,dimgrey,4
ENSG00000197930,dimgrey,dimgrey,4
ENSG00000197933,dimgrey,dimgrey,4
ENSG00000197937,darkgrey,darkgrey,1
ENSG00000197948,lightgrey,lightgrey,8
ENSG00000197951,lightcoral,lightcoral,7
ENSG00000197956,darkgrey,darkgrey,1
ENSG00000197958,dimgrey,dimgrey,4
ENSG00000197959,maroon,maroon,9
ENSG00000197961,dimgrey,dimgrey,4
ENSG00000197965,dimgrey,dimgrey,4
ENSG00000197969,lightcoral,lightcoral,7
ENSG00000197971,whitesmoke,whitesmoke,13
ENSG00000197977,darkgrey,darkgrey,1
ENSG00000197978,dimgrey,dimgrey,4
ENSG00000197982,darkgrey,darkgrey,1
ENSG00000198000,dimgrey,dimgrey,4
ENSG00000198001,darkgrey,darkgrey,1
ENSG00000198015,dimgrey,dimgrey,4
ENSG00000198018,dimgrey,dimgrey,4
ENSG00000198026,darkgrey,darkgrey,1
ENSG00000198028,dimgrey,dimgrey,4
ENSG00000198034,darkgrey,darkgrey,1
ENSG00000198039,dimgrey,dimgrey,4
ENSG00000198040,dimgrey,dimgrey,4
ENSG00000198042,dimgrey,dimgrey,4
ENSG00000198046,darkgrey,darkgrey,1
ENSG00000198053,darkgrey,darkgrey,1
ENSG00000198055,darkgrey,darkgrey,1
ENSG00000198056,darkgrey,darkgrey,1
ENSG00000198060,dimgrey,dimgrey,4
ENSG00000198074,dimgrey,dimgrey,4
ENSG00000198081,dimgrey,dimgrey,4
ENSG00000198087,brown,brown,0
ENSG00000198089,maroon,maroon,9
ENSG00000198093,maroon,maroon,9
ENSG00000198105,darkgrey,darkgrey,1
ENSG00000198108,dimgrey,dimgrey,4
ENSG00000198113,dimgrey,dimgrey,4
ENSG00000198121,dimgrey,dimgrey,4
ENSG00000198130,dimgrey,dimgrey,4
ENSG00000198131,darkgrey,darkgrey,1
ENSG00000198133,darkgrey,darkgrey,1
ENSG00000198142,darkgrey,darkgrey,1
ENSG00000198146,dimgrey,dimgrey,4
ENSG00000198157,brown,brown,0
ENSG00000198160,whitesmoke,whitesmoke,13
ENSG00000198162,snow,snow,12
ENSG00000198168,darkgrey,darkgrey,1
ENSG00000198171,dimgrey,dimgrey,4
ENSG00000198176,darkgrey,darkgrey,1
ENSG00000198182,dimgrey,dimgrey,4
ENSG00000198185,lightgrey,lightgrey,8
ENSG00000198189,brown,brown,0
ENSG00000198198,darkgrey,darkgrey,1
ENSG00000198205,snow,snow,12
ENSG00000198208,darkgrey,darkgrey,1
ENSG00000198218,whitesmoke,whitesmoke,13
ENSG00000198225,dimgrey,dimgrey,4
ENSG00000198231,maroon,maroon,9
ENSG00000198242,darkgrey,darkgrey,1
ENSG00000198246,darkred,darkred,2
ENSG00000198252,dimgrey,dimgrey,4
ENSG00000198258,lightgrey,lightgrey,8
ENSG00000198265,darkgrey,darkgrey,1
ENSG00000198270,firebrick,firebrick,5
ENSG00000198276,brown,brown,0
ENSG00000198298,dimgrey,dimgrey,4
ENSG00000198301,dimgrey,dimgrey,4
ENSG00000198315,indianred,indianred,6
ENSG00000198324,darkgrey,darkgrey,1
ENSG00000198331,dimgrey,dimgrey,4
ENSG00000198342,dimgrey,dimgrey,4
ENSG00000198346,darkgrey,darkgrey,1
ENSG00000198353,darkred,darkred,2
ENSG00000198355,darkgrey,darkgrey,1
ENSG00000198356,dimgrey,dimgrey,4
ENSG00000198363,dimgrey,dimgrey,4
ENSG00000198369,dimgrey,dimgrey,4
ENSG00000198373,darkgrey,darkgrey,1
ENSG00000198380,darkgrey,darkgrey,1
ENSG00000198382,brown,brown,0
ENSG00000198393,darkgrey,darkgrey,1
ENSG00000198399,brown,brown,0
ENSG00000198408,dimgrey,dimgrey,4
ENSG00000198417,darkgrey,darkgrey,1
ENSG00000198420,darkgrey,darkgrey,1
ENSG00000198429,darkgrey,darkgrey,1
ENSG00000198431,dimgrey,dimgrey,4
ENSG00000198440,whitesmoke,whitesmoke,13
ENSG00000198453,darkgrey,darkgrey,1
ENSG00000198455,dimgrey,dimgrey,4
ENSG00000198464,indianred,indianred,6
ENSG00000198466,darkgrey,darkgrey,1
ENSG00000198467,dimgrey,dimgrey,4
ENSG00000198478,darkgrey,darkgrey,1
ENSG00000198482,darkgrey,darkgrey,1
ENSG00000198483,whitesmoke,whitesmoke,13
ENSG00000198492,dimgrey,dimgrey,4
ENSG00000198498,whitesmoke,whitesmoke,13
ENSG00000198513,darkgrey,darkgrey,1
ENSG00000198521,darkgrey,darkgrey,1
ENSG00000198522,dimgrey,dimgrey,4
ENSG00000198523,dimgrey,dimgrey,4
ENSG00000198538,maroon,maroon,9
ENSG00000198542,dimgrey,dimgrey,4
ENSG00000198546,dimgrey,dimgrey,4
ENSG00000198551,indianred,indianred,6
ENSG00000198554,firebrick,firebrick,5
ENSG00000198556,indianred,indianred,6
ENSG00000198561,darkgrey,darkgrey,1
ENSG00000198585,lightgrey,lightgrey,8
ENSG00000198586,dimgrey,dimgrey,4
ENSG00000198589,dimgrey,dimgrey,4
ENSG00000198598,darkgrey,darkgrey,1
ENSG00000198604,lightgrey,lightgrey,8
ENSG00000198612,dimgrey,dimgrey,4
ENSG00000198624,darkgrey,darkgrey,1
ENSG00000198625,dimgrey,dimgrey,4
ENSG00000198642,darkgrey,darkgrey,1
ENSG00000198646,darkgrey,darkgrey,1
ENSG00000198648,lightcoral,lightcoral,7
ENSG00000198663,lightgrey,lightgrey,8
ENSG00000198668,lightgrey,lightgrey,8
ENSG00000198673,lightgrey,lightgrey,8
ENSG00000198677,dimgrey,dimgrey,4
ENSG00000198680,darkgrey,darkgrey,1
ENSG00000198682,darkgrey,darkgrey,1
ENSG00000198689,darkgrey,darkgrey,1
ENSG00000198690,whitesmoke,whitesmoke,13
ENSG00000198695,dimgrey,dimgrey,4
ENSG00000198700,darkgrey,darkgrey,1
ENSG00000198707,darkgrey,darkgrey,1
ENSG00000198712,dimgrey,dimgrey,4
ENSG00000198715,darkgrey,darkgrey,1
ENSG00000198718,darkgrey,darkgrey,1
ENSG00000198720,snow,snow,12
ENSG00000198721,dimgrey,dimgrey,4
ENSG00000198722,dimgrey,dimgrey,4
ENSG00000198727,dimgrey,dimgrey,4
ENSG00000198728,darkgrey,darkgrey,1
ENSG00000198730,snow,snow,12
ENSG00000198732,darkgrey,darkgrey,1
ENSG00000198740,lightcoral,lightcoral,7
ENSG00000198742,dimgrey,dimgrey,4
ENSG00000198743,darkgrey,darkgrey,1
ENSG00000198746,darkgrey,darkgrey,1
ENSG00000198752,darkgrey,darkgrey,1
ENSG00000198754,darkgrey,darkgrey,1
ENSG00000198755,lightgrey,lightgrey,8
ENSG00000198756,darkgrey,darkgrey,1
ENSG00000198763,brown,brown,0
ENSG00000198768,dimgrey,dimgrey,4
ENSG00000198771,darkgrey,darkgrey,1
ENSG00000198783,firebrick,firebrick,5
ENSG00000198786,whitesmoke,whitesmoke,13
ENSG00000198791,darkgrey,darkgrey,1
ENSG00000198792,dimgrey,dimgrey,4
ENSG00000198793,dimgrey,dimgrey,4
ENSG00000198794,dimgrey,dimgrey,4
ENSG00000198795,lightgrey,lightgrey,8
ENSG00000198796,darkgrey,darkgrey,1
ENSG00000198799,lightgrey,lightgrey,8
ENSG00000198804,dimgrey,dimgrey,4
ENSG00000198814,darkgrey,darkgrey,1
ENSG00000198815,dimgrey,dimgrey,4
ENSG00000198816,darkgrey,darkgrey,1
ENSG00000198818,dimgrey,dimgrey,4
ENSG00000198824,dimgrey,dimgrey,4
ENSG00000198825,dimgrey,dimgrey,4
ENSG00000198826,dimgrey,dimgrey,4
ENSG00000198830,dimgrey,dimgrey,4
ENSG00000198832,dimgrey,dimgrey,4
ENSG00000198833,dimgrey,dimgrey,4
ENSG00000198835,darkgrey,darkgrey,1
ENSG00000198836,dimgrey,dimgrey,4
ENSG00000198837,darkgrey,darkgrey,1
ENSG00000198838,darkgrey,darkgrey,1
ENSG00000198839,brown,brown,0
ENSG00000198840,dimgrey,dimgrey,4
ENSG00000198841,dimgrey,dimgrey,4
ENSG00000198843,dimgrey,dimgrey,4
ENSG00000198846,darkgrey,darkgrey,1
ENSG00000198853,dimgrey,dimgrey,4
ENSG00000198855,dimgrey,dimgrey,4
ENSG00000198856,indianred,indianred,6
ENSG00000198858,darkgrey,darkgrey,1
ENSG00000198860,darkgrey,darkgrey,1
ENSG00000198862,whitesmoke,whitesmoke,13
ENSG00000198863,darkgrey,darkgrey,1
ENSG00000198865,dimgrey,dimgrey,4
ENSG00000198873,darkgrey,darkgrey,1
ENSG00000198874,lightgrey,lightgrey,8
ENSG00000198876,darkgrey,darkgrey,1
ENSG00000198879,snow,snow,12
ENSG00000198885,maroon,maroon,9
ENSG00000198886,dimgrey,dimgrey,4
ENSG00000198887,darkgrey,darkgrey,1
ENSG00000198888,dimgrey,dimgrey,4
ENSG00000198890,firebrick,firebrick,5
ENSG00000198892,darkgrey,darkgrey,1
ENSG00000198894,dimgrey,dimgrey,4
ENSG00000198898,dimgrey,dimgrey,4
ENSG00000198899,dimgrey,dimgrey,4
ENSG00000198900,darkred,darkred,2
ENSG00000198901,dimgrey,dimgrey,4
ENSG00000198909,darkgrey,darkgrey,1
ENSG00000198910,dimgrey,dimgrey,4
ENSG00000198911,darkgrey,darkgrey,1
ENSG00000198912,whitesmoke,whitesmoke,13
ENSG00000198915,dimgrey,dimgrey,4
ENSG00000198918,brown,brown,0
ENSG00000198919,lightgrey,lightgrey,8
ENSG00000198924,dimgrey,dimgrey,4
ENSG00000198929,darkgrey,darkgrey,1
ENSG00000198931,dimgrey,dimgrey,4
ENSG00000198932,darkgrey,darkgrey,1
ENSG00000198933,darkgrey,darkgrey,1
ENSG00000198934,dimgrey,dimgrey,4
ENSG00000198937,dimgrey,dimgrey,4
ENSG00000198938,dimgrey,dimgrey,4
ENSG00000198945,darkgrey,darkgrey,1
ENSG00000198947,dimgrey,dimgrey,4
ENSG00000198948,snow,snow,12
ENSG00000198951,dimgrey,dimgrey,4
ENSG00000198952,dimgrey,dimgrey,4
ENSG00000198954,lightcoral,lightcoral,7
ENSG00000198959,dimgrey,dimgrey,4
ENSG00000198960,whitesmoke,whitesmoke,13
ENSG00000198961,darkgrey,darkgrey,1
ENSG00000198963,dimgrey,dimgrey,4
ENSG00000198964,lightcoral,lightcoral,7
ENSG00000203326,whitesmoke,whitesmoke,13
ENSG00000203485,darkgrey,darkgrey,1
ENSG00000203666,darkgrey,darkgrey,1
ENSG00000203668,dimgrey,dimgrey,4
ENSG00000203705,dimgrey,dimgrey,4
ENSG00000203722,dimgrey,dimgrey,4
ENSG00000203724,dimgrey,dimgrey,4
ENSG00000203727,darkgrey,darkgrey,1
ENSG00000203760,dimgrey,dimgrey,4
ENSG00000203778,dimgrey,dimgrey,4
ENSG00000203780,darkgrey,darkgrey,1
ENSG00000203786,indianred,indianred,6
ENSG00000203791,lightgrey,lightgrey,8
ENSG00000203797,darksalmon,darksalmon,3
ENSG00000203805,dimgrey,dimgrey,4
ENSG00000203867,dimgrey,dimgrey,4
ENSG00000203872,darkgrey,darkgrey,1
ENSG00000203879,dimgrey,dimgrey,4
ENSG00000203880,darkgrey,darkgrey,1
ENSG00000203910,dimgrey,dimgrey,4
ENSG00000203943,darkgrey,darkgrey,1
ENSG00000203950,darkgrey,darkgrey,1
ENSG00000203965,indianred,indianred,6
ENSG00000203995,dimgrey,dimgrey,4
ENSG00000204052,brown,brown,0
ENSG00000204054,dimgrey,dimgrey,4
ENSG00000204070,darkgrey,darkgrey,1
ENSG00000204084,indianred,indianred,6
ENSG00000204086,dimgrey,dimgrey,4
ENSG00000204103,brown,brown,0
ENSG00000204104,darkgrey,darkgrey,1
ENSG00000204116,dimgrey,dimgrey,4
ENSG00000204120,dimgrey,dimgrey,4
ENSG00000204128,indianred,indianred,6
ENSG00000204130,darkgrey,darkgrey,1
ENSG00000204131,dimgrey,dimgrey,4
ENSG00000204138,darkgrey,darkgrey,1
ENSG00000204147,dimgrey,dimgrey,4
ENSG00000204152,dimgrey,dimgrey,4
ENSG00000204160,dimgrey,dimgrey,4
ENSG00000204172,indianred,indianred,6
ENSG00000204176,dimgrey,dimgrey,4
ENSG00000204178,maroon,maroon,9
ENSG00000204209,darkgrey,darkgrey,1
ENSG00000204217,darkgrey,darkgrey,1
ENSG00000204219,dimgrey,dimgrey,4
ENSG00000204220,brown,brown,0
ENSG00000204227,dimgrey,dimgrey,4
ENSG00000204237,darkgrey,darkgrey,1
ENSG00000204256,dimgrey,dimgrey,4
ENSG00000204257,brown,brown,0
ENSG00000204262,red,red,11
ENSG00000204264,dimgrey,dimgrey,4
ENSG00000204271,dimgrey,dimgrey,4
ENSG00000204272,dimgrey,dimgrey,4
ENSG00000204291,whitesmoke,whitesmoke,13
ENSG00000204304,darkgrey,darkgrey,1
ENSG00000204308,dimgrey,dimgrey,4
ENSG00000204311,dimgrey,dimgrey,4
ENSG00000204334,dimgrey,dimgrey,4
ENSG00000204348,brown,brown,0
ENSG00000204351,lightgrey,lightgrey,8
ENSG00000204356,dimgrey,dimgrey,4
ENSG00000204370,dimgrey,dimgrey,4
ENSG00000204371,snow,snow,12
ENSG00000204381,red,red,11
ENSG00000204392,dimgrey,dimgrey,4
ENSG00000204394,dimgrey,dimgrey,4
ENSG00000204397,dimgrey,dimgrey,4
ENSG00000204406,dimgrey,dimgrey,4
ENSG00000204438,dimgrey,dimgrey,4
ENSG00000204442,darkgrey,darkgrey,1
ENSG00000204444,dimgrey,dimgrey,4
ENSG00000204463,dimgrey,dimgrey,4
ENSG00000204469,maroon,maroon,9
ENSG00000204514,maroon,maroon,9
ENSG00000204519,darkgrey,darkgrey,1
ENSG00000204520,dimgrey,dimgrey,4
ENSG00000204524,indianred,indianred,6
ENSG00000204525,dimgrey,dimgrey,4
ENSG00000204536,lightgrey,lightgrey,8
ENSG00000204560,dimgrey,dimgrey,4
ENSG00000204564,dimgrey,dimgrey,4
ENSG00000204569,darkgrey,darkgrey,1
ENSG00000204574,darkred,darkred,2
ENSG00000204590,dimgrey,dimgrey,4
ENSG00000204592,dimgrey,dimgrey,4
ENSG00000204604,whitesmoke,whitesmoke,13
ENSG00000204611,dimgrey,dimgrey,4
ENSG00000204619,dimgrey,dimgrey,4
ENSG00000204628,brown,brown,0
ENSG00000204634,dimgrey,dimgrey,4
ENSG00000204642,lightgrey,lightgrey,8
ENSG00000204673,darkgrey,darkgrey,1
ENSG00000204681,darkgrey,darkgrey,1
ENSG00000204713,darkgrey,darkgrey,1
ENSG00000204764,dimgrey,dimgrey,4
ENSG00000204767,darkgrey,darkgrey,1
ENSG00000204842,darkgrey,darkgrey,1
ENSG00000204843,darkgrey,darkgrey,1
ENSG00000204852,darkgrey,darkgrey,1
ENSG00000204856,dimgrey,dimgrey,4
ENSG00000204859,dimgrey,dimgrey,4
ENSG00000204899,dimgrey,dimgrey,4
ENSG00000204922,dimgrey,dimgrey,4
ENSG00000204923,dimgrey,dimgrey,4
ENSG00000204941,dimgrey,dimgrey,4
ENSG00000204946,darkgrey,darkgrey,1
ENSG00000204947,darkgrey,darkgrey,1
ENSG00000204954,dimgrey,dimgrey,4
ENSG00000204956,indianred,indianred,6
ENSG00000204977,darkgrey,darkgrey,1
ENSG00000204991,dimgrey,dimgrey,4
ENSG00000205045,brown,brown,0
ENSG00000205060,darkgrey,darkgrey,1
ENSG00000205084,indianred,indianred,6
ENSG00000205085,darkgrey,darkgrey,1
ENSG00000205090,darkgrey,darkgrey,1
ENSG00000205133,dimgrey,dimgrey,4
ENSG00000205138,dimgrey,dimgrey,4
ENSG00000205155,darkgrey,darkgrey,1
ENSG00000205189,indianred,indianred,6
ENSG00000205208,dimgrey,dimgrey,4
ENSG00000205213,indianred,indianred,6
ENSG00000205250,dimgrey,dimgrey,4
ENSG00000205268,dimgrey,dimgrey,4
ENSG00000205269,dimgrey,dimgrey,4
ENSG00000205277,red,red,11
ENSG00000205302,dimgrey,dimgrey,4
ENSG00000205309,snow,snow,12
ENSG00000205323,darkgrey,darkgrey,1
ENSG00000205336,dimgrey,dimgrey,4
ENSG00000205339,dimgrey,dimgrey,4
ENSG00000205352,dimgrey,dimgrey,4
ENSG00000205356,darkgrey,darkgrey,1
ENSG00000205362,darkgrey,darkgrey,1
ENSG00000205364,dimgrey,dimgrey,4
ENSG00000205403,dimgrey,dimgrey,4
ENSG00000205413,lightgrey,lightgrey,8
ENSG00000205423,brown,brown,0
ENSG00000205426,darkgrey,darkgrey,1
ENSG00000205476,snow,snow,12
ENSG00000205482,dimgrey,dimgrey,4
ENSG00000205517,whitesmoke,whitesmoke,13
ENSG00000205531,darkgrey,darkgrey,1
ENSG00000205542,dimgrey,dimgrey,4
ENSG00000205581,dimgrey,dimgrey,4
ENSG00000205593,dimgrey,dimgrey,4
ENSG00000205629,dimgrey,dimgrey,4
ENSG00000205639,darkgrey,darkgrey,1
ENSG00000205643,brown,brown,0
ENSG00000205659,darkgrey,darkgrey,1
ENSG00000205683,dimgrey,dimgrey,4
ENSG00000205707,darkgrey,darkgrey,1
ENSG00000205726,lightgrey,lightgrey,8
ENSG00000205730,darkgrey,darkgrey,1
ENSG00000205758,dimgrey,dimgrey,4
ENSG00000205765,snow,snow,12
ENSG00000205795,dimgrey,dimgrey,4
ENSG00000205808,lightgrey,lightgrey,8
ENSG00000205835,indianred,indianred,6
ENSG00000205838,dimgrey,dimgrey,4
ENSG00000205863,dimgrey,dimgrey,4
ENSG00000205903,darkgrey,darkgrey,1
ENSG00000205937,lightcoral,lightcoral,7
ENSG00000205978,darkgrey,darkgrey,1
ENSG00000205981,dimgrey,dimgrey,4
ENSG00000206052,darkgrey,darkgrey,1
ENSG00000206053,dimgrey,dimgrey,4
ENSG00000206140,dimgrey,dimgrey,4
ENSG00000206190,whitesmoke,whitesmoke,13
ENSG00000206384,darkgrey,darkgrey,1
ENSG00000206418,darkgrey,darkgrey,1
ENSG00000206503,dimgrey,dimgrey,4
ENSG00000206527,maroon,maroon,9
ENSG00000206530,dimgrey,dimgrey,4
ENSG00000206535,maroon,maroon,9
ENSG00000206538,darkgrey,darkgrey,1
ENSG00000206559,dimgrey,dimgrey,4
ENSG00000206560,darkgrey,darkgrey,1
ENSG00000206561,darkgrey,darkgrey,1
ENSG00000206562,darkgrey,darkgrey,1
ENSG00000206567,dimgrey,dimgrey,4
ENSG00000211445,dimgrey,dimgrey,4
ENSG00000211448,dimgrey,dimgrey,4
ENSG00000211450,mistyrose,mistyrose,10
ENSG00000211454,dimgrey,dimgrey,4
ENSG00000211455,dimgrey,dimgrey,4
ENSG00000211456,darkgrey,darkgrey,1
ENSG00000211460,darkgrey,darkgrey,1
ENSG00000211584,darkgrey,darkgrey,1
ENSG00000212123,indianred,indianred,6
ENSG00000212747,dimgrey,dimgrey,4
ENSG00000212864,dimgrey,dimgrey,4
ENSG00000212907,darkgrey,darkgrey,1
ENSG00000212916,dimgrey,dimgrey,4
ENSG00000213015,dimgrey,dimgrey,4
ENSG00000213020,darkgrey,darkgrey,1
ENSG00000213024,dimgrey,dimgrey,4
ENSG00000213047,dimgrey,dimgrey,4
ENSG00000213064,dimgrey,dimgrey,4
ENSG00000213066,snow,snow,12
ENSG00000213079,dimgrey,dimgrey,4
ENSG00000213085,lightcoral,lightcoral,7
ENSG00000213096,lightcoral,lightcoral,7
ENSG00000213123,dimgrey,dimgrey,4
ENSG00000213139,dimgrey,dimgrey,4
ENSG00000213160,darkgrey,darkgrey,1
ENSG00000213185,whitesmoke,whitesmoke,13
ENSG00000213186,brown,brown,0
ENSG00000213190,dimgrey,dimgrey,4
ENSG00000213213,lightcoral,lightcoral,7
ENSG00000213221,dimgrey,dimgrey,4
ENSG00000213281,dimgrey,dimgrey,4
ENSG00000213337,darkgrey,darkgrey,1
ENSG00000213339,darkgrey,darkgrey,1
ENSG00000213341,whitesmoke,whitesmoke,13
ENSG00000213347,dimgrey,dimgrey,4
ENSG00000213366,dimgrey,dimgrey,4
ENSG00000213380,brown,brown,0
ENSG00000213390,darkgrey,darkgrey,1
ENSG00000213397,darkgrey,darkgrey,1
ENSG00000213398,darkgrey,darkgrey,1
ENSG00000213420,dimgrey,dimgrey,4
ENSG00000213445,dimgrey,dimgrey,4
ENSG00000213462,brown,brown,0
ENSG00000213463,darkred,darkred,2
ENSG00000213465,darkgrey,darkgrey,1
ENSG00000213516,darkgrey,darkgrey,1
ENSG00000213523,indianred,indianred,6
ENSG00000213533,darkgrey,darkgrey,1
ENSG00000213551,whitesmoke,whitesmoke,13
ENSG00000213563,darkgrey,darkgrey,1
ENSG00000213585,dimgrey,dimgrey,4
ENSG00000213593,darkgrey,darkgrey,1
ENSG00000213614,darkgrey,darkgrey,1
ENSG00000213619,whitesmoke,whitesmoke,13
ENSG00000213625,lightgrey,lightgrey,8
ENSG00000213626,darkgrey,darkgrey,1
ENSG00000213639,dimgrey,dimgrey,4
ENSG00000213658,darkgrey,darkgrey,1
ENSG00000213672,darkgrey,darkgrey,1
ENSG00000213694,dimgrey,dimgrey,4
ENSG00000213699,dimgrey,dimgrey,4
ENSG00000213719,dimgrey,dimgrey,4
ENSG00000213722,dimgrey,dimgrey,4
ENSG00000213741,darkgrey,darkgrey,1
ENSG00000213762,whitesmoke,whitesmoke,13
ENSG00000213793,darkgrey,darkgrey,1
ENSG00000213799,brown,brown,0
ENSG00000213853,whitesmoke,whitesmoke,13
ENSG00000213889,dimgrey,dimgrey,4
ENSG00000213901,dimgrey,dimgrey,4
ENSG00000213918,darkgrey,darkgrey,1
ENSG00000213923,darkgrey,darkgrey,1
ENSG00000213930,maroon,maroon,9
ENSG00000213949,dimgrey,dimgrey,4
ENSG00000213965,dimgrey,dimgrey,4
ENSG00000213967,dimgrey,dimgrey,4
ENSG00000213983,dimgrey,dimgrey,4
ENSG00000213988,brown,brown,0
ENSG00000213995,dimgrey,dimgrey,4
ENSG00000213996,brown,brown,0
ENSG00000214013,brown,brown,0
ENSG00000214021,darkgrey,darkgrey,1
ENSG00000214022,indianred,indianred,6
ENSG00000214026,brown,brown,0
ENSG00000214029,dimgrey,dimgrey,4
ENSG00000214046,dimgrey,dimgrey,4
ENSG00000214063,darkgrey,darkgrey,1
ENSG00000214078,dimgrey,dimgrey,4
ENSG00000214087,dimgrey,dimgrey,4
ENSG00000214113,darkgrey,darkgrey,1
ENSG00000214114,dimgrey,dimgrey,4
ENSG00000214140,dimgrey,dimgrey,4
ENSG00000214160,darkgrey,darkgrey,1
ENSG00000214193,dimgrey,dimgrey,4
ENSG00000214194,dimgrey,dimgrey,4
ENSG00000214226,dimgrey,dimgrey,4
ENSG00000214253,dimgrey,dimgrey,4
ENSG00000214274,snow,snow,12
ENSG00000214279,maroon,maroon,9
ENSG00000214300,dimgrey,dimgrey,4
ENSG00000214309,dimgrey,dimgrey,4
ENSG00000214338,dimgrey,dimgrey,4
ENSG00000214357,dimgrey,dimgrey,4
ENSG00000214367,dimgrey,dimgrey,4
ENSG00000214376,lightgrey,lightgrey,8
ENSG00000214413,dimgrey,dimgrey,4
ENSG00000214517,darkgrey,darkgrey,1
ENSG00000214530,darkred,darkred,2
ENSG00000214595,maroon,maroon,9
ENSG00000214652,dimgrey,dimgrey,4
ENSG00000214654,darkgrey,darkgrey,1
ENSG00000214655,darkgrey,darkgrey,1
ENSG00000214694,maroon,maroon,9
ENSG00000214706,dimgrey,dimgrey,4
ENSG00000214753,dimgrey,dimgrey,4
ENSG00000214756,darkgrey,darkgrey,1
ENSG00000214941,dimgrey,dimgrey,4
ENSG00000214944,darkgrey,darkgrey,1
ENSG00000214954,whitesmoke,whitesmoke,13
ENSG00000214960,brown,brown,0
ENSG00000215012,dimgrey,dimgrey,4
ENSG00000215021,dimgrey,dimgrey,4
ENSG00000215114,dimgrey,dimgrey,4
ENSG00000215126,lightgrey,lightgrey,8
ENSG00000215156,dimgrey,dimgrey,4
ENSG00000215193,darkgrey,darkgrey,1
ENSG00000215251,lightgrey,lightgrey,8
ENSG00000215252,lightcoral,lightcoral,7
ENSG00000215262,indianred,indianred,6
ENSG00000215301,lightcoral,lightcoral,7
ENSG00000215305,darkgrey,darkgrey,1
ENSG00000215375,dimgrey,dimgrey,4
ENSG00000215421,darkgrey,darkgrey,1
ENSG00000215440,indianred,indianred,6
ENSG00000215712,dimgrey,dimgrey,4
ENSG00000215717,dimgrey,dimgrey,4
ENSG00000215784,red,red,11
ENSG00000215817,darkgrey,darkgrey,1
ENSG00000215883,darkgrey,darkgrey,1
ENSG00000216937,dimgrey,dimgrey,4
ENSG00000217128,darkgrey,darkgrey,1
ENSG00000218336,dimgrey,dimgrey,4
ENSG00000218739,dimgrey,dimgrey,4
ENSG00000218891,snow,snow,12
ENSG00000219200,darkgrey,darkgrey,1
ENSG00000219481,dimgrey,dimgrey,4
ENSG00000219545,dimgrey,dimgrey,4
ENSG00000219607,maroon,maroon,9
ENSG00000219626,dimgrey,dimgrey,4
ENSG00000220201,dimgrey,dimgrey,4
ENSG00000220205,darkgrey,darkgrey,1
ENSG00000221818,lightgrey,lightgrey,8
ENSG00000221821,darkgrey,darkgrey,1
ENSG00000221823,darkgrey,darkgrey,1
ENSG00000221829,darkgrey,darkgrey,1
ENSG00000221838,darkgrey,darkgrey,1
ENSG00000221843,darkgrey,darkgrey,1
ENSG00000221866,dimgrey,dimgrey,4
ENSG00000221869,darkgrey,darkgrey,1
ENSG00000221878,dimgrey,dimgrey,4
ENSG00000221886,indianred,indianred,6
ENSG00000221887,dimgrey,dimgrey,4
ENSG00000221890,darkgrey,darkgrey,1
ENSG00000221909,maroon,maroon,9
ENSG00000221914,whitesmoke,whitesmoke,13
ENSG00000221923,dimgrey,dimgrey,4
ENSG00000221926,dimgrey,dimgrey,4
ENSG00000221944,darkgrey,darkgrey,1
ENSG00000221955,red,red,11
ENSG00000221963,darkgrey,darkgrey,1
ENSG00000221968,darkgrey,darkgrey,1
ENSG00000221978,darkgrey,darkgrey,1
ENSG00000221983,dimgrey,dimgrey,4
ENSG00000222009,darkgrey,darkgrey,1
ENSG00000222011,snow,snow,12
ENSG00000223496,darkgrey,darkgrey,1
ENSG00000223547,darkgrey,darkgrey,1
ENSG00000223609,dimgrey,dimgrey,4
ENSG00000223611,darkgrey,darkgrey,1
ENSG00000223802,dimgrey,dimgrey,4
ENSG00000223865,dimgrey,dimgrey,4
ENSG00000224051,darkgrey,darkgrey,1
ENSG00000224470,dimgrey,dimgrey,4
ENSG00000224531,dimgrey,dimgrey,4
ENSG00000224578,darkgrey,darkgrey,1
ENSG00000224877,darkgrey,darkgrey,1
ENSG00000225177,dimgrey,dimgrey,4
ENSG00000225528,darkgrey,darkgrey,1
ENSG00000225614,dimgrey,dimgrey,4
ENSG00000225663,darkgrey,darkgrey,1
ENSG00000225697,darkgrey,darkgrey,1
ENSG00000225828,dimgrey,dimgrey,4
ENSG00000225830,lightcoral,lightcoral,7
ENSG00000225921,dimgrey,dimgrey,4
ENSG00000225968,darkgrey,darkgrey,1
ENSG00000225973,dimgrey,dimgrey,4
ENSG00000226124,indianred,indianred,6
ENSG00000226174,dimgrey,dimgrey,4
ENSG00000226479,dimgrey,dimgrey,4
ENSG00000226742,dimgrey,dimgrey,4
ENSG00000227051,dimgrey,dimgrey,4
ENSG00000227057,dimgrey,dimgrey,4
ENSG00000227124,dimgrey,dimgrey,4
ENSG00000227234,lightcoral,lightcoral,7
ENSG00000227345,dimgrey,dimgrey,4
ENSG00000227500,darkgrey,darkgrey,1
ENSG00000228049,dimgrey,dimgrey,4
ENSG00000228253,darkgrey,darkgrey,1
ENSG00000228474,dimgrey,dimgrey,4
ENSG00000228594,darkgrey,darkgrey,1
ENSG00000228623,dimgrey,dimgrey,4
ENSG00000228672,maroon,maroon,9
ENSG00000228696,dimgrey,dimgrey,4
ENSG00000228716,dimgrey,dimgrey,4
ENSG00000229117,dimgrey,dimgrey,4
ENSG00000229676,dimgrey,dimgrey,4
ENSG00000229809,dimgrey,dimgrey,4
ENSG00000229833,dimgrey,dimgrey,4
ENSG00000230124,dimgrey,dimgrey,4
ENSG00000230453,dimgrey,dimgrey,4
ENSG00000230797,dimgrey,dimgrey,4
ENSG00000230989,darkgrey,darkgrey,1
ENSG00000231500,dimgrey,dimgrey,4
ENSG00000231924,darkgrey,darkgrey,1
ENSG00000231925,dimgrey,dimgrey,4
ENSG00000232112,dimgrey,dimgrey,4
ENSG00000232119,dimgrey,dimgrey,4
ENSG00000232388,dimgrey,dimgrey,4
ENSG00000232593,brown,brown,0
ENSG00000232838,dimgrey,dimgrey,4
ENSG00000232859,darkgrey,darkgrey,1
ENSG00000233030,darkgrey,darkgrey,1
ENSG00000233493,brown,brown,0
ENSG00000233757,brown,brown,0
ENSG00000233822,brown,brown,0
ENSG00000233927,whitesmoke,whitesmoke,13
ENSG00000233954,dimgrey,dimgrey,4
ENSG00000234284,maroon,maroon,9
ENSG00000234444,darkgrey,darkgrey,1
ENSG00000234465,darkgrey,darkgrey,1
ENSG00000234545,dimgrey,dimgrey,4
ENSG00000234616,darkgrey,darkgrey,1
ENSG00000234719,dimgrey,dimgrey,4
ENSG00000234745,dimgrey,dimgrey,4
ENSG00000235098,darkgrey,darkgrey,1
ENSG00000235106,darkgrey,darkgrey,1
ENSG00000235109,dimgrey,dimgrey,4
ENSG00000235162,dimgrey,dimgrey,4
ENSG00000235169,dimgrey,dimgrey,4
ENSG00000235173,dimgrey,dimgrey,4
ENSG00000235194,lightcoral,lightcoral,7
ENSG00000235272,brown,brown,0
ENSG00000235376,indianred,indianred,6
ENSG00000235453,dimgrey,dimgrey,4
ENSG00000235750,darkgrey,darkgrey,1
ENSG00000235961,darkgrey,darkgrey,1
ENSG00000236287,dimgrey,dimgrey,4
ENSG00000236383,brown,brown,0
ENSG00000236444,dimgrey,dimgrey,4
ENSG00000236609,dimgrey,dimgrey,4
ENSG00000236699,whitesmoke,whitesmoke,13
ENSG00000237172,dimgrey,dimgrey,4
ENSG00000237190,dimgrey,dimgrey,4
ENSG00000237440,dimgrey,dimgrey,4
ENSG00000237489,dimgrey,dimgrey,4
ENSG00000237649,dimgrey,dimgrey,4
ENSG00000237765,dimgrey,dimgrey,4
ENSG00000238083,darkgrey,darkgrey,1
ENSG00000238227,darkgrey,darkgrey,1
ENSG00000239282,darkgrey,darkgrey,1
ENSG00000239305,darkgrey,darkgrey,1
ENSG00000239306,lightcoral,lightcoral,7
ENSG00000239382,darkgrey,darkgrey,1
ENSG00000239388,dimgrey,dimgrey,4
ENSG00000239672,dimgrey,dimgrey,4
ENSG00000239697,dimgrey,dimgrey,4
ENSG00000239713,dimgrey,dimgrey,4
ENSG00000239779,darkgrey,darkgrey,1
ENSG00000239789,dimgrey,dimgrey,4
ENSG00000239900,dimgrey,dimgrey,4
ENSG00000240065,darkgrey,darkgrey,1
ENSG00000240230,darkgrey,darkgrey,1
ENSG00000240344,snow,snow,12
ENSG00000240386,dimgrey,dimgrey,4
ENSG00000240445,lightcoral,lightcoral,7
ENSG00000240583,darkgrey,darkgrey,1
ENSG00000240682,darkgrey,darkgrey,1
ENSG00000240849,dimgrey,dimgrey,4
ENSG00000240857,dimgrey,dimgrey,4
ENSG00000240891,indianred,indianred,6
ENSG00000241058,dimgrey,dimgrey,4
ENSG00000241127,dimgrey,dimgrey,4
ENSG00000241258,darkgrey,darkgrey,1
ENSG00000241322,dimgrey,dimgrey,4
ENSG00000241343,darkgrey,darkgrey,1
ENSG00000241399,brown,brown,0
ENSG00000241468,dimgrey,dimgrey,4
ENSG00000241553,darkgrey,darkgrey,1
ENSG00000241644,dimgrey,dimgrey,4
ENSG00000241685,dimgrey,dimgrey,4
ENSG00000241837,whitesmoke,whitesmoke,13
ENSG00000241839,darkgrey,darkgrey,1
ENSG00000241852,dimgrey,dimgrey,4
ENSG00000241878,dimgrey,dimgrey,4
ENSG00000241945,brown,brown,0
ENSG00000241973,dimgrey,dimgrey,4
ENSG00000242028,darkgrey,darkgrey,1
ENSG00000242110,darkgrey,darkgrey,1
ENSG00000242247,dimgrey,dimgrey,4
ENSG00000242259,darkgrey,darkgrey,1
ENSG00000242265,darkgrey,darkgrey,1
ENSG00000242372,dimgrey,dimgrey,4
ENSG00000242485,dimgrey,dimgrey,4
ENSG00000242498,dimgrey,dimgrey,4
ENSG00000242715,snow,snow,12
ENSG00000242732,darkgrey,darkgrey,1
ENSG00000242802,darkgrey,darkgrey,1
ENSG00000243147,dimgrey,dimgrey,4
ENSG00000243156,darkgrey,darkgrey,1
ENSG00000243244,dimgrey,dimgrey,4
ENSG00000243284,darkgrey,darkgrey,1
ENSG00000243317,indianred,indianred,6
ENSG00000243335,darkgrey,darkgrey,1
ENSG00000243364,indianred,indianred,6
ENSG00000243449,darkgrey,darkgrey,1
ENSG00000243477,darkgrey,darkgrey,1
ENSG00000243646,darkgrey,darkgrey,1
ENSG00000243660,brown,brown,0
ENSG00000243667,darkgrey,darkgrey,1
ENSG00000243678,darkgrey,darkgrey,1
ENSG00000243710,brown,brown,0
ENSG00000243725,dimgrey,dimgrey,4
ENSG00000243811,dimgrey,dimgrey,4
ENSG00000243927,dimgrey,dimgrey,4
ENSG00000243943,brown,brown,0
ENSG00000243978,darkgrey,darkgrey,1
ENSG00000243989,maroon,maroon,9
ENSG00000244005,brown,brown,0
ENSG00000244038,dimgrey,dimgrey,4
ENSG00000244045,dimgrey,dimgrey,4
ENSG00000244165,darkgrey,darkgrey,1
ENSG00000244187,dimgrey,dimgrey,4
ENSG00000244219,dimgrey,dimgrey,4
ENSG00000244405,darkgrey,darkgrey,1
ENSG00000244462,dimgrey,dimgrey,4
ENSG00000244486,maroon,maroon,9
ENSG00000244509,darkgrey,darkgrey,1
ENSG00000244588,dimgrey,dimgrey,4
ENSG00000244687,indianred,indianred,6
ENSG00000244694,maroon,maroon,9
ENSG00000244754,dimgrey,dimgrey,4
ENSG00000245146,lightgrey,lightgrey,8
ENSG00000245680,lightcoral,lightcoral,7
ENSG00000246705,whitesmoke,whitesmoke,13
ENSG00000246922,dimgrey,dimgrey,4
ENSG00000247077,darkgrey,darkgrey,1
ENSG00000247315,dimgrey,dimgrey,4
ENSG00000247595,whitesmoke,whitesmoke,13
ENSG00000247596,dimgrey,dimgrey,4
ENSG00000247626,dimgrey,dimgrey,4
ENSG00000247746,darkgrey,darkgrey,1
ENSG00000248333,snow,snow,12
ENSG00000248483,darkgrey,darkgrey,1
ENSG00000248487,lightgrey,lightgrey,8
ENSG00000248712,brown,brown,0
ENSG00000248905,whitesmoke,whitesmoke,13
ENSG00000249115,dimgrey,dimgrey,4
ENSG00000249222,dimgrey,dimgrey,4
ENSG00000249242,brown,brown,0
ENSG00000249471,brown,brown,0
ENSG00000249853,darkgrey,darkgrey,1
ENSG00000249915,darkgrey,darkgrey,1
ENSG00000249992,darkgrey,darkgrey,1
ENSG00000250067,darkgrey,darkgrey,1
ENSG00000250305,dimgrey,dimgrey,4
ENSG00000250312,brown,brown,0
ENSG00000250317,dimgrey,dimgrey,4
ENSG00000250479,dimgrey,dimgrey,4
ENSG00000250510,darkgrey,darkgrey,1
ENSG00000250565,dimgrey,dimgrey,4
ENSG00000250571,brown,brown,0
ENSG00000250722,brown,brown,0
ENSG00000251192,whitesmoke,whitesmoke,13
ENSG00000251247,firebrick,firebrick,5
ENSG00000251369,darkgrey,darkgrey,1
ENSG00000251493,lightcoral,lightcoral,7
ENSG00000253159,brown,brown,0
ENSG00000253251,dimgrey,dimgrey,4
ENSG00000253276,dimgrey,dimgrey,4
ENSG00000253293,darkgrey,darkgrey,1
ENSG00000253304,dimgrey,dimgrey,4
ENSG00000253305,darkgrey,darkgrey,1
ENSG00000253352,brown,brown,0
ENSG00000253368,dimgrey,dimgrey,4
ENSG00000253485,darkgrey,darkgrey,1
ENSG00000253506,dimgrey,dimgrey,4
ENSG00000253537,dimgrey,dimgrey,4
ENSG00000253626,dimgrey,dimgrey,4
ENSG00000253710,whitesmoke,whitesmoke,13
ENSG00000253719,dimgrey,dimgrey,4
ENSG00000253729,darkgrey,darkgrey,1
ENSG00000253731,darkgrey,darkgrey,1
ENSG00000253767,darkgrey,darkgrey,1
ENSG00000253846,dimgrey,dimgrey,4
ENSG00000253873,brown,brown,0
ENSG00000253910,darkgrey,darkgrey,1
ENSG00000254004,dimgrey,dimgrey,4
ENSG00000254087,darkgrey,darkgrey,1
ENSG00000254122,darkgrey,darkgrey,1
ENSG00000254206,mistyrose,mistyrose,10
ENSG00000254469,maroon,maroon,9
ENSG00000254470,darkgrey,darkgrey,1
ENSG00000254535,lightgrey,lightgrey,8
ENSG00000254685,dimgrey,dimgrey,4
ENSG00000254726,dimgrey,dimgrey,4
ENSG00000254858,dimgrey,dimgrey,4
ENSG00000254901,darkgrey,darkgrey,1
ENSG00000254986,dimgrey,dimgrey,4
ENSG00000254996,lightcoral,lightcoral,7
ENSG00000254999,dimgrey,dimgrey,4
ENSG00000255112,dimgrey,dimgrey,4
ENSG00000255150,lightgrey,lightgrey,8
ENSG00000255302,lightgrey,lightgrey,8
ENSG00000255423,dimgrey,dimgrey,4
ENSG00000255529,darkgrey,darkgrey,1
ENSG00000255561,snow,snow,12
ENSG00000256053,darkgrey,darkgrey,1
ENSG00000256060,dimgrey,dimgrey,4
ENSG00000256061,red,red,11
ENSG00000256087,dimgrey,dimgrey,4
ENSG00000256223,lightgrey,lightgrey,8
ENSG00000256229,dimgrey,dimgrey,4
ENSG00000256235,dimgrey,dimgrey,4
ENSG00000256269,dimgrey,dimgrey,4
ENSG00000256294,dimgrey,dimgrey,4
ENSG00000256525,lightgrey,lightgrey,8
ENSG00000256683,dimgrey,dimgrey,4
ENSG00000256771,darkgrey,darkgrey,1
ENSG00000256806,dimgrey,dimgrey,4
ENSG00000257103,dimgrey,dimgrey,4
ENSG00000257218,lightgrey,lightgrey,8
ENSG00000257365,darkgrey,darkgrey,1
ENSG00000257704,darkgrey,darkgrey,1
ENSG00000257727,dimgrey,dimgrey,4
ENSG00000257923,darkgrey,darkgrey,1
ENSG00000258102,darkgrey,darkgrey,1
ENSG00000258289,dimgrey,dimgrey,4
ENSG00000258366,lightgrey,lightgrey,8
ENSG00000258405,darkgrey,darkgrey,1
ENSG00000258484,dimgrey,dimgrey,4
ENSG00000258839,dimgrey,dimgrey,4
ENSG00000258890,darkgrey,darkgrey,1
ENSG00000258947,darkgrey,darkgrey,1
ENSG00000259030,darkgrey,darkgrey,1
ENSG00000259207,darkgrey,darkgrey,1
ENSG00000259305,brown,brown,0
ENSG00000259330,brown,brown,0
ENSG00000259494,brown,brown,0
ENSG00000259571,lightgrey,lightgrey,8
ENSG00000259956,darkgrey,darkgrey,1
ENSG00000260027,dimgrey,dimgrey,4
ENSG00000260316,darkgrey,darkgrey,1
ENSG00000260428,darkgrey,darkgrey,1
ENSG00000260456,dimgrey,dimgrey,4
ENSG00000260916,darkgrey,darkgrey,1
ENSG00000261115,darkgrey,darkgrey,1
ENSG00000261221,darkgrey,darkgrey,1
ENSG00000261236,darkgrey,darkgrey,1
ENSG00000261341,dimgrey,dimgrey,4
ENSG00000261609,darkgrey,darkgrey,1
ENSG00000261652,whitesmoke,whitesmoke,13
ENSG00000261971,brown,brown,0
ENSG00000262165,red,red,11
ENSG00000262655,lightcoral,lightcoral,7
ENSG00000262814,dimgrey,dimgrey,4
ENSG00000262919,dimgrey,dimgrey,4
ENSG00000263001,darkgrey,darkgrey,1
ENSG00000263002,darkgrey,darkgrey,1
ENSG00000263465,dimgrey,dimgrey,4
ENSG00000263513,brown,brown,0
ENSG00000263528,darkgrey,darkgrey,1
ENSG00000263874,lightcoral,lightcoral,7
ENSG00000263956,darkgrey,darkgrey,1
ENSG00000264343,dimgrey,dimgrey,4
ENSG00000264364,darkgrey,darkgrey,1
ENSG00000264522,darkgrey,darkgrey,1
ENSG00000265241,darkgrey,darkgrey,1
ENSG00000265354,dimgrey,dimgrey,4
ENSG00000265491,dimgrey,dimgrey,4
ENSG00000265590,dimgrey,dimgrey,4
ENSG00000265808,dimgrey,dimgrey,4
ENSG00000265817,brown,brown,0
ENSG00000265972,darkgrey,darkgrey,1
ENSG00000266028,dimgrey,dimgrey,4
ENSG00000266094,firebrick,firebrick,5
ENSG00000266173,darkgrey,darkgrey,1
ENSG00000266338,darkgrey,darkgrey,1
ENSG00000266412,dimgrey,dimgrey,4
ENSG00000266472,darkgrey,darkgrey,1
ENSG00000266524,darkgrey,darkgrey,1
ENSG00000266967,dimgrey,dimgrey,4
ENSG00000267041,dimgrey,dimgrey,4
ENSG00000267060,dimgrey,dimgrey,4
ENSG00000267508,brown,brown,0
ENSG00000267534,darkgrey,darkgrey,1
ENSG00000267680,dimgrey,dimgrey,4
ENSG00000267855,lightgrey,lightgrey,8
ENSG00000268043,dimgrey,dimgrey,4
ENSG00000269343,darkred,darkred,2
ENSG00000269556,maroon,maroon,9
ENSG00000269696,dimgrey,dimgrey,4
ENSG00000269713,darkgrey,darkgrey,1
ENSG00000269743,dimgrey,dimgrey,4
ENSG00000269825,brown,brown,0
ENSG00000270170,mistyrose,mistyrose,10
ENSG00000270231,whitesmoke,whitesmoke,13
ENSG00000270629,darkgrey,darkgrey,1
ENSG00000270647,darkgrey,darkgrey,1
ENSG00000270885,brown,brown,0
ENSG00000271092,darkgrey,darkgrey,1
ENSG00000271383,darkgrey,darkgrey,1
ENSG00000271425,dimgrey,dimgrey,4
ENSG00000271601,whitesmoke,whitesmoke,13
ENSG00000271605,dimgrey,dimgrey,4
ENSG00000272008,whitesmoke,whitesmoke,13
ENSG00000272031,dimgrey,dimgrey,4
ENSG00000272047,whitesmoke,whitesmoke,13
ENSG00000272333,dimgrey,dimgrey,4
ENSG00000272391,lightgrey,lightgrey,8
ENSG00000272602,dimgrey,dimgrey,4
ENSG00000272886,dimgrey,dimgrey,4
ENSG00000272899,darkgrey,darkgrey,1
ENSG00000273173,dimgrey,dimgrey,4
ENSG00000273213,lightgrey,lightgrey,8
ENSG00000273559,dimgrey,dimgrey,4
ENSG00000273611,brown,brown,0
ENSG00000273749,darkgrey,darkgrey,1
ENSG00000273802,dimgrey,dimgrey,4
ENSG00000273820,whitesmoke,whitesmoke,13
ENSG00000273899,darkgrey,darkgrey,1
ENSG00000274070,dimgrey,dimgrey,4
ENSG00000274180,dimgrey,dimgrey,4
ENSG00000274211,darkgrey,darkgrey,1
ENSG00000274290,darkgrey,darkgrey,1
ENSG00000274349,dimgrey,dimgrey,4
ENSG00000274523,dimgrey,dimgrey,4
ENSG00000274750,dimgrey,dimgrey,4
ENSG00000275052,dimgrey,dimgrey,4
ENSG00000275066,darkgrey,darkgrey,1
ENSG00000275074,firebrick,firebrick,5
ENSG00000275111,dimgrey,dimgrey,4
ENSG00000275464,lightcoral,lightcoral,7
ENSG00000275700,dimgrey,dimgrey,4
ENSG00000275713,lightgrey,lightgrey,8
ENSG00000275832,dimgrey,dimgrey,4
ENSG00000275835,darkgrey,darkgrey,1
ENSG00000276043,dimgrey,dimgrey,4
ENSG00000276234,darkgrey,darkgrey,1
ENSG00000276293,dimgrey,dimgrey,4
ENSG00000276368,darkgrey,darkgrey,1
ENSG00000276547,indianred,indianred,6
ENSG00000276600,dimgrey,dimgrey,4
ENSG00000276644,dimgrey,dimgrey,4
ENSG00000277075,whitesmoke,whitesmoke,13
ENSG00000277149,brown,brown,0
ENSG00000277224,darkgrey,darkgrey,1
ENSG00000277443,dimgrey,dimgrey,4
ENSG00000277462,lightgrey,lightgrey,8
ENSG00000277586,dimgrey,dimgrey,4
ENSG00000277639,darkgrey,darkgrey,1
ENSG00000277791,dimgrey,dimgrey,4
ENSG00000277972,dimgrey,dimgrey,4
ENSG00000278053,dimgrey,dimgrey,4
ENSG00000278129,dimgrey,dimgrey,4
ENSG00000278311,whitesmoke,whitesmoke,13
ENSG00000278318,dimgrey,dimgrey,4
ENSG00000278540,darkgrey,darkgrey,1
ENSG00000278570,darkgrey,darkgrey,1
ENSG00000278619,darkgrey,darkgrey,1
ENSG00000278828,darkgrey,darkgrey,1
ENSG00000278845,darkgrey,darkgrey,1
ENSG00000279486,snow,snow,12
ENSG00000280071,darkgrey,darkgrey,1
ENSG00000280433,dimgrey,dimgrey,4
ENSG00000280670,dimgrey,dimgrey,4
ENSG00000280789,darkgrey,darkgrey,1
ENSG00000284024,darkgrey,darkgrey,1
ENSG00000284308,maroon,maroon,9
ENSG00000284691,firebrick,firebrick,5
ENSG00000284753,darkgrey,darkgrey,1
ENSG00000284862,whitesmoke,whitesmoke,13
ENSG00000285437,dimgrey,dimgrey,4
ENSG00000286019,whitesmoke,whitesmoke,13
ENSG00000286219,darkgrey,darkgrey,1
ENSG00000287080,indianred,indianred,6
ENSG00000288558,dimgrey,dimgrey,4
ENSG00000288649,darkgrey,darkgrey,1
ENSG00000288675,darkgrey,darkgrey,1
ENSG00000288701,darkgrey,darkgrey,1
ENSG00000288722,dimgrey,dimgrey,4
ENSG00000288838,dimgrey,dimgrey,4
ENSG00000288920,dimgrey,dimgrey,4
ENSG00000290292,darkgrey,darkgrey,1
ENSG00000291237,dimgrey,dimgrey,4
ENSG00000291317,darkgrey,darkgrey,1
ENSG00000293137,dimgrey,dimgrey,4
