node_name,gene_id,gene_symbol,string_gene_label,gene_name,primary_module,modules,contrasts,n_selected_rows,n_contrasts,min_padj,max_abs_log2FoldChange,mean_abs_log2FoldChange,strongest_contrast,strongest_log2FoldChange,strongest_padj,strongest_regulation,n_up_rows,n_down_rows,module_selection_evidence,module_selected,best_module_trait,best_module_trait_corr,best_module_trait_pval,best_module_trait_padj,fraction_deg_priority,log2FC__MA100_vs_CTR,log2FC__MA100_vs_MA1,log2FC__MA1_vs_CTR,log2FC__MC100_vs_MC1,log2FC__MC1_vs_CTR,log2FC__MD1_vs_CTR,padj__MA100_vs_CTR,padj__MA100_vs_MA1,padj__MA1_vs_CTR,padj__MC100_vs_MC1,padj__MC1_vs_CTR,padj__MD1_vs_CTR,regulation__MA100_vs_CTR,regulation__MA100_vs_MA1,regulation__MA1_vs_CTR,regulation__MC100_vs_MC1,regulation__MC1_vs_CTR,regulation__MD1_vs_CTR,n_unique_genes_in_module,n_deg_priority,n_priority_contrasts_present,priority_contrasts_present,fraction_support,trait_support
FAM43A,ENSG00000185112,FAM43A,FAM43A,family with sequence similarity 43 member A,darkgrey,darkgrey,MA100_vs_CTR;MC100_vs_MC1;MC1_vs_CTR;MD1_vs_CTR,4,4,1.1558529213196465e-12,1.5570335094872687,1.326333347425915,MC1_vs_CTR,1.5570335094872687,1.1558529213196465e-12,up_in_tested,3,1,module_trait;deg_fraction,True,particle_size_um,0.6222385633532055,0.0025949251469398,0.0591962437092721,0.06215554194733619,1.4769340700865805,,,-1.1085285208524485,1.5570335094872687,1.1628372892773622,4.102258031085522e-11,,,4.887151580918993e-07,1.1558529213196465e-12,4.624193631789457e-07,up_in_tested,,,down_in_tested,up_in_tested,up_in_tested,3266,203,5,MA100_vs_CTR;MA100_vs_MA1;MC100_vs_MC1;MC1_vs_CTR;MD1_vs_CTR,True,True
KHSRP,ENSG00000088247,KHSRP,KHSRP,KH-type splicing regulatory protein,dimgrey,dimgrey,MC100_vs_MC1,1,1,2.8892027536928115e-11,1.2854897610269318,1.2854897610269318,MC100_vs_MC1,-1.2854897610269318,2.8892027536928115e-11,down_in_tested,0,1,deg_fraction,True,particle_size_um,-0.1867202754883606,0.4176932392721358,0.7331959097856707,0.07777491630182848,,,,-1.2854897610269318,,,,,,2.8892027536928115e-11,,,,,,down_in_tested,,,3883,302,6,MA100_vs_CTR;MA100_vs_MA1;MA1_vs_CTR;MC100_vs_MC1;MC1_vs_CTR;MD1_vs_CTR,True,False
SPDL1,ENSG00000040275,SPDL1,SPDL1,spindle apparatus coiled-coil protein 1,dimgrey,dimgrey,MA100_vs_CTR;MC100_vs_MC1;MC1_vs_CTR,3,3,3.282504325242893e-11,1.3335132406044268,1.2326177424271039,MC100_vs_MC1,-1.3335132406044268,3.282504325242893e-11,down_in_tested,2,1,deg_fraction,True,particle_size_um,-0.1867202754883606,0.4176932392721358,0.7331959097856707,0.07777491630182848,1.2147089801740043,,,-1.3335132406044268,1.14963100650288,,5.142115801155093e-09,,,3.282504325242893e-11,2.989517567035246e-08,,up_in_tested,,,down_in_tested,up_in_tested,,3883,302,6,MA100_vs_CTR;MA100_vs_MA1;MA1_vs_CTR;MC100_vs_MC1;MC1_vs_CTR;MD1_vs_CTR,True,False
TOP2A,ENSG00000131747,TOP2A,TOP2A,DNA topoisomerase II alpha,dimgrey,dimgrey,MA100_vs_CTR;MC100_vs_MC1,2,2,8.642102235146583e-11,1.1861397805459029,1.1121812225672458,MC100_vs_MC1,-1.1861397805459029,8.642102235146583e-11,down_in_tested,1,1,deg_fraction,True,particle_size_um,-0.1867202754883606,0.4176932392721358,0.7331959097856707,0.07777491630182848,1.0382226645885888,,,-1.1861397805459029,,,5.9169565164657603e-08,,,8.642102235146583e-11,,,up_in_tested,,,down_in_tested,,,3883,302,6,MA100_vs_CTR;MA100_vs_MA1;MA1_vs_CTR;MC100_vs_MC1;MC1_vs_CTR;MD1_vs_CTR,True,False
CAVIN1,ENSG00000177469,CAVIN1,CAVIN1,caveolae associated protein 1,darkgrey,darkgrey,MC100_vs_MC1,1,1,8.642102235146583e-11,1.0604084794958475,1.0604084794958475,MC100_vs_MC1,-1.0604084794958475,8.642102235146583e-11,down_in_tested,0,1,module_trait;deg_fraction,True,particle_size_um,0.6222385633532055,0.0025949251469398,0.0591962437092721,0.06215554194733619,,,,-1.0604084794958475,,,,,,8.642102235146583e-11,,,,,,down_in_tested,,,3266,203,5,MA100_vs_CTR;MA100_vs_MA1;MC100_vs_MC1;MC1_vs_CTR;MD1_vs_CTR,True,True
TAF1,ENSG00000147133,TAF1,TAF1,TATA-box binding protein associated factor 1,darkgrey,darkgrey,MA100_vs_CTR;MC100_vs_MC1;MC1_vs_CTR;MD1_vs_CTR,4,4,1.3402090357982539e-10,1.4348529650545234,1.3290256319748783,MC100_vs_MC1,-1.4348529650545234,1.3402090357982539e-10,down_in_tested,3,1,module_trait;deg_fraction,True,particle_size_um,0.6222385633532055,0.0025949251469398,0.0591962437092721,0.06215554194733619,1.281241944512294,,,-1.4348529650545234,1.225511764405642,1.3744958539270538,5.542745802605956e-08,,,1.3402090357982539e-10,1.813938519139144e-07,2.594879714909407e-09,up_in_tested,,,down_in_tested,up_in_tested,up_in_tested,3266,203,5,MA100_vs_CTR;MA100_vs_MA1;MC100_vs_MC1;MC1_vs_CTR;MD1_vs_CTR,True,True
GANAB,ENSG00000089597,GANAB,GANAB,glucosidase II alpha subunit,darkgrey,darkgrey,MA100_vs_CTR;MC100_vs_MC1;MC1_vs_CTR,3,3,1.3402090357982539e-10,1.3667804896600984,1.2030936676715227,MC100_vs_MC1,-1.3667804896600984,1.3402090357982539e-10,down_in_tested,2,1,module_trait;deg_fraction,True,particle_size_um,0.6222385633532055,0.0025949251469398,0.0591962437092721,0.06215554194733619,1.1330502177304471,,,-1.3667804896600984,1.1094502956240229,,4.778329206121721e-07,,,1.3402090357982539e-10,7.89830175007651e-07,,up_in_tested,,,down_in_tested,up_in_tested,,3266,203,5,MA100_vs_CTR;MA100_vs_MA1;MC100_vs_MC1;MC1_vs_CTR;MD1_vs_CTR,True,True
PTPN1,ENSG00000196396,PTPN1,PTPN1,protein tyrosine phosphatase non-receptor type 1,darkgrey,darkgrey,MC100_vs_MC1;MC1_vs_CTR,2,2,1.5482381054015902e-10,1.1658290819383714,1.0890233850532072,MC100_vs_MC1,-1.1658290819383714,1.5482381054015902e-10,down_in_tested,1,1,module_trait;deg_fraction,True,particle_size_um,0.6222385633532055,0.0025949251469398,0.0591962437092721,0.06215554194733619,,,,-1.1658290819383714,1.0122176881680427,,,,,1.5482381054015902e-10,1.4124389110047006e-07,,,,,down_in_tested,up_in_tested,,3266,203,5,MA100_vs_CTR;MA100_vs_MA1;MC100_vs_MC1;MC1_vs_CTR;MD1_vs_CTR,True,True
NFIX,ENSG00000008441,NFIX,NFIX,nuclear factor I X,darkgrey,darkgrey,MC100_vs_MC1,1,1,8.81841057250555e-10,1.2470783785994406,1.2470783785994406,MC100_vs_MC1,-1.2470783785994406,8.81841057250555e-10,down_in_tested,0,1,module_trait;deg_fraction,True,particle_size_um,0.6222385633532055,0.0025949251469398,0.0591962437092721,0.06215554194733619,,,,-1.2470783785994406,,,,,,8.81841057250555e-10,,,,,,down_in_tested,,,3266,203,5,MA100_vs_CTR;MA100_vs_MA1;MC100_vs_MC1;MC1_vs_CTR;MD1_vs_CTR,True,True
UBE2Z,ENSG00000159202,UBE2Z,UBE2Z,ubiquitin conjugating enzyme E2 Z,dimgrey,dimgrey,MA100_vs_CTR;MC100_vs_MC1;MC1_vs_CTR,3,3,1.3631867643428367e-09,1.4049081733449362,1.3158386085613942,MC1_vs_CTR,1.4049081733449362,1.3631867643428367e-09,up_in_tested,2,1,deg_fraction,True,particle_size_um,-0.1867202754883606,0.4176932392721358,0.7331959097856707,0.07777491630182848,1.2680027019714106,,,-1.2746049503678356,1.4049081733449362,,8.651590643693049e-08,,,1.689754525377383e-08,1.3631867643428367e-09,,up_in_tested,,,down_in_tested,up_in_tested,,3883,302,6,MA100_vs_CTR;MA100_vs_MA1;MA1_vs_CTR;MC100_vs_MC1;MC1_vs_CTR;MD1_vs_CTR,True,False
RPSA,ENSG00000168028,RPSA,RPSA,ribosomal protein SA,dimgrey,dimgrey,MC100_vs_MC1,1,1,1.4608262260693895e-09,1.1562419520715033,1.1562419520715033,MC100_vs_MC1,1.1562419520715033,1.4608262260693895e-09,up_in_tested,1,0,deg_fraction,True,particle_size_um,-0.1867202754883606,0.4176932392721358,0.7331959097856707,0.07777491630182848,,,,1.1562419520715033,,,,,,1.4608262260693895e-09,,,,,,up_in_tested,,,3883,302,6,MA100_vs_CTR;MA100_vs_MA1;MA1_vs_CTR;MC100_vs_MC1;MC1_vs_CTR;MD1_vs_CTR,True,False
SPON2,ENSG00000159674,SPON2,SPON2,spondin 2,darkgrey,darkgrey,MC100_vs_MC1,1,1,1.7561212150222363e-09,1.0306594670801883,1.0306594670801883,MC100_vs_MC1,-1.0306594670801883,1.7561212150222363e-09,down_in_tested,0,1,module_trait;deg_fraction,True,particle_size_um,0.6222385633532055,0.0025949251469398,0.0591962437092721,0.06215554194733619,,,,-1.0306594670801883,,,,,,1.7561212150222363e-09,,,,,,down_in_tested,,,3266,203,5,MA100_vs_CTR;MA100_vs_MA1;MC100_vs_MC1;MC1_vs_CTR;MD1_vs_CTR,True,True
EEF1A1,ENSG00000156508,EEF1A1,EEF1A1,eukaryotic translation elongation factor 1 alpha 1,mistyrose,mistyrose,MC100_vs_MC1,1,1,2.0946718507209747e-09,1.1586635177047184,1.1586635177047184,MC100_vs_MC1,1.1586635177047184,2.0946718507209747e-09,up_in_tested,1,0,deg_fraction,True,particle_size_um,-0.3310821963795144,0.1426416782130668,0.5170760835223672,0.01784037558685446,,,,1.1586635177047184,,,,,,2.0946718507209747e-09,,,,,,up_in_tested,,,2130,38,3,MA100_vs_CTR;MC100_vs_MC1;MC1_vs_CTR,True,False
MAP2K3,ENSG00000034152,MAP2K3,MAP2K3,mitogen-activated protein kinase kinase 3,darkgrey,darkgrey,MD1_vs_CTR,1,1,2.594879714909407e-09,1.043857164811579,1.043857164811579,MD1_vs_CTR,1.043857164811579,2.594879714909407e-09,up_in_tested,1,0,module_trait;deg_fraction,True,particle_size_um,0.6222385633532055,0.0025949251469398,0.0591962437092721,0.06215554194733619,,,,,,1.043857164811579,,,,,,2.594879714909407e-09,,,,,,up_in_tested,3266,203,5,MA100_vs_CTR;MA100_vs_MA1;MC100_vs_MC1;MC1_vs_CTR;MD1_vs_CTR,True,True
RPL12,ENSG00000197958,RPL12,RPL12,ribosomal protein L12,dimgrey,dimgrey,MA100_vs_CTR;MC100_vs_MC1;MC1_vs_CTR,3,3,3.933273147923957e-09,1.1977741878982109,1.0988631363917047,MC100_vs_MC1,1.1977741878982109,3.933273147923957e-09,up_in_tested,1,2,deg_fraction,True,particle_size_um,-0.1867202754883606,0.4176932392721358,0.7331959097856707,0.07777491630182848,-1.0370119893873282,,,1.1977741878982109,-1.0618032318895751,,1.4829364865659682e-06,,,3.933273147923957e-09,5.539042100145227e-07,,down_in_tested,,,up_in_tested,down_in_tested,,3883,302,6,MA100_vs_CTR;MA100_vs_MA1;MA1_vs_CTR;MC100_vs_MC1;MC1_vs_CTR;MD1_vs_CTR,True,False
TMEM35A,ENSG00000126950,TMEM35A,TMEM35A,transmembrane protein 35A,darkgrey,darkgrey,MC100_vs_MC1,1,1,4.169590477141862e-09,1.0910604383839488,1.0910604383839488,MC100_vs_MC1,-1.0910604383839488,4.169590477141862e-09,down_in_tested,0,1,module_trait;deg_fraction,True,particle_size_um,0.6222385633532055,0.0025949251469398,0.0591962437092721,0.06215554194733619,,,,-1.0910604383839488,,,,,,4.169590477141862e-09,,,,,,down_in_tested,,,3266,203,5,MA100_vs_CTR;MA100_vs_MA1;MC100_vs_MC1;MC1_vs_CTR;MD1_vs_CTR,True,True
FXR2,ENSG00000129245,FXR2,FXR2,FMR1 autosomal homolog 2,darkgrey,darkgrey,MC100_vs_MC1,1,1,4.562364455621805e-09,1.1493089868120694,1.1493089868120694,MC100_vs_MC1,-1.1493089868120694,4.562364455621805e-09,down_in_tested,0,1,module_trait;deg_fraction,True,particle_size_um,0.6222385633532055,0.0025949251469398,0.0591962437092721,0.06215554194733619,,,,-1.1493089868120694,,,,,,4.562364455621805e-09,,,,,,down_in_tested,,,3266,203,5,MA100_vs_CTR;MA100_vs_MA1;MC100_vs_MC1;MC1_vs_CTR;MD1_vs_CTR,True,True
RRBP1,ENSG00000125844,RRBP1,RRBP1,ribosome binding protein 1,dimgrey,dimgrey,MC100_vs_MC1,1,1,6.634190238242506e-09,1.154899948168559,1.154899948168559,MC100_vs_MC1,-1.154899948168559,6.634190238242506e-09,down_in_tested,0,1,deg_fraction,True,particle_size_um,-0.1867202754883606,0.4176932392721358,0.7331959097856707,0.07777491630182848,,,,-1.154899948168559,,,,,,6.634190238242506e-09,,,,,,down_in_tested,,,3883,302,6,MA100_vs_CTR;MA100_vs_MA1;MA1_vs_CTR;MC100_vs_MC1;MC1_vs_CTR;MD1_vs_CTR,True,False
CETN3,ENSG00000153140,CETN3,CETN3,centrin 3,dimgrey,dimgrey,MA100_vs_CTR;MC100_vs_MC1;MC1_vs_CTR,3,3,7.032760709985156e-09,1.5958227129028706,1.341229640467463,MC100_vs_MC1,-1.5958227129028706,7.032760709985156e-09,down_in_tested,2,1,deg_fraction,True,particle_size_um,-0.1867202754883606,0.4176932392721358,0.7331959097856707,0.07777491630182848,1.2190383700122356,,,-1.5958227129028706,1.2088278384872824,,4.009317995162229e-05,,,7.032760709985156e-09,3.639855494287121e-05,,up_in_tested,,,down_in_tested,up_in_tested,,3883,302,6,MA100_vs_CTR;MA100_vs_MA1;MA1_vs_CTR;MC100_vs_MC1;MC1_vs_CTR;MD1_vs_CTR,True,False
HOMER3,ENSG00000051128,HOMER3,HOMER3,homer scaffold protein 3,dimgrey,dimgrey,MC100_vs_MC1,1,1,7.788464232700058e-09,1.251795650726758,1.251795650726758,MC100_vs_MC1,-1.251795650726758,7.788464232700058e-09,down_in_tested,0,1,deg_fraction,True,particle_size_um,-0.1867202754883606,0.4176932392721358,0.7331959097856707,0.07777491630182848,,,,-1.251795650726758,,,,,,7.788464232700058e-09,,,,,,down_in_tested,,,3883,302,6,MA100_vs_CTR;MA100_vs_MA1;MA1_vs_CTR;MC100_vs_MC1;MC1_vs_CTR;MD1_vs_CTR,True,False
NDST1,ENSG00000070614,NDST1,NDST1,N-deacetylase and N-sulfotransferase 1,darkgrey,darkgrey,MC100_vs_MC1,1,1,7.788464232700058e-09,1.1066610058542146,1.1066610058542146,MC100_vs_MC1,-1.1066610058542146,7.788464232700058e-09,down_in_tested,0,1,module_trait;deg_fraction,True,particle_size_um,0.6222385633532055,0.0025949251469398,0.0591962437092721,0.06215554194733619,,,,-1.1066610058542146,,,,,,7.788464232700058e-09,,,,,,down_in_tested,,,3266,203,5,MA100_vs_CTR;MA100_vs_MA1;MC100_vs_MC1;MC1_vs_CTR;MD1_vs_CTR,True,True
CBX3,ENSG00000122565,CBX3,CBX3,chromobox 3,dimgrey,dimgrey,MC100_vs_MC1,1,1,8.309487809171693e-09,1.0770858747489371,1.0770858747489371,MC100_vs_MC1,-1.0770858747489371,8.309487809171693e-09,down_in_tested,0,1,deg_fraction,True,particle_size_um,-0.1867202754883606,0.4176932392721358,0.7331959097856707,0.07777491630182848,,,,-1.0770858747489371,,,,,,8.309487809171693e-09,,,,,,down_in_tested,,,3883,302,6,MA100_vs_CTR;MA100_vs_MA1;MA1_vs_CTR;MC100_vs_MC1;MC1_vs_CTR;MD1_vs_CTR,True,False
TTYH3,ENSG00000136295,TTYH3,TTYH3,tweety family member 3,darkgrey,darkgrey,MC100_vs_MC1,1,1,1.13764528032525e-08,1.0004258543005808,1.0004258543005808,MC100_vs_MC1,-1.0004258543005808,1.13764528032525e-08,down_in_tested,0,1,module_trait;deg_fraction,True,particle_size_um,0.6222385633532055,0.0025949251469398,0.0591962437092721,0.06215554194733619,,,,-1.0004258543005808,,,,,,1.13764528032525e-08,,,,,,down_in_tested,,,3266,203,5,MA100_vs_CTR;MA100_vs_MA1;MC100_vs_MC1;MC1_vs_CTR;MD1_vs_CTR,True,True
R3HDM4,ENSG00000198858,R3HDM4,R3HDM4,R3H domain containing 4,darkgrey,darkgrey,MC100_vs_MC1;MC1_vs_CTR,2,2,1.5413897597350933e-08,1.6499154024875988,1.384428791463493,MC100_vs_MC1,-1.6499154024875988,1.5413897597350933e-08,down_in_tested,1,1,module_trait;deg_fraction,True,particle_size_um,0.6222385633532055,0.0025949251469398,0.0591962437092721,0.06215554194733619,,,,-1.6499154024875988,1.118942180439387,,,,,1.5413897597350933e-08,0.0003332796314424,,,,,down_in_tested,up_in_tested,,3266,203,5,MA100_vs_CTR;MA100_vs_MA1;MC100_vs_MC1;MC1_vs_CTR;MD1_vs_CTR,True,True
RPS15A,ENSG00000134419,RPS15A,RPS15A,ribosomal protein S15a,dimgrey,dimgrey,MC100_vs_MC1,1,1,1.5992769405270956e-08,1.1005439542290745,1.1005439542290745,MC100_vs_MC1,1.1005439542290745,1.5992769405270956e-08,up_in_tested,1,0,deg_fraction,True,particle_size_um,-0.1867202754883606,0.4176932392721358,0.7331959097856707,0.07777491630182848,,,,1.1005439542290745,,,,,,1.5992769405270956e-08,,,,,,up_in_tested,,,3883,302,6,MA100_vs_CTR;MA100_vs_MA1;MA1_vs_CTR;MC100_vs_MC1;MC1_vs_CTR;MD1_vs_CTR,True,False
CKAP2L,ENSG00000169607,CKAP2L,CKAP2L,cytoskeleton associated protein 2L,dimgrey,dimgrey,MD1_vs_CTR,1,1,3.289448955727297e-08,1.0889094412398992,1.0889094412398992,MD1_vs_CTR,-1.0889094412398992,3.289448955727297e-08,down_in_tested,0,1,deg_fraction,True,particle_size_um,-0.1867202754883606,0.4176932392721358,0.7331959097856707,0.07777491630182848,,,,,,-1.0889094412398992,,,,,,3.289448955727297e-08,,,,,,down_in_tested,3883,302,6,MA100_vs_CTR;MA100_vs_MA1;MA1_vs_CTR;MC100_vs_MC1;MC1_vs_CTR;MD1_vs_CTR,True,False
NEURL1B,ENSG00000214357,NEURL1B,NEURL1B,neuralized E3 ubiquitin protein ligase 1B,dimgrey,dimgrey,MA100_vs_CTR;MC100_vs_MC1;MC1_vs_CTR;MD1_vs_CTR,4,4,5.4000509990971473e-08,1.3135363499883117,1.1581946452197776,MA100_vs_CTR,1.3135363499883117,5.4000509990971473e-08,up_in_tested,3,1,deg_fraction,True,particle_size_um,-0.1867202754883606,0.4176932392721358,0.7331959097856707,0.07777491630182848,1.3135363499883117,,,-1.1292665990039563,1.0620753977374608,1.1279002341493811,5.4000509990971473e-08,,,1.3077548635157135e-06,1.1688693734922764e-05,2.396127752821796e-06,up_in_tested,,,down_in_tested,up_in_tested,up_in_tested,3883,302,6,MA100_vs_CTR;MA100_vs_MA1;MA1_vs_CTR;MC100_vs_MC1;MC1_vs_CTR;MD1_vs_CTR,True,False
TMEM134,ENSG00000172663,TMEM134,TMEM134,transmembrane protein 134,darkgrey,darkgrey,MC100_vs_MC1,1,1,5.405053771288594e-08,1.008632907175773,1.008632907175773,MC100_vs_MC1,-1.008632907175773,5.405053771288594e-08,down_in_tested,0,1,module_trait;deg_fraction,True,particle_size_um,0.6222385633532055,0.0025949251469398,0.0591962437092721,0.06215554194733619,,,,-1.008632907175773,,,,,,5.405053771288594e-08,,,,,,down_in_tested,,,3266,203,5,MA100_vs_CTR;MA100_vs_MA1;MC100_vs_MC1;MC1_vs_CTR;MD1_vs_CTR,True,True
HDAC7,ENSG00000061273,HDAC7,HDAC7,histone deacetylase 7,dimgrey,dimgrey,MC100_vs_MC1,1,1,5.92750757965781e-08,1.2258839027415491,1.2258839027415491,MC100_vs_MC1,-1.2258839027415491,5.92750757965781e-08,down_in_tested,0,1,deg_fraction,True,particle_size_um,-0.1867202754883606,0.4176932392721358,0.7331959097856707,0.07777491630182848,,,,-1.2258839027415491,,,,,,5.92750757965781e-08,,,,,,down_in_tested,,,3883,302,6,MA100_vs_CTR;MA100_vs_MA1;MA1_vs_CTR;MC100_vs_MC1;MC1_vs_CTR;MD1_vs_CTR,True,False
SPCS1,ENSG00000114902,SPCS1,SPCS1,signal peptidase complex subunit 1,dimgrey,dimgrey,MC100_vs_MC1,1,1,5.979208687951276e-08,1.1017027917344175,1.1017027917344175,MC100_vs_MC1,1.1017027917344175,5.979208687951276e-08,up_in_tested,1,0,deg_fraction,True,particle_size_um,-0.1867202754883606,0.4176932392721358,0.7331959097856707,0.07777491630182848,,,,1.1017027917344175,,,,,,5.979208687951276e-08,,,,,,up_in_tested,,,3883,302,6,MA100_vs_CTR;MA100_vs_MA1;MA1_vs_CTR;MC100_vs_MC1;MC1_vs_CTR;MD1_vs_CTR,True,False
PIK3C2A,ENSG00000011405,PIK3C2A,PIK3C2A,phosphatidylinositol-4-phosphate 3-kinase catalytic subunit type 2 alpha,darkgrey,darkgrey,MC100_vs_MC1,1,1,6.278305873062379e-08,1.0692523509275995,1.0692523509275995,MC100_vs_MC1,-1.0692523509275995,6.278305873062379e-08,down_in_tested,0,1,module_trait;deg_fraction,True,particle_size_um,0.6222385633532055,0.0025949251469398,0.0591962437092721,0.06215554194733619,,,,-1.0692523509275995,,,,,,6.278305873062379e-08,,,,,,down_in_tested,,,3266,203,5,MA100_vs_CTR;MA100_vs_MA1;MC100_vs_MC1;MC1_vs_CTR;MD1_vs_CTR,True,True
MAGOH,ENSG00000162385,MAGOH,MAGOH,"mago homolog, exon junction complex subunit",darkgrey,darkgrey,MC100_vs_MC1,1,1,9.34463651352827e-08,1.352796296332317,1.352796296332317,MC100_vs_MC1,-1.352796296332317,9.34463651352827e-08,down_in_tested,0,1,module_trait;deg_fraction,True,particle_size_um,0.6222385633532055,0.0025949251469398,0.0591962437092721,0.06215554194733619,,,,-1.352796296332317,,,,,,9.34463651352827e-08,,,,,,down_in_tested,,,3266,203,5,MA100_vs_CTR;MA100_vs_MA1;MC100_vs_MC1;MC1_vs_CTR;MD1_vs_CTR,True,True
EML2,ENSG00000125746,EML2,EML2,EMAP like 2,dimgrey,dimgrey,MA100_vs_CTR;MC100_vs_MC1;MC1_vs_CTR;MD1_vs_CTR,4,4,1.5044729670032894e-07,1.9515912678453893,1.4905391036211828,MC100_vs_MC1,-1.9515912678453893,1.5044729670032894e-07,down_in_tested,3,1,deg_fraction,True,particle_size_um,-0.1867202754883606,0.4176932392721358,0.7331959097856707,0.07777491630182848,1.4348834785541311,,,-1.9515912678453893,1.3104823467800168,1.2651993213051944,0.000337285448157,,,1.5044729670032894e-07,0.0009673821968881,0.0016872551113776,up_in_tested,,,down_in_tested,up_in_tested,up_in_tested,3883,302,6,MA100_vs_CTR;MA100_vs_MA1;MA1_vs_CTR;MC100_vs_MC1;MC1_vs_CTR;MD1_vs_CTR,True,False
AHSA1,ENSG00000100591,AHSA1,AHSA1,activator of HSP90 ATPase activity 1,darkgrey,darkgrey,MC100_vs_MC1,1,1,1.5044729670032894e-07,1.1152381278208408,1.1152381278208408,MC100_vs_MC1,-1.1152381278208408,1.5044729670032894e-07,down_in_tested,0,1,module_trait;deg_fraction,True,particle_size_um,0.6222385633532055,0.0025949251469398,0.0591962437092721,0.06215554194733619,,,,-1.1152381278208408,,,,,,1.5044729670032894e-07,,,,,,down_in_tested,,,3266,203,5,MA100_vs_CTR;MA100_vs_MA1;MC100_vs_MC1;MC1_vs_CTR;MD1_vs_CTR,True,True
ING3,ENSG00000071243,ING3,ING3,inhibitor of growth family member 3,gainsboro,gainsboro,MC100_vs_MC1,1,1,1.592017518213193e-07,1.1922453449714627,1.1922453449714627,MC100_vs_MC1,-1.1922453449714627,1.592017518213193e-07,down_in_tested,0,1,deg_fraction,True,particle_size_um,-0.2764543534617769,0.2250855359964076,0.5934073221723475,0.04092526690391459,,,,-1.1922453449714627,,,,,,1.592017518213193e-07,,,,,,down_in_tested,,,1124,46,6,MA100_vs_CTR;MA100_vs_MA1;MA1_vs_CTR;MC100_vs_MC1;MC1_vs_CTR;MD1_vs_CTR,True,False
FASTK,ENSG00000164896,FASTK,FASTK,Fas activated serine/threonine kinase,darkgrey,darkgrey,MC100_vs_MC1;MD1_vs_CTR,2,2,1.640851394750979e-07,1.228173635245043,1.1359429082224821,MC100_vs_MC1,-1.228173635245043,1.640851394750979e-07,down_in_tested,1,1,module_trait;deg_fraction,True,particle_size_um,0.6222385633532055,0.0025949251469398,0.0591962437092721,0.06215554194733619,,,,-1.228173635245043,,1.0437121811999213,,,,1.640851394750979e-07,,2.0674451806365384e-05,,,,down_in_tested,,up_in_tested,3266,203,5,MA100_vs_CTR;MA100_vs_MA1;MC100_vs_MC1;MC1_vs_CTR;MD1_vs_CTR,True,True
UBN1,ENSG00000118900,UBN1,UBN1,ubinuclein 1,darkgrey,darkgrey,MC100_vs_MC1,1,1,1.7775729180517305e-07,1.0445228219395533,1.0445228219395533,MC100_vs_MC1,-1.0445228219395533,1.7775729180517305e-07,down_in_tested,0,1,module_trait;deg_fraction,True,particle_size_um,0.6222385633532055,0.0025949251469398,0.0591962437092721,0.06215554194733619,,,,-1.0445228219395533,,,,,,1.7775729180517305e-07,,,,,,down_in_tested,,,3266,203,5,MA100_vs_CTR;MA100_vs_MA1;MC100_vs_MC1;MC1_vs_CTR;MD1_vs_CTR,True,True
ZNF48,ENSG00000180035,ZNF48,ZNF48,zinc finger protein 48,dimgrey,dimgrey,MA100_vs_CTR,1,1,1.9736594787315866e-07,1.7591975955062162,1.7591975955062162,MA100_vs_CTR,-1.7591975955062162,1.9736594787315866e-07,down_in_tested,0,1,deg_fraction,True,particle_size_um,-0.1867202754883606,0.4176932392721358,0.7331959097856707,0.07777491630182848,-1.7591975955062162,,,,,,1.9736594787315866e-07,,,,,,down_in_tested,,,,,,3883,302,6,MA100_vs_CTR;MA100_vs_MA1;MA1_vs_CTR;MC100_vs_MC1;MC1_vs_CTR;MD1_vs_CTR,True,False
RPL7,ENSG00000147604,RPL7,RPL7,ribosomal protein L7,dimgrey,dimgrey,MC100_vs_MC1,1,1,2.005975603521357e-07,1.1111802731455074,1.1111802731455074,MC100_vs_MC1,1.1111802731455074,2.005975603521357e-07,up_in_tested,1,0,deg_fraction,True,particle_size_um,-0.1867202754883606,0.4176932392721358,0.7331959097856707,0.07777491630182848,,,,1.1111802731455074,,,,,,2.005975603521357e-07,,,,,,up_in_tested,,,3883,302,6,MA100_vs_CTR;MA100_vs_MA1;MA1_vs_CTR;MC100_vs_MC1;MC1_vs_CTR;MD1_vs_CTR,True,False
BRD3,ENSG00000169925,BRD3,BRD3,bromodomain containing 3,darkgrey,darkgrey,MC1_vs_CTR,1,1,2.0546403511884043e-07,1.0111617707704632,1.0111617707704632,MC1_vs_CTR,1.0111617707704632,2.0546403511884043e-07,up_in_tested,1,0,module_trait;deg_fraction,True,particle_size_um,0.6222385633532055,0.0025949251469398,0.0591962437092721,0.06215554194733619,,,,,1.0111617707704632,,,,,,2.0546403511884043e-07,,,,,,up_in_tested,,3266,203,5,MA100_vs_CTR;MA100_vs_MA1;MC100_vs_MC1;MC1_vs_CTR;MD1_vs_CTR,True,True
BCCIP,ENSG00000107949,BCCIP,BCCIP,BRCA2 and CDKN1A interacting protein,gainsboro,gainsboro,MA100_vs_CTR;MC100_vs_MC1;MC1_vs_CTR,3,3,2.86852358649825e-07,1.3188247712846195,1.2484795979794214,MC100_vs_MC1,-1.3188247712846195,2.86852358649825e-07,down_in_tested,2,1,deg_fraction,True,particle_size_um,-0.2764543534617769,0.2250855359964076,0.5934073221723475,0.04092526690391459,1.2678844549506236,,,-1.3188247712846195,1.1587295677030214,,3.143113858008159e-06,,,2.86852358649825e-07,1.7625897677827828e-05,,up_in_tested,,,down_in_tested,up_in_tested,,1124,46,6,MA100_vs_CTR;MA100_vs_MA1;MA1_vs_CTR;MC100_vs_MC1;MC1_vs_CTR;MD1_vs_CTR,True,False
GRN,ENSG00000030582,GRN,GRN,granulin precursor,darkgrey,darkgrey,MA100_vs_CTR;MC100_vs_MC1;MC1_vs_CTR;MD1_vs_CTR,4,4,3.040055809774632e-07,1.362596979962607,1.1588067315516004,MC100_vs_MC1,-1.362596979962607,3.040055809774632e-07,down_in_tested,3,1,module_trait;deg_fraction,True,particle_size_um,0.6222385633532055,0.0025949251469398,0.0591962437092721,0.06215554194733619,1.0371320370141142,,,-1.362596979962607,1.1847070264230677,1.0507908828066124,0.0003086260611454,,,3.040055809774632e-07,2.381220606652203e-05,0.0002057832179274,up_in_tested,,,down_in_tested,up_in_tested,up_in_tested,3266,203,5,MA100_vs_CTR;MA100_vs_MA1;MC100_vs_MC1;MC1_vs_CTR;MD1_vs_CTR,True,True
SRP9,ENSG00000143742,SRP9,SRP9,signal recognition particle 9,dimgrey,dimgrey,MA100_vs_CTR;MC100_vs_MC1;MC1_vs_CTR,3,3,3.182249044804133e-07,1.240733046514638,1.1495257427846288,MC100_vs_MC1,1.240733046514638,3.182249044804133e-07,up_in_tested,1,2,deg_fraction,True,particle_size_um,-0.1867202754883606,0.4176932392721358,0.7331959097856707,0.07777491630182848,-1.070603609680347,,,1.240733046514638,-1.1372405721589016,,4.009317995162229e-05,,,3.182249044804133e-07,7.875174630516877e-06,,down_in_tested,,,up_in_tested,down_in_tested,,3883,302,6,MA100_vs_CTR;MA100_vs_MA1;MA1_vs_CTR;MC100_vs_MC1;MC1_vs_CTR;MD1_vs_CTR,True,False
RPS3A,ENSG00000145425,RPS3A,RPS3A,ribosomal protein S3A,dimgrey,dimgrey,MC100_vs_MC1,1,1,3.924398423134712e-07,1.072278644345266,1.072278644345266,MC100_vs_MC1,1.072278644345266,3.924398423134712e-07,up_in_tested,1,0,deg_fraction,True,particle_size_um,-0.1867202754883606,0.4176932392721358,0.7331959097856707,0.07777491630182848,,,,1.072278644345266,,,,,,3.924398423134712e-07,,,,,,up_in_tested,,,3883,302,6,MA100_vs_CTR;MA100_vs_MA1;MA1_vs_CTR;MC100_vs_MC1;MC1_vs_CTR;MD1_vs_CTR,True,False
MDK,ENSG00000110492,MDK,MDK,midkine,dimgrey,dimgrey,MC100_vs_MC1,1,1,5.014124750326657e-07,1.6222518300231277,1.6222518300231277,MC100_vs_MC1,1.6222518300231277,5.014124750326657e-07,up_in_tested,1,0,deg_fraction,True,particle_size_um,-0.1867202754883606,0.4176932392721358,0.7331959097856707,0.07777491630182848,,,,1.6222518300231277,,,,,,5.014124750326657e-07,,,,,,up_in_tested,,,3883,302,6,MA100_vs_CTR;MA100_vs_MA1;MA1_vs_CTR;MC100_vs_MC1;MC1_vs_CTR;MD1_vs_CTR,True,False
HES1,ENSG00000114315,HES1,HES1,hes family bHLH transcription factor 1,dimgrey,dimgrey,MA100_vs_MA1;MA1_vs_CTR;MC100_vs_MC1;MC1_vs_CTR;MD1_vs_CTR,5,5,6.69635699263799e-07,1.549317993293602,1.3707400666756047,MA1_vs_CTR,-1.549317993293602,6.69635699263799e-07,down_in_tested,2,3,deg_fraction,True,particle_size_um,-0.1867202754883606,0.4176932392721358,0.7331959097856707,0.07777491630182848,,1.5401568182133123,-1.549317993293602,1.1688695673761178,-1.358771891728351,-1.2365840627666405,,1.2871570201064982e-06,6.69635699263799e-07,5.155085543624156e-05,4.392293853693912e-06,3.132130975719161e-05,,up_in_tested,down_in_tested,up_in_tested,down_in_tested,down_in_tested,3883,302,6,MA100_vs_CTR;MA100_vs_MA1;MA1_vs_CTR;MC100_vs_MC1;MC1_vs_CTR;MD1_vs_CTR,True,False
NDUFA12,ENSG00000184752,NDUFA12,NDUFA12,NADH:ubiquinone oxidoreductase subunit A12,dimgrey,dimgrey,MC100_vs_MC1,1,1,1.3077548635157135e-06,1.1060141228707114,1.1060141228707114,MC100_vs_MC1,1.1060141228707114,1.3077548635157135e-06,up_in_tested,1,0,deg_fraction,True,particle_size_um,-0.1867202754883606,0.4176932392721358,0.7331959097856707,0.07777491630182848,,,,1.1060141228707114,,,,,,1.3077548635157135e-06,,,,,,up_in_tested,,,3883,302,6,MA100_vs_CTR;MA100_vs_MA1;MA1_vs_CTR;MC100_vs_MC1;MC1_vs_CTR;MD1_vs_CTR,True,False
DDX41,ENSG00000183258,DDX41,DDX41,DEAD-box helicase 41,darkgrey,darkgrey,MC100_vs_MC1,1,1,1.3077548635157135e-06,1.0058897724834277,1.0058897724834277,MC100_vs_MC1,-1.0058897724834277,1.3077548635157135e-06,down_in_tested,0,1,module_trait;deg_fraction,True,particle_size_um,0.6222385633532055,0.0025949251469398,0.0591962437092721,0.06215554194733619,,,,-1.0058897724834277,,,,,,1.3077548635157135e-06,,,,,,down_in_tested,,,3266,203,5,MA100_vs_CTR;MA100_vs_MA1;MC100_vs_MC1;MC1_vs_CTR;MD1_vs_CTR,True,True
MEN1,ENSG00000133895,MEN1,MEN1,menin 1,darkgrey,darkgrey,MC100_vs_MC1,1,1,1.3923171735873296e-06,1.0094308674806916,1.0094308674806916,MC100_vs_MC1,-1.0094308674806916,1.3923171735873296e-06,down_in_tested,0,1,module_trait;deg_fraction,True,particle_size_um,0.6222385633532055,0.0025949251469398,0.0591962437092721,0.06215554194733619,,,,-1.0094308674806916,,,,,,1.3923171735873296e-06,,,,,,down_in_tested,,,3266,203,5,MA100_vs_CTR;MA100_vs_MA1;MC100_vs_MC1;MC1_vs_CTR;MD1_vs_CTR,True,True
PPP3R1,ENSG00000221823,PPP3R1,PPP3R1,"protein phosphatase 3 regulatory subunit B, alpha",darkgrey,darkgrey,MC100_vs_MC1;MD1_vs_CTR,2,2,1.5451913230702815e-06,1.0362157546546518,1.024406832989166,MD1_vs_CTR,1.0362157546546518,1.6455055001697573e-06,up_in_tested,1,1,module_trait;deg_fraction,True,particle_size_um,0.6222385633532055,0.0025949251469398,0.0591962437092721,0.06215554194733619,,,,-1.0125979113236805,,1.0362157546546518,,,,1.5451913230702815e-06,,1.6455055001697573e-06,,,,down_in_tested,,up_in_tested,3266,203,5,MA100_vs_CTR;MA100_vs_MA1;MC100_vs_MC1;MC1_vs_CTR;MD1_vs_CTR,True,True
PIP4K2C,ENSG00000166908,PIP4K2C,PIP4K2C,phosphatidylinositol-5-phosphate 4-kinase type 2 gamma,darkgrey,darkgrey,MD1_vs_CTR,1,1,1.5496288136544375e-06,1.4132797023263135,1.4132797023263135,MD1_vs_CTR,1.4132797023263135,1.5496288136544375e-06,up_in_tested,1,0,module_trait;deg_fraction,True,particle_size_um,0.6222385633532055,0.0025949251469398,0.0591962437092721,0.06215554194733619,,,,,,1.4132797023263135,,,,,,1.5496288136544375e-06,,,,,,up_in_tested,3266,203,5,MA100_vs_CTR;MA100_vs_MA1;MC100_vs_MC1;MC1_vs_CTR;MD1_vs_CTR,True,True
NDC80,ENSG00000080986,NDC80,NDC80,NDC80 kinetochore complex component,dimgrey,dimgrey,MD1_vs_CTR,1,1,1.6455055001697573e-06,1.0630627356110234,1.0630627356110234,MD1_vs_CTR,-1.0630627356110234,1.6455055001697573e-06,down_in_tested,0,1,deg_fraction,True,particle_size_um,-0.1867202754883606,0.4176932392721358,0.7331959097856707,0.07777491630182848,,,,,,-1.0630627356110234,,,,,,1.6455055001697573e-06,,,,,,down_in_tested,3883,302,6,MA100_vs_CTR;MA100_vs_MA1;MA1_vs_CTR;MC100_vs_MC1;MC1_vs_CTR;MD1_vs_CTR,True,False
ZNF865,ENSG00000261221,ZNF865,ZNF865,zinc finger protein 865,darkgrey,darkgrey,MA100_vs_MA1;MC100_vs_MC1;MC1_vs_CTR,3,3,1.6669849427077518e-06,1.7488782466131734,1.4184470807489784,MC100_vs_MC1,-1.7488782466131734,1.6669849427077518e-06,down_in_tested,2,1,module_trait;deg_fraction,True,particle_size_um,0.6222385633532055,0.0025949251469398,0.0591962437092721,0.06215554194733619,,1.2594886404186827,,-1.7488782466131734,1.2469743552150794,,,0.0091703507205673,,1.6669849427077518e-06,0.0012650794041042,,,up_in_tested,,down_in_tested,up_in_tested,,3266,203,5,MA100_vs_CTR;MA100_vs_MA1;MC100_vs_MC1;MC1_vs_CTR;MD1_vs_CTR,True,True
GNAS,ENSG00000087460,GNAS,GNAS,GNAS complex locus,dimgrey,dimgrey,MD1_vs_CTR,1,1,1.7003606221122858e-06,1.017765763304462,1.017765763304462,MD1_vs_CTR,-1.017765763304462,1.7003606221122858e-06,down_in_tested,0,1,deg_fraction,True,particle_size_um,-0.1867202754883606,0.4176932392721358,0.7331959097856707,0.07777491630182848,,,,,,-1.017765763304462,,,,,,1.7003606221122858e-06,,,,,,down_in_tested,3883,302,6,MA100_vs_CTR;MA100_vs_MA1;MA1_vs_CTR;MC100_vs_MC1;MC1_vs_CTR;MD1_vs_CTR,True,False
SMARCD2,ENSG00000108604,SMARCD2,SMARCD2,SWI/SNF related BAF chromatin remodeling complex subunit D2,darkgrey,darkgrey,MC100_vs_MC1,1,1,1.858753785342809e-06,1.2226171408139743,1.2226171408139743,MC100_vs_MC1,-1.2226171408139743,1.858753785342809e-06,down_in_tested,0,1,module_trait;deg_fraction,True,particle_size_um,0.6222385633532055,0.0025949251469398,0.0591962437092721,0.06215554194733619,,,,-1.2226171408139743,,,,,,1.858753785342809e-06,,,,,,down_in_tested,,,3266,203,5,MA100_vs_CTR;MA100_vs_MA1;MC100_vs_MC1;MC1_vs_CTR;MD1_vs_CTR,True,True
NUCB1,ENSG00000104805,NUCB1,NUCB1,nucleobindin 1,darkgrey,darkgrey,MC100_vs_MC1,1,1,1.922823546682929e-06,1.010784891023944,1.010784891023944,MC100_vs_MC1,-1.010784891023944,1.922823546682929e-06,down_in_tested,0,1,module_trait;deg_fraction,True,particle_size_um,0.6222385633532055,0.0025949251469398,0.0591962437092721,0.06215554194733619,,,,-1.010784891023944,,,,,,1.922823546682929e-06,,,,,,down_in_tested,,,3266,203,5,MA100_vs_CTR;MA100_vs_MA1;MC100_vs_MC1;MC1_vs_CTR;MD1_vs_CTR,True,True
PRMT1,ENSG00000126457,PRMT1,PRMT1,protein arginine methyltransferase 1,darkgrey,darkgrey,MC100_vs_MC1,1,1,1.9859082247175107e-06,1.370748639801013,1.370748639801013,MC100_vs_MC1,-1.370748639801013,1.9859082247175107e-06,down_in_tested,0,1,module_trait;deg_fraction,True,particle_size_um,0.6222385633532055,0.0025949251469398,0.0591962437092721,0.06215554194733619,,,,-1.370748639801013,,,,,,1.9859082247175107e-06,,,,,,down_in_tested,,,3266,203,5,MA100_vs_CTR;MA100_vs_MA1;MC100_vs_MC1;MC1_vs_CTR;MD1_vs_CTR,True,True
RPS26,ENSG00000197728,RPS26,RPS26,ribosomal protein S26,dimgrey,dimgrey,MA100_vs_CTR;MA1_vs_CTR;MC100_vs_MC1;MC1_vs_CTR;MD1_vs_CTR,5,5,2.362103200651514e-06,1.4522312690202943,1.1735779947449347,MD1_vs_CTR,-1.4522312690202943,2.362103200651514e-06,down_in_tested,1,4,deg_fraction,True,particle_size_um,-0.1867202754883606,0.4176932392721358,0.7331959097856707,0.07777491630182848,-1.2120463097034768,,-1.0363090622064377,1.1341345409604802,-1.0331687918339856,-1.4522312690202943,0.0001496427974188,,0.0039744360164184,0.000208942331062,0.0011740958433747,2.362103200651514e-06,down_in_tested,,down_in_tested,up_in_tested,down_in_tested,down_in_tested,3883,302,6,MA100_vs_CTR;MA100_vs_MA1;MA1_vs_CTR;MC100_vs_MC1;MC1_vs_CTR;MD1_vs_CTR,True,False
UPF3B,ENSG00000125351,UPF3B,UPF3B,UPF3B regulator of nonsense mediated mRNA decay,dimgrey,dimgrey,MD1_vs_CTR,1,1,2.3870019655120183e-06,1.1192506205609518,1.1192506205609518,MD1_vs_CTR,-1.1192506205609518,2.3870019655120183e-06,down_in_tested,0,1,deg_fraction,True,particle_size_um,-0.1867202754883606,0.4176932392721358,0.7331959097856707,0.07777491630182848,,,,,,-1.1192506205609518,,,,,,2.3870019655120183e-06,,,,,,down_in_tested,3883,302,6,MA100_vs_CTR;MA100_vs_MA1;MA1_vs_CTR;MC100_vs_MC1;MC1_vs_CTR;MD1_vs_CTR,True,False
MMP14,ENSG00000157227,MMP14,MMP14,matrix metallopeptidase 14,dimgrey,dimgrey,MC100_vs_MC1,1,1,2.479835502069333e-06,1.191631414569249,1.191631414569249,MC100_vs_MC1,-1.191631414569249,2.479835502069333e-06,down_in_tested,0,1,deg_fraction,True,particle_size_um,-0.1867202754883606,0.4176932392721358,0.7331959097856707,0.07777491630182848,,,,-1.191631414569249,,,,,,2.479835502069333e-06,,,,,,down_in_tested,,,3883,302,6,MA100_vs_CTR;MA100_vs_MA1;MA1_vs_CTR;MC100_vs_MC1;MC1_vs_CTR;MD1_vs_CTR,True,False
SERPINB2,ENSG00000197632,SERPINB2,SERPINB2,serpin family B member 2,mistyrose,mistyrose,MC100_vs_MC1;MC1_vs_CTR,2,2,2.917735731832902e-06,1.102942359909651,1.071896142311422,MC100_vs_MC1,1.102942359909651,2.917735731832902e-06,up_in_tested,1,1,deg_fraction,True,particle_size_um,-0.3310821963795144,0.1426416782130668,0.5170760835223672,0.01784037558685446,,,,1.102942359909651,-1.0408499247131926,,,,,2.917735731832902e-06,2.2322705971518285e-05,,,,,up_in_tested,down_in_tested,,2130,38,3,MA100_vs_CTR;MC100_vs_MC1;MC1_vs_CTR,True,False
ASF1A,ENSG00000111875,ASF1A,ASF1A,anti-silencing function 1A histone chaperone,dimgrey,dimgrey,MA100_vs_CTR;MC100_vs_MC1;MC1_vs_CTR;MD1_vs_CTR,4,4,3.109431486758193e-06,1.395819246646102,1.3066915050052785,MC100_vs_MC1,1.395819246646102,3.109431486758193e-06,up_in_tested,1,3,deg_fraction,True,particle_size_um,-0.1867202754883606,0.4176932392721358,0.7331959097856707,0.07777491630182848,-1.2471141529245906,,,1.395819246646102,-1.3707243552658526,-1.213108265184569,8.948465584105319e-05,,,3.109431486758193e-06,9.801367470925618e-06,0.0001021701418289,down_in_tested,,,up_in_tested,down_in_tested,down_in_tested,3883,302,6,MA100_vs_CTR;MA100_vs_MA1;MA1_vs_CTR;MC100_vs_MC1;MC1_vs_CTR;MD1_vs_CTR,True,False
PKDCC,ENSG00000162878,PKDCC,PKDCC,"protein kinase domain containing, cytoplasmic",darkgrey,darkgrey,MD1_vs_CTR,1,1,3.257375253493261e-06,1.0229887940366265,1.0229887940366265,MD1_vs_CTR,1.0229887940366265,3.257375253493261e-06,up_in_tested,1,0,module_trait;deg_fraction,True,particle_size_um,0.6222385633532055,0.0025949251469398,0.0591962437092721,0.06215554194733619,,,,,,1.0229887940366265,,,,,,3.257375253493261e-06,,,,,,up_in_tested,3266,203,5,MA100_vs_CTR;MA100_vs_MA1;MC100_vs_MC1;MC1_vs_CTR;MD1_vs_CTR,True,True
HOXB4,ENSG00000182742,HOXB4,HOXB4,homeobox B4,dimgrey,dimgrey,MA100_vs_CTR;MC100_vs_MC1;MC1_vs_CTR,3,3,3.3853293505222644e-06,1.368159608187011,1.2928331227353007,MC100_vs_MC1,-1.368159608187011,3.3853293505222644e-06,down_in_tested,2,1,deg_fraction,True,particle_size_um,-0.1867202754883606,0.4176932392721358,0.7331959097856707,0.07777491630182848,1.3460880569453657,,,-1.368159608187011,1.1642517030735255,,1.2607970271593162e-05,,,3.3853293505222644e-06,0.0001620082258341,,up_in_tested,,,down_in_tested,up_in_tested,,3883,302,6,MA100_vs_CTR;MA100_vs_MA1;MA1_vs_CTR;MC100_vs_MC1;MC1_vs_CTR;MD1_vs_CTR,True,False
SH3BP5L,ENSG00000175137,SH3BP5L,SH3BP5L,SH3 binding domain protein 5 like,darkgrey,darkgrey,MC100_vs_MC1;MC1_vs_CTR,2,2,3.457517055873992e-06,1.8598094670950187,1.474587605184583,MC100_vs_MC1,-1.8598094670950187,3.457517055873992e-06,down_in_tested,1,1,module_trait;deg_fraction,True,particle_size_um,0.6222385633532055,0.0025949251469398,0.0591962437092721,0.06215554194733619,,,,-1.8598094670950187,1.0893657432741473,,,,,3.457517055873992e-06,0.0125490192641266,,,,,down_in_tested,up_in_tested,,3266,203,5,MA100_vs_CTR;MA100_vs_MA1;MC100_vs_MC1;MC1_vs_CTR;MD1_vs_CTR,True,True
ARPC1A,ENSG00000241685,ARPC1A,ARPC1A,actin related protein 2/3 complex subunit 1A,dimgrey,dimgrey,MC100_vs_MC1;MC1_vs_CTR,2,2,3.813936887082938e-06,1.068007527063798,1.0508745018860794,MC1_vs_CTR,-1.068007527063798,4.165509965008511e-06,down_in_tested,1,1,deg_fraction,True,particle_size_um,-0.1867202754883606,0.4176932392721358,0.7331959097856707,0.07777491630182848,,,,1.0337414767083608,-1.068007527063798,,,,,3.813936887082938e-06,4.165509965008511e-06,,,,,up_in_tested,down_in_tested,,3883,302,6,MA100_vs_CTR;MA100_vs_MA1;MA1_vs_CTR;MC100_vs_MC1;MC1_vs_CTR;MD1_vs_CTR,True,False
MRS2,ENSG00000124532,MRS2,MRS2,magnesium transporter MRS2,mistyrose,mistyrose,MC100_vs_MC1;MC1_vs_CTR,2,2,4.5716188188803856e-06,1.3239557633360792,1.207296014910085,MC100_vs_MC1,1.3239557633360792,4.5716188188803856e-06,up_in_tested,1,1,deg_fraction,True,particle_size_um,-0.3310821963795144,0.1426416782130668,0.5170760835223672,0.01784037558685446,,,,1.3239557633360792,-1.090636266484091,,,,,4.5716188188803856e-06,0.000352086929695,,,,,up_in_tested,down_in_tested,,2130,38,3,MA100_vs_CTR;MC100_vs_MC1;MC1_vs_CTR,True,False
NF1,ENSG00000196712,NF1,NF1,neurofibromin 1,gainsboro,gainsboro,MA100_vs_CTR;MC100_vs_MC1;MC1_vs_CTR;MD1_vs_CTR,4,4,4.765883660794097e-06,1.4682464832534288,1.1789550578246142,MC100_vs_MC1,-1.4682464832534288,4.765883660794097e-06,down_in_tested,3,1,deg_fraction,True,particle_size_um,-0.2764543534617769,0.2250855359964076,0.5934073221723475,0.04092526690391459,1.0741236375754877,,,-1.4682464832534288,1.063986668955632,1.1094634415139084,0.0019167146920353,,,4.765883660794097e-06,0.0017409149807043,0.001214312620919,up_in_tested,,,down_in_tested,up_in_tested,up_in_tested,1124,46,6,MA100_vs_CTR;MA100_vs_MA1;MA1_vs_CTR;MC100_vs_MC1;MC1_vs_CTR;MD1_vs_CTR,True,False
RNASEH2B,ENSG00000136104,RNASEH2B,RNASEH2B,ribonuclease H2 subunit B,dimgrey,dimgrey,MA100_vs_CTR;MC1_vs_CTR;MD1_vs_CTR,3,3,5.015458981282299e-06,1.3178441775686631,1.136066918706014,MA100_vs_CTR,-1.3178441775686631,5.015458981282299e-06,down_in_tested,0,3,deg_fraction,True,particle_size_um,-0.1867202754883606,0.4176932392721358,0.7331959097856707,0.07777491630182848,-1.3178441775686631,,,,-1.069637462956434,-1.0207191155929445,5.015458981282299e-06,,,,0.0001909498755156,0.0004320082705933,down_in_tested,,,,down_in_tested,down_in_tested,3883,302,6,MA100_vs_CTR;MA100_vs_MA1;MA1_vs_CTR;MC100_vs_MC1;MC1_vs_CTR;MD1_vs_CTR,True,False
RACGAP1,ENSG00000161800,RACGAP1,RACGAP1,Rac GTPase activating protein 1,dimgrey,dimgrey,MC100_vs_MC1,1,1,5.143012467353824e-06,1.1139125105059624,1.1139125105059624,MC100_vs_MC1,1.1139125105059624,5.143012467353824e-06,up_in_tested,1,0,deg_fraction,True,particle_size_um,-0.1867202754883606,0.4176932392721358,0.7331959097856707,0.07777491630182848,,,,1.1139125105059624,,,,,,5.143012467353824e-06,,,,,,up_in_tested,,,3883,302,6,MA100_vs_CTR;MA100_vs_MA1;MA1_vs_CTR;MC100_vs_MC1;MC1_vs_CTR;MD1_vs_CTR,True,False
POLR2K,ENSG00000147669,POLR2K,POLR2K,"RNA polymerase II, I and III subunit K",dimgrey,dimgrey,MC100_vs_MC1,1,1,5.6533872941075865e-06,1.0562672279595413,1.0562672279595413,MC100_vs_MC1,1.0562672279595413,5.6533872941075865e-06,up_in_tested,1,0,deg_fraction,True,particle_size_um,-0.1867202754883606,0.4176932392721358,0.7331959097856707,0.07777491630182848,,,,1.0562672279595413,,,,,,5.6533872941075865e-06,,,,,,up_in_tested,,,3883,302,6,MA100_vs_CTR;MA100_vs_MA1;MA1_vs_CTR;MC100_vs_MC1;MC1_vs_CTR;MD1_vs_CTR,True,False
UHRF1,ENSG00000276043,UHRF1,UHRF1,ubiquitin like with PHD and ring finger domains 1,dimgrey,dimgrey,MC100_vs_MC1;MC1_vs_CTR,2,2,6.050426120723103e-06,1.3295370636033927,1.1945191012900072,MC100_vs_MC1,1.3295370636033927,6.050426120723103e-06,up_in_tested,1,1,deg_fraction,True,particle_size_um,-0.1867202754883606,0.4176932392721358,0.7331959097856707,0.07777491630182848,,,,1.3295370636033927,-1.0595011389766216,,,,,6.050426120723103e-06,0.0006231303313387,,,,,up_in_tested,down_in_tested,,3883,302,6,MA100_vs_CTR;MA100_vs_MA1;MA1_vs_CTR;MC100_vs_MC1;MC1_vs_CTR;MD1_vs_CTR,True,False
ITPRIPL2,ENSG00000205730,ITPRIPL2,ITPRIPL2,ITPRIP like 2,gainsboro,gainsboro,MA100_vs_CTR,1,1,6.068926948346727e-06,1.1974669401311686,1.1974669401311686,MA100_vs_CTR,1.1974669401311686,6.068926948346727e-06,up_in_tested,1,0,deg_fraction,True,particle_size_um,-0.2764543534617769,0.2250855359964076,0.5934073221723475,0.04092526690391459,1.1974669401311686,,,,,,6.068926948346727e-06,,,,,,up_in_tested,,,,,,1124,46,6,MA100_vs_CTR;MA100_vs_MA1;MA1_vs_CTR;MC100_vs_MC1;MC1_vs_CTR;MD1_vs_CTR,True,False
CYTH3,ENSG00000008256,CYTH3,CYTH3,cytohesin 3,darkgrey,darkgrey,MC100_vs_MC1,1,1,6.579056549166549e-06,1.0521981592092664,1.0521981592092664,MC100_vs_MC1,-1.0521981592092664,6.579056549166549e-06,down_in_tested,0,1,module_trait;deg_fraction,True,particle_size_um,0.6222385633532055,0.0025949251469398,0.0591962437092721,0.06215554194733619,,,,-1.0521981592092664,,,,,,6.579056549166549e-06,,,,,,down_in_tested,,,3266,203,5,MA100_vs_CTR;MA100_vs_MA1;MC100_vs_MC1;MC1_vs_CTR;MD1_vs_CTR,True,True
SURF6,ENSG00000148296,SURF6,SURF6,surfeit 6,dimgrey,dimgrey,MA100_vs_CTR;MC100_vs_MC1;MC1_vs_CTR,3,3,6.9895245530094e-06,2.348818060851607,1.8760070180193822,MA100_vs_CTR,2.348818060851607,6.9895245530094e-06,up_in_tested,2,1,deg_fraction,True,particle_size_um,-0.1867202754883606,0.4176932392721358,0.7331959097856707,0.07777491630182848,2.348818060851607,,,-1.692807370757659,1.586395622448881,,6.9895245530094e-06,,,0.0010667580776152,0.0031417025535102,,up_in_tested,,,down_in_tested,up_in_tested,,3883,302,6,MA100_vs_CTR;MA100_vs_MA1;MA1_vs_CTR;MC100_vs_MC1;MC1_vs_CTR;MD1_vs_CTR,True,False
ATP5PD,ENSG00000167863,ATP5PD,ATP5PD,ATP synthase peripheral stalk subunit d,dimgrey,dimgrey,MA100_vs_CTR,1,1,7.0393981840857545e-06,1.0759135706692051,1.0759135706692051,MA100_vs_CTR,-1.0759135706692051,7.0393981840857545e-06,down_in_tested,0,1,deg_fraction,True,particle_size_um,-0.1867202754883606,0.4176932392721358,0.7331959097856707,0.07777491630182848,-1.0759135706692051,,,,,,7.0393981840857545e-06,,,,,,down_in_tested,,,,,,3883,302,6,MA100_vs_CTR;MA100_vs_MA1;MA1_vs_CTR;MC100_vs_MC1;MC1_vs_CTR;MD1_vs_CTR,True,False
DPY30,ENSG00000162961,DPY30,DPY30,dpy-30 histone methyltransferase complex regulatory subunit,dimgrey,dimgrey,MC100_vs_MC1;MC1_vs_CTR,2,2,7.290880350376548e-06,1.2454882825568834,1.1584053588202643,MC100_vs_MC1,1.2454882825568834,7.290880350376548e-06,up_in_tested,1,1,deg_fraction,True,particle_size_um,-0.1867202754883606,0.4176932392721358,0.7331959097856707,0.07777491630182848,,,,1.2454882825568834,-1.0713224350836452,,,,,7.290880350376548e-06,0.0002234546706928,,,,,up_in_tested,down_in_tested,,3883,302,6,MA100_vs_CTR;MA100_vs_MA1;MA1_vs_CTR;MC100_vs_MC1;MC1_vs_CTR;MD1_vs_CTR,True,False
ZNF83,ENSG00000167766,ZNF83,ZNF83,zinc finger protein 83,dimgrey,dimgrey,MA100_vs_CTR;MC100_vs_MC1;MC1_vs_CTR,3,3,8.556606468325779e-06,1.5543324145995852,1.3535340366703867,MC100_vs_MC1,1.5543324145995852,8.556606468325779e-06,up_in_tested,1,2,deg_fraction,True,particle_size_um,-0.1867202754883606,0.4176932392721358,0.7331959097856707,0.07777491630182848,-1.2639100969992596,,,1.5543324145995852,-1.2423595984123157,,0.0008127252677953,,,8.556606468325779e-06,0.0007601390668868,,down_in_tested,,,up_in_tested,down_in_tested,,3883,302,6,MA100_vs_CTR;MA100_vs_MA1;MA1_vs_CTR;MC100_vs_MC1;MC1_vs_CTR;MD1_vs_CTR,True,False
KDELR1,ENSG00000105438,KDELR1,KDELR1,KDEL endoplasmic reticulum protein retention receptor 1,darkgrey,darkgrey,MC100_vs_MC1,1,1,1.0098252313004708e-05,1.2196054293588348,1.2196054293588348,MC100_vs_MC1,-1.2196054293588348,1.0098252313004708e-05,down_in_tested,0,1,module_trait;deg_fraction,True,particle_size_um,0.6222385633532055,0.0025949251469398,0.0591962437092721,0.06215554194733619,,,,-1.2196054293588348,,,,,,1.0098252313004708e-05,,,,,,down_in_tested,,,3266,203,5,MA100_vs_CTR;MA100_vs_MA1;MC100_vs_MC1;MC1_vs_CTR;MD1_vs_CTR,True,True
FKBP4,ENSG00000004478,FKBP4,FKBP4,FKBP prolyl isomerase 4,dimgrey,dimgrey,MD1_vs_CTR,1,1,1.018240585033841e-05,1.1920903958831344,1.1920903958831344,MD1_vs_CTR,-1.1920903958831344,1.018240585033841e-05,down_in_tested,0,1,deg_fraction,True,particle_size_um,-0.1867202754883606,0.4176932392721358,0.7331959097856707,0.07777491630182848,,,,,,-1.1920903958831344,,,,,,1.018240585033841e-05,,,,,,down_in_tested,3883,302,6,MA100_vs_CTR;MA100_vs_MA1;MA1_vs_CTR;MC100_vs_MC1;MC1_vs_CTR;MD1_vs_CTR,True,False
RPS27,ENSG00000177954,RPS27,RPS27,ribosomal protein S27,dimgrey,dimgrey,MC100_vs_MC1,1,1,1.0362428048793224e-05,1.177902369901619,1.177902369901619,MC100_vs_MC1,1.177902369901619,1.0362428048793224e-05,up_in_tested,1,0,deg_fraction,True,particle_size_um,-0.1867202754883606,0.4176932392721358,0.7331959097856707,0.07777491630182848,,,,1.177902369901619,,,,,,1.0362428048793224e-05,,,,,,up_in_tested,,,3883,302,6,MA100_vs_CTR;MA100_vs_MA1;MA1_vs_CTR;MC100_vs_MC1;MC1_vs_CTR;MD1_vs_CTR,True,False
GDF15,ENSG00000130513,GDF15,GDF15,growth differentiation factor 15,dimgrey,dimgrey,MC100_vs_MC1;MC1_vs_CTR;MD1_vs_CTR,3,3,1.0476680064783603e-05,1.3290112908760652,1.1315526380377827,MC100_vs_MC1,-1.3290112908760652,1.0476680064783603e-05,down_in_tested,2,1,deg_fraction,True,particle_size_um,-0.1867202754883606,0.4176932392721358,0.7331959097856707,0.07777491630182848,,,,-1.3290112908760652,1.013444186163132,1.0522024370741507,,,,1.0476680064783603e-05,0.0014610617477337,0.001019907817946,,,,down_in_tested,up_in_tested,up_in_tested,3883,302,6,MA100_vs_CTR;MA100_vs_MA1;MA1_vs_CTR;MC100_vs_MC1;MC1_vs_CTR;MD1_vs_CTR,True,False
LTBP3,ENSG00000168056,LTBP3,LTBP3,latent transforming growth factor beta binding protein 3,darkgrey,darkgrey,MC100_vs_MC1;MC1_vs_CTR,2,2,1.2647317506127753e-05,1.4027039145767743,1.3301885384912708,MC100_vs_MC1,-1.4027039145767743,1.2647317506127753e-05,down_in_tested,1,1,module_trait;deg_fraction,True,particle_size_um,0.6222385633532055,0.0025949251469398,0.0591962437092721,0.06215554194733619,,,,-1.4027039145767743,1.2576731624057675,,,,,1.2647317506127753e-05,0.0001671152059067,,,,,down_in_tested,up_in_tested,,3266,203,5,MA100_vs_CTR;MA100_vs_MA1;MC100_vs_MC1;MC1_vs_CTR;MD1_vs_CTR,True,True
SMIM29,ENSG00000186577,SMIM29,SMIM29,small integral membrane protein 29,dimgrey,dimgrey,MC100_vs_MC1,1,1,1.3826489802137864e-05,1.0813999971685035,1.0813999971685035,MC100_vs_MC1,-1.0813999971685035,1.3826489802137864e-05,down_in_tested,0,1,deg_fraction,True,particle_size_um,-0.1867202754883606,0.4176932392721358,0.7331959097856707,0.07777491630182848,,,,-1.0813999971685035,,,,,,1.3826489802137864e-05,,,,,,down_in_tested,,,3883,302,6,MA100_vs_CTR;MA100_vs_MA1;MA1_vs_CTR;MC100_vs_MC1;MC1_vs_CTR;MD1_vs_CTR,True,False
OGFR,ENSG00000060491,OGFR,OGFR,opioid growth factor receptor,darkgrey,darkgrey,MC100_vs_MC1,1,1,1.479896000639352e-05,1.1221679677315657,1.1221679677315657,MC100_vs_MC1,-1.1221679677315657,1.479896000639352e-05,down_in_tested,0,1,module_trait;deg_fraction,True,particle_size_um,0.6222385633532055,0.0025949251469398,0.0591962437092721,0.06215554194733619,,,,-1.1221679677315657,,,,,,1.479896000639352e-05,,,,,,down_in_tested,,,3266,203,5,MA100_vs_CTR;MA100_vs_MA1;MC100_vs_MC1;MC1_vs_CTR;MD1_vs_CTR,True,True
SDHB,ENSG00000117118,SDHB,SDHB,succinate dehydrogenase complex iron sulfur subunit B,dimgrey,dimgrey,MC100_vs_MC1;MC1_vs_CTR;MD1_vs_CTR,3,3,1.5921078852732116e-05,1.5448419933330872,1.333481636892757,MC100_vs_MC1,1.5448419933330872,1.5921078852732116e-05,up_in_tested,1,2,deg_fraction,True,particle_size_um,-0.1867202754883606,0.4176932392721358,0.7331959097856707,0.07777491630182848,,,,1.5448419933330872,-1.359776048896706,-1.0958268684484778,,,,1.5921078852732116e-05,0.0002779822461654,0.004460077300934,,,,up_in_tested,down_in_tested,down_in_tested,3883,302,6,MA100_vs_CTR;MA100_vs_MA1;MA1_vs_CTR;MC100_vs_MC1;MC1_vs_CTR;MD1_vs_CTR,True,False
EXOSC3,ENSG00000107371,EXOSC3,EXOSC3,exosome component 3,dimgrey,dimgrey,MC100_vs_MC1,1,1,1.7277083736728967e-05,1.1978974522867805,1.1978974522867805,MC100_vs_MC1,1.1978974522867805,1.7277083736728967e-05,up_in_tested,1,0,deg_fraction,True,particle_size_um,-0.1867202754883606,0.4176932392721358,0.7331959097856707,0.07777491630182848,,,,1.1978974522867805,,,,,,1.7277083736728967e-05,,,,,,up_in_tested,,,3883,302,6,MA100_vs_CTR;MA100_vs_MA1;MA1_vs_CTR;MC100_vs_MC1;MC1_vs_CTR;MD1_vs_CTR,True,False
POMT2,ENSG00000009830,POMT2,POMT2,protein O-mannosyltransferase 2,darkgrey,darkgrey,MC100_vs_MC1,1,1,1.7277083736728967e-05,1.0053251516978825,1.0053251516978825,MC100_vs_MC1,-1.0053251516978825,1.7277083736728967e-05,down_in_tested,0,1,module_trait;deg_fraction,True,particle_size_um,0.6222385633532055,0.0025949251469398,0.0591962437092721,0.06215554194733619,,,,-1.0053251516978825,,,,,,1.7277083736728967e-05,,,,,,down_in_tested,,,3266,203,5,MA100_vs_CTR;MA100_vs_MA1;MC100_vs_MC1;MC1_vs_CTR;MD1_vs_CTR,True,True
PLEKHA1,ENSG00000107679,PLEKHA1,PLEKHA1,pleckstrin homology domain containing A1,darkgrey,darkgrey,MC100_vs_MC1;MC1_vs_CTR,2,2,1.7529628522394837e-05,1.0809828504830896,1.0588783790244074,MC100_vs_MC1,-1.0809828504830896,1.7529628522394837e-05,down_in_tested,1,1,module_trait;deg_fraction,True,particle_size_um,0.6222385633532055,0.0025949251469398,0.0591962437092721,0.06215554194733619,,,,-1.0809828504830896,1.036773907565725,,,,,1.7529628522394837e-05,8.16045999536954e-05,,,,,down_in_tested,up_in_tested,,3266,203,5,MA100_vs_CTR;MA100_vs_MA1;MC100_vs_MC1;MC1_vs_CTR;MD1_vs_CTR,True,True
MXD4,ENSG00000123933,MXD4,MXD4,MAX dimerization protein 4,darkgrey,darkgrey,MC1_vs_CTR,1,1,1.7924923238901914e-05,1.0098409004044286,1.0098409004044286,MC1_vs_CTR,1.0098409004044286,1.7924923238901914e-05,up_in_tested,1,0,module_trait;deg_fraction,True,particle_size_um,0.6222385633532055,0.0025949251469398,0.0591962437092721,0.06215554194733619,,,,,1.0098409004044286,,,,,,1.7924923238901914e-05,,,,,,up_in_tested,,3266,203,5,MA100_vs_CTR;MA100_vs_MA1;MC100_vs_MC1;MC1_vs_CTR;MD1_vs_CTR,True,True
GOLGA2,ENSG00000167110,GOLGA2,GOLGA2,golgin A2,dimgrey,dimgrey,MA100_vs_CTR;MC100_vs_MC1;MC1_vs_CTR,3,3,1.7931339666458722e-05,1.3457685223596394,1.1646245363772172,MC100_vs_MC1,-1.3457685223596394,1.7931339666458722e-05,down_in_tested,2,1,deg_fraction,True,particle_size_um,-0.1867202754883606,0.4176932392721358,0.7331959097856707,0.07777491630182848,1.0904853288262013,,,-1.3457685223596394,1.0576197579458106,,0.0011551593685252,,,1.7931339666458722e-05,0.0013958457329545,,up_in_tested,,,down_in_tested,up_in_tested,,3883,302,6,MA100_vs_CTR;MA100_vs_MA1;MA1_vs_CTR;MC100_vs_MC1;MC1_vs_CTR;MD1_vs_CTR,True,False
GNL2,ENSG00000134697,GNL2,GNL2,G protein nucleolar 2,gainsboro,gainsboro,MD1_vs_CTR,1,1,1.876312694927332e-05,1.2011693055966268,1.2011693055966268,MD1_vs_CTR,-1.2011693055966268,1.876312694927332e-05,down_in_tested,0,1,deg_fraction,True,particle_size_um,-0.2764543534617769,0.2250855359964076,0.5934073221723475,0.04092526690391459,,,,,,-1.2011693055966268,,,,,,1.876312694927332e-05,,,,,,down_in_tested,1124,46,6,MA100_vs_CTR;MA100_vs_MA1;MA1_vs_CTR;MC100_vs_MC1;MC1_vs_CTR;MD1_vs_CTR,True,False
EVI5L,ENSG00000142459,EVI5L,EVI5L,ecotropic viral integration site 5 like,darkgrey,darkgrey,MC100_vs_MC1,1,1,1.8966693711561703e-05,1.050163842723935,1.050163842723935,MC100_vs_MC1,-1.050163842723935,1.8966693711561703e-05,down_in_tested,0,1,module_trait;deg_fraction,True,particle_size_um,0.6222385633532055,0.0025949251469398,0.0591962437092721,0.06215554194733619,,,,-1.050163842723935,,,,,,1.8966693711561703e-05,,,,,,down_in_tested,,,3266,203,5,MA100_vs_CTR;MA100_vs_MA1;MC100_vs_MC1;MC1_vs_CTR;MD1_vs_CTR,True,True
CCDC71,ENSG00000177352,CCDC71,CCDC71,coiled-coil domain containing 71,dimgrey,dimgrey,MC100_vs_MC1;MC1_vs_CTR;MD1_vs_CTR,3,3,1.923104599216635e-05,1.5506949451138452,1.29529710968454,MC100_vs_MC1,-1.5506949451138452,1.923104599216635e-05,down_in_tested,2,1,deg_fraction,True,particle_size_um,-0.1867202754883606,0.4176932392721358,0.7331959097856707,0.07777491630182848,,,,-1.5506949451138452,1.1844755424308155,1.150720841508959,,,,1.923104599216635e-05,0.001974944700733,0.0030822297278075,,,,down_in_tested,up_in_tested,up_in_tested,3883,302,6,MA100_vs_CTR;MA100_vs_MA1;MA1_vs_CTR;MC100_vs_MC1;MC1_vs_CTR;MD1_vs_CTR,True,False
SYMPK,ENSG00000125755,SYMPK,SYMPK,symplekin scaffold protein,dimgrey,dimgrey,MC100_vs_MC1,1,1,1.923104599216635e-05,1.4061328083823357,1.4061328083823357,MC100_vs_MC1,-1.4061328083823357,1.923104599216635e-05,down_in_tested,0,1,deg_fraction,True,particle_size_um,-0.1867202754883606,0.4176932392721358,0.7331959097856707,0.07777491630182848,,,,-1.4061328083823357,,,,,,1.923104599216635e-05,,,,,,down_in_tested,,,3883,302,6,MA100_vs_CTR;MA100_vs_MA1;MA1_vs_CTR;MC100_vs_MC1;MC1_vs_CTR;MD1_vs_CTR,True,False
MAP3K3,ENSG00000198909,MAP3K3,MAP3K3,mitogen-activated protein kinase kinase kinase 3,darkgrey,darkgrey,MC100_vs_MC1,1,1,1.923104599216635e-05,1.170087508524413,1.170087508524413,MC100_vs_MC1,-1.170087508524413,1.923104599216635e-05,down_in_tested,0,1,module_trait;deg_fraction,True,particle_size_um,0.6222385633532055,0.0025949251469398,0.0591962437092721,0.06215554194733619,,,,-1.170087508524413,,,,,,1.923104599216635e-05,,,,,,down_in_tested,,,3266,203,5,MA100_vs_CTR;MA100_vs_MA1;MC100_vs_MC1;MC1_vs_CTR;MD1_vs_CTR,True,True
INCENP,ENSG00000149503,INCENP,INCENP,inner centromere protein,darkgrey,darkgrey,MC100_vs_MC1;MC1_vs_CTR,2,2,1.923104599216635e-05,1.1036109638300944,1.0674722553539993,MC100_vs_MC1,-1.1036109638300944,1.923104599216635e-05,down_in_tested,1,1,module_trait;deg_fraction,True,particle_size_um,0.6222385633532055,0.0025949251469398,0.0591962437092721,0.06215554194733619,,,,-1.1036109638300944,1.031333546877904,,,,,1.923104599216635e-05,0.0001286614170332,,,,,down_in_tested,up_in_tested,,3266,203,5,MA100_vs_CTR;MA100_vs_MA1;MC100_vs_MC1;MC1_vs_CTR;MD1_vs_CTR,True,True
NICOL1,ENSG00000243449,NICOL1,NICOL1,NELL2 interacting cell ontogeny regulator 1,gainsboro,gainsboro,MA100_vs_MA1,1,1,1.9289278821516823e-05,1.7338600165202704,1.7338600165202704,MA100_vs_MA1,1.7338600165202704,1.9289278821516823e-05,up_in_tested,1,0,deg_fraction,True,particle_size_um,-0.2764543534617769,0.2250855359964076,0.5934073221723475,0.04092526690391459,,1.7338600165202704,,,,,,1.9289278821516823e-05,,,,,,up_in_tested,,,,,1124,46,6,MA100_vs_CTR;MA100_vs_MA1;MA1_vs_CTR;MC100_vs_MC1;MC1_vs_CTR;MD1_vs_CTR,True,False
APH1A,ENSG00000117362,APH1A,APH1A,aph-1A gamma-secretase subunit,darkgrey,darkgrey,MC100_vs_MC1,1,1,1.9486849858995148e-05,1.3896380723564845,1.3896380723564845,MC100_vs_MC1,-1.3896380723564845,1.9486849858995148e-05,down_in_tested,0,1,module_trait;deg_fraction,True,particle_size_um,0.6222385633532055,0.0025949251469398,0.0591962437092721,0.06215554194733619,,,,-1.3896380723564845,,,,,,1.9486849858995148e-05,,,,,,down_in_tested,,,3266,203,5,MA100_vs_CTR;MA100_vs_MA1;MC100_vs_MC1;MC1_vs_CTR;MD1_vs_CTR,True,True
DDX55,ENSG00000111364,DDX55,DDX55,DEAD-box helicase 55,dimgrey,dimgrey,MA100_vs_CTR;MD1_vs_CTR,2,2,2.2142862732929827e-05,1.2811782292352984,1.143324180251359,MD1_vs_CTR,-1.2811782292352984,2.2142862732929827e-05,down_in_tested,0,2,deg_fraction,True,particle_size_um,-0.1867202754883606,0.4176932392721358,0.7331959097856707,0.07777491630182848,-1.0054701312674197,,,,,-1.2811782292352984,0.0013081489187151,,,,,2.2142862732929827e-05,down_in_tested,,,,,down_in_tested,3883,302,6,MA100_vs_CTR;MA100_vs_MA1;MA1_vs_CTR;MC100_vs_MC1;MC1_vs_CTR;MD1_vs_CTR,True,False
MRPL20,ENSG00000242485,MRPL20,MRPL20,mitochondrial ribosomal protein L20,dimgrey,dimgrey,MC100_vs_MC1;MC1_vs_CTR,2,2,2.397907588990973e-05,1.4996542330929217,1.453756135624116,MC100_vs_MC1,1.4996542330929217,2.397907588990973e-05,up_in_tested,1,1,deg_fraction,True,particle_size_um,-0.1867202754883606,0.4176932392721358,0.7331959097856707,0.07777491630182848,,,,1.4996542330929217,-1.4078580381553103,,,,,2.397907588990973e-05,0.0001415228515551,,,,,up_in_tested,down_in_tested,,3883,302,6,MA100_vs_CTR;MA100_vs_MA1;MA1_vs_CTR;MC100_vs_MC1;MC1_vs_CTR;MD1_vs_CTR,True,False
ATG3,ENSG00000144848,ATG3,ATG3,autophagy related 3,dimgrey,dimgrey,MC1_vs_CTR,1,1,2.594761821145225e-05,1.058160724264194,1.058160724264194,MC1_vs_CTR,-1.058160724264194,2.594761821145225e-05,down_in_tested,0,1,deg_fraction,True,particle_size_um,-0.1867202754883606,0.4176932392721358,0.7331959097856707,0.07777491630182848,,,,,-1.058160724264194,,,,,,2.594761821145225e-05,,,,,,down_in_tested,,3883,302,6,MA100_vs_CTR;MA100_vs_MA1;MA1_vs_CTR;MC100_vs_MC1;MC1_vs_CTR;MD1_vs_CTR,True,False
DPY19L1,ENSG00000173852,DPY19L1,DPY19L1,dpy-19 like C-mannosyltransferase 1,dimgrey,dimgrey,MC1_vs_CTR,1,1,2.594761821145225e-05,1.0130351950365744,1.0130351950365744,MC1_vs_CTR,-1.0130351950365744,2.594761821145225e-05,down_in_tested,0,1,deg_fraction,True,particle_size_um,-0.1867202754883606,0.4176932392721358,0.7331959097856707,0.07777491630182848,,,,,-1.0130351950365744,,,,,,2.594761821145225e-05,,,,,,down_in_tested,,3883,302,6,MA100_vs_CTR;MA100_vs_MA1;MA1_vs_CTR;MC100_vs_MC1;MC1_vs_CTR;MD1_vs_CTR,True,False
PARP4,ENSG00000102699,PARP4,PARP4,poly(ADP-ribose) polymerase family member 4,dimgrey,dimgrey,MA100_vs_CTR,1,1,2.708128849828352e-05,1.203630607304981,1.203630607304981,MA100_vs_CTR,-1.203630607304981,2.708128849828352e-05,down_in_tested,0,1,deg_fraction,True,particle_size_um,-0.1867202754883606,0.4176932392721358,0.7331959097856707,0.07777491630182848,-1.203630607304981,,,,,,2.708128849828352e-05,,,,,,down_in_tested,,,,,,3883,302,6,MA100_vs_CTR;MA100_vs_MA1;MA1_vs_CTR;MC100_vs_MC1;MC1_vs_CTR;MD1_vs_CTR,True,False
POLR2E,ENSG00000099817,POLR2E,POLR2E,"RNA polymerase II, I and III subunit E",dimgrey,dimgrey,MC100_vs_MC1,1,1,2.7297638043972348e-05,1.2146662628056264,1.2146662628056264,MC100_vs_MC1,-1.2146662628056264,2.7297638043972348e-05,down_in_tested,0,1,deg_fraction,True,particle_size_um,-0.1867202754883606,0.4176932392721358,0.7331959097856707,0.07777491630182848,,,,-1.2146662628056264,,,,,,2.7297638043972348e-05,,,,,,down_in_tested,,,3883,302,6,MA100_vs_CTR;MA100_vs_MA1;MA1_vs_CTR;MC100_vs_MC1;MC1_vs_CTR;MD1_vs_CTR,True,False
REEP4,ENSG00000168476,REEP4,REEP4,receptor accessory protein 4,darkgrey,darkgrey,MC100_vs_MC1,1,1,2.8934337864161468e-05,1.0680965790676062,1.0680965790676062,MC100_vs_MC1,-1.0680965790676062,2.8934337864161468e-05,down_in_tested,0,1,module_trait;deg_fraction,True,particle_size_um,0.6222385633532055,0.0025949251469398,0.0591962437092721,0.06215554194733619,,,,-1.0680965790676062,,,,,,2.8934337864161468e-05,,,,,,down_in_tested,,,3266,203,5,MA100_vs_CTR;MA100_vs_MA1;MC100_vs_MC1;MC1_vs_CTR;MD1_vs_CTR,True,True
AKT2,ENSG00000105221,AKT2,AKT2,AKT serine/threonine kinase 2,darkgrey,darkgrey,MC100_vs_MC1,1,1,3.2456135297089656e-05,1.0407956700325756,1.0407956700325756,MC100_vs_MC1,-1.0407956700325756,3.2456135297089656e-05,down_in_tested,0,1,module_trait;deg_fraction,True,particle_size_um,0.6222385633532055,0.0025949251469398,0.0591962437092721,0.06215554194733619,,,,-1.0407956700325756,,,,,,3.2456135297089656e-05,,,,,,down_in_tested,,,3266,203,5,MA100_vs_CTR;MA100_vs_MA1;MC100_vs_MC1;MC1_vs_CTR;MD1_vs_CTR,True,True
ZNF703,ENSG00000183779,ZNF703,ZNF703,zinc finger protein 703,darkgrey,darkgrey,MC100_vs_MC1,1,1,3.326324273881219e-05,1.3410634000996349,1.3410634000996349,MC100_vs_MC1,-1.3410634000996349,3.326324273881219e-05,down_in_tested,0,1,module_trait;deg_fraction,True,particle_size_um,0.6222385633532055,0.0025949251469398,0.0591962437092721,0.06215554194733619,,,,-1.3410634000996349,,,,,,3.326324273881219e-05,,,,,,down_in_tested,,,3266,203,5,MA100_vs_CTR;MA100_vs_MA1;MC100_vs_MC1;MC1_vs_CTR;MD1_vs_CTR,True,True
BCL2L2,ENSG00000129473,BCL2L2,BCL2L2,BCL2 like 2,dimgrey,dimgrey,MC100_vs_MC1,1,1,3.384472988433684e-05,1.0925230580076906,1.0925230580076906,MC100_vs_MC1,1.0925230580076906,3.384472988433684e-05,up_in_tested,1,0,deg_fraction,True,particle_size_um,-0.1867202754883606,0.4176932392721358,0.7331959097856707,0.07777491630182848,,,,1.0925230580076906,,,,,,3.384472988433684e-05,,,,,,up_in_tested,,,3883,302,6,MA100_vs_CTR;MA100_vs_MA1;MA1_vs_CTR;MC100_vs_MC1;MC1_vs_CTR;MD1_vs_CTR,True,False
IGFBP2,ENSG00000115457,IGFBP2,IGFBP2,insulin like growth factor binding protein 2,darkgrey,darkgrey,MC100_vs_MC1;MC1_vs_CTR;MD1_vs_CTR,3,3,3.556471277524456e-05,2.044990975746173,1.48687231280557,MC100_vs_MC1,-2.044990975746173,3.556471277524456e-05,down_in_tested,2,1,module_trait;deg_fraction,True,particle_size_um,0.6222385633532055,0.0025949251469398,0.0591962437092721,0.06215554194733619,,,,-2.044990975746173,1.2446415858482756,1.170984376822262,,,,3.556471277524456e-05,0.019357099481328,0.0323878027265994,,,,down_in_tested,up_in_tested,up_in_tested,3266,203,5,MA100_vs_CTR;MA100_vs_MA1;MC100_vs_MC1;MC1_vs_CTR;MD1_vs_CTR,True,True
SBF1,ENSG00000100241,SBF1,SBF1,SET binding factor 1,darkgrey,darkgrey,MC100_vs_MC1,1,1,3.556471277524456e-05,1.357833185832482,1.357833185832482,MC100_vs_MC1,-1.357833185832482,3.556471277524456e-05,down_in_tested,0,1,module_trait;deg_fraction,True,particle_size_um,0.6222385633532055,0.0025949251469398,0.0591962437092721,0.06215554194733619,,,,-1.357833185832482,,,,,,3.556471277524456e-05,,,,,,down_in_tested,,,3266,203,5,MA100_vs_CTR;MA100_vs_MA1;MC100_vs_MC1;MC1_vs_CTR;MD1_vs_CTR,True,True
MFGE8,ENSG00000140545,MFGE8,MFGE8,milk fat globule EGF and factor V/VIII domain containing,darkgrey,darkgrey,MC100_vs_MC1,1,1,4.149165622150297e-05,1.2424226748524156,1.2424226748524156,MC100_vs_MC1,-1.2424226748524156,4.149165622150297e-05,down_in_tested,0,1,module_trait;deg_fraction,True,particle_size_um,0.6222385633532055,0.0025949251469398,0.0591962437092721,0.06215554194733619,,,,-1.2424226748524156,,,,,,4.149165622150297e-05,,,,,,down_in_tested,,,3266,203,5,MA100_vs_CTR;MA100_vs_MA1;MC100_vs_MC1;MC1_vs_CTR;MD1_vs_CTR,True,True
RPL35,ENSG00000136942,RPL35,RPL35,ribosomal protein L35,dimgrey,dimgrey,MA100_vs_CTR;MC100_vs_MC1,2,2,4.149165622150297e-05,1.2373144687855295,1.1295503819601616,MC100_vs_MC1,1.2373144687855295,4.149165622150297e-05,up_in_tested,1,1,deg_fraction,True,particle_size_um,-0.1867202754883606,0.4176932392721358,0.7331959097856707,0.07777491630182848,-1.0217862951347936,,,1.2373144687855295,,,0.0015964885925702,,,4.149165622150297e-05,,,down_in_tested,,,up_in_tested,,,3883,302,6,MA100_vs_CTR;MA100_vs_MA1;MA1_vs_CTR;MC100_vs_MC1;MC1_vs_CTR;MD1_vs_CTR,True,False
PIP5K1A,ENSG00000143398,PIP5K1A,PIP5K1A,phosphatidylinositol-4-phosphate 5-kinase type 1 alpha,darkgrey,darkgrey,MA100_vs_CTR;MD1_vs_CTR,2,2,4.2140923002183113e-05,1.0359906377509744,1.0310226701524792,MD1_vs_CTR,1.0359906377509744,4.2140923002183113e-05,up_in_tested,2,0,module_trait;deg_fraction,True,particle_size_um,0.6222385633532055,0.0025949251469398,0.0591962437092721,0.06215554194733619,1.026054702553984,,,,,1.0359906377509744,6.826632899468638e-05,,,,,4.2140923002183113e-05,up_in_tested,,,,,up_in_tested,3266,203,5,MA100_vs_CTR;MA100_vs_MA1;MC100_vs_MC1;MC1_vs_CTR;MD1_vs_CTR,True,True
PLK1,ENSG00000166851,PLK1,PLK1,polo like kinase 1,dimgrey,dimgrey,MC100_vs_MC1;MC1_vs_CTR;MD1_vs_CTR,3,3,4.2177402168879565e-05,1.6380745663257577,1.4666897392217229,MC100_vs_MC1,1.6380745663257577,4.2177402168879565e-05,up_in_tested,1,2,deg_fraction,True,particle_size_um,-0.1867202754883606,0.4176932392721358,0.7331959097856707,0.07777491630182848,,,,1.6380745663257577,-1.2840886666682805,-1.4779059846711304,,,,4.2177402168879565e-05,0.002453563878862,0.0004850036746675,,,,up_in_tested,down_in_tested,down_in_tested,3883,302,6,MA100_vs_CTR;MA100_vs_MA1;MA1_vs_CTR;MC100_vs_MC1;MC1_vs_CTR;MD1_vs_CTR,True,False
FERMT1,ENSG00000101311,FERMT1,FERMT1,FERM domain containing kindlin 1,darkgrey,darkgrey,MC100_vs_MC1,1,1,4.361588062118792e-05,1.0967946605804566,1.0967946605804566,MC100_vs_MC1,-1.0967946605804566,4.361588062118792e-05,down_in_tested,0,1,module_trait;deg_fraction,True,particle_size_um,0.6222385633532055,0.0025949251469398,0.0591962437092721,0.06215554194733619,,,,-1.0967946605804566,,,,,,4.361588062118792e-05,,,,,,down_in_tested,,,3266,203,5,MA100_vs_CTR;MA100_vs_MA1;MC100_vs_MC1;MC1_vs_CTR;MD1_vs_CTR,True,True
NUS1,ENSG00000153989,NUS1,NUS1,NUS1 dehydrodolichyl diphosphate synthase subunit,dimgrey,dimgrey,MC100_vs_MC1;MC1_vs_CTR,2,2,4.604237644178349e-05,1.0330970313870609,1.0288517852974532,MC1_vs_CTR,-1.0330970313870609,8.16045999536954e-05,down_in_tested,1,1,deg_fraction,True,particle_size_um,-0.1867202754883606,0.4176932392721358,0.7331959097856707,0.07777491630182848,,,,1.0246065392078456,-1.0330970313870609,,,,,4.604237644178349e-05,8.16045999536954e-05,,,,,up_in_tested,down_in_tested,,3883,302,6,MA100_vs_CTR;MA100_vs_MA1;MA1_vs_CTR;MC100_vs_MC1;MC1_vs_CTR;MD1_vs_CTR,True,False
ZNF512B,ENSG00000196700,ZNF512B,ZNF512B,zinc finger protein 512B,darkgrey,darkgrey,MA100_vs_CTR;MC1_vs_CTR;MD1_vs_CTR,3,3,4.865467953316234e-05,1.6794054110703265,1.556256838570599,MA100_vs_CTR,1.6794054110703265,4.865467953316234e-05,up_in_tested,3,0,module_trait;deg_fraction,True,particle_size_um,0.6222385633532055,0.0025949251469398,0.0591962437092721,0.06215554194733619,1.6794054110703265,,,,1.4016305258048074,1.5877345788366632,4.865467953316234e-05,,,,0.0006949621820584,9.73103220114387e-05,up_in_tested,,,,up_in_tested,up_in_tested,3266,203,5,MA100_vs_CTR;MA100_vs_MA1;MC100_vs_MC1;MC1_vs_CTR;MD1_vs_CTR,True,True
PIM1,ENSG00000137193,PIM1,PIM1,"Pim-1 proto-oncogene, serine/threonine kinase",darkgrey,darkgrey,MA100_vs_CTR;MC1_vs_CTR;MD1_vs_CTR,3,3,4.865467953316234e-05,1.4287224181781517,1.2635157141209272,MA100_vs_CTR,1.4287224181781517,4.865467953316234e-05,up_in_tested,3,0,module_trait;deg_fraction,True,particle_size_um,0.6222385633532055,0.0025949251469398,0.0591962437092721,0.06215554194733619,1.4287224181781517,,,,1.1747943295526773,1.1870303946319527,4.865467953316234e-05,,,,0.0008680240986354,0.0008422708428045,up_in_tested,,,,up_in_tested,up_in_tested,3266,203,5,MA100_vs_CTR;MA100_vs_MA1;MC100_vs_MC1;MC1_vs_CTR;MD1_vs_CTR,True,True
JDP2,ENSG00000140044,JDP2,JDP2,Jun dimerization protein 2,darkgrey,darkgrey,MC100_vs_MC1,1,1,5.162088205176114e-05,1.1153662820902606,1.1153662820902606,MC100_vs_MC1,-1.1153662820902606,5.162088205176114e-05,down_in_tested,0,1,module_trait;deg_fraction,True,particle_size_um,0.6222385633532055,0.0025949251469398,0.0591962437092721,0.06215554194733619,,,,-1.1153662820902606,,,,,,5.162088205176114e-05,,,,,,down_in_tested,,,3266,203,5,MA100_vs_CTR;MA100_vs_MA1;MC100_vs_MC1;MC1_vs_CTR;MD1_vs_CTR,True,True
SRP19,ENSG00000153037,SRP19,SRP19,signal recognition particle 19,dimgrey,dimgrey,MC100_vs_MC1,1,1,5.4945883978741616e-05,1.0369095394481458,1.0369095394481458,MC100_vs_MC1,1.0369095394481458,5.4945883978741616e-05,up_in_tested,1,0,deg_fraction,True,particle_size_um,-0.1867202754883606,0.4176932392721358,0.7331959097856707,0.07777491630182848,,,,1.0369095394481458,,,,,,5.4945883978741616e-05,,,,,,up_in_tested,,,3883,302,6,MA100_vs_CTR;MA100_vs_MA1;MA1_vs_CTR;MC100_vs_MC1;MC1_vs_CTR;MD1_vs_CTR,True,False
RPL3,ENSG00000100316,RPL3,RPL3,ribosomal protein L3,dimgrey,dimgrey,MC100_vs_MC1,1,1,5.6804621938293536e-05,1.1753651131380665,1.1753651131380665,MC100_vs_MC1,1.1753651131380665,5.6804621938293536e-05,up_in_tested,1,0,deg_fraction,True,particle_size_um,-0.1867202754883606,0.4176932392721358,0.7331959097856707,0.07777491630182848,,,,1.1753651131380665,,,,,,5.6804621938293536e-05,,,,,,up_in_tested,,,3883,302,6,MA100_vs_CTR;MA100_vs_MA1;MA1_vs_CTR;MC100_vs_MC1;MC1_vs_CTR;MD1_vs_CTR,True,False
ZBTB8OS,ENSG00000176261,ZBTB8OS,ZBTB8OS,zinc finger and BTB domain containing 8 opposite strand,dimgrey,dimgrey,MA100_vs_CTR,1,1,6.495758050368865e-05,1.0281021852785048,1.0281021852785048,MA100_vs_CTR,-1.0281021852785048,6.495758050368865e-05,down_in_tested,0,1,deg_fraction,True,particle_size_um,-0.1867202754883606,0.4176932392721358,0.7331959097856707,0.07777491630182848,-1.0281021852785048,,,,,,6.495758050368865e-05,,,,,,down_in_tested,,,,,,3883,302,6,MA100_vs_CTR;MA100_vs_MA1;MA1_vs_CTR;MC100_vs_MC1;MC1_vs_CTR;MD1_vs_CTR,True,False
TMEM63B,ENSG00000137216,TMEM63B,TMEM63B,transmembrane protein 63B,darkgrey,darkgrey,MA100_vs_CTR;MD1_vs_CTR,2,2,6.510123858562075e-05,1.1905343398228705,1.095798577575505,MD1_vs_CTR,1.1905343398228705,6.510123858562075e-05,up_in_tested,2,0,module_trait;deg_fraction,True,particle_size_um,0.6222385633532055,0.0025949251469398,0.0591962437092721,0.06215554194733619,1.0010628153281398,,,,,1.1905343398228705,0.0011972607326587,,,,,6.510123858562075e-05,up_in_tested,,,,,up_in_tested,3266,203,5,MA100_vs_CTR;MA100_vs_MA1;MC100_vs_MC1;MC1_vs_CTR;MD1_vs_CTR,True,True
TIMM8B,ENSG00000150779,TIMM8B,TIMM8B,translocase of inner mitochondrial membrane 8 homolog B,dimgrey,dimgrey,MA100_vs_CTR;MC100_vs_MC1;MC1_vs_CTR;MD1_vs_CTR,4,4,6.512560309251782e-05,1.370739444524488,1.289321728622415,MA100_vs_CTR,-1.370739444524488,6.512560309251782e-05,down_in_tested,1,3,deg_fraction,True,particle_size_um,-0.1867202754883606,0.4176932392721358,0.7331959097856707,0.07777491630182848,-1.370739444524488,,,1.269921339293315,-1.2925122399718565,-1.2241138907000002,6.512560309251782e-05,,,0.0001092465374639,0.0001377604937217,0.0003459805721307,down_in_tested,,,up_in_tested,down_in_tested,down_in_tested,3883,302,6,MA100_vs_CTR;MA100_vs_MA1;MA1_vs_CTR;MC100_vs_MC1;MC1_vs_CTR;MD1_vs_CTR,True,False
TMEM120B,ENSG00000188735,TMEM120B,TMEM120B,transmembrane protein 120B,darkgrey,darkgrey,MD1_vs_CTR,1,1,6.886134417155066e-05,1.1500508202292077,1.1500508202292077,MD1_vs_CTR,1.1500508202292077,6.886134417155066e-05,up_in_tested,1,0,module_trait;deg_fraction,True,particle_size_um,0.6222385633532055,0.0025949251469398,0.0591962437092721,0.06215554194733619,,,,,,1.1500508202292077,,,,,,6.886134417155066e-05,,,,,,up_in_tested,3266,203,5,MA100_vs_CTR;MA100_vs_MA1;MC100_vs_MC1;MC1_vs_CTR;MD1_vs_CTR,True,True
MXRA5,ENSG00000101825,MXRA5,MXRA5,matrix remodeling associated 5,darkgrey,darkgrey,MC1_vs_CTR;MD1_vs_CTR,2,2,6.886134417155066e-05,1.0616470409431762,1.0538085240015436,MD1_vs_CTR,1.0616470409431762,6.886134417155066e-05,up_in_tested,2,0,module_trait;deg_fraction,True,particle_size_um,0.6222385633532055,0.0025949251469398,0.0591962437092721,0.06215554194733619,,,,,1.0459700070599112,1.0616470409431762,,,,,9.84385194412398e-05,6.886134417155066e-05,,,,,up_in_tested,up_in_tested,3266,203,5,MA100_vs_CTR;MA100_vs_MA1;MC100_vs_MC1;MC1_vs_CTR;MD1_vs_CTR,True,True
PXN,ENSG00000089159,PXN,PXN,paxillin,dimgrey,dimgrey,MC100_vs_MC1,1,1,7.660598021203551e-05,1.146640496884698,1.146640496884698,MC100_vs_MC1,1.146640496884698,7.660598021203551e-05,up_in_tested,1,0,deg_fraction,True,particle_size_um,-0.1867202754883606,0.4176932392721358,0.7331959097856707,0.07777491630182848,,,,1.146640496884698,,,,,,7.660598021203551e-05,,,,,,up_in_tested,,,3883,302,6,MA100_vs_CTR;MA100_vs_MA1;MA1_vs_CTR;MC100_vs_MC1;MC1_vs_CTR;MD1_vs_CTR,True,False
MORN2,ENSG00000188010,MORN2,MORN2,MORN repeat containing 2,dimgrey,dimgrey,MA100_vs_CTR;MC1_vs_CTR,2,2,8.066338082541315e-05,1.1869393151106833,1.1424869715278976,MA100_vs_CTR,-1.1869393151106833,8.066338082541315e-05,down_in_tested,0,2,deg_fraction,True,particle_size_um,-0.1867202754883606,0.4176932392721358,0.7331959097856707,0.07777491630182848,-1.1869393151106833,,,,-1.0980346279451116,,8.066338082541315e-05,,,,0.0002124919074199,,down_in_tested,,,,down_in_tested,,3883,302,6,MA100_vs_CTR;MA100_vs_MA1;MA1_vs_CTR;MC100_vs_MC1;MC1_vs_CTR;MD1_vs_CTR,True,False
MT-ND2,ENSG00000198763,MT-ND2,MT-ND2,NADH dehydrogenase subunit 2,gainsboro,gainsboro,MA100_vs_CTR;MC1_vs_CTR;MD1_vs_CTR,3,3,8.221300241450503e-05,1.3581876470614385,1.1927895972565197,MD1_vs_CTR,-1.3581876470614385,8.221300241450503e-05,down_in_tested,0,3,deg_fraction,True,particle_size_um,-0.2764543534617769,0.2250855359964076,0.5934073221723475,0.04092526690391459,-1.0746924545808598,,,,-1.1454886901272607,-1.3581876470614385,0.0027299411397729,,,,0.0010958447579135,8.221300241450503e-05,down_in_tested,,,,down_in_tested,down_in_tested,1124,46,6,MA100_vs_CTR;MA100_vs_MA1;MA1_vs_CTR;MC100_vs_MC1;MC1_vs_CTR;MD1_vs_CTR,True,False
NUDCD1,ENSG00000120526,NUDCD1,NUDCD1,NudC domain containing 1,dimgrey,dimgrey,MC1_vs_CTR,1,1,8.500134728628226e-05,1.1446443767448864,1.1446443767448864,MC1_vs_CTR,-1.1446443767448864,8.500134728628226e-05,down_in_tested,0,1,deg_fraction,True,particle_size_um,-0.1867202754883606,0.4176932392721358,0.7331959097856707,0.07777491630182848,,,,,-1.1446443767448864,,,,,,8.500134728628226e-05,,,,,,down_in_tested,,3883,302,6,MA100_vs_CTR;MA100_vs_MA1;MA1_vs_CTR;MC100_vs_MC1;MC1_vs_CTR;MD1_vs_CTR,True,False
UQCRC2,ENSG00000140740,UQCRC2,UQCRC2,ubiquinol-cytochrome c reductase core protein 2,dimgrey,dimgrey,MC100_vs_MC1;MC1_vs_CTR,2,2,8.593263202870275e-05,1.7309320009413398,1.6451816980001999,MC100_vs_MC1,1.7309320009413398,8.593263202870275e-05,up_in_tested,1,1,deg_fraction,True,particle_size_um,-0.1867202754883606,0.4176932392721358,0.7331959097856707,0.07777491630182848,,,,1.7309320009413398,-1.55943139505906,,,,,8.593263202870275e-05,0.0007132961223449,,,,,up_in_tested,down_in_tested,,3883,302,6,MA100_vs_CTR;MA100_vs_MA1;MA1_vs_CTR;MC100_vs_MC1;MC1_vs_CTR;MD1_vs_CTR,True,False
PER1,ENSG00000179094,PER1,PER1,period circadian regulator 1,darkgrey,darkgrey,MC1_vs_CTR,1,1,8.754478481486205e-05,1.5280104260616554,1.5280104260616554,MC1_vs_CTR,1.5280104260616554,8.754478481486205e-05,up_in_tested,1,0,module_trait;deg_fraction,True,particle_size_um,0.6222385633532055,0.0025949251469398,0.0591962437092721,0.06215554194733619,,,,,1.5280104260616554,,,,,,8.754478481486205e-05,,,,,,up_in_tested,,3266,203,5,MA100_vs_CTR;MA100_vs_MA1;MC100_vs_MC1;MC1_vs_CTR;MD1_vs_CTR,True,True
MRFAP1L1,ENSG00000178988,MRFAP1L1,MRFAP1L1,Morf4 family associated protein 1 like 1,darkgrey,darkgrey,MA100_vs_MA1;MC100_vs_MC1,2,2,8.759221349726353e-05,1.4809922752345452,1.3688794354796128,MC100_vs_MC1,-1.4809922752345452,8.759221349726353e-05,down_in_tested,1,1,module_trait;deg_fraction,True,particle_size_um,0.6222385633532055,0.0025949251469398,0.0591962437092721,0.06215554194733619,,1.2567665957246803,,-1.4809922752345452,,,,0.0093068690052794,,8.759221349726353e-05,,,,up_in_tested,,down_in_tested,,,3266,203,5,MA100_vs_CTR;MA100_vs_MA1;MC100_vs_MC1;MC1_vs_CTR;MD1_vs_CTR,True,True
CALR,ENSG00000179218,CALR,CALR,calreticulin,gainsboro,gainsboro,MA100_vs_CTR;MC100_vs_MC1;MC1_vs_CTR,3,3,8.844974351693294e-05,1.2448686469254175,1.1906737165490247,MA100_vs_CTR,1.2448686469254175,8.844974351693294e-05,up_in_tested,2,1,deg_fraction,True,particle_size_um,-0.2764543534617769,0.2250855359964076,0.5934073221723475,0.04092526690391459,1.2448686469254175,,,-1.1583718562291925,1.168780646492464,,8.844974351693294e-05,,,0.0001440876679366,0.0001974422044004,,up_in_tested,,,down_in_tested,up_in_tested,,1124,46,6,MA100_vs_CTR;MA100_vs_MA1;MA1_vs_CTR;MC100_vs_MC1;MC1_vs_CTR;MD1_vs_CTR,True,False
NDUFB10,ENSG00000140990,NDUFB10,NDUFB10,NADH:ubiquinone oxidoreductase subunit B10,dimgrey,dimgrey,MC100_vs_MC1;MC1_vs_CTR,2,2,9.24704049799802e-05,1.385884873462546,1.2635801788006649,MC100_vs_MC1,1.385884873462546,9.24704049799802e-05,up_in_tested,1,1,deg_fraction,True,particle_size_um,-0.1867202754883606,0.4176932392721358,0.7331959097856707,0.07777491630182848,,,,1.385884873462546,-1.1412754841387838,,,,,9.24704049799802e-05,0.002168529585809,,,,,up_in_tested,down_in_tested,,3883,302,6,MA100_vs_CTR;MA100_vs_MA1;MA1_vs_CTR;MC100_vs_MC1;MC1_vs_CTR;MD1_vs_CTR,True,False
CAPG,ENSG00000042493,CAPG,CAPG,"capping actin protein, gelsolin like",darkgrey,darkgrey,MC100_vs_MC1,1,1,9.509110677736256e-05,1.02693818102818,1.02693818102818,MC100_vs_MC1,-1.02693818102818,9.509110677736256e-05,down_in_tested,0,1,module_trait;deg_fraction,True,particle_size_um,0.6222385633532055,0.0025949251469398,0.0591962437092721,0.06215554194733619,,,,-1.02693818102818,,,,,,9.509110677736256e-05,,,,,,down_in_tested,,,3266,203,5,MA100_vs_CTR;MA100_vs_MA1;MC100_vs_MC1;MC1_vs_CTR;MD1_vs_CTR,True,True
ATP1A1,ENSG00000163399,ATP1A1,ATP1A1,ATPase Na+/K+ transporting subunit alpha 1,darkgrey,darkgrey,MC100_vs_MC1,1,1,9.539705154237658e-05,1.4829406176164623,1.4829406176164623,MC100_vs_MC1,-1.4829406176164623,9.539705154237658e-05,down_in_tested,0,1,module_trait;deg_fraction,True,particle_size_um,0.6222385633532055,0.0025949251469398,0.0591962437092721,0.06215554194733619,,,,-1.4829406176164623,,,,,,9.539705154237658e-05,,,,,,down_in_tested,,,3266,203,5,MA100_vs_CTR;MA100_vs_MA1;MC100_vs_MC1;MC1_vs_CTR;MD1_vs_CTR,True,True
TBC1D10B,ENSG00000169221,TBC1D10B,TBC1D10B,TBC1 domain family member 10B,dimgrey,dimgrey,MC100_vs_MC1;MC1_vs_CTR,2,2,9.618258488309864e-05,1.34938535577506,1.2243270571311138,MC100_vs_MC1,1.34938535577506,9.618258488309864e-05,up_in_tested,1,1,deg_fraction,True,particle_size_um,-0.1867202754883606,0.4176932392721358,0.7331959097856707,0.07777491630182848,,,,1.34938535577506,-1.0992687584871674,,,,,9.618258488309864e-05,0.0026542654265845,,,,,up_in_tested,down_in_tested,,3883,302,6,MA100_vs_CTR;MA100_vs_MA1;MA1_vs_CTR;MC100_vs_MC1;MC1_vs_CTR;MD1_vs_CTR,True,False
PSMD3,ENSG00000108344,PSMD3,PSMD3,"proteasome 26S subunit, non-ATPase 3",dimgrey,dimgrey,MC100_vs_MC1,1,1,9.666601620670976e-05,1.4253318186392694,1.4253318186392694,MC100_vs_MC1,-1.4253318186392694,9.666601620670976e-05,down_in_tested,0,1,deg_fraction,True,particle_size_um,-0.1867202754883606,0.4176932392721358,0.7331959097856707,0.07777491630182848,,,,-1.4253318186392694,,,,,,9.666601620670976e-05,,,,,,down_in_tested,,,3883,302,6,MA100_vs_CTR;MA100_vs_MA1;MA1_vs_CTR;MC100_vs_MC1;MC1_vs_CTR;MD1_vs_CTR,True,False
MKKS,ENSG00000125863,MKKS,MKKS,MKKS centrosomal shuttling protein,dimgrey,dimgrey,MA100_vs_CTR;MC100_vs_MC1;MC1_vs_CTR;MD1_vs_CTR,4,4,9.699234311319155e-05,1.910297908869464,1.5755838548681684,MD1_vs_CTR,-1.910297908869464,9.699234311319155e-05,down_in_tested,1,3,deg_fraction,True,particle_size_um,-0.1867202754883606,0.4176932392721358,0.7331959097856707,0.07777491630182848,-1.088787122880305,,,1.6498442729223617,-1.6534061148005428,-1.910297908869464,0.0378375113683944,,,0.000555844006892,0.0007978492330413,9.699234311319155e-05,down_in_tested,,,up_in_tested,down_in_tested,down_in_tested,3883,302,6,MA100_vs_CTR;MA100_vs_MA1;MA1_vs_CTR;MC100_vs_MC1;MC1_vs_CTR;MD1_vs_CTR,True,False
HSP90AA1,ENSG00000080824,HSP90AA1,HSP90AA1,heat shock protein 90 alpha family class A member 1,gainsboro,gainsboro,MD1_vs_CTR,1,1,0.0001021701418289,1.0359277247177878,1.0359277247177878,MD1_vs_CTR,-1.0359277247177878,0.0001021701418289,down_in_tested,0,1,deg_fraction,True,particle_size_um,-0.2764543534617769,0.2250855359964076,0.5934073221723475,0.04092526690391459,,,,,,-1.0359277247177878,,,,,,0.0001021701418289,,,,,,down_in_tested,1124,46,6,MA100_vs_CTR;MA100_vs_MA1;MA1_vs_CTR;MC100_vs_MC1;MC1_vs_CTR;MD1_vs_CTR,True,False
ADAM15,ENSG00000143537,ADAM15,ADAM15,ADAM metallopeptidase domain 15,dimgrey,dimgrey,MC100_vs_MC1,1,1,0.0001070023859498,1.6805388923912936,1.6805388923912936,MC100_vs_MC1,-1.6805388923912936,0.0001070023859498,down_in_tested,0,1,deg_fraction,True,particle_size_um,-0.1867202754883606,0.4176932392721358,0.7331959097856707,0.07777491630182848,,,,-1.6805388923912936,,,,,,0.0001070023859498,,,,,,down_in_tested,,,3883,302,6,MA100_vs_CTR;MA100_vs_MA1;MA1_vs_CTR;MC100_vs_MC1;MC1_vs_CTR;MD1_vs_CTR,True,False
HSPA8,ENSG00000109971,HSPA8,HSPA8,heat shock protein family A (Hsp70) member 8,dimgrey,dimgrey,MA100_vs_CTR;MC100_vs_MC1,2,2,0.0001086290093417,1.140907647399845,1.0733326541531834,MC100_vs_MC1,1.140907647399845,0.0001086290093417,up_in_tested,1,1,deg_fraction,True,particle_size_um,-0.1867202754883606,0.4176932392721358,0.7331959097856707,0.07777491630182848,-1.0057576609065215,,,1.140907647399845,,,0.0013081489187151,,,0.0001086290093417,,,down_in_tested,,,up_in_tested,,,3883,302,6,MA100_vs_CTR;MA100_vs_MA1;MA1_vs_CTR;MC100_vs_MC1;MC1_vs_CTR;MD1_vs_CTR,True,False
PRMT2,ENSG00000160310,PRMT2,PRMT2,protein arginine methyltransferase 2,dimgrey,dimgrey,MC100_vs_MC1,1,1,0.0001127058393079,1.0567312456411384,1.0567312456411384,MC100_vs_MC1,-1.0567312456411384,0.0001127058393079,down_in_tested,0,1,deg_fraction,True,particle_size_um,-0.1867202754883606,0.4176932392721358,0.7331959097856707,0.07777491630182848,,,,-1.0567312456411384,,,,,,0.0001127058393079,,,,,,down_in_tested,,,3883,302,6,MA100_vs_CTR;MA100_vs_MA1;MA1_vs_CTR;MC100_vs_MC1;MC1_vs_CTR;MD1_vs_CTR,True,False
NAA16,ENSG00000172766,NAA16,NAA16,"N-alpha-acetyltransferase 16, NatA auxiliary subunit",dimgrey,dimgrey,MC1_vs_CTR,1,1,0.000115175735079,1.1542516414846329,1.1542516414846329,MC1_vs_CTR,-1.1542516414846329,0.000115175735079,down_in_tested,0,1,deg_fraction,True,particle_size_um,-0.1867202754883606,0.4176932392721358,0.7331959097856707,0.07777491630182848,,,,,-1.1542516414846329,,,,,,0.000115175735079,,,,,,down_in_tested,,3883,302,6,MA100_vs_CTR;MA100_vs_MA1;MA1_vs_CTR;MC100_vs_MC1;MC1_vs_CTR;MD1_vs_CTR,True,False
DNAJB5,ENSG00000137094,DNAJB5,DNAJB5,DnaJ heat shock protein family (Hsp40) member B5,darkgrey,darkgrey,MC100_vs_MC1,1,1,0.0001188746468363,1.21222329365646,1.21222329365646,MC100_vs_MC1,-1.21222329365646,0.0001188746468363,down_in_tested,0,1,module_trait;deg_fraction,True,particle_size_um,0.6222385633532055,0.0025949251469398,0.0591962437092721,0.06215554194733619,,,,-1.21222329365646,,,,,,0.0001188746468363,,,,,,down_in_tested,,,3266,203,5,MA100_vs_CTR;MA100_vs_MA1;MC100_vs_MC1;MC1_vs_CTR;MD1_vs_CTR,True,True
NDUFB9,ENSG00000147684,NDUFB9,NDUFB9,NADH:ubiquinone oxidoreductase subunit B9,dimgrey,dimgrey,MA100_vs_CTR;MC100_vs_MC1;MC1_vs_CTR,3,3,0.0001197014309876,1.2558023601367667,1.217822497552615,MA100_vs_CTR,-1.2558023601367667,0.0001291171561757,down_in_tested,1,2,deg_fraction,True,particle_size_um,-0.1867202754883606,0.4176932392721358,0.7331959097856707,0.07777491630182848,-1.2558023601367667,,,1.1977721136398676,-1.1998930188812107,,0.0001291171561757,,,0.0001197014309876,0.0001934726054643,,down_in_tested,,,up_in_tested,down_in_tested,,3883,302,6,MA100_vs_CTR;MA100_vs_MA1;MA1_vs_CTR;MC100_vs_MC1;MC1_vs_CTR;MD1_vs_CTR,True,False
THG1L,ENSG00000113272,THG1L,THG1L,tRNA-histidine guanylyltransferase 1 like,darkgrey,darkgrey,MC100_vs_MC1;MC1_vs_CTR,2,2,0.0001197014309876,1.206613724799562,1.166650645447425,MC100_vs_MC1,-1.206613724799562,0.0001197014309876,down_in_tested,1,1,module_trait;deg_fraction,True,particle_size_um,0.6222385633532055,0.0025949251469398,0.0591962437092721,0.06215554194733619,,,,-1.206613724799562,1.1266875660952878,,,,,0.0001197014309876,0.0005560487495615,,,,,down_in_tested,up_in_tested,,3266,203,5,MA100_vs_CTR;MA100_vs_MA1;MC100_vs_MC1;MC1_vs_CTR;MD1_vs_CTR,True,True
PI4KA,ENSG00000241973,PI4KA,PI4KA,phosphatidylinositol 4-kinase alpha,dimgrey,dimgrey,MC100_vs_MC1,1,1,0.0001197014309876,1.078454793735233,1.078454793735233,MC100_vs_MC1,1.078454793735233,0.0001197014309876,up_in_tested,1,0,deg_fraction,True,particle_size_um,-0.1867202754883606,0.4176932392721358,0.7331959097856707,0.07777491630182848,,,,1.078454793735233,,,,,,0.0001197014309876,,,,,,up_in_tested,,,3883,302,6,MA100_vs_CTR;MA100_vs_MA1;MA1_vs_CTR;MC100_vs_MC1;MC1_vs_CTR;MD1_vs_CTR,True,False
SREK1IP1,ENSG00000153006,SREK1IP1,SREK1IP1,SREK1 interacting protein 1,dimgrey,dimgrey,MA100_vs_CTR;MC100_vs_MC1;MC1_vs_CTR;MD1_vs_CTR,4,4,0.0001250364024668,1.3206768678767125,1.1543988904312212,MD1_vs_CTR,-1.3206768678767125,0.0001250364024668,down_in_tested,1,3,deg_fraction,True,particle_size_um,-0.1867202754883606,0.4176932392721358,0.7331959097856707,0.07777491630182848,-1.0380316930380789,,,1.0411258998598665,-1.2177611009502272,-1.3206768678767125,0.0037017501233541,,,0.0024643803693473,0.0004503894853321,0.0001250364024668,down_in_tested,,,up_in_tested,down_in_tested,down_in_tested,3883,302,6,MA100_vs_CTR;MA100_vs_MA1;MA1_vs_CTR;MC100_vs_MC1;MC1_vs_CTR;MD1_vs_CTR,True,False
RPL31,ENSG00000071082,RPL31,RPL31,ribosomal protein L31,dimgrey,dimgrey,MA100_vs_CTR;MC1_vs_CTR,2,2,0.0001289889673908,1.0136327432918228,1.0108079161724342,MA100_vs_CTR,-1.0136327432918228,0.0001515881606975,down_in_tested,0,2,deg_fraction,True,particle_size_um,-0.1867202754883606,0.4176932392721358,0.7331959097856707,0.07777491630182848,-1.0136327432918228,,,,-1.0079830890530452,,0.0001515881606975,,,,0.0001289889673908,,down_in_tested,,,,down_in_tested,,3883,302,6,MA100_vs_CTR;MA100_vs_MA1;MA1_vs_CTR;MC100_vs_MC1;MC1_vs_CTR;MD1_vs_CTR,True,False
AKT1S1,ENSG00000204673,AKT1S1,AKT1S1,AKT1 substrate 1,darkgrey,darkgrey,MA100_vs_MA1;MC100_vs_MC1,2,2,0.0001314376772715,1.135715791712366,1.1094927139582955,MC100_vs_MC1,-1.135715791712366,0.0001314376772715,down_in_tested,1,1,module_trait;deg_fraction,True,particle_size_um,0.6222385633532055,0.0025949251469398,0.0591962437092721,0.06215554194733619,,1.0832696362042251,,-1.135715791712366,,,,0.0046140634738644,,0.0001314376772715,,,,up_in_tested,,down_in_tested,,,3266,203,5,MA100_vs_CTR;MA100_vs_MA1;MC100_vs_MC1;MC1_vs_CTR;MD1_vs_CTR,True,True
ATG16L2,ENSG00000168010,ATG16L2,ATG16L2,autophagy related 16 like 2,darkgrey,darkgrey,MA100_vs_CTR;MD1_vs_CTR,2,2,0.0001323943526603,1.2429950387184798,1.1587829400661573,MD1_vs_CTR,1.2429950387184798,0.0001323943526603,up_in_tested,2,0,module_trait;deg_fraction,True,particle_size_um,0.6222385633532055,0.0025949251469398,0.0591962437092721,0.06215554194733619,1.0745708414138346,,,,,1.2429950387184798,0.0014492699803477,,,,,0.0001323943526603,up_in_tested,,,,,up_in_tested,3266,203,5,MA100_vs_CTR;MA100_vs_MA1;MC100_vs_MC1;MC1_vs_CTR;MD1_vs_CTR,True,True
CANX,ENSG00000127022,CANX,CANX,calnexin,dimgrey,dimgrey,MC1_vs_CTR,1,1,0.0001456058920508,1.0153520473413342,1.0153520473413342,MC1_vs_CTR,1.0153520473413342,0.0001456058920508,up_in_tested,1,0,deg_fraction,True,particle_size_um,-0.1867202754883606,0.4176932392721358,0.7331959097856707,0.07777491630182848,,,,,1.0153520473413342,,,,,,0.0001456058920508,,,,,,up_in_tested,,3883,302,6,MA100_vs_CTR;MA100_vs_MA1;MA1_vs_CTR;MC100_vs_MC1;MC1_vs_CTR;MD1_vs_CTR,True,False
MAF1,ENSG00000179632,MAF1,MAF1,MAF1 negative regulator of RNA polymerase III,dimgrey,dimgrey,MC100_vs_MC1,1,1,0.0001476922619834,1.194640842260633,1.194640842260633,MC100_vs_MC1,-1.194640842260633,0.0001476922619834,down_in_tested,0,1,deg_fraction,True,particle_size_um,-0.1867202754883606,0.4176932392721358,0.7331959097856707,0.07777491630182848,,,,-1.194640842260633,,,,,,0.0001476922619834,,,,,,down_in_tested,,,3883,302,6,MA100_vs_CTR;MA100_vs_MA1;MA1_vs_CTR;MC100_vs_MC1;MC1_vs_CTR;MD1_vs_CTR,True,False
CLCN5,ENSG00000171365,CLCN5,CLCN5,Cl-/H+ antiporter 5,darkgrey,darkgrey,MC100_vs_MC1,1,1,0.0001476943113249,1.2140311515135656,1.2140311515135656,MC100_vs_MC1,-1.2140311515135656,0.0001476943113249,down_in_tested,0,1,module_trait;deg_fraction,True,particle_size_um,0.6222385633532055,0.0025949251469398,0.0591962437092721,0.06215554194733619,,,,-1.2140311515135656,,,,,,0.0001476943113249,,,,,,down_in_tested,,,3266,203,5,MA100_vs_CTR;MA100_vs_MA1;MC100_vs_MC1;MC1_vs_CTR;MD1_vs_CTR,True,True
PPA1,ENSG00000180817,PPA1,PPA1,inorganic pyrophosphatase 1,dimgrey,dimgrey,MC100_vs_MC1;MC1_vs_CTR,2,2,0.0001515291238586,1.109496064895947,1.0823117322645932,MC100_vs_MC1,1.109496064895947,0.0001515291238586,up_in_tested,1,1,deg_fraction,True,particle_size_um,-0.1867202754883606,0.4176932392721358,0.7331959097856707,0.07777491630182848,,,,1.109496064895947,-1.055127399633239,,,,,0.0001515291238586,0.0005158061171822,,,,,up_in_tested,down_in_tested,,3883,302,6,MA100_vs_CTR;MA100_vs_MA1;MA1_vs_CTR;MC100_vs_MC1;MC1_vs_CTR;MD1_vs_CTR,True,False
SPRED2,ENSG00000198369,SPRED2,SPRED2,sprouty related EVH1 domain containing 2,mistyrose,mistyrose,MC1_vs_CTR,1,1,0.0001533087251967,1.1229060424354609,1.1229060424354609,MC1_vs_CTR,-1.1229060424354609,0.0001533087251967,down_in_tested,0,1,deg_fraction,True,particle_size_um,-0.3310821963795144,0.1426416782130668,0.5170760835223672,0.01784037558685446,,,,,-1.1229060424354609,,,,,,0.0001533087251967,,,,,,down_in_tested,,2130,38,3,MA100_vs_CTR;MC100_vs_MC1;MC1_vs_CTR,True,False
TAGLN2,ENSG00000158710,TAGLN2,TAGLN2,transgelin 2,darkgrey,darkgrey,MC100_vs_MC1,1,1,0.0001548905872286,1.3668285674480267,1.3668285674480267,MC100_vs_MC1,-1.3668285674480267,0.0001548905872286,down_in_tested,0,1,module_trait;deg_fraction,True,particle_size_um,0.6222385633532055,0.0025949251469398,0.0591962437092721,0.06215554194733619,,,,-1.3668285674480267,,,,,,0.0001548905872286,,,,,,down_in_tested,,,3266,203,5,MA100_vs_CTR;MA100_vs_MA1;MC100_vs_MC1;MC1_vs_CTR;MD1_vs_CTR,True,True
PSMC1,ENSG00000100764,PSMC1,PSMC1,"proteasome 26S subunit, ATPase 1",gainsboro,gainsboro,MA100_vs_CTR;MC100_vs_MC1;MC1_vs_CTR,3,3,0.000155335485982,1.6095657152019516,1.3107490072506964,MC100_vs_MC1,-1.6095657152019516,0.000155335485982,down_in_tested,2,1,deg_fraction,True,particle_size_um,-0.2764543534617769,0.2250855359964076,0.5934073221723475,0.04092526690391459,1.1586770203325487,,,-1.6095657152019516,1.1640042862175892,,0.0121528687736536,,,0.000155335485982,0.0105328279071967,,up_in_tested,,,down_in_tested,up_in_tested,,1124,46,6,MA100_vs_CTR;MA100_vs_MA1;MA1_vs_CTR;MC100_vs_MC1;MC1_vs_CTR;MD1_vs_CTR,True,False
CCM2,ENSG00000136280,CCM2,CCM2,CCM2 scaffold protein,darkgrey,darkgrey,MC100_vs_MC1,1,1,0.0001688701553389,1.03383560992803,1.03383560992803,MC100_vs_MC1,-1.03383560992803,0.0001688701553389,down_in_tested,0,1,module_trait;deg_fraction,True,particle_size_um,0.6222385633532055,0.0025949251469398,0.0591962437092721,0.06215554194733619,,,,-1.03383560992803,,,,,,0.0001688701553389,,,,,,down_in_tested,,,3266,203,5,MA100_vs_CTR;MA100_vs_MA1;MC100_vs_MC1;MC1_vs_CTR;MD1_vs_CTR,True,True
ZNF428,ENSG00000131116,ZNF428,ZNF428,zinc finger protein 428,dimgrey,dimgrey,MC100_vs_MC1,1,1,0.0001701313584681,1.5989514974253822,1.5989514974253822,MC100_vs_MC1,-1.5989514974253822,0.0001701313584681,down_in_tested,0,1,deg_fraction,True,particle_size_um,-0.1867202754883606,0.4176932392721358,0.7331959097856707,0.07777491630182848,,,,-1.5989514974253822,,,,,,0.0001701313584681,,,,,,down_in_tested,,,3883,302,6,MA100_vs_CTR;MA100_vs_MA1;MA1_vs_CTR;MC100_vs_MC1;MC1_vs_CTR;MD1_vs_CTR,True,False
MEA1,ENSG00000124733,MEA1,MEA1,male-enhanced antigen 1,dimgrey,dimgrey,MC100_vs_MC1;MC1_vs_CTR;MD1_vs_CTR,3,3,0.0001722345065232,1.6173596438366584,1.288927640609243,MC100_vs_MC1,1.6173596438366584,0.0001722345065232,up_in_tested,1,2,deg_fraction,True,particle_size_um,-0.1867202754883606,0.4176932392721358,0.7331959097856707,0.07777491630182848,,,,1.6173596438366584,-1.0755687832845642,-1.1738544947065064,,,,0.0001722345065232,0.0216022213444939,0.0129852303235028,,,,up_in_tested,down_in_tested,down_in_tested,3883,302,6,MA100_vs_CTR;MA100_vs_MA1;MA1_vs_CTR;MC100_vs_MC1;MC1_vs_CTR;MD1_vs_CTR,True,False
PRDX2,ENSG00000167815,PRDX2,PRDX2,peroxiredoxin 2,dimgrey,dimgrey,MC100_vs_MC1,1,1,0.0001761843786678,1.8974085861466785,1.8974085861466785,MC100_vs_MC1,1.8974085861466785,0.0001761843786678,up_in_tested,1,0,deg_fraction,True,particle_size_um,-0.1867202754883606,0.4176932392721358,0.7331959097856707,0.07777491630182848,,,,1.8974085861466785,,,,,,0.0001761843786678,,,,,,up_in_tested,,,3883,302,6,MA100_vs_CTR;MA100_vs_MA1;MA1_vs_CTR;MC100_vs_MC1;MC1_vs_CTR;MD1_vs_CTR,True,False
TWF2,ENSG00000247596,TWF2,TWF2,twinfilin actin binding protein 2,dimgrey,dimgrey,MC100_vs_MC1,1,1,0.0001810659918521,1.4429639036721091,1.4429639036721091,MC100_vs_MC1,-1.4429639036721091,0.0001810659918521,down_in_tested,0,1,deg_fraction,True,particle_size_um,-0.1867202754883606,0.4176932392721358,0.7331959097856707,0.07777491630182848,,,,-1.4429639036721091,,,,,,0.0001810659918521,,,,,,down_in_tested,,,3883,302,6,MA100_vs_CTR;MA100_vs_MA1;MA1_vs_CTR;MC100_vs_MC1;MC1_vs_CTR;MD1_vs_CTR,True,False
ATXN2L,ENSG00000168488,ATXN2L,ATXN2L,ataxin 2 like,darkgrey,darkgrey,MA100_vs_CTR;MC100_vs_MC1;MC1_vs_CTR;MD1_vs_CTR,4,4,0.0001828660002349,2.385614269851737,1.8167225575968138,MC100_vs_MC1,-2.385614269851737,0.0001828660002349,down_in_tested,3,1,module_trait;deg_fraction,True,particle_size_um,0.6222385633532055,0.0025949251469398,0.0591962437092721,0.06215554194733619,1.7036978809009635,,,-2.385614269851737,1.5905944038324646,1.58698367580209,0.0136270923001442,,,0.0001828660002349,0.0203746790334658,0.0229351994017323,up_in_tested,,,down_in_tested,up_in_tested,up_in_tested,3266,203,5,MA100_vs_CTR;MA100_vs_MA1;MC100_vs_MC1;MC1_vs_CTR;MD1_vs_CTR,True,True
ACAN,ENSG00000157766,ACAN,ACAN,aggrecan,dimgrey,dimgrey,MA100_vs_CTR;MC100_vs_MC1;MC1_vs_CTR;MD1_vs_CTR,4,4,0.0001925297966244,1.7561505955625258,1.4806342925211338,MC1_vs_CTR,1.7561505955625258,0.0001925297966244,up_in_tested,3,1,deg_fraction,True,particle_size_um,-0.1867202754883606,0.4176932392721358,0.7331959097856707,0.07777491630182848,1.5857137656508935,,,-1.2587574180810173,1.7561505955625258,1.3219153907900985,0.0010959953489893,,,0.0075344632290421,0.0001925297966244,0.0075021622464327,up_in_tested,,,down_in_tested,up_in_tested,up_in_tested,3883,302,6,MA100_vs_CTR;MA100_vs_MA1;MA1_vs_CTR;MC100_vs_MC1;MC1_vs_CTR;MD1_vs_CTR,True,False
LRP8,ENSG00000157193,LRP8,LRP8,LDL receptor related protein 8,dimgrey,dimgrey,MA100_vs_CTR;MC1_vs_CTR,2,2,0.0001949121787836,1.1959821545189542,1.1200402994681082,MA100_vs_CTR,1.1959821545189542,0.0001949121787836,up_in_tested,2,0,deg_fraction,True,particle_size_um,-0.1867202754883606,0.4176932392721358,0.7331959097856707,0.07777491630182848,1.1959821545189542,,,,1.0440984444172623,,0.0001949121787836,,,,0.001063842701696,,up_in_tested,,,,up_in_tested,,3883,302,6,MA100_vs_CTR;MA100_vs_MA1;MA1_vs_CTR;MC100_vs_MC1;MC1_vs_CTR;MD1_vs_CTR,True,False
FOS,ENSG00000170345,FOS,FOS,"Fos proto-oncogene, AP-1 transcription factor subunit",darkgrey,darkgrey,MA100_vs_MA1,1,1,0.0001955667664209,1.532671333933528,1.532671333933528,MA100_vs_MA1,1.532671333933528,0.0001955667664209,up_in_tested,1,0,module_trait;deg_fraction,True,particle_size_um,0.6222385633532055,0.0025949251469398,0.0591962437092721,0.06215554194733619,,1.532671333933528,,,,,,0.0001955667664209,,,,,,up_in_tested,,,,,3266,203,5,MA100_vs_CTR;MA100_vs_MA1;MC100_vs_MC1;MC1_vs_CTR;MD1_vs_CTR,True,True
NDUFB7,ENSG00000099795,NDUFB7,NDUFB7,NADH:ubiquinone oxidoreductase subunit B7,gainsboro,gainsboro,MA100_vs_MA1,1,1,0.0001955667664209,1.0772253218148062,1.0772253218148062,MA100_vs_MA1,1.0772253218148062,0.0001955667664209,up_in_tested,1,0,deg_fraction,True,particle_size_um,-0.2764543534617769,0.2250855359964076,0.5934073221723475,0.04092526690391459,,1.0772253218148062,,,,,,0.0001955667664209,,,,,,up_in_tested,,,,,1124,46,6,MA100_vs_CTR;MA100_vs_MA1;MA1_vs_CTR;MC100_vs_MC1;MC1_vs_CTR;MD1_vs_CTR,True,False
ZNF608,ENSG00000168916,ZNF608,ZNF608,zinc finger protein 608,darkgrey,darkgrey,MA100_vs_CTR;MC1_vs_CTR,2,2,0.0002038160306394,1.1862861749655098,1.148758984932564,MA100_vs_CTR,1.1862861749655098,0.0002038160306394,up_in_tested,2,0,module_trait;deg_fraction,True,particle_size_um,0.6222385633532055,0.0025949251469398,0.0591962437092721,0.06215554194733619,1.1862861749655098,,,,1.111231794899618,,0.0002038160306394,,,,0.0004243256353566,,up_in_tested,,,,up_in_tested,,3266,203,5,MA100_vs_CTR;MA100_vs_MA1;MC100_vs_MC1;MC1_vs_CTR;MD1_vs_CTR,True,True
BCL3,ENSG00000069399,BCL3,BCL3,BCL3 transcription coactivator,dimgrey,dimgrey,MC100_vs_MC1,1,1,0.0002128402429553,1.0396967781490625,1.0396967781490625,MC100_vs_MC1,-1.0396967781490625,0.0002128402429553,down_in_tested,0,1,deg_fraction,True,particle_size_um,-0.1867202754883606,0.4176932392721358,0.7331959097856707,0.07777491630182848,,,,-1.0396967781490625,,,,,,0.0002128402429553,,,,,,down_in_tested,,,3883,302,6,MA100_vs_CTR;MA100_vs_MA1;MA1_vs_CTR;MC100_vs_MC1;MC1_vs_CTR;MD1_vs_CTR,True,False
SLC39A3,ENSG00000141873,SLC39A3,SLC39A3,solute carrier family 39 member 3,darkgrey,darkgrey,MC100_vs_MC1,1,1,0.0002154293698066,1.0319541026656711,1.0319541026656711,MC100_vs_MC1,-1.0319541026656711,0.0002154293698066,down_in_tested,0,1,module_trait;deg_fraction,True,particle_size_um,0.6222385633532055,0.0025949251469398,0.0591962437092721,0.06215554194733619,,,,-1.0319541026656711,,,,,,0.0002154293698066,,,,,,down_in_tested,,,3266,203,5,MA100_vs_CTR;MA100_vs_MA1;MC100_vs_MC1;MC1_vs_CTR;MD1_vs_CTR,True,True
CLASRP,ENSG00000104859,CLASRP,CLASRP,CLK4 associating serine/arginine rich protein,darkgrey,darkgrey,MC100_vs_MC1,1,1,0.0002194076822358,1.284291783604157,1.284291783604157,MC100_vs_MC1,-1.284291783604157,0.0002194076822358,down_in_tested,0,1,module_trait;deg_fraction,True,particle_size_um,0.6222385633532055,0.0025949251469398,0.0591962437092721,0.06215554194733619,,,,-1.284291783604157,,,,,,0.0002194076822358,,,,,,down_in_tested,,,3266,203,5,MA100_vs_CTR;MA100_vs_MA1;MC100_vs_MC1;MC1_vs_CTR;MD1_vs_CTR,True,True
ZNF592,ENSG00000166716,ZNF592,ZNF592,zinc finger protein 592,darkgrey,darkgrey,MD1_vs_CTR,1,1,0.0002282026277219,1.065068414892817,1.065068414892817,MD1_vs_CTR,1.065068414892817,0.0002282026277219,up_in_tested,1,0,module_trait;deg_fraction,True,particle_size_um,0.6222385633532055,0.0025949251469398,0.0591962437092721,0.06215554194733619,,,,,,1.065068414892817,,,,,,0.0002282026277219,,,,,,up_in_tested,3266,203,5,MA100_vs_CTR;MA100_vs_MA1;MC100_vs_MC1;MC1_vs_CTR;MD1_vs_CTR,True,True
SH3BGRL3,ENSG00000142669,SH3BGRL3,SH3BGRL3,SH3 domain binding glutamate rich protein like 3,dimgrey,dimgrey,MA100_vs_CTR;MC100_vs_MC1;MC1_vs_CTR;MD1_vs_CTR,4,4,0.0002318087853179,1.5433293058434456,1.4137008207830606,MC100_vs_MC1,1.5433293058434456,0.0002318087853179,up_in_tested,1,3,deg_fraction,True,particle_size_um,-0.1867202754883606,0.4176932392721358,0.7331959097856707,0.07777491630182848,-1.296737098919434,,,1.5433293058434456,-1.4072445526727475,-1.4074923256966154,0.0036792133749254,,,0.0002318087853179,0.0012630513727096,0.0014172488226647,down_in_tested,,,up_in_tested,down_in_tested,down_in_tested,3883,302,6,MA100_vs_CTR;MA100_vs_MA1;MA1_vs_CTR;MC100_vs_MC1;MC1_vs_CTR;MD1_vs_CTR,True,False
RPS3,ENSG00000149273,RPS3,RPS3,ribosomal protein S3,dimgrey,dimgrey,MC100_vs_MC1,1,1,0.0002318087853179,1.0406444437707607,1.0406444437707607,MC100_vs_MC1,-1.0406444437707607,0.0002318087853179,down_in_tested,0,1,deg_fraction,True,particle_size_um,-0.1867202754883606,0.4176932392721358,0.7331959097856707,0.07777491630182848,,,,-1.0406444437707607,,,,,,0.0002318087853179,,,,,,down_in_tested,,,3883,302,6,MA100_vs_CTR;MA100_vs_MA1;MA1_vs_CTR;MC100_vs_MC1;MC1_vs_CTR;MD1_vs_CTR,True,False
RWDD2A,ENSG00000013392,RWDD2A,RWDD2A,RWD domain containing 2A,mistyrose,mistyrose,MC100_vs_MC1,1,1,0.0002391334636863,2.156904982139831,2.156904982139831,MC100_vs_MC1,2.156904982139831,0.0002391334636863,up_in_tested,1,0,deg_fraction,True,particle_size_um,-0.3310821963795144,0.1426416782130668,0.5170760835223672,0.01784037558685446,,,,2.156904982139831,,,,,,0.0002391334636863,,,,,,up_in_tested,,,2130,38,3,MA100_vs_CTR;MC100_vs_MC1;MC1_vs_CTR,True,False
ATP5MGL,ENSG00000249222,ATP5MGL,ATP5MGL,ATP synthase membrane subunit g like,dimgrey,dimgrey,MC100_vs_MC1,1,1,0.0002506760636031,1.114867413016776,1.114867413016776,MC100_vs_MC1,-1.114867413016776,0.0002506760636031,down_in_tested,0,1,deg_fraction,True,particle_size_um,-0.1867202754883606,0.4176932392721358,0.7331959097856707,0.07777491630182848,,,,-1.114867413016776,,,,,,0.0002506760636031,,,,,,down_in_tested,,,3883,302,6,MA100_vs_CTR;MA100_vs_MA1;MA1_vs_CTR;MC100_vs_MC1;MC1_vs_CTR;MD1_vs_CTR,True,False
TSSC4,ENSG00000184281,TSSC4,TSSC4,tumor suppressing subtransferable candidate 4,darkgrey,darkgrey,MC100_vs_MC1,1,1,0.000257246866241,1.1133895059948151,1.1133895059948151,MC100_vs_MC1,-1.1133895059948151,0.000257246866241,down_in_tested,0,1,module_trait;deg_fraction,True,particle_size_um,0.6222385633532055,0.0025949251469398,0.0591962437092721,0.06215554194733619,,,,-1.1133895059948151,,,,,,0.000257246866241,,,,,,down_in_tested,,,3266,203,5,MA100_vs_CTR;MA100_vs_MA1;MC100_vs_MC1;MC1_vs_CTR;MD1_vs_CTR,True,True
SEMA6D,ENSG00000137872,SEMA6D,SEMA6D,semaphorin 6D,dimgrey,dimgrey,MC1_vs_CTR,1,1,0.0002769605256798,1.1694115550797533,1.1694115550797533,MC1_vs_CTR,-1.1694115550797533,0.0002769605256798,down_in_tested,0,1,deg_fraction,True,particle_size_um,-0.1867202754883606,0.4176932392721358,0.7331959097856707,0.07777491630182848,,,,,-1.1694115550797533,,,,,,0.0002769605256798,,,,,,down_in_tested,,3883,302,6,MA100_vs_CTR;MA100_vs_MA1;MA1_vs_CTR;MC100_vs_MC1;MC1_vs_CTR;MD1_vs_CTR,True,False
GIT1,ENSG00000108262,GIT1,GIT1,GIT ArfGAP 1,dimgrey,dimgrey,MC100_vs_MC1,1,1,0.0002772087901112,1.3092814276087417,1.3092814276087417,MC100_vs_MC1,-1.3092814276087417,0.0002772087901112,down_in_tested,0,1,deg_fraction,True,particle_size_um,-0.1867202754883606,0.4176932392721358,0.7331959097856707,0.07777491630182848,,,,-1.3092814276087417,,,,,,0.0002772087901112,,,,,,down_in_tested,,,3883,302,6,MA100_vs_CTR;MA100_vs_MA1;MA1_vs_CTR;MC100_vs_MC1;MC1_vs_CTR;MD1_vs_CTR,True,False
TPCN2,ENSG00000162341,TPCN2,TPCN2,two pore segment channel 2,darkgrey,darkgrey,MC100_vs_MC1;MC1_vs_CTR,2,2,0.000287946727641,1.2947465605186033,1.1792495503885871,MC100_vs_MC1,-1.2947465605186033,0.000287946727641,down_in_tested,1,1,module_trait;deg_fraction,True,particle_size_um,0.6222385633532055,0.0025949251469398,0.0591962437092721,0.06215554194733619,,,,-1.2947465605186033,1.0637525402585708,,,,,0.000287946727641,0.0045518036509024,,,,,down_in_tested,up_in_tested,,3266,203,5,MA100_vs_CTR;MA100_vs_MA1;MC100_vs_MC1;MC1_vs_CTR;MD1_vs_CTR,True,True
GARRE1,ENSG00000166398,GARRE1,GARRE1,granule associated Rac and RHOG effector 1,darkgrey,darkgrey,MA100_vs_CTR;MC100_vs_MC1;MC1_vs_CTR,3,3,0.000291178545699,1.959319343595013,1.594458722384975,MC1_vs_CTR,1.959319343595013,0.000291178545699,up_in_tested,2,1,module_trait;deg_fraction,True,particle_size_um,0.6222385633532055,0.0025949251469398,0.0591962437092721,0.06215554194733619,1.7950931415233229,,,-1.0289636820365895,1.959319343595013,,0.0012495127636504,,,0.0719754093948233,0.000291178545699,,up_in_tested,,,down_in_tested,up_in_tested,,3266,203,5,MA100_vs_CTR;MA100_vs_MA1;MC100_vs_MC1;MC1_vs_CTR;MD1_vs_CTR,True,True
SLC7A5,ENSG00000103257,SLC7A5,SLC7A5,solute carrier family 7 member 5,dimgrey,dimgrey,MC100_vs_MC1,1,1,0.0002951343736774,1.0318947094329394,1.0318947094329394,MC100_vs_MC1,-1.0318947094329394,0.0002951343736774,down_in_tested,0,1,deg_fraction,True,particle_size_um,-0.1867202754883606,0.4176932392721358,0.7331959097856707,0.07777491630182848,,,,-1.0318947094329394,,,,,,0.0002951343736774,,,,,,down_in_tested,,,3883,302,6,MA100_vs_CTR;MA100_vs_MA1;MA1_vs_CTR;MC100_vs_MC1;MC1_vs_CTR;MD1_vs_CTR,True,False
SH3PXD2B,ENSG00000174705,SH3PXD2B,SH3PXD2B,SH3 and PX domains 2B,darkgrey,darkgrey,MC1_vs_CTR;MD1_vs_CTR,2,2,0.000298855360467,1.1366175114858348,1.0906919083409257,MD1_vs_CTR,1.1366175114858348,0.000298855360467,up_in_tested,2,0,module_trait;deg_fraction,True,particle_size_um,0.6222385633532055,0.0025949251469398,0.0591962437092721,0.06215554194733619,,,,,1.0447663051960163,1.1366175114858348,,,,,0.0009138498816035,0.000298855360467,,,,,up_in_tested,up_in_tested,3266,203,5,MA100_vs_CTR;MA100_vs_MA1;MC100_vs_MC1;MC1_vs_CTR;MD1_vs_CTR,True,True
MCCC2,ENSG00000131844,MCCC2,MCCC2,methylcrotonyl-CoA carboxylase subunit 2,dimgrey,dimgrey,MC1_vs_CTR,1,1,0.0003069334242202,1.0927037420021726,1.0927037420021726,MC1_vs_CTR,-1.0927037420021726,0.0003069334242202,down_in_tested,0,1,deg_fraction,True,particle_size_um,-0.1867202754883606,0.4176932392721358,0.7331959097856707,0.07777491630182848,,,,,-1.0927037420021726,,,,,,0.0003069334242202,,,,,,down_in_tested,,3883,302,6,MA100_vs_CTR;MA100_vs_MA1;MA1_vs_CTR;MC100_vs_MC1;MC1_vs_CTR;MD1_vs_CTR,True,False
SELENOW,ENSG00000178980,SELENOW,SELENOW,selenoprotein W,darkgrey,darkgrey,MC100_vs_MC1,1,1,0.0003076426375398,1.0534710172557833,1.0534710172557833,MC100_vs_MC1,-1.0534710172557833,0.0003076426375398,down_in_tested,0,1,module_trait;deg_fraction,True,particle_size_um,0.6222385633532055,0.0025949251469398,0.0591962437092721,0.06215554194733619,,,,-1.0534710172557833,,,,,,0.0003076426375398,,,,,,down_in_tested,,,3266,203,5,MA100_vs_CTR;MA100_vs_MA1;MC100_vs_MC1;MC1_vs_CTR;MD1_vs_CTR,True,True
UBR4,ENSG00000127481,UBR4,UBR4,ubiquitin protein ligase E3 component n-recognin 4,gainsboro,gainsboro,MC1_vs_CTR,1,1,0.0003332796314424,1.0109728886053162,1.0109728886053162,MC1_vs_CTR,1.0109728886053162,0.0003332796314424,up_in_tested,1,0,deg_fraction,True,particle_size_um,-0.2764543534617769,0.2250855359964076,0.5934073221723475,0.04092526690391459,,,,,1.0109728886053162,,,,,,0.0003332796314424,,,,,,up_in_tested,,1124,46,6,MA100_vs_CTR;MA100_vs_MA1;MA1_vs_CTR;MC100_vs_MC1;MC1_vs_CTR;MD1_vs_CTR,True,False
COA6,ENSG00000168275,COA6,COA6,cytochrome c oxidase assembly factor 6,dimgrey,dimgrey,MA100_vs_CTR;MC1_vs_CTR,2,2,0.0003360490823765,1.0878360307805122,1.047350871082341,MC1_vs_CTR,-1.0878360307805122,0.0003360490823765,down_in_tested,0,2,deg_fraction,True,particle_size_um,-0.1867202754883606,0.4176932392721358,0.7331959097856707,0.07777491630182848,-1.0068657113841697,,,,-1.0878360307805122,,0.0012092160468827,,,,0.0003360490823765,,down_in_tested,,,,down_in_tested,,3883,302,6,MA100_vs_CTR;MA100_vs_MA1;MA1_vs_CTR;MC100_vs_MC1;MC1_vs_CTR;MD1_vs_CTR,True,False
UPF2,ENSG00000151461,UPF2,UPF2,UPF2 regulator of nonsense mediated mRNA decay,gainsboro,gainsboro,MD1_vs_CTR,1,1,0.0003400175017535,1.0404907770852128,1.0404907770852128,MD1_vs_CTR,-1.0404907770852128,0.0003400175017535,down_in_tested,0,1,deg_fraction,True,particle_size_um,-0.2764543534617769,0.2250855359964076,0.5934073221723475,0.04092526690391459,,,,,,-1.0404907770852128,,,,,,0.0003400175017535,,,,,,down_in_tested,1124,46,6,MA100_vs_CTR;MA100_vs_MA1;MA1_vs_CTR;MC100_vs_MC1;MC1_vs_CTR;MD1_vs_CTR,True,False
TRAPPC2B,ENSG00000256060,TRAPPC2B,TRAPPC2B,trafficking protein particle complex subunit 2B,dimgrey,dimgrey,MC100_vs_MC1;MC1_vs_CTR,2,2,0.0003488401630948,1.5300944858690844,1.3071657392294138,MC100_vs_MC1,1.5300944858690844,0.0003488401630948,up_in_tested,1,1,deg_fraction,True,particle_size_um,-0.1867202754883606,0.4176932392721358,0.7331959097856707,0.07777491630182848,,,,1.5300944858690844,-1.0842369925897433,,,,,0.0003488401630948,0.0193464907855886,,,,,up_in_tested,down_in_tested,,3883,302,6,MA100_vs_CTR;MA100_vs_MA1;MA1_vs_CTR;MC100_vs_MC1;MC1_vs_CTR;MD1_vs_CTR,True,False
TUBB4B,ENSG00000188229,TUBB4B,TUBB4B,tubulin beta 4B class IVb,dimgrey,dimgrey,MC100_vs_MC1;MC1_vs_CTR,2,2,0.00036190292173,1.398005189323853,1.2980625166597395,MC100_vs_MC1,1.398005189323853,0.00036190292173,up_in_tested,1,1,deg_fraction,True,particle_size_um,-0.1867202754883606,0.4176932392721358,0.7331959097856707,0.07777491630182848,,,,1.398005189323853,-1.198119843995626,,,,,0.00036190292173,0.0035262242023024,,,,,up_in_tested,down_in_tested,,3883,302,6,MA100_vs_CTR;MA100_vs_MA1;MA1_vs_CTR;MC100_vs_MC1;MC1_vs_CTR;MD1_vs_CTR,True,False
SDF2L1,ENSG00000128228,SDF2L1,SDF2L1,stromal cell derived factor 2 like 1,darkgrey,darkgrey,MC100_vs_MC1,1,1,0.00036190292173,1.1929094763317456,1.1929094763317456,MC100_vs_MC1,-1.1929094763317456,0.00036190292173,down_in_tested,0,1,module_trait;deg_fraction,True,particle_size_um,0.6222385633532055,0.0025949251469398,0.0591962437092721,0.06215554194733619,,,,-1.1929094763317456,,,,,,0.00036190292173,,,,,,down_in_tested,,,3266,203,5,MA100_vs_CTR;MA100_vs_MA1;MC100_vs_MC1;MC1_vs_CTR;MD1_vs_CTR,True,True
S1PR3,ENSG00000213694,S1PR3,S1PR3,sphingosine-1-phosphate receptor 3,dimgrey,dimgrey,MA100_vs_CTR,1,1,0.0003730261168477,1.051584815891507,1.051584815891507,MA100_vs_CTR,-1.051584815891507,0.0003730261168477,down_in_tested,0,1,deg_fraction,True,particle_size_um,-0.1867202754883606,0.4176932392721358,0.7331959097856707,0.07777491630182848,-1.051584815891507,,,,,,0.0003730261168477,,,,,,down_in_tested,,,,,,3883,302,6,MA100_vs_CTR;MA100_vs_MA1;MA1_vs_CTR;MC100_vs_MC1;MC1_vs_CTR;MD1_vs_CTR,True,False
RING1,ENSG00000204227,RING1,RING1,ring finger protein 1,dimgrey,dimgrey,MC100_vs_MC1,1,1,0.0003743733780288,1.7899325096911225,1.7899325096911225,MC100_vs_MC1,1.7899325096911225,0.0003743733780288,up_in_tested,1,0,deg_fraction,True,particle_size_um,-0.1867202754883606,0.4176932392721358,0.7331959097856707,0.07777491630182848,,,,1.7899325096911225,,,,,,0.0003743733780288,,,,,,up_in_tested,,,3883,302,6,MA100_vs_CTR;MA100_vs_MA1;MA1_vs_CTR;MC100_vs_MC1;MC1_vs_CTR;MD1_vs_CTR,True,False
H4C3,ENSG00000197061,H4C3,H4C3,H4 clustered histone 3,gainsboro,gainsboro,MA100_vs_CTR;MC100_vs_MC1;MC1_vs_CTR,3,3,0.0003784822051655,1.7199076999851797,1.6651083368855637,MC100_vs_MC1,-1.7199076999851797,0.0003784822051655,down_in_tested,2,1,deg_fraction,True,particle_size_um,-0.2764543534617769,0.2250855359964076,0.5934073221723475,0.04092526690391459,1.6825407809989406,,,-1.7199076999851797,1.592876529672571,,0.0009589004535511,,,0.0003784822051655,0.0015343229347401,,up_in_tested,,,down_in_tested,up_in_tested,,1124,46,6,MA100_vs_CTR;MA100_vs_MA1;MA1_vs_CTR;MC100_vs_MC1;MC1_vs_CTR;MD1_vs_CTR,True,False
REV1,ENSG00000135945,REV1,REV1,REV1 DNA directed polymerase,darkgrey,darkgrey,MA100_vs_CTR,1,1,0.0003970162612316,1.1598015278603135,1.1598015278603135,MA100_vs_CTR,1.1598015278603135,0.0003970162612316,up_in_tested,1,0,module_trait;deg_fraction,True,particle_size_um,0.6222385633532055,0.0025949251469398,0.0591962437092721,0.06215554194733619,1.1598015278603135,,,,,,0.0003970162612316,,,,,,up_in_tested,,,,,,3266,203,5,MA100_vs_CTR;MA100_vs_MA1;MC100_vs_MC1;MC1_vs_CTR;MD1_vs_CTR,True,True
KXD1,ENSG00000105700,KXD1,KXD1,KxDL motif containing 1,dimgrey,dimgrey,MA100_vs_CTR;MC100_vs_MC1;MC1_vs_CTR;MD1_vs_CTR,4,4,0.0003989972721529,1.6796734823443809,1.3385888919230693,MA100_vs_CTR,-1.6796734823443809,0.0003989972721529,down_in_tested,1,3,deg_fraction,True,particle_size_um,-0.1867202754883606,0.4176932392721358,0.7331959097856707,0.07777491630182848,-1.6796734823443809,,,1.2208207992969982,-1.2879226107558135,-1.1659386752950842,0.0003989972721529,,,0.0089915217823583,0.0064782376096843,0.0165276388750725,down_in_tested,,,up_in_tested,down_in_tested,down_in_tested,3883,302,6,MA100_vs_CTR;MA100_vs_MA1;MA1_vs_CTR;MC100_vs_MC1;MC1_vs_CTR;MD1_vs_CTR,True,False
NAP1L4,ENSG00000205531,NAP1L4,NAP1L4,nucleosome assembly protein 1 like 4,gainsboro,gainsboro,MA100_vs_CTR;MC1_vs_CTR,2,2,0.0004044373599413,1.083640003680144,1.06401942496933,MA100_vs_CTR,1.083640003680144,0.0004044373599413,up_in_tested,2,0,deg_fraction,True,particle_size_um,-0.2764543534617769,0.2250855359964076,0.5934073221723475,0.04092526690391459,1.083640003680144,,,,1.0443988462585163,,0.0004044373599413,,,,0.0005560487495615,,up_in_tested,,,,up_in_tested,,1124,46,6,MA100_vs_CTR;MA100_vs_MA1;MA1_vs_CTR;MC100_vs_MC1;MC1_vs_CTR;MD1_vs_CTR,True,False
JMJD8,ENSG00000161999,JMJD8,JMJD8,jumonji domain containing 8,darkgrey,darkgrey,MC100_vs_MC1,1,1,0.0004170486604571,1.2083437185554236,1.2083437185554236,MC100_vs_MC1,-1.2083437185554236,0.0004170486604571,down_in_tested,0,1,module_trait;deg_fraction,True,particle_size_um,0.6222385633532055,0.0025949251469398,0.0591962437092721,0.06215554194733619,,,,-1.2083437185554236,,,,,,0.0004170486604571,,,,,,down_in_tested,,,3266,203,5,MA100_vs_CTR;MA100_vs_MA1;MC100_vs_MC1;MC1_vs_CTR;MD1_vs_CTR,True,True
TP53I13,ENSG00000167543,TP53I13,TP53I13,tumor protein p53 inducible protein 13,darkgrey,darkgrey,MC100_vs_MC1,1,1,0.0004413082548688,1.1940166624339783,1.1940166624339783,MC100_vs_MC1,-1.1940166624339783,0.0004413082548688,down_in_tested,0,1,module_trait;deg_fraction,True,particle_size_um,0.6222385633532055,0.0025949251469398,0.0591962437092721,0.06215554194733619,,,,-1.1940166624339783,,,,,,0.0004413082548688,,,,,,down_in_tested,,,3266,203,5,MA100_vs_CTR;MA100_vs_MA1;MC100_vs_MC1;MC1_vs_CTR;MD1_vs_CTR,True,True
BANF1,ENSG00000175334,BANF1,BANF1,barrier to autointegration nuclear assembly factor 1,dimgrey,dimgrey,MA100_vs_CTR,1,1,0.0004553779293649,1.0337232422294855,1.0337232422294855,MA100_vs_CTR,-1.0337232422294855,0.0004553779293649,down_in_tested,0,1,deg_fraction,True,particle_size_um,-0.1867202754883606,0.4176932392721358,0.7331959097856707,0.07777491630182848,-1.0337232422294855,,,,,,0.0004553779293649,,,,,,down_in_tested,,,,,,3883,302,6,MA100_vs_CTR;MA100_vs_MA1;MA1_vs_CTR;MC100_vs_MC1;MC1_vs_CTR;MD1_vs_CTR,True,False
HECW1,ENSG00000002746,HECW1,HECW1,"HECT, C2 and WW domain containing E3 ubiquitin protein ligase 1",dimgrey,dimgrey,MC100_vs_MC1,1,1,0.0004684850181854,4.301564128863957,4.301564128863957,MC100_vs_MC1,4.301564128863957,0.0004684850181854,up_in_tested,1,0,deg_fraction,True,particle_size_um,-0.1867202754883606,0.4176932392721358,0.7331959097856707,0.07777491630182848,,,,4.301564128863957,,,,,,0.0004684850181854,,,,,,up_in_tested,,,3883,302,6,MA100_vs_CTR;MA100_vs_MA1;MA1_vs_CTR;MC100_vs_MC1;MC1_vs_CTR;MD1_vs_CTR,True,False
CUL2,ENSG00000108094,CUL2,CUL2,cullin 2,dimgrey,dimgrey,MC100_vs_MC1,1,1,0.0004830998617977,1.081214090586289,1.081214090586289,MC100_vs_MC1,1.081214090586289,0.0004830998617977,up_in_tested,1,0,deg_fraction,True,particle_size_um,-0.1867202754883606,0.4176932392721358,0.7331959097856707,0.07777491630182848,,,,1.081214090586289,,,,,,0.0004830998617977,,,,,,up_in_tested,,,3883,302,6,MA100_vs_CTR;MA100_vs_MA1;MA1_vs_CTR;MC100_vs_MC1;MC1_vs_CTR;MD1_vs_CTR,True,False
TAMALIN,ENSG00000161835,TAMALIN,TAMALIN,trafficking regulator and scaffold protein tamalin,darkgrey,darkgrey,MC100_vs_MC1;MD1_vs_CTR,2,2,0.0004850206608714,1.4998917699424137,1.2724385646704195,MC100_vs_MC1,-1.4998917699424137,0.0004850206608714,down_in_tested,1,1,module_trait;deg_fraction,True,particle_size_um,0.6222385633532055,0.0025949251469398,0.0591962437092721,0.06215554194733619,,,,-1.4998917699424137,,1.0449853593984253,,,,0.0004850206608714,,0.0252170073490586,,,,down_in_tested,,up_in_tested,3266,203,5,MA100_vs_CTR;MA100_vs_MA1;MC100_vs_MC1;MC1_vs_CTR;MD1_vs_CTR,True,True
ATP5MK,ENSG00000173915,ATP5MK,ATP5MK,ATP synthase membrane subunit k,dimgrey,dimgrey,MA100_vs_CTR;MC100_vs_MC1;MC1_vs_CTR,3,3,0.0004850206608714,1.164135470811702,1.0936777826430413,MC100_vs_MC1,1.164135470811702,0.0004850206608714,up_in_tested,1,2,deg_fraction,True,particle_size_um,-0.1867202754883606,0.4176932392721358,0.7331959097856707,0.07777491630182848,-1.0297043308872131,,,1.164135470811702,-1.087193546230209,,0.0035898165843955,,,0.0004850206608714,0.0016877822487184,,down_in_tested,,,up_in_tested,down_in_tested,,3883,302,6,MA100_vs_CTR;MA100_vs_MA1;MA1_vs_CTR;MC100_vs_MC1;MC1_vs_CTR;MD1_vs_CTR,True,False
ST6GALNAC4,ENSG00000136840,ST6GALNAC4,ST6GALNAC4,"ST6 N-acetylgalactosaminide alpha-2,6-sialyltransferase 4",darkgrey,darkgrey,MC100_vs_MC1,1,1,0.0004870822438785,1.014991047190245,1.014991047190245,MC100_vs_MC1,-1.014991047190245,0.0004870822438785,down_in_tested,0,1,module_trait;deg_fraction,True,particle_size_um,0.6222385633532055,0.0025949251469398,0.0591962437092721,0.06215554194733619,,,,-1.014991047190245,,,,,,0.0004870822438785,,,,,,down_in_tested,,,3266,203,5,MA100_vs_CTR;MA100_vs_MA1;MC100_vs_MC1;MC1_vs_CTR;MD1_vs_CTR,True,True
SQSTM1,ENSG00000161011,SQSTM1,SQSTM1,sequestosome 1,dimgrey,dimgrey,MA100_vs_CTR;MC100_vs_MC1;MC1_vs_CTR;MD1_vs_CTR,4,4,0.0004894544078133,2.2254772977681223,1.9833489721092161,MD1_vs_CTR,2.2254772977681223,0.0004894544078133,up_in_tested,3,1,deg_fraction,True,particle_size_um,-0.1867202754883606,0.4176932392721358,0.7331959097856707,0.07777491630182848,1.956714642913748,,,-1.594999180506761,2.156204767248233,2.2254772977681223,0.0027605964947847,,,0.0133548646523474,0.0007113560462951,0.0004894544078133,up_in_tested,,,down_in_tested,up_in_tested,up_in_tested,3883,302,6,MA100_vs_CTR;MA100_vs_MA1;MA1_vs_CTR;MC100_vs_MC1;MC1_vs_CTR;MD1_vs_CTR,True,False
RAD51C,ENSG00000108384,RAD51C,RAD51C,RAD51 paralog C,dimgrey,dimgrey,MD1_vs_CTR,1,1,0.0004964264066796,1.008201905442725,1.008201905442725,MD1_vs_CTR,-1.008201905442725,0.0004964264066796,down_in_tested,0,1,deg_fraction,True,particle_size_um,-0.1867202754883606,0.4176932392721358,0.7331959097856707,0.07777491630182848,,,,,,-1.008201905442725,,,,,,0.0004964264066796,,,,,,down_in_tested,3883,302,6,MA100_vs_CTR;MA100_vs_MA1;MA1_vs_CTR;MC100_vs_MC1;MC1_vs_CTR;MD1_vs_CTR,True,False
PEX2,ENSG00000164751,PEX2,PEX2,peroxisomal biogenesis factor 2,mistyrose,mistyrose,MC100_vs_MC1;MC1_vs_CTR,2,2,0.0005689048274629,1.3151130524027188,1.2022985585436476,MC100_vs_MC1,1.3151130524027188,0.0005689048274629,up_in_tested,1,1,deg_fraction,True,particle_size_um,-0.3310821963795144,0.1426416782130668,0.5170760835223672,0.01784037558685446,,,,1.3151130524027188,-1.0894840646845765,,,,,0.0005689048274629,0.0069128835162734,,,,,up_in_tested,down_in_tested,,2130,38,3,MA100_vs_CTR;MC100_vs_MC1;MC1_vs_CTR,True,False
VAC14,ENSG00000103043,VAC14,VAC14,VAC14 component of PIKFYVE complex,dimgrey,dimgrey,MC100_vs_MC1;MC1_vs_CTR;MD1_vs_CTR,3,3,0.0005703115160484,1.3513937558518796,1.193172017882847,MC100_vs_MC1,1.3513937558518796,0.0005703115160484,up_in_tested,1,2,deg_fraction,True,particle_size_um,-0.1867202754883606,0.4176932392721358,0.7331959097856707,0.07777491630182848,,,,1.3513937558518796,-1.1930467282300423,-1.0350755695666194,,,,0.0005703115160484,0.0036264701729215,0.0146215344359269,,,,up_in_tested,down_in_tested,down_in_tested,3883,302,6,MA100_vs_CTR;MA100_vs_MA1;MA1_vs_CTR;MC100_vs_MC1;MC1_vs_CTR;MD1_vs_CTR,True,False
IMP3,ENSG00000177971,IMP3,IMP3,IMP U3 small nucleolar ribonucleoprotein 3,dimgrey,dimgrey,MA100_vs_CTR,1,1,0.0005872791175295,1.4143809139233112,1.4143809139233112,MA100_vs_CTR,-1.4143809139233112,0.0005872791175295,down_in_tested,0,1,deg_fraction,True,particle_size_um,-0.1867202754883606,0.4176932392721358,0.7331959097856707,0.07777491630182848,-1.4143809139233112,,,,,,0.0005872791175295,,,,,,down_in_tested,,,,,,3883,302,6,MA100_vs_CTR;MA100_vs_MA1;MA1_vs_CTR;MC100_vs_MC1;MC1_vs_CTR;MD1_vs_CTR,True,False
NRGN,ENSG00000154146,NRGN,NRGN,neurogranin,darkgrey,darkgrey,MC100_vs_MC1,1,1,0.0006006972162988,1.130171505130947,1.130171505130947,MC100_vs_MC1,-1.130171505130947,0.0006006972162988,down_in_tested,0,1,module_trait;deg_fraction,True,particle_size_um,0.6222385633532055,0.0025949251469398,0.0591962437092721,0.06215554194733619,,,,-1.130171505130947,,,,,,0.0006006972162988,,,,,,down_in_tested,,,3266,203,5,MA100_vs_CTR;MA100_vs_MA1;MC100_vs_MC1;MC1_vs_CTR;MD1_vs_CTR,True,True
TBCK,ENSG00000145348,TBCK,TBCK,TBC1 domain containing kinase,dimgrey,dimgrey,MC1_vs_CTR,1,1,0.0006275296912252,1.1203998351859357,1.1203998351859357,MC1_vs_CTR,-1.1203998351859357,0.0006275296912252,down_in_tested,0,1,deg_fraction,True,particle_size_um,-0.1867202754883606,0.4176932392721358,0.7331959097856707,0.07777491630182848,,,,,-1.1203998351859357,,,,,,0.0006275296912252,,,,,,down_in_tested,,3883,302,6,MA100_vs_CTR;MA100_vs_MA1;MA1_vs_CTR;MC100_vs_MC1;MC1_vs_CTR;MD1_vs_CTR,True,False
PTCHD4,ENSG00000244694,PTCHD4,PTCHD4,patched domain containing 4,mistyrose,mistyrose,MC100_vs_MC1,1,1,0.0006320504389866,3.186494493580774,3.186494493580774,MC100_vs_MC1,3.186494493580774,0.0006320504389866,up_in_tested,1,0,deg_fraction,True,particle_size_um,-0.3310821963795144,0.1426416782130668,0.5170760835223672,0.01784037558685446,,,,3.186494493580774,,,,,,0.0006320504389866,,,,,,up_in_tested,,,2130,38,3,MA100_vs_CTR;MC100_vs_MC1;MC1_vs_CTR,True,False
SLC66A1,ENSG00000040487,SLC66A1,SLC66A1,solute carrier family 66 member 1,dimgrey,dimgrey,MA100_vs_CTR,1,1,0.0006543156430476,1.1316217554078851,1.1316217554078851,MA100_vs_CTR,-1.1316217554078851,0.0006543156430476,down_in_tested,0,1,deg_fraction,True,particle_size_um,-0.1867202754883606,0.4176932392721358,0.7331959097856707,0.07777491630182848,-1.1316217554078851,,,,,,0.0006543156430476,,,,,,down_in_tested,,,,,,3883,302,6,MA100_vs_CTR;MA100_vs_MA1;MA1_vs_CTR;MC100_vs_MC1;MC1_vs_CTR;MD1_vs_CTR,True,False
RPE,ENSG00000197713,RPE,RPE,ribulose-5-phosphate-3-epimerase,dimgrey,dimgrey,MC1_vs_CTR,1,1,0.0006762103717633,1.0392348539761085,1.0392348539761085,MC1_vs_CTR,-1.0392348539761085,0.0006762103717633,down_in_tested,0,1,deg_fraction,True,particle_size_um,-0.1867202754883606,0.4176932392721358,0.7331959097856707,0.07777491630182848,,,,,-1.0392348539761085,,,,,,0.0006762103717633,,,,,,down_in_tested,,3883,302,6,MA100_vs_CTR;MA100_vs_MA1;MA1_vs_CTR;MC100_vs_MC1;MC1_vs_CTR;MD1_vs_CTR,True,False
EPN2,ENSG00000072134,EPN2,EPN2,epsin 2,gainsboro,gainsboro,MA100_vs_CTR;MC100_vs_MC1;MC1_vs_CTR;MD1_vs_CTR,4,4,0.000697086463313,1.4825297837733826,1.3541883649235158,MC100_vs_MC1,-1.4825297837733826,0.000697086463313,down_in_tested,3,1,deg_fraction,True,particle_size_um,-0.2764543534617769,0.2250855359964076,0.5934073221723475,0.04092526690391459,1.2453957837110043,,,-1.4825297837733826,1.408507108196839,1.280320784012837,0.0078363026397732,,,0.000697086463313,0.0018673119537639,0.0058621992932771,up_in_tested,,,down_in_tested,up_in_tested,up_in_tested,1124,46,6,MA100_vs_CTR;MA100_vs_MA1;MA1_vs_CTR;MC100_vs_MC1;MC1_vs_CTR;MD1_vs_CTR,True,False
ZNRD2,ENSG00000173465,ZNRD2,ZNRD2,zinc ribbon domain containing 2,mistyrose,mistyrose,MC100_vs_MC1,1,1,0.0007488908288146,1.0770355460903889,1.0770355460903889,MC100_vs_MC1,1.0770355460903889,0.0007488908288146,up_in_tested,1,0,deg_fraction,True,particle_size_um,-0.3310821963795144,0.1426416782130668,0.5170760835223672,0.01784037558685446,,,,1.0770355460903889,,,,,,0.0007488908288146,,,,,,up_in_tested,,,2130,38,3,MA100_vs_CTR;MC100_vs_MC1;MC1_vs_CTR,True,False
EMILIN1,ENSG00000138080,EMILIN1,EMILIN1,elastin microfibril interfacer 1,dimgrey,dimgrey,MC100_vs_MC1,1,1,0.0007707793162599,1.5198910877617902,1.5198910877617902,MC100_vs_MC1,-1.5198910877617902,0.0007707793162599,down_in_tested,0,1,deg_fraction,True,particle_size_um,-0.1867202754883606,0.4176932392721358,0.7331959097856707,0.07777491630182848,,,,-1.5198910877617902,,,,,,0.0007707793162599,,,,,,down_in_tested,,,3883,302,6,MA100_vs_CTR;MA100_vs_MA1;MA1_vs_CTR;MC100_vs_MC1;MC1_vs_CTR;MD1_vs_CTR,True,False
MT-ND1,ENSG00000198888,MT-ND1,MT-ND1,NADH dehydrogenase subunit 1,dimgrey,dimgrey,MA100_vs_CTR;MC100_vs_MC1;MC1_vs_CTR;MD1_vs_CTR,4,4,0.0007905955351937,1.33200745698376,1.2425691052289671,MD1_vs_CTR,-1.33200745698376,0.0007905955351937,down_in_tested,1,3,deg_fraction,True,particle_size_um,-0.1867202754883606,0.4176932392721358,0.7331959097856707,0.07777491630182848,-1.23594938916565,,,1.08399304150023,-1.3183265332662286,-1.33200745698376,0.0021540634970847,,,0.0060218371038078,0.0008150921327262,0.0007905955351937,down_in_tested,,,up_in_tested,down_in_tested,down_in_tested,3883,302,6,MA100_vs_CTR;MA100_vs_MA1;MA1_vs_CTR;MC100_vs_MC1;MC1_vs_CTR;MD1_vs_CTR,True,False
DDX19B,ENSG00000157349,DDX19B,DDX19B,DEAD-box helicase 19B,dimgrey,dimgrey,MC100_vs_MC1;MC1_vs_CTR,2,2,0.0007978492330413,1.986694627130674,1.7481645012219598,MC1_vs_CTR,-1.986694627130674,0.0007978492330413,down_in_tested,1,1,deg_fraction,True,particle_size_um,-0.1867202754883606,0.4176932392721358,0.7331959097856707,0.07777491630182848,,,,1.5096343753132455,-1.986694627130674,,,,,0.0121668074829539,0.0007978492330413,,,,,up_in_tested,down_in_tested,,3883,302,6,MA100_vs_CTR;MA100_vs_MA1;MA1_vs_CTR;MC100_vs_MC1;MC1_vs_CTR;MD1_vs_CTR,True,False
DDOST,ENSG00000244038,DDOST,DDOST,dolichyl-diphosphooligosaccharide--protein glycosyltransferase non-catalytic subunit,dimgrey,dimgrey,MC100_vs_MC1;MC1_vs_CTR,2,2,0.0008717804115223,1.838634118370709,1.6578000964575383,MC1_vs_CTR,-1.838634118370709,0.0008717804115223,down_in_tested,1,1,deg_fraction,True,particle_size_um,-0.1867202754883606,0.4176932392721358,0.7331959097856707,0.07777491630182848,,,,1.476966074544368,-1.838634118370709,,,,,0.0080051650023934,0.0008717804115223,,,,,up_in_tested,down_in_tested,,3883,302,6,MA100_vs_CTR;MA100_vs_MA1;MA1_vs_CTR;MC100_vs_MC1;MC1_vs_CTR;MD1_vs_CTR,True,False
FBXO28,ENSG00000143756,FBXO28,FBXO28,F-box protein 28,mistyrose,mistyrose,MC100_vs_MC1;MC1_vs_CTR,2,2,0.0008981457159455,1.1490039878293443,1.0874840987764753,MC1_vs_CTR,-1.1490039878293443,0.0008981457159455,down_in_tested,1,1,deg_fraction,True,particle_size_um,-0.3310821963795144,0.1426416782130668,0.5170760835223672,0.01784037558685446,,,,1.0259642097236064,-1.1490039878293443,,,,,0.0026230034544661,0.0008981457159455,,,,,up_in_tested,down_in_tested,,2130,38,3,MA100_vs_CTR;MC100_vs_MC1;MC1_vs_CTR,True,False
SURF1,ENSG00000148290,SURF1,SURF1,SURF1 cytochrome c oxidase assembly factor,dimgrey,dimgrey,MC100_vs_MC1,1,1,0.0009444779594592,1.8097484780083672,1.8097484780083672,MC100_vs_MC1,1.8097484780083672,0.0009444779594592,up_in_tested,1,0,deg_fraction,True,particle_size_um,-0.1867202754883606,0.4176932392721358,0.7331959097856707,0.07777491630182848,,,,1.8097484780083672,,,,,,0.0009444779594592,,,,,,up_in_tested,,,3883,302,6,MA100_vs_CTR;MA100_vs_MA1;MA1_vs_CTR;MC100_vs_MC1;MC1_vs_CTR;MD1_vs_CTR,True,False
TNFRSF21,ENSG00000146072,TNFRSF21,TNFRSF21,TNF receptor superfamily member 21,darkgrey,darkgrey,MC100_vs_MC1,1,1,0.0009690947526865,1.14873378065437,1.14873378065437,MC100_vs_MC1,-1.14873378065437,0.0009690947526865,down_in_tested,0,1,module_trait;deg_fraction,True,particle_size_um,0.6222385633532055,0.0025949251469398,0.0591962437092721,0.06215554194733619,,,,-1.14873378065437,,,,,,0.0009690947526865,,,,,,down_in_tested,,,3266,203,5,MA100_vs_CTR;MA100_vs_MA1;MC100_vs_MC1;MC1_vs_CTR;MD1_vs_CTR,True,True
KLHL17,ENSG00000187961,KLHL17,KLHL17,kelch like family member 17,darkgrey,darkgrey,MD1_vs_CTR,1,1,0.0009810323967816,1.129780620192829,1.129780620192829,MD1_vs_CTR,1.129780620192829,0.0009810323967816,up_in_tested,1,0,module_trait;deg_fraction,True,particle_size_um,0.6222385633532055,0.0025949251469398,0.0591962437092721,0.06215554194733619,,,,,,1.129780620192829,,,,,,0.0009810323967816,,,,,,up_in_tested,3266,203,5,MA100_vs_CTR;MA100_vs_MA1;MC100_vs_MC1;MC1_vs_CTR;MD1_vs_CTR,True,True
ZNF839,ENSG00000022976,ZNF839,ZNF839,zinc finger protein 839,gainsboro,gainsboro,MA100_vs_CTR;MC100_vs_MC1,2,2,0.0010071350087757,2.4142914331931915,2.183494037719865,MA100_vs_CTR,2.4142914331931915,0.0010071350087757,up_in_tested,1,1,deg_fraction,True,particle_size_um,-0.2764543534617769,0.2250855359964076,0.5934073221723475,0.04092526690391459,2.4142914331931915,,,-1.9526966422465384,,,0.0010071350087757,,,0.0059424064221651,,,up_in_tested,,,down_in_tested,,,1124,46,6,MA100_vs_CTR;MA100_vs_MA1;MA1_vs_CTR;MC100_vs_MC1;MC1_vs_CTR;MD1_vs_CTR,True,False
SLC35A5,ENSG00000138459,SLC35A5,SLC35A5,solute carrier family 35 member A5,dimgrey,dimgrey,MC1_vs_CTR,1,1,0.0010458105942444,1.091330038580833,1.091330038580833,MC1_vs_CTR,-1.091330038580833,0.0010458105942444,down_in_tested,0,1,deg_fraction,True,particle_size_um,-0.1867202754883606,0.4176932392721358,0.7331959097856707,0.07777491630182848,,,,,-1.091330038580833,,,,,,0.0010458105942444,,,,,,down_in_tested,,3883,302,6,MA100_vs_CTR;MA100_vs_MA1;MA1_vs_CTR;MC100_vs_MC1;MC1_vs_CTR;MD1_vs_CTR,True,False
SZRD1,ENSG00000055070,SZRD1,SZRD1,SUZ RNA binding domain containing 1,gainsboro,gainsboro,MC100_vs_MC1,1,1,0.0010512204668072,2.436542823548579,2.436542823548579,MC100_vs_MC1,-2.436542823548579,0.0010512204668072,down_in_tested,0,1,deg_fraction,True,particle_size_um,-0.2764543534617769,0.2250855359964076,0.5934073221723475,0.04092526690391459,,,,-2.436542823548579,,,,,,0.0010512204668072,,,,,,down_in_tested,,,1124,46,6,MA100_vs_CTR;MA100_vs_MA1;MA1_vs_CTR;MC100_vs_MC1;MC1_vs_CTR;MD1_vs_CTR,True,False
SRR,ENSG00000167720,SRR,SRR,serine racemase,dimgrey,dimgrey,MC100_vs_MC1,1,1,0.0010667580776152,2.8154176427961843,2.8154176427961843,MC100_vs_MC1,2.8154176427961843,0.0010667580776152,up_in_tested,1,0,deg_fraction,True,particle_size_um,-0.1867202754883606,0.4176932392721358,0.7331959097856707,0.07777491630182848,,,,2.8154176427961843,,,,,,0.0010667580776152,,,,,,up_in_tested,,,3883,302,6,MA100_vs_CTR;MA100_vs_MA1;MA1_vs_CTR;MC100_vs_MC1;MC1_vs_CTR;MD1_vs_CTR,True,False
ORC3,ENSG00000135336,ORC3,ORC3,origin recognition complex subunit 3,mistyrose,mistyrose,MC100_vs_MC1,1,1,0.0011233317123176,1.1109961878637276,1.1109961878637276,MC100_vs_MC1,1.1109961878637276,0.0011233317123176,up_in_tested,1,0,deg_fraction,True,particle_size_um,-0.3310821963795144,0.1426416782130668,0.5170760835223672,0.01784037558685446,,,,1.1109961878637276,,,,,,0.0011233317123176,,,,,,up_in_tested,,,2130,38,3,MA100_vs_CTR;MC100_vs_MC1;MC1_vs_CTR,True,False
PDIA6,ENSG00000143870,PDIA6,PDIA6,protein disulfide isomerase family A member 6,gainsboro,gainsboro,MA100_vs_CTR;MA1_vs_CTR;MC100_vs_MC1;MC1_vs_CTR;MD1_vs_CTR,5,5,0.0011277628555032,1.705395885660799,1.3511141460757992,MA100_vs_CTR,1.705395885660799,0.0011277628555032,up_in_tested,4,1,deg_fraction,True,particle_size_um,-0.2764543534617769,0.2250855359964076,0.5934073221723475,0.04092526690391459,1.705395885660799,,1.2513639264923766,-1.0627038056569884,1.3214278396151544,1.4146792729536777,0.0011277628555032,,0.043942989282345,0.0498714668394176,0.0126158657617641,0.0079152308047876,up_in_tested,,up_in_tested,down_in_tested,up_in_tested,up_in_tested,1124,46,6,MA100_vs_CTR;MA100_vs_MA1;MA1_vs_CTR;MC100_vs_MC1;MC1_vs_CTR;MD1_vs_CTR,True,False
SPIDR,ENSG00000164808,SPIDR,SPIDR,scaffold protein involved in DNA repair,mistyrose,mistyrose,MC100_vs_MC1,1,1,0.0011479128481165,1.1335749892831612,1.1335749892831612,MC100_vs_MC1,1.1335749892831612,0.0011479128481165,up_in_tested,1,0,deg_fraction,True,particle_size_um,-0.3310821963795144,0.1426416782130668,0.5170760835223672,0.01784037558685446,,,,1.1335749892831612,,,,,,0.0011479128481165,,,,,,up_in_tested,,,2130,38,3,MA100_vs_CTR;MC100_vs_MC1;MC1_vs_CTR,True,False
NOP53,ENSG00000105373,NOP53,NOP53,NOP53 ribosome biogenesis factor,dimgrey,dimgrey,MC100_vs_MC1;MC1_vs_CTR,2,2,0.0011652841613385,1.3032458630049857,1.1859554157799237,MC100_vs_MC1,1.3032458630049857,0.0011652841613385,up_in_tested,1,1,deg_fraction,True,particle_size_um,-0.1867202754883606,0.4176932392721358,0.7331959097856707,0.07777491630182848,,,,1.3032458630049857,-1.0686649685548617,,,,,0.0011652841613385,0.0117463259848939,,,,,up_in_tested,down_in_tested,,3883,302,6,MA100_vs_CTR;MA100_vs_MA1;MA1_vs_CTR;MC100_vs_MC1;MC1_vs_CTR;MD1_vs_CTR,True,False
RPS2,ENSG00000140988,RPS2,RPS2,ribosomal protein S2,dimgrey,dimgrey,MC100_vs_MC1,1,1,0.0011765334281989,1.014028019697547,1.014028019697547,MC100_vs_MC1,1.014028019697547,0.0011765334281989,up_in_tested,1,0,deg_fraction,True,particle_size_um,-0.1867202754883606,0.4176932392721358,0.7331959097856707,0.07777491630182848,,,,1.014028019697547,,,,,,0.0011765334281989,,,,,,up_in_tested,,,3883,302,6,MA100_vs_CTR;MA100_vs_MA1;MA1_vs_CTR;MC100_vs_MC1;MC1_vs_CTR;MD1_vs_CTR,True,False
ZNF768,ENSG00000169957,ZNF768,ZNF768,zinc finger protein 768,dimgrey,dimgrey,MC100_vs_MC1,1,1,0.0012091788272803,1.146811491997075,1.146811491997075,MC100_vs_MC1,-1.146811491997075,0.0012091788272803,down_in_tested,0,1,deg_fraction,True,particle_size_um,-0.1867202754883606,0.4176932392721358,0.7331959097856707,0.07777491630182848,,,,-1.146811491997075,,,,,,0.0012091788272803,,,,,,down_in_tested,,,3883,302,6,MA100_vs_CTR;MA100_vs_MA1;MA1_vs_CTR;MC100_vs_MC1;MC1_vs_CTR;MD1_vs_CTR,True,False
MFSD2B,ENSG00000205639,MFSD2B,MFSD2B,"MFSD2 lysolipid transporter B, sphingolipid",darkgrey,darkgrey,MD1_vs_CTR,1,1,0.001214312620919,1.044581799619419,1.044581799619419,MD1_vs_CTR,1.044581799619419,0.001214312620919,up_in_tested,1,0,module_trait;deg_fraction,True,particle_size_um,0.6222385633532055,0.0025949251469398,0.0591962437092721,0.06215554194733619,,,,,,1.044581799619419,,,,,,0.001214312620919,,,,,,up_in_tested,3266,203,5,MA100_vs_CTR;MA100_vs_MA1;MC100_vs_MC1;MC1_vs_CTR;MD1_vs_CTR,True,True
MICA,ENSG00000204520,MICA,MICA,MHC class I polypeptide-related sequence A,dimgrey,dimgrey,MC100_vs_MC1;MC1_vs_CTR,2,2,0.0013036837301068,1.5415310126925323,1.4187086377739242,MC100_vs_MC1,1.5415310126925323,0.0013036837301068,up_in_tested,1,1,deg_fraction,True,particle_size_um,-0.1867202754883606,0.4176932392721358,0.7331959097856707,0.07777491630182848,,,,1.5415310126925323,-1.295886262855316,,,,,0.0013036837301068,0.010559371642635,,,,,up_in_tested,down_in_tested,,3883,302,6,MA100_vs_CTR;MA100_vs_MA1;MA1_vs_CTR;MC100_vs_MC1;MC1_vs_CTR;MD1_vs_CTR,True,False
SUCLA2,ENSG00000136143,SUCLA2,SUCLA2,succinate-CoA ligase ADP-forming subunit beta,mistyrose,mistyrose,MC100_vs_MC1,1,1,0.0013068362400797,1.0067367988636569,1.0067367988636569,MC100_vs_MC1,1.0067367988636569,0.0013068362400797,up_in_tested,1,0,deg_fraction,True,particle_size_um,-0.3310821963795144,0.1426416782130668,0.5170760835223672,0.01784037558685446,,,,1.0067367988636569,,,,,,0.0013068362400797,,,,,,up_in_tested,,,2130,38,3,MA100_vs_CTR;MC100_vs_MC1;MC1_vs_CTR,True,False
DDIAS,ENSG00000165490,DDIAS,DDIAS,DNA damage induced apoptosis suppressor,dimgrey,dimgrey,MC100_vs_MC1;MC1_vs_CTR,2,2,0.0014193245337336,1.4555273998702574,1.4195898876190711,MC100_vs_MC1,1.4555273998702574,0.0014193245337336,up_in_tested,1,1,deg_fraction,True,particle_size_um,-0.1867202754883606,0.4176932392721358,0.7331959097856707,0.07777491630182848,,,,1.4555273998702574,-1.3836523753678849,,,,,0.0014193245337336,0.0034106301277961,,,,,up_in_tested,down_in_tested,,3883,302,6,MA100_vs_CTR;MA100_vs_MA1;MA1_vs_CTR;MC100_vs_MC1;MC1_vs_CTR;MD1_vs_CTR,True,False
PDLIM2,ENSG00000120913,PDLIM2,PDLIM2,PDZ and LIM domain 2,darkgrey,darkgrey,MC100_vs_MC1,1,1,0.0016223821671853,1.2264589497735523,1.2264589497735523,MC100_vs_MC1,-1.2264589497735523,0.0016223821671853,down_in_tested,0,1,module_trait;deg_fraction,True,particle_size_um,0.6222385633532055,0.0025949251469398,0.0591962437092721,0.06215554194733619,,,,-1.2264589497735523,,,,,,0.0016223821671853,,,,,,down_in_tested,,,3266,203,5,MA100_vs_CTR;MA100_vs_MA1;MC100_vs_MC1;MC1_vs_CTR;MD1_vs_CTR,True,True
ALG11,ENSG00000253710,ALG11,ALG11,"ALG11 alpha-1,2-mannosyltransferase",gainsboro,gainsboro,MA100_vs_CTR;MC100_vs_MC1;MC1_vs_CTR;MD1_vs_CTR,4,4,0.0016877822487184,1.9197423618192275,1.5844013087367228,MC1_vs_CTR,1.9197423618192275,0.0016877822487184,up_in_tested,3,1,deg_fraction,True,particle_size_um,-0.2764543534617769,0.2250855359964076,0.5934073221723475,0.04092526690391459,1.7015797298194684,,,-1.5812918905674689,1.9197423618192275,1.1349912527407262,0.0069880039233074,,,0.0098703384999304,0.0016877822487184,0.0946168445769307,up_in_tested,,,down_in_tested,up_in_tested,up_in_tested,1124,46,6,MA100_vs_CTR;MA100_vs_MA1;MA1_vs_CTR;MC100_vs_MC1;MC1_vs_CTR;MD1_vs_CTR,True,False
C19orf47,ENSG00000160392,C19orf47,C19orf47,chromosome 19 open reading frame 47,darkgrey,darkgrey,MC100_vs_MC1,1,1,0.0016983471553942,1.016935133900307,1.016935133900307,MC100_vs_MC1,-1.016935133900307,0.0016983471553942,down_in_tested,0,1,module_trait;deg_fraction,True,particle_size_um,0.6222385633532055,0.0025949251469398,0.0591962437092721,0.06215554194733619,,,,-1.016935133900307,,,,,,0.0016983471553942,,,,,,down_in_tested,,,3266,203,5,MA100_vs_CTR;MA100_vs_MA1;MC100_vs_MC1;MC1_vs_CTR;MD1_vs_CTR,True,True
CIPC,ENSG00000198894,CIPC,CIPC,CLOCK interacting pacemaker,dimgrey,dimgrey,MC100_vs_MC1;MC1_vs_CTR,2,2,0.0017167324271131,1.427940858738777,1.2603983671246994,MC100_vs_MC1,1.427940858738777,0.0017167324271131,up_in_tested,1,1,deg_fraction,True,particle_size_um,-0.1867202754883606,0.4176932392721358,0.7331959097856707,0.07777491630182848,,,,1.427940858738777,-1.092855875510622,,,,,0.0017167324271131,0.0247343722713934,,,,,up_in_tested,down_in_tested,,3883,302,6,MA100_vs_CTR;MA100_vs_MA1;MA1_vs_CTR;MC100_vs_MC1;MC1_vs_CTR;MD1_vs_CTR,True,False
F8A1,ENSG00000288722,F8A1,F8A1,coagulation factor VIII associated 1,dimgrey,dimgrey,MC100_vs_MC1;MC1_vs_CTR;MD1_vs_CTR,3,3,0.001738025644807,1.3195250837135866,1.27399442340973,MC100_vs_MC1,1.3195250837135866,0.001738025644807,up_in_tested,1,2,deg_fraction,True,particle_size_um,-0.1867202754883606,0.4176932392721358,0.7331959097856707,0.07777491630182848,,,,1.3195250837135866,-1.2433064953548958,-1.2591516911607077,,,,0.001738025644807,0.0043459032217566,0.0042923731991373,,,,up_in_tested,down_in_tested,down_in_tested,3883,302,6,MA100_vs_CTR;MA100_vs_MA1;MA1_vs_CTR;MC100_vs_MC1;MC1_vs_CTR;MD1_vs_CTR,True,False
RPS25,ENSG00000118181,RPS25,RPS25,ribosomal protein S25,dimgrey,dimgrey,MA100_vs_CTR;MC100_vs_MC1;MC1_vs_CTR;MD1_vs_CTR,4,4,0.0017386547510469,1.537731130320805,1.363516729804851,MC100_vs_MC1,1.537731130320805,0.0017386547510469,up_in_tested,1,3,deg_fraction,True,particle_size_um,-0.1867202754883606,0.4176932392721358,0.7331959097856707,0.07777491630182848,-1.231038888404417,,,1.537731130320805,-1.4388104614003872,-1.2464864390937946,0.0197617445974132,,,0.0017386547510469,0.0045518036509024,0.017517536799881,down_in_tested,,,up_in_tested,down_in_tested,down_in_tested,3883,302,6,MA100_vs_CTR;MA100_vs_MA1;MA1_vs_CTR;MC100_vs_MC1;MC1_vs_CTR;MD1_vs_CTR,True,False
KGD4,ENSG00000134056,KGD4,KGD4,alpha-ketoglutarate dehydrogenase subunit 4,dimgrey,dimgrey,MC100_vs_MC1,1,1,0.0017684522012622,1.0940178327514614,1.0940178327514614,MC100_vs_MC1,1.0940178327514614,0.0017684522012622,up_in_tested,1,0,deg_fraction,True,particle_size_um,-0.1867202754883606,0.4176932392721358,0.7331959097856707,0.07777491630182848,,,,1.0940178327514614,,,,,,0.0017684522012622,,,,,,up_in_tested,,,3883,302,6,MA100_vs_CTR;MA100_vs_MA1;MA1_vs_CTR;MC100_vs_MC1;MC1_vs_CTR;MD1_vs_CTR,True,False
ZNF14,ENSG00000105708,ZNF14,ZNF14,zinc finger protein 14,dimgrey,dimgrey,MC100_vs_MC1,1,1,0.0017779909105326,3.982361049393704,3.982361049393704,MC100_vs_MC1,3.982361049393704,0.0017779909105326,up_in_tested,1,0,deg_fraction,True,particle_size_um,-0.1867202754883606,0.4176932392721358,0.7331959097856707,0.07777491630182848,,,,3.982361049393704,,,,,,0.0017779909105326,,,,,,up_in_tested,,,3883,302,6,MA100_vs_CTR;MA100_vs_MA1;MA1_vs_CTR;MC100_vs_MC1;MC1_vs_CTR;MD1_vs_CTR,True,False
C1QBP,ENSG00000108561,C1QBP,C1QBP,complement C1q binding protein,dimgrey,dimgrey,MC100_vs_MC1,1,1,0.0018287233769274,1.0902069187251835,1.0902069187251835,MC100_vs_MC1,1.0902069187251835,0.0018287233769274,up_in_tested,1,0,deg_fraction,True,particle_size_um,-0.1867202754883606,0.4176932392721358,0.7331959097856707,0.07777491630182848,,,,1.0902069187251835,,,,,,0.0018287233769274,,,,,,up_in_tested,,,3883,302,6,MA100_vs_CTR;MA100_vs_MA1;MA1_vs_CTR;MC100_vs_MC1;MC1_vs_CTR;MD1_vs_CTR,True,False
CTSA,ENSG00000064601,CTSA,CTSA,cathepsin A,dimgrey,dimgrey,MC100_vs_MC1,1,1,0.0018393438878492,1.282844374281179,1.282844374281179,MC100_vs_MC1,1.282844374281179,0.0018393438878492,up_in_tested,1,0,deg_fraction,True,particle_size_um,-0.1867202754883606,0.4176932392721358,0.7331959097856707,0.07777491630182848,,,,1.282844374281179,,,,,,0.0018393438878492,,,,,,up_in_tested,,,3883,302,6,MA100_vs_CTR;MA100_vs_MA1;MA1_vs_CTR;MC100_vs_MC1;MC1_vs_CTR;MD1_vs_CTR,True,False
LETMD1,ENSG00000050426,LETMD1,LETMD1,LETM1 domain containing 1,dimgrey,dimgrey,MC100_vs_MC1,1,1,0.0018540675053997,1.217759370683965,1.217759370683965,MC100_vs_MC1,1.217759370683965,0.0018540675053997,up_in_tested,1,0,deg_fraction,True,particle_size_um,-0.1867202754883606,0.4176932392721358,0.7331959097856707,0.07777491630182848,,,,1.217759370683965,,,,,,0.0018540675053997,,,,,,up_in_tested,,,3883,302,6,MA100_vs_CTR;MA100_vs_MA1;MA1_vs_CTR;MC100_vs_MC1;MC1_vs_CTR;MD1_vs_CTR,True,False
FLNA,ENSG00000196924,FLNA,FLNA,filamin A,dimgrey,dimgrey,MC100_vs_MC1,1,1,0.0018911668351786,1.3429654759213292,1.3429654759213292,MC100_vs_MC1,-1.3429654759213292,0.0018911668351786,down_in_tested,0,1,deg_fraction,True,particle_size_um,-0.1867202754883606,0.4176932392721358,0.7331959097856707,0.07777491630182848,,,,-1.3429654759213292,,,,,,0.0018911668351786,,,,,,down_in_tested,,,3883,302,6,MA100_vs_CTR;MA100_vs_MA1;MA1_vs_CTR;MC100_vs_MC1;MC1_vs_CTR;MD1_vs_CTR,True,False
ZNF205,ENSG00000122386,ZNF205,ZNF205,zinc finger protein 205,darkgrey,darkgrey,MC100_vs_MC1,1,1,0.00190012691782,1.5406618409496249,1.5406618409496249,MC100_vs_MC1,-1.5406618409496249,0.00190012691782,down_in_tested,0,1,module_trait;deg_fraction,True,particle_size_um,0.6222385633532055,0.0025949251469398,0.0591962437092721,0.06215554194733619,,,,-1.5406618409496249,,,,,,0.00190012691782,,,,,,down_in_tested,,,3266,203,5,MA100_vs_CTR;MA100_vs_MA1;MC100_vs_MC1;MC1_vs_CTR;MD1_vs_CTR,True,True
TMEM203,ENSG00000187713,TMEM203,TMEM203,transmembrane protein 203,dimgrey,dimgrey,MC100_vs_MC1,1,1,0.0019045524697987,1.2239543589106303,1.2239543589106303,MC100_vs_MC1,1.2239543589106303,0.0019045524697987,up_in_tested,1,0,deg_fraction,True,particle_size_um,-0.1867202754883606,0.4176932392721358,0.7331959097856707,0.07777491630182848,,,,1.2239543589106303,,,,,,0.0019045524697987,,,,,,up_in_tested,,,3883,302,6,MA100_vs_CTR;MA100_vs_MA1;MA1_vs_CTR;MC100_vs_MC1;MC1_vs_CTR;MD1_vs_CTR,True,False
DHX38,ENSG00000140829,DHX38,DHX38,DEAH-box helicase 38,gainsboro,gainsboro,MA100_vs_CTR,1,1,0.0019166493355298,1.7089061251341888,1.7089061251341888,MA100_vs_CTR,1.7089061251341888,0.0019166493355298,up_in_tested,1,0,deg_fraction,True,particle_size_um,-0.2764543534617769,0.2250855359964076,0.5934073221723475,0.04092526690391459,1.7089061251341888,,,,,,0.0019166493355298,,,,,,up_in_tested,,,,,,1124,46,6,MA100_vs_CTR;MA100_vs_MA1;MA1_vs_CTR;MC100_vs_MC1;MC1_vs_CTR;MD1_vs_CTR,True,False
AP2A2,ENSG00000183020,AP2A2,AP2A2,adaptor related protein complex 2 subunit alpha 2,dimgrey,dimgrey,MC100_vs_MC1,1,1,0.0019693654103613,1.600468570135629,1.600468570135629,MC100_vs_MC1,1.600468570135629,0.0019693654103613,up_in_tested,1,0,deg_fraction,True,particle_size_um,-0.1867202754883606,0.4176932392721358,0.7331959097856707,0.07777491630182848,,,,1.600468570135629,,,,,,0.0019693654103613,,,,,,up_in_tested,,,3883,302,6,MA100_vs_CTR;MA100_vs_MA1;MA1_vs_CTR;MC100_vs_MC1;MC1_vs_CTR;MD1_vs_CTR,True,False
STEEP1,ENSG00000018610,STEEP1,STEEP1,STING1 ER exit protein 1,dimgrey,dimgrey,MA100_vs_CTR,1,1,0.0019719564319943,1.0654297066314942,1.0654297066314942,MA100_vs_CTR,-1.0654297066314942,0.0019719564319943,down_in_tested,0,1,deg_fraction,True,particle_size_um,-0.1867202754883606,0.4176932392721358,0.7331959097856707,0.07777491630182848,-1.0654297066314942,,,,,,0.0019719564319943,,,,,,down_in_tested,,,,,,3883,302,6,MA100_vs_CTR;MA100_vs_MA1;MA1_vs_CTR;MC100_vs_MC1;MC1_vs_CTR;MD1_vs_CTR,True,False
COL6A2,ENSG00000142173,COL6A2,COL6A2,collagen type VI alpha 2 chain,darkgrey,darkgrey,MC100_vs_MC1,1,1,0.0019891890894949,1.1122282336178375,1.1122282336178375,MC100_vs_MC1,-1.1122282336178375,0.0019891890894949,down_in_tested,0,1,module_trait;deg_fraction,True,particle_size_um,0.6222385633532055,0.0025949251469398,0.0591962437092721,0.06215554194733619,,,,-1.1122282336178375,,,,,,0.0019891890894949,,,,,,down_in_tested,,,3266,203,5,MA100_vs_CTR;MA100_vs_MA1;MC100_vs_MC1;MC1_vs_CTR;MD1_vs_CTR,True,True
SNRK,ENSG00000163788,SNRK,SNRK,SNF related kinase,dimgrey,dimgrey,MA100_vs_CTR,1,1,0.0019926241705558,1.0996398505176186,1.0996398505176186,MA100_vs_CTR,-1.0996398505176186,0.0019926241705558,down_in_tested,0,1,deg_fraction,True,particle_size_um,-0.1867202754883606,0.4176932392721358,0.7331959097856707,0.07777491630182848,-1.0996398505176186,,,,,,0.0019926241705558,,,,,,down_in_tested,,,,,,3883,302,6,MA100_vs_CTR;MA100_vs_MA1;MA1_vs_CTR;MC100_vs_MC1;MC1_vs_CTR;MD1_vs_CTR,True,False
FAM53C,ENSG00000120709,FAM53C,FAM53C,family with sequence similarity 53 member C,darkgrey,darkgrey,MC100_vs_MC1,1,1,0.0020258178929884,1.0141383130570314,1.0141383130570314,MC100_vs_MC1,-1.0141383130570314,0.0020258178929884,down_in_tested,0,1,module_trait;deg_fraction,True,particle_size_um,0.6222385633532055,0.0025949251469398,0.0591962437092721,0.06215554194733619,,,,-1.0141383130570314,,,,,,0.0020258178929884,,,,,,down_in_tested,,,3266,203,5,MA100_vs_CTR;MA100_vs_MA1;MC100_vs_MC1;MC1_vs_CTR;MD1_vs_CTR,True,True
LCE3D,ENSG00000163202,LCE3D,LCE3D,late cornified envelope 3D,dimgrey,dimgrey,MA100_vs_CTR;MD1_vs_CTR,2,2,0.0020573691215064,1.519547522283714,1.3536851927124636,MA100_vs_CTR,-1.519547522283714,0.0020573691215064,down_in_tested,0,2,deg_fraction,True,particle_size_um,-0.1867202754883606,0.4176932392721358,0.7331959097856707,0.07777491630182848,-1.519547522283714,,,,,-1.187822863141213,0.0020573691215064,,,,,0.0185715126832747,down_in_tested,,,,,down_in_tested,3883,302,6,MA100_vs_CTR;MA100_vs_MA1;MA1_vs_CTR;MC100_vs_MC1;MC1_vs_CTR;MD1_vs_CTR,True,False
FAM171A2,ENSG00000161682,FAM171A2,FAM171A2,family with sequence similarity 171 member A2,darkgrey,darkgrey,MC100_vs_MC1;MC1_vs_CTR,2,2,0.0020920266398459,1.405576681525225,1.2599428704430236,MC100_vs_MC1,-1.405576681525225,0.0020920266398459,down_in_tested,1,1,module_trait;deg_fraction,True,particle_size_um,0.6222385633532055,0.0025949251469398,0.0591962437092721,0.06215554194733619,,,,-1.405576681525225,1.114309059360822,,,,,0.0020920266398459,0.0204101358283202,,,,,down_in_tested,up_in_tested,,3266,203,5,MA100_vs_CTR;MA100_vs_MA1;MC100_vs_MC1;MC1_vs_CTR;MD1_vs_CTR,True,True
NDUFA6,ENSG00000184983,NDUFA6,NDUFA6,NADH:ubiquinone oxidoreductase subunit A6,dimgrey,dimgrey,MA100_vs_CTR;MC100_vs_MC1;MC1_vs_CTR;MD1_vs_CTR,4,4,0.0021037957048894,1.401675032642158,1.2996130045591463,MD1_vs_CTR,-1.401675032642158,0.0021037957048894,down_in_tested,1,3,deg_fraction,True,particle_size_um,-0.1867202754883606,0.4176932392721358,0.7331959097856707,0.07777491630182848,-1.3018242339922816,,,1.2226036526654802,-1.2723490989366657,-1.401675032642158,0.0047032424745907,,,0.0063652451282009,0.0050891512432444,0.0021037957048894,down_in_tested,,,up_in_tested,down_in_tested,down_in_tested,3883,302,6,MA100_vs_CTR;MA100_vs_MA1;MA1_vs_CTR;MC100_vs_MC1;MC1_vs_CTR;MD1_vs_CTR,True,False
LRRC23,ENSG00000010626,LRRC23,LRRC23,leucine rich repeat containing 23,darkgrey,darkgrey,MC100_vs_MC1,1,1,0.0021071838237721,1.476812127823091,1.476812127823091,MC100_vs_MC1,-1.476812127823091,0.0021071838237721,down_in_tested,0,1,module_trait;deg_fraction,True,particle_size_um,0.6222385633532055,0.0025949251469398,0.0591962437092721,0.06215554194733619,,,,-1.476812127823091,,,,,,0.0021071838237721,,,,,,down_in_tested,,,3266,203,5,MA100_vs_CTR;MA100_vs_MA1;MC100_vs_MC1;MC1_vs_CTR;MD1_vs_CTR,True,True
MAP1LC3A,ENSG00000101460,MAP1LC3A,MAP1LC3A,microtubule associated protein 1 light chain 3 alpha,darkgrey,darkgrey,MC1_vs_CTR,1,1,0.0021407499371748,1.1406061689777287,1.1406061689777287,MC1_vs_CTR,1.1406061689777287,0.0021407499371748,up_in_tested,1,0,module_trait;deg_fraction,True,particle_size_um,0.6222385633532055,0.0025949251469398,0.0591962437092721,0.06215554194733619,,,,,1.1406061689777287,,,,,,0.0021407499371748,,,,,,up_in_tested,,3266,203,5,MA100_vs_CTR;MA100_vs_MA1;MC100_vs_MC1;MC1_vs_CTR;MD1_vs_CTR,True,True
BICRAL,ENSG00000112624,BICRAL,BICRAL,BICRA like chromatin remodeling complex associated protein,darkgrey,darkgrey,MA100_vs_CTR;MD1_vs_CTR,2,2,0.0021719447768148,1.29280851500343,1.1926360610818323,MD1_vs_CTR,1.29280851500343,0.0021719447768148,up_in_tested,2,0,module_trait;deg_fraction,True,particle_size_um,0.6222385633532055,0.0025949251469398,0.0591962437092721,0.06215554194733619,1.0924636071602347,,,,,1.29280851500343,0.0117652976705075,,,,,0.0021719447768148,up_in_tested,,,,,up_in_tested,3266,203,5,MA100_vs_CTR;MA100_vs_MA1;MC100_vs_MC1;MC1_vs_CTR;MD1_vs_CTR,True,True
EXOC6,ENSG00000138190,EXOC6,EXOC6,exocyst complex component 6,dimgrey,dimgrey,MA100_vs_CTR,1,1,0.0022534417857148,1.2325623959830765,1.2325623959830765,MA100_vs_CTR,-1.2325623959830765,0.0022534417857148,down_in_tested,0,1,deg_fraction,True,particle_size_um,-0.1867202754883606,0.4176932392721358,0.7331959097856707,0.07777491630182848,-1.2325623959830765,,,,,,0.0022534417857148,,,,,,down_in_tested,,,,,,3883,302,6,MA100_vs_CTR;MA100_vs_MA1;MA1_vs_CTR;MC100_vs_MC1;MC1_vs_CTR;MD1_vs_CTR,True,False
NEFM,ENSG00000104722,NEFM,NEFM,neurofilament medium chain,gainsboro,gainsboro,MD1_vs_CTR,1,1,0.0023263226120517,1.0350014484165482,1.0350014484165482,MD1_vs_CTR,-1.0350014484165482,0.0023263226120517,down_in_tested,0,1,deg_fraction,True,particle_size_um,-0.2764543534617769,0.2250855359964076,0.5934073221723475,0.04092526690391459,,,,,,-1.0350014484165482,,,,,,0.0023263226120517,,,,,,down_in_tested,1124,46,6,MA100_vs_CTR;MA100_vs_MA1;MA1_vs_CTR;MC100_vs_MC1;MC1_vs_CTR;MD1_vs_CTR,True,False
RBIS,ENSG00000176731,RBIS,RBIS,ribosomal biogenesis factor,dimgrey,dimgrey,MA100_vs_CTR;MC100_vs_MC1;MC1_vs_CTR,3,3,0.0023483412018532,1.361780839194643,1.1669258749404825,MC100_vs_MC1,1.361780839194643,0.0023483412018532,up_in_tested,1,2,deg_fraction,True,particle_size_um,-0.1867202754883606,0.4176932392721358,0.7331959097856707,0.07777491630182848,-1.0360672684370216,,,1.361780839194643,-1.1029295171897824,,0.03340191545189,,,0.0023483412018532,0.0198475248248823,,down_in_tested,,,up_in_tested,down_in_tested,,3883,302,6,MA100_vs_CTR;MA100_vs_MA1;MA1_vs_CTR;MC100_vs_MC1;MC1_vs_CTR;MD1_vs_CTR,True,False
KRT18,ENSG00000111057,KRT18,KRT18,keratin 18,dimgrey,dimgrey,MC100_vs_MC1,1,1,0.0023676514155083,1.0736573901287052,1.0736573901287052,MC100_vs_MC1,1.0736573901287052,0.0023676514155083,up_in_tested,1,0,deg_fraction,True,particle_size_um,-0.1867202754883606,0.4176932392721358,0.7331959097856707,0.07777491630182848,,,,1.0736573901287052,,,,,,0.0023676514155083,,,,,,up_in_tested,,,3883,302,6,MA100_vs_CTR;MA100_vs_MA1;MA1_vs_CTR;MC100_vs_MC1;MC1_vs_CTR;MD1_vs_CTR,True,False
ZNF469,ENSG00000225614,ZNF469,ZNF469,zinc finger protein 469,dimgrey,dimgrey,MD1_vs_CTR,1,1,0.0024157592665093,1.1199838041641084,1.1199838041641084,MD1_vs_CTR,1.1199838041641084,0.0024157592665093,up_in_tested,1,0,deg_fraction,True,particle_size_um,-0.1867202754883606,0.4176932392721358,0.7331959097856707,0.07777491630182848,,,,,,1.1199838041641084,,,,,,0.0024157592665093,,,,,,up_in_tested,3883,302,6,MA100_vs_CTR;MA100_vs_MA1;MA1_vs_CTR;MC100_vs_MC1;MC1_vs_CTR;MD1_vs_CTR,True,False
MBIP,ENSG00000151332,MBIP,MBIP,MAP3K12 binding inhibitory protein 1,mistyrose,mistyrose,MC100_vs_MC1;MC1_vs_CTR,2,2,0.0024364898548988,1.773752033954822,1.5392780690345207,MC100_vs_MC1,1.773752033954822,0.0024364898548988,up_in_tested,1,1,deg_fraction,True,particle_size_um,-0.3310821963795144,0.1426416782130668,0.5170760835223672,0.01784037558685446,,,,1.773752033954822,-1.3048041041142195,,,,,0.0024364898548988,0.0382488761891042,,,,,up_in_tested,down_in_tested,,2130,38,3,MA100_vs_CTR;MC100_vs_MC1;MC1_vs_CTR,True,False
MCTS1,ENSG00000232119,MCTS1,MCTS1,MCTS1 re-initiation and release factor,dimgrey,dimgrey,MA100_vs_CTR,1,1,0.0024795170300653,1.258033021754959,1.258033021754959,MA100_vs_CTR,-1.258033021754959,0.0024795170300653,down_in_tested,0,1,deg_fraction,True,particle_size_um,-0.1867202754883606,0.4176932392721358,0.7331959097856707,0.07777491630182848,-1.258033021754959,,,,,,0.0024795170300653,,,,,,down_in_tested,,,,,,3883,302,6,MA100_vs_CTR;MA100_vs_MA1;MA1_vs_CTR;MC100_vs_MC1;MC1_vs_CTR;MD1_vs_CTR,True,False
ELMOD2,ENSG00000179387,ELMOD2,ELMOD2,ELMO domain containing 2,dimgrey,dimgrey,MA100_vs_CTR,1,1,0.0024982599744432,1.0292408661508283,1.0292408661508283,MA100_vs_CTR,-1.0292408661508283,0.0024982599744432,down_in_tested,0,1,deg_fraction,True,particle_size_um,-0.1867202754883606,0.4176932392721358,0.7331959097856707,0.07777491630182848,-1.0292408661508283,,,,,,0.0024982599744432,,,,,,down_in_tested,,,,,,3883,302,6,MA100_vs_CTR;MA100_vs_MA1;MA1_vs_CTR;MC100_vs_MC1;MC1_vs_CTR;MD1_vs_CTR,True,False
CARD16,ENSG00000204397,CARD16,CARD16,caspase recruitment domain family member 16,dimgrey,dimgrey,MA100_vs_CTR,1,1,0.0025021574279304,1.2214050519659758,1.2214050519659758,MA100_vs_CTR,-1.2214050519659758,0.0025021574279304,down_in_tested,0,1,deg_fraction,True,particle_size_um,-0.1867202754883606,0.4176932392721358,0.7331959097856707,0.07777491630182848,-1.2214050519659758,,,,,,0.0025021574279304,,,,,,down_in_tested,,,,,,3883,302,6,MA100_vs_CTR;MA100_vs_MA1;MA1_vs_CTR;MC100_vs_MC1;MC1_vs_CTR;MD1_vs_CTR,True,False
PLP2,ENSG00000102007,PLP2,PLP2,proteolipid protein 2,dimgrey,dimgrey,MC100_vs_MC1,1,1,0.0025107288036166,2.011372617147712,2.011372617147712,MC100_vs_MC1,2.011372617147712,0.0025107288036166,up_in_tested,1,0,deg_fraction,True,particle_size_um,-0.1867202754883606,0.4176932392721358,0.7331959097856707,0.07777491630182848,,,,2.011372617147712,,,,,,0.0025107288036166,,,,,,up_in_tested,,,3883,302,6,MA100_vs_CTR;MA100_vs_MA1;MA1_vs_CTR;MC100_vs_MC1;MC1_vs_CTR;MD1_vs_CTR,True,False
ZNF414,ENSG00000133250,ZNF414,ZNF414,zinc finger protein 414,darkgrey,darkgrey,MC100_vs_MC1,1,1,0.0025327895104145,1.1509721514921352,1.1509721514921352,MC100_vs_MC1,-1.1509721514921352,0.0025327895104145,down_in_tested,0,1,module_trait;deg_fraction,True,particle_size_um,0.6222385633532055,0.0025949251469398,0.0591962437092721,0.06215554194733619,,,,-1.1509721514921352,,,,,,0.0025327895104145,,,,,,down_in_tested,,,3266,203,5,MA100_vs_CTR;MA100_vs_MA1;MC100_vs_MC1;MC1_vs_CTR;MD1_vs_CTR,True,True
GXYLT2,ENSG00000172986,GXYLT2,GXYLT2,glucoside xylosyltransferase 2,dimgrey,dimgrey,MA100_vs_CTR,1,1,0.0025667766856663,1.1907068963676422,1.1907068963676422,MA100_vs_CTR,1.1907068963676422,0.0025667766856663,up_in_tested,1,0,deg_fraction,True,particle_size_um,-0.1867202754883606,0.4176932392721358,0.7331959097856707,0.07777491630182848,1.1907068963676422,,,,,,0.0025667766856663,,,,,,up_in_tested,,,,,,3883,302,6,MA100_vs_CTR;MA100_vs_MA1;MA1_vs_CTR;MC100_vs_MC1;MC1_vs_CTR;MD1_vs_CTR,True,False
NT5DC2,ENSG00000168268,NT5DC2,NT5DC2,5'-nucleotidase domain containing 2,dimgrey,dimgrey,MC100_vs_MC1,1,1,0.0025804495452037,1.080824845434065,1.080824845434065,MC100_vs_MC1,1.080824845434065,0.0025804495452037,up_in_tested,1,0,deg_fraction,True,particle_size_um,-0.1867202754883606,0.4176932392721358,0.7331959097856707,0.07777491630182848,,,,1.080824845434065,,,,,,0.0025804495452037,,,,,,up_in_tested,,,3883,302,6,MA100_vs_CTR;MA100_vs_MA1;MA1_vs_CTR;MC100_vs_MC1;MC1_vs_CTR;MD1_vs_CTR,True,False
LDB1,ENSG00000198728,LDB1,LDB1,LIM domain binding 1,darkgrey,darkgrey,MA100_vs_CTR,1,1,0.0026266880467571,1.016629833124947,1.016629833124947,MA100_vs_CTR,1.016629833124947,0.0026266880467571,up_in_tested,1,0,module_trait;deg_fraction,True,particle_size_um,0.6222385633532055,0.0025949251469398,0.0591962437092721,0.06215554194733619,1.016629833124947,,,,,,0.0026266880467571,,,,,,up_in_tested,,,,,,3266,203,5,MA100_vs_CTR;MA100_vs_MA1;MC100_vs_MC1;MC1_vs_CTR;MD1_vs_CTR,True,True
RPL26,ENSG00000161970,RPL26,RPL26,ribosomal protein L26,dimgrey,dimgrey,MA100_vs_CTR;MC1_vs_CTR;MD1_vs_CTR,3,3,0.0026811067042501,1.3342681981798536,1.243054586189866,MD1_vs_CTR,-1.3342681981798536,0.0026811067042501,down_in_tested,0,3,deg_fraction,True,particle_size_um,-0.1867202754883606,0.4176932392721358,0.7331959097856707,0.07777491630182848,-1.2528550360177826,,,,-1.1420405243719616,-1.3342681981798536,0.0053202923199226,,,,0.0108537557989392,0.0026811067042501,down_in_tested,,,,down_in_tested,down_in_tested,3883,302,6,MA100_vs_CTR;MA100_vs_MA1;MA1_vs_CTR;MC100_vs_MC1;MC1_vs_CTR;MD1_vs_CTR,True,False
APEX1,ENSG00000100823,APEX1,APEX1,apurinic/apyrimidinic endodeoxyribonuclease 1,dimgrey,dimgrey,MA100_vs_CTR;MC1_vs_CTR;MD1_vs_CTR,3,3,0.0028374364113856,1.9394922940547024,1.721583866465911,MD1_vs_CTR,1.9394922940547024,0.0028374364113856,up_in_tested,3,0,deg_fraction,True,particle_size_um,-0.1867202754883606,0.4176932392721358,0.7331959097856707,0.07777491630182848,1.6573344827119083,,,,1.5679248226311224,1.9394922940547024,0.0128386305974412,,,,0.0179053845215521,0.0028374364113856,up_in_tested,,,,up_in_tested,up_in_tested,3883,302,6,MA100_vs_CTR;MA100_vs_MA1;MA1_vs_CTR;MC100_vs_MC1;MC1_vs_CTR;MD1_vs_CTR,True,False
FKBP1C,ENSG00000198225,FKBP1C,FKBP1C,FKBP prolyl isomerase family member 1C,dimgrey,dimgrey,MC100_vs_MC1,1,1,0.0029137115609217,1.159157252452834,1.159157252452834,MC100_vs_MC1,-1.159157252452834,0.0029137115609217,down_in_tested,0,1,deg_fraction,True,particle_size_um,-0.1867202754883606,0.4176932392721358,0.7331959097856707,0.07777491630182848,,,,-1.159157252452834,,,,,,0.0029137115609217,,,,,,down_in_tested,,,3883,302,6,MA100_vs_CTR;MA100_vs_MA1;MA1_vs_CTR;MC100_vs_MC1;MC1_vs_CTR;MD1_vs_CTR,True,False
UCP2,ENSG00000175567,UCP2,UCP2,uncoupling protein 2,darkgrey,darkgrey,MD1_vs_CTR,1,1,0.002920633834692,1.1846948423566903,1.1846948423566903,MD1_vs_CTR,-1.1846948423566903,0.002920633834692,down_in_tested,0,1,module_trait;deg_fraction,True,particle_size_um,0.6222385633532055,0.0025949251469398,0.0591962437092721,0.06215554194733619,,,,,,-1.1846948423566903,,,,,,0.002920633834692,,,,,,down_in_tested,3266,203,5,MA100_vs_CTR;MA100_vs_MA1;MC100_vs_MC1;MC1_vs_CTR;MD1_vs_CTR,True,True
MXI1,ENSG00000119950,MXI1,MXI1,"MAX interactor 1, dimerization protein",gainsboro,gainsboro,MA100_vs_CTR,1,1,0.0029360019228294,1.0316805243980325,1.0316805243980325,MA100_vs_CTR,1.0316805243980325,0.0029360019228294,up_in_tested,1,0,deg_fraction,True,particle_size_um,-0.2764543534617769,0.2250855359964076,0.5934073221723475,0.04092526690391459,1.0316805243980325,,,,,,0.0029360019228294,,,,,,up_in_tested,,,,,,1124,46,6,MA100_vs_CTR;MA100_vs_MA1;MA1_vs_CTR;MC100_vs_MC1;MC1_vs_CTR;MD1_vs_CTR,True,False
PLCE1,ENSG00000138193,PLCE1,PLCE1,phospholipase C epsilon 1,darkgrey,darkgrey,MA100_vs_CTR;MD1_vs_CTR,2,2,0.0029548466369355,1.1306750793735487,1.0707389814339159,MA100_vs_CTR,1.1306750793735487,0.0029548466369355,up_in_tested,2,0,module_trait;deg_fraction,True,particle_size_um,0.6222385633532055,0.0025949251469398,0.0591962437092721,0.06215554194733619,1.1306750793735487,,,,,1.0108028834942833,0.0029548466369355,,,,,0.0087834100575227,up_in_tested,,,,,up_in_tested,3266,203,5,MA100_vs_CTR;MA100_vs_MA1;MC100_vs_MC1;MC1_vs_CTR;MD1_vs_CTR,True,True
GPR37,ENSG00000170775,GPR37,GPR37,G protein-coupled receptor 37,darkgrey,darkgrey,MA100_vs_CTR;MD1_vs_CTR,2,2,0.0030491862599689,1.165574383293208,1.0869977946947609,MA100_vs_CTR,1.165574383293208,0.0030491862599689,up_in_tested,2,0,module_trait;deg_fraction,True,particle_size_um,0.6222385633532055,0.0025949251469398,0.0591962437092721,0.06215554194733619,1.165574383293208,,,,,1.0084212060963136,0.0030491862599689,,,,,0.0116943734577147,up_in_tested,,,,,up_in_tested,3266,203,5,MA100_vs_CTR;MA100_vs_MA1;MC100_vs_MC1;MC1_vs_CTR;MD1_vs_CTR,True,True
SURF2,ENSG00000148291,SURF2,SURF2,surfeit 2,dimgrey,dimgrey,MA100_vs_CTR;MC1_vs_CTR,2,2,0.0030661967975908,1.1950000207353586,1.1439382030758414,MA100_vs_CTR,-1.1950000207353586,0.0030661967975908,down_in_tested,0,2,deg_fraction,True,particle_size_um,-0.1867202754883606,0.4176932392721358,0.7331959097856707,0.07777491630182848,-1.1950000207353586,,,,-1.092876385416324,,0.0030661967975908,,,,0.0061030823815447,,down_in_tested,,,,down_in_tested,,3883,302,6,MA100_vs_CTR;MA100_vs_MA1;MA1_vs_CTR;MC100_vs_MC1;MC1_vs_CTR;MD1_vs_CTR,True,False
CLIC1,ENSG00000213719,CLIC1,CLIC1,CLIC family member 1,dimgrey,dimgrey,MC100_vs_MC1,1,1,0.003122970810189,1.3897667215496536,1.3897667215496536,MC100_vs_MC1,1.3897667215496536,0.003122970810189,up_in_tested,1,0,deg_fraction,True,particle_size_um,-0.1867202754883606,0.4176932392721358,0.7331959097856707,0.07777491630182848,,,,1.3897667215496536,,,,,,0.003122970810189,,,,,,up_in_tested,,,3883,302,6,MA100_vs_CTR;MA100_vs_MA1;MA1_vs_CTR;MC100_vs_MC1;MC1_vs_CTR;MD1_vs_CTR,True,False
SMAP1,ENSG00000112305,SMAP1,SMAP1,small ArfGAP 1,dimgrey,dimgrey,MD1_vs_CTR,1,1,0.0033736866095021,1.0098939598304422,1.0098939598304422,MD1_vs_CTR,-1.0098939598304422,0.0033736866095021,down_in_tested,0,1,deg_fraction,True,particle_size_um,-0.1867202754883606,0.4176932392721358,0.7331959097856707,0.07777491630182848,,,,,,-1.0098939598304422,,,,,,0.0033736866095021,,,,,,down_in_tested,3883,302,6,MA100_vs_CTR;MA100_vs_MA1;MA1_vs_CTR;MC100_vs_MC1;MC1_vs_CTR;MD1_vs_CTR,True,False
FZD1,ENSG00000157240,FZD1,FZD1,frizzled class receptor 1,mistyrose,mistyrose,MC100_vs_MC1;MC1_vs_CTR,2,2,0.0033880442047562,1.2172721632502037,1.1261798106124175,MC100_vs_MC1,1.2172721632502037,0.0033880442047562,up_in_tested,1,1,deg_fraction,True,particle_size_um,-0.3310821963795144,0.1426416782130668,0.5170760835223672,0.01784037558685446,,,,1.2172721632502037,-1.0350874579746312,,,,,0.0033880442047562,0.0176437553062482,,,,,up_in_tested,down_in_tested,,2130,38,3,MA100_vs_CTR;MC100_vs_MC1;MC1_vs_CTR,True,False
PHETA1,ENSG00000198324,PHETA1,PHETA1,PH domain containing endocytic trafficking adaptor 1,darkgrey,darkgrey,MC100_vs_MC1;MC1_vs_CTR;MD1_vs_CTR,3,3,0.0033995379069334,1.399127102754009,1.2342043567421845,MC100_vs_MC1,-1.399127102754009,0.0033995379069334,down_in_tested,2,1,module_trait;deg_fraction,True,particle_size_um,0.6222385633532055,0.0025949251469398,0.0591962437092721,0.06215554194733619,,,,-1.399127102754009,1.2601659855914034,1.0433199818811414,,,,0.0033995379069334,0.0109087637252166,0.0455373828246793,,,,down_in_tested,up_in_tested,up_in_tested,3266,203,5,MA100_vs_CTR;MA100_vs_MA1;MC100_vs_MC1;MC1_vs_CTR;MD1_vs_CTR,True,True
SLC7A6,ENSG00000103064,SLC7A6,SLC7A6,solute carrier family 7 member 6,dimgrey,dimgrey,MA100_vs_CTR,1,1,0.0034955856091627,1.280523360560411,1.280523360560411,MA100_vs_CTR,-1.280523360560411,0.0034955856091627,down_in_tested,0,1,deg_fraction,True,particle_size_um,-0.1867202754883606,0.4176932392721358,0.7331959097856707,0.07777491630182848,-1.280523360560411,,,,,,0.0034955856091627,,,,,,down_in_tested,,,,,,3883,302,6,MA100_vs_CTR;MA100_vs_MA1;MA1_vs_CTR;MC100_vs_MC1;MC1_vs_CTR;MD1_vs_CTR,True,False
RIOX1,ENSG00000170468,RIOX1,RIOX1,ribosomal oxygenase 1,darkgrey,darkgrey,MC100_vs_MC1,1,1,0.0035651553407001,1.0387723810932132,1.0387723810932132,MC100_vs_MC1,-1.0387723810932132,0.0035651553407001,down_in_tested,0,1,module_trait;deg_fraction,True,particle_size_um,0.6222385633532055,0.0025949251469398,0.0591962437092721,0.06215554194733619,,,,-1.0387723810932132,,,,,,0.0035651553407001,,,,,,down_in_tested,,,3266,203,5,MA100_vs_CTR;MA100_vs_MA1;MC100_vs_MC1;MC1_vs_CTR;MD1_vs_CTR,True,True
IL13RA2,ENSG00000123496,IL13RA2,IL13RA2,interleukin 13 receptor subunit alpha 2,dimgrey,dimgrey,MA100_vs_CTR;MC100_vs_MC1;MC1_vs_CTR,3,3,0.0035833494828013,1.495213310880387,1.2645025838197064,MA100_vs_CTR,-1.495213310880387,0.0035833494828013,down_in_tested,1,2,deg_fraction,True,particle_size_um,-0.1867202754883606,0.4176932392721358,0.7331959097856707,0.07777491630182848,-1.495213310880387,,,1.0512470161696503,-1.2470474244090817,,0.0035833494828013,,,0.0441378669562728,0.0152944970091716,,down_in_tested,,,up_in_tested,down_in_tested,,3883,302,6,MA100_vs_CTR;MA100_vs_MA1;MA1_vs_CTR;MC100_vs_MC1;MC1_vs_CTR;MD1_vs_CTR,True,False
PSMC4,ENSG00000013275,PSMC4,PSMC4,"proteasome 26S subunit, ATPase 4",dimgrey,dimgrey,MC100_vs_MC1,1,1,0.0037344922141663,1.107297140396691,1.107297140396691,MC100_vs_MC1,1.107297140396691,0.0037344922141663,up_in_tested,1,0,deg_fraction,True,particle_size_um,-0.1867202754883606,0.4176932392721358,0.7331959097856707,0.07777491630182848,,,,1.107297140396691,,,,,,0.0037344922141663,,,,,,up_in_tested,,,3883,302,6,MA100_vs_CTR;MA100_vs_MA1;MA1_vs_CTR;MC100_vs_MC1;MC1_vs_CTR;MD1_vs_CTR,True,False
AKTIP,ENSG00000166971,AKTIP,AKTIP,AKT interacting protein,dimgrey,dimgrey,MC100_vs_MC1,1,1,0.0037548197066118,2.001939957453944,2.001939957453944,MC100_vs_MC1,2.001939957453944,0.0037548197066118,up_in_tested,1,0,deg_fraction,True,particle_size_um,-0.1867202754883606,0.4176932392721358,0.7331959097856707,0.07777491630182848,,,,2.001939957453944,,,,,,0.0037548197066118,,,,,,up_in_tested,,,3883,302,6,MA100_vs_CTR;MA100_vs_MA1;MA1_vs_CTR;MC100_vs_MC1;MC1_vs_CTR;MD1_vs_CTR,True,False
CEPT1,ENSG00000134255,CEPT1,CEPT1,choline/ethanolamine phosphotransferase 1,gainsboro,gainsboro,MA100_vs_CTR;MC100_vs_MC1;MC1_vs_CTR,3,3,0.0037945044301687,1.1957788328729555,1.1367419014942224,MA100_vs_CTR,1.1957788328729555,0.005070094471055,up_in_tested,2,1,deg_fraction,True,particle_size_um,-0.2764543534617769,0.2250855359964076,0.5934073221723475,0.04092526690391459,1.1957788328729555,,,-1.1911746283535676,1.0232722432561443,,0.005070094471055,,,0.0037945044301687,0.0173298643242664,,up_in_tested,,,down_in_tested,up_in_tested,,1124,46,6,MA100_vs_CTR;MA100_vs_MA1;MA1_vs_CTR;MC100_vs_MC1;MC1_vs_CTR;MD1_vs_CTR,True,False
SMIM20,ENSG00000250317,SMIM20,SMIM20,small integral membrane protein 20,dimgrey,dimgrey,MA100_vs_CTR,1,1,0.0038543938968456,1.0873265442645048,1.0873265442645048,MA100_vs_CTR,-1.0873265442645048,0.0038543938968456,down_in_tested,0,1,deg_fraction,True,particle_size_um,-0.1867202754883606,0.4176932392721358,0.7331959097856707,0.07777491630182848,-1.0873265442645048,,,,,,0.0038543938968456,,,,,,down_in_tested,,,,,,3883,302,6,MA100_vs_CTR;MA100_vs_MA1;MA1_vs_CTR;MC100_vs_MC1;MC1_vs_CTR;MD1_vs_CTR,True,False
ATP6V0E2,ENSG00000171130,ATP6V0E2,ATP6V0E2,ATPase H+ transporting V0 subunit e2,darkgrey,darkgrey,MC100_vs_MC1,1,1,0.0039098616049387,1.3526922985543066,1.3526922985543066,MC100_vs_MC1,-1.3526922985543066,0.0039098616049387,down_in_tested,0,1,module_trait;deg_fraction,True,particle_size_um,0.6222385633532055,0.0025949251469398,0.0591962437092721,0.06215554194733619,,,,-1.3526922985543066,,,,,,0.0039098616049387,,,,,,down_in_tested,,,3266,203,5,MA100_vs_CTR;MA100_vs_MA1;MC100_vs_MC1;MC1_vs_CTR;MD1_vs_CTR,True,True
CALM3,ENSG00000160014,CALM3,CALM3,calmodulin 3,dimgrey,dimgrey,MA100_vs_CTR;MC100_vs_MC1,2,2,0.0041670730082054,1.312037429287474,1.1985618570841041,MA100_vs_CTR,-1.312037429287474,0.0041670730082054,down_in_tested,1,1,deg_fraction,True,particle_size_um,-0.1867202754883606,0.4176932392721358,0.7331959097856707,0.07777491630182848,-1.312037429287474,,,1.0850862848807343,,,0.0041670730082054,,,0.0152866138902649,,,down_in_tested,,,up_in_tested,,,3883,302,6,MA100_vs_CTR;MA100_vs_MA1;MA1_vs_CTR;MC100_vs_MC1;MC1_vs_CTR;MD1_vs_CTR,True,False
HDDC3,ENSG00000184508,HDDC3,HDDC3,HD domain containing 3,darkgrey,darkgrey,MC100_vs_MC1,1,1,0.0042087520033699,1.6241049301402473,1.6241049301402473,MC100_vs_MC1,-1.6241049301402473,0.0042087520033699,down_in_tested,0,1,module_trait;deg_fraction,True,particle_size_um,0.6222385633532055,0.0025949251469398,0.0591962437092721,0.06215554194733619,,,,-1.6241049301402473,,,,,,0.0042087520033699,,,,,,down_in_tested,,,3266,203,5,MA100_vs_CTR;MA100_vs_MA1;MC100_vs_MC1;MC1_vs_CTR;MD1_vs_CTR,True,True
ACBD4,ENSG00000181513,ACBD4,ACBD4,acyl-CoA binding domain containing 4,darkgrey,darkgrey,MC100_vs_MC1,1,1,0.0042429335663343,1.6630448359485792,1.6630448359485792,MC100_vs_MC1,-1.6630448359485792,0.0042429335663343,down_in_tested,0,1,module_trait;deg_fraction,True,particle_size_um,0.6222385633532055,0.0025949251469398,0.0591962437092721,0.06215554194733619,,,,-1.6630448359485792,,,,,,0.0042429335663343,,,,,,down_in_tested,,,3266,203,5,MA100_vs_CTR;MA100_vs_MA1;MC100_vs_MC1;MC1_vs_CTR;MD1_vs_CTR,True,True
RFX1,ENSG00000132005,RFX1,RFX1,regulatory factor X1,gainsboro,gainsboro,MC100_vs_MC1;MC1_vs_CTR,2,2,0.0042644158204884,1.642549023688152,1.4395733652172111,MC100_vs_MC1,-1.642549023688152,0.0042644158204884,down_in_tested,1,1,deg_fraction,True,particle_size_um,-0.2764543534617769,0.2250855359964076,0.5934073221723475,0.04092526690391459,,,,-1.642549023688152,1.2365977067462703,,,,,0.0042644158204884,0.0420458306196998,,,,,down_in_tested,up_in_tested,,1124,46,6,MA100_vs_CTR;MA100_vs_MA1;MA1_vs_CTR;MC100_vs_MC1;MC1_vs_CTR;MD1_vs_CTR,True,False
JPH2,ENSG00000149596,JPH2,JPH2,junctophilin 2,darkgrey,darkgrey,MC100_vs_MC1,1,1,0.0042909502977755,1.8931997572538484,1.8931997572538484,MC100_vs_MC1,-1.8931997572538484,0.0042909502977755,down_in_tested,0,1,module_trait;deg_fraction,True,particle_size_um,0.6222385633532055,0.0025949251469398,0.0591962437092721,0.06215554194733619,,,,-1.8931997572538484,,,,,,0.0042909502977755,,,,,,down_in_tested,,,3266,203,5,MA100_vs_CTR;MA100_vs_MA1;MC100_vs_MC1;MC1_vs_CTR;MD1_vs_CTR,True,True
ITGA3,ENSG00000005884,ITGA3,ITGA3,integrin subunit alpha 3,darkgrey,darkgrey,MC100_vs_MC1,1,1,0.0043664508807169,1.1418145801880433,1.1418145801880433,MC100_vs_MC1,-1.1418145801880433,0.0043664508807169,down_in_tested,0,1,module_trait;deg_fraction,True,particle_size_um,0.6222385633532055,0.0025949251469398,0.0591962437092721,0.06215554194733619,,,,-1.1418145801880433,,,,,,0.0043664508807169,,,,,,down_in_tested,,,3266,203,5,MA100_vs_CTR;MA100_vs_MA1;MC100_vs_MC1;MC1_vs_CTR;MD1_vs_CTR,True,True
FZD4,ENSG00000174804,FZD4,FZD4,frizzled class receptor 4,dimgrey,dimgrey,MA100_vs_CTR,1,1,0.0044428231647368,1.2761575811392476,1.2761575811392476,MA100_vs_CTR,-1.2761575811392476,0.0044428231647368,down_in_tested,0,1,deg_fraction,True,particle_size_um,-0.1867202754883606,0.4176932392721358,0.7331959097856707,0.07777491630182848,-1.2761575811392476,,,,,,0.0044428231647368,,,,,,down_in_tested,,,,,,3883,302,6,MA100_vs_CTR;MA100_vs_MA1;MA1_vs_CTR;MC100_vs_MC1;MC1_vs_CTR;MD1_vs_CTR,True,False
BECN1,ENSG00000126581,BECN1,BECN1,beclin 1,darkgrey,darkgrey,MC100_vs_MC1;MC1_vs_CTR,2,2,0.0046004412479032,1.9817042237117544,1.6204835278519247,MC100_vs_MC1,-1.9817042237117544,0.0046004412479032,down_in_tested,1,1,module_trait;deg_fraction,True,particle_size_um,0.6222385633532055,0.0025949251469398,0.0591962437092721,0.06215554194733619,,,,-1.9817042237117544,1.259262831992095,,,,,0.0046004412479032,0.0953709928076529,,,,,down_in_tested,up_in_tested,,3266,203,5,MA100_vs_CTR;MA100_vs_MA1;MC100_vs_MC1;MC1_vs_CTR;MD1_vs_CTR,True,True
HLA-DPB1,ENSG00000223865,HLA-DPB1,HLA-DPB1,"major histocompatibility complex, class II, DP beta 1",dimgrey,dimgrey,MC100_vs_MC1,1,1,0.0046053101345958,2.352488972887215,2.352488972887215,MC100_vs_MC1,2.352488972887215,0.0046053101345958,up_in_tested,1,0,deg_fraction,True,particle_size_um,-0.1867202754883606,0.4176932392721358,0.7331959097856707,0.07777491630182848,,,,2.352488972887215,,,,,,0.0046053101345958,,,,,,up_in_tested,,,3883,302,6,MA100_vs_CTR;MA100_vs_MA1;MA1_vs_CTR;MC100_vs_MC1;MC1_vs_CTR;MD1_vs_CTR,True,False
PPP1R37,ENSG00000104866,PPP1R37,PPP1R37,protein phosphatase 1 regulatory subunit 37,darkgrey,darkgrey,MC100_vs_MC1,1,1,0.0047828591559856,1.1967026843738622,1.1967026843738622,MC100_vs_MC1,-1.1967026843738622,0.0047828591559856,down_in_tested,0,1,module_trait;deg_fraction,True,particle_size_um,0.6222385633532055,0.0025949251469398,0.0591962437092721,0.06215554194733619,,,,-1.1967026843738622,,,,,,0.0047828591559856,,,,,,down_in_tested,,,3266,203,5,MA100_vs_CTR;MA100_vs_MA1;MC100_vs_MC1;MC1_vs_CTR;MD1_vs_CTR,True,True
GALK2,ENSG00000156958,GALK2,GALK2,galactokinase 2,white,white,MA100_vs_CTR;MC100_vs_MC1,2,2,0.0048130285604313,1.413227289398198,1.2699288083884341,MC100_vs_MC1,1.413227289398198,0.0048130285604313,up_in_tested,2,0,deg_fraction,True,particle_size_um,0.1986467889396642,0.388015130431676,0.7331959097856707,0.01892744479495268,1.12663032737867,,,1.413227289398198,,,0.0372485435674367,,,0.0048130285604313,,,up_in_tested,,,up_in_tested,,,317,6,4,MA100_vs_CTR;MC100_vs_MC1;MC1_vs_CTR;MD1_vs_CTR,True,False
RPS23,ENSG00000186468,RPS23,RPS23,ribosomal protein S23,dimgrey,dimgrey,MA100_vs_CTR;MD1_vs_CTR,2,2,0.0048339499198606,1.0517125363878792,1.03056153726531,MA100_vs_CTR,-1.0517125363878792,0.0048339499198606,down_in_tested,0,2,deg_fraction,True,particle_size_um,-0.1867202754883606,0.4176932392721358,0.7331959097856707,0.07777491630182848,-1.0517125363878792,,,,,-1.009410538142741,0.0048339499198606,,,,,0.0070197018758402,down_in_tested,,,,,down_in_tested,3883,302,6,MA100_vs_CTR;MA100_vs_MA1;MA1_vs_CTR;MC100_vs_MC1;MC1_vs_CTR;MD1_vs_CTR,True,False
BNC1,ENSG00000169594,BNC1,BNC1,basonuclin zinc finger protein 1,dimgrey,dimgrey,MC100_vs_MC1,1,1,0.0049034439387408,2.6962865510600054,2.6962865510600054,MC100_vs_MC1,2.6962865510600054,0.0049034439387408,up_in_tested,1,0,deg_fraction,True,particle_size_um,-0.1867202754883606,0.4176932392721358,0.7331959097856707,0.07777491630182848,,,,2.6962865510600054,,,,,,0.0049034439387408,,,,,,up_in_tested,,,3883,302,6,MA100_vs_CTR;MA100_vs_MA1;MA1_vs_CTR;MC100_vs_MC1;MC1_vs_CTR;MD1_vs_CTR,True,False
MTERF3,ENSG00000156469,MTERF3,MTERF3,mitochondrial transcription termination factor 3,dimgrey,dimgrey,MC1_vs_CTR;MD1_vs_CTR,2,2,0.0049416737285958,1.2196751393053136,1.175710585273512,MD1_vs_CTR,-1.2196751393053136,0.0049416737285958,down_in_tested,0,2,deg_fraction,True,particle_size_um,-0.1867202754883606,0.4176932392721358,0.7331959097856707,0.07777491630182848,,,,,-1.13174603124171,-1.2196751393053136,,,,,0.0084998855145146,0.0049416737285958,,,,,down_in_tested,down_in_tested,3883,302,6,MA100_vs_CTR;MA100_vs_MA1;MA1_vs_CTR;MC100_vs_MC1;MC1_vs_CTR;MD1_vs_CTR,True,False
ZBTB24,ENSG00000112365,ZBTB24,ZBTB24,zinc finger and BTB domain containing 24,dimgrey,dimgrey,MA100_vs_CTR,1,1,0.0050841942992006,1.1442950752138366,1.1442950752138366,MA100_vs_CTR,-1.1442950752138366,0.0050841942992006,down_in_tested,0,1,deg_fraction,True,particle_size_um,-0.1867202754883606,0.4176932392721358,0.7331959097856707,0.07777491630182848,-1.1442950752138366,,,,,,0.0050841942992006,,,,,,down_in_tested,,,,,,3883,302,6,MA100_vs_CTR;MA100_vs_MA1;MA1_vs_CTR;MC100_vs_MC1;MC1_vs_CTR;MD1_vs_CTR,True,False
GPN1,ENSG00000198522,GPN1,GPN1,GPN-loop GTPase 1,dimgrey,dimgrey,MA100_vs_CTR,1,1,0.0051308558210857,1.0220179624919583,1.0220179624919583,MA100_vs_CTR,-1.0220179624919583,0.0051308558210857,down_in_tested,0,1,deg_fraction,True,particle_size_um,-0.1867202754883606,0.4176932392721358,0.7331959097856707,0.07777491630182848,-1.0220179624919583,,,,,,0.0051308558210857,,,,,,down_in_tested,,,,,,3883,302,6,MA100_vs_CTR;MA100_vs_MA1;MA1_vs_CTR;MC100_vs_MC1;MC1_vs_CTR;MD1_vs_CTR,True,False
SOCS1,ENSG00000185338,SOCS1,SOCS1,suppressor of cytokine signaling 1,darkgrey,darkgrey,MA100_vs_CTR;MC1_vs_CTR,2,2,0.0051757168184849,1.1738963692354645,1.1113436664998382,MA100_vs_CTR,1.1738963692354645,0.0051757168184849,up_in_tested,2,0,module_trait;deg_fraction,True,particle_size_um,0.6222385633532055,0.0025949251469398,0.0591962437092721,0.06215554194733619,1.1738963692354645,,,,1.048790963764212,,0.0051757168184849,,,,0.0123408033756783,,up_in_tested,,,,up_in_tested,,3266,203,5,MA100_vs_CTR;MA100_vs_MA1;MC100_vs_MC1;MC1_vs_CTR;MD1_vs_CTR,True,True
LYNX1,ENSG00000180155,LYNX1,LYNX1,Ly6/neurotoxin 1,darkgrey,darkgrey,MA100_vs_CTR;MC1_vs_CTR,2,2,0.0051757168184849,1.1293089680493442,1.0769988354784825,MA100_vs_CTR,1.1293089680493442,0.0051757168184849,up_in_tested,2,0,module_trait;deg_fraction,True,particle_size_um,0.6222385633532055,0.0025949251469398,0.0591962437092721,0.06215554194733619,1.1293089680493442,,,,1.0246887029076206,,0.0051757168184849,,,,0.0108668585678218,,up_in_tested,,,,up_in_tested,,3266,203,5,MA100_vs_CTR;MA100_vs_MA1;MC100_vs_MC1;MC1_vs_CTR;MD1_vs_CTR,True,True
TXNDC11,ENSG00000153066,TXNDC11,TXNDC11,thioredoxin domain containing 11,dimgrey,dimgrey,MC100_vs_MC1,1,1,0.0051993954374204,1.9322588713559208,1.9322588713559208,MC100_vs_MC1,1.9322588713559208,0.0051993954374204,up_in_tested,1,0,deg_fraction,True,particle_size_um,-0.1867202754883606,0.4176932392721358,0.7331959097856707,0.07777491630182848,,,,1.9322588713559208,,,,,,0.0051993954374204,,,,,,up_in_tested,,,3883,302,6,MA100_vs_CTR;MA100_vs_MA1;MA1_vs_CTR;MC100_vs_MC1;MC1_vs_CTR;MD1_vs_CTR,True,False
MAPK11,ENSG00000185386,MAPK11,MAPK11,mitogen-activated protein kinase 11,darkgrey,darkgrey,MC100_vs_MC1,1,1,0.0054042447233448,1.2431047544559253,1.2431047544559253,MC100_vs_MC1,-1.2431047544559253,0.0054042447233448,down_in_tested,0,1,module_trait;deg_fraction,True,particle_size_um,0.6222385633532055,0.0025949251469398,0.0591962437092721,0.06215554194733619,,,,-1.2431047544559253,,,,,,0.0054042447233448,,,,,,down_in_tested,,,3266,203,5,MA100_vs_CTR;MA100_vs_MA1;MC100_vs_MC1;MC1_vs_CTR;MD1_vs_CTR,True,True
PLXNB2,ENSG00000196576,PLXNB2,PLXNB2,plexin B2,dimgrey,dimgrey,MC100_vs_MC1,1,1,0.0055063427942909,1.0773691352363295,1.0773691352363295,MC100_vs_MC1,-1.0773691352363295,0.0055063427942909,down_in_tested,0,1,deg_fraction,True,particle_size_um,-0.1867202754883606,0.4176932392721358,0.7331959097856707,0.07777491630182848,,,,-1.0773691352363295,,,,,,0.0055063427942909,,,,,,down_in_tested,,,3883,302,6,MA100_vs_CTR;MA100_vs_MA1;MA1_vs_CTR;MC100_vs_MC1;MC1_vs_CTR;MD1_vs_CTR,True,False
ACTG1,ENSG00000184009,ACTG1,ACTG1,actin gamma 1,dimgrey,dimgrey,MC1_vs_CTR;MD1_vs_CTR,2,2,0.0055651301287513,1.1368187605259337,1.0877504448681494,MD1_vs_CTR,-1.1368187605259337,0.0055651301287513,down_in_tested,0,2,deg_fraction,True,particle_size_um,-0.1867202754883606,0.4176932392721358,0.7331959097856707,0.07777491630182848,,,,,-1.0386821292103652,-1.1368187605259337,,,,,0.0108668585678218,0.0055651301287513,,,,,down_in_tested,down_in_tested,3883,302,6,MA100_vs_CTR;MA100_vs_MA1;MA1_vs_CTR;MC100_vs_MC1;MC1_vs_CTR;MD1_vs_CTR,True,False
TRAPPC13,ENSG00000113597,TRAPPC13,TRAPPC13,trafficking protein particle complex subunit 13,dimgrey,dimgrey,MC100_vs_MC1;MC1_vs_CTR,2,2,0.005575767004954,1.3283576200476297,1.3055044577874693,MC1_vs_CTR,-1.3283576200476297,0.005575767004954,down_in_tested,1,1,deg_fraction,True,particle_size_um,-0.1867202754883606,0.4176932392721358,0.7331959097856707,0.07777491630182848,,,,1.282651295527309,-1.3283576200476297,,,,,0.0065207570521159,0.005575767004954,,,,,up_in_tested,down_in_tested,,3883,302,6,MA100_vs_CTR;MA100_vs_MA1;MA1_vs_CTR;MC100_vs_MC1;MC1_vs_CTR;MD1_vs_CTR,True,False
ZBTB42,ENSG00000179627,ZBTB42,ZBTB42,zinc finger and BTB domain containing 42,darkgrey,darkgrey,MC100_vs_MC1,1,1,0.0058026109081592,1.9496451418978205,1.9496451418978205,MC100_vs_MC1,-1.9496451418978205,0.0058026109081592,down_in_tested,0,1,module_trait;deg_fraction,True,particle_size_um,0.6222385633532055,0.0025949251469398,0.0591962437092721,0.06215554194733619,,,,-1.9496451418978205,,,,,,0.0058026109081592,,,,,,down_in_tested,,,3266,203,5,MA100_vs_CTR;MA100_vs_MA1;MC100_vs_MC1;MC1_vs_CTR;MD1_vs_CTR,True,True
HDAC5,ENSG00000108840,HDAC5,HDAC5,histone deacetylase 5,dimgrey,dimgrey,MC100_vs_MC1,1,1,0.0058039761191496,1.1839768133102735,1.1839768133102735,MC100_vs_MC1,-1.1839768133102735,0.0058039761191496,down_in_tested,0,1,deg_fraction,True,particle_size_um,-0.1867202754883606,0.4176932392721358,0.7331959097856707,0.07777491630182848,,,,-1.1839768133102735,,,,,,0.0058039761191496,,,,,,down_in_tested,,,3883,302,6,MA100_vs_CTR;MA100_vs_MA1;MA1_vs_CTR;MC100_vs_MC1;MC1_vs_CTR;MD1_vs_CTR,True,False
NOX1,ENSG00000007952,NOX1,NOX1,NADPH oxidase 1,darkgrey,darkgrey,MC100_vs_MC1,1,1,0.0059141384969485,1.5134604051319802,1.5134604051319802,MC100_vs_MC1,-1.5134604051319802,0.0059141384969485,down_in_tested,0,1,module_trait;deg_fraction,True,particle_size_um,0.6222385633532055,0.0025949251469398,0.0591962437092721,0.06215554194733619,,,,-1.5134604051319802,,,,,,0.0059141384969485,,,,,,down_in_tested,,,3266,203,5,MA100_vs_CTR;MA100_vs_MA1;MC100_vs_MC1;MC1_vs_CTR;MD1_vs_CTR,True,True
CTSZ,ENSG00000101160,CTSZ,CTSZ,cathepsin Z,darkgrey,darkgrey,MC100_vs_MC1,1,1,0.0059164788706437,1.5615480343352524,1.5615480343352524,MC100_vs_MC1,-1.5615480343352524,0.0059164788706437,down_in_tested,0,1,module_trait;deg_fraction,True,particle_size_um,0.6222385633532055,0.0025949251469398,0.0591962437092721,0.06215554194733619,,,,-1.5615480343352524,,,,,,0.0059164788706437,,,,,,down_in_tested,,,3266,203,5,MA100_vs_CTR;MA100_vs_MA1;MC100_vs_MC1;MC1_vs_CTR;MD1_vs_CTR,True,True
ZSWIM9,ENSG00000185453,ZSWIM9,ZSWIM9,zinc finger SWIM-type containing 9,darkgrey,darkgrey,MA100_vs_CTR,1,1,0.0060075338639219,1.0014188249829192,1.0014188249829192,MA100_vs_CTR,1.0014188249829192,0.0060075338639219,up_in_tested,1,0,module_trait;deg_fraction,True,particle_size_um,0.6222385633532055,0.0025949251469398,0.0591962437092721,0.06215554194733619,1.0014188249829192,,,,,,0.0060075338639219,,,,,,up_in_tested,,,,,,3266,203,5,MA100_vs_CTR;MA100_vs_MA1;MC100_vs_MC1;MC1_vs_CTR;MD1_vs_CTR,True,True
GPHRA,ENSG00000117262,GPHRA,GPHRA,golgi pH regulator A,dimgrey,dimgrey,MA100_vs_CTR,1,1,0.0061394792820724,1.0414896296362426,1.0414896296362426,MA100_vs_CTR,-1.0414896296362426,0.0061394792820724,down_in_tested,0,1,deg_fraction,True,particle_size_um,-0.1867202754883606,0.4176932392721358,0.7331959097856707,0.07777491630182848,-1.0414896296362426,,,,,,0.0061394792820724,,,,,,down_in_tested,,,,,,3883,302,6,MA100_vs_CTR;MA100_vs_MA1;MA1_vs_CTR;MC100_vs_MC1;MC1_vs_CTR;MD1_vs_CTR,True,False
SMPDL3A,ENSG00000172594,SMPDL3A,SMPDL3A,sphingomyelin phosphodiesterase acid like 3A,mistyrose,mistyrose,MC100_vs_MC1,1,1,0.0061650753406777,1.2939289106582337,1.2939289106582337,MC100_vs_MC1,1.2939289106582337,0.0061650753406777,up_in_tested,1,0,deg_fraction,True,particle_size_um,-0.3310821963795144,0.1426416782130668,0.5170760835223672,0.01784037558685446,,,,1.2939289106582337,,,,,,0.0061650753406777,,,,,,up_in_tested,,,2130,38,3,MA100_vs_CTR;MC100_vs_MC1;MC1_vs_CTR,True,False
SMDT1,ENSG00000183172,SMDT1,SMDT1,single-pass membrane protein with aspartate rich tail 1,dimgrey,dimgrey,MC100_vs_MC1,1,1,0.0062804624606631,1.3362753655702682,1.3362753655702682,MC100_vs_MC1,1.3362753655702682,0.0062804624606631,up_in_tested,1,0,deg_fraction,True,particle_size_um,-0.1867202754883606,0.4176932392721358,0.7331959097856707,0.07777491630182848,,,,1.3362753655702682,,,,,,0.0062804624606631,,,,,,up_in_tested,,,3883,302,6,MA100_vs_CTR;MA100_vs_MA1;MA1_vs_CTR;MC100_vs_MC1;MC1_vs_CTR;MD1_vs_CTR,True,False
IL17RC,ENSG00000163702,IL17RC,IL17RC,interleukin 17 receptor C,darkgrey,darkgrey,MC100_vs_MC1,1,1,0.006365046203996,1.823961380247388,1.823961380247388,MC100_vs_MC1,-1.823961380247388,0.006365046203996,down_in_tested,0,1,module_trait;deg_fraction,True,particle_size_um,0.6222385633532055,0.0025949251469398,0.0591962437092721,0.06215554194733619,,,,-1.823961380247388,,,,,,0.006365046203996,,,,,,down_in_tested,,,3266,203,5,MA100_vs_CTR;MA100_vs_MA1;MC100_vs_MC1;MC1_vs_CTR;MD1_vs_CTR,True,True
LXN,ENSG00000079257,LXN,LXN,latexin,dimgrey,dimgrey,MA100_vs_CTR;MD1_vs_CTR,2,2,0.006473962543451,1.620309295704063,1.4036707150377912,MA100_vs_CTR,-1.620309295704063,0.006473962543451,down_in_tested,0,2,deg_fraction,True,particle_size_um,-0.1867202754883606,0.4176932392721358,0.7331959097856707,0.07777491630182848,-1.620309295704063,,,,,-1.187032134371519,0.006473962543451,,,,,0.0562758847402866,down_in_tested,,,,,down_in_tested,3883,302,6,MA100_vs_CTR;MA100_vs_MA1;MA1_vs_CTR;MC100_vs_MC1;MC1_vs_CTR;MD1_vs_CTR,True,False
EMC4,ENSG00000128463,EMC4,EMC4,ER membrane protein complex subunit 4,dimgrey,dimgrey,MC100_vs_MC1,1,1,0.0065034743073486,2.4755043054650154,2.4755043054650154,MC100_vs_MC1,2.4755043054650154,0.0065034743073486,up_in_tested,1,0,deg_fraction,True,particle_size_um,-0.1867202754883606,0.4176932392721358,0.7331959097856707,0.07777491630182848,,,,2.4755043054650154,,,,,,0.0065034743073486,,,,,,up_in_tested,,,3883,302,6,MA100_vs_CTR;MA100_vs_MA1;MA1_vs_CTR;MC100_vs_MC1;MC1_vs_CTR;MD1_vs_CTR,True,False
BAG6,ENSG00000204463,BAG6,BAG6,BAG cochaperone 6,dimgrey,dimgrey,MA100_vs_CTR,1,1,0.0067144529214394,1.0959316278446054,1.0959316278446054,MA100_vs_CTR,-1.0959316278446054,0.0067144529214394,down_in_tested,0,1,deg_fraction,True,particle_size_um,-0.1867202754883606,0.4176932392721358,0.7331959097856707,0.07777491630182848,-1.0959316278446054,,,,,,0.0067144529214394,,,,,,down_in_tested,,,,,,3883,302,6,MA100_vs_CTR;MA100_vs_MA1;MA1_vs_CTR;MC100_vs_MC1;MC1_vs_CTR;MD1_vs_CTR,True,False
MARS1,ENSG00000166986,MARS1,MARS1,methionyl-tRNA synthetase 1,dimgrey,dimgrey,MA100_vs_CTR;MD1_vs_CTR,2,2,0.0068211836174753,1.1853210538363466,1.1175584508003373,MA100_vs_CTR,-1.1853210538363466,0.0068211836174753,down_in_tested,0,2,deg_fraction,True,particle_size_um,-0.1867202754883606,0.4176932392721358,0.7331959097856707,0.07777491630182848,-1.1853210538363466,,,,,-1.0497958477643283,0.0068211836174753,,,,,0.0178208341685364,down_in_tested,,,,,down_in_tested,3883,302,6,MA100_vs_CTR;MA100_vs_MA1;MA1_vs_CTR;MC100_vs_MC1;MC1_vs_CTR;MD1_vs_CTR,True,False
HIGD2B,ENSG00000175202,HIGD2B,HIGD2B,HIG1 hypoxia inducible domain family member 2B,darkgrey,darkgrey,MC100_vs_MC1,1,1,0.0068460041786249,2.367077998461688,2.367077998461688,MC100_vs_MC1,-2.367077998461688,0.0068460041786249,down_in_tested,0,1,module_trait;deg_fraction,True,particle_size_um,0.6222385633532055,0.0025949251469398,0.0591962437092721,0.06215554194733619,,,,-2.367077998461688,,,,,,0.0068460041786249,,,,,,down_in_tested,,,3266,203,5,MA100_vs_CTR;MA100_vs_MA1;MC100_vs_MC1;MC1_vs_CTR;MD1_vs_CTR,True,True
CCDC39,ENSG00000284862,CCDC39,CCDC39,coiled-coil domain 39 molecular ruler complex subunit,gainsboro,gainsboro,MC100_vs_MC1,1,1,0.0069438170217921,2.211751514351033,2.211751514351033,MC100_vs_MC1,-2.211751514351033,0.0069438170217921,down_in_tested,0,1,deg_fraction,True,particle_size_um,-0.2764543534617769,0.2250855359964076,0.5934073221723475,0.04092526690391459,,,,-2.211751514351033,,,,,,0.0069438170217921,,,,,,down_in_tested,,,1124,46,6,MA100_vs_CTR;MA100_vs_MA1;MA1_vs_CTR;MC100_vs_MC1;MC1_vs_CTR;MD1_vs_CTR,True,False
CHAF1B,ENSG00000159259,CHAF1B,CHAF1B,chromatin assembly factor 1 subunit B,dimgrey,dimgrey,MA100_vs_CTR,1,1,0.0071054658994966,1.0097892389171732,1.0097892389171732,MA100_vs_CTR,-1.0097892389171732,0.0071054658994966,down_in_tested,0,1,deg_fraction,True,particle_size_um,-0.1867202754883606,0.4176932392721358,0.7331959097856707,0.07777491630182848,-1.0097892389171732,,,,,,0.0071054658994966,,,,,,down_in_tested,,,,,,3883,302,6,MA100_vs_CTR;MA100_vs_MA1;MA1_vs_CTR;MC100_vs_MC1;MC1_vs_CTR;MD1_vs_CTR,True,False
RBM43,ENSG00000184898,RBM43,RBM43,RNA binding motif protein 43,gainsboro,gainsboro,MD1_vs_CTR,1,1,0.0071380784768566,1.0403256094639313,1.0403256094639313,MD1_vs_CTR,1.0403256094639313,0.0071380784768566,up_in_tested,1,0,deg_fraction,True,particle_size_um,-0.2764543534617769,0.2250855359964076,0.5934073221723475,0.04092526690391459,,,,,,1.0403256094639313,,,,,,0.0071380784768566,,,,,,up_in_tested,1124,46,6,MA100_vs_CTR;MA100_vs_MA1;MA1_vs_CTR;MC100_vs_MC1;MC1_vs_CTR;MD1_vs_CTR,True,False
DGKI,ENSG00000157680,DGKI,DGKI,diacylglycerol kinase iota,darkgrey,darkgrey,MD1_vs_CTR,1,1,0.0072302816502446,1.234177365760909,1.234177365760909,MD1_vs_CTR,1.234177365760909,0.0072302816502446,up_in_tested,1,0,module_trait;deg_fraction,True,particle_size_um,0.6222385633532055,0.0025949251469398,0.0591962437092721,0.06215554194733619,,,,,,1.234177365760909,,,,,,0.0072302816502446,,,,,,up_in_tested,3266,203,5,MA100_vs_CTR;MA100_vs_MA1;MC100_vs_MC1;MC1_vs_CTR;MD1_vs_CTR,True,True
ZRANB1,ENSG00000019995,ZRANB1,ZRANB1,zinc finger RANBP2-type containing 1,dimgrey,dimgrey,MA100_vs_CTR,1,1,0.0073086701936406,1.5803696461080166,1.5803696461080166,MA100_vs_CTR,1.5803696461080166,0.0073086701936406,up_in_tested,1,0,deg_fraction,True,particle_size_um,-0.1867202754883606,0.4176932392721358,0.7331959097856707,0.07777491630182848,1.5803696461080166,,,,,,0.0073086701936406,,,,,,up_in_tested,,,,,,3883,302,6,MA100_vs_CTR;MA100_vs_MA1;MA1_vs_CTR;MC100_vs_MC1;MC1_vs_CTR;MD1_vs_CTR,True,False
NACAD,ENSG00000136274,NACAD,NACAD,NAC alpha domain containing,darkgrey,darkgrey,MD1_vs_CTR,1,1,0.0075021622464327,1.1813258528117838,1.1813258528117838,MD1_vs_CTR,1.1813258528117838,0.0075021622464327,up_in_tested,1,0,module_trait;deg_fraction,True,particle_size_um,0.6222385633532055,0.0025949251469398,0.0591962437092721,0.06215554194733619,,,,,,1.1813258528117838,,,,,,0.0075021622464327,,,,,,up_in_tested,3266,203,5,MA100_vs_CTR;MA100_vs_MA1;MC100_vs_MC1;MC1_vs_CTR;MD1_vs_CTR,True,True
ACAA2,ENSG00000167315,ACAA2,ACAA2,acetyl-CoA acyltransferase 2,dimgrey,dimgrey,MC100_vs_MC1,1,1,0.0075518550159637,1.2005725066798227,1.2005725066798227,MC100_vs_MC1,1.2005725066798227,0.0075518550159637,up_in_tested,1,0,deg_fraction,True,particle_size_um,-0.1867202754883606,0.4176932392721358,0.7331959097856707,0.07777491630182848,,,,1.2005725066798227,,,,,,0.0075518550159637,,,,,,up_in_tested,,,3883,302,6,MA100_vs_CTR;MA100_vs_MA1;MA1_vs_CTR;MC100_vs_MC1;MC1_vs_CTR;MD1_vs_CTR,True,False
CYP1B1,ENSG00000138061,CYP1B1,CYP1B1,cytochrome P450 family 1 subfamily B member 1,dimgrey,dimgrey,MC1_vs_CTR,1,1,0.0077597354741171,1.0345654826043371,1.0345654826043371,MC1_vs_CTR,1.0345654826043371,0.0077597354741171,up_in_tested,1,0,deg_fraction,True,particle_size_um,-0.1867202754883606,0.4176932392721358,0.7331959097856707,0.07777491630182848,,,,,1.0345654826043371,,,,,,0.0077597354741171,,,,,,up_in_tested,,3883,302,6,MA100_vs_CTR;MA100_vs_MA1;MA1_vs_CTR;MC100_vs_MC1;MC1_vs_CTR;MD1_vs_CTR,True,False
CNST,ENSG00000162852,CNST,CNST,"consortin, connexin sorting protein",dimgrey,dimgrey,MC1_vs_CTR,1,1,0.0078448833779088,1.0290662248753188,1.0290662248753188,MC1_vs_CTR,-1.0290662248753188,0.0078448833779088,down_in_tested,0,1,deg_fraction,True,particle_size_um,-0.1867202754883606,0.4176932392721358,0.7331959097856707,0.07777491630182848,,,,,-1.0290662248753188,,,,,,0.0078448833779088,,,,,,down_in_tested,,3883,302,6,MA100_vs_CTR;MA100_vs_MA1;MA1_vs_CTR;MC100_vs_MC1;MC1_vs_CTR;MD1_vs_CTR,True,False
FLOT1,ENSG00000137312,FLOT1,FLOT1,flotillin 1,dimgrey,dimgrey,MA100_vs_CTR,1,1,0.0080716315794637,1.86318586847002,1.86318586847002,MA100_vs_CTR,-1.86318586847002,0.0080716315794637,down_in_tested,0,1,deg_fraction,True,particle_size_um,-0.1867202754883606,0.4176932392721358,0.7331959097856707,0.07777491630182848,-1.86318586847002,,,,,,0.0080716315794637,,,,,,down_in_tested,,,,,,3883,302,6,MA100_vs_CTR;MA100_vs_MA1;MA1_vs_CTR;MC100_vs_MC1;MC1_vs_CTR;MD1_vs_CTR,True,False
FOLR3,ENSG00000110203,FOLR3,FOLR3,folate receptor gamma,dimgrey,dimgrey,MC100_vs_MC1,1,1,0.0081497665322925,2.6863670479025954,2.6863670479025954,MC100_vs_MC1,2.6863670479025954,0.0081497665322925,up_in_tested,1,0,deg_fraction,True,particle_size_um,-0.1867202754883606,0.4176932392721358,0.7331959097856707,0.07777491630182848,,,,2.6863670479025954,,,,,,0.0081497665322925,,,,,,up_in_tested,,,3883,302,6,MA100_vs_CTR;MA100_vs_MA1;MA1_vs_CTR;MC100_vs_MC1;MC1_vs_CTR;MD1_vs_CTR,True,False
C1orf216,ENSG00000142686,C1orf216,C1orf216,chromosome 1 open reading frame 216,darkgrey,darkgrey,MC100_vs_MC1,1,1,0.0081497665322925,1.0138466954870908,1.0138466954870908,MC100_vs_MC1,-1.0138466954870908,0.0081497665322925,down_in_tested,0,1,module_trait;deg_fraction,True,particle_size_um,0.6222385633532055,0.0025949251469398,0.0591962437092721,0.06215554194733619,,,,-1.0138466954870908,,,,,,0.0081497665322925,,,,,,down_in_tested,,,3266,203,5,MA100_vs_CTR;MA100_vs_MA1;MC100_vs_MC1;MC1_vs_CTR;MD1_vs_CTR,True,True
QTRT1,ENSG00000213339,QTRT1,QTRT1,queuine tRNA-ribosyltransferase catalytic subunit 1,darkgrey,darkgrey,MA100_vs_CTR;MC100_vs_MC1,2,2,0.0082022656475617,1.2602816527986571,1.168866828748493,MC100_vs_MC1,-1.2602816527986571,0.0082022656475617,down_in_tested,1,1,module_trait;deg_fraction,True,particle_size_um,0.6222385633532055,0.0025949251469398,0.0591962437092721,0.06215554194733619,1.077452004698329,,,-1.2602816527986571,,,0.030583615061098,,,0.0082022656475617,,,up_in_tested,,,down_in_tested,,,3266,203,5,MA100_vs_CTR;MA100_vs_MA1;MC100_vs_MC1;MC1_vs_CTR;MD1_vs_CTR,True,True
SLC26A1,ENSG00000145217,SLC26A1,SLC26A1,solute carrier family 26 member 1,dimgrey,dimgrey,MA100_vs_CTR,1,1,0.0082167173069986,1.0968693683456447,1.0968693683456447,MA100_vs_CTR,-1.0968693683456447,0.0082167173069986,down_in_tested,0,1,deg_fraction,True,particle_size_um,-0.1867202754883606,0.4176932392721358,0.7331959097856707,0.07777491630182848,-1.0968693683456447,,,,,,0.0082167173069986,,,,,,down_in_tested,,,,,,3883,302,6,MA100_vs_CTR;MA100_vs_MA1;MA1_vs_CTR;MC100_vs_MC1;MC1_vs_CTR;MD1_vs_CTR,True,False
HIVEP1,ENSG00000095951,HIVEP1,HIVEP1,HIVEP zinc finger 1,darkgrey,darkgrey,MA100_vs_CTR,1,1,0.0083315336898963,1.0555236785279674,1.0555236785279674,MA100_vs_CTR,1.0555236785279674,0.0083315336898963,up_in_tested,1,0,module_trait;deg_fraction,True,particle_size_um,0.6222385633532055,0.0025949251469398,0.0591962437092721,0.06215554194733619,1.0555236785279674,,,,,,0.0083315336898963,,,,,,up_in_tested,,,,,,3266,203,5,MA100_vs_CTR;MA100_vs_MA1;MC100_vs_MC1;MC1_vs_CTR;MD1_vs_CTR,True,True
AP1S1,ENSG00000106367,AP1S1,AP1S1,adaptor related protein complex 1 subunit sigma 1,darkgrey,darkgrey,MC100_vs_MC1,1,1,0.0084763585832563,1.1944315891051114,1.1944315891051114,MC100_vs_MC1,-1.1944315891051114,0.0084763585832563,down_in_tested,0,1,module_trait;deg_fraction,True,particle_size_um,0.6222385633532055,0.0025949251469398,0.0591962437092721,0.06215554194733619,,,,-1.1944315891051114,,,,,,0.0084763585832563,,,,,,down_in_tested,,,3266,203,5,MA100_vs_CTR;MA100_vs_MA1;MC100_vs_MC1;MC1_vs_CTR;MD1_vs_CTR,True,True
ACADS,ENSG00000122971,ACADS,ACADS,acyl-CoA dehydrogenase short chain,darkgrey,darkgrey,MD1_vs_CTR,1,1,0.0086539624694082,1.0848278885978284,1.0848278885978284,MD1_vs_CTR,1.0848278885978284,0.0086539624694082,up_in_tested,1,0,module_trait;deg_fraction,True,particle_size_um,0.6222385633532055,0.0025949251469398,0.0591962437092721,0.06215554194733619,,,,,,1.0848278885978284,,,,,,0.0086539624694082,,,,,,up_in_tested,3266,203,5,MA100_vs_CTR;MA100_vs_MA1;MC100_vs_MC1;MC1_vs_CTR;MD1_vs_CTR,True,True
MRPL28,ENSG00000086504,MRPL28,MRPL28,mitochondrial ribosomal protein L28,darkgrey,darkgrey,MA100_vs_MA1,1,1,0.0087139598586286,1.250497762292745,1.250497762292745,MA100_vs_MA1,1.250497762292745,0.0087139598586286,up_in_tested,1,0,module_trait;deg_fraction,True,particle_size_um,0.6222385633532055,0.0025949251469398,0.0591962437092721,0.06215554194733619,,1.250497762292745,,,,,,0.0087139598586286,,,,,,up_in_tested,,,,,3266,203,5,MA100_vs_CTR;MA100_vs_MA1;MC100_vs_MC1;MC1_vs_CTR;MD1_vs_CTR,True,True
DOHH,ENSG00000129932,DOHH,DOHH,deoxyhypusine hydroxylase,darkgrey,darkgrey,MA100_vs_MA1;MC100_vs_MC1,2,2,0.0089549664512852,1.411988881570487,1.361025341561003,MC100_vs_MC1,-1.411988881570487,0.0089549664512852,down_in_tested,1,1,module_trait;deg_fraction,True,particle_size_um,0.6222385633532055,0.0025949251469398,0.0591962437092721,0.06215554194733619,,1.3100618015515189,,-1.411988881570487,,,,0.0666640104540318,,0.0089549664512852,,,,up_in_tested,,down_in_tested,,,3266,203,5,MA100_vs_CTR;MA100_vs_MA1;MC100_vs_MC1;MC1_vs_CTR;MD1_vs_CTR,True,True
LRRC15,ENSG00000172061,LRRC15,LRRC15,leucine rich repeat containing 15,darkgrey,darkgrey,MC100_vs_MC1,1,1,0.0092342935306823,1.2236111562129828,1.2236111562129828,MC100_vs_MC1,-1.2236111562129828,0.0092342935306823,down_in_tested,0,1,module_trait;deg_fraction,True,particle_size_um,0.6222385633532055,0.0025949251469398,0.0591962437092721,0.06215554194733619,,,,-1.2236111562129828,,,,,,0.0092342935306823,,,,,,down_in_tested,,,3266,203,5,MA100_vs_CTR;MA100_vs_MA1;MC100_vs_MC1;MC1_vs_CTR;MD1_vs_CTR,True,True
TP53INP1,ENSG00000164938,TP53INP1,TP53INP1,tumor protein p53 inducible nuclear protein 1,dimgrey,dimgrey,MA100_vs_CTR,1,1,0.0096343100750263,1.0997994776807205,1.0997994776807205,MA100_vs_CTR,-1.0997994776807205,0.0096343100750263,down_in_tested,0,1,deg_fraction,True,particle_size_um,-0.1867202754883606,0.4176932392721358,0.7331959097856707,0.07777491630182848,-1.0997994776807205,,,,,,0.0096343100750263,,,,,,down_in_tested,,,,,,3883,302,6,MA100_vs_CTR;MA100_vs_MA1;MA1_vs_CTR;MC100_vs_MC1;MC1_vs_CTR;MD1_vs_CTR,True,False
WDR46,ENSG00000227057,WDR46,WDR46,WD repeat domain 46,dimgrey,dimgrey,MC100_vs_MC1,1,1,0.0096350505460999,1.1747482550520283,1.1747482550520283,MC100_vs_MC1,1.1747482550520283,0.0096350505460999,up_in_tested,1,0,deg_fraction,True,particle_size_um,-0.1867202754883606,0.4176932392721358,0.7331959097856707,0.07777491630182848,,,,1.1747482550520283,,,,,,0.0096350505460999,,,,,,up_in_tested,,,3883,302,6,MA100_vs_CTR;MA100_vs_MA1;MA1_vs_CTR;MC100_vs_MC1;MC1_vs_CTR;MD1_vs_CTR,True,False
RFX8,ENSG00000196460,RFX8,RFX8,regulatory factor X8,dimgrey,dimgrey,MA100_vs_CTR,1,1,0.0096928615850192,1.2046390533156206,1.2046390533156206,MA100_vs_CTR,-1.2046390533156206,0.0096928615850192,down_in_tested,0,1,deg_fraction,True,particle_size_um,-0.1867202754883606,0.4176932392721358,0.7331959097856707,0.07777491630182848,-1.2046390533156206,,,,,,0.0096928615850192,,,,,,down_in_tested,,,,,,3883,302,6,MA100_vs_CTR;MA100_vs_MA1;MA1_vs_CTR;MC100_vs_MC1;MC1_vs_CTR;MD1_vs_CTR,True,False
ASPHD1,ENSG00000174939,ASPHD1,ASPHD1,aspartate beta-hydroxylase domain containing 1,dimgrey,dimgrey,MC1_vs_CTR,1,1,0.0097134169325566,1.0762080124027162,1.0762080124027162,MC1_vs_CTR,1.0762080124027162,0.0097134169325566,up_in_tested,1,0,deg_fraction,True,particle_size_um,-0.1867202754883606,0.4176932392721358,0.7331959097856707,0.07777491630182848,,,,,1.0762080124027162,,,,,,0.0097134169325566,,,,,,up_in_tested,,3883,302,6,MA100_vs_CTR;MA100_vs_MA1;MA1_vs_CTR;MC100_vs_MC1;MC1_vs_CTR;MD1_vs_CTR,True,False
ABCB10,ENSG00000135776,ABCB10,ABCB10,ATP binding cassette subfamily B member 10,mistyrose,mistyrose,MC100_vs_MC1,1,1,0.0097777245174783,1.0687511534622725,1.0687511534622725,MC100_vs_MC1,1.0687511534622725,0.0097777245174783,up_in_tested,1,0,deg_fraction,True,particle_size_um,-0.3310821963795144,0.1426416782130668,0.5170760835223672,0.01784037558685446,,,,1.0687511534622725,,,,,,0.0097777245174783,,,,,,up_in_tested,,,2130,38,3,MA100_vs_CTR;MC100_vs_MC1;MC1_vs_CTR,True,False
SUPT20HL2,ENSG00000223611,SUPT20HL2,SUPT20HL2,SUPT20H like 2,darkgrey,darkgrey,MC100_vs_MC1,1,1,0.0098555328926395,1.7639648613353471,1.7639648613353471,MC100_vs_MC1,-1.7639648613353471,0.0098555328926395,down_in_tested,0,1,module_trait;deg_fraction,True,particle_size_um,0.6222385633532055,0.0025949251469398,0.0591962437092721,0.06215554194733619,,,,-1.7639648613353471,,,,,,0.0098555328926395,,,,,,down_in_tested,,,3266,203,5,MA100_vs_CTR;MA100_vs_MA1;MC100_vs_MC1;MC1_vs_CTR;MD1_vs_CTR,True,True
PIGBOS1,ENSG00000225973,PIGBOS1,PIGBOS1,PIGB opposite strand 1,dimgrey,dimgrey,MC100_vs_MC1,1,1,0.0100998377501718,1.0937054696967037,1.0937054696967037,MC100_vs_MC1,1.0937054696967037,0.0100998377501718,up_in_tested,1,0,deg_fraction,True,particle_size_um,-0.1867202754883606,0.4176932392721358,0.7331959097856707,0.07777491630182848,,,,1.0937054696967037,,,,,,0.0100998377501718,,,,,,up_in_tested,,,3883,302,6,MA100_vs_CTR;MA100_vs_MA1;MA1_vs_CTR;MC100_vs_MC1;MC1_vs_CTR;MD1_vs_CTR,True,False
TMEM179B,ENSG00000185475,TMEM179B,TMEM179B,transmembrane protein 179B,dimgrey,dimgrey,MC100_vs_MC1,1,1,0.0101817214139922,1.5440000439577577,1.5440000439577577,MC100_vs_MC1,1.5440000439577577,0.0101817214139922,up_in_tested,1,0,deg_fraction,True,particle_size_um,-0.1867202754883606,0.4176932392721358,0.7331959097856707,0.07777491630182848,,,,1.5440000439577577,,,,,,0.0101817214139922,,,,,,up_in_tested,,,3883,302,6,MA100_vs_CTR;MA100_vs_MA1;MA1_vs_CTR;MC100_vs_MC1;MC1_vs_CTR;MD1_vs_CTR,True,False
FAM89A,ENSG00000182118,FAM89A,FAM89A,family with sequence similarity 89 member A,dimgrey,dimgrey,MC100_vs_MC1,1,1,0.0102093368019645,1.2259171666480144,1.2259171666480144,MC100_vs_MC1,1.2259171666480144,0.0102093368019645,up_in_tested,1,0,deg_fraction,True,particle_size_um,-0.1867202754883606,0.4176932392721358,0.7331959097856707,0.07777491630182848,,,,1.2259171666480144,,,,,,0.0102093368019645,,,,,,up_in_tested,,,3883,302,6,MA100_vs_CTR;MA100_vs_MA1;MA1_vs_CTR;MC100_vs_MC1;MC1_vs_CTR;MD1_vs_CTR,True,False
PABIR1,ENSG00000187866,PABIR1,PABIR1,PP2A Aalpha (PPP2R1A) and B55A (PPP2R2A) interacting phosphatase regulator 1,dimgrey,dimgrey,MC100_vs_MC1,1,1,0.0102314905265184,1.025369202188899,1.025369202188899,MC100_vs_MC1,1.025369202188899,0.0102314905265184,up_in_tested,1,0,deg_fraction,True,particle_size_um,-0.1867202754883606,0.4176932392721358,0.7331959097856707,0.07777491630182848,,,,1.025369202188899,,,,,,0.0102314905265184,,,,,,up_in_tested,,,3883,302,6,MA100_vs_CTR;MA100_vs_MA1;MA1_vs_CTR;MC100_vs_MC1;MC1_vs_CTR;MD1_vs_CTR,True,False
TRMT10B,ENSG00000165275,TRMT10B,TRMT10B,tRNA methyltransferase 10B,darkgrey,darkgrey,MC100_vs_MC1,1,1,0.0102573008205387,1.0695685956852652,1.0695685956852652,MC100_vs_MC1,-1.0695685956852652,0.0102573008205387,down_in_tested,0,1,module_trait;deg_fraction,True,particle_size_um,0.6222385633532055,0.0025949251469398,0.0591962437092721,0.06215554194733619,,,,-1.0695685956852652,,,,,,0.0102573008205387,,,,,,down_in_tested,,,3266,203,5,MA100_vs_CTR;MA100_vs_MA1;MC100_vs_MC1;MC1_vs_CTR;MD1_vs_CTR,True,True
ERN1,ENSG00000178607,ERN1,ERN1,endoplasmic reticulum to nucleus signaling 1,dimgrey,dimgrey,MA100_vs_CTR,1,1,0.0103283115929593,1.0040553382807895,1.0040553382807895,MA100_vs_CTR,-1.0040553382807895,0.0103283115929593,down_in_tested,0,1,deg_fraction,True,particle_size_um,-0.1867202754883606,0.4176932392721358,0.7331959097856707,0.07777491630182848,-1.0040553382807895,,,,,,0.0103283115929593,,,,,,down_in_tested,,,,,,3883,302,6,MA100_vs_CTR;MA100_vs_MA1;MA1_vs_CTR;MC100_vs_MC1;MC1_vs_CTR;MD1_vs_CTR,True,False
S100A3,ENSG00000188015,S100A3,S100A3,S100 calcium binding protein A3,darkgrey,darkgrey,MC100_vs_MC1,1,1,0.0104263361397395,1.7134113225483645,1.7134113225483645,MC100_vs_MC1,-1.7134113225483645,0.0104263361397395,down_in_tested,0,1,module_trait;deg_fraction,True,particle_size_um,0.6222385633532055,0.0025949251469398,0.0591962437092721,0.06215554194733619,,,,-1.7134113225483645,,,,,,0.0104263361397395,,,,,,down_in_tested,,,3266,203,5,MA100_vs_CTR;MA100_vs_MA1;MC100_vs_MC1;MC1_vs_CTR;MD1_vs_CTR,True,True
POLR2A,ENSG00000181222,POLR2A,POLR2A,RNA polymerase II subunit A,darkgrey,darkgrey,MC100_vs_MC1,1,1,0.0106224225164382,2.0436675192839946,2.0436675192839946,MC100_vs_MC1,-2.0436675192839946,0.0106224225164382,down_in_tested,0,1,module_trait;deg_fraction,True,particle_size_um,0.6222385633532055,0.0025949251469398,0.0591962437092721,0.06215554194733619,,,,-2.0436675192839946,,,,,,0.0106224225164382,,,,,,down_in_tested,,,3266,203,5,MA100_vs_CTR;MA100_vs_MA1;MC100_vs_MC1;MC1_vs_CTR;MD1_vs_CTR,True,True
NECTIN1,ENSG00000110400,NECTIN1,NECTIN1,nectin cell adhesion molecule 1,dimgrey,dimgrey,MA100_vs_CTR,1,1,0.0107846108572284,1.1482325856079132,1.1482325856079132,MA100_vs_CTR,-1.1482325856079132,0.0107846108572284,down_in_tested,0,1,deg_fraction,True,particle_size_um,-0.1867202754883606,0.4176932392721358,0.7331959097856707,0.07777491630182848,-1.1482325856079132,,,,,,0.0107846108572284,,,,,,down_in_tested,,,,,,3883,302,6,MA100_vs_CTR;MA100_vs_MA1;MA1_vs_CTR;MC100_vs_MC1;MC1_vs_CTR;MD1_vs_CTR,True,False
BBS12,ENSG00000181004,BBS12,BBS12,Bardet-Biedl syndrome 12,mistyrose,mistyrose,MC100_vs_MC1,1,1,0.0108045396261666,1.67743478227116,1.67743478227116,MC100_vs_MC1,1.67743478227116,0.0108045396261666,up_in_tested,1,0,deg_fraction,True,particle_size_um,-0.3310821963795144,0.1426416782130668,0.5170760835223672,0.01784037558685446,,,,1.67743478227116,,,,,,0.0108045396261666,,,,,,up_in_tested,,,2130,38,3,MA100_vs_CTR;MC100_vs_MC1;MC1_vs_CTR,True,False
POFUT3,ENSG00000172728,POFUT3,POFUT3,protein O-fucosyltransferase 3,mistyrose,mistyrose,MC100_vs_MC1,1,1,0.0108045396261666,1.5701954602407056,1.5701954602407056,MC100_vs_MC1,1.5701954602407056,0.0108045396261666,up_in_tested,1,0,deg_fraction,True,particle_size_um,-0.3310821963795144,0.1426416782130668,0.5170760835223672,0.01784037558685446,,,,1.5701954602407056,,,,,,0.0108045396261666,,,,,,up_in_tested,,,2130,38,3,MA100_vs_CTR;MC100_vs_MC1;MC1_vs_CTR,True,False
EBLN2,ENSG00000255423,EBLN2,EBLN2,endogenous Bornavirus like nucleoprotein 2,mistyrose,mistyrose,MC100_vs_MC1,1,1,0.010909549629454,1.3869296586242317,1.3869296586242317,MC100_vs_MC1,1.3869296586242317,0.010909549629454,up_in_tested,1,0,deg_fraction,True,particle_size_um,-0.3310821963795144,0.1426416782130668,0.5170760835223672,0.01784037558685446,,,,1.3869296586242317,,,,,,0.010909549629454,,,,,,up_in_tested,,,2130,38,3,MA100_vs_CTR;MC100_vs_MC1;MC1_vs_CTR,True,False
COPB2,ENSG00000184432,COPB2,COPB2,coat protein complex I subunit beta 2,gainsboro,gainsboro,MD1_vs_CTR,1,1,0.0110736576600093,1.0046511405029046,1.0046511405029046,MD1_vs_CTR,1.0046511405029046,0.0110736576600093,up_in_tested,1,0,deg_fraction,True,particle_size_um,-0.2764543534617769,0.2250855359964076,0.5934073221723475,0.04092526690391459,,,,,,1.0046511405029046,,,,,,0.0110736576600093,,,,,,up_in_tested,1124,46,6,MA100_vs_CTR;MA100_vs_MA1;MA1_vs_CTR;MC100_vs_MC1;MC1_vs_CTR;MD1_vs_CTR,True,False
METTL5,ENSG00000138382,METTL5,METTL5,"methyltransferase 5, N6-adenosine",dimgrey,dimgrey,MA100_vs_CTR,1,1,0.0111909443283989,1.294820961837853,1.294820961837853,MA100_vs_CTR,-1.294820961837853,0.0111909443283989,down_in_tested,0,1,deg_fraction,True,particle_size_um,-0.1867202754883606,0.4176932392721358,0.7331959097856707,0.07777491630182848,-1.294820961837853,,,,,,0.0111909443283989,,,,,,down_in_tested,,,,,,3883,302,6,MA100_vs_CTR;MA100_vs_MA1;MA1_vs_CTR;MC100_vs_MC1;MC1_vs_CTR;MD1_vs_CTR,True,False
ZNF611,ENSG00000213020,ZNF611,ZNF611,zinc finger protein 611,darkgrey,darkgrey,MA100_vs_CTR,1,1,0.0112037635209535,1.038139568180368,1.038139568180368,MA100_vs_CTR,1.038139568180368,0.0112037635209535,up_in_tested,1,0,module_trait;deg_fraction,True,particle_size_um,0.6222385633532055,0.0025949251469398,0.0591962437092721,0.06215554194733619,1.038139568180368,,,,,,0.0112037635209535,,,,,,up_in_tested,,,,,,3266,203,5,MA100_vs_CTR;MA100_vs_MA1;MC100_vs_MC1;MC1_vs_CTR;MD1_vs_CTR,True,True
TMEM8B,ENSG00000137103,TMEM8B,TMEM8B,transmembrane protein 8B,darkgrey,darkgrey,MC100_vs_MC1;MC1_vs_CTR,2,2,0.0114004746283514,1.1203084127603438,1.0684306692810552,MC1_vs_CTR,1.1203084127603438,0.0114004746283514,up_in_tested,1,1,module_trait;deg_fraction,True,particle_size_um,0.6222385633532055,0.0025949251469398,0.0591962437092721,0.06215554194733619,,,,-1.0165529258017665,1.1203084127603438,,,,,0.0211221559567431,0.0114004746283514,,,,,down_in_tested,up_in_tested,,3266,203,5,MA100_vs_CTR;MA100_vs_MA1;MC100_vs_MC1;MC1_vs_CTR;MD1_vs_CTR,True,True
EOLA2,ENSG00000197021,EOLA2,EOLA2,endothelium and lymphocyte associated ASCH domain 2,dimgrey,dimgrey,MC100_vs_MC1,1,1,0.0114709762160613,1.6874727479718887,1.6874727479718887,MC100_vs_MC1,1.6874727479718887,0.0114709762160613,up_in_tested,1,0,deg_fraction,True,particle_size_um,-0.1867202754883606,0.4176932392721358,0.7331959097856707,0.07777491630182848,,,,1.6874727479718887,,,,,,0.0114709762160613,,,,,,up_in_tested,,,3883,302,6,MA100_vs_CTR;MA100_vs_MA1;MA1_vs_CTR;MC100_vs_MC1;MC1_vs_CTR;MD1_vs_CTR,True,False
DMPK,ENSG00000104936,DMPK,DMPK,DM1 protein kinase,dimgrey,dimgrey,MC100_vs_MC1,1,1,0.0120240076802242,1.3692482410742708,1.3692482410742708,MC100_vs_MC1,1.3692482410742708,0.0120240076802242,up_in_tested,1,0,deg_fraction,True,particle_size_um,-0.1867202754883606,0.4176932392721358,0.7331959097856707,0.07777491630182848,,,,1.3692482410742708,,,,,,0.0120240076802242,,,,,,up_in_tested,,,3883,302,6,MA100_vs_CTR;MA100_vs_MA1;MA1_vs_CTR;MC100_vs_MC1;MC1_vs_CTR;MD1_vs_CTR,True,False
LTBP4,ENSG00000090006,LTBP4,LTBP4,latent transforming growth factor beta binding protein 4,dimgrey,dimgrey,MC1_vs_CTR,1,1,0.0120902045680102,1.1079207597148513,1.1079207597148513,MC1_vs_CTR,1.1079207597148513,0.0120902045680102,up_in_tested,1,0,deg_fraction,True,particle_size_um,-0.1867202754883606,0.4176932392721358,0.7331959097856707,0.07777491630182848,,,,,1.1079207597148513,,,,,,0.0120902045680102,,,,,,up_in_tested,,3883,302,6,MA100_vs_CTR;MA100_vs_MA1;MA1_vs_CTR;MC100_vs_MC1;MC1_vs_CTR;MD1_vs_CTR,True,False
WNK4,ENSG00000126562,WNK4,WNK4,WNK lysine deficient protein kinase 4,dimgrey,dimgrey,MC100_vs_MC1,1,1,0.012151195241029,1.3977538741621949,1.3977538741621949,MC100_vs_MC1,1.3977538741621949,0.012151195241029,up_in_tested,1,0,deg_fraction,True,particle_size_um,-0.1867202754883606,0.4176932392721358,0.7331959097856707,0.07777491630182848,,,,1.3977538741621949,,,,,,0.012151195241029,,,,,,up_in_tested,,,3883,302,6,MA100_vs_CTR;MA100_vs_MA1;MA1_vs_CTR;MC100_vs_MC1;MC1_vs_CTR;MD1_vs_CTR,True,False
LAMB3,ENSG00000196878,LAMB3,LAMB3,laminin subunit beta 3,dimgrey,dimgrey,MA100_vs_CTR,1,1,0.0124379123238709,1.1106680369605633,1.1106680369605633,MA100_vs_CTR,-1.1106680369605633,0.0124379123238709,down_in_tested,0,1,deg_fraction,True,particle_size_um,-0.1867202754883606,0.4176932392721358,0.7331959097856707,0.07777491630182848,-1.1106680369605633,,,,,,0.0124379123238709,,,,,,down_in_tested,,,,,,3883,302,6,MA100_vs_CTR;MA100_vs_MA1;MA1_vs_CTR;MC100_vs_MC1;MC1_vs_CTR;MD1_vs_CTR,True,False
PAOX,ENSG00000148832,PAOX,PAOX,polyamine oxidase,darkgrey,darkgrey,MC100_vs_MC1,1,1,0.0124822596178656,1.5067909777233548,1.5067909777233548,MC100_vs_MC1,-1.5067909777233548,0.0124822596178656,down_in_tested,0,1,module_trait;deg_fraction,True,particle_size_um,0.6222385633532055,0.0025949251469398,0.0591962437092721,0.06215554194733619,,,,-1.5067909777233548,,,,,,0.0124822596178656,,,,,,down_in_tested,,,3266,203,5,MA100_vs_CTR;MA100_vs_MA1;MC100_vs_MC1;MC1_vs_CTR;MD1_vs_CTR,True,True
NINL,ENSG00000101004,NINL,NINL,ninein like,darkgrey,darkgrey,MC100_vs_MC1,1,1,0.012734775131581,1.402788464753767,1.402788464753767,MC100_vs_MC1,-1.402788464753767,0.012734775131581,down_in_tested,0,1,module_trait;deg_fraction,True,particle_size_um,0.6222385633532055,0.0025949251469398,0.0591962437092721,0.06215554194733619,,,,-1.402788464753767,,,,,,0.012734775131581,,,,,,down_in_tested,,,3266,203,5,MA100_vs_CTR;MA100_vs_MA1;MC100_vs_MC1;MC1_vs_CTR;MD1_vs_CTR,True,True
UBXN2B,ENSG00000215114,UBXN2B,UBXN2B,UBX domain protein 2B,dimgrey,dimgrey,MA100_vs_CTR,1,1,0.0129174519403296,1.2757051453007964,1.2757051453007964,MA100_vs_CTR,-1.2757051453007964,0.0129174519403296,down_in_tested,0,1,deg_fraction,True,particle_size_um,-0.1867202754883606,0.4176932392721358,0.7331959097856707,0.07777491630182848,-1.2757051453007964,,,,,,0.0129174519403296,,,,,,down_in_tested,,,,,,3883,302,6,MA100_vs_CTR;MA100_vs_MA1;MA1_vs_CTR;MC100_vs_MC1;MC1_vs_CTR;MD1_vs_CTR,True,False
DCHS1,ENSG00000166341,DCHS1,DCHS1,dachsous cadherin-related 1,darkgrey,darkgrey,MC100_vs_MC1,1,1,0.0133535614603186,1.62827054921358,1.62827054921358,MC100_vs_MC1,-1.62827054921358,0.0133535614603186,down_in_tested,0,1,module_trait;deg_fraction,True,particle_size_um,0.6222385633532055,0.0025949251469398,0.0591962437092721,0.06215554194733619,,,,-1.62827054921358,,,,,,0.0133535614603186,,,,,,down_in_tested,,,3266,203,5,MA100_vs_CTR;MA100_vs_MA1;MC100_vs_MC1;MC1_vs_CTR;MD1_vs_CTR,True,True
FBXO34,ENSG00000178974,FBXO34,FBXO34,F-box protein 34,dimgrey,dimgrey,MA100_vs_CTR,1,1,0.0136073651206031,1.1989970245352617,1.1989970245352617,MA100_vs_CTR,-1.1989970245352617,0.0136073651206031,down_in_tested,0,1,deg_fraction,True,particle_size_um,-0.1867202754883606,0.4176932392721358,0.7331959097856707,0.07777491630182848,-1.1989970245352617,,,,,,0.0136073651206031,,,,,,down_in_tested,,,,,,3883,302,6,MA100_vs_CTR;MA100_vs_MA1;MA1_vs_CTR;MC100_vs_MC1;MC1_vs_CTR;MD1_vs_CTR,True,False
MMP16,ENSG00000156103,MMP16,MMP16,matrix metallopeptidase 16,dimgrey,dimgrey,MC100_vs_MC1,1,1,0.0136898617666434,1.1295127042569415,1.1295127042569415,MC100_vs_MC1,-1.1295127042569415,0.0136898617666434,down_in_tested,0,1,deg_fraction,True,particle_size_um,-0.1867202754883606,0.4176932392721358,0.7331959097856707,0.07777491630182848,,,,-1.1295127042569415,,,,,,0.0136898617666434,,,,,,down_in_tested,,,3883,302,6,MA100_vs_CTR;MA100_vs_MA1;MA1_vs_CTR;MC100_vs_MC1;MC1_vs_CTR;MD1_vs_CTR,True,False
MRFAP1L2,ENSG00000170846,MRFAP1L2,MRFAP1L2,Morf4 family associated protein 1 like 2,dimgrey,dimgrey,MC100_vs_MC1;MC1_vs_CTR,2,2,0.0137029462577821,1.455408698496807,1.444803173744381,MC1_vs_CTR,-1.455408698496807,0.0141852871257277,down_in_tested,1,1,deg_fraction,True,particle_size_um,-0.1867202754883606,0.4176932392721358,0.7331959097856707,0.07777491630182848,,,,1.434197648991955,-1.455408698496807,,,,,0.0137029462577821,0.0141852871257277,,,,,up_in_tested,down_in_tested,,3883,302,6,MA100_vs_CTR;MA100_vs_MA1;MA1_vs_CTR;MC100_vs_MC1;MC1_vs_CTR;MD1_vs_CTR,True,False
ANO4,ENSG00000151572,ANO4,ANO4,anoctamin 4,gainsboro,gainsboro,MA100_vs_CTR;MD1_vs_CTR,2,2,0.0137360270294791,1.233928586201758,1.1178713789959593,MD1_vs_CTR,1.233928586201758,0.0137360270294791,up_in_tested,2,0,deg_fraction,True,particle_size_um,-0.2764543534617769,0.2250855359964076,0.5934073221723475,0.04092526690391459,1.0018141717901607,,,,,1.233928586201758,0.0534030513014509,,,,,0.0137360270294791,up_in_tested,,,,,up_in_tested,1124,46,6,MA100_vs_CTR;MA100_vs_MA1;MA1_vs_CTR;MC100_vs_MC1;MC1_vs_CTR;MD1_vs_CTR,True,False
CEND1,ENSG00000184524,CEND1,CEND1,cell cycle exit and neuronal differentiation 1,darkgrey,darkgrey,MC100_vs_MC1,1,1,0.0140802958876584,1.5386031147387884,1.5386031147387884,MC100_vs_MC1,-1.5386031147387884,0.0140802958876584,down_in_tested,0,1,module_trait;deg_fraction,True,particle_size_um,0.6222385633532055,0.0025949251469398,0.0591962437092721,0.06215554194733619,,,,-1.5386031147387884,,,,,,0.0140802958876584,,,,,,down_in_tested,,,3266,203,5,MA100_vs_CTR;MA100_vs_MA1;MC100_vs_MC1;MC1_vs_CTR;MD1_vs_CTR,True,True
FCRLB,ENSG00000162746,FCRLB,FCRLB,Fc receptor like B,dimgrey,dimgrey,MA100_vs_CTR,1,1,0.0140879892551178,1.0568702214777916,1.0568702214777916,MA100_vs_CTR,-1.0568702214777916,0.0140879892551178,down_in_tested,0,1,deg_fraction,True,particle_size_um,-0.1867202754883606,0.4176932392721358,0.7331959097856707,0.07777491630182848,-1.0568702214777916,,,,,,0.0140879892551178,,,,,,down_in_tested,,,,,,3883,302,6,MA100_vs_CTR;MA100_vs_MA1;MA1_vs_CTR;MC100_vs_MC1;MC1_vs_CTR;MD1_vs_CTR,True,False
COL11A1,ENSG00000060718,COL11A1,COL11A1,collagen type XI alpha 1 chain,gainsboro,gainsboro,MA100_vs_CTR,1,1,0.01428425862835,1.2010099455310888,1.2010099455310888,MA100_vs_CTR,1.2010099455310888,0.01428425862835,up_in_tested,1,0,deg_fraction,True,particle_size_um,-0.2764543534617769,0.2250855359964076,0.5934073221723475,0.04092526690391459,1.2010099455310888,,,,,,0.01428425862835,,,,,,up_in_tested,,,,,,1124,46,6,MA100_vs_CTR;MA100_vs_MA1;MA1_vs_CTR;MC100_vs_MC1;MC1_vs_CTR;MD1_vs_CTR,True,False
MTMR3,ENSG00000100330,MTMR3,MTMR3,myotubularin related protein 3,darkgrey,darkgrey,MC1_vs_CTR,1,1,0.0143697164643353,1.1744285131550471,1.1744285131550471,MC1_vs_CTR,1.1744285131550471,0.0143697164643353,up_in_tested,1,0,module_trait;deg_fraction,True,particle_size_um,0.6222385633532055,0.0025949251469398,0.0591962437092721,0.06215554194733619,,,,,1.1744285131550471,,,,,,0.0143697164643353,,,,,,up_in_tested,,3266,203,5,MA100_vs_CTR;MA100_vs_MA1;MC100_vs_MC1;MC1_vs_CTR;MD1_vs_CTR,True,True
C5orf34,ENSG00000172244,C5orf34,C5orf34,chromosome 5 open reading frame 34,dimgrey,dimgrey,MC100_vs_MC1,1,1,0.0144349427879508,1.8383605374937648,1.8383605374937648,MC100_vs_MC1,1.8383605374937648,0.0144349427879508,up_in_tested,1,0,deg_fraction,True,particle_size_um,-0.1867202754883606,0.4176932392721358,0.7331959097856707,0.07777491630182848,,,,1.8383605374937648,,,,,,0.0144349427879508,,,,,,up_in_tested,,,3883,302,6,MA100_vs_CTR;MA100_vs_MA1;MA1_vs_CTR;MC100_vs_MC1;MC1_vs_CTR;MD1_vs_CTR,True,False
TBKBP1,ENSG00000198933,TBKBP1,TBKBP1,TBK1 binding protein 1,darkgrey,darkgrey,MC100_vs_MC1,1,1,0.0145118159071942,1.1560490779543529,1.1560490779543529,MC100_vs_MC1,-1.1560490779543529,0.0145118159071942,down_in_tested,0,1,module_trait;deg_fraction,True,particle_size_um,0.6222385633532055,0.0025949251469398,0.0591962437092721,0.06215554194733619,,,,-1.1560490779543529,,,,,,0.0145118159071942,,,,,,down_in_tested,,,3266,203,5,MA100_vs_CTR;MA100_vs_MA1;MC100_vs_MC1;MC1_vs_CTR;MD1_vs_CTR,True,True
LRFN3,ENSG00000126243,LRFN3,LRFN3,leucine rich repeat and fibronectin type III domain containing 3,darkgrey,darkgrey,MC100_vs_MC1,1,1,0.0147615993898494,1.2193289784518548,1.2193289784518548,MC100_vs_MC1,-1.2193289784518548,0.0147615993898494,down_in_tested,0,1,module_trait;deg_fraction,True,particle_size_um,0.6222385633532055,0.0025949251469398,0.0591962437092721,0.06215554194733619,,,,-1.2193289784518548,,,,,,0.0147615993898494,,,,,,down_in_tested,,,3266,203,5,MA100_vs_CTR;MA100_vs_MA1;MC100_vs_MC1;MC1_vs_CTR;MD1_vs_CTR,True,True
NOL8,ENSG00000198000,NOL8,NOL8,nucleolar protein 8,dimgrey,dimgrey,MA100_vs_CTR;MD1_vs_CTR,2,2,0.0150128038672306,1.1243067741516146,1.0962113936746531,MD1_vs_CTR,-1.1243067741516146,0.0150128038672306,down_in_tested,0,2,deg_fraction,True,particle_size_um,-0.1867202754883606,0.4176932392721358,0.7331959097856707,0.07777491630182848,-1.068116013197692,,,,,-1.1243067741516146,0.0222804804021217,,,,,0.0150128038672306,down_in_tested,,,,,down_in_tested,3883,302,6,MA100_vs_CTR;MA100_vs_MA1;MA1_vs_CTR;MC100_vs_MC1;MC1_vs_CTR;MD1_vs_CTR,True,False
SAPCD2,ENSG00000186193,SAPCD2,SAPCD2,suppressor APC domain containing 2,dimgrey,dimgrey,MA100_vs_CTR,1,1,0.0154514542614677,1.0074626775388176,1.0074626775388176,MA100_vs_CTR,-1.0074626775388176,0.0154514542614677,down_in_tested,0,1,deg_fraction,True,particle_size_um,-0.1867202754883606,0.4176932392721358,0.7331959097856707,0.07777491630182848,-1.0074626775388176,,,,,,0.0154514542614677,,,,,,down_in_tested,,,,,,3883,302,6,MA100_vs_CTR;MA100_vs_MA1;MA1_vs_CTR;MC100_vs_MC1;MC1_vs_CTR;MD1_vs_CTR,True,False
DOCK6,ENSG00000130158,DOCK6,DOCK6,dedicator of cytokinesis 6,dimgrey,dimgrey,MC100_vs_MC1,1,1,0.015467175752529,1.0122114660342445,1.0122114660342445,MC100_vs_MC1,-1.0122114660342445,0.015467175752529,down_in_tested,0,1,deg_fraction,True,particle_size_um,-0.1867202754883606,0.4176932392721358,0.7331959097856707,0.07777491630182848,,,,-1.0122114660342445,,,,,,0.015467175752529,,,,,,down_in_tested,,,3883,302,6,MA100_vs_CTR;MA100_vs_MA1;MA1_vs_CTR;MC100_vs_MC1;MC1_vs_CTR;MD1_vs_CTR,True,False
CDK7,ENSG00000134058,CDK7,CDK7,cyclin dependent kinase 7,dimgrey,dimgrey,MC100_vs_MC1,1,1,0.015899736014569,1.176895158241928,1.176895158241928,MC100_vs_MC1,1.176895158241928,0.015899736014569,up_in_tested,1,0,deg_fraction,True,particle_size_um,-0.1867202754883606,0.4176932392721358,0.7331959097856707,0.07777491630182848,,,,1.176895158241928,,,,,,0.015899736014569,,,,,,up_in_tested,,,3883,302,6,MA100_vs_CTR;MA100_vs_MA1;MA1_vs_CTR;MC100_vs_MC1;MC1_vs_CTR;MD1_vs_CTR,True,False
PRDM6,ENSG00000061455,PRDM6,PRDM6,PR/SET domain 6,mistyrose,mistyrose,MC100_vs_MC1,1,1,0.0160910441496722,1.0189353394821106,1.0189353394821106,MC100_vs_MC1,1.0189353394821106,0.0160910441496722,up_in_tested,1,0,deg_fraction,True,particle_size_um,-0.3310821963795144,0.1426416782130668,0.5170760835223672,0.01784037558685446,,,,1.0189353394821106,,,,,,0.0160910441496722,,,,,,up_in_tested,,,2130,38,3,MA100_vs_CTR;MC100_vs_MC1;MC1_vs_CTR,True,False
TLR6,ENSG00000174130,TLR6,TLR6,toll like receptor 6,darkgrey,darkgrey,MC100_vs_MC1,1,1,0.0161331480519648,1.4860040467646392,1.4860040467646392,MC100_vs_MC1,-1.4860040467646392,0.0161331480519648,down_in_tested,0,1,module_trait;deg_fraction,True,particle_size_um,0.6222385633532055,0.0025949251469398,0.0591962437092721,0.06215554194733619,,,,-1.4860040467646392,,,,,,0.0161331480519648,,,,,,down_in_tested,,,3266,203,5,MA100_vs_CTR;MA100_vs_MA1;MC100_vs_MC1;MC1_vs_CTR;MD1_vs_CTR,True,True
PRRC2B,ENSG00000288701,PRRC2B,PRRC2B,proline rich coiled-coil 2B,darkgrey,darkgrey,MA100_vs_CTR;MC100_vs_MC1;MC1_vs_CTR;MD1_vs_CTR,4,4,0.0161827916733265,1.3353203907439384,1.246569331852144,MC1_vs_CTR,1.3353203907439384,0.0167413971530039,up_in_tested,3,1,module_trait;deg_fraction,True,particle_size_um,0.6222385633532055,0.0025949251469398,0.0591962437092721,0.06215554194733619,1.233845365334408,,,-1.3146009065266395,1.3353203907439384,1.10251066480359,0.0317697840638741,,,0.0161827916733265,0.0167413971530039,0.061242828671002,up_in_tested,,,down_in_tested,up_in_tested,up_in_tested,3266,203,5,MA100_vs_CTR;MA100_vs_MA1;MC100_vs_MC1;MC1_vs_CTR;MD1_vs_CTR,True,True
AMDHD2,ENSG00000162066,AMDHD2,AMDHD2,amidohydrolase domain containing 2,darkgrey,darkgrey,MC100_vs_MC1,1,1,0.0163696793008614,1.0068812064300323,1.0068812064300323,MC100_vs_MC1,-1.0068812064300323,0.0163696793008614,down_in_tested,0,1,module_trait;deg_fraction,True,particle_size_um,0.6222385633532055,0.0025949251469398,0.0591962437092721,0.06215554194733619,,,,-1.0068812064300323,,,,,,0.0163696793008614,,,,,,down_in_tested,,,3266,203,5,MA100_vs_CTR;MA100_vs_MA1;MC100_vs_MC1;MC1_vs_CTR;MD1_vs_CTR,True,True
LRCH2,ENSG00000130224,LRCH2,LRCH2,leucine rich repeats and calponin homology domain containing 2,dimgrey,dimgrey,MC100_vs_MC1,1,1,0.01641756279847,1.008080506823012,1.008080506823012,MC100_vs_MC1,1.008080506823012,0.01641756279847,up_in_tested,1,0,deg_fraction,True,particle_size_um,-0.1867202754883606,0.4176932392721358,0.7331959097856707,0.07777491630182848,,,,1.008080506823012,,,,,,0.01641756279847,,,,,,up_in_tested,,,3883,302,6,MA100_vs_CTR;MA100_vs_MA1;MA1_vs_CTR;MC100_vs_MC1;MC1_vs_CTR;MD1_vs_CTR,True,False
SYTL4,ENSG00000102362,SYTL4,SYTL4,synaptotagmin like 4,darkgrey,darkgrey,MA100_vs_CTR,1,1,0.0164501993426155,1.14732572680108,1.14732572680108,MA100_vs_CTR,1.14732572680108,0.0164501993426155,up_in_tested,1,0,module_trait;deg_fraction,True,particle_size_um,0.6222385633532055,0.0025949251469398,0.0591962437092721,0.06215554194733619,1.14732572680108,,,,,,0.0164501993426155,,,,,,up_in_tested,,,,,,3266,203,5,MA100_vs_CTR;MA100_vs_MA1;MC100_vs_MC1;MC1_vs_CTR;MD1_vs_CTR,True,True
AATF,ENSG00000275700,AATF,AATF,apoptosis antagonizing transcription factor,dimgrey,dimgrey,MA100_vs_CTR,1,1,0.0164576955868672,1.2711448375813,1.2711448375813,MA100_vs_CTR,-1.2711448375813,0.0164576955868672,down_in_tested,0,1,deg_fraction,True,particle_size_um,-0.1867202754883606,0.4176932392721358,0.7331959097856707,0.07777491630182848,-1.2711448375813,,,,,,0.0164576955868672,,,,,,down_in_tested,,,,,,3883,302,6,MA100_vs_CTR;MA100_vs_MA1;MA1_vs_CTR;MC100_vs_MC1;MC1_vs_CTR;MD1_vs_CTR,True,False
HAUS7,ENSG00000213397,HAUS7,HAUS7,HAUS augmin like complex subunit 7,darkgrey,darkgrey,MC100_vs_MC1,1,1,0.0166389522367306,1.5675706693997906,1.5675706693997906,MC100_vs_MC1,-1.5675706693997906,0.0166389522367306,down_in_tested,0,1,module_trait;deg_fraction,True,particle_size_um,0.6222385633532055,0.0025949251469398,0.0591962437092721,0.06215554194733619,,,,-1.5675706693997906,,,,,,0.0166389522367306,,,,,,down_in_tested,,,3266,203,5,MA100_vs_CTR;MA100_vs_MA1;MC100_vs_MC1;MC1_vs_CTR;MD1_vs_CTR,True,True
CETN2,ENSG00000147400,CETN2,CETN2,centrin 2,dimgrey,dimgrey,MA100_vs_CTR;MC100_vs_MC1;MC1_vs_CTR,3,3,0.0167720947230913,1.2339818736430752,1.1818006185440224,MA100_vs_CTR,1.2339818736430752,0.0167720947230913,up_in_tested,2,1,deg_fraction,True,particle_size_um,-0.1867202754883606,0.4176932392721358,0.7331959097856707,0.07777491630182848,1.2339818736430752,,,-1.1533534124581244,1.1580665695308676,,0.0167720947230913,,,0.0223362156291426,0.0232571410201079,,up_in_tested,,,down_in_tested,up_in_tested,,3883,302,6,MA100_vs_CTR;MA100_vs_MA1;MA1_vs_CTR;MC100_vs_MC1;MC1_vs_CTR;MD1_vs_CTR,True,False
TMEM54,ENSG00000121900,TMEM54,TMEM54,transmembrane protein 54,dimgrey,dimgrey,MC100_vs_MC1,1,1,0.0168339560401221,1.1820653691000085,1.1820653691000085,MC100_vs_MC1,1.1820653691000085,0.0168339560401221,up_in_tested,1,0,deg_fraction,True,particle_size_um,-0.1867202754883606,0.4176932392721358,0.7331959097856707,0.07777491630182848,,,,1.1820653691000085,,,,,,0.0168339560401221,,,,,,up_in_tested,,,3883,302,6,MA100_vs_CTR;MA100_vs_MA1;MA1_vs_CTR;MC100_vs_MC1;MC1_vs_CTR;MD1_vs_CTR,True,False
SLC25A53,ENSG00000269743,SLC25A53,SLC25A53,solute carrier family 25 member 53,dimgrey,dimgrey,MC100_vs_MC1,1,1,0.0168939993300012,1.533834184951172,1.533834184951172,MC100_vs_MC1,1.533834184951172,0.0168939993300012,up_in_tested,1,0,deg_fraction,True,particle_size_um,-0.1867202754883606,0.4176932392721358,0.7331959097856707,0.07777491630182848,,,,1.533834184951172,,,,,,0.0168939993300012,,,,,,up_in_tested,,,3883,302,6,MA100_vs_CTR;MA100_vs_MA1;MA1_vs_CTR;MC100_vs_MC1;MC1_vs_CTR;MD1_vs_CTR,True,False
PRORP,ENSG00000100890,PRORP,PRORP,protein only RNase P catalytic subunit,gainsboro,gainsboro,MA100_vs_CTR,1,1,0.0169332846808322,1.5934814861809428,1.5934814861809428,MA100_vs_CTR,1.5934814861809428,0.0169332846808322,up_in_tested,1,0,deg_fraction,True,particle_size_um,-0.2764543534617769,0.2250855359964076,0.5934073221723475,0.04092526690391459,1.5934814861809428,,,,,,0.0169332846808322,,,,,,up_in_tested,,,,,,1124,46,6,MA100_vs_CTR;MA100_vs_MA1;MA1_vs_CTR;MC100_vs_MC1;MC1_vs_CTR;MD1_vs_CTR,True,False
MT-ATP6,ENSG00000198899,MT-ATP6,MT-ATP6,ATP synthase F0 subunit 6,dimgrey,dimgrey,MA100_vs_CTR;MC1_vs_CTR;MD1_vs_CTR,3,3,0.0179504392388347,1.1296008221412133,1.0697373922598878,MD1_vs_CTR,-1.1296008221412133,0.0179504392388347,down_in_tested,0,3,deg_fraction,True,particle_size_um,-0.1867202754883606,0.4176932392721358,0.7331959097856707,0.07777491630182848,-1.050503508045158,,,,-1.0291078465932926,-1.1296008221412133,0.0300455628196069,,,,0.0311010172758391,0.0179504392388347,down_in_tested,,,,down_in_tested,down_in_tested,3883,302,6,MA100_vs_CTR;MA100_vs_MA1;MA1_vs_CTR;MC100_vs_MC1;MC1_vs_CTR;MD1_vs_CTR,True,False
CPNE7,ENSG00000178773,CPNE7,CPNE7,copine 7,darkgrey,darkgrey,MA100_vs_CTR;MC100_vs_MC1;MD1_vs_CTR,3,3,0.0182061929109185,1.2204064433072752,1.129948059359033,MD1_vs_CTR,1.2204064433072752,0.0182061929109185,up_in_tested,2,1,module_trait;deg_fraction,True,particle_size_um,0.6222385633532055,0.0025949251469398,0.0591962437092721,0.06215554194733619,1.0608862199607527,,,-1.108551514809071,,1.2204064433072752,0.0451337191518939,,,0.0305599805744919,,0.0182061929109185,up_in_tested,,,down_in_tested,,up_in_tested,3266,203,5,MA100_vs_CTR;MA100_vs_MA1;MC100_vs_MC1;MC1_vs_CTR;MD1_vs_CTR,True,True
MICOS13,ENSG00000174917,MICOS13,MICOS13,mitochondrial contact site and cristae organizing system subunit 13,dimgrey,dimgrey,MA100_vs_MA1;MD1_vs_CTR,2,2,0.018308000898421,1.2510704604541532,1.2472601145139253,MD1_vs_CTR,-1.2510704604541532,0.018308000898421,down_in_tested,1,1,deg_fraction,True,particle_size_um,-0.1867202754883606,0.4176932392721358,0.7331959097856707,0.07777491630182848,,1.2434497685736972,,,,-1.2510704604541532,,0.065208798169689,,,,0.018308000898421,,up_in_tested,,,,down_in_tested,3883,302,6,MA100_vs_CTR;MA100_vs_MA1;MA1_vs_CTR;MC100_vs_MC1;MC1_vs_CTR;MD1_vs_CTR,True,False
PSME2,ENSG00000100911,PSME2,PSME2,proteasome activator subunit 2,dimgrey,dimgrey,MA100_vs_CTR;MC100_vs_MC1;MC1_vs_CTR;MD1_vs_CTR,4,4,0.0186372269881348,1.7454544951074569,1.4911050084800639,MA100_vs_CTR,-1.7454544951074569,0.0186372269881348,down_in_tested,1,3,deg_fraction,True,particle_size_um,-0.1867202754883606,0.4176932392721358,0.7331959097856707,0.07777491630182848,-1.7454544951074569,,,1.4972101128985362,-1.4359629486811674,-1.2857924772330949,0.0186372269881348,,,0.0417459984587091,0.0548632571503641,0.0997697892513136,down_in_tested,,,up_in_tested,down_in_tested,down_in_tested,3883,302,6,MA100_vs_CTR;MA100_vs_MA1;MA1_vs_CTR;MC100_vs_MC1;MC1_vs_CTR;MD1_vs_CTR,True,False
CCDC184,ENSG00000177875,CCDC184,CCDC184,coiled-coil domain containing 184,darkgrey,darkgrey,MC100_vs_MC1,1,1,0.0189996155763314,2.142435815209684,2.142435815209684,MC100_vs_MC1,-2.142435815209684,0.0189996155763314,down_in_tested,0,1,module_trait;deg_fraction,True,particle_size_um,0.6222385633532055,0.0025949251469398,0.0591962437092721,0.06215554194733619,,,,-2.142435815209684,,,,,,0.0189996155763314,,,,,,down_in_tested,,,3266,203,5,MA100_vs_CTR;MA100_vs_MA1;MC100_vs_MC1;MC1_vs_CTR;MD1_vs_CTR,True,True
GSTZ1,ENSG00000100577,GSTZ1,GSTZ1,glutathione S-transferase zeta 1,darkgrey,darkgrey,MC100_vs_MC1,1,1,0.0190453237714203,1.0098289142479848,1.0098289142479848,MC100_vs_MC1,-1.0098289142479848,0.0190453237714203,down_in_tested,0,1,module_trait;deg_fraction,True,particle_size_um,0.6222385633532055,0.0025949251469398,0.0591962437092721,0.06215554194733619,,,,-1.0098289142479848,,,,,,0.0190453237714203,,,,,,down_in_tested,,,3266,203,5,MA100_vs_CTR;MA100_vs_MA1;MC100_vs_MC1;MC1_vs_CTR;MD1_vs_CTR,True,True
ZNG1E,ENSG00000147996,ZNG1E,ZNG1E,Zn regulated GTPase metalloprotein activator 1E,dimgrey,dimgrey,MC1_vs_CTR,1,1,0.019059742027633,1.0721089110297464,1.0721089110297464,MC1_vs_CTR,-1.0721089110297464,0.019059742027633,down_in_tested,0,1,deg_fraction,True,particle_size_um,-0.1867202754883606,0.4176932392721358,0.7331959097856707,0.07777491630182848,,,,,-1.0721089110297464,,,,,,0.019059742027633,,,,,,down_in_tested,,3883,302,6,MA100_vs_CTR;MA100_vs_MA1;MA1_vs_CTR;MC100_vs_MC1;MC1_vs_CTR;MD1_vs_CTR,True,False
SLC38A9,ENSG00000177058,SLC38A9,SLC38A9,solute carrier family 38 member 9,dimgrey,dimgrey,MC100_vs_MC1,1,1,0.0195455250505912,1.271524890848185,1.271524890848185,MC100_vs_MC1,1.271524890848185,0.0195455250505912,up_in_tested,1,0,deg_fraction,True,particle_size_um,-0.1867202754883606,0.4176932392721358,0.7331959097856707,0.07777491630182848,,,,1.271524890848185,,,,,,0.0195455250505912,,,,,,up_in_tested,,,3883,302,6,MA100_vs_CTR;MA100_vs_MA1;MA1_vs_CTR;MC100_vs_MC1;MC1_vs_CTR;MD1_vs_CTR,True,False
BMPER,ENSG00000164619,BMPER,BMPER,BMP binding endothelial regulator,dimgrey,dimgrey,MC100_vs_MC1,1,1,0.0199650254004442,1.1346374212560213,1.1346374212560213,MC100_vs_MC1,1.1346374212560213,0.0199650254004442,up_in_tested,1,0,deg_fraction,True,particle_size_um,-0.1867202754883606,0.4176932392721358,0.7331959097856707,0.07777491630182848,,,,1.1346374212560213,,,,,,0.0199650254004442,,,,,,up_in_tested,,,3883,302,6,MA100_vs_CTR;MA100_vs_MA1;MA1_vs_CTR;MC100_vs_MC1;MC1_vs_CTR;MD1_vs_CTR,True,False
HEXB,ENSG00000049860,HEXB,HEXB,hexosaminidase subunit beta,dimgrey,dimgrey,MA100_vs_CTR;MC100_vs_MC1;MC1_vs_CTR,3,3,0.0203198281880709,1.256064545743148,1.1298549608683528,MA100_vs_CTR,-1.256064545743148,0.0203198281880709,down_in_tested,1,2,deg_fraction,True,particle_size_um,-0.1867202754883606,0.4176932392721358,0.7331959097856707,0.07777491630182848,-1.256064545743148,,,1.0975297780612194,-1.0359705588006909,,0.0203198281880709,,,0.0405266484369299,0.0577613398158679,,down_in_tested,,,up_in_tested,down_in_tested,,3883,302,6,MA100_vs_CTR;MA100_vs_MA1;MA1_vs_CTR;MC100_vs_MC1;MC1_vs_CTR;MD1_vs_CTR,True,False
SIPA1,ENSG00000213445,SIPA1,SIPA1,signal-induced proliferation-associated 1,mistyrose,mistyrose,MA100_vs_CTR,1,1,0.0206154558023715,1.1112289441288654,1.1112289441288654,MA100_vs_CTR,-1.1112289441288654,0.0206154558023715,down_in_tested,0,1,deg_fraction,True,particle_size_um,-0.3310821963795144,0.1426416782130668,0.5170760835223672,0.01784037558685446,-1.1112289441288654,,,,,,0.0206154558023715,,,,,,down_in_tested,,,,,,2130,38,3,MA100_vs_CTR;MC100_vs_MC1;MC1_vs_CTR,True,False
LRRN3,ENSG00000173114,LRRN3,LRRN3,leucine rich repeat neuronal 3,mistyrose,mistyrose,MC100_vs_MC1,1,1,0.0208717735049179,1.197042333062547,1.197042333062547,MC100_vs_MC1,1.197042333062547,0.0208717735049179,up_in_tested,1,0,deg_fraction,True,particle_size_um,-0.3310821963795144,0.1426416782130668,0.5170760835223672,0.01784037558685446,,,,1.197042333062547,,,,,,0.0208717735049179,,,,,,up_in_tested,,,2130,38,3,MA100_vs_CTR;MC100_vs_MC1;MC1_vs_CTR,True,False
TMEM234,ENSG00000160055,TMEM234,TMEM234,transmembrane protein 234,dimgrey,dimgrey,MC100_vs_MC1,1,1,0.0213699857606716,1.3099455866074368,1.3099455866074368,MC100_vs_MC1,1.3099455866074368,0.0213699857606716,up_in_tested,1,0,deg_fraction,True,particle_size_um,-0.1867202754883606,0.4176932392721358,0.7331959097856707,0.07777491630182848,,,,1.3099455866074368,,,,,,0.0213699857606716,,,,,,up_in_tested,,,3883,302,6,MA100_vs_CTR;MA100_vs_MA1;MA1_vs_CTR;MC100_vs_MC1;MC1_vs_CTR;MD1_vs_CTR,True,False
NUDT19,ENSG00000213965,NUDT19,NUDT19,nudix hydrolase 19,dimgrey,dimgrey,MA100_vs_CTR,1,1,0.021482293870102,1.2444916646171202,1.2444916646171202,MA100_vs_CTR,-1.2444916646171202,0.021482293870102,down_in_tested,0,1,deg_fraction,True,particle_size_um,-0.1867202754883606,0.4176932392721358,0.7331959097856707,0.07777491630182848,-1.2444916646171202,,,,,,0.021482293870102,,,,,,down_in_tested,,,,,,3883,302,6,MA100_vs_CTR;MA100_vs_MA1;MA1_vs_CTR;MC100_vs_MC1;MC1_vs_CTR;MD1_vs_CTR,True,False
NFKBIE,ENSG00000146232,NFKBIE,NFKBIE,NFKB inhibitor epsilon,dimgrey,dimgrey,MC100_vs_MC1,1,1,0.0216842976385443,1.23828846271058,1.23828846271058,MC100_vs_MC1,1.23828846271058,0.0216842976385443,up_in_tested,1,0,deg_fraction,True,particle_size_um,-0.1867202754883606,0.4176932392721358,0.7331959097856707,0.07777491630182848,,,,1.23828846271058,,,,,,0.0216842976385443,,,,,,up_in_tested,,,3883,302,6,MA100_vs_CTR;MA100_vs_MA1;MA1_vs_CTR;MC100_vs_MC1;MC1_vs_CTR;MD1_vs_CTR,True,False
CLEC14A,ENSG00000176435,CLEC14A,CLEC14A,C-type lectin domain containing 14A,dimgrey,dimgrey,MC100_vs_MC1,1,1,0.0220351545630334,1.97413444666165,1.97413444666165,MC100_vs_MC1,1.97413444666165,0.0220351545630334,up_in_tested,1,0,deg_fraction,True,particle_size_um,-0.1867202754883606,0.4176932392721358,0.7331959097856707,0.07777491630182848,,,,1.97413444666165,,,,,,0.0220351545630334,,,,,,up_in_tested,,,3883,302,6,MA100_vs_CTR;MA100_vs_MA1;MA1_vs_CTR;MC100_vs_MC1;MC1_vs_CTR;MD1_vs_CTR,True,False
LMBR1L,ENSG00000139636,LMBR1L,LMBR1L,limb development membrane protein 1 like,darkgrey,darkgrey,MC100_vs_MC1,1,1,0.0222045206968233,1.0391278551569234,1.0391278551569234,MC100_vs_MC1,-1.0391278551569234,0.0222045206968233,down_in_tested,0,1,module_trait;deg_fraction,True,particle_size_um,0.6222385633532055,0.0025949251469398,0.0591962437092721,0.06215554194733619,,,,-1.0391278551569234,,,,,,0.0222045206968233,,,,,,down_in_tested,,,3266,203,5,MA100_vs_CTR;MA100_vs_MA1;MC100_vs_MC1;MC1_vs_CTR;MD1_vs_CTR,True,True
MAP2K7,ENSG00000076984,MAP2K7,MAP2K7,mitogen-activated protein kinase kinase 7,darkgrey,darkgrey,MC100_vs_MC1,1,1,0.0222476358569648,1.1419779741463998,1.1419779741463998,MC100_vs_MC1,-1.1419779741463998,0.0222476358569648,down_in_tested,0,1,module_trait;deg_fraction,True,particle_size_um,0.6222385633532055,0.0025949251469398,0.0591962437092721,0.06215554194733619,,,,-1.1419779741463998,,,,,,0.0222476358569648,,,,,,down_in_tested,,,3266,203,5,MA100_vs_CTR;MA100_vs_MA1;MC100_vs_MC1;MC1_vs_CTR;MD1_vs_CTR,True,True
TMA7B,ENSG00000225528,TMA7B,TMA7B,translation machinery associated 7 homolog B,darkgrey,darkgrey,MC100_vs_MC1,1,1,0.0223245402474248,1.095370002441286,1.095370002441286,MC100_vs_MC1,-1.095370002441286,0.0223245402474248,down_in_tested,0,1,module_trait;deg_fraction,True,particle_size_um,0.6222385633532055,0.0025949251469398,0.0591962437092721,0.06215554194733619,,,,-1.095370002441286,,,,,,0.0223245402474248,,,,,,down_in_tested,,,3266,203,5,MA100_vs_CTR;MA100_vs_MA1;MC100_vs_MC1;MC1_vs_CTR;MD1_vs_CTR,True,True
PRRT2,ENSG00000167371,PRRT2,PRRT2,proline rich transmembrane protein 2,darkgrey,darkgrey,MD1_vs_CTR,1,1,0.0225228341615174,1.0718070879110029,1.0718070879110029,MD1_vs_CTR,1.0718070879110029,0.0225228341615174,up_in_tested,1,0,module_trait;deg_fraction,True,particle_size_um,0.6222385633532055,0.0025949251469398,0.0591962437092721,0.06215554194733619,,,,,,1.0718070879110029,,,,,,0.0225228341615174,,,,,,up_in_tested,3266,203,5,MA100_vs_CTR;MA100_vs_MA1;MC100_vs_MC1;MC1_vs_CTR;MD1_vs_CTR,True,True
TIGD6,ENSG00000164296,TIGD6,TIGD6,tigger transposable element derived 6,dimgrey,dimgrey,MA100_vs_CTR,1,1,0.0227743329891109,1.0464917122999158,1.0464917122999158,MA100_vs_CTR,-1.0464917122999158,0.0227743329891109,down_in_tested,0,1,deg_fraction,True,particle_size_um,-0.1867202754883606,0.4176932392721358,0.7331959097856707,0.07777491630182848,-1.0464917122999158,,,,,,0.0227743329891109,,,,,,down_in_tested,,,,,,3883,302,6,MA100_vs_CTR;MA100_vs_MA1;MA1_vs_CTR;MC100_vs_MC1;MC1_vs_CTR;MD1_vs_CTR,True,False
SPATA2,ENSG00000158480,SPATA2,SPATA2,spermatogenesis associated 2,darkgrey,darkgrey,MA100_vs_CTR,1,1,0.0231108741541799,1.0937047938262665,1.0937047938262665,MA100_vs_CTR,1.0937047938262665,0.0231108741541799,up_in_tested,1,0,module_trait;deg_fraction,True,particle_size_um,0.6222385633532055,0.0025949251469398,0.0591962437092721,0.06215554194733619,1.0937047938262665,,,,,,0.0231108741541799,,,,,,up_in_tested,,,,,,3266,203,5,MA100_vs_CTR;MA100_vs_MA1;MC100_vs_MC1;MC1_vs_CTR;MD1_vs_CTR,True,True
RUSC2,ENSG00000198853,RUSC2,RUSC2,RUN and SH3 domain containing 2,mistyrose,mistyrose,MC100_vs_MC1,1,1,0.0235016684444205,1.4953512494100714,1.4953512494100714,MC100_vs_MC1,1.4953512494100714,0.0235016684444205,up_in_tested,1,0,deg_fraction,True,particle_size_um,-0.3310821963795144,0.1426416782130668,0.5170760835223672,0.01784037558685446,,,,1.4953512494100714,,,,,,0.0235016684444205,,,,,,up_in_tested,,,2130,38,3,MA100_vs_CTR;MC100_vs_MC1;MC1_vs_CTR,True,False
LEPR,ENSG00000116678,LEPR,LEPR,leptin receptor,darkgrey,darkgrey,MA100_vs_CTR,1,1,0.0235866799092549,1.1743850992687266,1.1743850992687266,MA100_vs_CTR,1.1743850992687266,0.0235866799092549,up_in_tested,1,0,module_trait;deg_fraction,True,particle_size_um,0.6222385633532055,0.0025949251469398,0.0591962437092721,0.06215554194733619,1.1743850992687266,,,,,,0.0235866799092549,,,,,,up_in_tested,,,,,,3266,203,5,MA100_vs_CTR;MA100_vs_MA1;MC100_vs_MC1;MC1_vs_CTR;MD1_vs_CTR,True,True
WFS1,ENSG00000109501,WFS1,WFS1,wolframin ER transmembrane glycoprotein,white,white,MC1_vs_CTR,1,1,0.0239289143772784,1.0039884847362468,1.0039884847362468,MC1_vs_CTR,1.0039884847362468,0.0239289143772784,up_in_tested,1,0,deg_fraction,True,particle_size_um,0.1986467889396642,0.388015130431676,0.7331959097856707,0.01892744479495268,,,,,1.0039884847362468,,,,,,0.0239289143772784,,,,,,up_in_tested,,317,6,4,MA100_vs_CTR;MC100_vs_MC1;MC1_vs_CTR;MD1_vs_CTR,True,False
BATF3,ENSG00000123685,BATF3,BATF3,basic leucine zipper ATF-like transcription factor 3,dimgrey,dimgrey,MA100_vs_CTR,1,1,0.0242924954612438,1.0020029080695383,1.0020029080695383,MA100_vs_CTR,-1.0020029080695383,0.0242924954612438,down_in_tested,0,1,deg_fraction,True,particle_size_um,-0.1867202754883606,0.4176932392721358,0.7331959097856707,0.07777491630182848,-1.0020029080695383,,,,,,0.0242924954612438,,,,,,down_in_tested,,,,,,3883,302,6,MA100_vs_CTR;MA100_vs_MA1;MA1_vs_CTR;MC100_vs_MC1;MC1_vs_CTR;MD1_vs_CTR,True,False
LRSAM1,ENSG00000148356,LRSAM1,LRSAM1,leucine rich repeat and sterile alpha motif containing 1,darkgrey,darkgrey,MA100_vs_CTR,1,1,0.024386634573065,1.1421832768555358,1.1421832768555358,MA100_vs_CTR,1.1421832768555358,0.024386634573065,up_in_tested,1,0,module_trait;deg_fraction,True,particle_size_um,0.6222385633532055,0.0025949251469398,0.0591962437092721,0.06215554194733619,1.1421832768555358,,,,,,0.024386634573065,,,,,,up_in_tested,,,,,,3266,203,5,MA100_vs_CTR;MA100_vs_MA1;MC100_vs_MC1;MC1_vs_CTR;MD1_vs_CTR,True,True
CNN2,ENSG00000064666,CNN2,CNN2,calponin 2,gainsboro,gainsboro,MA100_vs_CTR,1,1,0.0245218919815574,1.0188600044776686,1.0188600044776686,MA100_vs_CTR,1.0188600044776686,0.0245218919815574,up_in_tested,1,0,deg_fraction,True,particle_size_um,-0.2764543534617769,0.2250855359964076,0.5934073221723475,0.04092526690391459,1.0188600044776686,,,,,,0.0245218919815574,,,,,,up_in_tested,,,,,,1124,46,6,MA100_vs_CTR;MA100_vs_MA1;MA1_vs_CTR;MC100_vs_MC1;MC1_vs_CTR;MD1_vs_CTR,True,False
RAB11FIP1,ENSG00000156675,RAB11FIP1,RAB11FIP1,RAB11 family interacting protein 1,dimgrey,dimgrey,MC1_vs_CTR,1,1,0.0245372079154638,1.0373445136506714,1.0373445136506714,MC1_vs_CTR,1.0373445136506714,0.0245372079154638,up_in_tested,1,0,deg_fraction,True,particle_size_um,-0.1867202754883606,0.4176932392721358,0.7331959097856707,0.07777491630182848,,,,,1.0373445136506714,,,,,,0.0245372079154638,,,,,,up_in_tested,,3883,302,6,MA100_vs_CTR;MA100_vs_MA1;MA1_vs_CTR;MC100_vs_MC1;MC1_vs_CTR;MD1_vs_CTR,True,False
NDRG1,ENSG00000104419,NDRG1,NDRG1,N-myc downstream regulated 1,gainsboro,gainsboro,MA100_vs_CTR,1,1,0.0248987541832767,1.5261788405834156,1.5261788405834156,MA100_vs_CTR,1.5261788405834156,0.0248987541832767,up_in_tested,1,0,deg_fraction,True,particle_size_um,-0.2764543534617769,0.2250855359964076,0.5934073221723475,0.04092526690391459,1.5261788405834156,,,,,,0.0248987541832767,,,,,,up_in_tested,,,,,,1124,46,6,MA100_vs_CTR;MA100_vs_MA1;MA1_vs_CTR;MC100_vs_MC1;MC1_vs_CTR;MD1_vs_CTR,True,False
VGLL4,ENSG00000144560,VGLL4,VGLL4,vestigial like family member 4,darkgrey,darkgrey,MC1_vs_CTR,1,1,0.0250581709322499,1.0280562682064551,1.0280562682064551,MC1_vs_CTR,1.0280562682064551,0.0250581709322499,up_in_tested,1,0,module_trait;deg_fraction,True,particle_size_um,0.6222385633532055,0.0025949251469398,0.0591962437092721,0.06215554194733619,,,,,1.0280562682064551,,,,,,0.0250581709322499,,,,,,up_in_tested,,3266,203,5,MA100_vs_CTR;MA100_vs_MA1;MC100_vs_MC1;MC1_vs_CTR;MD1_vs_CTR,True,True
LRRC4,ENSG00000128594,LRRC4,LRRC4,leucine rich repeat containing 4,gainsboro,gainsboro,MC100_vs_MC1,1,1,0.0250777501209531,1.701554275524643,1.701554275524643,MC100_vs_MC1,-1.701554275524643,0.0250777501209531,down_in_tested,0,1,deg_fraction,True,particle_size_um,-0.2764543534617769,0.2250855359964076,0.5934073221723475,0.04092526690391459,,,,-1.701554275524643,,,,,,0.0250777501209531,,,,,,down_in_tested,,,1124,46,6,MA100_vs_CTR;MA100_vs_MA1;MA1_vs_CTR;MC100_vs_MC1;MC1_vs_CTR;MD1_vs_CTR,True,False
TRPT1,ENSG00000149743,TRPT1,TRPT1,tRNA phosphotransferase 1,dimgrey,dimgrey,MA100_vs_CTR,1,1,0.0251790711025701,1.2351545815703415,1.2351545815703415,MA100_vs_CTR,-1.2351545815703415,0.0251790711025701,down_in_tested,0,1,deg_fraction,True,particle_size_um,-0.1867202754883606,0.4176932392721358,0.7331959097856707,0.07777491630182848,-1.2351545815703415,,,,,,0.0251790711025701,,,,,,down_in_tested,,,,,,3883,302,6,MA100_vs_CTR;MA100_vs_MA1;MA1_vs_CTR;MC100_vs_MC1;MC1_vs_CTR;MD1_vs_CTR,True,False
GIN1,ENSG00000145723,GIN1,GIN1,gypsy retrotransposon integrase 1,dimgrey,dimgrey,MA100_vs_CTR,1,1,0.0251790711025701,1.162385908142246,1.162385908142246,MA100_vs_CTR,-1.162385908142246,0.0251790711025701,down_in_tested,0,1,deg_fraction,True,particle_size_um,-0.1867202754883606,0.4176932392721358,0.7331959097856707,0.07777491630182848,-1.162385908142246,,,,,,0.0251790711025701,,,,,,down_in_tested,,,,,,3883,302,6,MA100_vs_CTR;MA100_vs_MA1;MA1_vs_CTR;MC100_vs_MC1;MC1_vs_CTR;MD1_vs_CTR,True,False
FAM50B,ENSG00000145945,FAM50B,FAM50B,family with sequence similarity 50 member B,dimgrey,dimgrey,MA100_vs_CTR,1,1,0.0251790711025701,1.071064490289424,1.071064490289424,MA100_vs_CTR,-1.071064490289424,0.0251790711025701,down_in_tested,0,1,deg_fraction,True,particle_size_um,-0.1867202754883606,0.4176932392721358,0.7331959097856707,0.07777491630182848,-1.071064490289424,,,,,,0.0251790711025701,,,,,,down_in_tested,,,,,,3883,302,6,MA100_vs_CTR;MA100_vs_MA1;MA1_vs_CTR;MC100_vs_MC1;MC1_vs_CTR;MD1_vs_CTR,True,False
ZNF524,ENSG00000171443,ZNF524,ZNF524,zinc finger protein 524,darkgrey,darkgrey,MC1_vs_CTR,1,1,0.0252476265325939,1.1273058648464978,1.1273058648464978,MC1_vs_CTR,1.1273058648464978,0.0252476265325939,up_in_tested,1,0,module_trait;deg_fraction,True,particle_size_um,0.6222385633532055,0.0025949251469398,0.0591962437092721,0.06215554194733619,,,,,1.1273058648464978,,,,,,0.0252476265325939,,,,,,up_in_tested,,3266,203,5,MA100_vs_CTR;MA100_vs_MA1;MC100_vs_MC1;MC1_vs_CTR;MD1_vs_CTR,True,True
SEMA4F,ENSG00000135622,SEMA4F,SEMA4F,ssemaphorin 4F,dimgrey,dimgrey,MA100_vs_CTR,1,1,0.0255509971649325,1.188108823775655,1.188108823775655,MA100_vs_CTR,-1.188108823775655,0.0255509971649325,down_in_tested,0,1,deg_fraction,True,particle_size_um,-0.1867202754883606,0.4176932392721358,0.7331959097856707,0.07777491630182848,-1.188108823775655,,,,,,0.0255509971649325,,,,,,down_in_tested,,,,,,3883,302,6,MA100_vs_CTR;MA100_vs_MA1;MA1_vs_CTR;MC100_vs_MC1;MC1_vs_CTR;MD1_vs_CTR,True,False
OPHN1,ENSG00000079482,OPHN1,OPHN1,oligophrenin 1,dimgrey,dimgrey,MC100_vs_MC1,1,1,0.0256661070440457,1.088474716948937,1.088474716948937,MC100_vs_MC1,1.088474716948937,0.0256661070440457,up_in_tested,1,0,deg_fraction,True,particle_size_um,-0.1867202754883606,0.4176932392721358,0.7331959097856707,0.07777491630182848,,,,1.088474716948937,,,,,,0.0256661070440457,,,,,,up_in_tested,,,3883,302,6,MA100_vs_CTR;MA100_vs_MA1;MA1_vs_CTR;MC100_vs_MC1;MC1_vs_CTR;MD1_vs_CTR,True,False
FIBIN,ENSG00000176971,FIBIN,FIBIN,fin bud initiation factor homolog,darkgrey,darkgrey,MC1_vs_CTR,1,1,0.0259495251915665,1.2517643109447902,1.2517643109447902,MC1_vs_CTR,1.2517643109447902,0.0259495251915665,up_in_tested,1,0,module_trait;deg_fraction,True,particle_size_um,0.6222385633532055,0.0025949251469398,0.0591962437092721,0.06215554194733619,,,,,1.2517643109447902,,,,,,0.0259495251915665,,,,,,up_in_tested,,3266,203,5,MA100_vs_CTR;MA100_vs_MA1;MC100_vs_MC1;MC1_vs_CTR;MD1_vs_CTR,True,True
TEDC1,ENSG00000185347,TEDC1,TEDC1,tubulin epsilon and delta complex 1,darkgrey,darkgrey,MC100_vs_MC1,1,1,0.0265191616059759,1.0192557280195969,1.0192557280195969,MC100_vs_MC1,-1.0192557280195969,0.0265191616059759,down_in_tested,0,1,module_trait;deg_fraction,True,particle_size_um,0.6222385633532055,0.0025949251469398,0.0591962437092721,0.06215554194733619,,,,-1.0192557280195969,,,,,,0.0265191616059759,,,,,,down_in_tested,,,3266,203,5,MA100_vs_CTR;MA100_vs_MA1;MC100_vs_MC1;MC1_vs_CTR;MD1_vs_CTR,True,True
ADAMTS15,ENSG00000166106,ADAMTS15,ADAMTS15,ADAM metallopeptidase with thrombospondin type 1 motif 15,darkgrey,darkgrey,MD1_vs_CTR,1,1,0.0266426551798905,1.0073890322899974,1.0073890322899974,MD1_vs_CTR,1.0073890322899974,0.0266426551798905,up_in_tested,1,0,module_trait;deg_fraction,True,particle_size_um,0.6222385633532055,0.0025949251469398,0.0591962437092721,0.06215554194733619,,,,,,1.0073890322899974,,,,,,0.0266426551798905,,,,,,up_in_tested,3266,203,5,MA100_vs_CTR;MA100_vs_MA1;MC100_vs_MC1;MC1_vs_CTR;MD1_vs_CTR,True,True
CFAP68,ENSG00000137720,CFAP68,CFAP68,cilia and flagella associated protein 68,dimgrey,dimgrey,MA100_vs_CTR;MC1_vs_CTR,2,2,0.026839247318424,1.2832761676692832,1.1723771610548424,MA100_vs_CTR,-1.2832761676692832,0.026839247318424,down_in_tested,0,2,deg_fraction,True,particle_size_um,-0.1867202754883606,0.4176932392721358,0.7331959097856707,0.07777491630182848,-1.2832761676692832,,,,-1.0614781544404015,,0.026839247318424,,,,0.0683248015238682,,down_in_tested,,,,down_in_tested,,3883,302,6,MA100_vs_CTR;MA100_vs_MA1;MA1_vs_CTR;MC100_vs_MC1;MC1_vs_CTR;MD1_vs_CTR,True,False
DNALI1,ENSG00000163879,DNALI1,DNALI1,dynein axonemal light intermediate chain 1,dimgrey,dimgrey,MD1_vs_CTR,1,1,0.0271681354408668,1.1971711400510985,1.1971711400510985,MD1_vs_CTR,-1.1971711400510985,0.0271681354408668,down_in_tested,0,1,deg_fraction,True,particle_size_um,-0.1867202754883606,0.4176932392721358,0.7331959097856707,0.07777491630182848,,,,,,-1.1971711400510985,,,,,,0.0271681354408668,,,,,,down_in_tested,3883,302,6,MA100_vs_CTR;MA100_vs_MA1;MA1_vs_CTR;MC100_vs_MC1;MC1_vs_CTR;MD1_vs_CTR,True,False
ARHGAP33,ENSG00000004777,ARHGAP33,ARHGAP33,Rho GTPase activating protein 33,darkgrey,darkgrey,MD1_vs_CTR,1,1,0.0272698150284777,1.1264216742988713,1.1264216742988713,MD1_vs_CTR,1.1264216742988713,0.0272698150284777,up_in_tested,1,0,module_trait;deg_fraction,True,particle_size_um,0.6222385633532055,0.0025949251469398,0.0591962437092721,0.06215554194733619,,,,,,1.1264216742988713,,,,,,0.0272698150284777,,,,,,up_in_tested,3266,203,5,MA100_vs_CTR;MA100_vs_MA1;MC100_vs_MC1;MC1_vs_CTR;MD1_vs_CTR,True,True
EPB41L3,ENSG00000082397,EPB41L3,EPB41L3,erythrocyte membrane protein band 4.1 like 3,mistyrose,mistyrose,MA100_vs_CTR,1,1,0.0276663446863026,1.026107134515597,1.026107134515597,MA100_vs_CTR,-1.026107134515597,0.0276663446863026,down_in_tested,0,1,deg_fraction,True,particle_size_um,-0.3310821963795144,0.1426416782130668,0.5170760835223672,0.01784037558685446,-1.026107134515597,,,,,,0.0276663446863026,,,,,,down_in_tested,,,,,,2130,38,3,MA100_vs_CTR;MC100_vs_MC1;MC1_vs_CTR,True,False
OST4,ENSG00000228474,OST4,OST4,"oligosaccharyltransferase complex subunit 4, non-catalytic",dimgrey,dimgrey,MC100_vs_MC1,1,1,0.0286142539589155,1.0707700810389236,1.0707700810389236,MC100_vs_MC1,1.0707700810389236,0.0286142539589155,up_in_tested,1,0,deg_fraction,True,particle_size_um,-0.1867202754883606,0.4176932392721358,0.7331959097856707,0.07777491630182848,,,,1.0707700810389236,,,,,,0.0286142539589155,,,,,,up_in_tested,,,3883,302,6,MA100_vs_CTR;MA100_vs_MA1;MA1_vs_CTR;MC100_vs_MC1;MC1_vs_CTR;MD1_vs_CTR,True,False
MIB2,ENSG00000197530,MIB2,MIB2,MIB E3 ubiquitin protein ligase 2,darkgrey,darkgrey,MC100_vs_MC1,1,1,0.0294046059353594,1.1297853848618036,1.1297853848618036,MC100_vs_MC1,-1.1297853848618036,0.0294046059353594,down_in_tested,0,1,module_trait;deg_fraction,True,particle_size_um,0.6222385633532055,0.0025949251469398,0.0591962437092721,0.06215554194733619,,,,-1.1297853848618036,,,,,,0.0294046059353594,,,,,,down_in_tested,,,3266,203,5,MA100_vs_CTR;MA100_vs_MA1;MC100_vs_MC1;MC1_vs_CTR;MD1_vs_CTR,True,True
CACNG8,ENSG00000142408,CACNG8,CACNG8,calcium voltage-gated channel auxiliary subunit gamma 8,darkgrey,darkgrey,MC100_vs_MC1,1,1,0.029775190149291,1.1137497956880884,1.1137497956880884,MC100_vs_MC1,-1.1137497956880884,0.029775190149291,down_in_tested,0,1,module_trait;deg_fraction,True,particle_size_um,0.6222385633532055,0.0025949251469398,0.0591962437092721,0.06215554194733619,,,,-1.1137497956880884,,,,,,0.029775190149291,,,,,,down_in_tested,,,3266,203,5,MA100_vs_CTR;MA100_vs_MA1;MC100_vs_MC1;MC1_vs_CTR;MD1_vs_CTR,True,True
RNF26,ENSG00000173456,RNF26,RNF26,ring finger protein 26,dimgrey,dimgrey,MC100_vs_MC1,1,1,0.0306742588121231,1.5121848556316382,1.5121848556316382,MC100_vs_MC1,1.5121848556316382,0.0306742588121231,up_in_tested,1,0,deg_fraction,True,particle_size_um,-0.1867202754883606,0.4176932392721358,0.7331959097856707,0.07777491630182848,,,,1.5121848556316382,,,,,,0.0306742588121231,,,,,,up_in_tested,,,3883,302,6,MA100_vs_CTR;MA100_vs_MA1;MA1_vs_CTR;MC100_vs_MC1;MC1_vs_CTR;MD1_vs_CTR,True,False
TMSB15A,ENSG00000158164,TMSB15A,TMSB15A,thymosin beta 15A,mistyrose,mistyrose,MC100_vs_MC1,1,1,0.0310376045882635,1.094478355558833,1.094478355558833,MC100_vs_MC1,1.094478355558833,0.0310376045882635,up_in_tested,1,0,deg_fraction,True,particle_size_um,-0.3310821963795144,0.1426416782130668,0.5170760835223672,0.01784037558685446,,,,1.094478355558833,,,,,,0.0310376045882635,,,,,,up_in_tested,,,2130,38,3,MA100_vs_CTR;MC100_vs_MC1;MC1_vs_CTR,True,False
INTS8,ENSG00000164941,INTS8,INTS8,integrator complex subunit 8,dimgrey,dimgrey,MC100_vs_MC1,1,1,0.0313085045110887,1.428171772903628,1.428171772903628,MC100_vs_MC1,1.428171772903628,0.0313085045110887,up_in_tested,1,0,deg_fraction,True,particle_size_um,-0.1867202754883606,0.4176932392721358,0.7331959097856707,0.07777491630182848,,,,1.428171772903628,,,,,,0.0313085045110887,,,,,,up_in_tested,,,3883,302,6,MA100_vs_CTR;MA100_vs_MA1;MA1_vs_CTR;MC100_vs_MC1;MC1_vs_CTR;MD1_vs_CTR,True,False
EIF4A1,ENSG00000161960,EIF4A1,EIF4A1,eukaryotic translation initiation factor 4A1,darkgrey,darkgrey,MA100_vs_CTR,1,1,0.032137907532854,1.123562863277964,1.123562863277964,MA100_vs_CTR,1.123562863277964,0.032137907532854,up_in_tested,1,0,module_trait;deg_fraction,True,particle_size_um,0.6222385633532055,0.0025949251469398,0.0591962437092721,0.06215554194733619,1.123562863277964,,,,,,0.032137907532854,,,,,,up_in_tested,,,,,,3266,203,5,MA100_vs_CTR;MA100_vs_MA1;MC100_vs_MC1;MC1_vs_CTR;MD1_vs_CTR,True,True
PLEKHA6,ENSG00000143850,PLEKHA6,PLEKHA6,pleckstrin homology domain containing A6,gainsboro,gainsboro,MA100_vs_CTR,1,1,0.0325140299509119,1.2732120122877963,1.2732120122877963,MA100_vs_CTR,1.2732120122877963,0.0325140299509119,up_in_tested,1,0,deg_fraction,True,particle_size_um,-0.2764543534617769,0.2250855359964076,0.5934073221723475,0.04092526690391459,1.2732120122877963,,,,,,0.0325140299509119,,,,,,up_in_tested,,,,,,1124,46,6,MA100_vs_CTR;MA100_vs_MA1;MA1_vs_CTR;MC100_vs_MC1;MC1_vs_CTR;MD1_vs_CTR,True,False
RNFT1,ENSG00000189050,RNFT1,RNFT1,"ring finger protein, transmembrane 1",dimgrey,dimgrey,MC100_vs_MC1,1,1,0.0325406688637714,1.9010488559074503,1.9010488559074503,MC100_vs_MC1,1.9010488559074503,0.0325406688637714,up_in_tested,1,0,deg_fraction,True,particle_size_um,-0.1867202754883606,0.4176932392721358,0.7331959097856707,0.07777491630182848,,,,1.9010488559074503,,,,,,0.0325406688637714,,,,,,up_in_tested,,,3883,302,6,MA100_vs_CTR;MA100_vs_MA1;MA1_vs_CTR;MC100_vs_MC1;MC1_vs_CTR;MD1_vs_CTR,True,False
CTTN,ENSG00000085733,CTTN,CTTN,cortactin,gainsboro,gainsboro,MC1_vs_CTR,1,1,0.0328111025194154,1.00664573181202,1.00664573181202,MC1_vs_CTR,1.00664573181202,0.0328111025194154,up_in_tested,1,0,deg_fraction,True,particle_size_um,-0.2764543534617769,0.2250855359964076,0.5934073221723475,0.04092526690391459,,,,,1.00664573181202,,,,,,0.0328111025194154,,,,,,up_in_tested,,1124,46,6,MA100_vs_CTR;MA100_vs_MA1;MA1_vs_CTR;MC100_vs_MC1;MC1_vs_CTR;MD1_vs_CTR,True,False
GPR137C,ENSG00000180998,GPR137C,GPR137C,G protein-coupled receptor 137C,dimgrey,dimgrey,MC100_vs_MC1,1,1,0.0330390918035362,1.3803764936666425,1.3803764936666425,MC100_vs_MC1,1.3803764936666425,0.0330390918035362,up_in_tested,1,0,deg_fraction,True,particle_size_um,-0.1867202754883606,0.4176932392721358,0.7331959097856707,0.07777491630182848,,,,1.3803764936666425,,,,,,0.0330390918035362,,,,,,up_in_tested,,,3883,302,6,MA100_vs_CTR;MA100_vs_MA1;MA1_vs_CTR;MC100_vs_MC1;MC1_vs_CTR;MD1_vs_CTR,True,False
LOC124900217,ENSG00000225177,LOC124900217,LOC124900217,collagen alpha-1(III) chain,dimgrey,dimgrey,MC100_vs_MC1,1,1,0.0332921288325017,1.523298328817831,1.523298328817831,MC100_vs_MC1,-1.523298328817831,0.0332921288325017,down_in_tested,0,1,deg_fraction,True,particle_size_um,-0.1867202754883606,0.4176932392721358,0.7331959097856707,0.07777491630182848,,,,-1.523298328817831,,,,,,0.0332921288325017,,,,,,down_in_tested,,,3883,302,6,MA100_vs_CTR;MA100_vs_MA1;MA1_vs_CTR;MC100_vs_MC1;MC1_vs_CTR;MD1_vs_CTR,True,False
INO80B,ENSG00000115274,INO80B,INO80B,INO80 complex subunit B,darkgrey,darkgrey,MC100_vs_MC1,1,1,0.0343184514973959,1.413723233009614,1.413723233009614,MC100_vs_MC1,-1.413723233009614,0.0343184514973959,down_in_tested,0,1,module_trait;deg_fraction,True,particle_size_um,0.6222385633532055,0.0025949251469398,0.0591962437092721,0.06215554194733619,,,,-1.413723233009614,,,,,,0.0343184514973959,,,,,,down_in_tested,,,3266,203,5,MA100_vs_CTR;MA100_vs_MA1;MC100_vs_MC1;MC1_vs_CTR;MD1_vs_CTR,True,True
RPAIN,ENSG00000129197,RPAIN,RPAIN,RPA interacting protein,dimgrey,dimgrey,MC100_vs_MC1,1,1,0.0343550549827091,1.5849402950269589,1.5849402950269589,MC100_vs_MC1,1.5849402950269589,0.0343550549827091,up_in_tested,1,0,deg_fraction,True,particle_size_um,-0.1867202754883606,0.4176932392721358,0.7331959097856707,0.07777491630182848,,,,1.5849402950269589,,,,,,0.0343550549827091,,,,,,up_in_tested,,,3883,302,6,MA100_vs_CTR;MA100_vs_MA1;MA1_vs_CTR;MC100_vs_MC1;MC1_vs_CTR;MD1_vs_CTR,True,False
DHX16,ENSG00000204560,DHX16,DHX16,DEAH-box helicase 16,dimgrey,dimgrey,MC100_vs_MC1,1,1,0.0345820518678493,1.3543989297214007,1.3543989297214007,MC100_vs_MC1,1.3543989297214007,0.0345820518678493,up_in_tested,1,0,deg_fraction,True,particle_size_um,-0.1867202754883606,0.4176932392721358,0.7331959097856707,0.07777491630182848,,,,1.3543989297214007,,,,,,0.0345820518678493,,,,,,up_in_tested,,,3883,302,6,MA100_vs_CTR;MA100_vs_MA1;MA1_vs_CTR;MC100_vs_MC1;MC1_vs_CTR;MD1_vs_CTR,True,False
USP21,ENSG00000143258,USP21,USP21,ubiquitin specific peptidase 21,dimgrey,dimgrey,MC100_vs_MC1,1,1,0.0346987341806882,1.8008231875693756,1.8008231875693756,MC100_vs_MC1,1.8008231875693756,0.0346987341806882,up_in_tested,1,0,deg_fraction,True,particle_size_um,-0.1867202754883606,0.4176932392721358,0.7331959097856707,0.07777491630182848,,,,1.8008231875693756,,,,,,0.0346987341806882,,,,,,up_in_tested,,,3883,302,6,MA100_vs_CTR;MA100_vs_MA1;MA1_vs_CTR;MC100_vs_MC1;MC1_vs_CTR;MD1_vs_CTR,True,False
SCAI,ENSG00000173611,SCAI,SCAI,suppressor of cancer cell invasion,mistyrose,mistyrose,MC100_vs_MC1,1,1,0.0347403282822125,1.2820143537355684,1.2820143537355684,MC100_vs_MC1,1.2820143537355684,0.0347403282822125,up_in_tested,1,0,deg_fraction,True,particle_size_um,-0.3310821963795144,0.1426416782130668,0.5170760835223672,0.01784037558685446,,,,1.2820143537355684,,,,,,0.0347403282822125,,,,,,up_in_tested,,,2130,38,3,MA100_vs_CTR;MC100_vs_MC1;MC1_vs_CTR,True,False
HLA-C,ENSG00000204525,HLA-C,HLA-C,"major histocompatibility complex, class I, C",dimgrey,dimgrey,MA100_vs_CTR;MC100_vs_MC1,2,2,0.0356045803566467,1.04415835119225,1.0361512317097796,MC100_vs_MC1,1.04415835119225,0.0356045803566467,up_in_tested,1,1,deg_fraction,True,particle_size_um,-0.1867202754883606,0.4176932392721358,0.7331959097856707,0.07777491630182848,-1.0281441122273092,,,1.04415835119225,,,0.0457462107238506,,,0.0356045803566467,,,down_in_tested,,,up_in_tested,,,3883,302,6,MA100_vs_CTR;MA100_vs_MA1;MA1_vs_CTR;MC100_vs_MC1;MC1_vs_CTR;MD1_vs_CTR,True,False
TUBGCP3,ENSG00000126216,TUBGCP3,TUBGCP3,tubulin gamma complex component 3,darkgrey,darkgrey,MC100_vs_MC1,1,1,0.0359644206996194,1.103630557587972,1.103630557587972,MC100_vs_MC1,-1.103630557587972,0.0359644206996194,down_in_tested,0,1,module_trait;deg_fraction,True,particle_size_um,0.6222385633532055,0.0025949251469398,0.0591962437092721,0.06215554194733619,,,,-1.103630557587972,,,,,,0.0359644206996194,,,,,,down_in_tested,,,3266,203,5,MA100_vs_CTR;MA100_vs_MA1;MC100_vs_MC1;MC1_vs_CTR;MD1_vs_CTR,True,True
MCM3AP,ENSG00000160294,MCM3AP,MCM3AP,minichromosome maintenance complex component 3 associated protein,dimgrey,dimgrey,MA100_vs_CTR,1,1,0.0365622116993679,1.1812843190086817,1.1812843190086817,MA100_vs_CTR,1.1812843190086817,0.0365622116993679,up_in_tested,1,0,deg_fraction,True,particle_size_um,-0.1867202754883606,0.4176932392721358,0.7331959097856707,0.07777491630182848,1.1812843190086817,,,,,,0.0365622116993679,,,,,,up_in_tested,,,,,,3883,302,6,MA100_vs_CTR;MA100_vs_MA1;MA1_vs_CTR;MC100_vs_MC1;MC1_vs_CTR;MD1_vs_CTR,True,False
DRP2,ENSG00000102385,DRP2,DRP2,dystrophin related protein 2,darkgrey,darkgrey,MC100_vs_MC1,1,1,0.0367565833019818,1.2188427198163254,1.2188427198163254,MC100_vs_MC1,-1.2188427198163254,0.0367565833019818,down_in_tested,0,1,module_trait;deg_fraction,True,particle_size_um,0.6222385633532055,0.0025949251469398,0.0591962437092721,0.06215554194733619,,,,-1.2188427198163254,,,,,,0.0367565833019818,,,,,,down_in_tested,,,3266,203,5,MA100_vs_CTR;MA100_vs_MA1;MC100_vs_MC1;MC1_vs_CTR;MD1_vs_CTR,True,True
RFXANK,ENSG00000064490,RFXANK,RFXANK,regulatory factor X associated ankyrin containing protein,dimgrey,dimgrey,MC100_vs_MC1,1,1,0.0374328389437923,1.5637459338889064,1.5637459338889064,MC100_vs_MC1,1.5637459338889064,0.0374328389437923,up_in_tested,1,0,deg_fraction,True,particle_size_um,-0.1867202754883606,0.4176932392721358,0.7331959097856707,0.07777491630182848,,,,1.5637459338889064,,,,,,0.0374328389437923,,,,,,up_in_tested,,,3883,302,6,MA100_vs_CTR;MA100_vs_MA1;MA1_vs_CTR;MC100_vs_MC1;MC1_vs_CTR;MD1_vs_CTR,True,False
CDH1,ENSG00000039068,CDH1,CDH1,cadherin 1,darkgrey,darkgrey,MC100_vs_MC1,1,1,0.0374412110365527,1.0969107839759558,1.0969107839759558,MC100_vs_MC1,-1.0969107839759558,0.0374412110365527,down_in_tested,0,1,module_trait;deg_fraction,True,particle_size_um,0.6222385633532055,0.0025949251469398,0.0591962437092721,0.06215554194733619,,,,-1.0969107839759558,,,,,,0.0374412110365527,,,,,,down_in_tested,,,3266,203,5,MA100_vs_CTR;MA100_vs_MA1;MC100_vs_MC1;MC1_vs_CTR;MD1_vs_CTR,True,True
SLC41A2,ENSG00000136052,SLC41A2,SLC41A2,solute carrier family 41 member 2,dimgrey,dimgrey,MA100_vs_CTR,1,1,0.037470402468296,1.1403003859206626,1.1403003859206626,MA100_vs_CTR,-1.1403003859206626,0.037470402468296,down_in_tested,0,1,deg_fraction,True,particle_size_um,-0.1867202754883606,0.4176932392721358,0.7331959097856707,0.07777491630182848,-1.1403003859206626,,,,,,0.037470402468296,,,,,,down_in_tested,,,,,,3883,302,6,MA100_vs_CTR;MA100_vs_MA1;MA1_vs_CTR;MC100_vs_MC1;MC1_vs_CTR;MD1_vs_CTR,True,False
JHY,ENSG00000109944,JHY,JHY,junctional cadherin complex regulator,white,white,MD1_vs_CTR,1,1,0.0379198685762983,1.0247054110381295,1.0247054110381295,MD1_vs_CTR,-1.0247054110381295,0.0379198685762983,down_in_tested,0,1,deg_fraction,True,particle_size_um,0.1986467889396642,0.388015130431676,0.7331959097856707,0.01892744479495268,,,,,,-1.0247054110381295,,,,,,0.0379198685762983,,,,,,down_in_tested,317,6,4,MA100_vs_CTR;MC100_vs_MC1;MC1_vs_CTR;MD1_vs_CTR,True,False
C20orf96,ENSG00000196476,C20orf96,C20orf96,chromosome 20 open reading frame 96,darkgrey,darkgrey,MC100_vs_MC1,1,1,0.0390949397347224,1.0145999365652127,1.0145999365652127,MC100_vs_MC1,-1.0145999365652127,0.0390949397347224,down_in_tested,0,1,module_trait;deg_fraction,True,particle_size_um,0.6222385633532055,0.0025949251469398,0.0591962437092721,0.06215554194733619,,,,-1.0145999365652127,,,,,,0.0390949397347224,,,,,,down_in_tested,,,3266,203,5,MA100_vs_CTR;MA100_vs_MA1;MC100_vs_MC1;MC1_vs_CTR;MD1_vs_CTR,True,True
NDUFA13,ENSG00000186010,NDUFA13,NDUFA13,NADH:ubiquinone oxidoreductase subunit A13,white,white,MC100_vs_MC1,1,1,0.0392220150506915,1.0178872268460597,1.0178872268460597,MC100_vs_MC1,-1.0178872268460597,0.0392220150506915,down_in_tested,0,1,deg_fraction,True,particle_size_um,0.1986467889396642,0.388015130431676,0.7331959097856707,0.01892744479495268,,,,-1.0178872268460597,,,,,,0.0392220150506915,,,,,,down_in_tested,,,317,6,4,MA100_vs_CTR;MC100_vs_MC1;MC1_vs_CTR;MD1_vs_CTR,True,False
CACHD1,ENSG00000158966,CACHD1,CACHD1,cache domain containing 1,mistyrose,mistyrose,MC100_vs_MC1,1,1,0.0393192854368656,1.7878640859696335,1.7878640859696335,MC100_vs_MC1,1.7878640859696335,0.0393192854368656,up_in_tested,1,0,deg_fraction,True,particle_size_um,-0.3310821963795144,0.1426416782130668,0.5170760835223672,0.01784037558685446,,,,1.7878640859696335,,,,,,0.0393192854368656,,,,,,up_in_tested,,,2130,38,3,MA100_vs_CTR;MC100_vs_MC1;MC1_vs_CTR,True,False
PHLDB3,ENSG00000176531,PHLDB3,PHLDB3,pleckstrin homology like domain family B member 3,darkgrey,darkgrey,MC100_vs_MC1,1,1,0.0397982417597532,1.654770902664863,1.654770902664863,MC100_vs_MC1,-1.654770902664863,0.0397982417597532,down_in_tested,0,1,module_trait;deg_fraction,True,particle_size_um,0.6222385633532055,0.0025949251469398,0.0591962437092721,0.06215554194733619,,,,-1.654770902664863,,,,,,0.0397982417597532,,,,,,down_in_tested,,,3266,203,5,MA100_vs_CTR;MA100_vs_MA1;MC100_vs_MC1;MC1_vs_CTR;MD1_vs_CTR,True,True
SLC45A3,ENSG00000158715,SLC45A3,SLC45A3,solute carrier family 45 member 3,darkgrey,darkgrey,MC100_vs_MC1,1,1,0.0405479160631745,1.0091190637196552,1.0091190637196552,MC100_vs_MC1,-1.0091190637196552,0.0405479160631745,down_in_tested,0,1,module_trait;deg_fraction,True,particle_size_um,0.6222385633532055,0.0025949251469398,0.0591962437092721,0.06215554194733619,,,,-1.0091190637196552,,,,,,0.0405479160631745,,,,,,down_in_tested,,,3266,203,5,MA100_vs_CTR;MA100_vs_MA1;MC100_vs_MC1;MC1_vs_CTR;MD1_vs_CTR,True,True
ACTL10,ENSG00000288649,ACTL10,ACTL10,actin like 10,darkgrey,darkgrey,MC100_vs_MC1,1,1,0.0413812748006361,1.663163410868299,1.663163410868299,MC100_vs_MC1,-1.663163410868299,0.0413812748006361,down_in_tested,0,1,module_trait;deg_fraction,True,particle_size_um,0.6222385633532055,0.0025949251469398,0.0591962437092721,0.06215554194733619,,,,-1.663163410868299,,,,,,0.0413812748006361,,,,,,down_in_tested,,,3266,203,5,MA100_vs_CTR;MA100_vs_MA1;MC100_vs_MC1;MC1_vs_CTR;MD1_vs_CTR,True,True
TOE1,ENSG00000132773,TOE1,TOE1,"target of EGR1, exonuclease",dimgrey,dimgrey,MC100_vs_MC1,1,1,0.0416626200972436,2.0145783138351647,2.0145783138351647,MC100_vs_MC1,2.0145783138351647,0.0416626200972436,up_in_tested,1,0,deg_fraction,True,particle_size_um,-0.1867202754883606,0.4176932392721358,0.7331959097856707,0.07777491630182848,,,,2.0145783138351647,,,,,,0.0416626200972436,,,,,,up_in_tested,,,3883,302,6,MA100_vs_CTR;MA100_vs_MA1;MA1_vs_CTR;MC100_vs_MC1;MC1_vs_CTR;MD1_vs_CTR,True,False
ERMARD,ENSG00000130023,ERMARD,ERMARD,ER membrane associated RNA degradation,dimgrey,dimgrey,MC100_vs_MC1,1,1,0.0420514375281263,1.253125180203153,1.253125180203153,MC100_vs_MC1,1.253125180203153,0.0420514375281263,up_in_tested,1,0,deg_fraction,True,particle_size_um,-0.1867202754883606,0.4176932392721358,0.7331959097856707,0.07777491630182848,,,,1.253125180203153,,,,,,0.0420514375281263,,,,,,up_in_tested,,,3883,302,6,MA100_vs_CTR;MA100_vs_MA1;MA1_vs_CTR;MC100_vs_MC1;MC1_vs_CTR;MD1_vs_CTR,True,False
PRPF31,ENSG00000105618,PRPF31,PRPF31,pre-mRNA processing factor 31,dimgrey,dimgrey,MC100_vs_MC1,1,1,0.043226352117759,1.3342399159294638,1.3342399159294638,MC100_vs_MC1,1.3342399159294638,0.043226352117759,up_in_tested,1,0,deg_fraction,True,particle_size_um,-0.1867202754883606,0.4176932392721358,0.7331959097856707,0.07777491630182848,,,,1.3342399159294638,,,,,,0.043226352117759,,,,,,up_in_tested,,,3883,302,6,MA100_vs_CTR;MA100_vs_MA1;MA1_vs_CTR;MC100_vs_MC1;MC1_vs_CTR;MD1_vs_CTR,True,False
FAM117A,ENSG00000121104,FAM117A,FAM117A,family with sequence similarity 117 member A,indianred,indianred,MC100_vs_MC1,1,1,0.0436718321548655,1.976345670804434,1.976345670804434,MC100_vs_MC1,1.976345670804434,0.0436718321548655,up_in_tested,1,0,deg_fraction,True,particle_size_um,-0.1819862672482626,0.4298044988398759,0.7331959097856707,0.027777777777777776,,,,1.976345670804434,,,,,,0.0436718321548655,,,,,,up_in_tested,,,216,6,1,MC100_vs_MC1,True,False
NAA40,ENSG00000110583,NAA40,NAA40,"N-alpha-acetyltransferase 40, NatD catalytic subunit",darkgrey,darkgrey,MC100_vs_MC1,1,1,0.0437433713841214,1.0531942227794897,1.0531942227794897,MC100_vs_MC1,-1.0531942227794897,0.0437433713841214,down_in_tested,0,1,module_trait;deg_fraction,True,particle_size_um,0.6222385633532055,0.0025949251469398,0.0591962437092721,0.06215554194733619,,,,-1.0531942227794897,,,,,,0.0437433713841214,,,,,,down_in_tested,,,3266,203,5,MA100_vs_CTR;MA100_vs_MA1;MC100_vs_MC1;MC1_vs_CTR;MD1_vs_CTR,True,True
SLC25A30,ENSG00000174032,SLC25A30,SLC25A30,solute carrier family 25 member 30,indianred,indianred,MC100_vs_MC1,1,1,0.044286945428522,1.33993258068647,1.33993258068647,MC100_vs_MC1,1.33993258068647,0.044286945428522,up_in_tested,1,0,deg_fraction,True,particle_size_um,-0.1819862672482626,0.4298044988398759,0.7331959097856707,0.027777777777777776,,,,1.33993258068647,,,,,,0.044286945428522,,,,,,up_in_tested,,,216,6,1,MC100_vs_MC1,True,False
THAP2,ENSG00000173451,THAP2,THAP2,THAP domain containing 2,dimgrey,dimgrey,MC100_vs_MC1,1,1,0.0447113353940755,1.4036024026564773,1.4036024026564773,MC100_vs_MC1,1.4036024026564773,0.0447113353940755,up_in_tested,1,0,deg_fraction,True,particle_size_um,-0.1867202754883606,0.4176932392721358,0.7331959097856707,0.07777491630182848,,,,1.4036024026564773,,,,,,0.0447113353940755,,,,,,up_in_tested,,,3883,302,6,MA100_vs_CTR;MA100_vs_MA1;MA1_vs_CTR;MC100_vs_MC1;MC1_vs_CTR;MD1_vs_CTR,True,False
ZNF41,ENSG00000147124,ZNF41,ZNF41,zinc finger protein 41,indianred,indianred,MC100_vs_MC1,1,1,0.0447842651475276,1.3651782788171734,1.3651782788171734,MC100_vs_MC1,1.3651782788171734,0.0447842651475276,up_in_tested,1,0,deg_fraction,True,particle_size_um,-0.1819862672482626,0.4298044988398759,0.7331959097856707,0.027777777777777776,,,,1.3651782788171734,,,,,,0.0447842651475276,,,,,,up_in_tested,,,216,6,1,MC100_vs_MC1,True,False
PPP6R1,ENSG00000105063,PPP6R1,PPP6R1,protein phosphatase 6 regulatory subunit 1,darkgrey,darkgrey,MC100_vs_MC1,1,1,0.0448019707581376,1.567861724569331,1.567861724569331,MC100_vs_MC1,-1.567861724569331,0.0448019707581376,down_in_tested,0,1,module_trait;deg_fraction,True,particle_size_um,0.6222385633532055,0.0025949251469398,0.0591962437092721,0.06215554194733619,,,,-1.567861724569331,,,,,,0.0448019707581376,,,,,,down_in_tested,,,3266,203,5,MA100_vs_CTR;MA100_vs_MA1;MC100_vs_MC1;MC1_vs_CTR;MD1_vs_CTR,True,True
KDM1B,ENSG00000165097,KDM1B,KDM1B,lysine demethylase 1B,dimgrey,dimgrey,MC100_vs_MC1,1,1,0.0453437605852548,1.0572033536220908,1.0572033536220908,MC100_vs_MC1,1.0572033536220908,0.0453437605852548,up_in_tested,1,0,deg_fraction,True,particle_size_um,-0.1867202754883606,0.4176932392721358,0.7331959097856707,0.07777491630182848,,,,1.0572033536220908,,,,,,0.0453437605852548,,,,,,up_in_tested,,,3883,302,6,MA100_vs_CTR;MA100_vs_MA1;MA1_vs_CTR;MC100_vs_MC1;MC1_vs_CTR;MD1_vs_CTR,True,False
H2AC14,ENSG00000276368,H2AC14,H2AC14,H2A clustered histone 14,darkgrey,darkgrey,MC100_vs_MC1,1,1,0.045910518154028,1.2125350846763707,1.2125350846763707,MC100_vs_MC1,-1.2125350846763707,0.045910518154028,down_in_tested,0,1,module_trait;deg_fraction,True,particle_size_um,0.6222385633532055,0.0025949251469398,0.0591962437092721,0.06215554194733619,,,,-1.2125350846763707,,,,,,0.045910518154028,,,,,,down_in_tested,,,3266,203,5,MA100_vs_CTR;MA100_vs_MA1;MC100_vs_MC1;MC1_vs_CTR;MD1_vs_CTR,True,True
SCN3A,ENSG00000153253,SCN3A,SCN3A,sodium voltage-gated channel alpha subunit 3,darkgrey,darkgrey,MC100_vs_MC1,1,1,0.045910518154028,1.0124865733673094,1.0124865733673094,MC100_vs_MC1,-1.0124865733673094,0.045910518154028,down_in_tested,0,1,module_trait;deg_fraction,True,particle_size_um,0.6222385633532055,0.0025949251469398,0.0591962437092721,0.06215554194733619,,,,-1.0124865733673094,,,,,,0.045910518154028,,,,,,down_in_tested,,,3266,203,5,MA100_vs_CTR;MA100_vs_MA1;MC100_vs_MC1;MC1_vs_CTR;MD1_vs_CTR,True,True
ZNF559,ENSG00000188321,ZNF559,ZNF559,zinc finger protein 559,dimgrey,dimgrey,MC100_vs_MC1,1,1,0.0463030565674473,1.155262363456125,1.155262363456125,MC100_vs_MC1,1.155262363456125,0.0463030565674473,up_in_tested,1,0,deg_fraction,True,particle_size_um,-0.1867202754883606,0.4176932392721358,0.7331959097856707,0.07777491630182848,,,,1.155262363456125,,,,,,0.0463030565674473,,,,,,up_in_tested,,,3883,302,6,MA100_vs_CTR;MA100_vs_MA1;MA1_vs_CTR;MC100_vs_MC1;MC1_vs_CTR;MD1_vs_CTR,True,False
UBL7,ENSG00000138629,UBL7,UBL7,ubiquitin like 7,dimgrey,dimgrey,MC100_vs_MC1,1,1,0.046760076340948,1.1518760788378843,1.1518760788378843,MC100_vs_MC1,1.1518760788378843,0.046760076340948,up_in_tested,1,0,deg_fraction,True,particle_size_um,-0.1867202754883606,0.4176932392721358,0.7331959097856707,0.07777491630182848,,,,1.1518760788378843,,,,,,0.046760076340948,,,,,,up_in_tested,,,3883,302,6,MA100_vs_CTR;MA100_vs_MA1;MA1_vs_CTR;MC100_vs_MC1;MC1_vs_CTR;MD1_vs_CTR,True,False
REXO4,ENSG00000148300,REXO4,REXO4,RNA exonuclease 4,gainsboro,gainsboro,MA100_vs_CTR;MC1_vs_CTR,2,2,0.0468608752122738,1.310586692699112,1.2772802548836386,MA100_vs_CTR,1.310586692699112,0.0468608752122738,up_in_tested,2,0,deg_fraction,True,particle_size_um,-0.2764543534617769,0.2250855359964076,0.5934073221723475,0.04092526690391459,1.310586692699112,,,,1.2439738170681651,,0.0468608752122738,,,,0.0572424903677865,,up_in_tested,,,,up_in_tested,,1124,46,6,MA100_vs_CTR;MA100_vs_MA1;MA1_vs_CTR;MC100_vs_MC1;MC1_vs_CTR;MD1_vs_CTR,True,False
SYPL2,ENSG00000143028,SYPL2,SYPL2,synaptophysin like 2,darkgrey,darkgrey,MC100_vs_MC1,1,1,0.0471045675109706,1.345034291398909,1.345034291398909,MC100_vs_MC1,-1.345034291398909,0.0471045675109706,down_in_tested,0,1,module_trait;deg_fraction,True,particle_size_um,0.6222385633532055,0.0025949251469398,0.0591962437092721,0.06215554194733619,,,,-1.345034291398909,,,,,,0.0471045675109706,,,,,,down_in_tested,,,3266,203,5,MA100_vs_CTR;MA100_vs_MA1;MC100_vs_MC1;MC1_vs_CTR;MD1_vs_CTR,True,True
HSPB7,ENSG00000173641,HSPB7,HSPB7,heat shock protein family B (small) member 7,darkgrey,darkgrey,MA100_vs_MA1,1,1,0.0472642271708202,1.0537317427805073,1.0537317427805073,MA100_vs_MA1,1.0537317427805073,0.0472642271708202,up_in_tested,1,0,module_trait;deg_fraction,True,particle_size_um,0.6222385633532055,0.0025949251469398,0.0591962437092721,0.06215554194733619,,1.0537317427805073,,,,,,0.0472642271708202,,,,,,up_in_tested,,,,,3266,203,5,MA100_vs_CTR;MA100_vs_MA1;MC100_vs_MC1;MC1_vs_CTR;MD1_vs_CTR,True,True
TUBGCP5,ENSG00000275835,TUBGCP5,TUBGCP5,tubulin gamma complex component 5,gainsboro,gainsboro,MC1_vs_CTR,1,1,0.0473319140750085,1.171076717815827,1.171076717815827,MC1_vs_CTR,1.171076717815827,0.0473319140750085,up_in_tested,1,0,deg_fraction,True,particle_size_um,-0.2764543534617769,0.2250855359964076,0.5934073221723475,0.04092526690391459,,,,,1.171076717815827,,,,,,0.0473319140750085,,,,,,up_in_tested,,1124,46,6,MA100_vs_CTR;MA100_vs_MA1;MA1_vs_CTR;MC100_vs_MC1;MC1_vs_CTR;MD1_vs_CTR,True,False
NEMP2,ENSG00000189362,NEMP2,NEMP2,nuclear envelope integral membrane protein 2,mistyrose,mistyrose,MC100_vs_MC1,1,1,0.0478910981475093,1.1746214681908496,1.1746214681908496,MC100_vs_MC1,1.1746214681908496,0.0478910981475093,up_in_tested,1,0,deg_fraction,True,particle_size_um,-0.3310821963795144,0.1426416782130668,0.5170760835223672,0.01784037558685446,,,,1.1746214681908496,,,,,,0.0478910981475093,,,,,,up_in_tested,,,2130,38,3,MA100_vs_CTR;MC100_vs_MC1;MC1_vs_CTR,True,False
HES4,ENSG00000188290,HES4,HES4,hes family bHLH transcription factor 4,darkgrey,darkgrey,MC100_vs_MC1,1,1,0.0479935433346249,1.6082384633677949,1.6082384633677949,MC100_vs_MC1,-1.6082384633677949,0.0479935433346249,down_in_tested,0,1,module_trait;deg_fraction,True,particle_size_um,0.6222385633532055,0.0025949251469398,0.0591962437092721,0.06215554194733619,,,,-1.6082384633677949,,,,,,0.0479935433346249,,,,,,down_in_tested,,,3266,203,5,MA100_vs_CTR;MA100_vs_MA1;MC100_vs_MC1;MC1_vs_CTR;MD1_vs_CTR,True,True
TIMM17B,ENSG00000126768,TIMM17B,TIMM17B,translocase of inner mitochondrial membrane 17B,dimgrey,dimgrey,MC100_vs_MC1,1,1,0.0479951838336635,1.670046180840895,1.670046180840895,MC100_vs_MC1,1.670046180840895,0.0479951838336635,up_in_tested,1,0,deg_fraction,True,particle_size_um,-0.1867202754883606,0.4176932392721358,0.7331959097856707,0.07777491630182848,,,,1.670046180840895,,,,,,0.0479951838336635,,,,,,up_in_tested,,,3883,302,6,MA100_vs_CTR;MA100_vs_MA1;MA1_vs_CTR;MC100_vs_MC1;MC1_vs_CTR;MD1_vs_CTR,True,False
ANKRD13B,ENSG00000198720,ANKRD13B,ANKRD13B,ankyrin repeat domain 13B,dimgrey,dimgrey,MC100_vs_MC1,1,1,0.0484346014189185,2.0976763368024267,2.0976763368024267,MC100_vs_MC1,2.0976763368024267,0.0484346014189185,up_in_tested,1,0,deg_fraction,True,particle_size_um,-0.1867202754883606,0.4176932392721358,0.7331959097856707,0.07777491630182848,,,,2.0976763368024267,,,,,,0.0484346014189185,,,,,,up_in_tested,,,3883,302,6,MA100_vs_CTR;MA100_vs_MA1;MA1_vs_CTR;MC100_vs_MC1;MC1_vs_CTR;MD1_vs_CTR,True,False
USP45,ENSG00000123552,USP45,USP45,ubiquitin specific peptidase 45,gainsboro,gainsboro,MC1_vs_CTR,1,1,0.0489089522279122,1.0994901190713475,1.0994901190713475,MC1_vs_CTR,1.0994901190713475,0.0489089522279122,up_in_tested,1,0,deg_fraction,True,particle_size_um,-0.2764543534617769,0.2250855359964076,0.5934073221723475,0.04092526690391459,,,,,1.0994901190713475,,,,,,0.0489089522279122,,,,,,up_in_tested,,1124,46,6,MA100_vs_CTR;MA100_vs_MA1;MA1_vs_CTR;MC100_vs_MC1;MC1_vs_CTR;MD1_vs_CTR,True,False
IL17RE,ENSG00000163701,IL17RE,IL17RE,interleukin 17 receptor E,darkgrey,darkgrey,MC100_vs_MC1,1,1,0.0495458498129738,1.4425260589067972,1.4425260589067972,MC100_vs_MC1,-1.4425260589067972,0.0495458498129738,down_in_tested,0,1,module_trait;deg_fraction,True,particle_size_um,0.6222385633532055,0.0025949251469398,0.0591962437092721,0.06215554194733619,,,,-1.4425260589067972,,,,,,0.0495458498129738,,,,,,down_in_tested,,,3266,203,5,MA100_vs_CTR;MA100_vs_MA1;MC100_vs_MC1;MC1_vs_CTR;MD1_vs_CTR,True,True
BST2,ENSG00000130303,BST2,BST2,bone marrow stromal cell antigen 2,darkgrey,darkgrey,MC100_vs_MC1,1,1,0.0496335113646718,1.7667648184447098,1.7667648184447098,MC100_vs_MC1,-1.7667648184447098,0.0496335113646718,down_in_tested,0,1,module_trait;deg_fraction,True,particle_size_um,0.6222385633532055,0.0025949251469398,0.0591962437092721,0.06215554194733619,,,,-1.7667648184447098,,,,,,0.0496335113646718,,,,,,down_in_tested,,,3266,203,5,MA100_vs_CTR;MA100_vs_MA1;MC100_vs_MC1;MC1_vs_CTR;MD1_vs_CTR,True,True
HDGFL2,ENSG00000167674,HDGFL2,HDGFL2,HDGF like 2,gainsboro,gainsboro,MA100_vs_CTR,1,1,0.0502115797885838,1.1185639032201955,1.1185639032201955,MA100_vs_CTR,1.1185639032201955,0.0502115797885838,up_in_tested,1,0,deg_fraction,True,particle_size_um,-0.2764543534617769,0.2250855359964076,0.5934073221723475,0.04092526690391459,1.1185639032201955,,,,,,0.0502115797885838,,,,,,up_in_tested,,,,,,1124,46,6,MA100_vs_CTR;MA100_vs_MA1;MA1_vs_CTR;MC100_vs_MC1;MC1_vs_CTR;MD1_vs_CTR,True,False
GPRC5B,ENSG00000167191,GPRC5B,GPRC5B,G protein-coupled receptor class C group 5 member B,darkgrey,darkgrey,MC100_vs_MC1,1,1,0.0507443514055026,1.1013517768387844,1.1013517768387844,MC100_vs_MC1,-1.1013517768387844,0.0507443514055026,down_in_tested,0,1,module_trait;deg_fraction,True,particle_size_um,0.6222385633532055,0.0025949251469398,0.0591962437092721,0.06215554194733619,,,,-1.1013517768387844,,,,,,0.0507443514055026,,,,,,down_in_tested,,,3266,203,5,MA100_vs_CTR;MA100_vs_MA1;MC100_vs_MC1;MC1_vs_CTR;MD1_vs_CTR,True,True
TRIM62,ENSG00000116525,TRIM62,TRIM62,tripartite motif containing 62,darkgrey,darkgrey,MA100_vs_CTR,1,1,0.0511262044641867,1.156791357533817,1.156791357533817,MA100_vs_CTR,1.156791357533817,0.0511262044641867,up_in_tested,1,0,module_trait;deg_fraction,True,particle_size_um,0.6222385633532055,0.0025949251469398,0.0591962437092721,0.06215554194733619,1.156791357533817,,,,,,0.0511262044641867,,,,,,up_in_tested,,,,,,3266,203,5,MA100_vs_CTR;MA100_vs_MA1;MC100_vs_MC1;MC1_vs_CTR;MD1_vs_CTR,True,True
PLK3,ENSG00000173846,PLK3,PLK3,polo like kinase 3,darkgrey,darkgrey,MA100_vs_CTR,1,1,0.0512302609281153,1.0914907758563197,1.0914907758563197,MA100_vs_CTR,1.0914907758563197,0.0512302609281153,up_in_tested,1,0,module_trait;deg_fraction,True,particle_size_um,0.6222385633532055,0.0025949251469398,0.0591962437092721,0.06215554194733619,1.0914907758563197,,,,,,0.0512302609281153,,,,,,up_in_tested,,,,,,3266,203,5,MA100_vs_CTR;MA100_vs_MA1;MC100_vs_MC1;MC1_vs_CTR;MD1_vs_CTR,True,True
LRIG3,ENSG00000139263,LRIG3,LRIG3,leucine rich repeats and immunoglobulin like domains 3,gainsboro,gainsboro,MC100_vs_MC1,1,1,0.0523821087068467,1.6275980012536062,1.6275980012536062,MC100_vs_MC1,1.6275980012536062,0.0523821087068467,up_in_tested,1,0,deg_fraction,True,particle_size_um,-0.2764543534617769,0.2250855359964076,0.5934073221723475,0.04092526690391459,,,,1.6275980012536062,,,,,,0.0523821087068467,,,,,,up_in_tested,,,1124,46,6,MA100_vs_CTR;MA100_vs_MA1;MA1_vs_CTR;MC100_vs_MC1;MC1_vs_CTR;MD1_vs_CTR,True,False
RABL2A,ENSG00000144134,RABL2A,RABL2A,"RAB, member of RAS oncogene family like 2A",darkgrey,darkgrey,MA100_vs_CTR,1,1,0.0532058598211291,1.1108408377781631,1.1108408377781631,MA100_vs_CTR,1.1108408377781631,0.0532058598211291,up_in_tested,1,0,module_trait;deg_fraction,True,particle_size_um,0.6222385633532055,0.0025949251469398,0.0591962437092721,0.06215554194733619,1.1108408377781631,,,,,,0.0532058598211291,,,,,,up_in_tested,,,,,,3266,203,5,MA100_vs_CTR;MA100_vs_MA1;MC100_vs_MC1;MC1_vs_CTR;MD1_vs_CTR,True,True
BCKDHB,ENSG00000083123,BCKDHB,BCKDHB,branched chain keto acid dehydrogenase E1 subunit beta,dimgrey,dimgrey,MC100_vs_MC1,1,1,0.0537168226307375,1.3356870076522245,1.3356870076522245,MC100_vs_MC1,1.3356870076522245,0.0537168226307375,up_in_tested,1,0,deg_fraction,True,particle_size_um,-0.1867202754883606,0.4176932392721358,0.7331959097856707,0.07777491630182848,,,,1.3356870076522245,,,,,,0.0537168226307375,,,,,,up_in_tested,,,3883,302,6,MA100_vs_CTR;MA100_vs_MA1;MA1_vs_CTR;MC100_vs_MC1;MC1_vs_CTR;MD1_vs_CTR,True,False
PRRG3,ENSG00000130032,PRRG3,PRRG3,proline rich and Gla domain 3,darkgrey,darkgrey,MC100_vs_MC1,1,1,0.0537762660649604,1.0140618717397945,1.0140618717397945,MC100_vs_MC1,-1.0140618717397945,0.0537762660649604,down_in_tested,0,1,module_trait;deg_fraction,True,particle_size_um,0.6222385633532055,0.0025949251469398,0.0591962437092721,0.06215554194733619,,,,-1.0140618717397945,,,,,,0.0537762660649604,,,,,,down_in_tested,,,3266,203,5,MA100_vs_CTR;MA100_vs_MA1;MC100_vs_MC1;MC1_vs_CTR;MD1_vs_CTR,True,True
KATNAL2,ENSG00000167216,KATNAL2,KATNAL2,katanin catalytic subunit A1 like 2,dimgrey,dimgrey,MC100_vs_MC1,1,1,0.0539479906812286,1.3494569258174367,1.3494569258174367,MC100_vs_MC1,-1.3494569258174367,0.0539479906812286,down_in_tested,0,1,deg_fraction,True,particle_size_um,-0.1867202754883606,0.4176932392721358,0.7331959097856707,0.07777491630182848,,,,-1.3494569258174367,,,,,,0.0539479906812286,,,,,,down_in_tested,,,3883,302,6,MA100_vs_CTR;MA100_vs_MA1;MA1_vs_CTR;MC100_vs_MC1;MC1_vs_CTR;MD1_vs_CTR,True,False
UBE2D4,ENSG00000078967,UBE2D4,UBE2D4,ubiquitin conjugating enzyme E2 D4,dimgrey,dimgrey,MA100_vs_CTR,1,1,0.0548062034338312,1.0159008765565192,1.0159008765565192,MA100_vs_CTR,-1.0159008765565192,0.0548062034338312,down_in_tested,0,1,deg_fraction,True,particle_size_um,-0.1867202754883606,0.4176932392721358,0.7331959097856707,0.07777491630182848,-1.0159008765565192,,,,,,0.0548062034338312,,,,,,down_in_tested,,,,,,3883,302,6,MA100_vs_CTR;MA100_vs_MA1;MA1_vs_CTR;MC100_vs_MC1;MC1_vs_CTR;MD1_vs_CTR,True,False
PODXL,ENSG00000128567,PODXL,PODXL,podocalyxin like,dimgrey,dimgrey,MC1_vs_CTR,1,1,0.0548499068151712,1.1827078412213514,1.1827078412213514,MC1_vs_CTR,-1.1827078412213514,0.0548499068151712,down_in_tested,0,1,deg_fraction,True,particle_size_um,-0.1867202754883606,0.4176932392721358,0.7331959097856707,0.07777491630182848,,,,,-1.1827078412213514,,,,,,0.0548499068151712,,,,,,down_in_tested,,3883,302,6,MA100_vs_CTR;MA100_vs_MA1;MA1_vs_CTR;MC100_vs_MC1;MC1_vs_CTR;MD1_vs_CTR,True,False
GINS4,ENSG00000147536,GINS4,GINS4,GINS complex subunit 4,dimgrey,dimgrey,MC100_vs_MC1,1,1,0.0558026222948458,1.6126213386189026,1.6126213386189026,MC100_vs_MC1,-1.6126213386189026,0.0558026222948458,down_in_tested,0,1,deg_fraction,True,particle_size_um,-0.1867202754883606,0.4176932392721358,0.7331959097856707,0.07777491630182848,,,,-1.6126213386189026,,,,,,0.0558026222948458,,,,,,down_in_tested,,,3883,302,6,MA100_vs_CTR;MA100_vs_MA1;MA1_vs_CTR;MC100_vs_MC1;MC1_vs_CTR;MD1_vs_CTR,True,False
ZNF786,ENSG00000197362,ZNF786,ZNF786,zinc finger protein 786,dimgrey,dimgrey,MC100_vs_MC1,1,1,0.056398139762239,1.4531525130311045,1.4531525130311045,MC100_vs_MC1,1.4531525130311045,0.056398139762239,up_in_tested,1,0,deg_fraction,True,particle_size_um,-0.1867202754883606,0.4176932392721358,0.7331959097856707,0.07777491630182848,,,,1.4531525130311045,,,,,,0.056398139762239,,,,,,up_in_tested,,,3883,302,6,MA100_vs_CTR;MA100_vs_MA1;MA1_vs_CTR;MC100_vs_MC1;MC1_vs_CTR;MD1_vs_CTR,True,False
MTERF2,ENSG00000120832,MTERF2,MTERF2,mitochondrial transcription termination factor 2,dimgrey,dimgrey,MC100_vs_MC1,1,1,0.0571160277474664,1.2292758797935908,1.2292758797935908,MC100_vs_MC1,1.2292758797935908,0.0571160277474664,up_in_tested,1,0,deg_fraction,True,particle_size_um,-0.1867202754883606,0.4176932392721358,0.7331959097856707,0.07777491630182848,,,,1.2292758797935908,,,,,,0.0571160277474664,,,,,,up_in_tested,,,3883,302,6,MA100_vs_CTR;MA100_vs_MA1;MA1_vs_CTR;MC100_vs_MC1;MC1_vs_CTR;MD1_vs_CTR,True,False
SAMD1,ENSG00000141858,SAMD1,SAMD1,sterile alpha motif domain containing 1,white,white,MC100_vs_MC1,1,1,0.0574340210135442,1.5022952474109896,1.5022952474109896,MC100_vs_MC1,-1.5022952474109896,0.0574340210135442,down_in_tested,0,1,deg_fraction,True,particle_size_um,0.1986467889396642,0.388015130431676,0.7331959097856707,0.01892744479495268,,,,-1.5022952474109896,,,,,,0.0574340210135442,,,,,,down_in_tested,,,317,6,4,MA100_vs_CTR;MC100_vs_MC1;MC1_vs_CTR;MD1_vs_CTR,True,False
DUS4L,ENSG00000105865,DUS4L,DUS4L,dihydrouridine synthase 4 like,dimgrey,dimgrey,MC100_vs_MC1,1,1,0.0586489046891993,2.410049875459461,2.410049875459461,MC100_vs_MC1,-2.410049875459461,0.0586489046891993,down_in_tested,0,1,deg_fraction,True,particle_size_um,-0.1867202754883606,0.4176932392721358,0.7331959097856707,0.07777491630182848,,,,-2.410049875459461,,,,,,0.0586489046891993,,,,,,down_in_tested,,,3883,302,6,MA100_vs_CTR;MA100_vs_MA1;MA1_vs_CTR;MC100_vs_MC1;MC1_vs_CTR;MD1_vs_CTR,True,False
PREB,ENSG00000138073,PREB,PREB,prolactin regulatory element binding,dimgrey,dimgrey,MC100_vs_MC1,1,1,0.0587329033681617,1.1528196438183682,1.1528196438183682,MC100_vs_MC1,1.1528196438183682,0.0587329033681617,up_in_tested,1,0,deg_fraction,True,particle_size_um,-0.1867202754883606,0.4176932392721358,0.7331959097856707,0.07777491630182848,,,,1.1528196438183682,,,,,,0.0587329033681617,,,,,,up_in_tested,,,3883,302,6,MA100_vs_CTR;MA100_vs_MA1;MA1_vs_CTR;MC100_vs_MC1;MC1_vs_CTR;MD1_vs_CTR,True,False
MRTFB,ENSG00000186260,MRTFB,MRTFB,myocardin related transcription factor B,mistyrose,mistyrose,MA100_vs_CTR,1,1,0.0589488406942802,1.0497836597642696,1.0497836597642696,MA100_vs_CTR,-1.0497836597642696,0.0589488406942802,down_in_tested,0,1,deg_fraction,True,particle_size_um,-0.3310821963795144,0.1426416782130668,0.5170760835223672,0.01784037558685446,-1.0497836597642696,,,,,,0.0589488406942802,,,,,,down_in_tested,,,,,,2130,38,3,MA100_vs_CTR;MC100_vs_MC1;MC1_vs_CTR,True,False
NR1H3,ENSG00000025434,NR1H3,NR1H3,nuclear receptor subfamily 1 group H member 3,dimgrey,dimgrey,MA100_vs_CTR,1,1,0.0606580481057543,1.0826682443176263,1.0826682443176263,MA100_vs_CTR,-1.0826682443176263,0.0606580481057543,down_in_tested,0,1,deg_fraction,True,particle_size_um,-0.1867202754883606,0.4176932392721358,0.7331959097856707,0.07777491630182848,-1.0826682443176263,,,,,,0.0606580481057543,,,,,,down_in_tested,,,,,,3883,302,6,MA100_vs_CTR;MA100_vs_MA1;MA1_vs_CTR;MC100_vs_MC1;MC1_vs_CTR;MD1_vs_CTR,True,False
TZMP1,ENSG00000235453,TZMP1,TZMP1,transition zone microprotein 1,dimgrey,dimgrey,MC100_vs_MC1,1,1,0.0624263398650815,1.6203821986288889,1.6203821986288889,MC100_vs_MC1,1.6203821986288889,0.0624263398650815,up_in_tested,1,0,deg_fraction,True,particle_size_um,-0.1867202754883606,0.4176932392721358,0.7331959097856707,0.07777491630182848,,,,1.6203821986288889,,,,,,0.0624263398650815,,,,,,up_in_tested,,,3883,302,6,MA100_vs_CTR;MA100_vs_MA1;MA1_vs_CTR;MC100_vs_MC1;MC1_vs_CTR;MD1_vs_CTR,True,False
RIMS2,ENSG00000176406,RIMS2,RIMS2,regulating synaptic membrane exocytosis 2,indianred,indianred,MC100_vs_MC1,1,1,0.0624263398650815,1.1988112007543608,1.1988112007543608,MC100_vs_MC1,1.1988112007543608,0.0624263398650815,up_in_tested,1,0,deg_fraction,True,particle_size_um,-0.1819862672482626,0.4298044988398759,0.7331959097856707,0.027777777777777776,,,,1.1988112007543608,,,,,,0.0624263398650815,,,,,,up_in_tested,,,216,6,1,MC100_vs_MC1,True,False
GEM,ENSG00000164949,GEM,GEM,GTP binding protein overexpressed in skeletal muscle,mistyrose,mistyrose,MC100_vs_MC1,1,1,0.0632796172839923,1.0205567789245191,1.0205567789245191,MC100_vs_MC1,1.0205567789245191,0.0632796172839923,up_in_tested,1,0,deg_fraction,True,particle_size_um,-0.3310821963795144,0.1426416782130668,0.5170760835223672,0.01784037558685446,,,,1.0205567789245191,,,,,,0.0632796172839923,,,,,,up_in_tested,,,2130,38,3,MA100_vs_CTR;MC100_vs_MC1;MC1_vs_CTR,True,False
ZNF567,ENSG00000189042,ZNF567,ZNF567,zinc finger protein 567,mistyrose,mistyrose,MC100_vs_MC1,1,1,0.0636026228109101,1.1713338748868087,1.1713338748868087,MC100_vs_MC1,1.1713338748868087,0.0636026228109101,up_in_tested,1,0,deg_fraction,True,particle_size_um,-0.3310821963795144,0.1426416782130668,0.5170760835223672,0.01784037558685446,,,,1.1713338748868087,,,,,,0.0636026228109101,,,,,,up_in_tested,,,2130,38,3,MA100_vs_CTR;MC100_vs_MC1;MC1_vs_CTR,True,False
GAPDH,ENSG00000111640,GAPDH,GAPDH,glyceraldehyde-3-phosphate dehydrogenase,dimgrey,dimgrey,MC100_vs_MC1,1,1,0.0639827993697964,1.196440519497063,1.196440519497063,MC100_vs_MC1,1.196440519497063,0.0639827993697964,up_in_tested,1,0,deg_fraction,True,particle_size_um,-0.1867202754883606,0.4176932392721358,0.7331959097856707,0.07777491630182848,,,,1.196440519497063,,,,,,0.0639827993697964,,,,,,up_in_tested,,,3883,302,6,MA100_vs_CTR;MA100_vs_MA1;MA1_vs_CTR;MC100_vs_MC1;MC1_vs_CTR;MD1_vs_CTR,True,False
ANKRD18B,ENSG00000230453,ANKRD18B,ANKRD18B,ankyrin repeat domain 18B,dimgrey,dimgrey,MC100_vs_MC1,1,1,0.0644868282816415,1.6071237511337455,1.6071237511337455,MC100_vs_MC1,1.6071237511337455,0.0644868282816415,up_in_tested,1,0,deg_fraction,True,particle_size_um,-0.1867202754883606,0.4176932392721358,0.7331959097856707,0.07777491630182848,,,,1.6071237511337455,,,,,,0.0644868282816415,,,,,,up_in_tested,,,3883,302,6,MA100_vs_CTR;MA100_vs_MA1;MA1_vs_CTR;MC100_vs_MC1;MC1_vs_CTR;MD1_vs_CTR,True,False
FRAT2,ENSG00000181274,FRAT2,FRAT2,FRAT regulator of Wnt signaling pathway 2,indianred,indianred,MC100_vs_MC1,1,1,0.0645865713200991,1.4299032583105944,1.4299032583105944,MC100_vs_MC1,1.4299032583105944,0.0645865713200991,up_in_tested,1,0,deg_fraction,True,particle_size_um,-0.1819862672482626,0.4298044988398759,0.7331959097856707,0.027777777777777776,,,,1.4299032583105944,,,,,,0.0645865713200991,,,,,,up_in_tested,,,216,6,1,MC100_vs_MC1,True,False
TAF15,ENSG00000270647,TAF15,TAF15,TATA-box binding protein associated factor 15,darkgrey,darkgrey,MA100_vs_CTR,1,1,0.0649222078353771,1.1294331057046652,1.1294331057046652,MA100_vs_CTR,1.1294331057046652,0.0649222078353771,up_in_tested,1,0,module_trait;deg_fraction,True,particle_size_um,0.6222385633532055,0.0025949251469398,0.0591962437092721,0.06215554194733619,1.1294331057046652,,,,,,0.0649222078353771,,,,,,up_in_tested,,,,,,3266,203,5,MA100_vs_CTR;MA100_vs_MA1;MC100_vs_MC1;MC1_vs_CTR;MD1_vs_CTR,True,True
CENPV,ENSG00000166582,CENPV,CENPV,centromere protein V,dimgrey,dimgrey,MC100_vs_MC1,1,1,0.0655068161307628,2.1209081987938587,2.1209081987938587,MC100_vs_MC1,2.1209081987938587,0.0655068161307628,up_in_tested,1,0,deg_fraction,True,particle_size_um,-0.1867202754883606,0.4176932392721358,0.7331959097856707,0.07777491630182848,,,,2.1209081987938587,,,,,,0.0655068161307628,,,,,,up_in_tested,,,3883,302,6,MA100_vs_CTR;MA100_vs_MA1;MA1_vs_CTR;MC100_vs_MC1;MC1_vs_CTR;MD1_vs_CTR,True,False
NR4A3,ENSG00000119508,NR4A3,NR4A3,nuclear receptor subfamily 4 group A member 3,mistyrose,mistyrose,MC100_vs_MC1,1,1,0.0664189157357527,1.3976586028060696,1.3976586028060696,MC100_vs_MC1,1.3976586028060696,0.0664189157357527,up_in_tested,1,0,deg_fraction,True,particle_size_um,-0.3310821963795144,0.1426416782130668,0.5170760835223672,0.01784037558685446,,,,1.3976586028060696,,,,,,0.0664189157357527,,,,,,up_in_tested,,,2130,38,3,MA100_vs_CTR;MC100_vs_MC1;MC1_vs_CTR,True,False
NBPF14,ENSG00000270629,NBPF14,NBPF14,NBPF member 14,gainsboro,gainsboro,MC100_vs_MC1,1,1,0.0683758750705895,1.400457130637844,1.400457130637844,MC100_vs_MC1,-1.400457130637844,0.0683758750705895,down_in_tested,0,1,deg_fraction,True,particle_size_um,-0.2764543534617769,0.2250855359964076,0.5934073221723475,0.04092526690391459,,,,-1.400457130637844,,,,,,0.0683758750705895,,,,,,down_in_tested,,,1124,46,6,MA100_vs_CTR;MA100_vs_MA1;MA1_vs_CTR;MC100_vs_MC1;MC1_vs_CTR;MD1_vs_CTR,True,False
TRIM68,ENSG00000167333,TRIM68,TRIM68,tripartite motif containing 68,dimgrey,dimgrey,MA100_vs_CTR,1,1,0.0684995557638409,1.0328078256253723,1.0328078256253723,MA100_vs_CTR,-1.0328078256253723,0.0684995557638409,down_in_tested,0,1,deg_fraction,True,particle_size_um,-0.1867202754883606,0.4176932392721358,0.7331959097856707,0.07777491630182848,-1.0328078256253723,,,,,,0.0684995557638409,,,,,,down_in_tested,,,,,,3883,302,6,MA100_vs_CTR;MA100_vs_MA1;MA1_vs_CTR;MC100_vs_MC1;MC1_vs_CTR;MD1_vs_CTR,True,False
CBX2,ENSG00000173894,CBX2,CBX2,chromobox 2,dimgrey,dimgrey,MC100_vs_MC1,1,1,0.0695613893435446,1.3481554430760203,1.3481554430760203,MC100_vs_MC1,1.3481554430760203,0.0695613893435446,up_in_tested,1,0,deg_fraction,True,particle_size_um,-0.1867202754883606,0.4176932392721358,0.7331959097856707,0.07777491630182848,,,,1.3481554430760203,,,,,,0.0695613893435446,,,,,,up_in_tested,,,3883,302,6,MA100_vs_CTR;MA100_vs_MA1;MA1_vs_CTR;MC100_vs_MC1;MC1_vs_CTR;MD1_vs_CTR,True,False
SHANK1,ENSG00000161681,SHANK1,SHANK1,SH3 and multiple ankyrin repeat domains 1,darkgrey,darkgrey,MC100_vs_MC1,1,1,0.0697710561255825,1.4060197600588762,1.4060197600588762,MC100_vs_MC1,-1.4060197600588762,0.0697710561255825,down_in_tested,0,1,module_trait;deg_fraction,True,particle_size_um,0.6222385633532055,0.0025949251469398,0.0591962437092721,0.06215554194733619,,,,-1.4060197600588762,,,,,,0.0697710561255825,,,,,,down_in_tested,,,3266,203,5,MA100_vs_CTR;MA100_vs_MA1;MC100_vs_MC1;MC1_vs_CTR;MD1_vs_CTR,True,True
ADAMTS8,ENSG00000134917,ADAMTS8,ADAMTS8,ADAM metallopeptidase with thrombospondin type 1 motif 8,darkgrey,darkgrey,MC100_vs_MC1,1,1,0.0710181379812105,1.6227600839585097,1.6227600839585097,MC100_vs_MC1,-1.6227600839585097,0.0710181379812105,down_in_tested,0,1,module_trait;deg_fraction,True,particle_size_um,0.6222385633532055,0.0025949251469398,0.0591962437092721,0.06215554194733619,,,,-1.6227600839585097,,,,,,0.0710181379812105,,,,,,down_in_tested,,,3266,203,5,MA100_vs_CTR;MA100_vs_MA1;MC100_vs_MC1;MC1_vs_CTR;MD1_vs_CTR,True,True
RABEP2,ENSG00000177548,RABEP2,RABEP2,"rabaptin, RAB GTPase binding effector protein 2",dimgrey,dimgrey,MC100_vs_MC1,1,1,0.0713934558900563,1.4986599813407655,1.4986599813407655,MC100_vs_MC1,1.4986599813407655,0.0713934558900563,up_in_tested,1,0,deg_fraction,True,particle_size_um,-0.1867202754883606,0.4176932392721358,0.7331959097856707,0.07777491630182848,,,,1.4986599813407655,,,,,,0.0713934558900563,,,,,,up_in_tested,,,3883,302,6,MA100_vs_CTR;MA100_vs_MA1;MA1_vs_CTR;MC100_vs_MC1;MC1_vs_CTR;MD1_vs_CTR,True,False
OS9,ENSG00000135506,OS9,OS9,OS9 endoplasmic reticulum lectin,darkgrey,darkgrey,MC100_vs_MC1,1,1,0.0713934558900563,1.0578043197053473,1.0578043197053473,MC100_vs_MC1,-1.0578043197053473,0.0713934558900563,down_in_tested,0,1,module_trait;deg_fraction,True,particle_size_um,0.6222385633532055,0.0025949251469398,0.0591962437092721,0.06215554194733619,,,,-1.0578043197053473,,,,,,0.0713934558900563,,,,,,down_in_tested,,,3266,203,5,MA100_vs_CTR;MA100_vs_MA1;MC100_vs_MC1;MC1_vs_CTR;MD1_vs_CTR,True,True
ANKRD34A,ENSG00000272031,ANKRD34A,ANKRD34A,ankyrin repeat domain 34A,dimgrey,dimgrey,MC100_vs_MC1,1,1,0.0721497213242697,1.06734691494785,1.06734691494785,MC100_vs_MC1,1.06734691494785,0.0721497213242697,up_in_tested,1,0,deg_fraction,True,particle_size_um,-0.1867202754883606,0.4176932392721358,0.7331959097856707,0.07777491630182848,,,,1.06734691494785,,,,,,0.0721497213242697,,,,,,up_in_tested,,,3883,302,6,MA100_vs_CTR;MA100_vs_MA1;MA1_vs_CTR;MC100_vs_MC1;MC1_vs_CTR;MD1_vs_CTR,True,False
JADE3,ENSG00000102221,JADE3,JADE3,jade family PHD finger 3,mistyrose,mistyrose,MC100_vs_MC1,1,1,0.0742135399388818,1.3466891830436585,1.3466891830436585,MC100_vs_MC1,1.3466891830436585,0.0742135399388818,up_in_tested,1,0,deg_fraction,True,particle_size_um,-0.3310821963795144,0.1426416782130668,0.5170760835223672,0.01784037558685446,,,,1.3466891830436585,,,,,,0.0742135399388818,,,,,,up_in_tested,,,2130,38,3,MA100_vs_CTR;MC100_vs_MC1;MC1_vs_CTR,True,False
PKIG,ENSG00000168734,PKIG,PKIG,cAMP-dependent protein kinase inhibitor gamma,dimgrey,dimgrey,MC100_vs_MC1,1,1,0.0744733439717551,1.451084514588815,1.451084514588815,MC100_vs_MC1,-1.451084514588815,0.0744733439717551,down_in_tested,0,1,deg_fraction,True,particle_size_um,-0.1867202754883606,0.4176932392721358,0.7331959097856707,0.07777491630182848,,,,-1.451084514588815,,,,,,0.0744733439717551,,,,,,down_in_tested,,,3883,302,6,MA100_vs_CTR;MA100_vs_MA1;MA1_vs_CTR;MC100_vs_MC1;MC1_vs_CTR;MD1_vs_CTR,True,False
ABHD3,ENSG00000158201,ABHD3,ABHD3,"abhydrolase domain containing 3, phospholipase",dimgrey,dimgrey,MC100_vs_MC1,1,1,0.0757573201057302,1.554141332763329,1.554141332763329,MC100_vs_MC1,1.554141332763329,0.0757573201057302,up_in_tested,1,0,deg_fraction,True,particle_size_um,-0.1867202754883606,0.4176932392721358,0.7331959097856707,0.07777491630182848,,,,1.554141332763329,,,,,,0.0757573201057302,,,,,,up_in_tested,,,3883,302,6,MA100_vs_CTR;MA100_vs_MA1;MA1_vs_CTR;MC100_vs_MC1;MC1_vs_CTR;MD1_vs_CTR,True,False
WDR35,ENSG00000118965,WDR35,WDR35,WD repeat domain 35,mistyrose,mistyrose,MC100_vs_MC1,1,1,0.0766107811291506,1.091624393598759,1.091624393598759,MC100_vs_MC1,1.091624393598759,0.0766107811291506,up_in_tested,1,0,deg_fraction,True,particle_size_um,-0.3310821963795144,0.1426416782130668,0.5170760835223672,0.01784037558685446,,,,1.091624393598759,,,,,,0.0766107811291506,,,,,,up_in_tested,,,2130,38,3,MA100_vs_CTR;MC100_vs_MC1;MC1_vs_CTR,True,False
ZNF823,ENSG00000197933,ZNF823,ZNF823,zinc finger protein 823,dimgrey,dimgrey,MC100_vs_MC1,1,1,0.0774852436676222,2.0495078787719563,2.0495078787719563,MC100_vs_MC1,2.0495078787719563,0.0774852436676222,up_in_tested,1,0,deg_fraction,True,particle_size_um,-0.1867202754883606,0.4176932392721358,0.7331959097856707,0.07777491630182848,,,,2.0495078787719563,,,,,,0.0774852436676222,,,,,,up_in_tested,,,3883,302,6,MA100_vs_CTR;MA100_vs_MA1;MA1_vs_CTR;MC100_vs_MC1;MC1_vs_CTR;MD1_vs_CTR,True,False
RUNDC3B,ENSG00000105784,RUNDC3B,RUNDC3B,RUN domain containing 3B,dimgrey,dimgrey,MC100_vs_MC1,1,1,0.0775291654534722,1.5960264164044444,1.5960264164044444,MC100_vs_MC1,1.5960264164044444,0.0775291654534722,up_in_tested,1,0,deg_fraction,True,particle_size_um,-0.1867202754883606,0.4176932392721358,0.7331959097856707,0.07777491630182848,,,,1.5960264164044444,,,,,,0.0775291654534722,,,,,,up_in_tested,,,3883,302,6,MA100_vs_CTR;MA100_vs_MA1;MA1_vs_CTR;MC100_vs_MC1;MC1_vs_CTR;MD1_vs_CTR,True,False
VRK2,ENSG00000028116,VRK2,VRK2,VRK serine/threonine kinase 2,gainsboro,gainsboro,MC100_vs_MC1,1,1,0.0776246186850337,1.0188239272373063,1.0188239272373063,MC100_vs_MC1,-1.0188239272373063,0.0776246186850337,down_in_tested,0,1,deg_fraction,True,particle_size_um,-0.2764543534617769,0.2250855359964076,0.5934073221723475,0.04092526690391459,,,,-1.0188239272373063,,,,,,0.0776246186850337,,,,,,down_in_tested,,,1124,46,6,MA100_vs_CTR;MA100_vs_MA1;MA1_vs_CTR;MC100_vs_MC1;MC1_vs_CTR;MD1_vs_CTR,True,False
ZNF846,ENSG00000196605,ZNF846,ZNF846,zinc finger protein 846,dimgrey,dimgrey,MC100_vs_MC1,1,1,0.0780773253123653,1.1923822835577085,1.1923822835577085,MC100_vs_MC1,1.1923822835577085,0.0780773253123653,up_in_tested,1,0,deg_fraction,True,particle_size_um,-0.1867202754883606,0.4176932392721358,0.7331959097856707,0.07777491630182848,,,,1.1923822835577085,,,,,,0.0780773253123653,,,,,,up_in_tested,,,3883,302,6,MA100_vs_CTR;MA100_vs_MA1;MA1_vs_CTR;MC100_vs_MC1;MC1_vs_CTR;MD1_vs_CTR,True,False
HSPB2,ENSG00000170276,HSPB2,HSPB2,heat shock protein family B (small) member 2,dimgrey,dimgrey,MC100_vs_MC1,1,1,0.0782422186465758,1.2060992539570612,1.2060992539570612,MC100_vs_MC1,-1.2060992539570612,0.0782422186465758,down_in_tested,0,1,deg_fraction,True,particle_size_um,-0.1867202754883606,0.4176932392721358,0.7331959097856707,0.07777491630182848,,,,-1.2060992539570612,,,,,,0.0782422186465758,,,,,,down_in_tested,,,3883,302,6,MA100_vs_CTR;MA100_vs_MA1;MA1_vs_CTR;MC100_vs_MC1;MC1_vs_CTR;MD1_vs_CTR,True,False
CAMTA2,ENSG00000108509,CAMTA2,CAMTA2,calmodulin binding transcription activator 2,dimgrey,dimgrey,MC100_vs_MC1,1,1,0.0792580786904107,1.40459714719935,1.40459714719935,MC100_vs_MC1,1.40459714719935,0.0792580786904107,up_in_tested,1,0,deg_fraction,True,particle_size_um,-0.1867202754883606,0.4176932392721358,0.7331959097856707,0.07777491630182848,,,,1.40459714719935,,,,,,0.0792580786904107,,,,,,up_in_tested,,,3883,302,6,MA100_vs_CTR;MA100_vs_MA1;MA1_vs_CTR;MC100_vs_MC1;MC1_vs_CTR;MD1_vs_CTR,True,False
SCAMP3,ENSG00000116521,SCAMP3,SCAMP3,secretory carrier membrane protein 3,dimgrey,dimgrey,MC100_vs_MC1,1,1,0.0792580786904107,1.018357212209353,1.018357212209353,MC100_vs_MC1,1.018357212209353,0.0792580786904107,up_in_tested,1,0,deg_fraction,True,particle_size_um,-0.1867202754883606,0.4176932392721358,0.7331959097856707,0.07777491630182848,,,,1.018357212209353,,,,,,0.0792580786904107,,,,,,up_in_tested,,,3883,302,6,MA100_vs_CTR;MA100_vs_MA1;MA1_vs_CTR;MC100_vs_MC1;MC1_vs_CTR;MD1_vs_CTR,True,False
EMP3,ENSG00000142227,EMP3,EMP3,epithelial membrane protein 3 (MAM blood group),dimgrey,dimgrey,MA100_vs_MA1,1,1,0.0801352674659749,1.290545878992459,1.290545878992459,MA100_vs_MA1,1.290545878992459,0.0801352674659749,up_in_tested,1,0,deg_fraction,True,particle_size_um,-0.1867202754883606,0.4176932392721358,0.7331959097856707,0.07777491630182848,,1.290545878992459,,,,,,0.0801352674659749,,,,,,up_in_tested,,,,,3883,302,6,MA100_vs_CTR;MA100_vs_MA1;MA1_vs_CTR;MC100_vs_MC1;MC1_vs_CTR;MD1_vs_CTR,True,False
CTDNEP1,ENSG00000175826,CTDNEP1,CTDNEP1,CTD nuclear envelope phosphatase 1,dimgrey,dimgrey,MC100_vs_MC1,1,1,0.081923191785945,1.1631264319759438,1.1631264319759438,MC100_vs_MC1,1.1631264319759438,0.081923191785945,up_in_tested,1,0,deg_fraction,True,particle_size_um,-0.1867202754883606,0.4176932392721358,0.7331959097856707,0.07777491630182848,,,,1.1631264319759438,,,,,,0.081923191785945,,,,,,up_in_tested,,,3883,302,6,MA100_vs_CTR;MA100_vs_MA1;MA1_vs_CTR;MC100_vs_MC1;MC1_vs_CTR;MD1_vs_CTR,True,False
GGT7,ENSG00000131067,GGT7,GGT7,gamma-glutamyltransferase 7,white,white,MC100_vs_MC1,1,1,0.0819821141502062,1.2870192634443192,1.2870192634443192,MC100_vs_MC1,-1.2870192634443192,0.0819821141502062,down_in_tested,0,1,deg_fraction,True,particle_size_um,0.1986467889396642,0.388015130431676,0.7331959097856707,0.01892744479495268,,,,-1.2870192634443192,,,,,,0.0819821141502062,,,,,,down_in_tested,,,317,6,4,MA100_vs_CTR;MC100_vs_MC1;MC1_vs_CTR;MD1_vs_CTR,True,False
MTM1,ENSG00000171100,MTM1,MTM1,myotubularin 1,dimgrey,dimgrey,MC100_vs_MC1,1,1,0.0822563813967376,1.4464261755588192,1.4464261755588192,MC100_vs_MC1,1.4464261755588192,0.0822563813967376,up_in_tested,1,0,deg_fraction,True,particle_size_um,-0.1867202754883606,0.4176932392721358,0.7331959097856707,0.07777491630182848,,,,1.4464261755588192,,,,,,0.0822563813967376,,,,,,up_in_tested,,,3883,302,6,MA100_vs_CTR;MA100_vs_MA1;MA1_vs_CTR;MC100_vs_MC1;MC1_vs_CTR;MD1_vs_CTR,True,False
TVP23B,ENSG00000171928,TVP23B,TVP23B,trans-golgi network vesicle protein 23 homolog B,mistyrose,mistyrose,MC100_vs_MC1,1,1,0.0825359369325424,1.0006821807318955,1.0006821807318955,MC100_vs_MC1,1.0006821807318955,0.0825359369325424,up_in_tested,1,0,deg_fraction,True,particle_size_um,-0.3310821963795144,0.1426416782130668,0.5170760835223672,0.01784037558685446,,,,1.0006821807318955,,,,,,0.0825359369325424,,,,,,up_in_tested,,,2130,38,3,MA100_vs_CTR;MC100_vs_MC1;MC1_vs_CTR,True,False
CCR10,ENSG00000184451,CCR10,CCR10,C-C motif chemokine receptor 10,darkgrey,darkgrey,MC100_vs_MC1,1,1,0.083121813568453,1.18846619544211,1.18846619544211,MC100_vs_MC1,-1.18846619544211,0.083121813568453,down_in_tested,0,1,module_trait;deg_fraction,True,particle_size_um,0.6222385633532055,0.0025949251469398,0.0591962437092721,0.06215554194733619,,,,-1.18846619544211,,,,,,0.083121813568453,,,,,,down_in_tested,,,3266,203,5,MA100_vs_CTR;MA100_vs_MA1;MC100_vs_MC1;MC1_vs_CTR;MD1_vs_CTR,True,True
PTPRU,ENSG00000060656,PTPRU,PTPRU,protein tyrosine phosphatase receptor type U,darkgrey,darkgrey,MC100_vs_MC1,1,1,0.0836686071229874,1.1877771298076465,1.1877771298076465,MC100_vs_MC1,-1.1877771298076465,0.0836686071229874,down_in_tested,0,1,module_trait;deg_fraction,True,particle_size_um,0.6222385633532055,0.0025949251469398,0.0591962437092721,0.06215554194733619,,,,-1.1877771298076465,,,,,,0.0836686071229874,,,,,,down_in_tested,,,3266,203,5,MA100_vs_CTR;MA100_vs_MA1;MC100_vs_MC1;MC1_vs_CTR;MD1_vs_CTR,True,True
TDRP,ENSG00000180190,TDRP,TDRP,testis development related protein,darkgrey,darkgrey,MA100_vs_CTR,1,1,0.0848862649496448,1.1221741491592614,1.1221741491592614,MA100_vs_CTR,1.1221741491592614,0.0848862649496448,up_in_tested,1,0,module_trait;deg_fraction,True,particle_size_um,0.6222385633532055,0.0025949251469398,0.0591962437092721,0.06215554194733619,1.1221741491592614,,,,,,0.0848862649496448,,,,,,up_in_tested,,,,,,3266,203,5,MA100_vs_CTR;MA100_vs_MA1;MC100_vs_MC1;MC1_vs_CTR;MD1_vs_CTR,True,True
HPS3,ENSG00000163755,HPS3,HPS3,HPS3 biogenesis of lysosomal organelles complex 2 subunit 1,dimgrey,dimgrey,MC100_vs_MC1,1,1,0.0848951916362883,1.7872322898320838,1.7872322898320838,MC100_vs_MC1,1.7872322898320838,0.0848951916362883,up_in_tested,1,0,deg_fraction,True,particle_size_um,-0.1867202754883606,0.4176932392721358,0.7331959097856707,0.07777491630182848,,,,1.7872322898320838,,,,,,0.0848951916362883,,,,,,up_in_tested,,,3883,302,6,MA100_vs_CTR;MA100_vs_MA1;MA1_vs_CTR;MC100_vs_MC1;MC1_vs_CTR;MD1_vs_CTR,True,False
PPIL2,ENSG00000100023,PPIL2,PPIL2,peptidylprolyl isomerase like 2,darkgrey,darkgrey,MA100_vs_CTR,1,1,0.0850909993448219,1.3169298909859626,1.3169298909859626,MA100_vs_CTR,1.3169298909859626,0.0850909993448219,up_in_tested,1,0,module_trait;deg_fraction,True,particle_size_um,0.6222385633532055,0.0025949251469398,0.0591962437092721,0.06215554194733619,1.3169298909859626,,,,,,0.0850909993448219,,,,,,up_in_tested,,,,,,3266,203,5,MA100_vs_CTR;MA100_vs_MA1;MC100_vs_MC1;MC1_vs_CTR;MD1_vs_CTR,True,True
MRPL49,ENSG00000149792,MRPL49,MRPL49,mitochondrial ribosomal protein L49,dimgrey,dimgrey,MA100_vs_CTR,1,1,0.0857266395057037,1.1830535852614816,1.1830535852614816,MA100_vs_CTR,-1.1830535852614816,0.0857266395057037,down_in_tested,0,1,deg_fraction,True,particle_size_um,-0.1867202754883606,0.4176932392721358,0.7331959097856707,0.07777491630182848,-1.1830535852614816,,,,,,0.0857266395057037,,,,,,down_in_tested,,,,,,3883,302,6,MA100_vs_CTR;MA100_vs_MA1;MA1_vs_CTR;MC100_vs_MC1;MC1_vs_CTR;MD1_vs_CTR,True,False
ZSCAN12,ENSG00000158691,ZSCAN12,ZSCAN12,zinc finger and SCAN domain containing 12,mistyrose,mistyrose,MC100_vs_MC1,1,1,0.0874037231017039,1.0303992317254205,1.0303992317254205,MC100_vs_MC1,1.0303992317254205,0.0874037231017039,up_in_tested,1,0,deg_fraction,True,particle_size_um,-0.3310821963795144,0.1426416782130668,0.5170760835223672,0.01784037558685446,,,,1.0303992317254205,,,,,,0.0874037231017039,,,,,,up_in_tested,,,2130,38,3,MA100_vs_CTR;MC100_vs_MC1;MC1_vs_CTR,True,False
PKIB,ENSG00000135549,PKIB,PKIB,cAMP-dependent protein kinase inhibitor beta,mistyrose,mistyrose,MC100_vs_MC1,1,1,0.0886452069891605,1.365425635874643,1.365425635874643,MC100_vs_MC1,1.365425635874643,0.0886452069891605,up_in_tested,1,0,deg_fraction,True,particle_size_um,-0.3310821963795144,0.1426416782130668,0.5170760835223672,0.01784037558685446,,,,1.365425635874643,,,,,,0.0886452069891605,,,,,,up_in_tested,,,2130,38,3,MA100_vs_CTR;MC100_vs_MC1;MC1_vs_CTR,True,False
H2BC12,ENSG00000197903,H2BC12,H2BC12,H2B clustered histone 12,dimgrey,dimgrey,MC100_vs_MC1,1,1,0.0901523830670853,1.052429168181468,1.052429168181468,MC100_vs_MC1,1.052429168181468,0.0901523830670853,up_in_tested,1,0,deg_fraction,True,particle_size_um,-0.1867202754883606,0.4176932392721358,0.7331959097856707,0.07777491630182848,,,,1.052429168181468,,,,,,0.0901523830670853,,,,,,up_in_tested,,,3883,302,6,MA100_vs_CTR;MA100_vs_MA1;MA1_vs_CTR;MC100_vs_MC1;MC1_vs_CTR;MD1_vs_CTR,True,False
MCAM,ENSG00000076706,MCAM,MCAM,melanoma cell adhesion molecule,darkgrey,darkgrey,MA100_vs_CTR,1,1,0.0903689856006841,1.099574546285146,1.099574546285146,MA100_vs_CTR,1.099574546285146,0.0903689856006841,up_in_tested,1,0,module_trait;deg_fraction,True,particle_size_um,0.6222385633532055,0.0025949251469398,0.0591962437092721,0.06215554194733619,1.099574546285146,,,,,,0.0903689856006841,,,,,,up_in_tested,,,,,,3266,203,5,MA100_vs_CTR;MA100_vs_MA1;MC100_vs_MC1;MC1_vs_CTR;MD1_vs_CTR,True,True
PNMA6A,ENSG00000235961,PNMA6A,PNMA6A,PNMA family member 6A,darkgrey,darkgrey,MC100_vs_MC1,1,1,0.0912081783659334,1.6119483505100984,1.6119483505100984,MC100_vs_MC1,-1.6119483505100984,0.0912081783659334,down_in_tested,0,1,module_trait;deg_fraction,True,particle_size_um,0.6222385633532055,0.0025949251469398,0.0591962437092721,0.06215554194733619,,,,-1.6119483505100984,,,,,,0.0912081783659334,,,,,,down_in_tested,,,3266,203,5,MA100_vs_CTR;MA100_vs_MA1;MC100_vs_MC1;MC1_vs_CTR;MD1_vs_CTR,True,True
PTPRE,ENSG00000132334,PTPRE,PTPRE,protein tyrosine phosphatase receptor type E,gainsboro,gainsboro,MC100_vs_MC1,1,1,0.0913462655284736,1.1925270005765052,1.1925270005765052,MC100_vs_MC1,-1.1925270005765052,0.0913462655284736,down_in_tested,0,1,deg_fraction,True,particle_size_um,-0.2764543534617769,0.2250855359964076,0.5934073221723475,0.04092526690391459,,,,-1.1925270005765052,,,,,,0.0913462655284736,,,,,,down_in_tested,,,1124,46,6,MA100_vs_CTR;MA100_vs_MA1;MA1_vs_CTR;MC100_vs_MC1;MC1_vs_CTR;MD1_vs_CTR,True,False
ZNF562,ENSG00000171466,ZNF562,ZNF562,zinc finger protein 562,darkgrey,darkgrey,MC100_vs_MC1,1,1,0.0917079804944668,1.0981707427039895,1.0981707427039895,MC100_vs_MC1,-1.0981707427039895,0.0917079804944668,down_in_tested,0,1,module_trait;deg_fraction,True,particle_size_um,0.6222385633532055,0.0025949251469398,0.0591962437092721,0.06215554194733619,,,,-1.0981707427039895,,,,,,0.0917079804944668,,,,,,down_in_tested,,,3266,203,5,MA100_vs_CTR;MA100_vs_MA1;MC100_vs_MC1;MC1_vs_CTR;MD1_vs_CTR,True,True
PHRF1,ENSG00000070047,PHRF1,PHRF1,PHD and ring finger domains 1,darkgrey,darkgrey,MC100_vs_MC1,1,1,0.0920935850231333,1.4841453101132724,1.4841453101132724,MC100_vs_MC1,-1.4841453101132724,0.0920935850231333,down_in_tested,0,1,module_trait;deg_fraction,True,particle_size_um,0.6222385633532055,0.0025949251469398,0.0591962437092721,0.06215554194733619,,,,-1.4841453101132724,,,,,,0.0920935850231333,,,,,,down_in_tested,,,3266,203,5,MA100_vs_CTR;MA100_vs_MA1;MC100_vs_MC1;MC1_vs_CTR;MD1_vs_CTR,True,True
TMEM121,ENSG00000184986,TMEM121,TMEM121,transmembrane protein 121,dimgrey,dimgrey,MC100_vs_MC1,1,1,0.0938170929438479,1.2998446676765991,1.2998446676765991,MC100_vs_MC1,-1.2998446676765991,0.0938170929438479,down_in_tested,0,1,deg_fraction,True,particle_size_um,-0.1867202754883606,0.4176932392721358,0.7331959097856707,0.07777491630182848,,,,-1.2998446676765991,,,,,,0.0938170929438479,,,,,,down_in_tested,,,3883,302,6,MA100_vs_CTR;MA100_vs_MA1;MA1_vs_CTR;MC100_vs_MC1;MC1_vs_CTR;MD1_vs_CTR,True,False
GPR137B,ENSG00000077585,GPR137B,GPR137B,G protein-coupled receptor 137B,dimgrey,dimgrey,MA100_vs_CTR,1,1,0.0939132844428321,1.046032468431256,1.046032468431256,MA100_vs_CTR,-1.046032468431256,0.0939132844428321,down_in_tested,0,1,deg_fraction,True,particle_size_um,-0.1867202754883606,0.4176932392721358,0.7331959097856707,0.07777491630182848,-1.046032468431256,,,,,,0.0939132844428321,,,,,,down_in_tested,,,,,,3883,302,6,MA100_vs_CTR;MA100_vs_MA1;MA1_vs_CTR;MC100_vs_MC1;MC1_vs_CTR;MD1_vs_CTR,True,False
VPS53,ENSG00000141252,VPS53,VPS53,VPS53 subunit of GARP complex,gainsboro,gainsboro,MA100_vs_CTR,1,1,0.0942256787901677,1.1635739235660767,1.1635739235660767,MA100_vs_CTR,1.1635739235660767,0.0942256787901677,up_in_tested,1,0,deg_fraction,True,particle_size_um,-0.2764543534617769,0.2250855359964076,0.5934073221723475,0.04092526690391459,1.1635739235660767,,,,,,0.0942256787901677,,,,,,up_in_tested,,,,,,1124,46,6,MA100_vs_CTR;MA100_vs_MA1;MA1_vs_CTR;MC100_vs_MC1;MC1_vs_CTR;MD1_vs_CTR,True,False
GARIN1A,ENSG00000205085,GARIN1A,GARIN1A,golgi associated RAB2 interactor 1A,gainsboro,gainsboro,MA100_vs_CTR,1,1,0.0948408247666555,1.038113619930353,1.038113619930353,MA100_vs_CTR,1.038113619930353,0.0948408247666555,up_in_tested,1,0,deg_fraction,True,particle_size_um,-0.2764543534617769,0.2250855359964076,0.5934073221723475,0.04092526690391459,1.038113619930353,,,,,,0.0948408247666555,,,,,,up_in_tested,,,,,,1124,46,6,MA100_vs_CTR;MA100_vs_MA1;MA1_vs_CTR;MC100_vs_MC1;MC1_vs_CTR;MD1_vs_CTR,True,False
POU6F1,ENSG00000184271,POU6F1,POU6F1,POU class 6 homeobox 1,dimgrey,dimgrey,MC100_vs_MC1,1,1,0.0958005403853755,1.627989694940446,1.627989694940446,MC100_vs_MC1,1.627989694940446,0.0958005403853755,up_in_tested,1,0,deg_fraction,True,particle_size_um,-0.1867202754883606,0.4176932392721358,0.7331959097856707,0.07777491630182848,,,,1.627989694940446,,,,,,0.0958005403853755,,,,,,up_in_tested,,,3883,302,6,MA100_vs_CTR;MA100_vs_MA1;MA1_vs_CTR;MC100_vs_MC1;MC1_vs_CTR;MD1_vs_CTR,True,False
PTEN,ENSG00000171862,PTEN,PTEN,phosphatase and tensin homolog,dimgrey,dimgrey,MC100_vs_MC1,1,1,0.0959776770053133,1.318687851619252,1.318687851619252,MC100_vs_MC1,1.318687851619252,0.0959776770053133,up_in_tested,1,0,deg_fraction,True,particle_size_um,-0.1867202754883606,0.4176932392721358,0.7331959097856707,0.07777491630182848,,,,1.318687851619252,,,,,,0.0959776770053133,,,,,,up_in_tested,,,3883,302,6,MA100_vs_CTR;MA100_vs_MA1;MA1_vs_CTR;MC100_vs_MC1;MC1_vs_CTR;MD1_vs_CTR,True,False
CCDC57,ENSG00000176155,CCDC57,CCDC57,coiled-coil domain containing 57,darkgrey,darkgrey,MC100_vs_MC1,1,1,0.0964543131073567,1.240730600446524,1.240730600446524,MC100_vs_MC1,-1.240730600446524,0.0964543131073567,down_in_tested,0,1,module_trait;deg_fraction,True,particle_size_um,0.6222385633532055,0.0025949251469398,0.0591962437092721,0.06215554194733619,,,,-1.240730600446524,,,,,,0.0964543131073567,,,,,,down_in_tested,,,3266,203,5,MA100_vs_CTR;MA100_vs_MA1;MC100_vs_MC1;MC1_vs_CTR;MD1_vs_CTR,True,True
KCTD6,ENSG00000168301,KCTD6,KCTD6,potassium channel tetramerization domain containing 6,indianred,indianred,MC100_vs_MC1,1,1,0.0966306613856918,1.2781664185559445,1.2781664185559445,MC100_vs_MC1,1.2781664185559445,0.0966306613856918,up_in_tested,1,0,deg_fraction,True,particle_size_um,-0.1819862672482626,0.4298044988398759,0.7331959097856707,0.027777777777777776,,,,1.2781664185559445,,,,,,0.0966306613856918,,,,,,up_in_tested,,,216,6,1,MC100_vs_MC1,True,False
ALG1,ENSG00000033011,ALG1,ALG1,ALG1 chitobiosyldiphosphodolichol beta-mannosyltransferase,dimgrey,dimgrey,MC100_vs_MC1,1,1,0.0972711788597614,1.1413035616630398,1.1413035616630398,MC100_vs_MC1,1.1413035616630398,0.0972711788597614,up_in_tested,1,0,deg_fraction,True,particle_size_um,-0.1867202754883606,0.4176932392721358,0.7331959097856707,0.07777491630182848,,,,1.1413035616630398,,,,,,0.0972711788597614,,,,,,up_in_tested,,,3883,302,6,MA100_vs_CTR;MA100_vs_MA1;MA1_vs_CTR;MC100_vs_MC1;MC1_vs_CTR;MD1_vs_CTR,True,False
ZNF420,ENSG00000197050,ZNF420,ZNF420,zinc finger protein 420,darkgrey,darkgrey,MC1_vs_CTR,1,1,0.0976303550865682,1.0369230056156546,1.0369230056156546,MC1_vs_CTR,1.0369230056156546,0.0976303550865682,up_in_tested,1,0,module_trait;deg_fraction,True,particle_size_um,0.6222385633532055,0.0025949251469398,0.0591962437092721,0.06215554194733619,,,,,1.0369230056156546,,,,,,0.0976303550865682,,,,,,up_in_tested,,3266,203,5,MA100_vs_CTR;MA100_vs_MA1;MC100_vs_MC1;MC1_vs_CTR;MD1_vs_CTR,True,True
PIP5KL1,ENSG00000167103,PIP5KL1,PIP5KL1,phosphatidylinositol-4-phosphate 5-kinase like 1,dimgrey,dimgrey,MC100_vs_MC1,1,1,0.0978752708767731,1.6034127268410177,1.6034127268410177,MC100_vs_MC1,1.6034127268410177,0.0978752708767731,up_in_tested,1,0,deg_fraction,True,particle_size_um,-0.1867202754883606,0.4176932392721358,0.7331959097856707,0.07777491630182848,,,,1.6034127268410177,,,,,,0.0978752708767731,,,,,,up_in_tested,,,3883,302,6,MA100_vs_CTR;MA100_vs_MA1;MA1_vs_CTR;MC100_vs_MC1;MC1_vs_CTR;MD1_vs_CTR,True,False
GRAMD1B,ENSG00000023171,GRAMD1B,GRAMD1B,GRAM domain containing 1B,dimgrey,dimgrey,MC100_vs_MC1,1,1,0.0985628964925275,1.257239555136382,1.257239555136382,MC100_vs_MC1,1.257239555136382,0.0985628964925275,up_in_tested,1,0,deg_fraction,True,particle_size_um,-0.1867202754883606,0.4176932392721358,0.7331959097856707,0.07777491630182848,,,,1.257239555136382,,,,,,0.0985628964925275,,,,,,up_in_tested,,,3883,302,6,MA100_vs_CTR;MA100_vs_MA1;MA1_vs_CTR;MC100_vs_MC1;MC1_vs_CTR;MD1_vs_CTR,True,False
PYROXD1,ENSG00000121350,PYROXD1,PYROXD1,pyridine nucleotide-disulphide oxidoreductase domain 1,dimgrey,dimgrey,MC100_vs_MC1,1,1,0.0997425219792173,1.209250403119705,1.209250403119705,MC100_vs_MC1,1.209250403119705,0.0997425219792173,up_in_tested,1,0,deg_fraction,True,particle_size_um,-0.1867202754883606,0.4176932392721358,0.7331959097856707,0.07777491630182848,,,,1.209250403119705,,,,,,0.0997425219792173,,,,,,up_in_tested,,,3883,302,6,MA100_vs_CTR;MA100_vs_MA1;MA1_vs_CTR;MC100_vs_MC1;MC1_vs_CTR;MD1_vs_CTR,True,False
MATCAP1,ENSG00000196123,MATCAP1,MATCAP1,microtubule associated tyrosine carboxypeptidase 1,dimgrey,dimgrey,MC100_vs_MC1,1,1,0.0999596429265691,1.1277524950424629,1.1277524950424629,MC100_vs_MC1,1.1277524950424629,0.0999596429265691,up_in_tested,1,0,deg_fraction,True,particle_size_um,-0.1867202754883606,0.4176932392721358,0.7331959097856707,0.07777491630182848,,,,1.1277524950424629,,,,,,0.0999596429265691,,,,,,up_in_tested,,,3883,302,6,MA100_vs_CTR;MA100_vs_MA1;MA1_vs_CTR;MC100_vs_MC1;MC1_vs_CTR;MD1_vs_CTR,True,False
TRAPPC12,ENSG00000171853,TRAPPC12,TRAPPC12,trafficking protein particle complex subunit 12,mistyrose,mistyrose,MC100_vs_MC1,1,1,0.0999734575921284,1.3796095386507516,1.3796095386507516,MC100_vs_MC1,1.3796095386507516,0.0999734575921284,up_in_tested,1,0,deg_fraction,True,particle_size_um,-0.3310821963795144,0.1426416782130668,0.5170760835223672,0.01784037558685446,,,,1.3796095386507516,,,,,,0.0999734575921284,,,,,,up_in_tested,,,2130,38,3,MA100_vs_CTR;MC100_vs_MC1;MC1_vs_CTR,True,False
