gene_id,gene_symbol,gene_name,contrast,baseMean,log2FoldChange,lfcSE,stat,pvalue,padj,significant,direction,dynamic_module,module,module_label,abs_log2FoldChange,is_priority_contrast,is_deg_priority,regulation,string_gene_label
ENSG00000185112,FAM43A,family with sequence similarity 43 member A,MA100_vs_CTR,1161.6775496484256,1.4769340700865805,0.1884630786867414,7.836728978313586,4.624346782871742e-15,4.102258031085522e-11,True,up_in_MA100,darkgrey,darkgrey,7,1.4769340700865805,True,True,up_in_tested,FAM43A
ENSG00000040275,SPDL1,spindle apparatus coiled-coil protein 1,MA100_vs_CTR,2053.584630920412,1.2147089801740043,0.1722024194157142,7.053960009943721,1.73896374743155e-12,5.142115801155093e-09,True,up_in_MA100,dimgrey,dimgrey,10,1.2147089801740043,True,True,up_in_tested,SPDL1
ENSG00000214357,NEURL1B,neuralized E3 ubiquitin protein ligase 1B,MA100_vs_CTR,1332.745787913101,1.3135363499883117,0.1967186039377292,6.677235013339706,2.4349232325993215e-11,5.4000509990971473e-08,True,up_in_MA100,dimgrey,dimgrey,10,1.3135363499883117,True,True,up_in_tested,NEURL1B
ENSG00000147133,TAF1,TATA-box binding protein associated factor 1,MA100_vs_CTR,1810.4761484837784,1.281241944512294,0.1929406812529897,6.64060029326988,3.124081728444344e-11,5.542745802605956e-08,True,up_in_MA100,darkgrey,darkgrey,7,1.281241944512294,True,True,up_in_tested,TAF1
ENSG00000131747,TOP2A,DNA topoisomerase II alpha,MA100_vs_CTR,19915.80713610476,1.0382226645885888,0.1572111005969126,6.604003538214384,4.0019996729562126e-11,5.9169565164657603e-08,True,up_in_MA100,dimgrey,dimgrey,10,1.0382226645885888,True,True,up_in_tested,TOP2A
ENSG00000159202,UBE2Z,ubiquitin conjugating enzyme E2 Z,MA100_vs_CTR,2393.4921894892345,1.2680027019714106,0.1943474198010154,6.524412329577969,6.82686670114433e-11,8.651590643693049e-08,True,up_in_MA100,dimgrey,dimgrey,10,1.2680027019714106,True,True,up_in_tested,UBE2Z
ENSG00000180035,ZNF48,zinc finger protein 48,MA100_vs_CTR,124.08641272993388,-1.7591975955062162,0.2772590883112821,-6.344959172379388,2.2248444129541046e-10,1.9736594787315866e-07,True,up_in_CTR,dimgrey,dimgrey,10,1.7591975955062162,True,True,down_in_tested,ZNF48
ENSG00000089597,GANAB,glucosidase II alpha subunit,MA100_vs_CTR,4782.589328160444,1.1330502177304471,0.183756722465853,6.166034104907365,7.00239879152095e-10,4.778329206121721e-07,True,up_in_MA100,darkgrey,darkgrey,7,1.1330502177304471,True,True,up_in_tested,GANAB
ENSG00000197958,RPL12,ribosomal protein L12,MA100_vs_CTR,5865.852436328154,-1.0370119893873282,0.1739670850096764,-5.96096663532442,2.5075016681872983e-09,1.4829364865659682e-06,True,up_in_CTR,dimgrey,dimgrey,10,1.0370119893873282,True,True,down_in_tested,RPL12
ENSG00000107949,BCCIP,BRCA2 and CDKN1A interacting protein,MA100_vs_CTR,1416.0376483098114,1.2678844549506236,0.2186958565629408,5.797478173006563,6.7319539287740985e-09,3.143113858008159e-06,True,up_in_MA100,gainsboro,gainsboro,12,1.2678844549506236,True,True,up_in_tested,BCCIP
ENSG00000136104,RNASEH2B,ribonuclease H2 subunit B,MA100_vs_CTR,280.2221014742261,-1.3178441775686631,0.231786065986563,-5.685605698338488,1.3034983308764167e-08,5.015458981282299e-06,True,up_in_CTR,dimgrey,dimgrey,10,1.3178441775686631,True,True,down_in_tested,RNASEH2B
ENSG00000205730,ITPRIPL2,ITPRIP like 2,MA100_vs_CTR,886.8197443853627,1.1974669401311686,0.2130929352442376,5.619458659005684,1.9155670674524672e-08,6.068926948346727e-06,True,up_in_MA100,gainsboro,gainsboro,12,1.1974669401311686,True,True,up_in_tested,ITPRIPL2
ENSG00000148296,SURF6,surfeit 6,MA100_vs_CTR,125.32604362624112,2.348818060851607,0.4202637121242278,5.588914753023712,2.284930808671769e-08,6.9895245530094e-06,True,up_in_MA100,dimgrey,dimgrey,10,2.348818060851607,True,True,up_in_tested,SURF6
ENSG00000167863,ATP5PD,ATP synthase peripheral stalk subunit d,MA100_vs_CTR,2715.4211783640603,-1.0759135706692051,0.192951485865291,-5.576083365433908,2.459940747454158e-08,7.0393981840857545e-06,True,up_in_CTR,dimgrey,dimgrey,10,1.0759135706692051,True,True,down_in_tested,ATP5PD
ENSG00000182742,HOXB4,homeobox B4,MA100_vs_CTR,470.7170575356244,1.3460880569453657,0.2473364698597688,5.442335526615022,5.2586506600039133e-08,1.2607970271593162e-05,True,up_in_MA100,dimgrey,dimgrey,10,1.3460880569453657,True,True,up_in_tested,HOXB4
ENSG00000102699,PARP4,poly(ADP-ribose) polymerase family member 4,MA100_vs_CTR,284.0890568299524,-1.203630607304981,0.2286233867112342,-5.264687154797696,1.404282798918997e-07,2.708128849828352e-05,True,up_in_CTR,dimgrey,dimgrey,10,1.203630607304981,True,True,down_in_tested,PARP4
ENSG00000153140,CETN3,centrin 3,MA100_vs_CTR,3844.045427066833,1.2190383700122356,0.235600023690438,5.174186109649832,2.2890657434394095e-07,4.009317995162229e-05,True,up_in_MA100,dimgrey,dimgrey,10,1.2190383700122356,True,True,up_in_tested,CETN3
ENSG00000143742,SRP9,signal recognition particle 9,MA100_vs_CTR,780.4455517808592,-1.070603609680347,0.2069642378754146,-5.172891803292187,2.3049849820006054e-07,4.009317995162229e-05,True,up_in_CTR,dimgrey,dimgrey,10,1.070603609680347,True,True,down_in_tested,SRP9
ENSG00000196700,ZNF512B,zinc finger protein 512B,MA100_vs_CTR,211.4289050453906,1.6794054110703265,0.3284476055693868,5.113160767785047,3.1681244332960816e-07,4.865467953316234e-05,True,up_in_MA100,darkgrey,darkgrey,7,1.6794054110703265,True,True,up_in_tested,ZNF512B
ENSG00000137193,PIM1,"Pim-1 proto-oncogene, serine/threonine kinase",MA100_vs_CTR,321.1353262732337,1.4287224181781517,0.2797004850432721,5.108044120685437,3.2551065365445746e-07,4.865467953316234e-05,True,up_in_MA100,darkgrey,darkgrey,7,1.4287224181781517,True,True,up_in_tested,PIM1
ENSG00000176261,ZBTB8OS,zinc finger and BTB domain containing 8 opposite strand,MA100_vs_CTR,579.1207263435269,-1.0281021852785048,0.2040400542403196,-5.0387272690468885,4.686377130240191e-07,6.495758050368865e-05,True,up_in_CTR,dimgrey,dimgrey,10,1.0281021852785048,True,True,down_in_tested,ZBTB8OS
ENSG00000150779,TIMM8B,translocase of inner mitochondrial membrane 8 homolog B,MA100_vs_CTR,573.3588111418472,-1.370739444524488,0.2723861764300891,-5.032338507370264,4.845327250711504e-07,6.512560309251782e-05,True,up_in_CTR,dimgrey,dimgrey,10,1.370739444524488,True,True,down_in_tested,TIMM8B
ENSG00000143398,PIP5K1A,phosphatidylinositol-4-phosphate 5-kinase type 1 alpha,MA100_vs_CTR,866.6648518673825,1.026054702553984,0.2044923418488656,5.0175703074118605,5.232905390191268e-07,6.826632899468638e-05,True,up_in_MA100,darkgrey,darkgrey,7,1.026054702553984,True,True,up_in_tested,PIP5K1A
ENSG00000188010,MORN2,MORN repeat containing 2,MA100_vs_CTR,275.59787704007414,-1.1869393151106833,0.2389925023240493,-4.966429086973261,6.819697398158028e-07,8.066338082541315e-05,True,up_in_CTR,dimgrey,dimgrey,10,1.1869393151106833,True,True,down_in_tested,MORN2
ENSG00000179218,CALR,calreticulin,MA100_vs_CTR,1752.475953544391,1.2448686469254175,0.2518246865618792,4.943394009226829,7.67740981941589e-07,8.844974351693294e-05,True,up_in_MA100,gainsboro,gainsboro,12,1.2448686469254175,True,True,up_in_tested,CALR
ENSG00000111875,ASF1A,anti-silencing function 1A histone chaperone,MA100_vs_CTR,194.0957574042168,-1.2471141529245906,0.2525232788576075,-4.938610644398497,7.868113127721959e-07,8.948465584105319e-05,True,up_in_CTR,dimgrey,dimgrey,10,1.2471141529245906,True,True,down_in_tested,ASF1A
ENSG00000147684,NDUFB9,NADH:ubiquinone oxidoreductase subunit B9,MA100_vs_CTR,299.42705462999464,-1.2558023601367667,0.2593183996530393,-4.8427044198059015,1.2808375316726945e-06,0.0001291171561757,True,up_in_CTR,dimgrey,dimgrey,10,1.2558023601367667,True,True,down_in_tested,NDUFB9
ENSG00000197728,RPS26,ribosomal protein S26,MA100_vs_CTR,3114.912091489919,-1.2120463097034768,0.2520461693846889,-4.808826544209741,1.518188678581712e-06,0.0001496427974188,True,up_in_CTR,dimgrey,dimgrey,10,1.2120463097034768,True,True,down_in_tested,RPS26
ENSG00000071082,RPL31,ribosomal protein L31,MA100_vs_CTR,14905.507900754295,-1.0136327432918228,0.2110923364882923,-4.801845297439499,1.5721013171199851e-06,0.0001515881606975,True,up_in_CTR,dimgrey,dimgrey,10,1.0136327432918228,True,True,down_in_tested,RPL31
ENSG00000157193,LRP8,LDL receptor related protein 8,MA100_vs_CTR,314.2485993822479,1.1959821545189542,0.2528501913057293,4.730002964770764,2.2451655828948297e-06,0.0001949121787836,True,up_in_MA100,dimgrey,dimgrey,10,1.1959821545189542,True,True,up_in_tested,LRP8
ENSG00000168916,ZNF608,zinc finger protein 608,MA100_vs_CTR,255.87996825046503,1.1862861749655098,0.2516354287707378,4.714305059349658,2.4253707313466825e-06,0.0002038160306394,True,up_in_MA100,darkgrey,darkgrey,7,1.1862861749655098,True,True,up_in_tested,ZNF608
ENSG00000030582,GRN,granulin precursor,MA100_vs_CTR,3583.315617995248,1.0371320370141142,0.2263976084775969,4.581020285453868,4.627129538084448e-06,0.0003086260611454,True,up_in_MA100,darkgrey,darkgrey,7,1.0371320370141142,True,True,up_in_tested,GRN
ENSG00000125746,EML2,EMAP like 2,MA100_vs_CTR,1368.2437222800636,1.4348834785541311,0.315036016949872,4.554664867993324,5.246916001090563e-06,0.000337285448157,True,up_in_MA100,dimgrey,dimgrey,10,1.4348834785541311,True,True,up_in_tested,EML2
ENSG00000213694,S1PR3,sphingosine-1-phosphate receptor 3,MA100_vs_CTR,322.74584709644824,-1.051584815891507,0.2322707409464448,-4.527409744363684,5.971109073654227e-06,0.0003730261168477,True,up_in_CTR,dimgrey,dimgrey,10,1.051584815891507,True,True,down_in_tested,S1PR3
ENSG00000135945,REV1,REV1 DNA directed polymerase,MA100_vs_CTR,209.20095043459955,1.1598015278603135,0.2573911371631076,4.505988592471823,6.6064636605020585e-06,0.0003970162612316,True,up_in_MA100,darkgrey,darkgrey,7,1.1598015278603135,True,True,up_in_tested,REV1
ENSG00000105700,KXD1,KxDL motif containing 1,MA100_vs_CTR,128.87865023119704,-1.6796734823443809,0.3730162761948178,-4.502949574959367,6.701678903256632e-06,0.0003989972721529,True,up_in_CTR,dimgrey,dimgrey,10,1.6796734823443809,True,True,down_in_tested,KXD1
ENSG00000205531,NAP1L4,nucleosome assembly protein 1 like 4,MA100_vs_CTR,946.3363336679372,1.083640003680144,0.2411069368395842,4.494437272873332,6.975416082857035e-06,0.0004044373599413,True,up_in_MA100,gainsboro,gainsboro,12,1.083640003680144,True,True,up_in_tested,NAP1L4
ENSG00000175334,BANF1,barrier to autointegration nuclear assembly factor 1,MA100_vs_CTR,357.0760802602886,-1.0337232422294855,0.231730270716923,-4.460889977953121,8.161998733968372e-06,0.0004553779293649,True,up_in_CTR,dimgrey,dimgrey,10,1.0337232422294855,True,True,down_in_tested,BANF1
ENSG00000177971,IMP3,IMP U3 small nucleolar ribonucleoprotein 3,MA100_vs_CTR,131.46818597441654,-1.4143809139233112,0.3221379898933857,-4.390605759945956,1.1303532021632732e-05,0.0005872791175295,True,up_in_CTR,dimgrey,dimgrey,10,1.4143809139233112,True,True,down_in_tested,IMP3
ENSG00000040487,SLC66A1,solute carrier family 66 member 1,MA100_vs_CTR,152.8641171739566,-1.1316217554078851,0.2598146864145658,-4.35549572283318,1.3276610951254138e-05,0.0006543156430476,True,up_in_CTR,dimgrey,dimgrey,10,1.1316217554078851,True,True,down_in_tested,SLC66A1
ENSG00000167766,ZNF83,zinc finger protein 83,MA100_vs_CTR,202.31520076808945,-1.2639100969992596,0.29461586212661,-4.290027318543016,1.7865114104396534e-05,0.0008127252677953,True,up_in_CTR,dimgrey,dimgrey,10,1.2639100969992596,True,True,down_in_tested,ZNF83
ENSG00000197061,H4C3,H4 clustered histone 3,MA100_vs_CTR,6293.7572275701095,1.6825407809989406,0.3972504320017119,4.235466208358182,2.2807800214100475e-05,0.0009589004535511,True,up_in_MA100,gainsboro,gainsboro,12,1.6825407809989406,True,True,up_in_tested,H4C3
ENSG00000022976,ZNF839,zinc finger protein 839,MA100_vs_CTR,79.45281982469307,2.4142914331931915,0.5723638149802082,4.218106333777714,2.463626388280165e-05,0.0010071350087757,True,up_in_MA100,gainsboro,gainsboro,12,2.4142914331931915,True,True,up_in_tested,ZNF839
ENSG00000157766,ACAN,aggrecan,MA100_vs_CTR,144.7941596118124,1.5857137656508935,0.3784713826379188,4.189785115584118,2.7921874520527005e-05,0.0010959953489893,True,up_in_MA100,dimgrey,dimgrey,10,1.5857137656508935,True,True,up_in_tested,ACAN
ENSG00000143870,PDIA6,protein disulfide isomerase family A member 6,MA100_vs_CTR,697.1733206252165,1.705395885660799,0.4078631628262926,4.181294220942235,2.898545046271562e-05,0.0011277628555032,True,up_in_MA100,gainsboro,gainsboro,12,1.705395885660799,True,True,up_in_tested,PDIA6
ENSG00000167110,GOLGA2,golgin A2,MA100_vs_CTR,3611.0617355282666,1.0904853288262013,0.2615036222788303,4.170058216874192,3.0452183806834305e-05,0.0011551593685252,True,up_in_MA100,dimgrey,dimgrey,10,1.0904853288262013,True,True,up_in_tested,GOLGA2
ENSG00000137216,TMEM63B,transmembrane protein 63B,MA100_vs_CTR,536.7499796491043,1.0010628153281398,0.240818223861038,4.156923007229694,3.225626368001948e-05,0.0011972607326587,True,up_in_MA100,darkgrey,darkgrey,7,1.0010628153281398,True,True,up_in_tested,TMEM63B
ENSG00000168275,COA6,cytochrome c oxidase assembly factor 6,MA100_vs_CTR,486.0568835851982,-1.0068657113841697,0.2425131567672041,-4.151798297486562,3.298729380516643e-05,0.0012092160468827,True,up_in_CTR,dimgrey,dimgrey,10,1.0068657113841697,True,True,down_in_tested,COA6
ENSG00000166398,GARRE1,granule associated Rac and RHOG effector 1,MA100_vs_CTR,112.30945577513832,1.7950931415233229,0.4337361724381434,4.13867520302178,3.4931706164502587e-05,0.0012495127636504,True,up_in_MA100,darkgrey,darkgrey,7,1.7950931415233229,True,True,up_in_tested,GARRE1
ENSG00000111364,DDX55,DEAD-box helicase 55,MA100_vs_CTR,209.0052440626501,-1.0054701312674197,0.2438751980295744,-4.122888015637767,3.741516198807959e-05,0.0013081489187151,True,up_in_CTR,dimgrey,dimgrey,10,1.0054701312674197,True,True,down_in_tested,DDX55
ENSG00000109971,HSPA8,heat shock protein family A (Hsp70) member 8,MA100_vs_CTR,6836.506102924423,-1.0057576609065215,0.2439753646068496,-4.122373841011507,3.749879883407107e-05,0.0013081489187151,True,up_in_CTR,dimgrey,dimgrey,10,1.0057576609065215,True,True,down_in_tested,HSPA8
ENSG00000168010,ATG16L2,autophagy related 16 like 2,MA100_vs_CTR,225.36487115861613,1.0745708414138346,0.2623292792011339,4.096267274038962,4.1986516170599055e-05,0.0014492699803477,True,up_in_MA100,darkgrey,darkgrey,7,1.0745708414138346,True,True,up_in_tested,ATG16L2
ENSG00000136942,RPL35,ribosomal protein L35,MA100_vs_CTR,5844.396206846112,-1.0217862951347936,0.2515288775886932,-4.062302129800165,4.859113064975272e-05,0.0015964885925702,True,up_in_CTR,dimgrey,dimgrey,10,1.0217862951347936,True,True,down_in_tested,RPL35
ENSG00000140829,DHX38,DEAH-box helicase 38,MA100_vs_CTR,78.67213219513482,1.7089061251341888,0.4266016853380323,4.005858823037887,6.179254987730146e-05,0.0019166493355298,True,up_in_MA100,gainsboro,gainsboro,12,1.7089061251341888,True,True,up_in_tested,DHX38
ENSG00000196712,NF1,neurofibromin 1,MA100_vs_CTR,660.1743600950936,1.0741236375754877,0.2685412077302203,3.999846603261594,6.338355450532076e-05,0.0019167146920353,True,up_in_MA100,gainsboro,gainsboro,12,1.0741236375754877,True,True,up_in_tested,NF1
ENSG00000018610,STEEP1,STING1 ER exit protein 1,MA100_vs_CTR,162.38836711849274,-1.0654297066314942,0.2672743355673178,-3.986277636309554,6.711797020664808e-05,0.0019719564319943,True,up_in_CTR,dimgrey,dimgrey,10,1.0654297066314942,True,True,down_in_tested,STEEP1
ENSG00000163788,SNRK,SNF related kinase,MA100_vs_CTR,120.56433136585242,-1.0996398505176186,0.2762007633967613,-3.981306340337626,6.853754942284305e-05,0.0019926241705558,True,up_in_CTR,dimgrey,dimgrey,10,1.0996398505176186,True,True,down_in_tested,SNRK
ENSG00000163202,LCE3D,late cornified envelope 3D,MA100_vs_CTR,189.0820145410252,-1.519547522283714,0.3829452723304734,-3.9680540068722334,7.246191466712234e-05,0.0020573691215064,True,up_in_CTR,dimgrey,dimgrey,10,1.519547522283714,True,True,down_in_tested,LCE3D
ENSG00000198888,MT-ND1,NADH dehydrogenase subunit 1,MA100_vs_CTR,38618.69869721848,-1.23594938916565,0.3126708164832922,-3.952877352183886,7.721702086269401e-05,0.0021540634970847,True,up_in_CTR,dimgrey,dimgrey,10,1.23594938916565,True,True,down_in_tested,MT-ND1
ENSG00000138190,EXOC6,exocyst complex component 6,MA100_vs_CTR,146.2063979451743,-1.2325623959830765,0.31291123667733,-3.9390160899018096,8.181644389944956e-05,0.0022534417857148,True,up_in_CTR,dimgrey,dimgrey,10,1.2325623959830765,True,True,down_in_tested,EXOC6
ENSG00000232119,MCTS1,MCTS1 re-initiation and release factor,MA100_vs_CTR,214.96043542694332,-1.258033021754959,0.3222120783635275,-3.904363325373593,9.44737635173148e-05,0.0024795170300653,True,up_in_CTR,dimgrey,dimgrey,10,1.258033021754959,True,True,down_in_tested,MCTS1
ENSG00000179387,ELMOD2,ELMO domain containing 2,MA100_vs_CTR,227.0815050416545,-1.0292408661508283,0.2637843657247569,-3.9018266428450095,9.546952218873464e-05,0.0024982599744432,True,up_in_CTR,dimgrey,dimgrey,10,1.0292408661508283,True,True,down_in_tested,ELMOD2
ENSG00000204397,CARD16,caspase recruitment domain family member 16,MA100_vs_CTR,321.70068751837204,-1.2214050519659758,0.3132531477123226,-3.899099054186229,9.655127322684396e-05,0.0025021574279304,True,up_in_CTR,dimgrey,dimgrey,10,1.2214050519659758,True,True,down_in_tested,CARD16
ENSG00000172986,GXYLT2,glucoside xylosyltransferase 2,MA100_vs_CTR,199.63572751463224,1.1907068963676422,0.306452419817532,3.885454378453312,0.0001021386732093,0.0025667766856663,True,up_in_MA100,dimgrey,dimgrey,10,1.1907068963676422,True,True,up_in_tested,GXYLT2
ENSG00000198728,LDB1,LIM domain binding 1,MA100_vs_CTR,258.1096318166319,1.016629833124947,0.2621966996439326,3.877355567425322,0.0001055979769849,0.0026266880467571,True,up_in_MA100,darkgrey,darkgrey,7,1.016629833124947,True,True,up_in_tested,LDB1
ENSG00000198763,MT-ND2,NADH dehydrogenase subunit 2,MA100_vs_CTR,37494.99886582763,-1.0746924545808598,0.2780582058390238,-3.8649909695635145,0.000111093309825,0.0027299411397729,True,up_in_CTR,gainsboro,gainsboro,12,1.0746924545808598,True,True,down_in_tested,MT-ND2
ENSG00000161011,SQSTM1,sequestosome 1,MA100_vs_CTR,322.0566306755036,1.956714642913748,0.5067123122787659,3.861588904587873,0.0001126520044089,0.0027605964947847,True,up_in_MA100,dimgrey,dimgrey,10,1.956714642913748,True,True,up_in_tested,SQSTM1
ENSG00000119950,MXI1,"MAX interactor 1, dimerization protein",MA100_vs_CTR,190.3640838527708,1.0316805243980325,0.2683997719760934,3.8438204205699735,0.0001211336606645,0.0029360019228294,True,up_in_MA100,gainsboro,gainsboro,12,1.0316805243980325,True,True,up_in_tested,MXI1
ENSG00000138193,PLCE1,phospholipase C epsilon 1,MA100_vs_CTR,116.60936431215504,1.1306750793735487,0.2943766107346036,3.840913435860274,0.0001225773376611,0.0029548466369355,True,up_in_MA100,darkgrey,darkgrey,7,1.1306750793735487,True,True,up_in_tested,PLCE1
ENSG00000170775,GPR37,G protein-coupled receptor 37,MA100_vs_CTR,245.23581651508007,1.165574383293208,0.3042851377749098,3.830533399746337,0.0001278657748515,0.0030491862599689,True,up_in_MA100,darkgrey,darkgrey,7,1.165574383293208,True,True,up_in_tested,GPR37
ENSG00000148291,SURF2,surfeit 2,MA100_vs_CTR,178.0420481938472,-1.1950000207353586,0.3121324007327535,-3.828503602733998,0.0001289247441665,0.0030661967975908,True,up_in_CTR,dimgrey,dimgrey,10,1.1950000207353586,True,True,down_in_tested,SURF2
ENSG00000103064,SLC7A6,solute carrier family 7 member 6,MA100_vs_CTR,112.71000775360832,-1.280523360560411,0.3390974511356306,-3.776269495013789,0.0001591947453614,0.0034955856091627,True,up_in_CTR,dimgrey,dimgrey,10,1.280523360560411,True,True,down_in_tested,SLC7A6
ENSG00000123496,IL13RA2,interleukin 13 receptor subunit alpha 2,MA100_vs_CTR,111.0483539496236,-1.495213310880387,0.3970510532133782,-3.765796108030592,0.0001660192354223,0.0035833494828013,True,up_in_CTR,dimgrey,dimgrey,10,1.495213310880387,True,True,down_in_tested,IL13RA2
ENSG00000173915,ATP5MK,ATP synthase membrane subunit k,MA100_vs_CTR,2813.111229296565,-1.0297043308872131,0.2735128497345304,-3.7647384094993592,0.0001667235297904,0.0035898165843955,True,up_in_CTR,dimgrey,dimgrey,10,1.0297043308872131,True,True,down_in_tested,ATP5MK
ENSG00000142669,SH3BGRL3,SH3 domain binding glutamate rich protein like 3,MA100_vs_CTR,685.4690517344625,-1.296737098919434,0.3452839306464591,-3.7555674730984814,0.0001729491576309,0.0036792133749254,True,up_in_CTR,dimgrey,dimgrey,10,1.296737098919434,True,True,down_in_tested,SH3BGRL3
ENSG00000153006,SREK1IP1,SREK1 interacting protein 1,MA100_vs_CTR,1110.5990416348648,-1.0380316930380789,0.2765990437601658,-3.7528390515266494,0.000174843118215,0.0037017501233541,True,up_in_CTR,dimgrey,dimgrey,10,1.0380316930380789,True,True,down_in_tested,SREK1IP1
ENSG00000250317,SMIM20,small integral membrane protein 20,MA100_vs_CTR,265.93983229356064,-1.0873265442645048,0.2908886770251717,-3.7379472978606674,0.0001855288235771,0.0038543938968456,True,up_in_CTR,dimgrey,dimgrey,10,1.0873265442645048,True,True,down_in_tested,SMIM20
ENSG00000160014,CALM3,calmodulin 3,MA100_vs_CTR,166.67465521697036,-1.312037429287474,0.353527221381177,-3.711276953897761,0.0002062163285539,0.0041670730082054,True,up_in_CTR,dimgrey,dimgrey,10,1.312037429287474,True,True,down_in_tested,CALM3
ENSG00000174804,FZD4,frizzled class receptor 4,MA100_vs_CTR,163.80415033332017,-1.2761575811392476,0.3461194145380595,-3.6870442036383375,0.0002268739593761,0.0044428231647368,True,up_in_CTR,dimgrey,dimgrey,10,1.2761575811392476,True,True,down_in_tested,FZD4
ENSG00000184983,NDUFA6,NADH:ubiquinone oxidoreductase subunit A6,MA100_vs_CTR,502.2321048088789,-1.3018242339922816,0.3550168909938998,-3.666936044501192,0.0002454741591405,0.0047032424745907,True,up_in_CTR,dimgrey,dimgrey,10,1.3018242339922816,True,True,down_in_tested,NDUFA6
ENSG00000186468,RPS23,ribosomal protein S23,MA100_vs_CTR,2052.0169333825056,-1.0517125363878792,0.2874896280378594,-3.658262538255397,0.0002539308604052,0.0048339499198606,True,up_in_CTR,dimgrey,dimgrey,10,1.0517125363878792,True,True,down_in_tested,RPS23
ENSG00000134255,CEPT1,choline/ethanolamine phosphotransferase 1,MA100_vs_CTR,234.79362281594183,1.1957788328729555,0.3284655232785537,3.640500290372578,0.00027210880081,0.005070094471055,True,up_in_MA100,gainsboro,gainsboro,12,1.1957788328729555,True,True,up_in_tested,CEPT1
ENSG00000112365,ZBTB24,zinc finger and BTB domain containing 24,MA100_vs_CTR,151.7410060253632,-1.1442950752138366,0.3144739012141864,-3.638760071330891,0.0002739538806242,0.0050841942992006,True,up_in_CTR,dimgrey,dimgrey,10,1.1442950752138366,True,True,down_in_tested,ZBTB24
ENSG00000198522,GPN1,GPN-loop GTPase 1,MA100_vs_CTR,179.08817882380097,-1.0220179624919583,0.2810932793622472,-3.635867655074298,0.0002770465492391,0.0051308558210857,True,up_in_CTR,dimgrey,dimgrey,10,1.0220179624919583,True,True,down_in_tested,GPN1
ENSG00000180155,LYNX1,Ly6/neurotoxin 1,MA100_vs_CTR,121.3858212519886,1.1293089680493442,0.3109211407130516,3.632139536923869,0.0002810810538299,0.0051757168184849,True,up_in_MA100,darkgrey,darkgrey,7,1.1293089680493442,True,True,up_in_tested,LYNX1
ENSG00000185338,SOCS1,suppressor of cytokine signaling 1,MA100_vs_CTR,138.75188921005176,1.1738963692354645,0.3232082160708178,3.632012773395133,0.0002812191981185,0.0051757168184849,True,up_in_MA100,darkgrey,darkgrey,7,1.1738963692354645,True,True,up_in_tested,SOCS1
ENSG00000161970,RPL26,ribosomal protein L26,MA100_vs_CTR,3058.7238973352446,-1.2528550360177826,0.3460815708379876,-3.620114856113752,0.00029447227247,0.0053202923199226,True,up_in_CTR,dimgrey,dimgrey,10,1.2528550360177826,True,True,down_in_tested,RPL26
ENSG00000185453,ZSWIM9,zinc finger SWIM-type containing 9,MA100_vs_CTR,231.834379110573,1.0014188249829192,0.2798717178316375,3.578135128270956,0.0003460545377594,0.0060075338639219,True,up_in_MA100,darkgrey,darkgrey,7,1.0014188249829192,True,True,up_in_tested,ZSWIM9
ENSG00000117262,GPHRA,golgi pH regulator A,MA100_vs_CTR,203.04282919787684,-1.0414896296362426,0.2919072878521952,-3.567878134524658,0.0003598838041571,0.0061394792820724,True,up_in_CTR,dimgrey,dimgrey,10,1.0414896296362426,True,True,down_in_tested,GPHRA
ENSG00000079257,LXN,latexin,MA100_vs_CTR,121.9486841302833,-1.620309295704063,0.4568801706040817,-3.546464477899552,0.0003904373758027,0.006473962543451,True,up_in_CTR,dimgrey,dimgrey,10,1.620309295704063,True,True,down_in_tested,LXN
ENSG00000204463,BAG6,BAG cochaperone 6,MA100_vs_CTR,233.15477764214071,-1.0959316278446054,0.3101199608453543,-3.533895802312148,0.0004094824744108,0.0067144529214394,True,up_in_CTR,dimgrey,dimgrey,10,1.0959316278446054,True,True,down_in_tested,BAG6
ENSG00000166986,MARS1,methionyl-tRNA synthetase 1,MA100_vs_CTR,183.27374069121825,-1.1853210538363466,0.335950427763331,-3.5282617787627184,0.000418298262643,0.0068211836174753,True,up_in_CTR,dimgrey,dimgrey,10,1.1853210538363466,True,True,down_in_tested,MARS1
ENSG00000253710,ALG11,"ALG11 alpha-1,2-mannosyltransferase",MA100_vs_CTR,286.0956995305089,1.7015797298194684,0.4833479856215749,3.520403064535945,0.0004308914604947,0.0069880039233074,True,up_in_MA100,gainsboro,gainsboro,12,1.7015797298194684,True,True,up_in_tested,ALG11
ENSG00000159259,CHAF1B,chromatin assembly factor 1 subunit B,MA100_vs_CTR,193.201650749103,-1.0097892389171732,0.28727913837188,-3.515010677907321,0.0004397363069353,0.0071054658994966,True,up_in_CTR,dimgrey,dimgrey,10,1.0097892389171732,True,True,down_in_tested,CHAF1B
ENSG00000019995,ZRANB1,zinc finger RANBP2-type containing 1,MA100_vs_CTR,83.07381217006967,1.5803696461080166,0.4510619202616431,3.503664519477297,0.0004589030884745,0.0073086701936406,True,up_in_MA100,dimgrey,dimgrey,10,1.5803696461080166,True,True,up_in_tested,ZRANB1
ENSG00000072134,EPN2,epsin 2,MA100_vs_CTR,244.3917238055868,1.2453957837110043,0.358210177421181,3.476718033744408,0.0005075913272526,0.0078363026397732,True,up_in_MA100,gainsboro,gainsboro,12,1.2453957837110043,True,True,up_in_tested,EPN2
ENSG00000137312,FLOT1,flotillin 1,MA100_vs_CTR,82.69706971555053,-1.86318586847002,0.537877406348764,-3.4639600891916165,0.0005322854778476,0.0080716315794637,True,up_in_CTR,dimgrey,dimgrey,10,1.86318586847002,True,True,down_in_tested,FLOT1
ENSG00000145217,SLC26A1,solute carrier family 26 member 1,MA100_vs_CTR,136.01745923931614,-1.0968693683456447,0.3173430233256865,-3.456415574701124,0.000547410655894,0.0082167173069986,True,up_in_CTR,dimgrey,dimgrey,10,1.0968693683456447,True,True,down_in_tested,SLC26A1
ENSG00000095951,HIVEP1,HIVEP zinc finger 1,MA100_vs_CTR,162.03284981570388,1.0555236785279674,0.3058588532382389,3.4510156150549647,0.0005584812562643,0.0083315336898963,True,up_in_MA100,darkgrey,darkgrey,7,1.0555236785279674,True,True,up_in_tested,HIVEP1
ENSG00000164938,TP53INP1,tumor protein p53 inducible nuclear protein 1,MA100_vs_CTR,170.00518495820452,-1.0997994776807205,0.3242181416019797,-3.3921589712609856,0.0006934419459886,0.0096343100750263,True,up_in_CTR,dimgrey,dimgrey,10,1.0997994776807205,True,True,down_in_tested,TP53INP1
ENSG00000196460,RFX8,regulatory factor X8,MA100_vs_CTR,137.20098407137854,-1.2046390533156206,0.3553658443326802,-3.389856038578324,0.0006992933620124,0.0096928615850192,True,up_in_CTR,dimgrey,dimgrey,10,1.2046390533156206,True,True,down_in_tested,RFX8
ENSG00000178607,ERN1,endoplasmic reticulum to nucleus signaling 1,MA100_vs_CTR,133.74543684230153,-1.0040553382807895,0.298277058485336,-3.3661835857555618,0.0007621596536733,0.0103283115929593,True,up_in_CTR,dimgrey,dimgrey,10,1.0040553382807895,True,True,down_in_tested,ERN1
ENSG00000110400,NECTIN1,nectin cell adhesion molecule 1,MA100_vs_CTR,121.16184681421028,-1.1482325856079132,0.3426396605761751,-3.3511374126307247,0.0008048035607581,0.0107846108572284,True,up_in_CTR,dimgrey,dimgrey,10,1.1482325856079132,True,True,down_in_tested,NECTIN1
ENSG00000138382,METTL5,"methyltransferase 5, N6-adenosine",MA100_vs_CTR,200.4657257534803,-1.294820961837853,0.3885306807435308,-3.3326093047785963,0.0008603566713975,0.0111909443283989,True,up_in_CTR,dimgrey,dimgrey,10,1.294820961837853,True,True,down_in_tested,METTL5
ENSG00000213020,ZNF611,zinc finger protein 611,MA100_vs_CTR,179.46473819910702,1.038139568180368,0.3115774389779703,3.3318829873743465,0.0008626051724508,0.0112037635209535,True,up_in_MA100,darkgrey,darkgrey,7,1.038139568180368,True,True,up_in_tested,ZNF611
ENSG00000112624,BICRAL,BICRA like chromatin remodeling complex associated protein,MA100_vs_CTR,138.43886394928666,1.0924636071602347,0.3299123350245614,3.3113754509327538,0.000928385567507,0.0117652976705075,True,up_in_MA100,darkgrey,darkgrey,7,1.0924636071602347,True,True,up_in_tested,BICRAL
ENSG00000100764,PSMC1,"proteasome 26S subunit, ATPase 1",MA100_vs_CTR,3169.6151422275148,1.1586770203325487,0.3513777171515317,3.2975256078428816,0.000975407796961,0.0121528687736536,True,up_in_MA100,gainsboro,gainsboro,12,1.1586770203325487,True,True,up_in_tested,PSMC1
ENSG00000196878,LAMB3,laminin subunit beta 3,MA100_vs_CTR,115.4792506758434,-1.1106680369605633,0.3377278539607563,-3.288648016250451,0.0010066983483868,0.0124379123238709,True,up_in_CTR,dimgrey,dimgrey,10,1.1106680369605633,True,True,down_in_tested,LAMB3
ENSG00000100823,APEX1,apurinic/apyrimidinic endodeoxyribonuclease 1,MA100_vs_CTR,255.79944014793568,1.6573344827119083,0.5059448351752903,3.2757217140831294,0.0010539235357976,0.0128386305974412,True,up_in_MA100,dimgrey,dimgrey,10,1.6573344827119083,True,True,up_in_tested,APEX1
ENSG00000215114,UBXN2B,UBX domain protein 2B,MA100_vs_CTR,83.66874825312463,-1.2757051453007964,0.3897302469038072,-3.2733028945933067,0.0010629849979078,0.0129174519403296,True,up_in_CTR,dimgrey,dimgrey,10,1.2757051453007964,True,True,down_in_tested,UBXN2B
ENSG00000178974,FBXO34,F-box protein 34,MA100_vs_CTR,78.57554187131434,-1.1989970245352617,0.3685621410600064,-3.2531746779169324,0.0011412331923941,0.0136073651206031,True,up_in_CTR,dimgrey,dimgrey,10,1.1989970245352617,True,True,down_in_tested,FBXO34
ENSG00000168488,ATXN2L,ataxin 2 like,MA100_vs_CTR,335.16297106009887,1.7036978809009635,0.5238309167974103,3.25238130524446,0.0011444238263563,0.0136270923001442,True,up_in_MA100,darkgrey,darkgrey,7,1.7036978809009635,True,True,up_in_tested,ATXN2L
ENSG00000162746,FCRLB,Fc receptor like B,MA100_vs_CTR,108.06108771659936,-1.0568702214777916,0.3261311093024713,-3.240629891880673,0.0011926592188697,0.0140879892551178,True,up_in_CTR,dimgrey,dimgrey,10,1.0568702214777916,True,True,down_in_tested,FCRLB
ENSG00000060718,COL11A1,collagen type XI alpha 1 chain,MA100_vs_CTR,259.2072855899151,1.2010099455310888,0.3713658259531956,3.2340346407707847,0.0012205465043725,0.01428425862835,True,up_in_MA100,gainsboro,gainsboro,12,1.2010099455310888,True,True,up_in_tested,COL11A1
ENSG00000186193,SAPCD2,suppressor APC domain containing 2,MA100_vs_CTR,168.1312582637776,-1.0074626775388176,0.3144709781559845,-3.2036745757794343,0.0013568574985552,0.0154514542614677,True,up_in_CTR,dimgrey,dimgrey,10,1.0074626775388176,True,True,down_in_tested,SAPCD2
ENSG00000102362,SYTL4,synaptotagmin like 4,MA100_vs_CTR,89.90157460319365,1.14732572680108,0.361033658066047,3.1778913161364857,0.0014835034916122,0.0164501993426155,True,up_in_MA100,darkgrey,darkgrey,7,1.14732572680108,True,True,up_in_tested,SYTL4
ENSG00000275700,AATF,apoptosis antagonizing transcription factor,MA100_vs_CTR,85.92218943731382,-1.2711448375813,0.4001041138887272,-3.1770351602403606,0.0014878899628753,0.0164576955868672,True,up_in_CTR,dimgrey,dimgrey,10,1.2711448375813,True,True,down_in_tested,AATF
ENSG00000147400,CETN2,centrin 2,MA100_vs_CTR,480.6723821035423,1.2339818736430752,0.3894334614836308,3.168659079633154,0.0015314391529369,0.0167720947230913,True,up_in_MA100,dimgrey,dimgrey,10,1.2339818736430752,True,True,up_in_tested,CETN2
ENSG00000100890,PRORP,protein only RNase P catalytic subunit,MA100_vs_CTR,75.934128273627,1.5934814861809428,0.5036717093741586,3.1637303754084902,0.0015576102242767,0.0169332846808322,True,up_in_MA100,gainsboro,gainsboro,12,1.5934814861809428,True,True,up_in_tested,PRORP
ENSG00000100911,PSME2,proteasome activator subunit 2,MA100_vs_CTR,180.80351579731328,-1.7454544951074569,0.5582149856334825,-3.12684994138352,0.0017669008638959,0.0186372269881348,True,up_in_CTR,dimgrey,dimgrey,10,1.7454544951074569,True,True,down_in_tested,PSME2
ENSG00000118181,RPS25,ribosomal protein S25,MA100_vs_CTR,2166.456982979321,-1.231038888404417,0.3965953623573698,-3.1040173568523346,0.0019091213076297,0.0197617445974132,True,up_in_CTR,dimgrey,dimgrey,10,1.231038888404417,True,True,down_in_tested,RPS25
ENSG00000049860,HEXB,hexosaminidase subunit beta,MA100_vs_CTR,416.1838296846243,-1.256064545743148,0.406128830794096,-3.0927736484188744,0.0019829531866395,0.0203198281880709,True,up_in_CTR,dimgrey,dimgrey,10,1.256064545743148,True,True,down_in_tested,HEXB
ENSG00000213445,SIPA1,signal-induced proliferation-associated 1,MA100_vs_CTR,88.13023807461065,-1.1112289441288654,0.3600886914446111,-3.085986787507307,0.0020287783694589,0.0206154558023715,True,up_in_CTR,mistyrose,mistyrose,17,1.1112289441288654,True,True,down_in_tested,SIPA1
ENSG00000213965,NUDT19,nudix hydrolase 19,MA100_vs_CTR,147.99224714175912,-1.2444916646171202,0.4060835382174759,-3.0646198318697646,0.0021794684345724,0.021482293870102,True,up_in_CTR,dimgrey,dimgrey,10,1.2444916646171202,True,True,down_in_tested,NUDT19
ENSG00000198000,NOL8,nucleolar protein 8,MA100_vs_CTR,239.8110485870008,-1.068116013197692,0.3504543414812951,-3.0478036273798046,0.0023052051426283,0.0222804804021217,True,up_in_CTR,dimgrey,dimgrey,10,1.068116013197692,True,True,down_in_tested,NOL8
ENSG00000164296,TIGD6,tigger transposable element derived 6,MA100_vs_CTR,114.41293258927242,-1.0464917122999158,0.344663926561883,-3.036267017378224,0.0023952714100823,0.0227743329891109,True,up_in_CTR,dimgrey,dimgrey,10,1.0464917122999158,True,True,down_in_tested,TIGD6
ENSG00000158480,SPATA2,spermatogenesis associated 2,MA100_vs_CTR,182.9196181620296,1.0937047938262665,0.3611992671628809,3.027981763133163,0.0024619294415173,0.0231108741541799,True,up_in_MA100,darkgrey,darkgrey,7,1.0937047938262665,True,True,up_in_tested,SPATA2
ENSG00000116678,LEPR,leptin receptor,MA100_vs_CTR,93.1092519763478,1.1743850992687266,0.3887927411381914,3.020594200989227,0.002522792192574,0.0235866799092549,True,up_in_MA100,darkgrey,darkgrey,7,1.1743850992687266,True,True,up_in_tested,LEPR
ENSG00000123685,BATF3,basic leucine zipper ATF-like transcription factor 3,MA100_vs_CTR,102.40030418857782,-1.0020029080695383,0.3332767185051964,-3.0065193649400244,0.0026425722150941,0.0242924954612438,True,up_in_CTR,dimgrey,dimgrey,10,1.0020029080695383,True,True,down_in_tested,BATF3
ENSG00000148356,LRSAM1,leucine rich repeat and sterile alpha motif containing 1,MA100_vs_CTR,162.0508043452882,1.1421832768555358,0.3801305058895572,3.0047135369540285,0.0026583108592214,0.024386634573065,True,up_in_MA100,darkgrey,darkgrey,7,1.1421832768555358,True,True,up_in_tested,LRSAM1
ENSG00000064666,CNN2,calponin 2,MA100_vs_CTR,144.95751850951407,1.0188600044776686,0.3395736247131969,3.00040972068486,0.0026961666544514,0.0245218919815574,True,up_in_MA100,gainsboro,gainsboro,12,1.0188600044776686,True,True,up_in_tested,CNN2
ENSG00000104419,NDRG1,N-myc downstream regulated 1,MA100_vs_CTR,76.90758473831107,1.5261788405834156,0.5096922453317169,2.994314421225206,0.0027506232780533,0.0248987541832767,True,up_in_MA100,gainsboro,gainsboro,12,1.5261788405834156,True,True,up_in_tested,NDRG1
ENSG00000149743,TRPT1,tRNA phosphotransferase 1,MA100_vs_CTR,80.01578181012538,-1.2351545815703415,0.4131878425298678,-2.989329439142578,0.0027959049671744,0.0251790711025701,True,up_in_CTR,dimgrey,dimgrey,10,1.2351545815703415,True,True,down_in_tested,TRPT1
ENSG00000145723,GIN1,gypsy retrotransposon integrase 1,MA100_vs_CTR,80.12607210565811,-1.162385908142246,0.3889244382968571,-2.988719128148547,0.0028014953308311,0.0251790711025701,True,up_in_CTR,dimgrey,dimgrey,10,1.162385908142246,True,True,down_in_tested,GIN1
ENSG00000145945,FAM50B,family with sequence similarity 50 member B,MA100_vs_CTR,102.85856953912317,-1.071064490289424,0.3585042612847735,-2.987592076175176,0.0028118458092759,0.0251790711025701,True,up_in_CTR,dimgrey,dimgrey,10,1.071064490289424,True,True,down_in_tested,FAM50B
ENSG00000135622,SEMA4F,ssemaphorin 4F,MA100_vs_CTR,80.52980482602585,-1.188108823775655,0.39849881879476,-2.98146134377269,0.0028687626170976,0.0255509971649325,True,up_in_CTR,dimgrey,dimgrey,10,1.188108823775655,True,True,down_in_tested,SEMA4F
ENSG00000137720,CFAP68,cilia and flagella associated protein 68,MA100_vs_CTR,94.20514821841304,-1.2832761676692832,0.433191319222747,-2.962377385520558,0.0030527336877792,0.026839247318424,True,up_in_CTR,dimgrey,dimgrey,10,1.2832761676692832,True,True,down_in_tested,CFAP68
ENSG00000082397,EPB41L3,erythrocyte membrane protein band 4.1 like 3,MA100_vs_CTR,137.41711095319707,-1.026107134515597,0.3480468246048585,-2.9481870311000486,0.0031964361338105,0.0276663446863026,True,up_in_CTR,mistyrose,mistyrose,17,1.026107134515597,True,True,down_in_tested,EPB41L3
ENSG00000198899,MT-ATP6,ATP synthase F0 subunit 6,MA100_vs_CTR,130755.93896360642,-1.050503508045158,0.3605552898200422,-2.913571198940051,0.0035732034450419,0.0300455628196069,True,up_in_CTR,dimgrey,dimgrey,10,1.050503508045158,True,True,down_in_tested,MT-ATP6
ENSG00000213339,QTRT1,queuine tRNA-ribosyltransferase catalytic subunit 1,MA100_vs_CTR,161.38772958887898,1.077452004698329,0.3710147479363473,2.9040678590037627,0.0036834831362533,0.030583615061098,True,up_in_MA100,darkgrey,darkgrey,7,1.077452004698329,True,True,up_in_tested,QTRT1
ENSG00000288701,PRRC2B,proline rich coiled-coil 2B,MA100_vs_CTR,139.4425731969325,1.233845365334408,0.4276481956907937,2.885187819724899,0.0039118020947692,0.0317697840638741,True,up_in_MA100,darkgrey,darkgrey,7,1.233845365334408,True,True,up_in_tested,PRRC2B
ENSG00000161960,EIF4A1,eukaryotic translation initiation factor 4A1,MA100_vs_CTR,132.6745017270641,1.123562863277964,0.3902542734253707,2.8790533244290675,0.0039887088483454,0.032137907532854,True,up_in_MA100,darkgrey,darkgrey,7,1.123562863277964,True,True,up_in_tested,EIF4A1
ENSG00000143850,PLEKHA6,pleckstrin homology domain containing A6,MA100_vs_CTR,79.22139902556613,1.2732120122877963,0.4431938300739881,2.872810779146548,0.0040683770990319,0.0325140299509119,True,up_in_MA100,gainsboro,gainsboro,12,1.2732120122877963,True,True,up_in_tested,PLEKHA6
ENSG00000176731,RBIS,ribosomal biogenesis factor,MA100_vs_CTR,189.46076915168769,-1.0360672684370216,0.3621855127052522,-2.860598317967998,0.0042284241970998,0.03340191545189,True,up_in_CTR,dimgrey,dimgrey,10,1.0360672684370216,True,True,down_in_tested,RBIS
ENSG00000160294,MCM3AP,minichromosome maintenance complex component 3 associated protein,MA100_vs_CTR,97.92546837402809,1.1812843190086817,0.4187100271600382,2.8212467874746507,0.0047837386134616,0.0365622116993679,True,up_in_MA100,dimgrey,dimgrey,10,1.1812843190086817,True,True,up_in_tested,MCM3AP
ENSG00000156958,GALK2,galactokinase 2,MA100_vs_CTR,98.52574813610222,1.12663032737867,0.4008634211772554,2.81050918557244,0.0049463177006471,0.0372485435674367,True,up_in_MA100,white,white,28,1.12663032737867,True,True,up_in_tested,GALK2
ENSG00000136052,SLC41A2,solute carrier family 41 member 2,MA100_vs_CTR,82.56814178536177,-1.1403003859206626,0.4062007408811817,-2.807233643756975,0.0049968984466231,0.037470402468296,True,up_in_CTR,dimgrey,dimgrey,10,1.1403003859206626,True,True,down_in_tested,SLC41A2
ENSG00000125863,MKKS,MKKS centrosomal shuttling protein,MA100_vs_CTR,119.93009058047936,-1.088787122880305,0.3885863500229665,-2.801918088002717,0.0050799770082017,0.0378375113683944,True,up_in_CTR,dimgrey,dimgrey,10,1.088787122880305,True,True,down_in_tested,MKKS
ENSG00000178773,CPNE7,copine 7,MA100_vs_CTR,517.3006260396572,1.0608862199607527,0.3904697028312137,2.7169488753378044,0.0065886784242703,0.0451337191518939,True,up_in_MA100,darkgrey,darkgrey,7,1.0608862199607527,True,True,up_in_tested,CPNE7
ENSG00000204525,HLA-C,"major histocompatibility complex, class I, C",MA100_vs_CTR,201.77531984371703,-1.0281441122273092,0.3794337807350748,-2.70967996111335,0.0067348158274545,0.0457462107238506,True,up_in_CTR,dimgrey,dimgrey,10,1.0281441122273092,True,True,down_in_tested,HLA-C
ENSG00000148300,REXO4,RNA exonuclease 4,MA100_vs_CTR,92.15756356188176,1.310586692699112,0.4858737288446787,2.697381263678228,0.0069887203140388,0.0468608752122738,True,up_in_MA100,gainsboro,gainsboro,12,1.310586692699112,True,True,up_in_tested,REXO4
ENSG00000167674,HDGFL2,HDGF like 2,MA100_vs_CTR,105.69388207157942,1.1185639032201955,0.4199892728574042,2.663315411867611,0.0077374850153301,0.0502115797885838,False,up_in_MA100,gainsboro,gainsboro,12,1.1185639032201955,True,True,up_in_tested,HDGFL2
ENSG00000116525,TRIM62,tripartite motif containing 62,MA100_vs_CTR,97.81159371308412,1.156791357533817,0.4361341564219335,2.652375055932769,0.0079927703442732,0.0511262044641867,False,up_in_MA100,darkgrey,darkgrey,7,1.156791357533817,True,True,up_in_tested,TRIM62
ENSG00000173846,PLK3,polo like kinase 3,MA100_vs_CTR,77.17215033669328,1.0914907758563197,0.4117026290536935,2.65116299685803,0.008021511941061,0.0512302609281153,False,up_in_MA100,darkgrey,darkgrey,7,1.0914907758563197,True,True,up_in_tested,PLK3
ENSG00000144134,RABL2A,"RAB, member of RAS oncogene family like 2A",MA100_vs_CTR,123.97987279146751,1.1108408377781631,0.421926152839822,2.632784979792133,0.008468794281077,0.0532058598211291,False,up_in_MA100,darkgrey,darkgrey,7,1.1108408377781631,True,True,up_in_tested,RABL2A
ENSG00000151572,ANO4,anoctamin 4,MA100_vs_CTR,122.83314732380856,1.0018141717901607,0.3808010990933732,2.630806933528608,0.0085182411894434,0.0534030513014509,False,up_in_MA100,gainsboro,gainsboro,12,1.0018141717901607,True,True,up_in_tested,ANO4
ENSG00000078967,UBE2D4,ubiquitin conjugating enzyme E2 D4,MA100_vs_CTR,136.1417383477309,-1.0159008765565192,0.3882308141955851,-2.616744574130385,0.008877274254353,0.0548062034338312,False,up_in_CTR,dimgrey,dimgrey,10,1.0159008765565192,True,True,down_in_tested,UBE2D4
ENSG00000186260,MRTFB,myocardin related transcription factor B,MA100_vs_CTR,90.22113528794848,-1.0497836597642696,0.4068554070066347,-2.580237700385657,0.0098732329406396,0.0589488406942802,False,up_in_CTR,mistyrose,mistyrose,17,1.0497836597642696,True,True,down_in_tested,MRTFB
ENSG00000025434,NR1H3,nuclear receptor subfamily 1 group H member 3,MA100_vs_CTR,81.22700808432553,-1.0826682443176263,0.4220586154249369,-2.56520825484767,0.0103113895325755,0.0606580481057543,False,up_in_CTR,dimgrey,dimgrey,10,1.0826682443176263,True,True,down_in_tested,NR1H3
ENSG00000270647,TAF15,TATA-box binding protein associated factor 15,MA100_vs_CTR,98.94391523456687,1.1294331057046652,0.445352283752424,2.53604426632407,0.011211256145359,0.0649222078353771,False,up_in_MA100,darkgrey,darkgrey,7,1.1294331057046652,True,True,up_in_tested,TAF15
ENSG00000167333,TRIM68,tripartite motif containing 68,MA100_vs_CTR,103.60725817387082,-1.0328078256253723,0.4122051984348969,-2.505567201837442,0.0122255163654839,0.0684995557638409,False,up_in_CTR,dimgrey,dimgrey,10,1.0328078256253723,True,True,down_in_tested,TRIM68
ENSG00000180190,TDRP,testis development related protein,MA100_vs_CTR,76.07624833453131,1.1221741491592614,0.4674167570394958,2.4007999975585808,0.0163592750896704,0.0848862649496448,False,up_in_MA100,darkgrey,darkgrey,7,1.1221741491592614,True,True,up_in_tested,TDRP
ENSG00000100023,PPIL2,peptidylprolyl isomerase like 2,MA100_vs_CTR,86.39517464597446,1.3169298909859626,0.549348050757597,2.397259604671039,0.0165182159400377,0.0850909993448219,False,up_in_MA100,darkgrey,darkgrey,7,1.3169298909859626,True,True,up_in_tested,PPIL2
ENSG00000149792,MRPL49,mitochondrial ribosomal protein L49,MA100_vs_CTR,88.83753879819479,-1.1830535852614816,0.4945960196874307,-2.3919593732459363,0.016758697316585,0.0857266395057037,False,up_in_CTR,dimgrey,dimgrey,10,1.1830535852614816,True,True,down_in_tested,MRPL49
ENSG00000076706,MCAM,melanoma cell adhesion molecule,MA100_vs_CTR,639.8089918895731,1.099574546285146,0.4660460985418252,2.359368632685732,0.0183060609992593,0.0903689856006841,False,up_in_MA100,darkgrey,darkgrey,7,1.099574546285146,True,True,up_in_tested,MCAM
ENSG00000077585,GPR137B,G protein-coupled receptor 137B,MA100_vs_CTR,105.87704145822448,-1.046032468431256,0.4472755150821415,-2.338675901450035,0.0193522132748841,0.0939132844428321,False,up_in_CTR,dimgrey,dimgrey,10,1.046032468431256,True,True,down_in_tested,GPR137B
ENSG00000141252,VPS53,VPS53 subunit of GARP complex,MA100_vs_CTR,86.43874547146201,1.1635739235660767,0.4979736083818291,2.3366176519818453,0.0194590737846451,0.0942256787901677,False,up_in_MA100,gainsboro,gainsboro,12,1.1635739235660767,True,True,up_in_tested,VPS53
ENSG00000205085,GARIN1A,golgi associated RAB2 interactor 1A,MA100_vs_CTR,115.80233154774092,1.038113619930353,0.4451323832537934,2.332145804225773,0.0196930221192852,0.0948408247666555,False,up_in_MA100,gainsboro,gainsboro,12,1.038113619930353,True,True,up_in_tested,GARIN1A
ENSG00000114315,HES1,hes family bHLH transcription factor 1,MA1_vs_CTR,507.36616844999145,-1.549317993293602,0.2419797114149952,-6.402677250228311,1.5267571802640196e-10,6.69635699263799e-07,True,up_in_CTR,dimgrey,dimgrey,10,1.549317993293602,True,True,down_in_tested,HES1
ENSG00000197728,RPS26,ribosomal protein S26,MA1_vs_CTR,3114.912091489919,-1.0363090622064377,0.2520096958964679,-4.11217932913256,3.919416592093777e-05,0.0039744360164184,True,up_in_CTR,dimgrey,dimgrey,10,1.0363090622064377,True,True,down_in_tested,RPS26
ENSG00000143870,PDIA6,protein disulfide isomerase family A member 6,MA1_vs_CTR,697.1733206252165,1.2513639264923766,0.4082032239066525,3.065541507772455,0.0021727621650767,0.043942989282345,True,up_in_MA1,gainsboro,gainsboro,12,1.2513639264923766,True,True,up_in_tested,PDIA6
ENSG00000185112,FAM43A,family with sequence similarity 43 member A,MC1_vs_CTR,1161.6775496484256,1.5570335094872687,0.1882728373887534,8.270091060837643,1.338567366901733e-16,1.1558529213196465e-12,True,up_in_MC1,darkgrey,darkgrey,7,1.5570335094872687,True,True,up_in_tested,FAM43A
ENSG00000159202,UBE2Z,ubiquitin conjugating enzyme E2 Z,MC1_vs_CTR,2393.4921894892345,1.4049081733449362,0.1942448541874506,7.232666107021648,4.73602813321194e-13,1.3631867643428367e-09,True,up_in_MC1,dimgrey,dimgrey,10,1.4049081733449362,True,True,up_in_tested,UBE2Z
ENSG00000040275,SPDL1,spindle apparatus coiled-coil protein 1,MC1_vs_CTR,2053.584630920412,1.14963100650288,0.1721538875510187,6.677926492726926,2.423465312014676e-11,2.989517567035246e-08,True,up_in_MC1,dimgrey,dimgrey,10,1.14963100650288,True,True,up_in_tested,SPDL1
ENSG00000196396,PTPN1,protein tyrosine phosphatase non-receptor type 1,MC1_vs_CTR,3192.7096209888164,1.0122176881680427,0.1575148699772621,6.4261722611596,1.3085710814172094e-10,1.4124389110047006e-07,True,up_in_MC1,darkgrey,darkgrey,7,1.0122176881680427,True,True,up_in_tested,PTPN1
ENSG00000147133,TAF1,TATA-box binding protein associated factor 1,MC1_vs_CTR,1810.4761484837784,1.225511764405642,0.1928787383369713,6.353793969061512,2.1006815508270336e-10,1.813938519139144e-07,True,up_in_MC1,darkgrey,darkgrey,7,1.225511764405642,True,True,up_in_tested,TAF1
ENSG00000169925,BRD3,bromodomain containing 3,MC1_vs_CTR,1391.8270019949357,1.0111617707704632,0.1599965574985604,6.319897043907092,2.6173762435521063e-10,2.0546403511884043e-07,True,up_in_MC1,darkgrey,darkgrey,7,1.0111617707704632,True,True,up_in_tested,BRD3
ENSG00000197958,RPL12,ribosomal protein L12,MC1_vs_CTR,5865.852436328154,-1.0618032318895751,0.1739161710997524,-6.105258787468135,1.0263424852614203e-09,5.539042100145227e-07,True,up_in_CTR,dimgrey,dimgrey,10,1.0618032318895751,True,True,down_in_tested,RPL12
ENSG00000089597,GANAB,glucosidase II alpha subunit,MC1_vs_CTR,4782.589328160444,1.1094502956240229,0.183727650938419,6.038559193226081,1.554963865099023e-09,7.89830175007651e-07,True,up_in_MC1,darkgrey,darkgrey,7,1.1094502956240229,True,True,up_in_tested,GANAB
ENSG00000241685,ARPC1A,actin related protein 2/3 complex subunit 1A,MC1_vs_CTR,1501.9652323913397,-1.068007527063798,0.1878396761626455,-5.685739822821231,1.302475611525533e-08,4.165509965008511e-06,True,up_in_CTR,dimgrey,dimgrey,10,1.068007527063798,True,True,down_in_tested,ARPC1A
ENSG00000114315,HES1,hes family bHLH transcription factor 1,MC1_vs_CTR,507.36616844999145,-1.358771891728351,0.240357655028119,-5.653125096304465,1.5755654816508978e-08,4.392293853693912e-06,True,up_in_CTR,dimgrey,dimgrey,10,1.358771891728351,True,True,down_in_tested,HES1
ENSG00000143742,SRP9,signal recognition particle 9,MC1_vs_CTR,780.4455517808592,-1.1372405721589016,0.206728641812006,-5.501127285463814,3.7737064276156414e-08,7.875174630516877e-06,True,up_in_CTR,dimgrey,dimgrey,10,1.1372405721589016,True,True,down_in_tested,SRP9
ENSG00000111875,ASF1A,anti-silencing function 1A histone chaperone,MC1_vs_CTR,194.0957574042168,-1.3707243552658526,0.2521162618162499,-5.436874025464007,5.4223446141260265e-08,9.801367470925618e-06,True,up_in_CTR,dimgrey,dimgrey,10,1.3707243552658526,True,True,down_in_tested,ASF1A
ENSG00000214357,NEURL1B,neuralized E3 ubiquitin protein ligase 1B,MC1_vs_CTR,1332.745787913101,1.0620753977374608,0.1967619730109899,5.39776757411423,6.747519950857906e-08,1.1688693734922764e-05,True,up_in_MC1,dimgrey,dimgrey,10,1.0620753977374608,True,True,up_in_tested,NEURL1B
ENSG00000107949,BCCIP,BRCA2 and CDKN1A interacting protein,MC1_vs_CTR,1416.0376483098114,1.1587295677030214,0.2186636949823219,5.299140160403399,1.1634929561507656e-07,1.7625897677827828e-05,True,up_in_MC1,gainsboro,gainsboro,12,1.1587295677030214,True,True,up_in_tested,BCCIP
ENSG00000123933,MXD4,MAX dimerization protein 4,MC1_vs_CTR,1295.2939327105214,1.0098409004044286,0.1907920050979414,5.292888975541901,1.203990211761796e-07,1.7924923238901914e-05,True,up_in_MC1,darkgrey,darkgrey,7,1.0098409004044286,True,True,up_in_tested,MXD4
ENSG00000197632,SERPINB2,serpin family B member 2,MC1_vs_CTR,1916.626143706416,-1.0408499247131926,0.198276505174237,-5.249486941473664,1.525234108071313e-07,2.2322705971518285e-05,True,up_in_CTR,mistyrose,mistyrose,17,1.0408499247131926,True,True,down_in_tested,SERPINB2
ENSG00000030582,GRN,granulin precursor,MC1_vs_CTR,3583.315617995248,1.1847070264230677,0.226327949667467,5.234470723406905,1.6545829345585664e-07,2.381220606652203e-05,True,up_in_MC1,darkgrey,darkgrey,7,1.1847070264230677,True,True,up_in_tested,GRN
ENSG00000144848,ATG3,autophagy related 3,MC1_vs_CTR,598.0663760730346,-1.058160724264194,0.2029640457384897,-5.213537798845356,1.852727568886164e-07,2.594761821145225e-05,True,up_in_CTR,dimgrey,dimgrey,10,1.058160724264194,True,True,down_in_tested,ATG3
ENSG00000173852,DPY19L1,dpy-19 like C-mannosyltransferase 1,MC1_vs_CTR,450.6204641773,-1.0130351950365744,0.1943470359386105,-5.212506535765058,1.863060022130909e-07,2.594761821145225e-05,True,up_in_CTR,dimgrey,dimgrey,10,1.0130351950365744,True,True,down_in_tested,DPY19L1
ENSG00000153140,CETN3,centrin 3,MC1_vs_CTR,3844.045427066833,1.2088278384872824,0.2355723550428812,5.131450327723045,2.875181046742514e-07,3.639855494287121e-05,True,up_in_MC1,dimgrey,dimgrey,10,1.2088278384872824,True,True,up_in_tested,CETN3
ENSG00000153989,NUS1,NUS1 dehydrodolichyl diphosphate synthase subunit,MC1_vs_CTR,315.92517559991984,-1.0330970313870609,0.2100111195936386,-4.9192491968332615,8.687680722319827e-07,8.16045999536954e-05,True,up_in_CTR,dimgrey,dimgrey,10,1.0330970313870609,True,True,down_in_tested,NUS1
ENSG00000107679,PLEKHA1,pleckstrin homology domain containing A1,MC1_vs_CTR,222.9981546159181,1.036773907565725,0.2109456726396184,4.914885878398459,8.883419103239569e-07,8.16045999536954e-05,True,up_in_MC1,darkgrey,darkgrey,7,1.036773907565725,True,True,up_in_tested,PLEKHA1
ENSG00000120526,NUDCD1,NudC domain containing 1,MC1_vs_CTR,299.42043686935443,-1.1446443767448864,0.2335664699836222,-4.900722166264487,9.548501084851625e-07,8.500134728628226e-05,True,up_in_CTR,dimgrey,dimgrey,10,1.1446443767448864,True,True,down_in_tested,NUDCD1
ENSG00000179094,PER1,period circadian regulator 1,MC1_vs_CTR,150.63801082230938,1.5280104260616554,0.3122907446846561,4.892909738982514,9.93559804499882e-07,8.754478481486205e-05,True,up_in_MC1,darkgrey,darkgrey,7,1.5280104260616554,True,True,up_in_tested,PER1
ENSG00000101825,MXRA5,matrix remodeling associated 5,MC1_vs_CTR,302.2577859980744,1.0459700070599112,0.2150509674245855,4.863823769715028,1.1513943791042523e-06,9.84385194412398e-05,True,up_in_MC1,darkgrey,darkgrey,7,1.0459700070599112,True,True,up_in_tested,MXRA5
ENSG00000172766,NAA16,"N-alpha-acetyltransferase 16, NatA auxiliary subunit",MC1_vs_CTR,257.9234508367918,-1.1542516414846329,0.2400432887318014,-4.808514529120076,1.5205597914317857e-06,0.000115175735079,True,up_in_CTR,dimgrey,dimgrey,10,1.1542516414846329,True,True,down_in_tested,NAA16
ENSG00000149503,INCENP,inner centromere protein,MC1_vs_CTR,667.7862713408043,1.031333546877904,0.2158014283513377,4.779085823282091,1.7609402090491154e-06,0.0001286614170332,True,up_in_MC1,darkgrey,darkgrey,7,1.031333546877904,True,True,up_in_tested,INCENP
ENSG00000071082,RPL31,ribosomal protein L31,MC1_vs_CTR,14905.507900754295,-1.0079830890530452,0.2110735246987294,-4.775506973182756,1.792550791766326e-06,0.0001289889673908,True,up_in_CTR,dimgrey,dimgrey,10,1.0079830890530452,True,True,down_in_tested,RPL31
ENSG00000150779,TIMM8B,translocase of inner mitochondrial membrane 8 homolog B,MC1_vs_CTR,573.3588111418472,-1.2925122399718565,0.2717855737977617,-4.75563225049475,1.9782630250725515e-06,0.0001377604937217,True,up_in_CTR,dimgrey,dimgrey,10,1.2925122399718565,True,True,down_in_tested,TIMM8B
ENSG00000242485,MRPL20,mitochondrial ribosomal protein L20,MC1_vs_CTR,385.0644083570815,-1.4078580381553103,0.2964809196586855,-4.748562031499576,2.048680537856272e-06,0.0001415228515551,True,up_in_CTR,dimgrey,dimgrey,10,1.4078580381553103,True,True,down_in_tested,MRPL20
ENSG00000127022,CANX,calnexin,MC1_vs_CTR,906.967041346846,1.0153520473413342,0.2141554554728911,4.741191603544568,2.124648801205699e-06,0.0001456058920508,True,up_in_MC1,dimgrey,dimgrey,10,1.0153520473413342,True,True,up_in_tested,CANX
ENSG00000198369,SPRED2,sprouty related EVH1 domain containing 2,MC1_vs_CTR,240.06648290324688,-1.1229060424354609,0.2375243535469932,-4.7275406739010375,2.2725555095748155e-06,0.0001533087251967,True,up_in_CTR,mistyrose,mistyrose,17,1.1229060424354609,True,True,down_in_tested,SPRED2
ENSG00000182742,HOXB4,homeobox B4,MC1_vs_CTR,470.7170575356244,1.1642517030735255,0.2473352904021357,4.707179881935168,2.511672608119633e-06,0.0001620082258341,True,up_in_MC1,dimgrey,dimgrey,10,1.1642517030735255,True,True,up_in_tested,HOXB4
ENSG00000168056,LTBP3,latent transforming growth factor beta binding protein 3,MC1_vs_CTR,337.2377293925992,1.2576731624057675,0.2678954634125616,4.694641508239872,2.670746776506816e-06,0.0001671152059067,True,up_in_MC1,darkgrey,darkgrey,7,1.2576731624057675,True,True,up_in_tested,LTBP3
ENSG00000136104,RNASEH2B,ribonuclease H2 subunit B,MC1_vs_CTR,280.2221014742261,-1.069637462956434,0.2296857863524538,-4.656959753334804,3.2091314928567232e-06,0.0001909498755156,True,up_in_CTR,dimgrey,dimgrey,10,1.069637462956434,True,True,down_in_tested,RNASEH2B
ENSG00000157766,ACAN,aggrecan,MC1_vs_CTR,144.7941596118124,1.7561505955625258,0.3774917702278608,4.652155978135582,3.2848245711794475e-06,0.0001925297966244,True,up_in_MC1,dimgrey,dimgrey,10,1.7561505955625258,True,True,up_in_tested,ACAN
ENSG00000147684,NDUFB9,NADH:ubiquinone oxidoreductase subunit B9,MC1_vs_CTR,299.42705462999464,-1.1998930188812107,0.2581838072054308,-4.647437156763606,3.3608443334867977e-06,0.0001934726054643,True,up_in_CTR,dimgrey,dimgrey,10,1.1998930188812107,True,True,down_in_tested,NDUFB9
ENSG00000179218,CALR,calreticulin,MC1_vs_CTR,1752.475953544391,1.168780646492464,0.2517907925478098,4.641872066352613,3.4526662263425627e-06,0.0001974422044004,True,up_in_MC1,gainsboro,gainsboro,12,1.168780646492464,True,True,up_in_tested,CALR
ENSG00000188010,MORN2,MORN repeat containing 2,MC1_vs_CTR,275.59787704007414,-1.0980346279451116,0.2376053357244721,-4.621254083361141,3.8142728025584e-06,0.0002124919074199,True,up_in_CTR,dimgrey,dimgrey,10,1.0980346279451116,True,True,down_in_tested,MORN2
ENSG00000162961,DPY30,dpy-30 histone methyltransferase complex regulatory subunit,MC1_vs_CTR,643.5121242559188,-1.0713224350836452,0.2324846333080469,-4.608142997839005,4.062812194415991e-06,0.0002234546706928,True,up_in_CTR,dimgrey,dimgrey,10,1.0713224350836452,True,True,down_in_tested,DPY30
ENSG00000137872,SEMA6D,semaphorin 6D,MC1_vs_CTR,157.25003220219142,-1.1694115550797533,0.2571369249490746,-4.547816519589135,5.420536055574974e-06,0.0002769605256798,True,up_in_CTR,dimgrey,dimgrey,10,1.1694115550797533,True,True,down_in_tested,SEMA6D
ENSG00000117118,SDHB,succinate dehydrogenase complex iron sulfur subunit B,MC1_vs_CTR,247.34833922582425,-1.359776048896706,0.2991280645477981,-4.545798973935544,5.472725170598964e-06,0.0002779822461654,True,up_in_CTR,dimgrey,dimgrey,10,1.359776048896706,True,True,down_in_tested,SDHB
ENSG00000166398,GARRE1,granule associated Rac and RHOG effector 1,MC1_vs_CTR,112.30945577513832,1.959319343595013,0.4327596899573116,4.52749964717898,5.968570073969314e-06,0.000291178545699,True,up_in_MC1,darkgrey,darkgrey,7,1.959319343595013,True,True,up_in_tested,GARRE1
ENSG00000131844,MCCC2,methylcrotonyl-CoA carboxylase subunit 2,MC1_vs_CTR,295.5427226431381,-1.0927037420021726,0.2420080447117533,-4.515154623490515,6.327058426312154e-06,0.0003069334242202,True,up_in_CTR,dimgrey,dimgrey,10,1.0927037420021726,True,True,down_in_tested,MCCC2
ENSG00000198858,R3HDM4,R3H domain containing 4,MC1_vs_CTR,583.7607344761011,1.118942180439387,0.24886649998277,4.496154285598324,6.919353675550292e-06,0.0003332796314424,True,up_in_MC1,darkgrey,darkgrey,7,1.118942180439387,True,True,up_in_tested,R3HDM4
ENSG00000127481,UBR4,ubiquitin protein ligase E3 component n-recognin 4,MC1_vs_CTR,772.0116151198836,1.0109728886053162,0.2248957674373341,4.495295310024089,6.947346109976484e-06,0.0003332796314424,True,up_in_MC1,gainsboro,gainsboro,12,1.0109728886053162,True,True,up_in_tested,UBR4
ENSG00000168275,COA6,cytochrome c oxidase assembly factor 6,MC1_vs_CTR,486.0568835851982,-1.0878360307805122,0.2422464655105944,-4.490616729897909,7.10172416205856e-06,0.0003360490823765,True,up_in_CTR,dimgrey,dimgrey,10,1.0878360307805122,True,True,down_in_tested,COA6
ENSG00000124532,MRS2,magnesium transporter MRS2,MC1_vs_CTR,204.4235532884226,-1.090636266484091,0.243692727187091,-4.475456773261736,7.624812490212346e-06,0.000352086929695,True,up_in_CTR,mistyrose,mistyrose,17,1.090636266484091,True,True,down_in_tested,MRS2
ENSG00000168916,ZNF608,zinc finger protein 608,MC1_vs_CTR,255.87996825046503,1.111231794899618,0.2513574450874683,4.42092254125565,9.82804019355235e-06,0.0004243256353566,True,up_in_MC1,darkgrey,darkgrey,7,1.111231794899618,True,True,up_in_tested,ZNF608
ENSG00000153006,SREK1IP1,SREK1 interacting protein 1,MC1_vs_CTR,1110.5990416348648,-1.2177611009502272,0.2765958365040168,-4.402673288007147,1.0692512390630134e-05,0.0004503894853321,True,up_in_CTR,dimgrey,dimgrey,10,1.2177611009502272,True,True,down_in_tested,SREK1IP1
ENSG00000180817,PPA1,inorganic pyrophosphatase 1,MC1_vs_CTR,722.3630643678216,-1.055127399633239,0.2420927563181792,-4.358360058681391,1.3104067078699854e-05,0.0005158061171822,True,up_in_CTR,dimgrey,dimgrey,10,1.055127399633239,True,True,down_in_tested,PPA1
ENSG00000113272,THG1L,tRNA-histidine guanylyltransferase 1 like,MC1_vs_CTR,541.5864761090551,1.1266875660952878,0.2599749694232864,4.333830939934974,1.4653672333067753e-05,0.0005560487495615,True,up_in_MC1,darkgrey,darkgrey,7,1.1266875660952878,True,True,up_in_tested,THG1L
ENSG00000205531,NAP1L4,nucleosome assembly protein 1 like 4,MC1_vs_CTR,946.3363336679372,1.0443988462585163,0.2410110823495705,4.3334059001639,1.4682005199772009e-05,0.0005560487495615,True,up_in_MC1,gainsboro,gainsboro,12,1.0443988462585163,True,True,up_in_tested,NAP1L4
ENSG00000276043,UHRF1,ubiquitin like with PHD and ring finger domains 1,MC1_vs_CTR,378.2267851837393,-1.0595011389766216,0.2465194296852514,-4.2978402973321845,1.724703522755903e-05,0.0006231303313387,True,up_in_CTR,dimgrey,dimgrey,10,1.0595011389766216,True,True,down_in_tested,UHRF1
ENSG00000145348,TBCK,TBC1 domain containing kinase,MC1_vs_CTR,253.92027334545065,-1.1203998351859357,0.2608959553490865,-4.294431600853327,1.7514146564594583e-05,0.0006275296912252,True,up_in_CTR,dimgrey,dimgrey,10,1.1203998351859357,True,True,down_in_tested,TBCK
ENSG00000197713,RPE,ribulose-5-phosphate-3-epimerase,MC1_vs_CTR,240.79678944002,-1.0392348539761085,0.2432468565077427,-4.272346491528159,1.9342670738337263e-05,0.0006762103717633,True,up_in_CTR,dimgrey,dimgrey,10,1.0392348539761085,True,True,down_in_tested,RPE
ENSG00000196700,ZNF512B,zinc finger protein 512B,MC1_vs_CTR,211.4289050453906,1.4016305258048074,0.3286783424533253,4.26444442716468,2.0040021231331483e-05,0.0006949621820584,True,up_in_MC1,darkgrey,darkgrey,7,1.4016305258048074,True,True,up_in_tested,ZNF512B
ENSG00000161011,SQSTM1,sequestosome 1,MC1_vs_CTR,322.0566306755036,2.156204767248233,0.5063487702323433,4.2583391014435295,2.059513741445075e-05,0.0007113560462951,True,up_in_MC1,dimgrey,dimgrey,10,2.156204767248233,True,True,up_in_tested,SQSTM1
ENSG00000140740,UQCRC2,ubiquinol-cytochrome c reductase core protein 2,MC1_vs_CTR,159.4750493155976,-1.55943139505906,0.366335680690261,-4.256837314128755,2.0733911604931305e-05,0.0007132961223449,True,up_in_CTR,dimgrey,dimgrey,10,1.55943139505906,True,True,down_in_tested,UQCRC2
ENSG00000167766,ZNF83,zinc finger protein 83,MC1_vs_CTR,202.31520076808945,-1.2423595984123157,0.29313638810137,-4.238162332759224,2.2535680500640376e-05,0.0007601390668868,True,up_in_CTR,dimgrey,dimgrey,10,1.2423595984123157,True,True,down_in_tested,ZNF83
ENSG00000125863,MKKS,MKKS centrosomal shuttling protein,MC1_vs_CTR,119.93009058047936,-1.6534061148005428,0.3914034219426947,-4.224301633833486,2.396828569858744e-05,0.0007978492330413,True,up_in_CTR,dimgrey,dimgrey,10,1.6534061148005428,True,True,down_in_tested,MKKS
ENSG00000157349,DDX19B,DEAD-box helicase 19B,MC1_vs_CTR,98.36033886241349,-1.986694627130674,0.4703587706338465,-4.223785652924983,2.402325426644452e-05,0.0007978492330413,True,up_in_CTR,dimgrey,dimgrey,10,1.986694627130674,True,True,down_in_tested,DDX19B
ENSG00000198888,MT-ND1,NADH dehydrogenase subunit 1,MC1_vs_CTR,38618.69869721848,-1.3183265332662286,0.3126679263307471,-4.216379174983472,2.482562025558798e-05,0.0008150921327262,True,up_in_CTR,dimgrey,dimgrey,10,1.3183265332662286,True,True,down_in_tested,MT-ND1
ENSG00000137193,PIM1,"Pim-1 proto-oncogene, serine/threonine kinase",MC1_vs_CTR,321.1353262732337,1.1747943295526773,0.2798530068817779,4.197897827301036,2.694041209430308e-05,0.0008680240986354,True,up_in_MC1,darkgrey,darkgrey,7,1.1747943295526773,True,True,up_in_tested,PIM1
ENSG00000244038,DDOST,dolichyl-diphosphooligosaccharide--protein glycosyltransferase non-catalytic subunit,MC1_vs_CTR,89.19472661647252,-1.838634118370709,0.438267279546992,-4.195234744129619,2.7258912693809106e-05,0.0008717804115223,True,up_in_CTR,dimgrey,dimgrey,10,1.838634118370709,True,True,down_in_tested,DDOST
ENSG00000143756,FBXO28,F-box protein 28,MC1_vs_CTR,218.27640134901512,-1.1490039878293443,0.2743799985663417,-4.187637560438026,2.818731777895183e-05,0.0008981457159455,True,up_in_CTR,mistyrose,mistyrose,17,1.1490039878293443,True,True,down_in_tested,FBXO28
ENSG00000174705,SH3PXD2B,SH3 and PX domains 2B,MC1_vs_CTR,329.8011167088069,1.0447663051960163,0.2499219622780076,4.180370127031259,2.9103499414126013e-05,0.0009138498816035,True,up_in_MC1,darkgrey,darkgrey,7,1.0447663051960163,True,True,up_in_tested,SH3PXD2B
ENSG00000125746,EML2,EMAP like 2,MC1_vs_CTR,1368.2437222800636,1.3104823467800168,0.315015372865046,4.160058396075271,3.181662349927395e-05,0.0009673821968881,True,up_in_MC1,dimgrey,dimgrey,10,1.3104823467800168,True,True,up_in_tested,EML2
ENSG00000138459,SLC35A5,solute carrier family 35 member A5,MC1_vs_CTR,281.58992980246893,-1.091330038580833,0.2638714148728978,-4.135840326268412,3.536580496520448e-05,0.0010458105942444,True,up_in_CTR,dimgrey,dimgrey,10,1.091330038580833,True,True,down_in_tested,SLC35A5
ENSG00000157193,LRP8,LDL receptor related protein 8,MC1_vs_CTR,314.2485993822479,1.0440984444172623,0.2527869282164311,4.130349823798349,3.6221164365794566e-05,0.001063842701696,True,up_in_MC1,dimgrey,dimgrey,10,1.0440984444172623,True,True,up_in_tested,LRP8
ENSG00000198763,MT-ND2,NADH dehydrogenase subunit 2,MC1_vs_CTR,37494.99886582763,-1.1454886901272607,0.2780550437442967,-4.119647227764975,3.7945290401406335e-05,0.0010958447579135,True,up_in_CTR,gainsboro,gainsboro,12,1.1454886901272607,True,True,down_in_tested,MT-ND2
ENSG00000197728,RPS26,ribosomal protein S26,MC1_vs_CTR,3114.912091489919,-1.0331687918339856,0.2519053209519398,-4.101417103575595,4.1062761401178266e-05,0.0011740958433747,True,up_in_CTR,dimgrey,dimgrey,10,1.0331687918339856,True,True,down_in_tested,RPS26
ENSG00000142669,SH3BGRL3,SH3 domain binding glutamate rich protein like 3,MC1_vs_CTR,685.4690517344625,-1.4072445526727475,0.3451736309670087,-4.076917894134417,4.563659852755114e-05,0.0012630513727096,True,up_in_CTR,dimgrey,dimgrey,10,1.4072445526727475,True,True,down_in_tested,SH3BGRL3
ENSG00000261221,ZNF865,zinc finger protein 865,MC1_vs_CTR,308.60479211925525,1.2469743552150794,0.3060434170792877,4.074501477978274,4.611302042282433e-05,0.0012650794041042,True,up_in_MC1,darkgrey,darkgrey,7,1.2469743552150794,True,True,up_in_tested,ZNF865
ENSG00000167110,GOLGA2,golgin A2,MC1_vs_CTR,3611.0617355282666,1.0576197579458106,0.2614783453015424,4.044769966423571,5.237452431699714e-05,0.0013958457329545,True,up_in_MC1,dimgrey,dimgrey,10,1.0576197579458106,True,True,up_in_tested,GOLGA2
ENSG00000130513,GDF15,growth differentiation factor 15,MC1_vs_CTR,1647.6644568469526,1.013444186163132,0.2514907298831491,4.029747683479274,5.5836754690462256e-05,0.0014610617477337,True,up_in_MC1,dimgrey,dimgrey,10,1.013444186163132,True,True,up_in_tested,GDF15
ENSG00000197061,H4C3,H4 clustered histone 3,MC1_vs_CTR,6293.7572275701095,1.592876529672571,0.3972453350450438,4.009805500905264,6.076878328675415e-05,0.0015343229347401,True,up_in_MC1,gainsboro,gainsboro,12,1.592876529672571,True,True,up_in_tested,H4C3
ENSG00000173915,ATP5MK,ATP synthase membrane subunit k,MC1_vs_CTR,2813.111229296565,-1.087193546230209,0.2734575239844049,-3.975730966876636,7.016340973298567e-05,0.0016877822487184,True,up_in_CTR,dimgrey,dimgrey,10,1.087193546230209,True,True,down_in_tested,ATP5MK
ENSG00000253710,ALG11,"ALG11 alpha-1,2-mannosyltransferase",MC1_vs_CTR,286.0956995305089,1.9197423618192275,0.4829481876912487,3.9750482779459744,7.03649808382899e-05,0.0016877822487184,True,up_in_MC1,gainsboro,gainsboro,12,1.9197423618192275,True,True,up_in_tested,ALG11
ENSG00000196712,NF1,neurofibromin 1,MC1_vs_CTR,660.1743600950936,1.063986668955632,0.2683869206908997,3.96437600691064,7.358818389775015e-05,0.0017409149807043,True,up_in_MC1,gainsboro,gainsboro,12,1.063986668955632,True,True,up_in_tested,NF1
ENSG00000072134,EPN2,epsin 2,MC1_vs_CTR,244.3917238055868,1.408507108196839,0.357596744709771,3.938814122427196,8.188533620608311e-05,0.0018673119537639,True,up_in_MC1,gainsboro,gainsboro,12,1.408507108196839,True,True,up_in_tested,EPN2
ENSG00000177352,CCDC71,coiled-coil domain containing 71,MC1_vs_CTR,392.60740839049714,1.1844755424308155,0.3022502248150372,3.9188574405714944,8.896971494906295e-05,0.001974944700733,True,up_in_MC1,dimgrey,dimgrey,10,1.1844755424308155,True,True,up_in_tested,CCDC71
ENSG00000101460,MAP1LC3A,microtubule associated protein 1 light chain 3 alpha,MC1_vs_CTR,233.4745960995333,1.1406061689777287,0.2936346997365379,3.8844393050314943,0.0001025663102395,0.0021407499371748,True,up_in_MC1,darkgrey,darkgrey,7,1.1406061689777287,True,True,up_in_tested,MAP1LC3A
ENSG00000140990,NDUFB10,NADH:ubiquinone oxidoreductase subunit B10,MC1_vs_CTR,504.0326453880832,-1.1412754841387838,0.2941900394648757,-3.879381797611962,0.0001047222741496,0.002168529585809,True,up_in_CTR,dimgrey,dimgrey,10,1.1412754841387838,True,True,down_in_tested,NDUFB10
ENSG00000166851,PLK1,polo like kinase 1,MC1_vs_CTR,218.0474246819525,-1.2840886666682805,0.3343979270693277,-3.8400018741804622,0.0001230333711114,0.002453563878862,True,up_in_CTR,dimgrey,dimgrey,10,1.2840886666682805,True,True,down_in_tested,PLK1
ENSG00000169221,TBC1D10B,TBC1 domain family member 10B,MC1_vs_CTR,193.0491506428542,-1.0992687584871674,0.2879872515270874,-3.817074376237703,0.0001350434707165,0.0026542654265845,True,up_in_CTR,dimgrey,dimgrey,10,1.0992687584871674,True,True,down_in_tested,TBC1D10B
ENSG00000148296,SURF6,surfeit 6,MC1_vs_CTR,125.32604362624112,1.586395622448881,0.4216418354243773,3.762424620062176,0.0001682740346336,0.0031417025535102,True,up_in_MC1,dimgrey,dimgrey,10,1.586395622448881,True,True,up_in_tested,SURF6
ENSG00000165490,DDIAS,DNA damage induced apoptosis suppressor,MC1_vs_CTR,125.34712335077911,-1.3836523753678849,0.370651834323196,-3.733024491553943,0.0001891941900653,0.0034106301277961,True,up_in_CTR,dimgrey,dimgrey,10,1.3836523753678849,True,True,down_in_tested,DDIAS
ENSG00000188229,TUBB4B,tubulin beta 4B class IVb,MC1_vs_CTR,755.9462893417407,-1.198119843995626,0.3221264671322445,-3.719408264281974,0.0001996900561581,0.0035262242023024,True,up_in_CTR,dimgrey,dimgrey,10,1.198119843995626,True,True,down_in_tested,TUBB4B
ENSG00000103043,VAC14,VAC14 component of PIKFYVE complex,MC1_vs_CTR,191.5653233022116,-1.1930467282300423,0.3216412885044881,-3.709246203362959,0.0002078772143552,0.0036264701729215,True,up_in_CTR,dimgrey,dimgrey,10,1.1930467282300423,True,True,down_in_tested,VAC14
ENSG00000288722,F8A1,coagulation factor VIII associated 1,MC1_vs_CTR,220.54545447991896,-1.2433064953548958,0.3409042874301964,-3.64708377453151,0.0002652334681952,0.0043459032217566,True,up_in_CTR,dimgrey,dimgrey,10,1.2433064953548958,True,True,down_in_tested,F8A1
ENSG00000162341,TPCN2,two pore segment channel 2,MC1_vs_CTR,228.74472600907907,1.0637525402585708,0.2932201310282615,3.6278291552773454,0.0002858142780599,0.0045518036509024,True,up_in_MC1,darkgrey,darkgrey,7,1.0637525402585708,True,True,up_in_tested,TPCN2
ENSG00000118181,RPS25,ribosomal protein S25,MC1_vs_CTR,2166.456982979321,-1.4388104614003872,0.396606104004603,-3.6278071539304606,0.0002858386281444,0.0045518036509024,True,up_in_CTR,dimgrey,dimgrey,10,1.4388104614003872,True,True,down_in_tested,RPS25
ENSG00000184983,NDUFA6,NADH:ubiquinone oxidoreductase subunit A6,MC1_vs_CTR,502.2321048088789,-1.2723490989366657,0.3545942352321383,-3.5881832599554544,0.0003329902087357,0.0050891512432444,True,up_in_CTR,dimgrey,dimgrey,10,1.2723490989366657,True,True,down_in_tested,NDUFA6
ENSG00000113597,TRAPPC13,trafficking protein particle complex subunit 13,MC1_vs_CTR,117.01432637919736,-1.3283576200476297,0.3736418080901623,-3.555163237319224,0.0003777444930976,0.005575767004954,True,up_in_CTR,dimgrey,dimgrey,10,1.3283576200476297,True,True,down_in_tested,TRAPPC13
ENSG00000148291,SURF2,surfeit 2,MC1_vs_CTR,178.0420481938472,-1.092876385416324,0.3104157305691604,-3.52068622106389,0.0004304316352473,0.0061030823815447,True,up_in_CTR,dimgrey,dimgrey,10,1.092876385416324,True,True,down_in_tested,SURF2
ENSG00000105700,KXD1,KxDL motif containing 1,MC1_vs_CTR,128.87865023119704,-1.2879226107558135,0.3680141673866631,-3.499654972257157,0.0004658607212936,0.0064782376096843,True,up_in_CTR,dimgrey,dimgrey,10,1.2879226107558135,True,True,down_in_tested,KXD1
ENSG00000164751,PEX2,peroxisomal biogenesis factor 2,MC1_vs_CTR,178.950988456592,-1.0894840646845765,0.3132877745197316,-3.4775824443030032,0.0005059574270161,0.0069128835162734,True,up_in_CTR,mistyrose,mistyrose,17,1.0894840646845765,True,True,down_in_tested,PEX2
ENSG00000138061,CYP1B1,cytochrome P450 family 1 subfamily B member 1,MC1_vs_CTR,1435.8065860614577,1.0345654826043371,0.301846907881669,3.4274509878693573,0.0006092762769486,0.0077597354741171,True,up_in_MC1,dimgrey,dimgrey,10,1.0345654826043371,True,True,up_in_tested,CYP1B1
ENSG00000162852,CNST,"consortin, connexin sorting protein",MC1_vs_CTR,203.86538759377007,-1.0290662248753188,0.3005725796203544,-3.4236863062329443,0.0006177788878955,0.0078448833779088,True,up_in_CTR,dimgrey,dimgrey,10,1.0290662248753188,True,True,down_in_tested,CNST
ENSG00000156469,MTERF3,mitochondrial transcription termination factor 3,MC1_vs_CTR,112.78747990330052,-1.13174603124171,0.3336181166594055,-3.3923398482496747,0.0006929842967247,0.0084998855145146,True,up_in_CTR,dimgrey,dimgrey,10,1.13174603124171,True,True,down_in_tested,MTERF3
ENSG00000174939,ASPHD1,aspartate beta-hydroxylase domain containing 1,MC1_vs_CTR,119.54697217903056,1.0762080124027162,0.3219884416197229,3.3423808848199186,0.0008306299697858,0.0097134169325566,True,up_in_MC1,dimgrey,dimgrey,10,1.0762080124027162,True,True,up_in_tested,ASPHD1
ENSG00000100764,PSMC1,"proteasome 26S subunit, ATPase 1",MC1_vs_CTR,3169.6151422275148,1.1640042862175892,0.351353909085963,3.312911159137841,0.0009233030337131,0.0105328279071967,True,up_in_MC1,gainsboro,gainsboro,12,1.1640042862175892,True,True,up_in_tested,PSMC1
ENSG00000204520,MICA,MHC class I polypeptide-related sequence A,MC1_vs_CTR,90.67025417554204,-1.295886262855316,0.391422404124903,-3.3107104989365874,0.0009305943045796,0.010559371642635,True,up_in_CTR,dimgrey,dimgrey,10,1.295886262855316,True,True,down_in_tested,MICA
ENSG00000161970,RPL26,ribosomal protein L26,MC1_vs_CTR,3058.7238973352446,-1.1420405243719616,0.3459885273995025,-3.300804604579509,0.0009640799881628,0.0108537557989392,True,up_in_CTR,dimgrey,dimgrey,10,1.1420405243719616,True,True,down_in_tested,RPL26
ENSG00000184009,ACTG1,actin gamma 1,MC1_vs_CTR,170.77545843947095,-1.0386821292103652,0.3147500479069436,-3.300022148106085,0.0009667719842767,0.0108668585678218,True,up_in_CTR,dimgrey,dimgrey,10,1.0386821292103652,True,True,down_in_tested,ACTG1
ENSG00000180155,LYNX1,Ly6/neurotoxin 1,MC1_vs_CTR,121.3858212519886,1.0246887029076206,0.3105366412588796,3.2997352542799816,0.0009677607688077,0.0108668585678218,True,up_in_MC1,darkgrey,darkgrey,7,1.0246887029076206,True,True,up_in_tested,LYNX1
ENSG00000198324,PHETA1,PH domain containing endocytic trafficking adaptor 1,MC1_vs_CTR,138.876496878903,1.2601659855914034,0.3821682371531459,3.2974116189735003,0.0009758037973169,0.0109087637252166,True,up_in_MC1,darkgrey,darkgrey,7,1.2601659855914034,True,True,up_in_tested,PHETA1
ENSG00000137103,TMEM8B,transmembrane protein 8B,MC1_vs_CTR,191.2032851635292,1.1203084127603438,0.3417475500466659,3.2781754034736017,0.0010448045079169,0.0114004746283514,True,up_in_MC1,darkgrey,darkgrey,7,1.1203084127603438,True,True,up_in_tested,TMEM8B
ENSG00000105373,NOP53,NOP53 ribosome biogenesis factor,MC1_vs_CTR,238.72492742688348,-1.0686649685548617,0.3271432556746567,-3.266657496426112,0.0010882525521615,0.0117463259848939,True,up_in_CTR,dimgrey,dimgrey,10,1.0686649685548617,True,True,down_in_tested,NOP53
ENSG00000090006,LTBP4,latent transforming growth factor beta binding protein 4,MC1_vs_CTR,174.9364323993019,1.1079207597148513,0.3403799998962443,3.254952582562345,0.0011341129936407,0.0120902045680102,True,up_in_MC1,dimgrey,dimgrey,10,1.1079207597148513,True,True,up_in_tested,LTBP4
ENSG00000185338,SOCS1,suppressor of cytokine signaling 1,MC1_vs_CTR,138.75188921005176,1.048790963764212,0.3230009153628783,3.2470216457001,0.0011661952002957,0.0123408033756783,True,up_in_MC1,darkgrey,darkgrey,7,1.048790963764212,True,True,up_in_tested,SOCS1
ENSG00000175137,SH3BP5L,SH3 binding domain protein 5 like,MC1_vs_CTR,2125.071458533305,1.0893657432741473,0.3361344655073729,3.240862973184916,0.0011916845161069,0.0125490192641266,True,up_in_MC1,darkgrey,darkgrey,7,1.0893657432741473,True,True,up_in_tested,SH3BP5L
ENSG00000143870,PDIA6,protein disulfide isomerase family A member 6,MC1_vs_CTR,697.1733206252165,1.3214278396151544,0.4079739476049348,3.239000547394685,0.0011994934325892,0.0126158657617641,True,up_in_MC1,gainsboro,gainsboro,12,1.3214278396151544,True,True,up_in_tested,PDIA6
ENSG00000170846,MRFAP1L2,Morf4 family associated protein 1 like 2,MC1_vs_CTR,93.59749713230262,-1.455408698496807,0.4550321097977234,-3.1984747167486347,0.0013815664704964,0.0141852871257277,True,up_in_CTR,dimgrey,dimgrey,10,1.455408698496807,True,True,down_in_tested,MRFAP1L2
ENSG00000100330,MTMR3,myotubularin related protein 3,MC1_vs_CTR,97.66772356731788,1.1744285131550471,0.3678092498089963,3.1930369172741817,0.0014078494648323,0.0143697164643353,True,up_in_MC1,darkgrey,darkgrey,7,1.1744285131550471,True,True,up_in_tested,MTMR3
ENSG00000123496,IL13RA2,interleukin 13 receptor subunit alpha 2,MC1_vs_CTR,111.0483539496236,-1.2470474244090817,0.3938166079334488,-3.1665689036147007,0.0015424879841812,0.0152944970091716,True,up_in_CTR,dimgrey,dimgrey,10,1.2470474244090817,True,True,down_in_tested,IL13RA2
ENSG00000288701,PRRC2B,proline rich coiled-coil 2B,MC1_vs_CTR,139.4425731969325,1.3353203907439384,0.4268579405351357,3.1282547750427168,0.0017584768057642,0.0167413971530039,True,up_in_MC1,darkgrey,darkgrey,7,1.3353203907439384,True,True,up_in_tested,PRRC2B
ENSG00000134255,CEPT1,choline/ethanolamine phosphotransferase 1,MC1_vs_CTR,234.79362281594183,1.0232722432561443,0.3284457614618147,3.115498396757696,0.0018363434692187,0.0173298643242664,True,up_in_MC1,gainsboro,gainsboro,12,1.0232722432561443,True,True,up_in_tested,CEPT1
ENSG00000157240,FZD1,frizzled class receptor 1,MC1_vs_CTR,171.42189152892055,-1.0350874579746312,0.3331106459362212,-3.1073382691371974,0.0018878024910615,0.0176437553062482,True,up_in_CTR,mistyrose,mistyrose,17,1.0350874579746312,True,True,down_in_tested,FZD1
ENSG00000100823,APEX1,apurinic/apyrimidinic endodeoxyribonuclease 1,MC1_vs_CTR,255.79944014793568,1.5679248226311224,0.5058201366244706,3.0997675045016573,0.0019367260154174,0.0179053845215521,True,up_in_MC1,dimgrey,dimgrey,10,1.5679248226311224,True,True,up_in_tested,APEX1
ENSG00000147996,ZNG1E,Zn regulated GTPase metalloprotein activator 1E,MC1_vs_CTR,90.70133252094274,-1.0721089110297464,0.3489826197048334,-3.0720982951429705,0.0021255971711187,0.019059742027633,True,up_in_CTR,dimgrey,dimgrey,10,1.0721089110297464,True,True,down_in_tested,ZNG1E
ENSG00000256060,TRAPPC2B,trafficking protein particle complex subunit 2B,MC1_vs_CTR,125.01137670269875,-1.0842369925897433,0.3538352755150374,-3.064242226871088,0.0021822214273495,0.0193464907855886,True,up_in_CTR,dimgrey,dimgrey,10,1.0842369925897433,True,True,down_in_tested,TRAPPC2B
ENSG00000115457,IGFBP2,insulin like growth factor binding protein 2,MC1_vs_CTR,121.42992210781009,1.2446415858482756,0.406301789290374,3.0633426154044336,0.0021887930441899,0.019357099481328,True,up_in_MC1,darkgrey,darkgrey,7,1.2446415858482756,True,True,up_in_tested,IGFBP2
ENSG00000176731,RBIS,ribosomal biogenesis factor,MC1_vs_CTR,189.46076915168769,-1.1029295171897824,0.3615585149425877,-3.0504869104380457,0.0022847063898011,0.0198475248248823,True,up_in_CTR,dimgrey,dimgrey,10,1.1029295171897824,True,True,down_in_tested,RBIS
ENSG00000168488,ATXN2L,ataxin 2 like,MC1_vs_CTR,335.16297106009887,1.5905944038324646,0.5237710694725881,3.0368122573744207,0.0023909432249235,0.0203746790334658,True,up_in_MC1,darkgrey,darkgrey,7,1.5905944038324646,True,True,up_in_tested,ATXN2L
ENSG00000161682,FAM171A2,family with sequence similarity 171 member A2,MC1_vs_CTR,98.0681263279,1.114309059360822,0.3671298005502683,3.0351909806576653,0.0024038341792011,0.0204101358283202,True,up_in_MC1,darkgrey,darkgrey,7,1.114309059360822,True,True,up_in_tested,FAM171A2
ENSG00000124733,MEA1,male-enhanced antigen 1,MC1_vs_CTR,169.6031042448252,-1.0755687832845642,0.357322200276624,-3.0100810485659824,0.0026117798591374,0.0216022213444939,True,up_in_CTR,dimgrey,dimgrey,10,1.0755687832845642,True,True,down_in_tested,MEA1
ENSG00000147400,CETN2,centrin 2,MC1_vs_CTR,480.6723821035423,1.1580665695308676,0.3893464893837532,2.9743855437449125,0.0029357595497299,0.0232571410201079,True,up_in_MC1,dimgrey,dimgrey,10,1.1580665695308676,True,True,up_in_tested,CETN2
ENSG00000109501,WFS1,wolframin ER transmembrane glycoprotein,MC1_vs_CTR,179.2462073301298,1.0039884847362468,0.338893554360229,2.962548186056825,0.0030510405013762,0.0239289143772784,True,up_in_MC1,white,white,28,1.0039884847362468,True,True,up_in_tested,WFS1
ENSG00000156675,RAB11FIP1,RAB11 family interacting protein 1,MC1_vs_CTR,140.82996085393327,1.0373445136506714,0.3514999121252388,2.951194233246542,0.0031654778832012,0.0245372079154638,True,up_in_MC1,dimgrey,dimgrey,10,1.0373445136506714,True,True,up_in_tested,RAB11FIP1
ENSG00000198894,CIPC,CLOCK interacting pacemaker,MC1_vs_CTR,92.8714184837407,-1.092855875510622,0.3706907163688365,-2.9481608987024983,0.0031967063642009,0.0247343722713934,True,up_in_CTR,dimgrey,dimgrey,10,1.092855875510622,True,True,down_in_tested,CIPC
ENSG00000144560,VGLL4,vestigial like family member 4,MC1_vs_CTR,168.50876167872457,1.0280562682064551,0.3493189122442237,2.9430306581502728,0.003250162298103,0.0250581709322499,True,up_in_MC1,darkgrey,darkgrey,7,1.0280562682064551,True,True,up_in_tested,VGLL4
ENSG00000171443,ZNF524,zinc finger protein 524,MC1_vs_CTR,117.52917716931228,1.1273058648464978,0.3834184153533183,2.940145333936792,0.0032805833201587,0.0252476265325939,True,up_in_MC1,darkgrey,darkgrey,7,1.1273058648464978,True,True,up_in_tested,ZNF524
ENSG00000176971,FIBIN,fin bud initiation factor homolog,MC1_vs_CTR,88.82916937907605,1.2517643109447902,0.4276662947894965,2.9269650804745475,0.0034228730970694,0.0259495251915665,True,up_in_MC1,darkgrey,darkgrey,7,1.2517643109447902,True,True,up_in_tested,FIBIN
ENSG00000198899,MT-ATP6,ATP synthase F0 subunit 6,MC1_vs_CTR,130755.93896360642,-1.0291078465932926,0.3605538945990035,-2.8542413825201725,0.0043139739663769,0.0311010172758391,True,up_in_CTR,dimgrey,dimgrey,10,1.0291078465932926,True,True,down_in_tested,MT-ATP6
ENSG00000085733,CTTN,cortactin,MC1_vs_CTR,119.59455227197408,1.00664573181202,0.3558030048560003,2.829222120311848,0.0046661301556273,0.0328111025194154,True,up_in_MC1,gainsboro,gainsboro,12,1.00664573181202,True,True,up_in_tested,CTTN
ENSG00000151332,MBIP,MAP3K12 binding inhibitory protein 1,MC1_vs_CTR,103.1566822529376,-1.3048041041142195,0.4733144363989339,-2.7567384465207034,0.0058381029319327,0.0382488761891042,True,up_in_CTR,mistyrose,mistyrose,17,1.3048041041142195,True,True,down_in_tested,MBIP
ENSG00000132005,RFX1,regulatory factor X1,MC1_vs_CTR,104.31687482581202,1.2365977067462703,0.4558439332935082,2.712765524401641,0.006672430114175,0.0420458306196998,True,up_in_MC1,gainsboro,gainsboro,12,1.2365977067462703,True,True,up_in_tested,RFX1
ENSG00000275835,TUBGCP5,tubulin gamma complex component 5,MC1_vs_CTR,94.24518172925036,1.171076717815827,0.4402716347220389,2.659895903934794,0.0078164805409336,0.0473319140750085,True,up_in_MC1,gainsboro,gainsboro,12,1.171076717815827,True,True,up_in_tested,TUBGCP5
ENSG00000123552,USP45,ubiquitin specific peptidase 45,MC1_vs_CTR,105.22715502608726,1.0994901190713475,0.4161908185027054,2.641793307759384,0.008246836646652,0.0489089522279122,True,up_in_MC1,gainsboro,gainsboro,12,1.0994901190713475,True,True,up_in_tested,USP45
ENSG00000128567,PODXL,podocalyxin like,MC1_vs_CTR,90.41909956036174,-1.1827078412213514,0.4577424833485724,-2.583784298475777,0.009772288996398,0.0548499068151712,False,up_in_CTR,dimgrey,dimgrey,10,1.1827078412213514,True,True,down_in_tested,PODXL
ENSG00000100911,PSME2,proteasome activator subunit 2,MC1_vs_CTR,180.80351579731328,-1.4359629486811674,0.5559488619443149,-2.5829047363442514,0.0097972371193817,0.0548632571503641,False,up_in_CTR,dimgrey,dimgrey,10,1.4359629486811674,True,True,down_in_tested,PSME2
ENSG00000148300,REXO4,RNA exonuclease 4,MC1_vs_CTR,92.15756356188176,1.2439738170681651,0.4854586116123536,2.562471418390448,0.0103930141570946,0.0572424903677865,False,up_in_MC1,gainsboro,gainsboro,12,1.2439738170681651,True,True,up_in_tested,REXO4
ENSG00000049860,HEXB,hexosaminidase subunit beta,MC1_vs_CTR,416.1838296846243,-1.0359705588006909,0.4052293393825421,-2.5565043251291346,0.010572975667471,0.0577613398158679,False,up_in_CTR,dimgrey,dimgrey,10,1.0359705588006909,True,True,down_in_tested,HEXB
ENSG00000137720,CFAP68,cilia and flagella associated protein 68,MC1_vs_CTR,94.20514821841304,-1.0614781544404015,0.4301636361370258,-2.467614798807109,0.0136016599675193,0.0683248015238682,False,up_in_CTR,dimgrey,dimgrey,10,1.0614781544404015,True,True,down_in_tested,CFAP68
ENSG00000126581,BECN1,beclin 1,MC1_vs_CTR,87.06818878836987,1.259262831992095,0.5508975540172926,2.285838488134887,0.0222637091179215,0.0953709928076529,False,up_in_MC1,darkgrey,darkgrey,7,1.259262831992095,True,True,up_in_tested,BECN1
ENSG00000197050,ZNF420,zinc finger protein 420,MC1_vs_CTR,107.2942728999178,1.0369230056156546,0.4564332964087523,2.271795273864186,0.0230988784530236,0.0976303550865682,False,up_in_MC1,darkgrey,darkgrey,7,1.0369230056156546,True,True,up_in_tested,ZNF420
ENSG00000147133,TAF1,TATA-box binding protein associated factor 1,MD1_vs_CTR,1810.4761484837784,1.3744958539270538,0.192870027941833,7.126539403735572,1.029237836032707e-12,2.594879714909407e-09,True,up_in_MD1,darkgrey,darkgrey,7,1.3744958539270538,True,True,up_in_tested,TAF1
ENSG00000034152,MAP2K3,mitogen-activated protein kinase kinase 3,MD1_vs_CTR,7660.372208370863,1.043857164811579,0.1470766146566444,7.097370083262391,1.2715323851081254e-12,2.594879714909407e-09,True,up_in_MD1,darkgrey,darkgrey,7,1.043857164811579,True,True,up_in_tested,MAP2K3
ENSG00000169607,CKAP2L,cytoskeleton associated protein 2L,MD1_vs_CTR,1754.8619375331546,-1.0889094412398992,0.162403987047048,-6.704942785206651,2.014852968104433e-11,3.289448955727297e-08,True,up_in_CTR,dimgrey,dimgrey,10,1.0889094412398992,True,True,down_in_tested,CKAP2L
ENSG00000185112,FAM43A,family with sequence similarity 43 member A,MD1_vs_CTR,1161.6775496484256,1.1628372892773622,0.1886895769730087,6.162700176299093,7.151483843463559e-10,4.624193631789457e-07,True,up_in_MD1,darkgrey,darkgrey,7,1.1628372892773622,True,True,up_in_tested,FAM43A
ENSG00000166908,PIP4K2C,phosphatidylinositol-5-phosphate 4-kinase type 2 gamma,MD1_vs_CTR,444.168987248405,1.4132797023263135,0.2395068483893906,5.90079036081925,3.6176434082416324e-09,1.5496288136544375e-06,True,up_in_MD1,darkgrey,darkgrey,7,1.4132797023263135,True,True,up_in_tested,PIP4K2C
ENSG00000080986,NDC80,NDC80 kinetochore complex component,MD1_vs_CTR,810.8313545498535,-1.0630627356110234,0.1812712301043185,-5.864486796935448,4.5052394196796805e-09,1.6455055001697573e-06,True,up_in_CTR,dimgrey,dimgrey,10,1.0630627356110234,True,True,down_in_tested,NDC80
ENSG00000221823,PPP3R1,"protein phosphatase 3 regulatory subunit B, alpha",MD1_vs_CTR,3062.339934357226,1.0362157546546518,0.1770506206894675,5.852652482207846,4.837943403659705e-09,1.6455055001697573e-06,True,up_in_MD1,darkgrey,darkgrey,7,1.0362157546546518,True,True,up_in_tested,PPP3R1
ENSG00000087460,GNAS,GNAS complex locus,MD1_vs_CTR,5336.872231517368,-1.017765763304462,0.1744826939515551,-5.833047050425777,5.442421308708342e-09,1.7003606221122858e-06,True,up_in_CTR,dimgrey,dimgrey,10,1.017765763304462,True,True,down_in_tested,GNAS
ENSG00000197728,RPS26,ribosomal protein S26,MD1_vs_CTR,3114.912091489919,-1.4522312690202943,0.252134001893819,-5.7597597234500375,8.42337556470805e-09,2.362103200651514e-06,True,up_in_CTR,dimgrey,dimgrey,10,1.4522312690202943,True,True,down_in_tested,RPS26
ENSG00000125351,UPF3B,UPF3B regulator of nonsense mediated mRNA decay,MD1_vs_CTR,723.7600029530323,-1.1192506205609518,0.1950993040857222,-5.73682528395477,9.64676799492515e-09,2.3870019655120183e-06,True,up_in_CTR,dimgrey,dimgrey,10,1.1192506205609518,True,True,down_in_tested,UPF3B
ENSG00000214357,NEURL1B,neuralized E3 ubiquitin protein ligase 1B,MD1_vs_CTR,1332.745787913101,1.1279002341493811,0.1968046460840549,5.731065076927387,9.9801964468873e-09,2.396127752821796e-06,True,up_in_MD1,dimgrey,dimgrey,10,1.1279002341493811,True,True,up_in_tested,NEURL1B
ENSG00000162878,PKDCC,"protein kinase domain containing, cytoplasmic",MD1_vs_CTR,815.8019905933106,1.0229887940366265,0.1807495743908617,5.659702367124059,1.5163574621186315e-08,3.257375253493261e-06,True,up_in_MD1,darkgrey,darkgrey,7,1.0229887940366265,True,True,up_in_tested,PKDCC
ENSG00000004478,FKBP4,FKBP prolyl isomerase 4,MD1_vs_CTR,290.65531224709986,-1.1920903958831344,0.22083610593141,-5.398077415173171,6.735880386111409e-08,1.018240585033841e-05,True,up_in_CTR,dimgrey,dimgrey,10,1.1920903958831344,True,True,down_in_tested,FKBP4
ENSG00000134697,GNL2,G protein nucleolar 2,MD1_vs_CTR,952.8975123807236,-1.2011693055966268,0.2282731609813336,-5.261982181491976,1.4251058077360605e-07,1.876312694927332e-05,True,up_in_CTR,gainsboro,gainsboro,12,1.2011693055966268,True,True,down_in_tested,GNL2
ENSG00000164896,FASTK,Fas activated serine/threonine kinase,MD1_vs_CTR,1819.0409885827448,1.0437121811999213,0.1992476761315442,5.238265265943968,1.6209297018343556e-07,2.0674451806365384e-05,True,up_in_MD1,darkgrey,darkgrey,7,1.0437121811999213,True,True,up_in_tested,FASTK
ENSG00000111364,DDX55,DEAD-box helicase 55,MD1_vs_CTR,209.0052440626501,-1.2811782292352984,0.2453088349334239,-5.222715397034135,1.7631827485488652e-07,2.2142862732929827e-05,True,up_in_CTR,dimgrey,dimgrey,10,1.2811782292352984,True,True,down_in_tested,DDX55
ENSG00000114315,HES1,hes family bHLH transcription factor 1,MD1_vs_CTR,507.36616844999145,-1.2365840627666405,0.2403817094133306,-5.144251889150033,2.685889603091281e-07,3.132130975719161e-05,True,up_in_CTR,dimgrey,dimgrey,10,1.2365840627666405,True,True,down_in_tested,HES1
ENSG00000143398,PIP5K1A,phosphatidylinositol-4-phosphate 5-kinase type 1 alpha,MD1_vs_CTR,866.6648518673825,1.0359906377509744,0.2044304917845044,5.0676913639822345,4.026696060480562e-07,4.2140923002183113e-05,True,up_in_MD1,darkgrey,darkgrey,7,1.0359906377509744,True,True,up_in_tested,PIP5K1A
ENSG00000137216,TMEM63B,transmembrane protein 63B,MD1_vs_CTR,536.7499796491043,1.1905343398228705,0.2404765345084198,4.950729776011415,7.393570531721798e-07,6.510123858562075e-05,True,up_in_MD1,darkgrey,darkgrey,7,1.1905343398228705,True,True,up_in_tested,TMEM63B
ENSG00000188735,TMEM120B,transmembrane protein 120B,MD1_vs_CTR,381.2160454789405,1.1500508202292077,0.2332801516156349,4.929912863414517,8.226630205470727e-07,6.886134417155066e-05,True,up_in_MD1,darkgrey,darkgrey,7,1.1500508202292077,True,True,up_in_tested,TMEM120B
ENSG00000101825,MXRA5,matrix remodeling associated 5,MD1_vs_CTR,302.2577859980744,1.0616470409431762,0.2153495206570596,4.929878820737339,8.228063860950615e-07,6.886134417155066e-05,True,up_in_MD1,darkgrey,darkgrey,7,1.0616470409431762,True,True,up_in_tested,MXRA5
ENSG00000198763,MT-ND2,NADH dehydrogenase subunit 2,MD1_vs_CTR,37494.99886582763,-1.3581876470614385,0.2780654897354586,-4.884416431372223,1.0373562720438587e-06,8.221300241450503e-05,True,up_in_CTR,gainsboro,gainsboro,12,1.3581876470614385,True,True,down_in_tested,MT-ND2
ENSG00000125863,MKKS,MKKS centrosomal shuttling protein,MD1_vs_CTR,119.93009058047936,-1.910297908869464,0.39508952827734,-4.835101343228962,1.3307781978044168e-06,9.699234311319155e-05,True,up_in_CTR,dimgrey,dimgrey,10,1.910297908869464,True,True,down_in_tested,MKKS
ENSG00000196700,ZNF512B,zinc finger protein 512B,MD1_vs_CTR,211.4289050453906,1.5877345788366632,0.3285411157092978,4.832681521181459,1.3470619119554788e-06,9.73103220114387e-05,True,up_in_MD1,darkgrey,darkgrey,7,1.5877345788366632,True,True,up_in_tested,ZNF512B
ENSG00000111875,ASF1A,anti-silencing function 1A histone chaperone,MD1_vs_CTR,194.0957574042168,-1.213108265184569,0.2519240063474012,-4.815373821547211,1.4692457946961604e-06,0.0001021701418289,True,up_in_CTR,dimgrey,dimgrey,10,1.213108265184569,True,True,down_in_tested,ASF1A
ENSG00000080824,HSP90AA1,heat shock protein 90 alpha family class A member 1,MD1_vs_CTR,37167.92366638543,-1.0359277247177878,0.2151757152066923,-4.814333828158544,1.476917399952482e-06,0.0001021701418289,True,up_in_CTR,gainsboro,gainsboro,12,1.0359277247177878,True,True,down_in_tested,HSP90AA1
ENSG00000153006,SREK1IP1,SREK1 interacting protein 1,MD1_vs_CTR,1110.5990416348648,-1.3206768678767125,0.2768450046746539,-4.770455834768489,1.838094854344988e-06,0.0001250364024668,True,up_in_CTR,dimgrey,dimgrey,10,1.3206768678767125,True,True,down_in_tested,SREK1IP1
ENSG00000168010,ATG16L2,autophagy related 16 like 2,MD1_vs_CTR,225.36487115861613,1.2429950387184798,0.2616458029056231,4.750678302173393,2.027354414129329e-06,0.0001323943526603,True,up_in_MD1,darkgrey,darkgrey,7,1.2429950387184798,True,True,up_in_tested,ATG16L2
ENSG00000030582,GRN,granulin precursor,MD1_vs_CTR,3583.315617995248,1.0507908828066124,0.2263822245739213,4.64166691878891,3.4560966421978044e-06,0.0002057832179274,True,up_in_MD1,darkgrey,darkgrey,7,1.0507908828066124,True,True,up_in_tested,GRN
ENSG00000166716,ZNF592,zinc finger protein 592,MD1_vs_CTR,366.3339685618072,1.065068414892817,0.2308125683717217,4.6144298917792606,3.94175799446297e-06,0.0002282026277219,True,up_in_MD1,darkgrey,darkgrey,7,1.065068414892817,True,True,up_in_tested,ZNF592
ENSG00000174705,SH3PXD2B,SH3 and PX domains 2B,MD1_vs_CTR,329.8011167088069,1.1366175114858348,0.2499994094860803,4.546480784984095,5.455034755553982e-06,0.000298855360467,True,up_in_MD1,darkgrey,darkgrey,7,1.1366175114858348,True,True,up_in_tested,SH3PXD2B
ENSG00000151461,UPF2,UPF2 regulator of nonsense mediated mRNA decay,MD1_vs_CTR,935.0864092463283,-1.0404907770852128,0.2307328793867827,-4.50950371637765,6.49794564174326e-06,0.0003400175017535,True,up_in_CTR,gainsboro,gainsboro,12,1.0404907770852128,True,True,down_in_tested,UPF2
ENSG00000150779,TIMM8B,translocase of inner mitochondrial membrane 8 homolog B,MD1_vs_CTR,573.3588111418472,-1.2241138907000002,0.2719184821671691,-4.501767886257336,6.739055612983792e-06,0.0003459805721307,True,up_in_CTR,dimgrey,dimgrey,10,1.2241138907000002,True,True,down_in_tested,TIMM8B
ENSG00000136104,RNASEH2B,ribonuclease H2 subunit B,MD1_vs_CTR,280.2221014742261,-1.0207191155929445,0.230039222912449,-4.437152511080344,9.115670979303643e-06,0.0004320082705933,True,up_in_CTR,dimgrey,dimgrey,10,1.0207191155929445,True,True,down_in_tested,RNASEH2B
ENSG00000166851,PLK1,polo like kinase 1,MD1_vs_CTR,218.0474246819525,-1.4779059846711304,0.3360511553840022,-4.397860150137983,1.0932338127996666e-05,0.0004850036746675,True,up_in_CTR,dimgrey,dimgrey,10,1.4779059846711304,True,True,down_in_tested,PLK1
ENSG00000161011,SQSTM1,sequestosome 1,MD1_vs_CTR,322.0566306755036,2.2254772977681223,0.5064003614595237,4.394699267895375,1.1092621027253695e-05,0.0004894544078133,True,up_in_MD1,dimgrey,dimgrey,10,2.2254772977681223,True,True,up_in_tested,SQSTM1
ENSG00000108384,RAD51C,RAD51 paralog C,MD1_vs_CTR,348.5515482575818,-1.008201905442725,0.2296960215197788,-4.389287627935296,1.1372257509383636e-05,0.0004964264066796,True,up_in_CTR,dimgrey,dimgrey,10,1.008201905442725,True,True,down_in_tested,RAD51C
ENSG00000198888,MT-ND1,NADH dehydrogenase subunit 1,MD1_vs_CTR,38618.69869721848,-1.33200745698376,0.3126721016529047,-4.260077729807863,2.043558225234484e-05,0.0007905955351937,True,up_in_CTR,dimgrey,dimgrey,10,1.33200745698376,True,True,down_in_tested,MT-ND1
ENSG00000137193,PIM1,"Pim-1 proto-oncogene, serine/threonine kinase",MD1_vs_CTR,321.1353262732337,1.1870303946319527,0.2801215625051063,4.237554524601492,2.2596755429891685e-05,0.0008422708428045,True,up_in_MD1,darkgrey,darkgrey,7,1.1870303946319527,True,True,up_in_tested,PIM1
ENSG00000187961,KLHL17,kelch like family member 17,MD1_vs_CTR,279.9288110407162,1.129780620192829,0.2693766690989042,4.194055201484503,2.740112537868681e-05,0.0009810323967816,True,up_in_MD1,darkgrey,darkgrey,7,1.129780620192829,True,True,up_in_tested,KLHL17
ENSG00000130513,GDF15,growth differentiation factor 15,MD1_vs_CTR,1647.6644568469526,1.0522024370741507,0.2515273766473117,4.183252141771966,2.873683671782429e-05,0.001019907817946,True,up_in_MD1,dimgrey,dimgrey,10,1.0522024370741507,True,True,up_in_tested,GDF15
ENSG00000196712,NF1,neurofibromin 1,MD1_vs_CTR,660.1743600950936,1.1094634415139084,0.2684602053304444,4.132692367378188,3.585384674084404e-05,0.001214312620919,True,up_in_MD1,gainsboro,gainsboro,12,1.1094634415139084,True,True,up_in_tested,NF1
ENSG00000205639,MFSD2B,"MFSD2 lysolipid transporter B, sphingolipid",MD1_vs_CTR,276.74837933771136,1.044581799619419,0.2530484130857092,4.127991900370514,3.65945001526517e-05,0.001214312620919,True,up_in_MD1,darkgrey,darkgrey,7,1.044581799619419,True,True,up_in_tested,MFSD2B
ENSG00000142669,SH3BGRL3,SH3 domain binding glutamate rich protein like 3,MD1_vs_CTR,685.4690517344625,-1.4074923256966154,0.3453764913997796,-4.075240674291921,4.5966781656542735e-05,0.0014172488226647,True,up_in_CTR,dimgrey,dimgrey,10,1.4074923256966154,True,True,down_in_tested,SH3BGRL3
ENSG00000125746,EML2,EMAP like 2,MD1_vs_CTR,1368.2437222800636,1.2651993213051944,0.3150794301039894,4.01549323891955,5.932159953024355e-05,0.0016872551113776,True,up_in_MD1,dimgrey,dimgrey,10,1.2651993213051944,True,True,up_in_tested,EML2
ENSG00000184983,NDUFA6,NADH:ubiquinone oxidoreductase subunit A6,MD1_vs_CTR,502.2321048088789,-1.401675032642158,0.355119935125065,-3.94704688191757,7.91210684063533e-05,0.0021037957048894,True,up_in_CTR,dimgrey,dimgrey,10,1.401675032642158,True,True,down_in_tested,NDUFA6
ENSG00000112624,BICRAL,BICRA like chromatin remodeling complex associated protein,MD1_vs_CTR,138.43886394928666,1.29280851500343,0.3288794071911152,3.9309500282946126,8.46108586337274e-05,0.0021719447768148,True,up_in_MD1,darkgrey,darkgrey,7,1.29280851500343,True,True,up_in_tested,BICRAL
ENSG00000104722,NEFM,neurofilament medium chain,MD1_vs_CTR,363.8754967660864,-1.0350014484165482,0.2651526480432802,-3.903417356207612,9.48439454279786e-05,0.0023263226120517,True,up_in_CTR,gainsboro,gainsboro,12,1.0350014484165482,True,True,down_in_tested,NEFM
ENSG00000225614,ZNF469,zinc finger protein 469,MD1_vs_CTR,183.25181509167703,1.1199838041641084,0.2880743221378823,3.887829348525016,0.0001011446954127,0.0024157592665093,True,up_in_MD1,dimgrey,dimgrey,10,1.1199838041641084,True,True,up_in_tested,ZNF469
ENSG00000161970,RPL26,ribosomal protein L26,MD1_vs_CTR,3058.7238973352446,-1.3342681981798536,0.3460915402514927,-3.85524649695363,0.0001156130785123,0.0026811067042501,True,up_in_CTR,dimgrey,dimgrey,10,1.3342681981798536,True,True,down_in_tested,RPL26
ENSG00000100823,APEX1,apurinic/apyrimidinic endodeoxyribonuclease 1,MD1_vs_CTR,255.79944014793568,1.9394922940547024,0.505533578307048,3.836525163273536,0.0001247874153727,0.0028374364113856,True,up_in_MD1,dimgrey,dimgrey,10,1.9394922940547024,True,True,up_in_tested,APEX1
ENSG00000175567,UCP2,uncoupling protein 2,MD1_vs_CTR,124.77033218295514,-1.1846948423566903,0.3094772774778266,-3.828051131933494,0.0001291619275173,0.002920633834692,True,up_in_CTR,darkgrey,darkgrey,7,1.1846948423566903,True,True,down_in_tested,UCP2
ENSG00000177352,CCDC71,coiled-coil domain containing 71,MD1_vs_CTR,392.60740839049714,1.150720841508959,0.3024466343371765,3.80470704866929,0.0001419721153565,0.0030822297278075,True,up_in_MD1,dimgrey,dimgrey,10,1.150720841508959,True,True,up_in_tested,CCDC71
ENSG00000112305,SMAP1,small ArfGAP 1,MD1_vs_CTR,379.9911133083613,-1.0098939598304422,0.2678295421869522,-3.7706593215378335,0.0001628168168971,0.0033736866095021,True,up_in_CTR,dimgrey,dimgrey,10,1.0098939598304422,True,True,down_in_tested,SMAP1
ENSG00000288722,F8A1,coagulation factor VIII associated 1,MD1_vs_CTR,220.54545447991896,-1.2591516911607077,0.3416457562653213,-3.685547582750753,0.0002282114380038,0.0042923731991373,True,up_in_CTR,dimgrey,dimgrey,10,1.2591516911607077,True,True,down_in_tested,F8A1
ENSG00000117118,SDHB,succinate dehydrogenase complex iron sulfur subunit B,MD1_vs_CTR,247.34833922582425,-1.0958268684484778,0.2984672810988288,-3.67151422566022,0.0002411176544596,0.004460077300934,True,up_in_CTR,dimgrey,dimgrey,10,1.0958268684484778,True,True,down_in_tested,SDHB
ENSG00000156469,MTERF3,mitochondrial transcription termination factor 3,MD1_vs_CTR,112.78747990330052,-1.2196751393053136,0.3353873443072053,-3.636616467519793,0.0002762427700481,0.0049416737285958,True,up_in_CTR,dimgrey,dimgrey,10,1.2196751393053136,True,True,down_in_tested,MTERF3
ENSG00000184009,ACTG1,actin gamma 1,MD1_vs_CTR,170.77545843947095,-1.1368187605259337,0.3161826236368404,-3.5954498303855424,0.0003238315338915,0.0055651301287513,True,up_in_CTR,dimgrey,dimgrey,10,1.1368187605259337,True,True,down_in_tested,ACTG1
ENSG00000072134,EPN2,epsin 2,MD1_vs_CTR,244.3917238055868,1.280320784012837,0.3580409750741273,3.575905757009417,0.00034901737799,0.0058621992932771,True,up_in_MD1,gainsboro,gainsboro,12,1.280320784012837,True,True,up_in_tested,EPN2
ENSG00000186468,RPS23,ribosomal protein S23,MD1_vs_CTR,2052.0169333825056,-1.009410538142741,0.2874349168615669,-3.5117881611748945,0.0004451026342195,0.0070197018758402,True,up_in_CTR,dimgrey,dimgrey,10,1.009410538142741,True,True,down_in_tested,RPS23
ENSG00000184898,RBM43,RNA binding motif protein 43,MD1_vs_CTR,212.334283680408,1.0403256094639313,0.2968152324193162,3.5049603114514167,0.0004566753564598,0.0071380784768566,True,up_in_MD1,gainsboro,gainsboro,12,1.0403256094639313,True,True,up_in_tested,RBM43
ENSG00000157680,DGKI,diacylglycerol kinase iota,MD1_vs_CTR,116.65442099855312,1.234177365760909,0.3526590384145109,3.499633445691736,0.0004658983398295,0.0072302816502446,True,up_in_MD1,darkgrey,darkgrey,7,1.234177365760909,True,True,up_in_tested,DGKI
ENSG00000157766,ACAN,aggrecan,MD1_vs_CTR,144.7941596118124,1.3219153907900985,0.3791834796861492,3.48621567554644,0.0004899058549341,0.0075021622464327,True,up_in_MD1,dimgrey,dimgrey,10,1.3219153907900985,True,True,up_in_tested,ACAN
ENSG00000136274,NACAD,NAC alpha domain containing,MD1_vs_CTR,126.84564183199689,1.1813258528117838,0.338902040811675,3.485744287589689,0.0004907698933719,0.0075021622464327,True,up_in_MD1,darkgrey,darkgrey,7,1.1813258528117838,True,True,up_in_tested,NACAD
ENSG00000143870,PDIA6,protein disulfide isomerase family A member 6,MD1_vs_CTR,697.1733206252165,1.4146792729536777,0.4079960338900175,3.4673848651554025,0.0005255488296208,0.0079152308047876,True,up_in_MD1,gainsboro,gainsboro,12,1.4146792729536777,True,True,up_in_tested,PDIA6
ENSG00000122971,ACADS,acyl-CoA dehydrogenase short chain,MD1_vs_CTR,165.9916150445473,1.0848278885978284,0.3155951669264845,3.4374033644518094,0.0005873202508945,0.0086539624694082,True,up_in_MD1,darkgrey,darkgrey,7,1.0848278885978284,True,True,up_in_tested,ACADS
ENSG00000138193,PLCE1,phospholipase C epsilon 1,MD1_vs_CTR,116.60936431215504,1.0108028834942833,0.2947384189893447,3.429491435016571,0.0006047135185995,0.0087834100575227,True,up_in_MD1,darkgrey,darkgrey,7,1.0108028834942833,True,True,up_in_tested,PLCE1
ENSG00000184432,COPB2,coat protein complex I subunit beta 2,MD1_vs_CTR,432.0330510191875,1.0046511405029046,0.3014125252734681,3.3331433044840995,0.000858707007079,0.0110736576600093,True,up_in_MD1,gainsboro,gainsboro,12,1.0046511405029046,True,True,up_in_tested,COPB2
ENSG00000170775,GPR37,G protein-coupled receptor 37,MD1_vs_CTR,245.23581651508007,1.0084212060963136,0.3045275297187215,3.311428713941716,0.0009282088567727,0.0116943734577147,True,up_in_MD1,darkgrey,darkgrey,7,1.0084212060963136,True,True,up_in_tested,GPR37
ENSG00000124733,MEA1,male-enhanced antigen 1,MD1_vs_CTR,169.6031042448252,-1.1738544947065064,0.3587889159893856,-3.271713373501297,0.001068978902045,0.0129852303235028,True,up_in_CTR,dimgrey,dimgrey,10,1.1738544947065064,True,True,down_in_tested,MEA1
ENSG00000151572,ANO4,anoctamin 4,MD1_vs_CTR,122.83314732380856,1.233928586201758,0.3797325563365953,3.2494674623263067,0.0011562130449728,0.0137360270294791,True,up_in_MD1,gainsboro,gainsboro,12,1.233928586201758,True,True,up_in_tested,ANO4
ENSG00000103043,VAC14,VAC14 component of PIKFYVE complex,MD1_vs_CTR,191.5653233022116,-1.0350755695666194,0.3214895338193205,-3.219624468858571,0.0012835862376496,0.0146215344359269,True,up_in_CTR,dimgrey,dimgrey,10,1.0350755695666194,True,True,down_in_tested,VAC14
ENSG00000198000,NOL8,nucleolar protein 8,MD1_vs_CTR,239.8110485870008,-1.1243067741516146,0.3504707770997437,-3.2079900739673874,0.0013366611171389,0.0150128038672306,True,up_in_CTR,dimgrey,dimgrey,10,1.1243067741516146,True,True,down_in_tested,NOL8
ENSG00000105700,KXD1,KxDL motif containing 1,MD1_vs_CTR,128.87865023119704,-1.1659386752950842,0.3680736898688052,-3.1676773086135745,0.0015366197600916,0.0165276388750725,True,up_in_CTR,dimgrey,dimgrey,10,1.1659386752950842,True,True,down_in_tested,KXD1
ENSG00000118181,RPS25,ribosomal protein S25,MD1_vs_CTR,2166.456982979321,-1.2464864390937946,0.3965791602175314,-3.14309616877012,0.0016717090735155,0.017517536799881,True,up_in_CTR,dimgrey,dimgrey,10,1.2464864390937946,True,True,down_in_tested,RPS25
ENSG00000166986,MARS1,methionyl-tRNA synthetase 1,MD1_vs_CTR,183.27374069121825,-1.0497958477643283,0.3347357879504092,-3.1361924405879624,0.0017115685395237,0.0178208341685364,True,up_in_CTR,dimgrey,dimgrey,10,1.0497958477643283,True,True,down_in_tested,MARS1
ENSG00000198899,MT-ATP6,ATP synthase F0 subunit 6,MD1_vs_CTR,130755.93896360642,-1.1296008221412133,0.3605554799180823,-3.132945926651446,0.0017306132158474,0.0179504392388347,True,up_in_CTR,dimgrey,dimgrey,10,1.1296008221412133,True,True,down_in_tested,MT-ATP6
ENSG00000178773,CPNE7,copine 7,MD1_vs_CTR,517.3006260396572,1.2204064433072752,0.3902890701764544,3.1269295928669347,0.0017664222449402,0.0182061929109185,True,up_in_MD1,darkgrey,darkgrey,7,1.2204064433072752,True,True,up_in_tested,CPNE7
ENSG00000174917,MICOS13,mitochondrial contact site and cristae organizing system subunit 13,MD1_vs_CTR,434.58478843278846,-1.2510704604541532,0.400495356508986,-3.123807654998573,0.0017852711889186,0.018308000898421,True,up_in_CTR,dimgrey,dimgrey,10,1.2510704604541532,True,True,down_in_tested,MICOS13
ENSG00000163202,LCE3D,late cornified envelope 3D,MD1_vs_CTR,189.0820145410252,-1.187822863141213,0.3810764501318233,-3.117019859742887,0.001826892647883,0.0185715126832747,True,up_in_CTR,dimgrey,dimgrey,10,1.187822863141213,True,True,down_in_tested,LCE3D
ENSG00000167371,PRRT2,proline rich transmembrane protein 2,MD1_vs_CTR,192.3613398728556,1.0718070879110029,0.3529157774991619,3.037005303378787,0.0023894125179314,0.0225228341615174,True,up_in_MD1,darkgrey,darkgrey,7,1.0718070879110029,True,True,up_in_tested,PRRT2
ENSG00000168488,ATXN2L,ataxin 2 like,MD1_vs_CTR,335.16297106009887,1.58698367580209,0.5238877963688697,3.029243450222868,0.0024516703212394,0.0229351994017323,True,up_in_MD1,darkgrey,darkgrey,7,1.58698367580209,True,True,up_in_tested,ATXN2L
ENSG00000161835,TAMALIN,trafficking regulator and scaffold protein tamalin,MD1_vs_CTR,117.21012776648764,1.0449853593984253,0.3496812892274799,2.98839369331719,0.0028044804396547,0.0252170073490586,True,up_in_MD1,darkgrey,darkgrey,7,1.0449853593984253,True,True,up_in_tested,TAMALIN
ENSG00000166106,ADAMTS15,ADAM metallopeptidase with thrombospondin type 1 motif 15,MD1_vs_CTR,141.85595530829414,1.0073890322899974,0.3400866120669245,2.9621543352366864,0.0030549461286754,0.0266426551798905,True,up_in_MD1,darkgrey,darkgrey,7,1.0073890322899974,True,True,up_in_tested,ADAMTS15
ENSG00000163879,DNALI1,dynein axonemal light intermediate chain 1,MD1_vs_CTR,111.15489336848192,-1.1971711400510985,0.4053833099129494,-2.95318310047884,0.0031451534964619,0.0271681354408668,True,up_in_CTR,dimgrey,dimgrey,10,1.1971711400510985,True,True,down_in_tested,DNALI1
ENSG00000004777,ARHGAP33,Rho GTPase activating protein 33,MD1_vs_CTR,132.8792392993548,1.1264216742988713,0.3816175249963522,2.9517032120305227,0.0031602652231948,0.0272698150284777,True,up_in_MD1,darkgrey,darkgrey,7,1.1264216742988713,True,True,up_in_tested,ARHGAP33
ENSG00000115457,IGFBP2,insulin like growth factor binding protein 2,MD1_vs_CTR,121.42992210781009,1.170984376822262,0.4068887465333846,2.877898164544555,0.0040033434951781,0.0323878027265994,True,up_in_MD1,darkgrey,darkgrey,7,1.170984376822262,True,True,up_in_tested,IGFBP2
ENSG00000109944,JHY,junctional cadherin complex regulator,MD1_vs_CTR,144.30477462478063,-1.0247054110381295,0.3644489157774972,-2.8116571806835364,0.0049287003012927,0.0379198685762983,True,up_in_CTR,white,white,28,1.0247054110381295,True,True,down_in_tested,JHY
ENSG00000198324,PHETA1,PH domain containing endocytic trafficking adaptor 1,MD1_vs_CTR,138.876496878903,1.0433199818811414,0.3831643415601979,2.7229046879280863,0.0064710724092402,0.0455373828246793,True,up_in_MD1,darkgrey,darkgrey,7,1.0433199818811414,True,True,up_in_tested,PHETA1
ENSG00000079257,LXN,latexin,MD1_vs_CTR,121.9486841302833,-1.187032134371519,0.4535522230242633,-2.61718954094514,0.0088657096381242,0.0562758847402866,False,up_in_CTR,dimgrey,dimgrey,10,1.187032134371519,True,True,down_in_tested,LXN
ENSG00000288701,PRRC2B,proline rich coiled-coil 2B,MD1_vs_CTR,139.4425731969325,1.10251066480359,0.4278969326182101,2.576579967651468,0.009978312156368,0.061242828671002,False,up_in_MD1,darkgrey,darkgrey,7,1.10251066480359,True,True,up_in_tested,PRRC2B
ENSG00000253710,ALG11,"ALG11 alpha-1,2-mannosyltransferase",MD1_vs_CTR,286.0956995305089,1.1349912527407262,0.4840512308127407,2.344775057869457,0.0190385618571541,0.0946168445769307,False,up_in_MD1,gainsboro,gainsboro,12,1.1349912527407262,True,True,up_in_tested,ALG11
ENSG00000100911,PSME2,proteasome activator subunit 2,MD1_vs_CTR,180.80351579731328,-1.2857924772330949,0.5558718734814607,-2.313109438655522,0.020716622905914,0.0997697892513136,False,up_in_CTR,dimgrey,dimgrey,10,1.2857924772330949,True,True,down_in_tested,PSME2
ENSG00000114315,HES1,hes family bHLH transcription factor 1,MA100_vs_MA1,507.36616844999145,1.5401568182133123,0.2418372814609407,6.368566537422246,1.90802997347539e-10,1.2871570201064982e-06,True,up_in_MA100,dimgrey,dimgrey,10,1.5401568182133123,True,True,up_in_tested,HES1
ENSG00000243449,NICOL1,NELL2 interacting cell ontogeny regulator 1,MA100_vs_MA1,228.5748872151377,1.7338600165202704,0.2976695284731944,5.824781681261026,5.718730750523814e-09,1.9289278821516823e-05,True,up_in_MA100,gainsboro,gainsboro,12,1.7338600165202704,True,True,up_in_tested,NICOL1
ENSG00000099795,NDUFB7,NADH:ubiquinone oxidoreductase subunit B7,MA100_vs_MA1,950.8150786334278,1.0772253218148062,0.2052523975562162,5.248295925604311,1.5351256678087588e-07,0.0001955667664209,True,up_in_MA100,gainsboro,gainsboro,12,1.0772253218148062,True,True,up_in_tested,NDUFB7
ENSG00000170345,FOS,"Fos proto-oncogene, AP-1 transcription factor subunit",MA100_vs_MA1,286.38026975927204,1.532671333933528,0.293321400774419,5.225228469136624,1.7394020138243894e-07,0.0001955667664209,True,up_in_MA100,darkgrey,darkgrey,7,1.532671333933528,True,True,up_in_tested,FOS
ENSG00000204673,AKT1S1,AKT1 substrate 1,MA100_vs_MA1,766.4301514823159,1.0832696362042251,0.2455486402938406,4.41162954479369,1.0259554122141495e-05,0.0046140634738644,True,up_in_MA100,darkgrey,darkgrey,7,1.0832696362042251,True,True,up_in_tested,AKT1S1
ENSG00000086504,MRPL28,mitochondrial ribosomal protein L28,MA100_vs_MA1,258.12169511017527,1.250497762292745,0.3014926363321302,4.147689235484915,3.358478451294773e-05,0.0087139598586286,True,up_in_MA100,darkgrey,darkgrey,7,1.250497762292745,True,True,up_in_tested,MRPL28
ENSG00000261221,ZNF865,zinc finger protein 865,MA100_vs_MA1,308.60479211925525,1.2594886404186827,0.3080897560392152,4.088057508339773,4.350003306524672e-05,0.0091703507205673,True,up_in_MA100,darkgrey,darkgrey,7,1.2594886404186827,True,True,up_in_tested,ZNF865
ENSG00000178988,MRFAP1L1,Morf4 family associated protein 1 like 1,MA100_vs_MA1,3528.30973694977,1.2567665957246803,0.3129799274389646,4.01548625181328,5.932335713415587e-05,0.0093068690052794,True,up_in_MA100,darkgrey,darkgrey,7,1.2567665957246803,True,True,up_in_tested,MRFAP1L1
ENSG00000173641,HSPB7,heat shock protein family B (small) member 7,MA100_vs_MA1,283.1875582861836,1.0537317427805073,0.3191157663593634,3.3020359814935505,0.0009598575633564,0.0472642271708202,True,up_in_MA100,darkgrey,darkgrey,7,1.0537317427805073,True,True,up_in_tested,HSPB7
ENSG00000174917,MICOS13,mitochondrial contact site and cristae organizing system subunit 13,MA100_vs_MA1,434.58478843278846,1.2434497685736972,0.4003023116457233,3.10627676233401,0.0018945930093772,0.065208798169689,False,up_in_MA100,dimgrey,dimgrey,10,1.2434497685736972,True,True,up_in_tested,MICOS13
ENSG00000129932,DOHH,deoxyhypusine hydroxylase,MA100_vs_MA1,328.38547731203874,1.3100618015515189,0.4242599181294238,3.087875487572866,0.0020159291628553,0.0666640104540318,False,up_in_MA100,darkgrey,darkgrey,7,1.3100618015515189,True,True,up_in_tested,DOHH
ENSG00000142227,EMP3,epithelial membrane protein 3 (MAM blood group),MA100_vs_MA1,579.3131272155529,1.290545878992459,0.4322455484740826,2.985677662958836,0.0028295072253075,0.0801352674659749,False,up_in_MA100,dimgrey,dimgrey,10,1.290545878992459,True,True,up_in_tested,EMP3
ENSG00000088247,KHSRP,KH-type splicing regulatory protein,MC100_vs_MC1,15337.842456190008,-1.2854897610269318,0.1644875972675784,-7.815116655487251,5.491214964730232e-15,2.8892027536928115e-11,True,up_in_MC1,dimgrey,dimgrey,10,1.2854897610269318,True,True,down_in_tested,KHSRP
ENSG00000040275,SPDL1,spindle apparatus coiled-coil protein 1,MC100_vs_MC1,2053.584630920412,-1.3335132406044268,0.1721175749349684,-7.74768782971914,9.358085123756227e-15,3.282504325242893e-11,True,up_in_MC1,dimgrey,dimgrey,10,1.3335132406044268,True,True,down_in_tested,SPDL1
ENSG00000131747,TOP2A,DNA topoisomerase II alpha,MC100_vs_MC1,19915.80713610476,-1.1861397805459029,0.1572059028830874,-7.545135130377541,4.518187675055973e-14,8.642102235146583e-11,True,up_in_MC1,dimgrey,dimgrey,10,1.1861397805459029,True,True,down_in_tested,TOP2A
ENSG00000177469,CAVIN1,caveolae associated protein 1,MC100_vs_MC1,37010.12370449971,-1.0604084794958475,0.1407530184850333,-7.53382407645207,4.9275504524260676e-14,8.642102235146583e-11,True,up_in_MC1,darkgrey,darkgrey,7,1.0604084794958475,True,True,down_in_tested,CAVIN1
ENSG00000147133,TAF1,TATA-box binding protein associated factor 1,MC100_vs_MC1,1810.4761484837784,-1.4348529650545234,0.1928671122915363,-7.439593759695077,1.0099539754496493e-13,1.3402090357982539e-10,True,up_in_MC1,darkgrey,darkgrey,7,1.4348529650545234,True,True,down_in_tested,TAF1
ENSG00000089597,GANAB,glucosidase II alpha subunit,MC100_vs_MC1,4782.589328160444,-1.3667804896600984,0.1837457986407297,-7.438431244528782,1.0188798143481928e-13,1.3402090357982539e-10,True,up_in_MC1,darkgrey,darkgrey,7,1.3667804896600984,True,True,down_in_tested,GANAB
ENSG00000196396,PTPN1,protein tyrosine phosphatase non-receptor type 1,MC100_vs_MC1,3192.7096209888164,-1.1658290819383714,0.1574651967416127,-7.403725433064424,1.3241606907359416e-13,1.5482381054015902e-10,True,up_in_MC1,darkgrey,darkgrey,7,1.1658290819383714,True,True,down_in_tested,PTPN1
ENSG00000008441,NFIX,nuclear factor I X,MC100_vs_MC1,5189.567813353778,-1.2470783785994406,0.1746191813674328,-7.141703270131272,9.218142763238722e-13,8.81841057250555e-10,True,up_in_MC1,darkgrey,darkgrey,7,1.2470783785994406,True,True,down_in_tested,NFIX
ENSG00000168028,RPSA,ribosomal protein SA,MC100_vs_MC1,5151.861286618799,1.1562419520715033,0.1637752746012105,7.059929863570242,1.6658666457125037e-12,1.4608262260693895e-09,True,up_in_MC100,dimgrey,dimgrey,10,1.1562419520715033,True,True,up_in_tested,RPSA
ENSG00000159674,SPON2,spondin 2,MC100_vs_MC1,16014.627214830864,-1.0306594670801883,0.1467521171443495,-7.023131843927015,2.1694930908760884e-12,1.7561212150222363e-09,True,up_in_MC1,darkgrey,darkgrey,7,1.0306594670801883,True,True,down_in_tested,SPON2
ENSG00000156508,EEF1A1,eukaryotic translation elongation factor 1 alpha 1,MC100_vs_MC1,16866.293433799718,1.1586635177047184,0.1658057706961422,6.988077150994342,2.786791400750133e-12,2.0946718507209747e-09,True,up_in_MC100,mistyrose,mistyrose,17,1.1586635177047184,True,True,up_in_tested,EEF1A1
ENSG00000197958,RPL12,ribosomal protein L12,MC100_vs_MC1,5865.852436328154,1.1977741878982109,0.1738600207957723,6.889301993729751,5.6066803400987695e-12,3.933273147923957e-09,True,up_in_MC100,dimgrey,dimgrey,10,1.1977741878982109,True,True,up_in_tested,RPL12
ENSG00000126950,TMEM35A,transmembrane protein 35A,MC100_vs_MC1,1030.5756282938896,-1.0910604383839488,0.158773651278273,-6.871797868222563,6.339774554240215e-12,4.169590477141862e-09,True,up_in_MC1,darkgrey,darkgrey,7,1.0910604383839488,True,True,down_in_tested,TMEM35A
ENSG00000129245,FXR2,FMR1 autosomal homolog 2,MC100_vs_MC1,1798.556600262563,-1.1493089868120694,0.1677754674178903,-6.850280344917195,7.370540316028765e-12,4.562364455621805e-09,True,up_in_MC1,darkgrey,darkgrey,7,1.1493089868120694,True,True,down_in_tested,FXR2
ENSG00000125844,RRBP1,ribosome binding protein 1,MC100_vs_MC1,6798.541616970312,-1.154899948168559,0.1701315225808142,-6.788277273072481,1.1348039939975779e-11,6.634190238242506e-09,True,up_in_MC1,dimgrey,dimgrey,10,1.154899948168559,True,True,down_in_tested,RRBP1
ENSG00000153140,CETN3,centrin 3,MC100_vs_MC1,3844.045427066833,-1.5958227129028706,0.235648834527705,-6.772037366962877,1.2698132993416132e-11,7.032760709985156e-09,True,up_in_MC1,dimgrey,dimgrey,10,1.5958227129028706,True,True,down_in_tested,CETN3
ENSG00000070614,NDST1,N-deacetylase and N-sulfotransferase 1,MC100_vs_MC1,4072.7930544885858,-1.1066610058542146,0.1641663553288489,-6.74109505347434,1.571973199889698e-11,7.788464232700058e-09,True,up_in_MC1,darkgrey,darkgrey,7,1.1066610058542146,True,True,down_in_tested,NDST1
ENSG00000051128,HOMER3,homer scaffold protein 3,MC100_vs_MC1,1973.4135357741288,-1.251795650726758,0.1860157787290666,-6.72951326645256,1.7023156642792108e-11,7.788464232700058e-09,True,up_in_MC1,dimgrey,dimgrey,10,1.251795650726758,True,True,down_in_tested,HOMER3
ENSG00000122565,CBX3,chromobox 3,MC100_vs_MC1,10607.247831257297,-1.0770858747489371,0.1605691796953923,-6.707924128355282,1.974125204117574e-11,8.309487809171693e-09,True,up_in_MC1,dimgrey,dimgrey,10,1.0770858747489371,True,True,down_in_tested,CBX3
ENSG00000136295,TTYH3,tweety family member 3,MC100_vs_MC1,2235.948871934839,-1.0004258543005808,0.150300901667292,-6.656153377676575,2.810869266222228e-11,1.13764528032525e-08,True,up_in_MC1,darkgrey,darkgrey,7,1.0004258543005808,True,True,down_in_tested,TTYH3
ENSG00000198858,R3HDM4,R3H domain containing 4,MC100_vs_MC1,583.7607344761011,-1.6499154024875988,0.2497693137656008,-6.605757038816958,3.954910530537633e-11,1.5413897597350933e-08,True,up_in_MC1,darkgrey,darkgrey,7,1.6499154024875988,True,True,down_in_tested,R3HDM4
ENSG00000134419,RPS15A,ribosomal protein S15a,MC100_vs_MC1,4715.482206051732,1.1005439542290745,0.1668820739496604,6.594740394711601,4.260006251808073e-11,1.5992769405270956e-08,True,up_in_MC100,dimgrey,dimgrey,10,1.1005439542290745,True,True,up_in_tested,RPS15A
ENSG00000159202,UBE2Z,ubiquitin conjugating enzyme E2 Z,MC100_vs_MC1,2393.4921894892345,-1.2746049503678356,0.1939566967156749,-6.571595474407904,4.977895114197366e-11,1.689754525377383e-08,True,up_in_MC1,dimgrey,dimgrey,10,1.2746049503678356,True,True,down_in_tested,UBE2Z
ENSG00000172663,TMEM134,transmembrane protein 134,MC100_vs_MC1,402.3700132532575,-1.008632907175773,0.1583616223870551,-6.369175132031365,1.900475050248769e-10,5.405053771288594e-08,True,up_in_MC1,darkgrey,darkgrey,7,1.008632907175773,True,True,down_in_tested,TMEM134
ENSG00000061273,HDAC7,histone deacetylase 7,MC100_vs_MC1,1923.7948743669504,-1.2258839027415491,0.1930250421157801,-6.350906023925333,2.140504495172448e-10,5.92750757965781e-08,True,up_in_MC1,dimgrey,dimgrey,10,1.2258839027415491,True,True,down_in_tested,HDAC7
ENSG00000114902,SPCS1,signal peptidase complex subunit 1,MC100_vs_MC1,1293.3888169478278,1.1017027917344175,0.1736175503576324,6.345572722717462,2.2159948572659855e-10,5.979208687951276e-08,True,up_in_MC100,dimgrey,dimgrey,10,1.1017027917344175,True,True,up_in_tested,SPCS1
ENSG00000011405,PIK3C2A,phosphatidylinositol-4-phosphate 3-kinase catalytic subunit type 2 alpha,MC100_vs_MC1,1098.6657039290528,-1.0692523509275995,0.168807509014187,-6.334151585861841,2.3865079817779643e-10,6.278305873062379e-08,True,up_in_MC1,darkgrey,darkgrey,7,1.0692523509275995,True,True,down_in_tested,PIK3C2A
ENSG00000162385,MAGOH,"mago homolog, exon junction complex subunit",MC100_vs_MC1,1381.4018831955664,-1.352796296332317,0.2159312380756528,-6.264940211468414,3.729684819615959e-10,9.34463651352827e-08,True,up_in_MC1,darkgrey,darkgrey,7,1.352796296332317,True,True,down_in_tested,MAGOH
ENSG00000125746,EML2,EMAP like 2,MC100_vs_MC1,1368.2437222800636,-1.9515912678453893,0.3155289606026032,-6.185141497370648,6.204678992489212e-10,1.5044729670032894e-07,True,up_in_MC1,dimgrey,dimgrey,10,1.9515912678453893,True,True,down_in_tested,EML2
ENSG00000100591,AHSA1,activator of HSP90 ATPase activity 1,MC100_vs_MC1,2412.32067618474,-1.1152381278208408,0.180372568341828,-6.182969716921302,6.29067856582198e-10,1.5044729670032894e-07,True,up_in_MC1,darkgrey,darkgrey,7,1.1152381278208408,True,True,down_in_tested,AHSA1
ENSG00000071243,ING3,inhibitor of growth family member 3,MC100_vs_MC1,589.3063013994245,-1.1922453449714627,0.1933263001041213,-6.167010615365553,6.959308736843755e-10,1.592017518213193e-07,True,up_in_MC1,gainsboro,gainsboro,12,1.1922453449714627,True,True,down_in_tested,ING3
ENSG00000164896,FASTK,Fas activated serine/threonine kinase,MC100_vs_MC1,1819.0409885827448,-1.228173635245043,0.1994169061036949,-6.158824039755205,7.328710021219806e-10,1.640851394750979e-07,True,up_in_MC1,darkgrey,darkgrey,7,1.228173635245043,True,True,down_in_tested,FASTK
ENSG00000118900,UBN1,ubinuclein 1,MC100_vs_MC1,2810.6037820954302,-1.0445228219395533,0.1700403714561928,-6.142793108451023,8.10828661660012e-10,1.7775729180517305e-07,True,up_in_MC1,darkgrey,darkgrey,7,1.0445228219395533,True,True,down_in_tested,UBN1
ENSG00000147604,RPL7,ribosomal protein L7,MC100_vs_MC1,3941.196427552164,1.1111802731455074,0.182017912559395,6.104785279212086,1.029389742375304e-09,2.005975603521357e-07,True,up_in_MC100,dimgrey,dimgrey,10,1.1111802731455074,True,True,up_in_tested,RPL7
ENSG00000107949,BCCIP,BRCA2 and CDKN1A interacting protein,MC100_vs_MC1,1416.0376483098114,-1.3188247712846195,0.2185977438888839,-6.033112454971151,1.608314089170358e-09,2.86852358649825e-07,True,up_in_MC1,gainsboro,gainsboro,12,1.3188247712846195,True,True,down_in_tested,BCCIP
ENSG00000030582,GRN,granulin precursor,MC100_vs_MC1,3583.315617995248,-1.362596979962607,0.2263072460701863,-6.021004645781492,1.7333778255866e-09,3.040055809774632e-07,True,up_in_MC1,darkgrey,darkgrey,7,1.362596979962607,True,True,down_in_tested,GRN
ENSG00000143742,SRP9,signal recognition particle 9,MC100_vs_MC1,780.4455517808592,1.240733046514638,0.206413048795644,6.010923503886645,1.844694400200058e-09,3.182249044804133e-07,True,up_in_MC100,dimgrey,dimgrey,10,1.240733046514638,True,True,up_in_tested,SRP9
ENSG00000145425,RPS3A,ribosomal protein S3A,MC100_vs_MC1,2692.3438674236004,1.072278644345266,0.1795632744037641,5.971592174990925,2.349492546398241e-09,3.924398423134712e-07,True,up_in_MC100,dimgrey,dimgrey,10,1.072278644345266,True,True,up_in_tested,RPS3A
ENSG00000185112,FAM43A,family with sequence similarity 43 member A,MC100_vs_MC1,1161.6775496484256,-1.1085285208524485,0.1869966167250098,-5.928067257401821,3.0652095822546187e-09,4.887151580918993e-07,True,up_in_MC1,darkgrey,darkgrey,7,1.1085285208524485,True,True,down_in_tested,FAM43A
ENSG00000110492,MDK,midkine,MC100_vs_MC1,141.0698473189035,1.6222518300231277,0.2739651234071296,5.921380830699235,3.1924960398354647e-09,5.014124750326657e-07,True,up_in_MC100,dimgrey,dimgrey,10,1.6222518300231277,True,True,up_in_tested,MDK
ENSG00000214357,NEURL1B,neuralized E3 ubiquitin protein ligase 1B,MC100_vs_MC1,1332.745787913101,-1.1292665990039563,0.1965236395623159,-5.74621252445244,9.126458635826613e-09,1.3077548635157135e-06,True,up_in_MC1,dimgrey,dimgrey,10,1.1292665990039563,True,True,down_in_tested,NEURL1B
ENSG00000183258,DDX41,DEAD-box helicase 41,MC100_vs_MC1,984.5440202757154,-1.0058897724834277,0.175080169625924,-5.745309560943479,9.175297063471563e-09,1.3077548635157135e-06,True,up_in_MC1,darkgrey,darkgrey,7,1.0058897724834277,True,True,down_in_tested,DDX41
ENSG00000184752,NDUFA12,NADH:ubiquinone oxidoreductase subunit A12,MC100_vs_MC1,1321.7087687647838,1.1060141228707114,0.1925203500823254,5.744920588383297,9.196413560787114e-09,1.3077548635157135e-06,True,up_in_MC100,dimgrey,dimgrey,10,1.1060141228707114,True,True,up_in_tested,NDUFA12
ENSG00000133895,MEN1,menin 1,MC100_vs_MC1,749.3106295153898,-1.0094308674806916,0.1761034587304923,-5.732033173894207,9.923385728314142e-09,1.3923171735873296e-06,True,up_in_MC1,darkgrey,darkgrey,7,1.0094308674806916,True,True,down_in_tested,MEN1
ENSG00000221823,PPP3R1,"protein phosphatase 3 regulatory subunit B, alpha",MC100_vs_MC1,3062.339934357226,-1.0125979113236805,0.1772727954690384,-5.71208858440175,1.1159796688524318e-08,1.5451913230702815e-06,True,up_in_MC1,darkgrey,darkgrey,7,1.0125979113236805,True,True,down_in_tested,PPP3R1
ENSG00000261221,ZNF865,zinc finger protein 865,MC100_vs_MC1,308.60479211925525,-1.7488782466131734,0.3072216062021404,-5.692562669119296,1.2514664114217657e-08,1.6669849427077518e-06,True,up_in_MC1,darkgrey,darkgrey,7,1.7488782466131734,True,True,down_in_tested,ZNF865
ENSG00000108604,SMARCD2,SWI/SNF related BAF chromatin remodeling complex subunit D2,MC100_vs_MC1,1067.6333582283112,-1.2226171408139743,0.2156418284005144,-5.669665991438318,1.4307617277655377e-08,1.858753785342809e-06,True,up_in_MC1,darkgrey,darkgrey,7,1.2226171408139743,True,True,down_in_tested,SMARCD2
ENSG00000104805,NUCB1,nucleobindin 1,MC100_vs_MC1,1131.8030812993472,-1.010784891023944,0.1786973717470216,-5.656406029602339,1.5457554662950197e-08,1.922823546682929e-06,True,up_in_MC1,darkgrey,darkgrey,7,1.010784891023944,True,True,down_in_tested,NUCB1
ENSG00000126457,PRMT1,protein arginine methyltransferase 1,MC100_vs_MC1,4517.070418965891,-1.370748639801013,0.2429305228310919,-5.642554191323606,1.6754577552065755e-08,1.9859082247175107e-06,True,up_in_MC1,darkgrey,darkgrey,7,1.370748639801013,True,True,down_in_tested,PRMT1
ENSG00000157227,MMP14,matrix metallopeptidase 14,MC100_vs_MC1,7895.618269411,-1.191631414569249,0.2127215682560164,-5.601836355094406,2.1209274464149004e-08,2.479835502069333e-06,True,up_in_MC1,dimgrey,dimgrey,10,1.191631414569249,True,True,down_in_tested,MMP14
ENSG00000197632,SERPINB2,serpin family B member 2,MC100_vs_MC1,1916.626143706416,1.102942359909651,0.1981566764899395,5.566011599743639,2.6063590116154405e-08,2.917735731832902e-06,True,up_in_MC100,mistyrose,mistyrose,17,1.102942359909651,True,True,up_in_tested,SERPINB2
ENSG00000111875,ASF1A,anti-silencing function 1A histone chaperone,MC100_vs_MC1,194.0957574042168,1.395819246646102,0.2513604585459044,5.553058164839368,2.80714616784214e-08,3.109431486758193e-06,True,up_in_MC100,dimgrey,dimgrey,10,1.395819246646102,True,True,up_in_tested,ASF1A
ENSG00000182742,HOXB4,homeobox B4,MC100_vs_MC1,470.7170575356244,-1.368159608187011,0.2472844467527159,-5.532736191674718,3.152734736778313e-08,3.3853293505222644e-06,True,up_in_MC1,dimgrey,dimgrey,10,1.368159608187011,True,True,down_in_tested,HOXB4
ENSG00000175137,SH3BP5L,SH3 binding domain protein 5 like,MC100_vs_MC1,2125.071458533305,-1.8598094670950187,0.3364798292351121,-5.527253955527581,3.252819429169678e-08,3.457517055873992e-06,True,up_in_MC1,darkgrey,darkgrey,7,1.8598094670950187,True,True,down_in_tested,SH3BP5L
ENSG00000241685,ARPC1A,actin related protein 2/3 complex subunit 1A,MC100_vs_MC1,1501.9652323913397,1.0337414767083608,0.1877315350768605,5.506488168251163,3.6606255402012434e-08,3.813936887082938e-06,True,up_in_MC100,dimgrey,dimgrey,10,1.0337414767083608,True,True,up_in_tested,ARPC1A
ENSG00000124532,MRS2,magnesium transporter MRS2,MC100_vs_MC1,204.4235532884226,1.3239557633360792,0.2419946887027256,5.47101165911319,4.474738556919887e-08,4.5716188188803856e-06,True,up_in_MC100,mistyrose,mistyrose,17,1.3239557633360792,True,True,up_in_tested,MRS2
ENSG00000196712,NF1,neurofibromin 1,MC100_vs_MC1,660.1743600950936,-1.4682464832534288,0.2688151828373726,-5.461917990479302,4.7101767625447695e-08,4.765883660794097e-06,True,up_in_MC1,gainsboro,gainsboro,12,1.4682464832534288,True,True,down_in_tested,NF1
ENSG00000161800,RACGAP1,Rac GTPase activating protein 1,MC100_vs_MC1,514.977000500383,1.1139125105059624,0.204575438360874,5.444996327178851,5.180645457944553e-08,5.143012467353824e-06,True,up_in_MC100,dimgrey,dimgrey,10,1.1139125105059624,True,True,up_in_tested,RACGAP1
ENSG00000147669,POLR2K,"RNA polymerase II, I and III subunit K",MC100_vs_MC1,729.983766425069,1.0562672279595413,0.194689618211563,5.425390617447968,5.782793453084254e-08,5.6533872941075865e-06,True,up_in_MC100,dimgrey,dimgrey,10,1.0562672279595413,True,True,up_in_tested,POLR2K
ENSG00000276043,UHRF1,ubiquitin like with PHD and ring finger domains 1,MC100_vs_MC1,378.2267851837393,1.3295370636033927,0.2457098045334816,5.411005336672365,6.267190412988865e-08,6.050426120723103e-06,True,up_in_MC100,dimgrey,dimgrey,10,1.3295370636033927,True,True,up_in_tested,UHRF1
ENSG00000008256,CYTH3,cytohesin 3,MC100_vs_MC1,716.393995073147,-1.0521981592092664,0.1951727700054587,-5.391111471030706,7.00232189971162e-08,6.579056549166549e-06,True,up_in_MC1,darkgrey,darkgrey,7,1.0521981592092664,True,True,down_in_tested,CYTH3
ENSG00000162961,DPY30,dpy-30 histone methyltransferase complex regulatory subunit,MC100_vs_MC1,643.5121242559188,1.2454882825568834,0.2320271254956132,5.367856365485296,7.967796638727577e-08,7.290880350376548e-06,True,up_in_MC100,dimgrey,dimgrey,10,1.2454882825568834,True,True,up_in_tested,DPY30
ENSG00000167766,ZNF83,zinc finger protein 83,MC100_vs_MC1,202.31520076808945,1.5543324145995852,0.2915549829304116,5.331181099966224,9.757605019472525e-08,8.556606468325779e-06,True,up_in_MC100,dimgrey,dimgrey,10,1.5543324145995852,True,True,up_in_tested,ZNF83
ENSG00000105438,KDELR1,KDEL endoplasmic reticulum protein retention receptor 1,MC100_vs_MC1,13986.521304495089,-1.2196054293588348,0.2303939619701528,-5.293565069716681,1.1995453189447768e-07,1.0098252313004708e-05,True,up_in_MC1,darkgrey,darkgrey,7,1.2196054293588348,True,True,down_in_tested,KDELR1
ENSG00000177954,RPS27,ribosomal protein S27,MC100_vs_MC1,11551.325631239146,1.177902369901619,0.2227806564332981,5.287273988503977,1.241526118348415e-07,1.0362428048793224e-05,True,up_in_MC100,dimgrey,dimgrey,10,1.177902369901619,True,True,up_in_tested,RPS27
ENSG00000130513,GDF15,growth differentiation factor 15,MC100_vs_MC1,1647.6644568469526,-1.3290112908760652,0.2515878167363751,-5.282494629971142,1.2743657210798266e-07,1.0476680064783603e-05,True,up_in_MC1,dimgrey,dimgrey,10,1.3290112908760652,True,True,down_in_tested,GDF15
ENSG00000168056,LTBP3,latent transforming growth factor beta binding protein 3,MC100_vs_MC1,337.2377293925992,-1.4027039145767743,0.2675777068030233,-5.242230121993576,1.5864733543750485e-07,1.2647317506127753e-05,True,up_in_MC1,darkgrey,darkgrey,7,1.4027039145767743,True,True,down_in_tested,LTBP3
ENSG00000186577,SMIM29,small integral membrane protein 29,MC100_vs_MC1,1483.383110079552,-1.0813999971685035,0.2071553546300483,-5.220236759507079,1.7869453702278337e-07,1.3826489802137864e-05,True,up_in_MC1,dimgrey,dimgrey,10,1.0813999971685035,True,True,down_in_tested,SMIM29
ENSG00000060491,OGFR,opioid growth factor receptor,MC100_vs_MC1,631.4295053293737,-1.1221679677315657,0.2159852069564529,-5.195577898804052,2.040848532069422e-07,1.479896000639352e-05,True,up_in_MC1,darkgrey,darkgrey,7,1.1221679677315657,True,True,down_in_tested,OGFR
ENSG00000117118,SDHB,succinate dehydrogenase complex iron sulfur subunit B,MC100_vs_MC1,247.34833922582425,1.5448419933330872,0.2982572856943268,5.17956163161875,2.224079246746765e-07,1.5921078852732116e-05,True,up_in_MC100,dimgrey,dimgrey,10,1.5448419933330872,True,True,up_in_tested,SDHB
ENSG00000107371,EXOSC3,exosome component 3,MC100_vs_MC1,385.9666994861553,1.1978974522867805,0.2321597001431422,5.159799274155657,2.472147490262709e-07,1.7277083736728967e-05,True,up_in_MC100,dimgrey,dimgrey,10,1.1978974522867805,True,True,up_in_tested,EXOSC3
ENSG00000009830,POMT2,protein O-mannosyltransferase 2,MC100_vs_MC1,1252.707277740876,-1.0053251516978825,0.1949048120868756,-5.158031456143704,2.495597004640124e-07,1.7277083736728967e-05,True,up_in_MC1,darkgrey,darkgrey,7,1.0053251516978825,True,True,down_in_tested,POMT2
ENSG00000107679,PLEKHA1,pleckstrin homology domain containing A1,MC100_vs_MC1,222.9981546159181,-1.0809828504830896,0.2097332547107457,-5.154084181709431,2.548734357052561e-07,1.7529628522394837e-05,True,up_in_MC1,darkgrey,darkgrey,7,1.0809828504830896,True,True,down_in_tested,PLEKHA1
ENSG00000167110,GOLGA2,golgin A2,MC100_vs_MC1,3611.0617355282666,-1.3457685223596394,0.2615075978467587,-5.146192819790455,2.658261891064868e-07,1.7931339666458722e-05,True,up_in_MC1,dimgrey,dimgrey,10,1.3457685223596394,True,True,down_in_tested,GOLGA2
ENSG00000142459,EVI5L,ecotropic viral integration site 5 like,MC100_vs_MC1,457.29566487870215,-1.050163842723935,0.2046279753325236,-5.132063888221551,2.865821819004382e-07,1.8966693711561703e-05,True,up_in_MC1,darkgrey,darkgrey,7,1.050163842723935,True,True,down_in_tested,EVI5L
ENSG00000198909,MAP3K3,mitogen-activated protein kinase kinase kinase 3,MC100_vs_MC1,816.7970858781346,-1.170087508524413,0.2282392765287063,-5.126582621187232,2.950486094982056e-07,1.923104599216635e-05,True,up_in_MC1,darkgrey,darkgrey,7,1.170087508524413,True,True,down_in_tested,MAP3K3
ENSG00000149503,INCENP,inner centromere protein,MC100_vs_MC1,667.7862713408043,-1.1036109638300944,0.2154439719692286,-5.122496367583312,3.015169062859901e-07,1.923104599216635e-05,True,up_in_MC1,darkgrey,darkgrey,7,1.1036109638300944,True,True,down_in_tested,INCENP
ENSG00000177352,CCDC71,coiled-coil domain containing 71,MC100_vs_MC1,392.60740839049714,-1.5506949451138452,0.3027424110539704,-5.122159593415539,3.0205606497164373e-07,1.923104599216635e-05,True,up_in_MC1,dimgrey,dimgrey,10,1.5506949451138452,True,True,down_in_tested,CCDC71
ENSG00000125755,SYMPK,symplekin scaffold protein,MC100_vs_MC1,1656.894244184699,-1.4061328083823357,0.2746240858480842,-5.120209336482511,3.051966816204296e-07,1.923104599216635e-05,True,up_in_MC1,dimgrey,dimgrey,10,1.4061328083823357,True,True,down_in_tested,SYMPK
ENSG00000117362,APH1A,aph-1A gamma-secretase subunit,MC100_vs_MC1,6307.534904926882,-1.3896380723564845,0.2716540127439494,-5.115470440947631,3.12959956872582e-07,1.9486849858995148e-05,True,up_in_MC1,darkgrey,darkgrey,7,1.3896380723564845,True,True,down_in_tested,APH1A
ENSG00000242485,MRPL20,mitochondrial ribosomal protein L20,MC100_vs_MC1,385.0644083570815,1.4996542330929217,0.296018783314145,5.066077957294482,4.060956618856731e-07,2.397907588990973e-05,True,up_in_MC100,dimgrey,dimgrey,10,1.4996542330929217,True,True,up_in_tested,MRPL20
ENSG00000099817,POLR2E,"RNA polymerase II, I and III subunit E",MC100_vs_MC1,6455.851116312432,-1.2146662628056264,0.2414664712105948,-5.030372360667235,4.895281876140452e-07,2.7297638043972348e-05,True,up_in_MC1,dimgrey,dimgrey,10,1.2146662628056264,True,True,down_in_tested,POLR2E
ENSG00000168476,REEP4,receptor accessory protein 4,MC100_vs_MC1,1033.3185259305476,-1.0680965790676062,0.2129006493388542,-5.016877977519062,5.251789919276671e-07,2.8934337864161468e-05,True,up_in_MC1,darkgrey,darkgrey,7,1.0680965790676062,True,True,down_in_tested,REEP4
ENSG00000105221,AKT2,AKT serine/threonine kinase 2,MC100_vs_MC1,8758.062940454047,-1.0407956700325756,0.2085403106619839,-4.990860839943635,6.011079394347821e-07,3.2456135297089656e-05,True,up_in_MC1,darkgrey,darkgrey,7,1.0407956700325756,True,True,down_in_tested,AKT2
ENSG00000183779,ZNF703,zinc finger protein 703,MC100_vs_MC1,1408.5298647571155,-1.3410634000996349,0.2690187054154641,-4.985019157045374,6.195567401698364e-07,3.326324273881219e-05,True,up_in_MC1,darkgrey,darkgrey,7,1.3410634000996349,True,True,down_in_tested,ZNF703
ENSG00000129473,BCL2L2,BCL2 like 2,MC100_vs_MC1,388.0488575437335,1.0925230580076906,0.2193520719077364,4.980682646422532,6.336037049524239e-07,3.384472988433684e-05,True,up_in_MC100,dimgrey,dimgrey,10,1.0925230580076906,True,True,up_in_tested,BCL2L2
ENSG00000100241,SBF1,SET binding factor 1,MC100_vs_MC1,1328.8795923843836,-1.357833185832482,0.2734398853831926,-4.965746617139064,6.843726208191215e-07,3.556471277524456e-05,True,up_in_MC1,darkgrey,darkgrey,7,1.357833185832482,True,True,down_in_tested,SBF1
ENSG00000115457,IGFBP2,insulin like growth factor binding protein 2,MC100_vs_MC1,121.42992210781009,-2.044990975746173,0.4118595785737663,-4.9652626335116405,6.860816015750876e-07,3.556471277524456e-05,True,up_in_MC1,darkgrey,darkgrey,7,2.044990975746173,True,True,down_in_tested,IGFBP2
ENSG00000136942,RPL35,ribosomal protein L35,MC100_vs_MC1,5844.396206846112,1.2373144687855295,0.2514221162756593,4.921263439803908,8.598729288743654e-07,4.149165622150297e-05,True,up_in_MC100,dimgrey,dimgrey,10,1.2373144687855295,True,True,up_in_tested,RPL35
ENSG00000140545,MFGE8,milk fat globule EGF and factor V/VIII domain containing,MC100_vs_MC1,4805.134268034134,-1.2424226748524156,0.2525024364018558,-4.920438363117847,8.635059120506653e-07,4.149165622150297e-05,True,up_in_MC1,darkgrey,darkgrey,7,1.2424226748524156,True,True,down_in_tested,MFGE8
ENSG00000166851,PLK1,polo like kinase 1,MC100_vs_MC1,218.0474246819525,1.6380745663257577,0.3333102394418227,4.914564188213825,8.898016992769422e-07,4.2177402168879565e-05,True,up_in_MC100,dimgrey,dimgrey,10,1.6380745663257577,True,True,up_in_tested,PLK1
ENSG00000101311,FERMT1,FERM domain containing kindlin 1,MC100_vs_MC1,352.4941487437559,-1.0967946605804566,0.2235114374794325,-4.907107542008373,9.242935834386492e-07,4.361588062118792e-05,True,up_in_MC1,darkgrey,darkgrey,7,1.0967946605804566,True,True,down_in_tested,FERMT1
ENSG00000153989,NUS1,NUS1 dehydrodolichyl diphosphate synthase subunit,MC100_vs_MC1,315.92517559991984,1.0246065392078456,0.209440495235909,4.8921128555094,9.975921152453326e-07,4.604237644178349e-05,True,up_in_MC100,dimgrey,dimgrey,10,1.0246065392078456,True,True,up_in_tested,NUS1
ENSG00000114315,HES1,hes family bHLH transcription factor 1,MC100_vs_MC1,507.36616844999145,1.1688695673761178,0.2403177132914958,4.863851071844737,1.1512354867924324e-06,5.155085543624156e-05,True,up_in_MC100,dimgrey,dimgrey,10,1.1688695673761178,True,True,up_in_tested,HES1
ENSG00000140044,JDP2,Jun dimerization protein 2,MC100_vs_MC1,454.9777436209288,-1.1153662820902606,0.2293698074165557,-4.862742375088006,1.157704852629063e-06,5.162088205176114e-05,True,up_in_MC1,darkgrey,darkgrey,7,1.1153662820902606,True,True,down_in_tested,JDP2
ENSG00000153037,SRP19,signal recognition particle 19,MC100_vs_MC1,594.879430575105,1.0369095394481458,0.2138897029180023,4.847870305592316,1.2479393966472722e-06,5.4945883978741616e-05,True,up_in_MC100,dimgrey,dimgrey,10,1.0369095394481458,True,True,up_in_tested,SRP19
ENSG00000100316,RPL3,ribosomal protein L3,MC100_vs_MC1,6857.158650902624,1.1753651131380665,0.2429461457602648,4.837965671198164,1.3117478980333868e-06,5.6804621938293536e-05,True,up_in_MC100,dimgrey,dimgrey,10,1.1753651131380665,True,True,up_in_tested,RPL3
ENSG00000089159,PXN,paxillin,MC100_vs_MC1,208.90833122203944,1.146640496884698,0.2403028188232817,4.771648133382636,1.827245180387809e-06,7.660598021203551e-05,True,up_in_MC100,dimgrey,dimgrey,10,1.146640496884698,True,True,up_in_tested,PXN
ENSG00000140740,UQCRC2,ubiquinol-cytochrome c reductase core protein 2,MC100_vs_MC1,159.4750493155976,1.7309320009413398,0.3652522090843111,4.73900487906916,2.147703337788541e-06,8.593263202870275e-05,True,up_in_MC100,dimgrey,dimgrey,10,1.7309320009413398,True,True,up_in_tested,UQCRC2
ENSG00000178988,MRFAP1L1,Morf4 family associated protein 1 like 1,MC100_vs_MC1,3528.30973694977,-1.4809922752345452,0.3129192305737108,-4.732826015580033,2.2141526931741992e-06,8.759221349726353e-05,True,up_in_MC1,darkgrey,darkgrey,7,1.4809922752345452,True,True,down_in_tested,MRFAP1L1
ENSG00000140990,NDUFB10,NADH:ubiquinone oxidoreductase subunit B10,MC100_vs_MC1,504.0326453880832,1.385884873462546,0.2936485099424915,4.719536542970912,2.363825804391777e-06,9.24704049799802e-05,True,up_in_MC100,dimgrey,dimgrey,10,1.385884873462546,True,True,up_in_tested,NDUFB10
ENSG00000042493,CAPG,"capping actin protein, gelsolin like",MC100_vs_MC1,694.3142534800105,-1.02693818102818,0.2179253482313246,-4.71233929124252,2.448891944945857e-06,9.509110677736256e-05,True,up_in_MC1,darkgrey,darkgrey,7,1.02693818102818,True,True,down_in_tested,CAPG
ENSG00000163399,ATP1A1,ATPase Na+/K+ transporting subunit alpha 1,MC100_vs_MC1,177.0558103439188,-1.4829406176164623,0.314786941343599,-4.710934358607303,2.4658365503683767e-06,9.539705154237658e-05,True,up_in_MC1,darkgrey,darkgrey,7,1.4829406176164623,True,True,down_in_tested,ATP1A1
ENSG00000169221,TBC1D10B,TBC1 domain family member 10B,MC100_vs_MC1,193.0491506428542,1.34938535577506,0.2866638470453253,4.707204517358286,2.511369201047878e-06,9.618258488309864e-05,True,up_in_MC100,dimgrey,dimgrey,10,1.34938535577506,True,True,up_in_tested,TBC1D10B
ENSG00000108344,PSMD3,"proteasome 26S subunit, non-ATPase 3",MC100_vs_MC1,4453.2804619755925,-1.4253318186392694,0.3029228420375464,-4.705263588087568,2.535381590140825e-06,9.666601620670976e-05,True,up_in_MC1,dimgrey,dimgrey,10,1.4253318186392694,True,True,down_in_tested,PSMD3
ENSG00000143537,ADAM15,ADAM metallopeptidase domain 15,MC100_vs_MC1,665.6389334399972,-1.6805388923912936,0.3589707329765247,-4.681548488525928,2.8471603217676765e-06,0.0001070023859498,True,up_in_MC1,dimgrey,dimgrey,10,1.6805388923912936,True,True,down_in_tested,ADAM15
ENSG00000109971,HSPA8,heat shock protein family A (Hsp70) member 8,MC100_vs_MC1,6836.506102924423,1.140907647399845,0.243902297136337,4.677724075563331,2.9007651453988245e-06,0.0001086290093417,True,up_in_MC100,dimgrey,dimgrey,10,1.140907647399845,True,True,up_in_tested,HSPA8
ENSG00000150779,TIMM8B,translocase of inner mitochondrial membrane 8 homolog B,MC100_vs_MC1,573.3588111418472,1.269921339293315,0.2715925723139123,4.675832363432656,2.9276369442969027e-06,0.0001092465374639,True,up_in_MC100,dimgrey,dimgrey,10,1.269921339293315,True,True,up_in_tested,TIMM8B
ENSG00000160310,PRMT2,protein arginine methyltransferase 2,MC100_vs_MC1,3602.5822903560547,-1.0567312456411384,0.2265598784314363,-4.664247054497499,3.0974907260857392e-06,0.0001127058393079,True,up_in_MC1,dimgrey,dimgrey,10,1.0567312456411384,True,True,down_in_tested,PRMT2
ENSG00000137094,DNAJB5,DnaJ heat shock protein family (Hsp40) member B5,MC100_vs_MC1,287.2737534759984,-1.21222329365646,0.2606207787950457,-4.651291808968778,3.2986217690978977e-06,0.0001188746468363,True,up_in_MC1,darkgrey,darkgrey,7,1.21222329365646,True,True,down_in_tested,DNAJB5
ENSG00000241973,PI4KA,phosphatidylinositol 4-kinase alpha,MC100_vs_MC1,304.91080919133515,1.078454793735233,0.2320252256530389,4.648006658327359,3.351580978723336e-06,0.0001197014309876,True,up_in_MC100,dimgrey,dimgrey,10,1.078454793735233,True,True,up_in_tested,PI4KA
ENSG00000113272,THG1L,tRNA-histidine guanylyltransferase 1 like,MC100_vs_MC1,541.5864761090551,-1.206613724799562,0.2595982032642738,-4.648004915393101,3.35160929142018e-06,0.0001197014309876,True,up_in_MC1,darkgrey,darkgrey,7,1.206613724799562,True,True,down_in_tested,THG1L
ENSG00000147684,NDUFB9,NADH:ubiquinone oxidoreductase subunit B9,MC100_vs_MC1,299.42705462999464,1.1977721136398676,0.2577098843196464,4.6477538756496815,3.3556896456663777e-06,0.0001197014309876,True,up_in_MC100,dimgrey,dimgrey,10,1.1977721136398676,True,True,up_in_tested,NDUFB9
ENSG00000204673,AKT1S1,AKT1 substrate 1,MC100_vs_MC1,766.4301514823159,-1.135715791712366,0.2454530733603222,-4.62701801270644,3.709682614241132e-06,0.0001314376772715,True,up_in_MC1,darkgrey,darkgrey,7,1.135715791712366,True,True,down_in_tested,AKT1S1
ENSG00000179218,CALR,calreticulin,MC100_vs_MC1,1752.475953544391,-1.1583718562291925,0.2516131068564685,-4.603781856602486,4.1488704157365e-06,0.0001440876679366,True,up_in_MC1,gainsboro,gainsboro,12,1.1583718562291925,True,True,down_in_tested,CALR
ENSG00000179632,MAF1,MAF1 negative regulator of RNA polymerase III,MC100_vs_MC1,1759.3895782770098,-1.194640842260633,0.2598203563266618,-4.597949364516531,4.266696535490048e-06,0.0001476922619834,True,up_in_MC1,dimgrey,dimgrey,10,1.194640842260633,True,True,down_in_tested,MAF1
ENSG00000171365,CLCN5,Cl-/H+ antiporter 5,MC100_vs_MC1,135.3430905688159,-1.2140311515135656,0.2641156510679741,-4.596589208570288,4.294631459717116e-06,0.0001476943113249,True,up_in_MC1,darkgrey,darkgrey,7,1.2140311515135656,True,True,down_in_tested,CLCN5
ENSG00000180817,PPA1,inorganic pyrophosphatase 1,MC100_vs_MC1,722.3630643678216,1.109496064895947,0.2418335440467113,4.587850164746553,4.478338641075056e-06,0.0001515291238586,True,up_in_MC100,dimgrey,dimgrey,10,1.109496064895947,True,True,up_in_tested,PPA1
ENSG00000158710,TAGLN2,transgelin 2,MC100_vs_MC1,14405.255867089689,-1.3668285674480267,0.2983504533508862,-4.581285371269461,4.62126726766324e-06,0.0001548905872286,True,up_in_MC1,darkgrey,darkgrey,7,1.3668285674480267,True,True,down_in_tested,TAGLN2
ENSG00000100764,PSMC1,"proteasome 26S subunit, ATPase 1",MC100_vs_MC1,3169.6151422275148,-1.6095657152019516,0.3514339758573714,-4.579994610012292,4.6498791299384415e-06,0.000155335485982,True,up_in_MC1,gainsboro,gainsboro,12,1.6095657152019516,True,True,down_in_tested,PSMC1
ENSG00000136280,CCM2,CCM2 scaffold protein,MC100_vs_MC1,772.9674967041028,-1.03383560992803,0.2267589010746459,-4.559184248241287,5.1352703324589785e-06,0.0001688701553389,True,up_in_MC1,darkgrey,darkgrey,7,1.03383560992803,True,True,down_in_tested,CCM2
ENSG00000131116,ZNF428,zinc finger protein 428,MC100_vs_MC1,2929.5578683767185,-1.5989514974253822,0.3508807433677378,-4.55696565755851,5.189790560513079e-06,0.0001701313584681,True,up_in_MC1,dimgrey,dimgrey,10,1.5989514974253822,True,True,down_in_tested,ZNF428
ENSG00000124733,MEA1,male-enhanced antigen 1,MC100_vs_MC1,169.6031042448252,1.6173596438366584,0.3552741280087514,4.552427312682949,5.303048571084491e-06,0.0001722345065232,True,up_in_MC100,dimgrey,dimgrey,10,1.6173596438366584,True,True,up_in_tested,MEA1
ENSG00000167815,PRDX2,peroxiredoxin 2,MC100_vs_MC1,75.68667574726577,1.8974085861466785,0.4174649777785292,4.5450724902563655,5.491635104347514e-06,0.0001761843786678,True,up_in_MC100,dimgrey,dimgrey,10,1.8974085861466785,True,True,up_in_tested,PRDX2
ENSG00000247596,TWF2,twinfilin actin binding protein 2,MC100_vs_MC1,1349.4107427848794,-1.4429639036721091,0.3179265596486902,-4.538670519589771,5.661000790588312e-06,0.0001810659918521,True,up_in_MC1,dimgrey,dimgrey,10,1.4429639036721091,True,True,down_in_tested,TWF2
ENSG00000168488,ATXN2L,ataxin 2 like,MC100_vs_MC1,335.16297106009887,-2.385614269851737,0.5259507978274943,-4.535812626781469,5.738210861221613e-06,0.0001828660002349,True,up_in_MC1,darkgrey,darkgrey,7,2.385614269851737,True,True,down_in_tested,ATXN2L
ENSG00000197728,RPS26,ribosomal protein S26,MC100_vs_MC1,3114.912091489919,1.1341345409604802,0.2518465668449503,4.503275764956969,6.69139651885351e-06,0.000208942331062,True,up_in_MC100,dimgrey,dimgrey,10,1.1341345409604802,True,True,up_in_tested,RPS26
ENSG00000069399,BCL3,BCL3 transcription coactivator,MC100_vs_MC1,580.1487030046121,-1.0396967781490625,0.2312381927294318,-4.496215637550821,6.91735846153346e-06,0.0002128402429553,True,up_in_MC1,dimgrey,dimgrey,10,1.0396967781490625,True,True,down_in_tested,BCL3
ENSG00000141873,SLC39A3,solute carrier family 39 member 3,MC100_vs_MC1,440.84082170835774,-1.0319541026656711,0.2296793290077936,-4.49302123584075,7.0219779382001455e-06,0.0002154293698066,True,up_in_MC1,darkgrey,darkgrey,7,1.0319541026656711,True,True,down_in_tested,SLC39A3
ENSG00000104859,CLASRP,CLK4 associating serine/arginine rich protein,MC100_vs_MC1,376.0874085031885,-1.284291783604157,0.286207900427433,-4.487268805948927,7.2142029890343294e-06,0.0002194076822358,True,up_in_MC1,darkgrey,darkgrey,7,1.284291783604157,True,True,down_in_tested,CLASRP
ENSG00000149273,RPS3,ribosomal protein S3,MC100_vs_MC1,30691.08401241068,-1.0406444437707607,0.2325680928063654,-4.474579600380496,7.656180066309446e-06,0.0002318087853179,True,up_in_MC1,dimgrey,dimgrey,10,1.0406444437707607,True,True,down_in_tested,RPS3
ENSG00000142669,SH3BGRL3,SH3 domain binding glutamate rich protein like 3,MC100_vs_MC1,685.4690517344625,1.5433293058434456,0.3449575139212654,4.473969238413812,7.678079277132946e-06,0.0002318087853179,True,up_in_MC100,dimgrey,dimgrey,10,1.5433293058434456,True,True,up_in_tested,SH3BGRL3
ENSG00000013392,RWDD2A,RWD domain containing 2A,MC100_vs_MC1,46.2488897783251,2.156904982139831,0.4830470459079903,4.4652068580307045,7.999142755640622e-06,0.0002391334636863,True,up_in_MC100,mistyrose,mistyrose,17,2.156904982139831,True,True,up_in_tested,RWDD2A
ENSG00000249222,ATP5MGL,ATP synthase membrane subunit g like,MC100_vs_MC1,158.05721284494206,-1.114867413016776,0.2505497551836571,-4.449684703142334,8.599644489282583e-06,0.0002506760636031,True,up_in_MC1,dimgrey,dimgrey,10,1.114867413016776,True,True,down_in_tested,ATP5MGL
ENSG00000184281,TSSC4,tumor suppressing subtransferable candidate 4,MC100_vs_MC1,561.7409035898525,-1.1133895059948151,0.2505976871504671,-4.442936080756002,8.873953477669302e-06,0.000257246866241,True,up_in_MC1,darkgrey,darkgrey,7,1.1133895059948151,True,True,down_in_tested,TSSC4
ENSG00000108262,GIT1,GIT ArfGAP 1,MC100_vs_MC1,468.4335742922906,-1.3092814276087417,0.2959575460043783,-4.423882564526239,9.694272998283084e-06,0.0002772087901112,True,up_in_MC1,dimgrey,dimgrey,10,1.3092814276087417,True,True,down_in_tested,GIT1
ENSG00000162341,TPCN2,two pore segment channel 2,MC100_vs_MC1,228.74472600907907,-1.2947465605186033,0.2932942507342159,-4.414496899538294,1.0124516699344664e-05,0.000287946727641,True,up_in_MC1,darkgrey,darkgrey,7,1.2947465605186033,True,True,down_in_tested,TPCN2
ENSG00000103257,SLC7A5,solute carrier family 7 member 5,MC100_vs_MC1,447.7158530296993,-1.0318947094329394,0.234280613995424,-4.404524522259851,1.0601614867441547e-05,0.0002951343736774,True,up_in_MC1,dimgrey,dimgrey,10,1.0318947094329394,True,True,down_in_tested,SLC7A5
ENSG00000178980,SELENOW,selenoprotein W,MC100_vs_MC1,3458.6753313671816,-1.0534710172557833,0.239794168791957,-4.393230338181259,1.1167869195119346e-05,0.0003076426375398,True,up_in_MC1,darkgrey,darkgrey,7,1.0534710172557833,True,True,down_in_tested,SELENOW
ENSG00000256060,TRAPPC2B,trafficking protein particle complex subunit 2B,MC100_vs_MC1,125.01137670269875,1.5300944858690844,0.3512358465191015,4.356316421097047,1.3226952872264586e-05,0.0003488401630948,True,up_in_MC100,dimgrey,dimgrey,10,1.5300944858690844,True,True,up_in_tested,TRAPPC2B
ENSG00000128228,SDF2L1,stromal cell derived factor 2 like 1,MC100_vs_MC1,1563.026686240905,-1.1929094763317456,0.2746221680387385,-4.34382076600412,1.4002577297099572e-05,0.00036190292173,True,up_in_MC1,darkgrey,darkgrey,7,1.1929094763317456,True,True,down_in_tested,SDF2L1
ENSG00000188229,TUBB4B,tubulin beta 4B class IVb,MC100_vs_MC1,755.9462893417407,1.398005189323853,0.3218428298949038,4.343751233421495,1.4007012267677822e-05,0.00036190292173,True,up_in_MC100,dimgrey,dimgrey,10,1.398005189323853,True,True,up_in_tested,TUBB4B
ENSG00000204227,RING1,ring finger protein 1,MC100_vs_MC1,62.11343525367467,1.7899325096911225,0.4131211136935452,4.332706439736461,1.472874451239411e-05,0.0003743733780288,True,up_in_MC100,dimgrey,dimgrey,10,1.7899325096911225,True,True,up_in_tested,RING1
ENSG00000197061,H4C3,H4 clustered histone 3,MC100_vs_MC1,6293.7572275701095,-1.7199076999851797,0.3972282137473324,-4.3297722580178375,1.492636274291448e-05,0.0003784822051655,True,up_in_MC1,gainsboro,gainsboro,12,1.7199076999851797,True,True,down_in_tested,H4C3
ENSG00000161999,JMJD8,jumonji domain containing 8,MC100_vs_MC1,338.89415443163074,-1.2083437185554236,0.280904350989798,-4.301619801536319,1.6955406006955174e-05,0.0004170486604571,True,up_in_MC1,darkgrey,darkgrey,7,1.2083437185554236,True,True,down_in_tested,JMJD8
ENSG00000167543,TP53I13,tumor protein p53 inducible protein 13,MC100_vs_MC1,377.7690020643277,-1.1940166624339783,0.2786257002181087,-4.285378776973193,1.824281011764132e-05,0.0004413082548688,True,up_in_MC1,darkgrey,darkgrey,7,1.1940166624339783,True,True,down_in_tested,TP53I13
ENSG00000002746,HECW1,"HECT, C2 and WW domain containing E3 ubiquitin protein ligase 1",MC100_vs_MC1,25.93171995407579,4.301564128863957,1.0073840652720638,4.270033919687061,1.954432414552938e-05,0.0004684850181854,True,up_in_MC100,dimgrey,dimgrey,10,4.301564128863957,True,True,up_in_tested,HECW1
ENSG00000108094,CUL2,cullin 2,MC100_vs_MC1,286.51402717414294,1.081214090586289,0.2537975181097521,4.260144459406137,2.04294819443123e-05,0.0004830998617977,True,up_in_MC100,dimgrey,dimgrey,10,1.081214090586289,True,True,up_in_tested,CUL2
ENSG00000173915,ATP5MK,ATP synthase membrane subunit k,MC100_vs_MC1,2813.111229296565,1.164135470811702,0.2733926174446135,4.258108655942562,2.061637437444904e-05,0.0004850206608714,True,up_in_MC100,dimgrey,dimgrey,10,1.164135470811702,True,True,up_in_tested,ATP5MK
ENSG00000161835,TAMALIN,trafficking regulator and scaffold protein tamalin,MC100_vs_MC1,117.21012776648764,-1.4998917699424137,0.3522728957470222,-4.257755246147382,2.0648983756570264e-05,0.0004850206608714,True,up_in_MC1,darkgrey,darkgrey,7,1.4998917699424137,True,True,down_in_tested,TAMALIN
ENSG00000136840,ST6GALNAC4,"ST6 N-acetylgalactosaminide alpha-2,6-sialyltransferase 4",MC100_vs_MC1,257.16903755912506,-1.014991047190245,0.2384953695348297,-4.255810287511751,2.0829327163864945e-05,0.0004870822438785,True,up_in_MC1,darkgrey,darkgrey,7,1.014991047190245,True,True,down_in_tested,ST6GALNAC4
ENSG00000125863,MKKS,MKKS centrosomal shuttling protein,MC100_vs_MC1,119.93009058047936,1.6498442729223617,0.3907541858591161,4.222204988783415,2.4192393343776057e-05,0.000555844006892,True,up_in_MC100,dimgrey,dimgrey,10,1.6498442729223617,True,True,up_in_tested,MKKS
ENSG00000164751,PEX2,peroxisomal biogenesis factor 2,MC100_vs_MC1,178.950988456592,1.3151130524027188,0.3119349092553884,4.2159854937108205,2.4868974687158705e-05,0.0005689048274629,True,up_in_MC100,mistyrose,mistyrose,17,1.3151130524027188,True,True,up_in_tested,PEX2
ENSG00000103043,VAC14,VAC14 component of PIKFYVE complex,MC100_vs_MC1,191.5653233022116,1.3513937558518796,0.3206572720508249,4.214449113250364,2.5038859680165e-05,0.0005703115160484,True,up_in_MC100,dimgrey,dimgrey,10,1.3513937558518796,True,True,up_in_tested,VAC14
ENSG00000154146,NRGN,neurogranin,MC100_vs_MC1,595.2835091868874,-1.130171505130947,0.2691014463087061,-4.199797216379299,2.671541359192904e-05,0.0006006972162988,True,up_in_MC1,darkgrey,darkgrey,7,1.130171505130947,True,True,down_in_tested,NRGN
ENSG00000244694,PTCHD4,patched domain containing 4,MC100_vs_MC1,28.91493691937441,3.186494493580774,0.7617750889117223,4.1829859494789,2.877051793923848e-05,0.0006320504389866,True,up_in_MC100,mistyrose,mistyrose,17,3.186494493580774,True,True,up_in_tested,PTCHD4
ENSG00000072134,EPN2,epsin 2,MC100_vs_MC1,244.3917238055868,-1.4825297837733826,0.3568943513803101,-4.153973796558031,3.2675060948251195e-05,0.000697086463313,True,up_in_MC1,gainsboro,gainsboro,12,1.4825297837733826,True,True,down_in_tested,EPN2
ENSG00000173465,ZNRD2,zinc ribbon domain containing 2,MC100_vs_MC1,340.2778195858065,1.0770355460903889,0.2607249800742262,4.130925796921206,3.613052027155195e-05,0.0007488908288146,True,up_in_MC100,mistyrose,mistyrose,17,1.0770355460903889,True,True,up_in_tested,ZNRD2
ENSG00000138080,EMILIN1,elastin microfibril interfacer 1,MC100_vs_MC1,1231.5062352082011,-1.5198910877617902,0.3687933690820164,-4.1212538380097055,3.7681595924595824e-05,0.0007707793162599,True,up_in_MC1,dimgrey,dimgrey,10,1.5198910877617902,True,True,down_in_tested,EMILIN1
ENSG00000148290,SURF1,SURF1 cytochrome c oxidase assembly factor,MC100_vs_MC1,59.43368083456821,1.8097484780083672,0.4452903386798313,4.064198840185473,4.819772538531251e-05,0.0009444779594592,True,up_in_MC100,dimgrey,dimgrey,10,1.8097484780083672,True,True,up_in_tested,SURF1
ENSG00000146072,TNFRSF21,TNF receptor superfamily member 21,MC100_vs_MC1,215.414041010528,-1.14873378065437,0.2832738871228324,-4.055205343217038,5.009027953651756e-05,0.0009690947526865,True,up_in_MC1,darkgrey,darkgrey,7,1.14873378065437,True,True,down_in_tested,TNFRSF21
ENSG00000055070,SZRD1,SUZ RNA binding domain containing 1,MC100_vs_MC1,61.04612117378216,-2.436542823548579,0.6043896313995136,-4.031410694300901,5.544306367746959e-05,0.0010512204668072,True,up_in_MC1,gainsboro,gainsboro,12,2.436542823548579,True,True,down_in_tested,SZRD1
ENSG00000167720,SRR,serine racemase,MC100_vs_MC1,40.53916656202088,2.8154176427961843,0.6992002253182505,4.026625765909484,5.658298080950623e-05,0.0010667580776152,True,up_in_MC100,dimgrey,dimgrey,10,2.8154176427961843,True,True,up_in_tested,SRR
ENSG00000148296,SURF6,surfeit 6,MC100_vs_MC1,125.32604362624112,-1.692807370757659,0.4204989623089854,-4.025711172894103,5.680337712479491e-05,0.0010667580776152,True,up_in_MC1,dimgrey,dimgrey,10,1.692807370757659,True,True,down_in_tested,SURF6
ENSG00000135336,ORC3,origin recognition complex subunit 3,MC100_vs_MC1,222.0988293258756,1.1109961878637276,0.2770336440606834,4.010329473269199,6.063407893152469e-05,0.0011233317123176,True,up_in_MC100,mistyrose,mistyrose,17,1.1109961878637276,True,True,up_in_tested,ORC3
ENSG00000164808,SPIDR,scaffold protein involved in DNA repair,MC100_vs_MC1,157.58796993982878,1.1335749892831612,0.2832133906817816,4.002547289710766,6.266413744499672e-05,0.0011479128481165,True,up_in_MC100,mistyrose,mistyrose,17,1.1335749892831612,True,True,up_in_tested,SPIDR
ENSG00000105373,NOP53,NOP53 ribosome biogenesis factor,MC100_vs_MC1,238.72492742688348,1.3032458630049857,0.3260124872432872,3.9975335731003367,6.400591516237391e-05,0.0011652841613385,True,up_in_MC100,dimgrey,dimgrey,10,1.3032458630049857,True,True,up_in_tested,NOP53
ENSG00000140988,RPS2,ribosomal protein S2,MC100_vs_MC1,5915.988427027063,1.014028019697547,0.2538598884401459,3.994439712111631,6.48474188306913e-05,0.0011765334281989,True,up_in_MC100,dimgrey,dimgrey,10,1.014028019697547,True,True,up_in_tested,RPS2
ENSG00000169957,ZNF768,zinc finger protein 768,MC100_vs_MC1,321.2349824820953,-1.146811491997075,0.2877454477561583,-3.985506985218783,6.733619621650782e-05,0.0012091788272803,True,up_in_MC1,dimgrey,dimgrey,10,1.146811491997075,True,True,down_in_tested,ZNF768
ENSG00000204520,MICA,MHC class I polypeptide-related sequence A,MC100_vs_MC1,90.67025417554204,1.5415310126925323,0.3889225075167661,3.963594245380819,7.382969730927444e-05,0.0013036837301068,True,up_in_MC100,dimgrey,dimgrey,10,1.5415310126925323,True,True,up_in_tested,MICA
ENSG00000136143,SUCLA2,succinate-CoA ligase ADP-forming subunit beta,MC100_vs_MC1,223.967459993224,1.0067367988636569,0.2540858149607856,3.962192061052412,7.426476019839479e-05,0.0013068362400797,True,up_in_MC100,mistyrose,mistyrose,17,1.0067367988636569,True,True,up_in_tested,SUCLA2
ENSG00000165490,DDIAS,DNA damage induced apoptosis suppressor,MC100_vs_MC1,125.34712335077911,1.4555273998702574,0.3695305182816009,3.9388557314258734,8.187113864642391e-05,0.0014193245337336,True,up_in_MC100,dimgrey,dimgrey,10,1.4555273998702574,True,True,up_in_tested,DDIAS
ENSG00000120913,PDLIM2,PDZ and LIM domain 2,MC100_vs_MC1,3320.139373753194,-1.2264589497735523,0.3144791766413325,-3.899968712943892,9.620511948338664e-05,0.0016223821671853,True,up_in_MC1,darkgrey,darkgrey,7,1.2264589497735523,True,True,down_in_tested,PDLIM2
ENSG00000160392,C19orf47,chromosome 19 open reading frame 47,MC100_vs_MC1,397.052090714076,-1.016935133900307,0.261628860704229,-3.8869378980706206,0.0001015167120348,0.0016983471553942,True,up_in_MC1,darkgrey,darkgrey,7,1.016935133900307,True,True,down_in_tested,C19orf47
ENSG00000198894,CIPC,CLOCK interacting pacemaker,MC100_vs_MC1,92.8714184837407,1.427940858738777,0.3677986727533525,3.8823980740581976,0.0001034313749681,0.0017167324271131,True,up_in_MC100,dimgrey,dimgrey,10,1.427940858738777,True,True,up_in_tested,CIPC
ENSG00000288722,F8A1,coagulation factor VIII associated 1,MC100_vs_MC1,220.54545447991896,1.3195250837135866,0.3402370783079104,3.878251865657724,0.0001052097629708,0.001738025644807,True,up_in_MC100,dimgrey,dimgrey,10,1.3195250837135866,True,True,up_in_tested,F8A1
ENSG00000118181,RPS25,ribosomal protein S25,MC100_vs_MC1,2166.456982979321,1.537731130320805,0.3965491343579357,3.8777820882413225,0.0001054130695778,0.0017386547510469,True,up_in_MC100,dimgrey,dimgrey,10,1.537731130320805,True,True,up_in_tested,RPS25
ENSG00000134056,KGD4,alpha-ketoglutarate dehydrogenase subunit 4,MC100_vs_MC1,264.99094082959846,1.0940178327514614,0.2825093071846315,3.872501913844825,0.0001077238298022,0.0017684522012622,True,up_in_MC100,dimgrey,dimgrey,10,1.0940178327514614,True,True,up_in_tested,KGD4
ENSG00000105708,ZNF14,zinc finger protein 14,MC100_vs_MC1,23.779762557193973,3.982361049393704,1.0289190891502742,3.8704316902921,0.000108642797251,0.0017779909105326,True,up_in_MC100,dimgrey,dimgrey,10,3.982361049393704,True,True,up_in_tested,ZNF14
ENSG00000108561,C1QBP,complement C1q binding protein,MC100_vs_MC1,421.6338805101154,1.0902069187251835,0.2823419603867499,3.861299670909084,0.0001127854672266,0.0018287233769274,True,up_in_MC100,dimgrey,dimgrey,10,1.0902069187251835,True,True,up_in_tested,C1QBP
ENSG00000064601,CTSA,cathepsin A,MC100_vs_MC1,151.6170226013475,1.282844374281179,0.3323854194702559,3.859508567871993,0.0001136152738859,0.0018393438878492,True,up_in_MC100,dimgrey,dimgrey,10,1.282844374281179,True,True,up_in_tested,CTSA
ENSG00000050426,LETMD1,LETM1 domain containing 1,MC100_vs_MC1,173.91276657354638,1.217759370683965,0.3157734551800273,3.856433625776749,0.0001150533194931,0.0018540675053997,True,up_in_MC100,dimgrey,dimgrey,10,1.217759370683965,True,True,up_in_tested,LETMD1
ENSG00000196924,FLNA,filamin A,MC100_vs_MC1,22901.083697114373,-1.3429654759213292,0.3487464034907319,-3.850836775602817,0.0001177149365239,0.0018911668351786,True,up_in_MC1,dimgrey,dimgrey,10,1.3429654759213292,True,True,down_in_tested,FLNA
ENSG00000122386,ZNF205,zinc finger protein 205,MC100_vs_MC1,112.4854125161533,-1.5406618409496249,0.400360380388529,-3.848187574041398,0.0001189949290927,0.00190012691782,True,up_in_MC1,darkgrey,darkgrey,7,1.5406618409496249,True,True,down_in_tested,ZNF205
ENSG00000187713,TMEM203,transmembrane protein 203,MC100_vs_MC1,135.22728465325326,1.2239543589106303,0.318137803948634,3.847245890677764,0.0001194530675726,0.0019045524697987,True,up_in_MC100,dimgrey,dimgrey,10,1.2239543589106303,True,True,up_in_tested,TMEM203
ENSG00000183020,AP2A2,adaptor related protein complex 2 subunit alpha 2,MC100_vs_MC1,73.74681432533025,1.600468570135629,0.4170142881353353,3.8379226220091103,0.0001240795654347,0.0019693654103613,True,up_in_MC100,dimgrey,dimgrey,10,1.600468570135629,True,True,up_in_tested,AP2A2
ENSG00000142173,COL6A2,collagen type VI alpha 2 chain,MC100_vs_MC1,7247.466943386161,-1.1122282336178375,0.2900414587095862,-3.8347215552087466,0.0001257066183136,0.0019891890894949,True,up_in_MC1,darkgrey,darkgrey,7,1.1122282336178375,True,True,down_in_tested,COL6A2
ENSG00000120709,FAM53C,family with sequence similarity 53 member C,MC100_vs_MC1,238.6024447487221,-1.0141383130570314,0.2648739459780078,-3.828758277121126,0.0001287914254879,0.0020258178929884,True,up_in_MC1,darkgrey,darkgrey,7,1.0141383130570314,True,True,down_in_tested,FAM53C
ENSG00000161682,FAM171A2,family with sequence similarity 171 member A2,MC100_vs_MC1,98.0681263279,-1.405576681525225,0.3679424999021759,-3.820098743414861,0.0001333982586084,0.0020920266398459,True,up_in_MC1,darkgrey,darkgrey,7,1.405576681525225,True,True,down_in_tested,FAM171A2
ENSG00000010626,LRRC23,leucine rich repeat containing 23,MC100_vs_MC1,76.92737580443749,-1.476812127823091,0.3868818968483515,-3.817216933264692,0.0001349654943668,0.0021071838237721,True,up_in_MC1,darkgrey,darkgrey,7,1.476812127823091,True,True,down_in_tested,LRRC23
ENSG00000176731,RBIS,ribosomal biogenesis factor,MC100_vs_MC1,189.46076915168769,1.361780839194643,0.3603352433454858,3.7792052382979953,0.000157329710853,0.0023483412018532,True,up_in_MC100,dimgrey,dimgrey,10,1.361780839194643,True,True,up_in_tested,RBIS
ENSG00000111057,KRT18,keratin 18,MC100_vs_MC1,241.66174118925332,1.0736573901287052,0.2843291557536562,3.77610726301641,0.0001592984132072,0.0023676514155083,True,up_in_MC100,dimgrey,dimgrey,10,1.0736573901287052,True,True,up_in_tested,KRT18
ENSG00000151332,MBIP,MAP3K12 binding inhibitory protein 1,MC100_vs_MC1,103.1566822529376,1.773752033954822,0.4707091873011706,3.768254544009855,0.0001643930245156,0.0024364898548988,True,up_in_MC100,mistyrose,mistyrose,17,1.773752033954822,True,True,up_in_tested,MBIP
ENSG00000153006,SREK1IP1,SREK1 interacting protein 1,MC100_vs_MC1,1110.5990416348648,1.0411258998598665,0.276574611281091,3.7643581782050815,0.0001669774021994,0.0024643803693473,True,up_in_MC100,dimgrey,dimgrey,10,1.0411258998598665,True,True,up_in_tested,SREK1IP1
ENSG00000102007,PLP2,proteolipid protein 2,MC100_vs_MC1,57.57269923667013,2.011372617147712,0.5354294215239476,3.756559756135388,0.0001722651521629,0.0025107288036166,True,up_in_MC100,dimgrey,dimgrey,10,2.011372617147712,True,True,up_in_tested,PLP2
ENSG00000133250,ZNF414,zinc finger protein 414,MC100_vs_MC1,163.7145799718861,-1.1509721514921352,0.3066818142908956,-3.7529846826861686,0.0001747415361171,0.0025327895104145,True,up_in_MC1,darkgrey,darkgrey,7,1.1509721514921352,True,True,down_in_tested,ZNF414
ENSG00000168268,NT5DC2,5'-nucleotidase domain containing 2,MC100_vs_MC1,412.9380051765147,1.080824845434065,0.2883764273544572,3.747965308223934,0.0001782749044343,0.0025804495452037,True,up_in_MC100,dimgrey,dimgrey,10,1.080824845434065,True,True,up_in_tested,NT5DC2
ENSG00000143756,FBXO28,F-box protein 28,MC100_vs_MC1,218.27640134901512,1.0259642097236064,0.274104323645682,3.742969815572146,0.0001818580815912,0.0026230034544661,True,up_in_MC100,mistyrose,mistyrose,17,1.0259642097236064,True,True,up_in_tested,FBXO28
ENSG00000198225,FKBP1C,FKBP prolyl isomerase family member 1C,MC100_vs_MC1,247.16966511242336,-1.159157252452834,0.3122834360027316,-3.7118755553935134,0.0002057291352052,0.0029137115609217,True,up_in_MC1,dimgrey,dimgrey,10,1.159157252452834,True,True,down_in_tested,FKBP1C
ENSG00000213719,CLIC1,CLIC family member 1,MC100_vs_MC1,59.76986383529648,1.3897667215496536,0.3764363455352299,3.691903659232576,0.0002225817834877,0.003122970810189,True,up_in_MC100,dimgrey,dimgrey,10,1.3897667215496536,True,True,up_in_tested,CLIC1
ENSG00000157240,FZD1,frizzled class receptor 1,MC100_vs_MC1,171.42189152892055,1.2172721632502037,0.331854756150286,3.66808713960074,0.0002443719045338,0.0033880442047562,True,up_in_MC100,mistyrose,mistyrose,17,1.2172721632502037,True,True,up_in_tested,FZD1
ENSG00000198324,PHETA1,PH domain containing endocytic trafficking adaptor 1,MC100_vs_MC1,138.876496878903,-1.399127102754009,0.3815924952768987,-3.6665477441812553,0.0002458470347977,0.0033995379069334,True,up_in_MC1,darkgrey,darkgrey,7,1.399127102754009,True,True,down_in_tested,PHETA1
ENSG00000170468,RIOX1,ribosomal oxygenase 1,MC100_vs_MC1,335.46092841014735,-1.0387723810932132,0.2846459673796556,-3.649348665135725,0.0002629060671275,0.0035651553407001,True,up_in_MC1,darkgrey,darkgrey,7,1.0387723810932132,True,True,down_in_tested,RIOX1
ENSG00000013275,PSMC4,"proteasome 26S subunit, ATPase 4",MC100_vs_MC1,180.04306971316183,1.107297140396691,0.3046901064148897,3.634174911110863,0.0002788716339072,0.0037344922141663,True,up_in_MC100,dimgrey,dimgrey,10,1.107297140396691,True,True,up_in_tested,PSMC4
ENSG00000166971,AKTIP,AKT interacting protein,MC100_vs_MC1,57.96200586371115,2.001939957453944,0.5511370328202936,3.632381491785376,0.0002808175528939,0.0037548197066118,True,up_in_MC100,dimgrey,dimgrey,10,2.001939957453944,True,True,up_in_tested,AKTIP
ENSG00000134255,CEPT1,choline/ethanolamine phosphotransferase 1,MC100_vs_MC1,234.79362281594183,-1.1911746283535676,0.3282068988301443,-3.629340615932731,0.0002841461076663,0.0037945044301687,True,up_in_MC1,gainsboro,gainsboro,12,1.1911746283535676,True,True,down_in_tested,CEPT1
ENSG00000171130,ATP6V0E2,ATPase H+ transporting V0 subunit e2,MC100_vs_MC1,137.82803767989574,-1.3526922985543066,0.3737427586309585,-3.619313732015296,0.0002953853440963,0.0039098616049387,True,up_in_MC1,darkgrey,darkgrey,7,1.3526922985543066,True,True,down_in_tested,ATP6V0E2
ENSG00000184508,HDDC3,HD domain containing 3,MC100_vs_MC1,60.959136210243805,-1.6241049301402473,0.4515628879355447,-3.596630665476807,0.0003223656860891,0.0042087520033699,True,up_in_MC1,darkgrey,darkgrey,7,1.6241049301402473,True,True,down_in_tested,HDDC3
ENSG00000181513,ACBD4,acyl-CoA binding domain containing 4,MC100_vs_MC1,78.97072426660301,-1.6630448359485792,0.4628679041236447,-3.592914568352388,0.000326999821562,0.0042429335663343,True,up_in_MC1,darkgrey,darkgrey,7,1.6630448359485792,True,True,down_in_tested,ACBD4
ENSG00000132005,RFX1,regulatory factor X1,MC100_vs_MC1,104.31687482581202,-1.642549023688152,0.4574534177694945,-3.590636685363697,0.0003298711848215,0.0042644158204884,True,up_in_MC1,gainsboro,gainsboro,12,1.642549023688152,True,True,down_in_tested,RFX1
ENSG00000149596,JPH2,junctophilin 2,MC100_vs_MC1,44.33414059308286,-1.8931997572538484,0.5275488682393841,-3.588671820246949,0.000332366913173,0.0042909502977755,True,up_in_MC1,darkgrey,darkgrey,7,1.8931997572538484,True,True,down_in_tested,JPH2
ENSG00000005884,ITGA3,integrin subunit alpha 3,MC100_vs_MC1,2002.1873760969256,-1.1418145801880433,0.3186586952962623,-3.583189779668429,0.0003394238164426,0.0043664508807169,True,up_in_MC1,darkgrey,darkgrey,7,1.1418145801880433,True,True,down_in_tested,ITGA3
ENSG00000126581,BECN1,beclin 1,MC100_vs_MC1,87.06818878836987,-1.9817042237117544,0.5557189761927438,-3.566018632814199,0.0003624456135006,0.0046004412479032,True,up_in_MC1,darkgrey,darkgrey,7,1.9817042237117544,True,True,down_in_tested,BECN1
ENSG00000223865,HLA-DPB1,"major histocompatibility complex, class II, DP beta 1",MC100_vs_MC1,57.04175306659505,2.352488972887215,0.6598612947123099,3.5651264769406827,0.0003636807680175,0.0046053101345958,True,up_in_MC100,dimgrey,dimgrey,10,2.352488972887215,True,True,up_in_tested,HLA-DPB1
ENSG00000104866,PPP1R37,protein phosphatase 1 regulatory subunit 37,MC100_vs_MC1,292.431123177176,-1.1967026843738622,0.3369347665242972,-3.551734054394665,0.0003827014548455,0.0047828591559856,True,up_in_MC1,darkgrey,darkgrey,7,1.1967026843738622,True,True,down_in_tested,PPP1R37
ENSG00000156958,GALK2,galactokinase 2,MC100_vs_MC1,98.52574813610222,1.413227289398198,0.398176485698204,3.549248486936888,0.0003863323302197,0.0048130285604313,True,up_in_MC100,white,white,28,1.413227289398198,True,True,up_in_tested,GALK2
ENSG00000169594,BNC1,basonuclin zinc finger protein 1,MC100_vs_MC1,28.80584833005024,2.6962865510600054,0.7608856894195468,3.5436158000512648,0.0003946799407121,0.0049034439387408,True,up_in_MC100,dimgrey,dimgrey,10,2.6962865510600054,True,True,up_in_tested,BNC1
ENSG00000153066,TXNDC11,thioredoxin domain containing 11,MC100_vs_MC1,49.96991428563536,1.9322588713559208,0.5490600310369336,3.519212403253487,0.0004328300297615,0.0051993954374204,True,up_in_MC100,dimgrey,dimgrey,10,1.9322588713559208,True,True,up_in_tested,TXNDC11
ENSG00000185386,MAPK11,mitogen-activated protein kinase 11,MC100_vs_MC1,138.3067057081279,-1.2431047544559253,0.3544994440353582,-3.5066479662290715,0.0004537890611042,0.0054042447233448,True,up_in_MC1,darkgrey,darkgrey,7,1.2431047544559253,True,True,down_in_tested,MAPK11
ENSG00000196576,PLXNB2,plexin B2,MC100_vs_MC1,1825.867559799671,-1.0773691352363295,0.3078687467231068,-3.499443014932924,0.000466231248666,0.0055063427942909,True,up_in_MC1,dimgrey,dimgrey,10,1.0773691352363295,True,True,down_in_tested,PLXNB2
ENSG00000179627,ZBTB42,zinc finger and BTB domain containing 42,MC100_vs_MC1,40.235382579582186,-1.9496451418978205,0.5599740628022338,-3.481670440486772,0.0004982965498405,0.0058026109081592,True,up_in_MC1,darkgrey,darkgrey,7,1.9496451418978205,True,True,down_in_tested,ZBTB42
ENSG00000108840,HDAC5,histone deacetylase 5,MC100_vs_MC1,256.83291986743785,-1.1839768133102735,0.3401238176532988,-3.4810170645477885,0.0004995136661227,0.0058039761191496,True,up_in_MC1,dimgrey,dimgrey,10,1.1839768133102735,True,True,down_in_tested,HDAC5
ENSG00000007952,NOX1,NADPH oxidase 1,MC100_vs_MC1,90.9100726210658,-1.5134604051319802,0.4355666591132602,-3.4746929625263987,0.0005114383761496,0.0059141384969485,True,up_in_MC1,darkgrey,darkgrey,7,1.5134604051319802,True,True,down_in_tested,NOX1
ENSG00000101160,CTSZ,cathepsin Z,MC100_vs_MC1,1213.9043402548043,-1.5615480343352524,0.4494959775907153,-3.4739977934955104,0.0005127652504064,0.0059164788706437,True,up_in_MC1,darkgrey,darkgrey,7,1.5615480343352524,True,True,down_in_tested,CTSZ
ENSG00000022976,ZNF839,zinc finger protein 839,MC100_vs_MC1,79.45281982469307,-1.9526966422465384,0.5623743467676505,-3.472236337717073,0.0005161417342828,0.0059424064221651,True,up_in_MC1,gainsboro,gainsboro,12,1.9526966422465384,True,True,down_in_tested,ZNF839
ENSG00000198888,MT-ND1,NADH dehydrogenase subunit 1,MC100_vs_MC1,38618.69869721848,1.08399304150023,0.3126681815632762,3.466911906675278,0.0005264744023095,0.0060218371038078,True,up_in_MC100,dimgrey,dimgrey,10,1.08399304150023,True,True,up_in_tested,MT-ND1
ENSG00000172594,SMPDL3A,sphingomyelin phosphodiesterase acid like 3A,MC100_vs_MC1,73.76813892346037,1.2939289106582337,0.3739991074086904,3.4597112266481496,0.0005407549690625,0.0061650753406777,True,up_in_MC100,mistyrose,mistyrose,17,1.2939289106582337,True,True,up_in_tested,SMPDL3A
ENSG00000183172,SMDT1,single-pass membrane protein with aspartate rich tail 1,MC100_vs_MC1,142.12220195217108,1.3362753655702682,0.3868956276228674,3.453839408267553,0.0005526663725718,0.0062804624606631,True,up_in_MC100,dimgrey,dimgrey,10,1.3362753655702682,True,True,up_in_tested,SMDT1
ENSG00000163702,IL17RC,interleukin 17 receptor C,MC100_vs_MC1,41.68179749668812,-1.823961380247388,0.5287385035651221,-3.449647354881428,0.0005613192889203,0.006365046203996,True,up_in_MC1,darkgrey,darkgrey,7,1.823961380247388,True,True,down_in_tested,IL17RC
ENSG00000184983,NDUFA6,NADH:ubiquinone oxidoreductase subunit A6,MC100_vs_MC1,502.2321048088789,1.2226036526654802,0.3544448416610369,3.4493481325217927,0.0005619417204313,0.0063652451282009,True,up_in_MC100,dimgrey,dimgrey,10,1.2226036526654802,True,True,up_in_tested,NDUFA6
ENSG00000128463,EMC4,ER membrane protein complex subunit 4,MC100_vs_MC1,25.91514588880628,2.4755043054650154,0.7194880342221216,3.4406469429910955,0.0005803252280338,0.0065034743073486,True,up_in_MC100,dimgrey,dimgrey,10,2.4755043054650154,True,True,up_in_tested,EMC4
ENSG00000113597,TRAPPC13,trafficking protein particle complex subunit 13,MC100_vs_MC1,117.01432637919736,1.282651295527309,0.3729027057767238,3.439640623834194,0.0005824870881867,0.0065207570521159,True,up_in_MC100,dimgrey,dimgrey,10,1.282651295527309,True,True,up_in_tested,TRAPPC13
ENSG00000175202,HIGD2B,HIG1 hypoxia inducible domain family member 2B,MC100_vs_MC1,23.0510303289916,-2.367077998461688,0.6918673496229432,-3.421288777034656,0.0006232511644134,0.0068460041786249,True,up_in_MC1,darkgrey,darkgrey,7,2.367077998461688,True,True,down_in_tested,HIGD2B
ENSG00000284862,CCDC39,coiled-coil domain 39 molecular ruler complex subunit,MC100_vs_MC1,36.9121640181181,-2.211751514351033,0.6477334808054793,-3.4146011899842543,0.0006387546210296,0.0069438170217921,True,up_in_MC1,gainsboro,gainsboro,12,2.211751514351033,True,True,down_in_tested,CCDC39
ENSG00000157766,ACAN,aggrecan,MC100_vs_MC1,144.7941596118124,-1.2587574180810173,0.3717080240229736,-3.386414434796325,0.0007081235516034,0.0075344632290421,True,up_in_MC1,dimgrey,dimgrey,10,1.2587574180810173,True,True,down_in_tested,ACAN
ENSG00000167315,ACAA2,acetyl-CoA acyltransferase 2,MC100_vs_MC1,145.89466413195515,1.2005725066798227,0.3546214604758086,3.385504377171564,0.000710475764117,0.0075518550159637,True,up_in_MC100,dimgrey,dimgrey,10,1.2005725066798227,True,True,up_in_tested,ACAA2
ENSG00000244038,DDOST,dolichyl-diphosphooligosaccharide--protein glycosyltransferase non-catalytic subunit,MC100_vs_MC1,89.19472661647252,1.476966074544368,0.4389849014582311,3.3645031290100063,0.0007668161477157,0.0080051650023934,True,up_in_MC100,dimgrey,dimgrey,10,1.476966074544368,True,True,up_in_tested,DDOST
ENSG00000110203,FOLR3,folate receptor gamma,MC100_vs_MC1,25.10695347064951,2.6863670479025954,0.7998544705776012,3.358569773277233,0.0007834693965482,0.0081497665322925,True,up_in_MC100,dimgrey,dimgrey,10,2.6863670479025954,True,True,up_in_tested,FOLR3
ENSG00000142686,C1orf216,chromosome 1 open reading frame 216,MC100_vs_MC1,333.7985661108563,-1.0138466954870908,0.301877967179459,-3.3584653592303546,0.0007837654405283,0.0081497665322925,True,up_in_MC1,darkgrey,darkgrey,7,1.0138466954870908,True,True,down_in_tested,C1orf216
ENSG00000213339,QTRT1,queuine tRNA-ribosyltransferase catalytic subunit 1,MC100_vs_MC1,161.38772958887898,-1.2602816527986571,0.3755147409353714,-3.3561442878631493,0.0007903732173931,0.0082022656475617,True,up_in_MC1,darkgrey,darkgrey,7,1.2602816527986571,True,True,down_in_tested,QTRT1
ENSG00000106367,AP1S1,adaptor related protein complex 1 subunit sigma 1,MC100_vs_MC1,1118.052561172107,-1.1944315891051114,0.3572388046034746,-3.3435102058156816,0.0008272565109763,0.0084763585832563,True,up_in_MC1,darkgrey,darkgrey,7,1.1944315891051114,True,True,down_in_tested,AP1S1
ENSG00000129932,DOHH,deoxyhypusine hydroxylase,MC100_vs_MC1,328.38547731203874,-1.411988881570487,0.4248290789666967,-3.323663448379851,0.0008884334291686,0.0089549664512852,True,up_in_MC1,darkgrey,darkgrey,7,1.411988881570487,True,True,down_in_tested,DOHH
ENSG00000105700,KXD1,KxDL motif containing 1,MC100_vs_MC1,128.87865023119704,1.2208207992969982,0.3674964891348552,3.321993094875554,0.0008937690567658,0.0089915217823583,True,up_in_MC100,dimgrey,dimgrey,10,1.2208207992969982,True,True,up_in_tested,KXD1
ENSG00000172061,LRRC15,leucine rich repeat containing 15,MC100_vs_MC1,136.546464591045,-1.2236111562129828,0.3694008138427903,-3.31242138717574,0.000924921161393,0.0092342935306823,True,up_in_MC1,darkgrey,darkgrey,7,1.2236111562129828,True,True,down_in_tested,LRRC15
ENSG00000227057,WDR46,WD repeat domain 46,MC100_vs_MC1,105.34090482733228,1.1747482550520283,0.3564418122685709,3.295764454723628,0.0009815427335758,0.0096350505460999,True,up_in_MC100,dimgrey,dimgrey,10,1.1747482550520283,True,True,up_in_tested,WDR46
ENSG00000135776,ABCB10,ATP binding cassette subfamily B member 10,MC100_vs_MC1,125.0945361362717,1.0687511534622725,0.3247906518260949,3.290584711885494,0.0009997939352662,0.0097777245174783,True,up_in_MC100,mistyrose,mistyrose,17,1.0687511534622725,True,True,up_in_tested,ABCB10
ENSG00000223611,SUPT20HL2,SUPT20H like 2,MC100_vs_MC1,66.85073292387261,-1.7639648613353471,0.5365557925833214,-3.287570250322891,0.0010105597254735,0.0098555328926395,True,up_in_MC1,darkgrey,darkgrey,7,1.7639648613353471,True,True,down_in_tested,SUPT20HL2
ENSG00000253710,ALG11,"ALG11 alpha-1,2-mannosyltransferase",MC100_vs_MC1,286.0956995305089,-1.5812918905674689,0.4810910858459542,-3.2868866979460094,0.0010130158300793,0.0098703384999304,True,up_in_MC1,gainsboro,gainsboro,12,1.5812918905674689,True,True,down_in_tested,ALG11
ENSG00000225973,PIGBOS1,PIGB opposite strand 1,MC100_vs_MC1,121.65825563188852,1.0937054696967037,0.3336434735545609,3.278066428348251,0.0010452079549498,0.0100998377501718,True,up_in_MC100,dimgrey,dimgrey,10,1.0937054696967037,True,True,up_in_tested,PIGBOS1
ENSG00000185475,TMEM179B,transmembrane protein 179B,MC100_vs_MC1,34.7181739324737,1.5440000439577577,0.4715978005285366,3.2739763464277,0.0010604548769111,0.0101817214139922,True,up_in_MC100,dimgrey,dimgrey,10,1.5440000439577577,True,True,up_in_tested,TMEM179B
ENSG00000182118,FAM89A,family with sequence similarity 89 member A,MC100_vs_MC1,81.44698265835113,1.2259171666480144,0.3745894299113556,3.2726955668186384,0.0010652714823298,0.0102093368019645,True,up_in_MC100,dimgrey,dimgrey,10,1.2259171666480144,True,True,up_in_tested,FAM89A
ENSG00000187866,PABIR1,PP2A Aalpha (PPP2R1A) and B55A (PPP2R2A) interacting phosphatase regulator 1,MC100_vs_MC1,151.08242908752197,1.025369202188899,0.313467468788105,3.2710545887044464,0.0010714722569821,0.0102314905265184,True,up_in_MC100,dimgrey,dimgrey,10,1.025369202188899,True,True,up_in_tested,PABIR1
ENSG00000165275,TRMT10B,tRNA methyltransferase 10B,MC100_vs_MC1,91.11557140215184,-1.0695685956852652,0.3270766485132698,-3.2700854694060246,0.0010751499387108,0.0102573008205387,True,up_in_MC1,darkgrey,darkgrey,7,1.0695685956852652,True,True,down_in_tested,TRMT10B
ENSG00000188015,S100A3,S100 calcium binding protein A3,MC100_vs_MC1,47.7777189619367,-1.7134113225483645,0.5248312856107686,-3.2646897574987253,0.0010958403279057,0.0104263361397395,True,up_in_MC1,darkgrey,darkgrey,7,1.7134113225483645,True,True,down_in_tested,S100A3
ENSG00000181222,POLR2A,RNA polymerase II subunit A,MC100_vs_MC1,26.01214127099353,-2.0436675192839946,0.6276443285308082,-3.2560917487581187,0.0011295724409288,0.0106224225164382,True,up_in_MC1,darkgrey,darkgrey,7,2.0436675192839946,True,True,down_in_tested,POLR2A
ENSG00000181004,BBS12,Bardet-Biedl syndrome 12,MC100_vs_MC1,49.32104224555215,1.67743478227116,0.5162594509997787,3.2492088600463784,0.0011572647374124,0.0108045396261666,True,up_in_MC100,mistyrose,mistyrose,17,1.67743478227116,True,True,up_in_tested,BBS12
ENSG00000172728,POFUT3,protein O-fucosyltransferase 3,MC100_vs_MC1,68.81723913957377,1.5701954602407056,0.4833186939788024,3.248778662613807,0.0011590162377201,0.0108045396261666,True,up_in_MC100,mistyrose,mistyrose,17,1.5701954602407056,True,True,up_in_tested,POFUT3
ENSG00000255423,EBLN2,endogenous Bornavirus like nucleoprotein 2,MC100_vs_MC1,74.998081003455,1.3869296586242317,0.4273566333995587,3.2453682714397374,0.0011729881982169,0.010909549629454,True,up_in_MC100,mistyrose,mistyrose,17,1.3869296586242317,True,True,up_in_tested,EBLN2
ENSG00000197021,EOLA2,endothelium and lymphocyte associated ASCH domain 2,MC100_vs_MC1,50.125570033938914,1.6874727479718887,0.5235432441963332,3.223177391128882,0.0012677701548303,0.0114709762160613,True,up_in_MC100,dimgrey,dimgrey,10,1.6874727479718887,True,True,up_in_tested,EOLA2
ENSG00000104936,DMPK,DM1 protein kinase,MC100_vs_MC1,62.25667913423788,1.3692482410742708,0.4269941524468422,3.2067142681649083,0.0013426027771798,0.0120240076802242,True,up_in_MC100,dimgrey,dimgrey,10,1.3692482410742708,True,True,up_in_tested,DMPK
ENSG00000126562,WNK4,WNK lysine deficient protein kinase 4,MC100_vs_MC1,77.69670392742289,1.3977538741621949,0.4363827000216145,3.2030460283896733,0.0013598224528395,0.012151195241029,True,up_in_MC100,dimgrey,dimgrey,10,1.3977538741621949,True,True,up_in_tested,WNK4
ENSG00000157349,DDX19B,DEAD-box helicase 19B,MC100_vs_MC1,98.36033886241349,1.5096343753132455,0.4714523657621184,3.202093116815464,0.0013643288824371,0.0121668074829539,True,up_in_MC100,dimgrey,dimgrey,10,1.5096343753132455,True,True,up_in_tested,DDX19B
ENSG00000148832,PAOX,polyamine oxidase,MC100_vs_MC1,77.0290686314665,-1.5067909777233548,0.4720832349444221,-3.191790909289011,0.0014139364691148,0.0124822596178656,True,up_in_MC1,darkgrey,darkgrey,7,1.5067909777233548,True,True,down_in_tested,PAOX
ENSG00000101004,NINL,ninein like,MC100_vs_MC1,81.00109358882229,-1.402788464753767,0.4404649911844718,-3.184789921626854,0.0014485912603347,0.012734775131581,True,up_in_MC1,darkgrey,darkgrey,7,1.402788464753767,True,True,down_in_tested,NINL
ENSG00000166341,DCHS1,dachsous cadherin-related 1,MC100_vs_MC1,115.27043293000328,-1.62827054921358,0.5140694288421046,-3.1674136952300658,0.0015380135408064,0.0133535614603186,True,up_in_MC1,darkgrey,darkgrey,7,1.62827054921358,True,True,down_in_tested,DCHS1
ENSG00000161011,SQSTM1,sequestosome 1,MC100_vs_MC1,322.0566306755036,-1.594999180506761,0.503607801178911,-3.167145498487073,0.0015394327495293,0.0133548646523474,True,up_in_MC1,dimgrey,dimgrey,10,1.594999180506761,True,True,down_in_tested,SQSTM1
ENSG00000156103,MMP16,matrix metallopeptidase 16,MC100_vs_MC1,126.43089187185316,-1.1295127042569415,0.3577147368126631,-3.1575794565278774,0.0015908487571289,0.0136898617666434,True,up_in_MC1,dimgrey,dimgrey,10,1.1295127042569415,True,True,down_in_tested,MMP16
ENSG00000170846,MRFAP1L2,Morf4 family associated protein 1 like 2,MC100_vs_MC1,93.59749713230262,1.434197648991955,0.4543220793113636,3.156786153043305,0.0015951828533482,0.0137029462577821,True,up_in_MC100,dimgrey,dimgrey,10,1.434197648991955,True,True,up_in_tested,MRFAP1L2
ENSG00000184524,CEND1,cell cycle exit and neuronal differentiation 1,MC100_vs_MC1,66.32313680922437,-1.5386031147387884,0.4891757400889557,-3.145297259547246,0.0016591814977379,0.0140802958876584,True,up_in_MC1,darkgrey,darkgrey,7,1.5386031147387884,True,True,down_in_tested,CEND1
ENSG00000172244,C5orf34,chromosome 5 open reading frame 34,MC100_vs_MC1,43.94624408629583,1.8383605374937648,0.5861880249406959,3.1361277598254413,0.0017119460799546,0.0144349427879508,True,up_in_MC100,dimgrey,dimgrey,10,1.8383605374937648,True,True,up_in_tested,C5orf34
ENSG00000198933,TBKBP1,TBK1 binding protein 1,MC100_vs_MC1,87.3256848142255,-1.1560490779543529,0.3689719633334825,-3.1331623885728628,0.0017293373702956,0.0145118159071942,True,up_in_MC1,darkgrey,darkgrey,7,1.1560490779543529,True,True,down_in_tested,TBKBP1
ENSG00000126243,LRFN3,leucine rich repeat and fibronectin type III domain containing 3,MC100_vs_MC1,86.38283656058586,-1.2193289784518548,0.3900272065407106,-3.126266470656022,0.0017704105266359,0.0147615993898494,True,up_in_MC1,darkgrey,darkgrey,7,1.2193289784518548,True,True,down_in_tested,LRFN3
ENSG00000160014,CALM3,calmodulin 3,MC100_vs_MC1,166.67465521697036,1.0850862848807343,0.3484217016092353,3.114290183042872,0.0018438804693113,0.0152866138902649,True,up_in_MC100,dimgrey,dimgrey,10,1.0850862848807343,True,True,up_in_tested,CALM3
ENSG00000130158,DOCK6,dedicator of cytokinesis 6,MC100_vs_MC1,281.68924538261183,-1.0122114660342445,0.3255466592481484,-3.109266943091819,0.0018755218340993,0.015467175752529,True,up_in_MC1,dimgrey,dimgrey,10,1.0122114660342445,True,True,down_in_tested,DOCK6
ENSG00000134058,CDK7,cyclin dependent kinase 7,MC100_vs_MC1,176.7757075865653,1.176895158241928,0.3796213021444488,3.100182080388393,0.0019340171147627,0.015899736014569,True,up_in_MC100,dimgrey,dimgrey,10,1.176895158241928,True,True,up_in_tested,CDK7
ENSG00000061455,PRDM6,PR/SET domain 6,MC100_vs_MC1,122.73796261175823,1.0189353394821106,0.3292910932692985,3.0943300936743285,0.0019725788228715,0.0160910441496722,True,up_in_MC100,mistyrose,mistyrose,17,1.0189353394821106,True,True,up_in_tested,PRDM6
ENSG00000174130,TLR6,toll like receptor 6,MC100_vs_MC1,57.91777694245391,-1.4860040467646392,0.4803905551243223,-3.093324860186041,0.0019792734139586,0.0161331480519648,True,up_in_MC1,darkgrey,darkgrey,7,1.4860040467646392,True,True,down_in_tested,TLR6
ENSG00000288701,PRRC2B,proline rich coiled-coil 2B,MC100_vs_MC1,139.4425731969325,-1.3146009065266395,0.4251368088068754,-3.092183220305011,0.0019869017240271,0.0161827916733265,True,up_in_MC1,darkgrey,darkgrey,7,1.3146009065266395,True,True,down_in_tested,PRRC2B
ENSG00000162066,AMDHD2,amidohydrolase domain containing 2,MC100_vs_MC1,142.17296396799148,-1.0068812064300323,0.3261021152932951,-3.087625498916028,0.0020176255871155,0.0163696793008614,True,up_in_MC1,darkgrey,darkgrey,7,1.0068812064300323,True,True,down_in_tested,AMDHD2
ENSG00000130224,LRCH2,leucine rich repeats and calponin homology domain containing 2,MC100_vs_MC1,101.38651234069329,1.008080506823012,0.3266308412305456,3.086299208688256,0.0020266477311805,0.01641756279847,True,up_in_MC100,dimgrey,dimgrey,10,1.008080506823012,True,True,up_in_tested,LRCH2
ENSG00000213397,HAUS7,HAUS augmin like complex subunit 7,MC100_vs_MC1,46.47076488231794,-1.5675706693997906,0.5087581107175938,-3.0811708676029976,0.0020618828961984,0.0166389522367306,True,up_in_MC1,darkgrey,darkgrey,7,1.5675706693997906,True,True,down_in_tested,HAUS7
ENSG00000121900,TMEM54,transmembrane protein 54,MC100_vs_MC1,60.64407083375926,1.1820653691000085,0.3841882157796511,3.07678715939058,0.0020924464981925,0.0168339560401221,True,up_in_MC100,dimgrey,dimgrey,10,1.1820653691000085,True,True,up_in_tested,TMEM54
ENSG00000269743,SLC25A53,solute carrier family 25 member 53,MC100_vs_MC1,47.75942697575629,1.533834184951172,0.4987271389399863,3.0754977325100885,0.0021015152639904,0.0168939993300012,True,up_in_MC100,dimgrey,dimgrey,10,1.533834184951172,True,True,up_in_tested,SLC25A53
ENSG00000177875,CCDC184,coiled-coil domain containing 184,MC100_vs_MC1,22.88730227969944,-2.142435815209684,0.7065805709958505,-3.0321182086710188,0.00242844083913,0.0189996155763314,True,up_in_MC1,darkgrey,darkgrey,7,2.142435815209684,True,True,down_in_tested,CCDC184
ENSG00000100577,GSTZ1,glutathione S-transferase zeta 1,MC100_vs_MC1,246.5740117580552,-1.0098289142479848,0.3331483974510104,-3.0311684581838056,0.0024360929199212,0.0190453237714203,True,up_in_MC1,darkgrey,darkgrey,7,1.0098289142479848,True,True,down_in_tested,GSTZ1
ENSG00000177058,SLC38A9,solute carrier family 38 member 9,MC100_vs_MC1,107.03351629809296,1.271524890848185,0.4209447229982781,3.020645755555384,0.002522362731037,0.0195455250505912,True,up_in_MC100,dimgrey,dimgrey,10,1.271524890848185,True,True,up_in_tested,SLC38A9
ENSG00000164619,BMPER,BMP binding endothelial regulator,MC100_vs_MC1,94.5284222326441,1.1346374212560213,0.3766522561597444,3.012426987228248,0.0025916777246989,0.0199650254004442,True,up_in_MC100,dimgrey,dimgrey,10,1.1346374212560213,True,True,up_in_tested,BMPER
ENSG00000173114,LRRN3,leucine rich repeat neuronal 3,MC100_vs_MC1,73.26501311100385,1.197042333062547,0.3996013856095327,2.9955910469044955,0.0027391351525507,0.0208717735049179,True,up_in_MC100,mistyrose,mistyrose,17,1.197042333062547,True,True,up_in_tested,LRRN3
ENSG00000137103,TMEM8B,transmembrane protein 8B,MC100_vs_MC1,191.2032851635292,-1.0165529258017665,0.3399378036910302,-2.9904085828762725,0.002786045088659,0.0211221559567431,True,up_in_MC1,darkgrey,darkgrey,7,1.0165529258017665,True,True,down_in_tested,TMEM8B
ENSG00000160055,TMEM234,transmembrane protein 234,MC100_vs_MC1,83.26745926416997,1.3099455866074368,0.4387977923829667,2.9853057817213537,0.0028329497421017,0.0213699857606716,True,up_in_MC100,dimgrey,dimgrey,10,1.3099455866074368,True,True,up_in_tested,TMEM234
ENSG00000146232,NFKBIE,NFKB inhibitor epsilon,MC100_vs_MC1,81.27587461185433,1.23828846271058,0.4155386103538382,2.9799600611268264,0.0028828596784494,0.0216842976385443,True,up_in_MC100,dimgrey,dimgrey,10,1.23828846271058,True,True,up_in_tested,NFKBIE
ENSG00000176435,CLEC14A,C-type lectin domain containing 14A,MC100_vs_MC1,35.8204428512978,1.97413444666165,0.6639074615969146,2.9735084493751747,0.0029441630063313,0.0220351545630334,True,up_in_MC100,dimgrey,dimgrey,10,1.97413444666165,True,True,up_in_tested,CLEC14A
ENSG00000139636,LMBR1L,limb development membrane protein 1 like,MC100_vs_MC1,219.98241536635547,-1.0391278551569234,0.3498923823030064,-2.9698498958946744,0.002979452933946,0.0222045206968233,True,up_in_MC1,darkgrey,darkgrey,7,1.0391278551569234,True,True,down_in_tested,LMBR1L
ENSG00000076984,MAP2K7,mitogen-activated protein kinase kinase 7,MC100_vs_MC1,599.1363115869572,-1.1419779741463998,0.3847414044527203,-2.9681702071312523,0.0029957838992646,0.0222476358569648,True,up_in_MC1,darkgrey,darkgrey,7,1.1419779741463998,True,True,down_in_tested,MAP2K7
ENSG00000225528,TMA7B,translation machinery associated 7 homolog B,MC100_vs_MC1,469.1713702926156,-1.095370002441286,0.3693058835003244,-2.966023698456252,0.0030167724253386,0.0223245402474248,True,up_in_MC1,darkgrey,darkgrey,7,1.095370002441286,True,True,down_in_tested,TMA7B
ENSG00000147400,CETN2,centrin 2,MC100_vs_MC1,480.6723821035423,-1.1533534124581244,0.3889045251396171,-2.9656466765051634,0.0030204727587446,0.0223362156291426,True,up_in_MC1,dimgrey,dimgrey,10,1.1533534124581244,True,True,down_in_tested,CETN2
ENSG00000198853,RUSC2,RUN and SH3 domain containing 2,MC100_vs_MC1,30.63783592051705,1.4953512494100714,0.5073984724021382,2.947094504109843,0.0032077515336318,0.0235016684444205,True,up_in_MC100,mistyrose,mistyrose,17,1.4953512494100714,True,True,up_in_tested,RUSC2
ENSG00000128594,LRRC4,leucine rich repeat containing 4,MC100_vs_MC1,43.36791693168368,-1.701554275524643,0.5826061006555343,-2.920591242711147,0.0034936787681571,0.0250777501209531,True,up_in_MC1,gainsboro,gainsboro,12,1.701554275524643,True,True,down_in_tested,LRRC4
ENSG00000079482,OPHN1,oligophrenin 1,MC100_vs_MC1,91.95959467325712,1.088474716948937,0.3741318116995162,2.90933484646621,0.0036219869771365,0.0256661070440457,True,up_in_MC100,dimgrey,dimgrey,10,1.088474716948937,True,True,up_in_tested,OPHN1
ENSG00000185347,TEDC1,tubulin epsilon and delta complex 1,MC100_vs_MC1,172.98206602167025,-1.0192557280195969,0.3521691361360541,-2.894222188811646,0.0038009909327632,0.0265191616059759,True,up_in_MC1,darkgrey,darkgrey,7,1.0192557280195969,True,True,down_in_tested,TEDC1
ENSG00000228474,OST4,"oligosaccharyltransferase complex subunit 4, non-catalytic",MC100_vs_MC1,1300.0318678354126,1.0707700810389236,0.3735601788842647,2.866392462486389,0.0041517918775301,0.0286142539589155,True,up_in_MC100,dimgrey,dimgrey,10,1.0707700810389236,True,True,up_in_tested,OST4
ENSG00000197530,MIB2,MIB E3 ubiquitin protein ligase 2,MC100_vs_MC1,161.53489179416474,-1.1297853848618036,0.395700759989024,-2.855150909725677,0.0043016383741524,0.0294046059353594,True,up_in_MC1,darkgrey,darkgrey,7,1.1297853848618036,True,True,down_in_tested,MIB2
ENSG00000142408,CACNG8,calcium voltage-gated channel auxiliary subunit gamma 8,MC100_vs_MC1,73.1213832906553,-1.1137497956880884,0.3908147071368527,-2.8498154633113217,0.004374460132168,0.029775190149291,True,up_in_MC1,darkgrey,darkgrey,7,1.1137497956880884,True,True,down_in_tested,CACNG8
ENSG00000178773,CPNE7,copine 7,MC100_vs_MC1,517.3006260396572,-1.108551514809071,0.3905200375674486,-2.838654635276193,0.0045304162022434,0.0305599805744919,True,up_in_MC1,darkgrey,darkgrey,7,1.108551514809071,True,True,down_in_tested,CPNE7
ENSG00000173456,RNF26,ring finger protein 26,MC100_vs_MC1,40.77367844670777,1.5121848556316382,0.5331139877338777,2.836513185593805,0.0045609095047868,0.0306742588121231,True,up_in_MC100,dimgrey,dimgrey,10,1.5121848556316382,True,True,up_in_tested,RNF26
ENSG00000158164,TMSB15A,thymosin beta 15A,MC100_vs_MC1,74.35942025332425,1.094478355558833,0.3864623969720698,2.832043593721054,0.0046251542469497,0.0310376045882635,True,up_in_MC100,mistyrose,mistyrose,17,1.094478355558833,True,True,up_in_tested,TMSB15A
ENSG00000164941,INTS8,integrator complex subunit 8,MC100_vs_MC1,49.24171908492851,1.428171772903628,0.5051810954345928,2.827049123196134,0.0046979120614852,0.0313085045110887,True,up_in_MC100,dimgrey,dimgrey,10,1.428171772903628,True,True,up_in_tested,INTS8
ENSG00000189050,RNFT1,"ring finger protein, transmembrane 1",MC100_vs_MC1,36.06041512993945,1.9010488559074503,0.6763811253930423,2.8106178373956827,0.0049446478678295,0.0325406688637714,True,up_in_MC100,dimgrey,dimgrey,10,1.9010488559074503,True,True,up_in_tested,RNFT1
ENSG00000180998,GPR137C,G protein-coupled receptor 137C,MC100_vs_MC1,39.70067727180195,1.3803764936666425,0.4923386898083806,2.8037132206771886,0.0050517816888615,0.0330390918035362,True,up_in_MC100,dimgrey,dimgrey,10,1.3803764936666425,True,True,up_in_tested,GPR137C
ENSG00000225177,LOC124900217,collagen alpha-1(III) chain,MC100_vs_MC1,36.291994441246885,-1.523298328817831,0.5439863786731146,-2.8002508675556235,0.005106290595425,0.0332921288325017,True,up_in_MC1,dimgrey,dimgrey,10,1.523298328817831,True,True,down_in_tested,LOC124900217
ENSG00000115274,INO80B,INO80 complex subunit B,MC100_vs_MC1,50.5294611954967,-1.413723233009614,0.5072123445656566,-2.7872413756416634,0.0053158867186881,0.0343184514973959,True,up_in_MC1,darkgrey,darkgrey,7,1.413723233009614,True,True,down_in_tested,INO80B
ENSG00000129197,RPAIN,RPA interacting protein,MC100_vs_MC1,38.72185714998602,1.5849402950269589,0.5687522527155471,2.7866971734345696,0.0053248213130094,0.0343550549827091,True,up_in_MC100,dimgrey,dimgrey,10,1.5849402950269589,True,True,up_in_tested,RPAIN
ENSG00000204560,DHX16,DEAH-box helicase 16,MC100_vs_MC1,69.74630707746084,1.3543989297214007,0.4865344607835614,2.7837677264219844,0.0053731497485444,0.0345820518678493,True,up_in_MC100,dimgrey,dimgrey,10,1.3543989297214007,True,True,up_in_tested,DHX16
ENSG00000143258,USP21,ubiquitin specific peptidase 21,MC100_vs_MC1,30.723641454550403,1.8008231875693756,0.6472476972316453,2.7822782456727286,0.0053978739764123,0.0346987341806882,True,up_in_MC100,dimgrey,dimgrey,10,1.8008231875693756,True,True,up_in_tested,USP21
ENSG00000173611,SCAI,suppressor of cancer cell invasion,MC100_vs_MC1,53.94904337095932,1.2820143537355684,0.4608993325083795,2.781549599471942,0.0054100063156669,0.0347403282822125,True,up_in_MC100,mistyrose,mistyrose,17,1.2820143537355684,True,True,up_in_tested,SCAI
ENSG00000204525,HLA-C,"major histocompatibility complex, class I, C",MC100_vs_MC1,201.77531984371703,1.04415835119225,0.3769590500273159,2.769951672778744,0.0056064610520729,0.0356045803566467,True,up_in_MC100,dimgrey,dimgrey,10,1.04415835119225,True,True,up_in_tested,HLA-C
ENSG00000126216,TUBGCP3,tubulin gamma complex component 3,MC100_vs_MC1,85.27508282888704,-1.103630557587972,0.3990997597739723,-2.7652999796667537,0.0056870470440147,0.0359644206996194,True,up_in_MC1,darkgrey,darkgrey,7,1.103630557587972,True,True,down_in_tested,TUBGCP3
ENSG00000102385,DRP2,dystrophin related protein 2,MC100_vs_MC1,69.1732115593809,-1.2188427198163254,0.4424333358071978,-2.754861854142629,0.0058716921534383,0.0367565833019818,True,up_in_MC1,darkgrey,darkgrey,7,1.2188427198163254,True,True,down_in_tested,DRP2
ENSG00000064490,RFXANK,regulatory factor X associated ankyrin containing protein,MC100_vs_MC1,41.24890271608201,1.5637459338889064,0.5694276166346541,2.7461715733612,0.0060295221904141,0.0374328389437923,True,up_in_MC100,dimgrey,dimgrey,10,1.5637459338889064,True,True,up_in_tested,RFXANK
ENSG00000039068,CDH1,cadherin 1,MC100_vs_MC1,155.47859755262502,-1.0969107839759558,0.3994715400438687,-2.745904711648536,0.006034428767271,0.0374412110365527,True,up_in_MC1,darkgrey,darkgrey,7,1.0969107839759558,True,True,down_in_tested,CDH1
ENSG00000196476,C20orf96,chromosome 20 open reading frame 96,MC100_vs_MC1,103.4684924883686,-1.0145999365652127,0.3722057385835281,-2.725911589720217,0.006412417179714,0.0390949397347224,True,up_in_MC1,darkgrey,darkgrey,7,1.0145999365652127,True,True,down_in_tested,C20orf96
ENSG00000186010,NDUFA13,NADH:ubiquinone oxidoreductase subunit A13,MC100_vs_MC1,213.8590334844584,-1.0178872268460597,0.3736633187699753,-2.72407586111674,0.0064481693469254,0.0392220150506915,True,up_in_MC1,white,white,28,1.0178872268460597,True,True,down_in_tested,NDUFA13
ENSG00000158966,CACHD1,cache domain containing 1,MC100_vs_MC1,42.22421109423557,1.7878640859696335,0.6566775156850416,2.722590683045613,0.0064772254090039,0.0393192854368656,True,up_in_MC100,mistyrose,mistyrose,17,1.7878640859696335,True,True,up_in_tested,CACHD1
ENSG00000176531,PHLDB3,pleckstrin homology like domain family B member 3,MC100_vs_MC1,36.31729139245172,-1.654770902664863,0.6090078405811657,-2.717158618328696,0.0065845043147135,0.0397982417597532,True,up_in_MC1,darkgrey,darkgrey,7,1.654770902664863,True,True,down_in_tested,PHLDB3
ENSG00000049860,HEXB,hexosaminidase subunit beta,MC100_vs_MC1,416.1838296846243,1.0975297780612194,0.4049343259489418,2.710389581049266,0.0067204220775865,0.0405266484369299,True,up_in_MC100,dimgrey,dimgrey,10,1.0975297780612194,True,True,up_in_tested,HEXB
ENSG00000158715,SLC45A3,solute carrier family 45 member 3,MC100_vs_MC1,87.66735973743765,-1.0091190637196552,0.3723912411846849,-2.709835657007812,0.0067316553608634,0.0405479160631745,True,up_in_MC1,darkgrey,darkgrey,7,1.0091190637196552,True,True,down_in_tested,SLC45A3
ENSG00000288649,ACTL10,actin like 10,MC100_vs_MC1,50.06765825466922,-1.663163410868299,0.6159103308505028,-2.7003336809948584,0.0069269962022823,0.0413812748006361,True,up_in_MC1,darkgrey,darkgrey,7,1.663163410868299,True,True,down_in_tested,ACTL10
ENSG00000132773,TOE1,"target of EGR1, exonuclease",MC100_vs_MC1,23.104282801815284,2.0145783138351647,0.747115665192306,2.696474465324745,0.0070077770191125,0.0416626200972436,True,up_in_MC100,dimgrey,dimgrey,10,2.0145783138351647,True,True,up_in_tested,TOE1
ENSG00000100911,PSME2,proteasome activator subunit 2,MC100_vs_MC1,180.80351579731328,1.4972101128985362,0.5555023043560263,2.6952365474598667,0.0070338676609022,0.0417459984587091,True,up_in_MC100,dimgrey,dimgrey,10,1.4972101128985362,True,True,up_in_tested,PSME2
ENSG00000130023,ERMARD,ER membrane associated RNA degradation,MC100_vs_MC1,54.49907402009831,1.253125180203153,0.4655860812507246,2.6915005208850467,0.0071131387247044,0.0420514375281263,True,up_in_MC100,dimgrey,dimgrey,10,1.253125180203153,True,True,up_in_tested,ERMARD
ENSG00000105618,PRPF31,pre-mRNA processing factor 31,MC100_vs_MC1,49.212803209327824,1.3342399159294638,0.4980028561960076,2.679181252334673,0.0073802432195228,0.043226352117759,True,up_in_MC100,dimgrey,dimgrey,10,1.3342399159294638,True,True,up_in_tested,PRPF31
ENSG00000121104,FAM117A,family with sequence similarity 117 member A,MC100_vs_MC1,40.62358148349215,1.976345670804434,0.7389417170410955,2.6745623169283346,0.0074826868169934,0.0436718321548655,True,up_in_MC100,indianred,indianred,13,1.976345670804434,True,True,up_in_tested,FAM117A
ENSG00000110583,NAA40,"N-alpha-acetyltransferase 40, NatD catalytic subunit",MC100_vs_MC1,110.79531870302549,-1.0531942227794897,0.3939108073069119,-2.673687046009131,0.0075022425970551,0.0437433713841214,True,up_in_MC1,darkgrey,darkgrey,7,1.0531942227794897,True,True,down_in_tested,NAA40
ENSG00000123496,IL13RA2,interleukin 13 receptor subunit alpha 2,MC100_vs_MC1,111.0483539496236,1.0512470161696503,0.3937423045370348,2.6698858721968284,0.0075877032522947,0.0441378669562728,True,up_in_MC100,dimgrey,dimgrey,10,1.0512470161696503,True,True,up_in_tested,IL13RA2
ENSG00000174032,SLC25A30,solute carrier family 25 member 30,MC100_vs_MC1,64.36399198303225,1.33993258068647,0.5021516570104633,2.6683822745178154,0.0076217483769888,0.044286945428522,True,up_in_MC100,indianred,indianred,13,1.33993258068647,True,True,up_in_tested,SLC25A30
ENSG00000173451,THAP2,THAP domain containing 2,MC100_vs_MC1,44.196452310160055,1.4036024026564773,0.5271575424316507,2.6625862093938704,0.0077542703691141,0.0447113353940755,True,up_in_MC100,dimgrey,dimgrey,10,1.4036024026564773,True,True,up_in_tested,THAP2
ENSG00000147124,ZNF41,zinc finger protein 41,MC100_vs_MC1,43.44891840117271,1.3651782788171734,0.5128910128770998,2.661731721831321,0.0077739811472702,0.0447842651475276,True,up_in_MC100,indianred,indianred,13,1.3651782788171734,True,True,up_in_tested,ZNF41
ENSG00000105063,PPP6R1,protein phosphatase 6 regulatory subunit 1,MC100_vs_MC1,61.87486401515829,-1.567861724569331,0.5892445776274017,-2.660799579832096,0.0077955343968592,0.0448019707581376,True,up_in_MC1,darkgrey,darkgrey,7,1.567861724569331,True,True,down_in_tested,PPP6R1
ENSG00000165097,KDM1B,lysine demethylase 1B,MC100_vs_MC1,108.94597386447572,1.0572033536220908,0.3981183320557381,2.65550030857177,0.0079190861069908,0.0453437605852548,True,up_in_MC100,dimgrey,dimgrey,10,1.0572033536220908,True,True,up_in_tested,KDM1B
ENSG00000153253,SCN3A,sodium voltage-gated channel alpha subunit 3,MC100_vs_MC1,100.245203995942,-1.0124865733673094,0.3822193423951416,-2.648967388784297,0.0080738122044887,0.045910518154028,True,up_in_MC1,darkgrey,darkgrey,7,1.0124865733673094,True,True,down_in_tested,SCN3A
ENSG00000276368,H2AC14,H2A clustered histone 14,MC100_vs_MC1,72.18424843902459,-1.2125350846763707,0.4577629696982985,-2.64882737342325,0.0080771577578953,0.045910518154028,True,up_in_MC1,darkgrey,darkgrey,7,1.2125350846763707,True,True,down_in_tested,H2AC14
ENSG00000188321,ZNF559,zinc finger protein 559,MC100_vs_MC1,54.12514220973757,1.155262363456125,0.4368462489564272,2.644551409599846,0.0081799279824085,0.0463030565674473,True,up_in_MC100,dimgrey,dimgrey,10,1.155262363456125,True,True,up_in_tested,ZNF559
ENSG00000138629,UBL7,ubiquitin like 7,MC100_vs_MC1,68.5858598598446,1.1518760788378843,0.4363245865899459,2.6399522608621813,0.0082917706407116,0.046760076340948,True,up_in_MC100,dimgrey,dimgrey,10,1.1518760788378843,True,True,up_in_tested,UBL7
ENSG00000143028,SYPL2,synaptophysin like 2,MC100_vs_MC1,63.40656490734917,-1.345034291398909,0.5100780192396104,-2.6369187470653896,0.0083662868647727,0.0471045675109706,True,up_in_MC1,darkgrey,darkgrey,7,1.345034291398909,True,True,down_in_tested,SYPL2
ENSG00000189362,NEMP2,nuclear envelope integral membrane protein 2,MC100_vs_MC1,56.22320793843437,1.1746214681908496,0.4466968747125039,2.629571717838503,0.0085492497080587,0.0478910981475093,True,up_in_MC100,mistyrose,mistyrose,17,1.1746214681908496,True,True,up_in_tested,NEMP2
ENSG00000188290,HES4,hes family bHLH transcription factor 4,MC100_vs_MC1,47.59213509384286,-1.6082384633677949,0.6119328011514679,-2.628129200365773,0.0085855899929593,0.0479935433346249,True,up_in_MC1,darkgrey,darkgrey,7,1.6082384633677949,True,True,down_in_tested,HES4
ENSG00000126768,TIMM17B,translocase of inner mitochondrial membrane 17B,MC100_vs_MC1,22.976723366072505,1.670046180840895,0.6356513644032324,2.627298979227051,0.0086065676987668,0.0479951838336635,True,up_in_MC100,dimgrey,dimgrey,10,1.670046180840895,True,True,up_in_tested,TIMM17B
ENSG00000198720,ANKRD13B,ankyrin repeat domain 13B,MC100_vs_MC1,27.33683342303469,2.0976763368024267,0.7998503983430134,2.622585849988968,0.0087265279091175,0.0484346014189185,True,up_in_MC100,dimgrey,dimgrey,10,2.0976763368024267,True,True,up_in_tested,ANKRD13B
ENSG00000163701,IL17RE,interleukin 17 receptor E,MC100_vs_MC1,69.43307361400362,-1.4425260589067972,0.5522005184112463,-2.6123228986766165,0.0089929272206385,0.0495458498129738,True,up_in_MC1,darkgrey,darkgrey,7,1.4425260589067972,True,True,down_in_tested,IL17RE
ENSG00000130303,BST2,bone marrow stromal cell antigen 2,MC100_vs_MC1,46.4607632905512,-1.7667648184447098,0.6765223185311285,-2.611539590121322,0.0090135550905528,0.0496335113646718,True,up_in_MC1,darkgrey,darkgrey,7,1.7667648184447098,True,True,down_in_tested,BST2
ENSG00000143870,PDIA6,protein disulfide isomerase family A member 6,MC100_vs_MC1,697.1733206252165,-1.0627038056569884,0.407237054151257,-2.609545950752989,0.0090662468938331,0.0498714668394176,True,up_in_MC1,gainsboro,gainsboro,12,1.0627038056569884,True,True,down_in_tested,PDIA6
ENSG00000167191,GPRC5B,G protein-coupled receptor class C group 5 member B,MC100_vs_MC1,79.77700243278537,-1.1013517768387844,0.4233606814420385,-2.6014503120303774,0.0092830511638149,0.0507443514055026,False,up_in_MC1,darkgrey,darkgrey,7,1.1013517768387844,True,True,down_in_tested,GPRC5B
ENSG00000139263,LRIG3,leucine rich repeats and immunoglobulin like domains 3,MC100_vs_MC1,35.493825984078825,1.6275980012536062,0.6292345135846861,2.5866317980260543,0.0096919096885137,0.0523821087068467,False,up_in_MC100,gainsboro,gainsboro,12,1.6275980012536062,True,True,up_in_tested,LRIG3
ENSG00000083123,BCKDHB,branched chain keto acid dehydrogenase E1 subunit beta,MC100_vs_MC1,59.41344761977184,1.3356870076522245,0.5186459199325628,2.575335033631225,0.01001430313453,0.0537168226307375,False,up_in_MC100,dimgrey,dimgrey,10,1.3356870076522245,True,True,up_in_tested,BCKDHB
ENSG00000130032,PRRG3,proline rich and Gla domain 3,MC100_vs_MC1,126.38650637914292,-1.0140618717397945,0.3939045209413385,-2.5743849532785936,0.0100418476496861,0.0537762660649604,False,up_in_MC1,darkgrey,darkgrey,7,1.0140618717397945,True,True,down_in_tested,PRRG3
ENSG00000167216,KATNAL2,katanin catalytic subunit A1 like 2,MC100_vs_MC1,45.57064308912573,-1.3494569258174367,0.5245211417711567,-2.572740769343843,0.0100896749126595,0.0539479906812286,False,up_in_MC1,dimgrey,dimgrey,10,1.3494569258174367,True,True,down_in_tested,KATNAL2
ENSG00000147536,GINS4,GINS complex subunit 4,MC100_vs_MC1,67.77262107950592,-1.6126213386189026,0.6305414901435042,-2.557518202730621,0.0105422040408774,0.0558026222948458,False,up_in_MC1,dimgrey,dimgrey,10,1.6126213386189026,True,True,down_in_tested,GINS4
ENSG00000197362,ZNF786,zinc finger protein 786,MC100_vs_MC1,40.60203442725496,1.4531525130311045,0.5693222520162775,2.55242528793615,0.010697585000991,0.056398139762239,False,up_in_MC100,dimgrey,dimgrey,10,1.4531525130311045,True,True,up_in_tested,ZNF786
ENSG00000120832,MTERF2,mitochondrial transcription termination factor 2,MC100_vs_MC1,88.42485649351391,1.2292758797935908,0.4826427256115184,2.546968626194609,0.0108663202081562,0.0571160277474664,False,up_in_MC100,dimgrey,dimgrey,10,1.2292758797935908,True,True,up_in_tested,MTERF2
ENSG00000141858,SAMD1,sterile alpha motif domain containing 1,MC100_vs_MC1,66.67450935006809,-1.5022952474109896,0.5903726822644965,-2.544655761592196,0.0109385514112697,0.0574340210135442,False,up_in_MC1,white,white,28,1.5022952474109896,True,True,down_in_tested,SAMD1
ENSG00000105865,DUS4L,dihydrouridine synthase 4 like,MC100_vs_MC1,179.18121625017068,-2.410049875459461,0.9506076974875382,-2.535272838447697,0.0112359775590065,0.0586489046891993,False,up_in_MC1,dimgrey,dimgrey,10,2.410049875459461,True,True,down_in_tested,DUS4L
ENSG00000138073,PREB,prolactin regulatory element binding,MC100_vs_MC1,48.21868144733805,1.1528196438183682,0.4548645389195185,2.534424087128811,0.0112632328230495,0.0587329033681617,False,up_in_MC100,dimgrey,dimgrey,10,1.1528196438183682,True,True,up_in_tested,PREB
ENSG00000235453,TZMP1,transition zone microprotein 1,MC100_vs_MC1,41.23892436209436,1.6203821986288889,0.6466390026194135,2.5058528670015634,0.0122156440181811,0.0624263398650815,False,up_in_MC100,dimgrey,dimgrey,10,1.6203821986288889,True,True,up_in_tested,TZMP1
ENSG00000176406,RIMS2,regulating synaptic membrane exocytosis 2,MC100_vs_MC1,60.170070912415774,1.1988112007543608,0.4784323152961232,2.505706998517361,0.012220684227128,0.0624263398650815,False,up_in_MC100,indianred,indianred,13,1.1988112007543608,True,True,up_in_tested,RIMS2
ENSG00000164949,GEM,GTP binding protein overexpressed in skeletal muscle,MC100_vs_MC1,137.37446282508958,1.0205567789245191,0.4084952502243978,2.498332057383528,0.0124779251035145,0.0632796172839923,False,up_in_MC100,mistyrose,mistyrose,17,1.0205567789245191,True,True,up_in_tested,GEM
ENSG00000189042,ZNF567,zinc finger protein 567,MC100_vs_MC1,48.34251205871092,1.1713338748868087,0.4692495976353588,2.496185144940754,0.0125537059373049,0.0636026228109101,False,up_in_MC100,mistyrose,mistyrose,17,1.1713338748868087,True,True,up_in_tested,ZNF567
ENSG00000111640,GAPDH,glyceraldehyde-3-phosphate dehydrogenase,MC100_vs_MC1,388.8825839825743,1.196440519497063,0.4800422082227939,2.492365252477505,0.0126895469243338,0.0639827993697964,False,up_in_MC100,dimgrey,dimgrey,10,1.196440519497063,True,True,up_in_tested,GAPDH
ENSG00000230453,ANKRD18B,ankyrin repeat domain 18B,MC100_vs_MC1,30.08762370043765,1.6071237511337455,0.645761606033695,2.4887260811381964,0.0128201697451452,0.0644868282816415,False,up_in_MC100,dimgrey,dimgrey,10,1.6071237511337455,True,True,up_in_tested,ANKRD18B
ENSG00000181274,FRAT2,FRAT regulator of Wnt signaling pathway 2,MC100_vs_MC1,61.01071651239706,1.4299032583105944,0.5747968016102476,2.4876673883793963,0.0128583927506992,0.0645865713200991,False,up_in_MC100,indianred,indianred,13,1.4299032583105944,True,True,up_in_tested,FRAT2
ENSG00000166582,CENPV,centromere protein V,MC100_vs_MC1,25.86218127953285,2.1209081987938587,0.8551161354308217,2.480257488914427,0.0131287537032955,0.0655068161307628,False,up_in_MC100,dimgrey,dimgrey,10,2.1209081987938587,True,True,up_in_tested,CENPV
ENSG00000119508,NR4A3,nuclear receptor subfamily 4 group A member 3,MC100_vs_MC1,52.02142727394829,1.3976586028060696,0.5653682460752835,2.4721208035796898,0.0134314120582429,0.0664189157357527,False,up_in_MC100,mistyrose,mistyrose,17,1.3976586028060696,True,True,up_in_tested,NR4A3
ENSG00000270629,NBPF14,NBPF member 14,MC100_vs_MC1,41.245832222911474,-1.400457130637844,0.5701345540677302,-2.456362486093895,0.0140351506369356,0.0683758750705895,False,up_in_MC1,gainsboro,gainsboro,12,1.400457130637844,True,True,down_in_tested,NBPF14
ENSG00000173894,CBX2,chromobox 2,MC100_vs_MC1,53.208420535258064,1.3481554430760203,0.5508620659393658,2.447355747354028,0.0143908718617216,0.0695613893435446,False,up_in_MC100,dimgrey,dimgrey,10,1.3481554430760203,True,True,up_in_tested,CBX2
ENSG00000161681,SHANK1,SH3 and multiple ankyrin repeat domains 1,MC100_vs_MC1,54.52524739671511,-1.4060197600588762,0.5749548447712282,-2.445443799361887,0.0144673994551003,0.0697710561255825,False,up_in_MC1,darkgrey,darkgrey,7,1.4060197600588762,True,True,down_in_tested,SHANK1
ENSG00000134917,ADAMTS8,ADAM metallopeptidase with thrombospondin type 1 motif 8,MC100_vs_MC1,32.609400457447,-1.6227600839585097,0.665686053411758,-2.4377258253219805,0.0147799793004704,0.0710181379812105,False,up_in_MC1,darkgrey,darkgrey,7,1.6227600839585097,True,True,down_in_tested,ADAMTS8
ENSG00000135506,OS9,OS9 endoplasmic reticulum lectin,MC100_vs_MC1,80.94063832934829,-1.0578043197053473,0.4343599576164031,-2.435317301139272,0.0148787361380921,0.0713934558900563,False,up_in_MC1,darkgrey,darkgrey,7,1.0578043197053473,True,True,down_in_tested,OS9
ENSG00000177548,RABEP2,"rabaptin, RAB GTPase binding effector protein 2",MC100_vs_MC1,34.40409141651313,1.4986599813407655,0.6154385411880429,2.435109082456474,0.0148873009819258,0.0713934558900563,False,up_in_MC100,dimgrey,dimgrey,10,1.4986599813407655,True,True,up_in_tested,RABEP2
ENSG00000166398,GARRE1,granule associated Rac and RHOG effector 1,MC100_vs_MC1,112.30945577513832,-1.0289636820365895,0.4232273733784598,-2.431231405999976,0.0150476005576937,0.0719754093948233,False,up_in_MC1,darkgrey,darkgrey,7,1.0289636820365895,True,True,down_in_tested,GARRE1
ENSG00000272031,ANKRD34A,ankyrin repeat domain 34A,MC100_vs_MC1,104.29539951389984,1.06734691494785,0.4392030297666293,2.430190236881984,0.0150908996136764,0.0721497213242697,False,up_in_MC100,dimgrey,dimgrey,10,1.06734691494785,True,True,up_in_tested,ANKRD34A
ENSG00000102221,JADE3,jade family PHD finger 3,MC100_vs_MC1,43.78493614615056,1.3466891830436585,0.558118818270748,2.4129076801534555,0.0158258275798584,0.0742135399388818,False,up_in_MC100,mistyrose,mistyrose,17,1.3466891830436585,True,True,up_in_tested,JADE3
ENSG00000168734,PKIG,cAMP-dependent protein kinase inhibitor gamma,MC100_vs_MC1,54.17973585206382,-1.451084514588815,0.6017973769713688,-2.41125097934392,0.01589790416898,0.0744733439717551,False,up_in_MC1,dimgrey,dimgrey,10,1.451084514588815,True,True,down_in_tested,PKIG
ENSG00000158201,ABHD3,"abhydrolase domain containing 3, phospholipase",MC100_vs_MC1,61.65050529030676,1.554141332763329,0.6467615573162484,2.40295873368274,0.0162630225333882,0.0757573201057302,False,up_in_MC100,dimgrey,dimgrey,10,1.554141332763329,True,True,up_in_tested,ABHD3
ENSG00000118965,WDR35,WD repeat domain 35,MC100_vs_MC1,63.89231875648223,1.091624393598759,0.4553669193087609,2.397241317520004,0.0165190404240276,0.0766107811291506,False,up_in_MC100,mistyrose,mistyrose,17,1.091624393598759,True,True,up_in_tested,WDR35
ENSG00000197933,ZNF823,zinc finger protein 823,MC100_vs_MC1,26.4341641823717,2.0495078787719563,0.8572397003103909,2.390822401283873,0.0168106824378201,0.0774852436676222,False,up_in_MC100,dimgrey,dimgrey,10,2.0495078787719563,True,True,up_in_tested,ZNF823
ENSG00000105784,RUNDC3B,RUN domain containing 3B,MC100_vs_MC1,48.886676785251176,1.5960264164044444,0.6678408632361664,2.3898304285702965,0.0168561534149019,0.0775291654534722,False,up_in_MC100,dimgrey,dimgrey,10,1.5960264164044444,True,True,up_in_tested,RUNDC3B
ENSG00000028116,VRK2,VRK serine/threonine kinase 2,MC100_vs_MC1,124.89510258405215,-1.0188239272373063,0.4264291817290686,-2.3891984200195178,0.0168851802879447,0.0776246186850337,False,up_in_MC1,gainsboro,gainsboro,12,1.0188239272373063,True,True,down_in_tested,VRK2
ENSG00000196605,ZNF846,zinc finger protein 846,MC100_vs_MC1,31.838118308593693,1.1923822835577085,0.4996532680603761,2.386419462813612,0.0170133333594273,0.0780773253123653,False,up_in_MC100,dimgrey,dimgrey,10,1.1923822835577085,True,True,up_in_tested,ZNF846
ENSG00000170276,HSPB2,heat shock protein family B (small) member 2,MC100_vs_MC1,52.69548815698384,-1.2060992539570612,0.5057014647366177,-2.3850024926964144,0.0170790056287356,0.0782422186465758,False,up_in_MC1,dimgrey,dimgrey,10,1.2060992539570612,True,True,down_in_tested,HSPB2
ENSG00000108509,CAMTA2,calmodulin binding transcription activator 2,MC100_vs_MC1,31.851972164637072,1.40459714719935,0.5905156939552401,2.378594102709513,0.0173788004837845,0.0792580786904107,False,up_in_MC100,dimgrey,dimgrey,10,1.40459714719935,True,True,up_in_tested,CAMTA2
ENSG00000116521,SCAMP3,secretory carrier membrane protein 3,MC100_vs_MC1,75.17596457003914,1.018357212209353,0.4281447396612595,2.378534915587329,0.0173815907250676,0.0792580786904107,False,up_in_MC100,dimgrey,dimgrey,10,1.018357212209353,True,True,up_in_tested,SCAMP3
ENSG00000175826,CTDNEP1,CTD nuclear envelope phosphatase 1,MC100_vs_MC1,131.3490733981006,1.1631264319759438,0.4922744719648197,2.36276000121141,0.0181394124167302,0.081923191785945,False,up_in_MC100,dimgrey,dimgrey,10,1.1631264319759438,True,True,up_in_tested,CTDNEP1
ENSG00000131067,GGT7,gamma-glutamyltransferase 7,MC100_vs_MC1,79.12250017882894,-1.2870192634443192,0.5448449019098278,-2.362175472199466,0.0181680405015946,0.0819821141502062,False,up_in_MC1,white,white,28,1.2870192634443192,True,True,down_in_tested,GGT7
ENSG00000171100,MTM1,myotubularin 1,MC100_vs_MC1,44.26205912952728,1.4464261755588192,0.6128141597669008,2.3603014919058065,0.0182600880873115,0.0822563813967376,False,up_in_MC100,dimgrey,dimgrey,10,1.4464261755588192,True,True,up_in_tested,MTM1
ENSG00000171928,TVP23B,trans-golgi network vesicle protein 23 homolog B,MC100_vs_MC1,70.36382405084409,1.0006821807318955,0.4242693887941264,2.3586009435563344,0.0183439700168874,0.0825359369325424,False,up_in_MC100,mistyrose,mistyrose,17,1.0006821807318955,True,True,up_in_tested,TVP23B
ENSG00000184451,CCR10,C-C motif chemokine receptor 10,MC100_vs_MC1,65.5921152374933,-1.18846619544211,0.5050660092350594,-2.3530908311214302,0.0186180855821385,0.083121813568453,False,up_in_MC1,darkgrey,darkgrey,7,1.18846619544211,True,True,down_in_tested,CCR10
ENSG00000060656,PTPRU,protein tyrosine phosphatase receptor type U,MC100_vs_MC1,96.39122268950202,-1.1877771298076465,0.5054326093447127,-2.350020770024288,0.0187723635291621,0.0836686071229874,False,up_in_MC1,darkgrey,darkgrey,7,1.1877771298076465,True,True,down_in_tested,PTPRU
ENSG00000163755,HPS3,HPS3 biogenesis of lysosomal organelles complex 2 subunit 1,MC100_vs_MC1,24.17812773094128,1.7872322898320838,0.7630452934547454,2.342236175444126,0.0191685807590821,0.0848951916362883,False,up_in_MC100,dimgrey,dimgrey,10,1.7872322898320838,True,True,up_in_tested,HPS3
ENSG00000158691,ZSCAN12,zinc finger and SCAN domain containing 12,MC100_vs_MC1,59.090055167091286,1.0303992317254205,0.4430762215627752,2.325557503607611,0.0200421688815586,0.0874037231017039,False,up_in_MC100,mistyrose,mistyrose,17,1.0303992317254205,True,True,up_in_tested,ZSCAN12
ENSG00000135549,PKIB,cAMP-dependent protein kinase inhibitor beta,MC100_vs_MC1,43.90855248911571,1.365425635874643,0.5889933700109778,2.318236002977748,0.0204364983517726,0.0886452069891605,False,up_in_MC100,mistyrose,mistyrose,17,1.365425635874643,True,True,up_in_tested,PKIB
ENSG00000197903,H2BC12,H2B clustered histone 12,MC100_vs_MC1,57.81377671613195,1.052429168181468,0.4558056029593286,2.308943026036861,0.0209467430009525,0.0901523830670853,False,up_in_MC100,dimgrey,dimgrey,10,1.052429168181468,True,True,up_in_tested,H2BC12
ENSG00000235961,PNMA6A,PNMA family member 6A,MC100_vs_MC1,34.517147909637096,-1.6119483505100984,0.6997461809234935,-2.303618646953845,0.0212440601705694,0.0912081783659334,False,up_in_MC1,darkgrey,darkgrey,7,1.6119483505100984,True,True,down_in_tested,PNMA6A
ENSG00000132334,PTPRE,protein tyrosine phosphatase receptor type E,MC100_vs_MC1,34.56516297155355,-1.1925270005765052,0.5178388080173906,-2.302892294114149,0.0212849038369112,0.0913462655284736,False,up_in_MC1,gainsboro,gainsboro,12,1.1925270005765052,True,True,down_in_tested,PTPRE
ENSG00000171466,ZNF562,zinc finger protein 562,MC100_vs_MC1,53.133074533950776,-1.0981707427039895,0.4773116653555379,-2.3007414702215354,0.021406248536188,0.0917079804944668,False,up_in_MC1,darkgrey,darkgrey,7,1.0981707427039895,True,True,down_in_tested,ZNF562
ENSG00000070047,PHRF1,PHD and ring finger domains 1,MC100_vs_MC1,50.43871613538845,-1.4841453101132724,0.6458020609034265,-2.2981427281868214,0.0215536670602821,0.0920935850231333,False,up_in_MC1,darkgrey,darkgrey,7,1.4841453101132724,True,True,down_in_tested,PHRF1
ENSG00000184986,TMEM121,transmembrane protein 121,MC100_vs_MC1,68.03667295549424,-1.2998446676765991,0.5681497931766176,-2.2878555678229806,0.0221459335619612,0.0938170929438479,False,up_in_MC1,dimgrey,dimgrey,10,1.2998446676765991,True,True,down_in_tested,TMEM121
ENSG00000184271,POU6F1,POU class 6 homeobox 1,MC100_vs_MC1,34.755333762929375,1.627989694940446,0.7151195280598249,2.2765280922439763,0.0228144211922219,0.0958005403853755,False,up_in_MC100,dimgrey,dimgrey,10,1.627989694940446,True,True,up_in_tested,POU6F1
ENSG00000171862,PTEN,phosphatase and tensin homolog,MC100_vs_MC1,38.49106299227487,1.318687851619252,0.5796312498517895,2.2750461641887623,0.0229031606612283,0.0959776770053133,False,up_in_MC100,dimgrey,dimgrey,10,1.318687851619252,True,True,up_in_tested,PTEN
ENSG00000176155,CCDC57,coiled-coil domain containing 57,MC100_vs_MC1,50.136055797752086,-1.240730600446524,0.5460342430190714,-2.2722578598485232,0.0230709404248994,0.0964543131073567,False,up_in_MC1,darkgrey,darkgrey,7,1.240730600446524,True,True,down_in_tested,CCDC57
ENSG00000168301,KCTD6,potassium channel tetramerization domain containing 6,MC100_vs_MC1,44.90866791442426,1.2781664185559445,0.5627575377819629,2.2712559721433045,0.0231314868412579,0.0966306613856918,False,up_in_MC100,indianred,indianred,13,1.2781664185559445,True,True,up_in_tested,KCTD6
ENSG00000033011,ALG1,ALG1 chitobiosyldiphosphodolichol beta-mannosyltransferase,MC100_vs_MC1,48.202303642911,1.1413035616630398,0.5031932596465322,2.268121720200998,0.0233217888684955,0.0972711788597614,False,up_in_MC100,dimgrey,dimgrey,10,1.1413035616630398,True,True,up_in_tested,ALG1
ENSG00000167103,PIP5KL1,phosphatidylinositol-4-phosphate 5-kinase like 1,MC100_vs_MC1,28.34963538868093,1.6034127268410177,0.7079107916345209,2.2649926315416664,0.0235131316902482,0.0978752708767731,False,up_in_MC100,dimgrey,dimgrey,10,1.6034127268410177,True,True,up_in_tested,PIP5KL1
ENSG00000023171,GRAMD1B,GRAM domain containing 1B,MC100_vs_MC1,56.21937019990784,1.257239555136382,0.5559858843069129,2.261279630693585,0.0237419467604583,0.0985628964925275,False,up_in_MC100,dimgrey,dimgrey,10,1.257239555136382,True,True,up_in_tested,GRAMD1B
ENSG00000121350,PYROXD1,pyridine nucleotide-disulphide oxidoreductase domain 1,MC100_vs_MC1,64.6137410715299,1.209250403119705,0.5361054441114775,2.2556204500476102,0.0240944113723434,0.0997425219792173,False,up_in_MC100,dimgrey,dimgrey,10,1.209250403119705,True,True,up_in_tested,PYROXD1
ENSG00000196123,MATCAP1,microtubule associated tyrosine carboxypeptidase 1,MC100_vs_MC1,39.19248611449627,1.1277524950424629,0.5001933253984072,2.25463323434834,0.0241563595896859,0.0999596429265691,False,up_in_MC100,dimgrey,dimgrey,10,1.1277524950424629,True,True,up_in_tested,MATCAP1
ENSG00000171853,TRAPPC12,trafficking protein particle complex subunit 12,MC100_vs_MC1,40.71240418171105,1.3796095386507516,0.6119552207180232,2.254428905814415,0.024169198528402,0.0999734575921284,False,up_in_MC100,mistyrose,mistyrose,17,1.3796095386507516,True,True,up_in_tested,TRAPPC12
