node_name,gene_id,gene_symbol,string_gene_label,gene_name,primary_module,modules,contrasts,n_selected_rows,n_contrasts,min_padj,max_abs_log2FoldChange,mean_abs_log2FoldChange,strongest_contrast,strongest_log2FoldChange,strongest_padj,strongest_regulation,n_up_rows,n_down_rows,module_selection_evidence,module_selected,best_module_trait,best_module_trait_corr,best_module_trait_pval,best_module_trait_padj,fraction_deg_priority,log2FC__MA100_vs_CTR,log2FC__MA100_vs_MA1,log2FC__MA1_vs_CTR,log2FC__MC100_vs_MC1,log2FC__MC1_vs_CTR,log2FC__MD1_vs_CTR,padj__MA100_vs_CTR,padj__MA100_vs_MA1,padj__MA1_vs_CTR,padj__MC100_vs_MC1,padj__MC1_vs_CTR,padj__MD1_vs_CTR,regulation__MA100_vs_CTR,regulation__MA100_vs_MA1,regulation__MA1_vs_CTR,regulation__MC100_vs_MC1,regulation__MC1_vs_CTR,regulation__MD1_vs_CTR,n_unique_genes_in_module,n_deg_priority,n_priority_contrasts_present,priority_contrasts_present,fraction_support,trait_support
FAM43A,ENSG00000185112,FAM43A,FAM43A,family with sequence similarity 43 member A,darkgrey,darkgrey,MA100_vs_CTR;MC100_vs_MC1;MC1_vs_CTR;MD1_vs_CTR,4,4,1.1558272579929624e-12,1.557033509126452,1.326333347172749,MC1_vs_CTR,1.557033509126452,1.1558272579929624e-12,up_in_tested,3,1,module_trait;deg_fraction,True,particle_size_um,0.6222385633532057,0.0025949251469398,0.0591962437092719,0.06276791181873852,1.476934069948578,,,-1.1085285208209277,1.557033509126452,1.1628372887950384,4.102176247141089e-11,,,4.887094314456635e-07,1.1558272579929624e-12,4.624104837654912e-07,up_in_tested,,,down_in_tested,up_in_tested,up_in_tested,3266,205,5,MA100_vs_CTR;MA100_vs_MA1;MC100_vs_MC1;MC1_vs_CTR;MD1_vs_CTR,True,True
KHSRP,ENSG00000088247,KHSRP,KHSRP,KH-type splicing regulatory protein,dimgrey,dimgrey,MC100_vs_MC1,1,1,2.889105164753749e-11,1.2854897610151803,1.2854897610151803,MC100_vs_MC1,-1.2854897610151803,2.889105164753749e-11,down_in_tested,0,1,deg_fraction,True,particle_size_um,-0.1867202754883608,0.4176932392721355,0.7331959097856713,0.07828998197270153,,,,-1.2854897610151803,,,,,,2.889105164753749e-11,,,,,,down_in_tested,,,3883,304,6,MA100_vs_CTR;MA100_vs_MA1;MA1_vs_CTR;MC100_vs_MC1;MC1_vs_CTR;MD1_vs_CTR,True,False
SPDL1,ENSG00000040275,SPDL1,SPDL1,spindle apparatus coiled-coil protein 1,dimgrey,dimgrey,MA100_vs_CTR;MC100_vs_MC1;MC1_vs_CTR,3,3,3.282420081908327e-11,1.3335132406328682,1.2326177425866476,MC100_vs_MC1,-1.3335132406328682,3.282420081908327e-11,down_in_tested,2,1,deg_fraction,True,particle_size_um,-0.1867202754883608,0.4176932392721355,0.7331959097856713,0.07828998197270153,1.2147089803914008,,,-1.3335132406328682,1.1496310067356736,,5.1420061278951815e-09,,,3.282420081908327e-11,3.4877036435210895e-08,,up_in_tested,,,down_in_tested,up_in_tested,,3883,304,6,MA100_vs_CTR;MA100_vs_MA1;MA1_vs_CTR;MC100_vs_MC1;MC1_vs_CTR;MD1_vs_CTR,True,False
TOP2A,ENSG00000131747,TOP2A,TOP2A,DNA topoisomerase II alpha,dimgrey,dimgrey,MA100_vs_CTR;MC100_vs_MC1,2,2,8.641774750674016e-11,1.1861397805625902,1.1121812225646655,MC100_vs_MC1,-1.1861397805625902,8.641774750674016e-11,down_in_tested,1,1,deg_fraction,True,particle_size_um,-0.1867202754883608,0.4176932392721355,0.7331959097856713,0.07828998197270153,1.038222664566741,,,-1.1861397805625902,,,5.916797287281498e-08,,,8.641774750674016e-11,,,up_in_tested,,,down_in_tested,,,3883,304,6,MA100_vs_CTR;MA100_vs_MA1;MA1_vs_CTR;MC100_vs_MC1;MC1_vs_CTR;MD1_vs_CTR,True,False
CAVIN1,ENSG00000177469,CAVIN1,CAVIN1,caveolae associated protein 1,darkgrey,darkgrey,MC100_vs_MC1,1,1,8.641774750674016e-11,1.0604084794979445,1.0604084794979445,MC100_vs_MC1,-1.0604084794979445,8.641774750674016e-11,down_in_tested,0,1,module_trait;deg_fraction,True,particle_size_um,0.6222385633532057,0.0025949251469398,0.0591962437092719,0.06276791181873852,,,,-1.0604084794979445,,,,,,8.641774750674016e-11,,,,,,down_in_tested,,,3266,205,5,MA100_vs_CTR;MA100_vs_MA1;MC100_vs_MC1;MC1_vs_CTR;MD1_vs_CTR,True,True
TAF1,ENSG00000147133,TAF1,TAF1,TATA-box binding protein associated factor 1,darkgrey,darkgrey,MA100_vs_CTR;MC100_vs_MC1;MC1_vs_CTR;MD1_vs_CTR,4,4,1.3401721983546128e-10,1.4348529651006268,1.3290256320275138,MC100_vs_MC1,-1.4348529651006268,1.3401721983546128e-10,down_in_tested,3,1,module_trait;deg_fraction,True,particle_size_um,0.6222385633532057,0.0025949251469398,0.0591962437092719,0.06276791181873852,1.2812419446841476,,,-1.4348529651006268,1.225511764460581,1.3744958538646996,5.5426518164242484e-08,,,1.3401721983546128e-10,2.015455884468173e-07,2.594801041903089e-09,up_in_tested,,,down_in_tested,up_in_tested,up_in_tested,3266,205,5,MA100_vs_CTR;MA100_vs_MA1;MC100_vs_MC1;MC1_vs_CTR;MD1_vs_CTR,True,True
GANAB,ENSG00000089597,GANAB,GANAB,glucosidase II alpha subunit,darkgrey,darkgrey,MA100_vs_CTR;MC100_vs_MC1;MC1_vs_CTR,3,3,1.3401721983546128e-10,1.3667804896073903,1.2030936676129569,MC100_vs_MC1,-1.3667804896073903,1.3401721983546128e-10,down_in_tested,2,1,module_trait;deg_fraction,True,particle_size_um,0.6222385633532057,0.0025949251469398,0.0591962437092719,0.06276791181873852,1.133050217646513,,,-1.3667804896073903,1.1094502955849674,,4.778238300147007e-07,,,1.3401721983546128e-10,7.898157435785205e-07,,up_in_tested,,,down_in_tested,up_in_tested,,3266,205,5,MA100_vs_CTR;MA100_vs_MA1;MC100_vs_MC1;MC1_vs_CTR;MD1_vs_CTR,True,True
PTPN1,ENSG00000196396,PTPN1,PTPN1,protein tyrosine phosphatase non-receptor type 1,darkgrey,darkgrey,MC100_vs_MC1;MC1_vs_CTR,2,2,1.5481953830365774e-10,1.1658290819783002,1.0890233851261129,MC100_vs_MC1,-1.1658290819783002,1.5481953830365774e-10,down_in_tested,1,1,module_trait;deg_fraction,True,particle_size_um,0.6222385633532057,0.0025949251469398,0.0591962437092719,0.06276791181873852,,,,-1.1658290819783002,1.0122176882739258,,,,,1.5481953830365774e-10,1.6141821752211022e-07,,,,,down_in_tested,up_in_tested,,3266,205,5,MA100_vs_CTR;MA100_vs_MA1;MC100_vs_MC1;MC1_vs_CTR;MD1_vs_CTR,True,True
NFIX,ENSG00000008441,NFIX,NFIX,nuclear factor I X,darkgrey,darkgrey,MC100_vs_MC1,1,1,8.817918322597915e-10,1.24707837859396,1.24707837859396,MC100_vs_MC1,-1.24707837859396,8.817918322597915e-10,down_in_tested,0,1,module_trait;deg_fraction,True,particle_size_um,0.6222385633532057,0.0025949251469398,0.0591962437092719,0.06276791181873852,,,,-1.24707837859396,,,,,,8.817918322597915e-10,,,,,,down_in_tested,,,3266,205,5,MA100_vs_CTR;MA100_vs_MA1;MC100_vs_MC1;MC1_vs_CTR;MD1_vs_CTR,True,True
UBE2Z,ENSG00000159202,UBE2Z,UBE2Z,ubiquitin conjugating enzyme E2 Z,dimgrey,dimgrey,MA100_vs_CTR;MC100_vs_MC1;MC1_vs_CTR,3,3,1.3631882391640847e-09,1.404908173350151,1.3158386085647888,MC1_vs_CTR,1.404908173350151,1.3631882391640847e-09,up_in_tested,2,1,deg_fraction,True,particle_size_um,-0.1867202754883608,0.4176932392721355,0.7331959097856713,0.07828998197270153,1.2680027019769624,,,-1.2746049503672534,1.404908173350151,,8.65159828236819e-08,,,1.6897560449575362e-08,1.3631882391640847e-09,,up_in_tested,,,down_in_tested,up_in_tested,,3883,304,6,MA100_vs_CTR;MA100_vs_MA1;MA1_vs_CTR;MC100_vs_MC1;MC1_vs_CTR;MD1_vs_CTR,True,False
RPSA,ENSG00000168028,RPSA,RPSA,ribosomal protein SA,dimgrey,dimgrey,MC100_vs_MC1,1,1,1.460787082384311e-09,1.1562419520992335,1.1562419520992335,MC100_vs_MC1,1.1562419520992335,1.460787082384311e-09,up_in_tested,1,0,deg_fraction,True,particle_size_um,-0.1867202754883608,0.4176932392721355,0.7331959097856713,0.07828998197270153,,,,1.1562419520992335,,,,,,1.460787082384311e-09,,,,,,up_in_tested,,,3883,304,6,MA100_vs_CTR;MA100_vs_MA1;MA1_vs_CTR;MC100_vs_MC1;MC1_vs_CTR;MD1_vs_CTR,True,False
SPON2,ENSG00000159674,SPON2,SPON2,spondin 2,darkgrey,darkgrey,MC100_vs_MC1,1,1,1.756066228298294e-09,1.030659467034711,1.030659467034711,MC100_vs_MC1,-1.030659467034711,1.756066228298294e-09,down_in_tested,0,1,module_trait;deg_fraction,True,particle_size_um,0.6222385633532057,0.0025949251469398,0.0591962437092719,0.06276791181873852,,,,-1.030659467034711,,,,,,1.756066228298294e-09,,,,,,down_in_tested,,,3266,205,5,MA100_vs_CTR;MA100_vs_MA1;MC100_vs_MC1;MC1_vs_CTR;MD1_vs_CTR,True,True
EEF1A1,ENSG00000156508,EEF1A1,EEF1A1,eukaryotic translation elongation factor 1 alpha 1,mistyrose,mistyrose,MC100_vs_MC1,1,1,2.094607639026016e-09,1.1586635176903932,1.1586635176903932,MC100_vs_MC1,1.1586635176903932,2.094607639026016e-09,up_in_tested,1,0,deg_fraction,True,particle_size_um,-0.3310821963795141,0.142641678213067,0.5170760835223682,0.018309859154929577,,,,1.1586635176903932,,,,,,2.094607639026016e-09,,,,,,up_in_tested,,,2130,39,4,MA100_vs_CTR;MA100_vs_MA1;MC100_vs_MC1;MC1_vs_CTR,True,False
MAP2K3,ENSG00000034152,MAP2K3,MAP2K3,mitogen-activated protein kinase kinase 3,darkgrey,darkgrey,MD1_vs_CTR,1,1,2.594801041903089e-09,1.0438571648319428,1.0438571648319428,MD1_vs_CTR,1.0438571648319428,2.594801041903089e-09,up_in_tested,1,0,module_trait;deg_fraction,True,particle_size_um,0.6222385633532057,0.0025949251469398,0.0591962437092719,0.06276791181873852,,,,,,1.0438571648319428,,,,,,2.594801041903089e-09,,,,,,up_in_tested,3266,205,5,MA100_vs_CTR;MA100_vs_MA1;MC100_vs_MC1;MC1_vs_CTR;MD1_vs_CTR,True,True
RPL12,ENSG00000197958,RPL12,RPL12,ribosomal protein L12,dimgrey,dimgrey,MA100_vs_CTR;MC100_vs_MC1;MC1_vs_CTR,3,3,3.933313423940251e-09,1.1977741878998192,1.0988631363730328,MC100_vs_MC1,1.1977741878998192,3.933313423940251e-09,up_in_tested,1,2,deg_fraction,True,particle_size_um,-0.1867202754883608,0.4176932392721355,0.7331959097856713,0.07828998197270153,-1.0370119893385996,,,1.1977741878998192,-1.0618032318806794,,1.4829479156825926e-06,,,3.933313423940251e-09,5.539086847669697e-07,,down_in_tested,,,up_in_tested,down_in_tested,,3883,304,6,MA100_vs_CTR;MA100_vs_MA1;MA1_vs_CTR;MC100_vs_MC1;MC1_vs_CTR;MD1_vs_CTR,True,False
TMEM35A,ENSG00000126950,TMEM35A,TMEM35A,transmembrane protein 35A,darkgrey,darkgrey,MC100_vs_MC1,1,1,4.169520684721803e-09,1.09106043794582,1.09106043794582,MC100_vs_MC1,-1.09106043794582,4.169520684721803e-09,down_in_tested,0,1,module_trait;deg_fraction,True,particle_size_um,0.6222385633532057,0.0025949251469398,0.0591962437092719,0.06276791181873852,,,,-1.09106043794582,,,,,,4.169520684721803e-09,,,,,,down_in_tested,,,3266,205,5,MA100_vs_CTR;MA100_vs_MA1;MC100_vs_MC1;MC1_vs_CTR;MD1_vs_CTR,True,True
FXR2,ENSG00000129245,FXR2,FXR2,FMR1 autosomal homolog 2,darkgrey,darkgrey,MC100_vs_MC1,1,1,4.562274954121434e-09,1.1493089867933397,1.1493089867933397,MC100_vs_MC1,-1.1493089867933397,4.562274954121434e-09,down_in_tested,0,1,module_trait;deg_fraction,True,particle_size_um,0.6222385633532057,0.0025949251469398,0.0591962437092719,0.06276791181873852,,,,-1.1493089867933397,,,,,,4.562274954121434e-09,,,,,,down_in_tested,,,3266,205,5,MA100_vs_CTR;MA100_vs_MA1;MC100_vs_MC1;MC1_vs_CTR;MD1_vs_CTR,True,True
RRBP1,ENSG00000125844,RRBP1,RRBP1,ribosome binding protein 1,dimgrey,dimgrey,MC100_vs_MC1,1,1,6.6337881166475305e-09,1.1548999481348097,1.1548999481348097,MC100_vs_MC1,-1.1548999481348097,6.6337881166475305e-09,down_in_tested,0,1,deg_fraction,True,particle_size_um,-0.1867202754883608,0.4176932392721355,0.7331959097856713,0.07828998197270153,,,,-1.1548999481348097,,,,,,6.6337881166475305e-09,,,,,,down_in_tested,,,3883,304,6,MA100_vs_CTR;MA100_vs_MA1;MA1_vs_CTR;MC100_vs_MC1;MC1_vs_CTR;MD1_vs_CTR,True,False
CETN3,ENSG00000153140,CETN3,CETN3,centrin 3,dimgrey,dimgrey,MA100_vs_CTR;MC100_vs_MC1;MC1_vs_CTR,3,3,7.032760709980336e-09,1.5958227129028768,1.3412296404674653,MC100_vs_MC1,-1.5958227129028768,7.032760709980336e-09,down_in_tested,2,1,deg_fraction,True,particle_size_um,-0.1867202754883608,0.4176932392721355,0.7331959097856713,0.07828998197270153,1.219038370012235,,,-1.5958227129028768,1.2088278384872844,,4.009290433527571e-05,,,7.032760709980336e-09,3.639834512023748e-05,,up_in_tested,,,down_in_tested,up_in_tested,,3883,304,6,MA100_vs_CTR;MA100_vs_MA1;MA1_vs_CTR;MC100_vs_MC1;MC1_vs_CTR;MD1_vs_CTR,True,False
HOMER3,ENSG00000051128,HOMER3,HOMER3,homer scaffold protein 3,dimgrey,dimgrey,MC100_vs_MC1,1,1,7.78832182185608e-09,1.2517956506234438,1.2517956506234438,MC100_vs_MC1,-1.2517956506234438,7.78832182185608e-09,down_in_tested,0,1,deg_fraction,True,particle_size_um,-0.1867202754883608,0.4176932392721355,0.7331959097856713,0.07828998197270153,,,,-1.2517956506234438,,,,,,7.78832182185608e-09,,,,,,down_in_tested,,,3883,304,6,MA100_vs_CTR;MA100_vs_MA1;MA1_vs_CTR;MC100_vs_MC1;MC1_vs_CTR;MD1_vs_CTR,True,False
NDST1,ENSG00000070614,NDST1,NDST1,N-deacetylase and N-sulfotransferase 1,darkgrey,darkgrey,MC100_vs_MC1,1,1,7.78832182185608e-09,1.106661005812294,1.106661005812294,MC100_vs_MC1,-1.106661005812294,7.78832182185608e-09,down_in_tested,0,1,module_trait;deg_fraction,True,particle_size_um,0.6222385633532057,0.0025949251469398,0.0591962437092719,0.06276791181873852,,,,-1.106661005812294,,,,,,7.78832182185608e-09,,,,,,down_in_tested,,,3266,205,5,MA100_vs_CTR;MA100_vs_MA1;MC100_vs_MC1;MC1_vs_CTR;MD1_vs_CTR,True,True
CBX3,ENSG00000122565,CBX3,CBX3,chromobox 3,dimgrey,dimgrey,MC100_vs_MC1,1,1,8.309268007185914e-09,1.0770858747581635,1.0770858747581635,MC100_vs_MC1,-1.0770858747581635,8.309268007185914e-09,down_in_tested,0,1,deg_fraction,True,particle_size_um,-0.1867202754883608,0.4176932392721355,0.7331959097856713,0.07828998197270153,,,,-1.0770858747581635,,,,,,8.309268007185914e-09,,,,,,down_in_tested,,,3883,304,6,MA100_vs_CTR;MA100_vs_MA1;MA1_vs_CTR;MC100_vs_MC1;MC1_vs_CTR;MD1_vs_CTR,True,False
TTYH3,ENSG00000136295,TTYH3,TTYH3,tweety family member 3,darkgrey,darkgrey,MC100_vs_MC1,1,1,1.1376210964343513e-08,1.0004258544098583,1.0004258544098583,MC100_vs_MC1,-1.0004258544098583,1.1376210964343513e-08,down_in_tested,0,1,module_trait;deg_fraction,True,particle_size_um,0.6222385633532057,0.0025949251469398,0.0591962437092719,0.06276791181873852,,,,-1.0004258544098583,,,,,,1.1376210964343513e-08,,,,,,down_in_tested,,,3266,205,5,MA100_vs_CTR;MA100_vs_MA1;MC100_vs_MC1;MC1_vs_CTR;MD1_vs_CTR,True,True
R3HDM4,ENSG00000198858,R3HDM4,R3HDM4,R3H domain containing 4,darkgrey,darkgrey,MC100_vs_MC1;MC1_vs_CTR,2,2,1.5413775297937506e-08,1.6499154023030007,1.3844287914046185,MC100_vs_MC1,-1.6499154023030007,1.5413775297937506e-08,down_in_tested,1,1,module_trait;deg_fraction,True,particle_size_um,0.6222385633532057,0.0025949251469398,0.0591962437092719,0.06276791181873852,,,,-1.6499154023030007,1.118942180506236,,,,,1.5413775297937506e-08,0.0003332780081391,,,,,down_in_tested,up_in_tested,,3266,205,5,MA100_vs_CTR;MA100_vs_MA1;MC100_vs_MC1;MC1_vs_CTR;MD1_vs_CTR,True,True
RPS15A,ENSG00000134419,RPS15A,RPS15A,ribosomal protein S15a,dimgrey,dimgrey,MC100_vs_MC1,1,1,1.5992208337591567e-08,1.1005439543029505,1.1005439543029505,MC100_vs_MC1,1.1005439543029505,1.5992208337591567e-08,up_in_tested,1,0,deg_fraction,True,particle_size_um,-0.1867202754883608,0.4176932392721355,0.7331959097856713,0.07828998197270153,,,,1.1005439543029505,,,,,,1.5992208337591567e-08,,,,,,up_in_tested,,,3883,304,6,MA100_vs_CTR;MA100_vs_MA1;MA1_vs_CTR;MC100_vs_MC1;MC1_vs_CTR;MD1_vs_CTR,True,False
CKAP2L,ENSG00000169607,CKAP2L,CKAP2L,cytoskeleton associated protein 2L,dimgrey,dimgrey,MD1_vs_CTR,1,1,3.28938618190978e-08,1.088909441122529,1.088909441122529,MD1_vs_CTR,-1.088909441122529,3.28938618190978e-08,down_in_tested,0,1,deg_fraction,True,particle_size_um,-0.1867202754883608,0.4176932392721355,0.7331959097856713,0.07828998197270153,,,,,,-1.088909441122529,,,,,,3.28938618190978e-08,,,,,,down_in_tested,3883,304,6,MA100_vs_CTR;MA100_vs_MA1;MA1_vs_CTR;MC100_vs_MC1;MC1_vs_CTR;MD1_vs_CTR,True,False
NEURL1B,ENSG00000214357,NEURL1B,NEURL1B,neuralized E3 ubiquitin protein ligase 1B,dimgrey,dimgrey,MA100_vs_CTR;MC100_vs_MC1;MC1_vs_CTR;MD1_vs_CTR,4,4,5.3999692293180055e-08,1.3135363499823478,1.1581946450981424,MA100_vs_CTR,1.3135363499823478,5.3999692293180055e-08,up_in_tested,3,1,deg_fraction,True,particle_size_um,-0.1867202754883608,0.4176932392721355,0.7331959097856713,0.07828998197270153,1.3135363499823478,,,-1.1292665988809318,1.0620753976360258,1.1279002338932642,5.3999692293180055e-08,,,1.307739988667738e-06,1.1688459401461363e-05,2.468709991762804e-06,up_in_tested,,,down_in_tested,up_in_tested,up_in_tested,3883,304,6,MA100_vs_CTR;MA100_vs_MA1;MA1_vs_CTR;MC100_vs_MC1;MC1_vs_CTR;MD1_vs_CTR,True,False
TMEM134,ENSG00000172663,TMEM134,TMEM134,transmembrane protein 134,darkgrey,darkgrey,MC100_vs_MC1,1,1,5.405012397387672e-08,1.0086329068898878,1.0086329068898878,MC100_vs_MC1,-1.0086329068898878,5.405012397387672e-08,down_in_tested,0,1,module_trait;deg_fraction,True,particle_size_um,0.6222385633532057,0.0025949251469398,0.0591962437092719,0.06276791181873852,,,,-1.0086329068898878,,,,,,5.405012397387672e-08,,,,,,down_in_tested,,,3266,205,5,MA100_vs_CTR;MA100_vs_MA1;MC100_vs_MC1;MC1_vs_CTR;MD1_vs_CTR,True,True
HDAC7,ENSG00000061273,HDAC7,HDAC7,histone deacetylase 7,dimgrey,dimgrey,MC100_vs_MC1,1,1,5.927413723541786e-08,1.2258839026847812,1.2258839026847812,MC100_vs_MC1,-1.2258839026847812,5.927413723541786e-08,down_in_tested,0,1,deg_fraction,True,particle_size_um,-0.1867202754883608,0.4176932392721355,0.7331959097856713,0.07828998197270153,,,,-1.2258839026847812,,,,,,5.927413723541786e-08,,,,,,down_in_tested,,,3883,304,6,MA100_vs_CTR;MA100_vs_MA1;MA1_vs_CTR;MC100_vs_MC1;MC1_vs_CTR;MD1_vs_CTR,True,False
SPCS1,ENSG00000114902,SPCS1,SPCS1,signal peptidase complex subunit 1,dimgrey,dimgrey,MC100_vs_MC1,1,1,5.97912136614175e-08,1.101702791539795,1.101702791539795,MC100_vs_MC1,1.101702791539795,5.97912136614175e-08,up_in_tested,1,0,deg_fraction,True,particle_size_um,-0.1867202754883608,0.4176932392721355,0.7331959097856713,0.07828998197270153,,,,1.101702791539795,,,,,,5.97912136614175e-08,,,,,,up_in_tested,,,3883,304,6,MA100_vs_CTR;MA100_vs_MA1;MA1_vs_CTR;MC100_vs_MC1;MC1_vs_CTR;MD1_vs_CTR,True,False
PIK3C2A,ENSG00000011405,PIK3C2A,PIK3C2A,phosphatidylinositol-4-phosphate 3-kinase catalytic subunit type 2 alpha,darkgrey,darkgrey,MC100_vs_MC1,1,1,6.27821916084002e-08,1.0692523509565075,1.0692523509565075,MC100_vs_MC1,-1.0692523509565075,6.27821916084002e-08,down_in_tested,0,1,module_trait;deg_fraction,True,particle_size_um,0.6222385633532057,0.0025949251469398,0.0591962437092719,0.06276791181873852,,,,-1.0692523509565075,,,,,,6.27821916084002e-08,,,,,,down_in_tested,,,3266,205,5,MA100_vs_CTR;MA100_vs_MA1;MC100_vs_MC1;MC1_vs_CTR;MD1_vs_CTR,True,True
MAGOH,ENSG00000162385,MAGOH,MAGOH,"mago homolog, exon junction complex subunit",darkgrey,darkgrey,MC100_vs_MC1,1,1,9.34451680875573e-08,1.3527962961989028,1.3527962961989028,MC100_vs_MC1,-1.3527962961989028,9.34451680875573e-08,down_in_tested,0,1,module_trait;deg_fraction,True,particle_size_um,0.6222385633532057,0.0025949251469398,0.0591962437092719,0.06276791181873852,,,,-1.3527962961989028,,,,,,9.34451680875573e-08,,,,,,down_in_tested,,,3266,205,5,MA100_vs_CTR;MA100_vs_MA1;MC100_vs_MC1;MC1_vs_CTR;MD1_vs_CTR,True,True
EML2,ENSG00000125746,EML2,EML2,EMAP like 2,dimgrey,dimgrey,MA100_vs_CTR;MC100_vs_MC1;MC1_vs_CTR;MD1_vs_CTR,4,4,1.5044478026510836e-07,1.9515912678453893,1.4905391036211695,MC100_vs_MC1,-1.9515912678453893,1.5044478026510836e-07,down_in_tested,3,1,deg_fraction,True,particle_size_um,-0.1867202754883608,0.4176932392721355,0.7331959097856713,0.07828998197270153,1.4348834785541138,,,-1.9515912678453893,1.3104823467799995,1.265199321305175,0.0003372854481572,,,1.5044478026510836e-07,0.0009673821968884,0.0016872551113782,up_in_tested,,,down_in_tested,up_in_tested,up_in_tested,3883,304,6,MA100_vs_CTR;MA100_vs_MA1;MA1_vs_CTR;MC100_vs_MC1;MC1_vs_CTR;MD1_vs_CTR,True,False
AHSA1,ENSG00000100591,AHSA1,AHSA1,activator of HSP90 ATPase activity 1,darkgrey,darkgrey,MC100_vs_MC1,1,1,1.5044478026510836e-07,1.115238127789945,1.115238127789945,MC100_vs_MC1,-1.115238127789945,1.5044478026510836e-07,down_in_tested,0,1,module_trait;deg_fraction,True,particle_size_um,0.6222385633532057,0.0025949251469398,0.0591962437092719,0.06276791181873852,,,,-1.115238127789945,,,,,,1.5044478026510836e-07,,,,,,down_in_tested,,,3266,205,5,MA100_vs_CTR;MA100_vs_MA1;MC100_vs_MC1;MC1_vs_CTR;MD1_vs_CTR,True,True
ING3,ENSG00000071243,ING3,ING3,inhibitor of growth family member 3,gainsboro,gainsboro,MC100_vs_MC1,1,1,1.592004380520113e-07,1.1922453449418258,1.1922453449418258,MC100_vs_MC1,-1.1922453449418258,1.592004380520113e-07,down_in_tested,0,1,deg_fraction,True,particle_size_um,-0.2764543534617769,0.2250855359964077,0.5934073221723477,0.04092526690391459,,,,-1.1922453449418258,,,,,,1.592004380520113e-07,,,,,,down_in_tested,,,1124,46,6,MA100_vs_CTR;MA100_vs_MA1;MA1_vs_CTR;MC100_vs_MC1;MC1_vs_CTR;MD1_vs_CTR,True,False
FASTK,ENSG00000164896,FASTK,FASTK,Fas activated serine/threonine kinase,darkgrey,darkgrey,MC100_vs_MC1;MD1_vs_CTR,2,2,1.640827855987867e-07,1.2281736350761865,1.1359429081045436,MC100_vs_MC1,-1.2281736350761865,1.640827855987867e-07,down_in_tested,1,1,module_trait;deg_fraction,True,particle_size_um,0.6222385633532057,0.0025949251469398,0.0591962437092719,0.06276791181873852,,,,-1.2281736350761865,,1.0437121811329004,,,,1.640827855987867e-07,,2.1002397412976608e-05,,,,down_in_tested,,up_in_tested,3266,205,5,MA100_vs_CTR;MA100_vs_MA1;MC100_vs_MC1;MC1_vs_CTR;MD1_vs_CTR,True,True
UBN1,ENSG00000118900,UBN1,UBN1,ubinuclein 1,darkgrey,darkgrey,MC100_vs_MC1,1,1,1.7775413052135096e-07,1.0445228219999416,1.0445228219999416,MC100_vs_MC1,-1.0445228219999416,1.7775413052135096e-07,down_in_tested,0,1,module_trait;deg_fraction,True,particle_size_um,0.6222385633532057,0.0025949251469398,0.0591962437092719,0.06276791181873852,,,,-1.0445228219999416,,,,,,1.7775413052135096e-07,,,,,,down_in_tested,,,3266,205,5,MA100_vs_CTR;MA100_vs_MA1;MC100_vs_MC1;MC1_vs_CTR;MD1_vs_CTR,True,True
ZNF48,ENSG00000180035,ZNF48,ZNF48,zinc finger protein 48,dimgrey,dimgrey,MA100_vs_CTR;MA100_vs_MA1,2,2,1.973660648278389e-07,1.7591975957088908,1.680920942204012,MA100_vs_CTR,-1.7591975957088908,1.973660648278389e-07,down_in_tested,0,2,deg_fraction,True,particle_size_um,-0.1867202754883608,0.4176932392721355,0.7331959097856713,0.07828998197270153,-1.7591975957088908,-1.602644288699133,,,,,1.973660648278389e-07,2.262012861929352e-05,,,,,down_in_tested,down_in_tested,,,,,3883,304,6,MA100_vs_CTR;MA100_vs_MA1;MA1_vs_CTR;MC100_vs_MC1;MC1_vs_CTR;MD1_vs_CTR,True,False
RPL7,ENSG00000147604,RPL7,RPL7,ribosomal protein L7,dimgrey,dimgrey,MC100_vs_MC1,1,1,2.005999228787273e-07,1.111180273148304,1.111180273148304,MC100_vs_MC1,1.111180273148304,2.005999228787273e-07,up_in_tested,1,0,deg_fraction,True,particle_size_um,-0.1867202754883608,0.4176932392721355,0.7331959097856713,0.07828998197270153,,,,1.111180273148304,,,,,,2.005999228787273e-07,,,,,,up_in_tested,,,3883,304,6,MA100_vs_CTR;MA100_vs_MA1;MA1_vs_CTR;MC100_vs_MC1;MC1_vs_CTR;MD1_vs_CTR,True,False
BRD3,ENSG00000169925,BRD3,BRD3,bromodomain containing 3,darkgrey,darkgrey,MC1_vs_CTR,1,1,2.260068603036731e-07,1.0111617707670444,1.0111617707670444,MC1_vs_CTR,1.0111617707670444,2.260068603036731e-07,up_in_tested,1,0,module_trait;deg_fraction,True,particle_size_um,0.6222385633532057,0.0025949251469398,0.0591962437092719,0.06276791181873852,,,,,1.0111617707670444,,,,,,2.260068603036731e-07,,,,,,up_in_tested,,3266,205,5,MA100_vs_CTR;MA100_vs_MA1;MC100_vs_MC1;MC1_vs_CTR;MD1_vs_CTR,True,True
BCCIP,ENSG00000107949,BCCIP,BCCIP,BRCA2 and CDKN1A interacting protein,gainsboro,gainsboro,MA100_vs_CTR;MC100_vs_MC1;MC1_vs_CTR,3,3,2.868531831225107e-07,1.3188247712762953,1.2484795979560117,MC100_vs_MC1,-1.3188247712762953,2.868531831225107e-07,down_in_tested,2,1,deg_fraction,True,particle_size_um,-0.2764543534617769,0.2250855359964077,0.5934073221723477,0.04092526690391459,1.2678844549149524,,,-1.3188247712762953,1.1587295676767873,,3.143122211703258e-06,,,2.868531831225107e-07,1.7625937024201515e-05,,up_in_tested,,,down_in_tested,up_in_tested,,1124,46,6,MA100_vs_CTR;MA100_vs_MA1;MA1_vs_CTR;MC100_vs_MC1;MC1_vs_CTR;MD1_vs_CTR,True,False
GRN,ENSG00000030582,GRN,GRN,granulin precursor,darkgrey,darkgrey,MA100_vs_CTR;MC100_vs_MC1;MC1_vs_CTR;MD1_vs_CTR,4,4,3.040055809784875e-07,1.3625969799626076,1.1588067315515844,MC100_vs_MC1,-1.3625969799626076,3.040055809784875e-07,down_in_tested,3,1,module_trait;deg_fraction,True,particle_size_um,0.6222385633532057,0.0025949251469398,0.0591962437092719,0.06276791181873852,1.0371320370140915,,,-1.3625969799626076,1.1847070264230468,1.0507908828065915,0.0003086260611462,,,3.040055809784875e-07,2.381220606659474e-05,0.0002057803915237,up_in_tested,,,down_in_tested,up_in_tested,up_in_tested,3266,205,5,MA100_vs_CTR;MA100_vs_MA1;MC100_vs_MC1;MC1_vs_CTR;MD1_vs_CTR,True,True
SRP9,ENSG00000143742,SRP9,SRP9,signal recognition particle 9,dimgrey,dimgrey,MA100_vs_CTR;MC100_vs_MC1;MC1_vs_CTR,3,3,3.182219669321737e-07,1.2407330464299369,1.1495257429405772,MC100_vs_MC1,1.2407330464299369,3.182219669321737e-07,up_in_tested,1,2,deg_fraction,True,particle_size_um,-0.1867202754883608,0.4176932392721355,0.7331959097856713,0.07828998197270153,-1.0706036102556822,,,1.2407330464299369,-1.1372405721361127,,4.009290433527571e-05,,,3.182219669321737e-07,7.875045282709863e-06,,down_in_tested,,,up_in_tested,down_in_tested,,3883,304,6,MA100_vs_CTR;MA100_vs_MA1;MA1_vs_CTR;MC100_vs_MC1;MC1_vs_CTR;MD1_vs_CTR,True,False
RPS3A,ENSG00000145425,RPS3A,RPS3A,ribosomal protein S3A,dimgrey,dimgrey,MC100_vs_MC1,1,1,3.924335042119261e-07,1.0722786443844707,1.0722786443844707,MC100_vs_MC1,1.0722786443844707,3.924335042119261e-07,up_in_tested,1,0,deg_fraction,True,particle_size_um,-0.1867202754883608,0.4176932392721355,0.7331959097856713,0.07828998197270153,,,,1.0722786443844707,,,,,,3.924335042119261e-07,,,,,,up_in_tested,,,3883,304,6,MA100_vs_CTR;MA100_vs_MA1;MA1_vs_CTR;MC100_vs_MC1;MC1_vs_CTR;MD1_vs_CTR,True,False
MDK,ENSG00000110492,MDK,MDK,midkine,dimgrey,dimgrey,MC100_vs_MC1,1,1,5.014125073750165e-07,1.622251830024484,1.622251830024484,MC100_vs_MC1,1.622251830024484,5.014125073750165e-07,up_in_tested,1,0,deg_fraction,True,particle_size_um,-0.1867202754883608,0.4176932392721355,0.7331959097856713,0.07828998197270153,,,,1.622251830024484,,,,,,5.014125073750165e-07,,,,,,up_in_tested,,,3883,304,6,MA100_vs_CTR;MA100_vs_MA1;MA1_vs_CTR;MC100_vs_MC1;MC1_vs_CTR;MD1_vs_CTR,True,False
HES1,ENSG00000114315,HES1,HES1,hes family bHLH transcription factor 1,dimgrey,dimgrey,MA100_vs_MA1;MA1_vs_CTR;MC100_vs_MC1;MC1_vs_CTR;MD1_vs_CTR,5,5,6.696311894185782e-07,1.549317993667061,1.3707400668081398,MA1_vs_CTR,-1.549317993667061,6.696311894185782e-07,down_in_tested,2,3,deg_fraction,True,particle_size_um,-0.1867202754883608,0.4176932392721355,0.7331959097856713,0.07828998197270153,,1.540156818748449,-1.549317993667061,1.1688695672261644,-1.358771891772892,-1.2365840626261324,,1.5575144675677471e-06,6.696311894185782e-07,5.177095154205388e-05,4.392183152620913e-06,3.132117046064849e-05,,up_in_tested,down_in_tested,up_in_tested,down_in_tested,down_in_tested,3883,304,6,MA100_vs_CTR;MA100_vs_MA1;MA1_vs_CTR;MC100_vs_MC1;MC1_vs_CTR;MD1_vs_CTR,True,False
NDUFA12,ENSG00000184752,NDUFA12,NDUFA12,NADH:ubiquinone oxidoreductase subunit A12,dimgrey,dimgrey,MC100_vs_MC1,1,1,1.307739988667738e-06,1.106014122971912,1.106014122971912,MC100_vs_MC1,1.106014122971912,1.307739988667738e-06,up_in_tested,1,0,deg_fraction,True,particle_size_um,-0.1867202754883608,0.4176932392721355,0.7331959097856713,0.07828998197270153,,,,1.106014122971912,,,,,,1.307739988667738e-06,,,,,,up_in_tested,,,3883,304,6,MA100_vs_CTR;MA100_vs_MA1;MA1_vs_CTR;MC100_vs_MC1;MC1_vs_CTR;MD1_vs_CTR,True,False
DDX41,ENSG00000183258,DDX41,DDX41,DEAD-box helicase 41,darkgrey,darkgrey,MC100_vs_MC1,1,1,1.307739988667738e-06,1.0058897726514675,1.0058897726514675,MC100_vs_MC1,-1.0058897726514675,1.307739988667738e-06,down_in_tested,0,1,module_trait;deg_fraction,True,particle_size_um,0.6222385633532057,0.0025949251469398,0.0591962437092719,0.06276791181873852,,,,-1.0058897726514675,,,,,,1.307739988667738e-06,,,,,,down_in_tested,,,3266,205,5,MA100_vs_CTR;MA100_vs_MA1;MC100_vs_MC1;MC1_vs_CTR;MD1_vs_CTR,True,True
MEN1,ENSG00000133895,MEN1,MEN1,menin 1,darkgrey,darkgrey,MC100_vs_MC1,1,1,1.39230459562925e-06,1.009430867469478,1.009430867469478,MC100_vs_MC1,-1.009430867469478,1.39230459562925e-06,down_in_tested,0,1,module_trait;deg_fraction,True,particle_size_um,0.6222385633532057,0.0025949251469398,0.0591962437092719,0.06276791181873852,,,,-1.009430867469478,,,,,,1.39230459562925e-06,,,,,,down_in_tested,,,3266,205,5,MA100_vs_CTR;MA100_vs_MA1;MC100_vs_MC1;MC1_vs_CTR;MD1_vs_CTR,True,True
PPP3R1,ENSG00000221823,PPP3R1,PPP3R1,"protein phosphatase 3 regulatory subunit B, alpha",darkgrey,darkgrey,MC100_vs_MC1;MD1_vs_CTR,2,2,1.5451675971546476e-06,1.0362157546651038,1.0244068329569496,MD1_vs_CTR,1.0362157546651038,1.7170215001097063e-06,up_in_tested,1,1,module_trait;deg_fraction,True,particle_size_um,0.6222385633532057,0.0025949251469398,0.0591962437092719,0.06276791181873852,,,,-1.012597911248795,,1.0362157546651038,,,,1.5451675971546476e-06,,1.7170215001097063e-06,,,,down_in_tested,,up_in_tested,3266,205,5,MA100_vs_CTR;MA100_vs_MA1;MC100_vs_MC1;MC1_vs_CTR;MD1_vs_CTR,True,True
PIP4K2C,ENSG00000166908,PIP4K2C,PIP4K2C,phosphatidylinositol-5-phosphate 4-kinase type 2 gamma,darkgrey,darkgrey,MD1_vs_CTR,1,1,1.6311493637460037e-06,1.4132797021284202,1.4132797021284202,MD1_vs_CTR,1.4132797021284202,1.6311493637460037e-06,up_in_tested,1,0,module_trait;deg_fraction,True,particle_size_um,0.6222385633532057,0.0025949251469398,0.0591962437092719,0.06276791181873852,,,,,,1.4132797021284202,,,,,,1.6311493637460037e-06,,,,,,up_in_tested,3266,205,5,MA100_vs_CTR;MA100_vs_MA1;MC100_vs_MC1;MC1_vs_CTR;MD1_vs_CTR,True,True
ZNF865,ENSG00000261221,ZNF865,ZNF865,zinc finger protein 865,darkgrey,darkgrey,MA100_vs_MA1;MC100_vs_MC1;MC1_vs_CTR,3,3,1.6669803959925996e-06,1.7488782465590946,1.4184470809805845,MC100_vs_MC1,-1.7488782465590946,1.6669803959925996e-06,down_in_tested,2,1,module_trait;deg_fraction,True,particle_size_um,0.6222385633532057,0.0025949251469398,0.0591962437092719,0.06276791181873852,,1.2594886410904718,,-1.7488782465590946,1.2469743552921873,,,0.0107603108385155,,1.6669803959925996e-06,0.0012650756716041,,,up_in_tested,,down_in_tested,up_in_tested,,3266,205,5,MA100_vs_CTR;MA100_vs_MA1;MC100_vs_MC1;MC1_vs_CTR;MD1_vs_CTR,True,True
NDC80,ENSG00000080986,NDC80,NDC80,NDC80 kinetochore complex component,dimgrey,dimgrey,MD1_vs_CTR,1,1,1.7170215001097063e-06,1.063062735516055,1.063062735516055,MD1_vs_CTR,-1.063062735516055,1.7170215001097063e-06,down_in_tested,0,1,deg_fraction,True,particle_size_um,-0.1867202754883608,0.4176932392721355,0.7331959097856713,0.07828998197270153,,,,,,-1.063062735516055,,,,,,1.7170215001097063e-06,,,,,,down_in_tested,3883,304,6,MA100_vs_CTR;MA100_vs_MA1;MA1_vs_CTR;MC100_vs_MC1;MC1_vs_CTR;MD1_vs_CTR,True,False
GNAS,ENSG00000087460,GNAS,GNAS,GNAS complex locus,dimgrey,dimgrey,MD1_vs_CTR,1,1,1.763310330159612e-06,1.017765763292735,1.017765763292735,MD1_vs_CTR,-1.017765763292735,1.763310330159612e-06,down_in_tested,0,1,deg_fraction,True,particle_size_um,-0.1867202754883608,0.4176932392721355,0.7331959097856713,0.07828998197270153,,,,,,-1.017765763292735,,,,,,1.763310330159612e-06,,,,,,down_in_tested,3883,304,6,MA100_vs_CTR;MA100_vs_MA1;MA1_vs_CTR;MC100_vs_MC1;MC1_vs_CTR;MD1_vs_CTR,True,False
SMARCD2,ENSG00000108604,SMARCD2,SMARCD2,SWI/SNF related BAF chromatin remodeling complex subunit D2,darkgrey,darkgrey,MC100_vs_MC1,1,1,1.858736397987055e-06,1.222617140734439,1.222617140734439,MC100_vs_MC1,-1.222617140734439,1.858736397987055e-06,down_in_tested,0,1,module_trait;deg_fraction,True,particle_size_um,0.6222385633532057,0.0025949251469398,0.0591962437092719,0.06276791181873852,,,,-1.222617140734439,,,,,,1.858736397987055e-06,,,,,,down_in_tested,,,3266,205,5,MA100_vs_CTR;MA100_vs_MA1;MC100_vs_MC1;MC1_vs_CTR;MD1_vs_CTR,True,True
NUCB1,ENSG00000104805,NUCB1,NUCB1,nucleobindin 1,darkgrey,darkgrey,MC100_vs_MC1,1,1,1.9227896352070485e-06,1.0107848909740067,1.0107848909740067,MC100_vs_MC1,-1.0107848909740067,1.9227896352070485e-06,down_in_tested,0,1,module_trait;deg_fraction,True,particle_size_um,0.6222385633532057,0.0025949251469398,0.0591962437092719,0.06276791181873852,,,,-1.0107848909740067,,,,,,1.9227896352070485e-06,,,,,,down_in_tested,,,3266,205,5,MA100_vs_CTR;MA100_vs_MA1;MC100_vs_MC1;MC1_vs_CTR;MD1_vs_CTR,True,True
PRMT1,ENSG00000126457,PRMT1,PRMT1,protein arginine methyltransferase 1,darkgrey,darkgrey,MC100_vs_MC1,1,1,1.9858813218817632e-06,1.3707486398013338,1.3707486398013338,MC100_vs_MC1,-1.3707486398013338,1.9858813218817632e-06,down_in_tested,0,1,module_trait;deg_fraction,True,particle_size_um,0.6222385633532057,0.0025949251469398,0.0591962437092719,0.06276791181873852,,,,-1.3707486398013338,,,,,,1.9858813218817632e-06,,,,,,down_in_tested,,,3266,205,5,MA100_vs_CTR;MA100_vs_MA1;MC100_vs_MC1;MC1_vs_CTR;MD1_vs_CTR,True,True
RPS26,ENSG00000197728,RPS26,RPS26,ribosomal protein S26,dimgrey,dimgrey,MA100_vs_CTR;MA1_vs_CTR;MC100_vs_MC1;MC1_vs_CTR;MD1_vs_CTR,5,5,2.443494873474544e-06,1.452231269020277,1.1735779947449214,MD1_vs_CTR,-1.452231269020277,2.443494873474544e-06,down_in_tested,1,4,deg_fraction,True,particle_size_um,-0.1867202754883608,0.4176932392721355,0.7331959097856713,0.07828998197270153,-1.212046309703462,,-1.0363090622064195,1.1341345409604775,-1.0331687918339718,-1.452231269020277,0.0001496427974188,,0.0039743880960126,0.0002095641832377,0.0011740958433749,2.443494873474544e-06,down_in_tested,,down_in_tested,up_in_tested,down_in_tested,down_in_tested,3883,304,6,MA100_vs_CTR;MA100_vs_MA1;MA1_vs_CTR;MC100_vs_MC1;MC1_vs_CTR;MD1_vs_CTR,True,False
UPF3B,ENSG00000125351,UPF3B,UPF3B,UPF3B regulator of nonsense mediated mRNA decay,dimgrey,dimgrey,MD1_vs_CTR,1,1,2.461571306128563e-06,1.119250620280699,1.119250620280699,MD1_vs_CTR,-1.119250620280699,2.461571306128563e-06,down_in_tested,0,1,deg_fraction,True,particle_size_um,-0.1867202754883608,0.4176932392721355,0.7331959097856713,0.07828998197270153,,,,,,-1.119250620280699,,,,,,2.461571306128563e-06,,,,,,down_in_tested,3883,304,6,MA100_vs_CTR;MA100_vs_MA1;MA1_vs_CTR;MC100_vs_MC1;MC1_vs_CTR;MD1_vs_CTR,True,False
MMP14,ENSG00000157227,MMP14,MMP14,matrix metallopeptidase 14,dimgrey,dimgrey,MC100_vs_MC1,1,1,2.479835502091776e-06,1.1916314145692533,1.1916314145692533,MC100_vs_MC1,-1.1916314145692533,2.479835502091776e-06,down_in_tested,0,1,deg_fraction,True,particle_size_um,-0.1867202754883608,0.4176932392721355,0.7331959097856713,0.07828998197270153,,,,-1.1916314145692533,,,,,,2.479835502091776e-06,,,,,,down_in_tested,,,3883,304,6,MA100_vs_CTR;MA100_vs_MA1;MA1_vs_CTR;MC100_vs_MC1;MC1_vs_CTR;MD1_vs_CTR,True,False
SERPINB2,ENSG00000197632,SERPINB2,SERPINB2,serpin family B member 2,mistyrose,mistyrose,MC100_vs_MC1;MC1_vs_CTR,2,2,2.917700707561716e-06,1.1029423598068246,1.0718961421577387,MC100_vs_MC1,1.1029423598068246,2.917700707561716e-06,up_in_tested,1,1,deg_fraction,True,particle_size_um,-0.3310821963795141,0.142641678213067,0.5170760835223682,0.018309859154929577,,,,1.1029423598068246,-1.0408499245086529,,,,,2.917700707561716e-06,2.232246715106744e-05,,,,,up_in_tested,down_in_tested,,2130,39,4,MA100_vs_CTR;MA100_vs_MA1;MC100_vs_MC1;MC1_vs_CTR,True,False
ASF1A,ENSG00000111875,ASF1A,ASF1A,anti-silencing function 1A histone chaperone,dimgrey,dimgrey,MA100_vs_CTR;MC100_vs_MC1;MC1_vs_CTR;MD1_vs_CTR,4,4,3.1094278517379234e-06,1.395819246742395,1.3066915050909151,MC100_vs_MC1,1.395819246742395,3.1094278517379234e-06,up_in_tested,1,3,deg_fraction,True,particle_size_um,-0.1867202754883608,0.4176932392721355,0.7331959097856713,0.07828998197270153,-1.2471141529965977,,,1.395819246742395,-1.3707243553684187,-1.2131082652562486,8.94845732637976e-05,,,3.1094278517379234e-06,9.801186196536073e-06,0.0001021701418289,down_in_tested,,,up_in_tested,down_in_tested,down_in_tested,3883,304,6,MA100_vs_CTR;MA100_vs_MA1;MA1_vs_CTR;MC100_vs_MC1;MC1_vs_CTR;MD1_vs_CTR,True,False
PKDCC,ENSG00000162878,PKDCC,PKDCC,"protein kinase domain containing, cytoplasmic",darkgrey,darkgrey,MD1_vs_CTR,1,1,3.345381789135764e-06,1.0229887934516813,1.0229887934516813,MD1_vs_CTR,1.0229887934516813,3.345381789135764e-06,up_in_tested,1,0,module_trait;deg_fraction,True,particle_size_um,0.6222385633532057,0.0025949251469398,0.0591962437092719,0.06276791181873852,,,,,,1.0229887934516813,,,,,,3.345381789135764e-06,,,,,,up_in_tested,3266,205,5,MA100_vs_CTR;MA100_vs_MA1;MC100_vs_MC1;MC1_vs_CTR;MD1_vs_CTR,True,True
HOXB4,ENSG00000182742,HOXB4,HOXB4,homeobox B4,dimgrey,dimgrey,MA100_vs_CTR;MC100_vs_MC1;MC1_vs_CTR,3,3,3.385313325392829e-06,1.368159608209118,1.2928331226806458,MC100_vs_MC1,-1.368159608209118,3.385313325392829e-06,down_in_tested,2,1,deg_fraction,True,particle_size_um,-0.1867202754883608,0.4176932392721355,0.7331959097856713,0.07828998197270153,1.346088057019148,,,-1.368159608209118,1.1642517028136712,,1.2607912475676017e-05,,,3.385313325392829e-06,0.0001620067321128,,up_in_tested,,,down_in_tested,up_in_tested,,3883,304,6,MA100_vs_CTR;MA100_vs_MA1;MA1_vs_CTR;MC100_vs_MC1;MC1_vs_CTR;MD1_vs_CTR,True,False
SH3BP5L,ENSG00000175137,SH3BP5L,SH3BP5L,SH3 binding domain protein 5 like,darkgrey,darkgrey,MC100_vs_MC1;MC1_vs_CTR,2,2,3.457517055874326e-06,1.8598094670950207,1.4745876051845739,MC100_vs_MC1,-1.8598094670950207,3.457517055874326e-06,down_in_tested,1,1,module_trait;deg_fraction,True,particle_size_um,0.6222385633532057,0.0025949251469398,0.0591962437092719,0.06276791181873852,,,,-1.8598094670950207,1.089365743274127,,,,,3.457517055874326e-06,0.0125643416319737,,,,,down_in_tested,up_in_tested,,3266,205,5,MA100_vs_CTR;MA100_vs_MA1;MC100_vs_MC1;MC1_vs_CTR;MD1_vs_CTR,True,True
ARPC1A,ENSG00000241685,ARPC1A,ARPC1A,actin related protein 2/3 complex subunit 1A,dimgrey,dimgrey,MC100_vs_MC1;MC1_vs_CTR,2,2,3.813894117548044e-06,1.0680075270856122,1.0508745019410877,MC1_vs_CTR,-1.0680075270856122,4.1654603170186e-06,down_in_tested,1,1,deg_fraction,True,particle_size_um,-0.1867202754883608,0.4176932392721355,0.7331959097856713,0.07828998197270153,,,,1.033741476796563,-1.0680075270856122,,,,,3.813894117548044e-06,4.1654603170186e-06,,,,,up_in_tested,down_in_tested,,3883,304,6,MA100_vs_CTR;MA100_vs_MA1;MA1_vs_CTR;MC100_vs_MC1;MC1_vs_CTR;MD1_vs_CTR,True,False
MRS2,ENSG00000124532,MRS2,MRS2,magnesium transporter MRS2,mistyrose,mistyrose,MC100_vs_MC1;MC1_vs_CTR,2,2,4.571612662368547e-06,1.3239557633020005,1.207296014837941,MC100_vs_MC1,1.3239557633020005,4.571612662368547e-06,up_in_tested,1,1,deg_fraction,True,particle_size_um,-0.3310821963795141,0.142641678213067,0.5170760835223682,0.018309859154929577,,,,1.3239557633020005,-1.0906362663738818,,,,,4.571612662368547e-06,0.0003520866130152,,,,,up_in_tested,down_in_tested,,2130,39,4,MA100_vs_CTR;MA100_vs_MA1;MC100_vs_MC1;MC1_vs_CTR,True,False
NF1,ENSG00000196712,NF1,NF1,neurofibromin 1,gainsboro,gainsboro,MA100_vs_CTR;MC100_vs_MC1;MC1_vs_CTR;MD1_vs_CTR,4,4,4.765856224827871e-06,1.4682464832308209,1.178955057801189,MC100_vs_MC1,-1.4682464832308209,4.765856224827871e-06,down_in_tested,3,1,deg_fraction,True,particle_size_um,-0.2764543534617769,0.2250855359964077,0.5934073221723477,0.04092526690391459,1.0741236376842616,,,-1.4682464832308209,1.0639866689058337,1.1094634413838396,0.0019297535674905,,,4.765856224827871e-06,0.0017409095527604,0.0012093946541185,up_in_tested,,,down_in_tested,up_in_tested,up_in_tested,1124,46,6,MA100_vs_CTR;MA100_vs_MA1;MA1_vs_CTR;MC100_vs_MC1;MC1_vs_CTR;MD1_vs_CTR,True,False
RNASEH2B,ENSG00000136104,RNASEH2B,RNASEH2B,ribonuclease H2 subunit B,dimgrey,dimgrey,MA100_vs_CTR;MC1_vs_CTR;MD1_vs_CTR,3,3,5.015422404826663e-06,1.3178441776138086,1.1360669187031627,MA100_vs_CTR,-1.3178441776138086,5.015422404826663e-06,down_in_tested,0,3,deg_fraction,True,particle_size_um,-0.1867202754883608,0.4176932392721355,0.7331959097856713,0.07828998197270153,-1.3178441776138086,,,,-1.069637462955531,-1.0207191155401487,5.015422404826663e-06,,,,0.0001909486525336,0.0004320054909793,down_in_tested,,,,down_in_tested,down_in_tested,3883,304,6,MA100_vs_CTR;MA100_vs_MA1;MA1_vs_CTR;MC100_vs_MC1;MC1_vs_CTR;MD1_vs_CTR,True,False
RACGAP1,ENSG00000161800,RACGAP1,RACGAP1,Rac GTPase activating protein 1,dimgrey,dimgrey,MC100_vs_MC1,1,1,5.142983436820235e-06,1.11391251053601,1.11391251053601,MC100_vs_MC1,1.11391251053601,5.142983436820235e-06,up_in_tested,1,0,deg_fraction,True,particle_size_um,-0.1867202754883608,0.4176932392721355,0.7331959097856713,0.07828998197270153,,,,1.11391251053601,,,,,,5.142983436820235e-06,,,,,,up_in_tested,,,3883,304,6,MA100_vs_CTR;MA100_vs_MA1;MA1_vs_CTR;MC100_vs_MC1;MC1_vs_CTR;MD1_vs_CTR,True,False
POLR2K,ENSG00000147669,POLR2K,POLR2K,"RNA polymerase II, I and III subunit K",dimgrey,dimgrey,MC100_vs_MC1,1,1,5.653335023043648e-06,1.056267227654522,1.056267227654522,MC100_vs_MC1,1.056267227654522,5.653335023043648e-06,up_in_tested,1,0,deg_fraction,True,particle_size_um,-0.1867202754883608,0.4176932392721355,0.7331959097856713,0.07828998197270153,,,,1.056267227654522,,,,,,5.653335023043648e-06,,,,,,up_in_tested,,,3883,304,6,MA100_vs_CTR;MA100_vs_MA1;MA1_vs_CTR;MC100_vs_MC1;MC1_vs_CTR;MD1_vs_CTR,True,False
UHRF1,ENSG00000276043,UHRF1,UHRF1,ubiquitin like with PHD and ring finger domains 1,dimgrey,dimgrey,MC100_vs_MC1;MC1_vs_CTR,2,2,6.050403419700179e-06,1.3295370637851596,1.1945191014498566,MC100_vs_MC1,1.3295370637851596,6.050403419700179e-06,up_in_tested,1,1,deg_fraction,True,particle_size_um,-0.1867202754883608,0.4176932392721355,0.7331959097856713,0.07828998197270153,,,,1.3295370637851596,-1.059501139114554,,,,,6.050403419700179e-06,0.0006231288415637,,,,,up_in_tested,down_in_tested,,3883,304,6,MA100_vs_CTR;MA100_vs_MA1;MA1_vs_CTR;MC100_vs_MC1;MC1_vs_CTR;MD1_vs_CTR,True,False
ITPRIPL2,ENSG00000205730,ITPRIPL2,ITPRIPL2,ITPRIP like 2,gainsboro,gainsboro,MA100_vs_CTR,1,1,6.068875924286546e-06,1.197466939989946,1.197466939989946,MA100_vs_CTR,1.197466939989946,6.068875924286546e-06,up_in_tested,1,0,deg_fraction,True,particle_size_um,-0.2764543534617769,0.2250855359964077,0.5934073221723477,0.04092526690391459,1.197466939989946,,,,,,6.068875924286546e-06,,,,,,up_in_tested,,,,,,1124,46,6,MA100_vs_CTR;MA100_vs_MA1;MA1_vs_CTR;MC100_vs_MC1;MC1_vs_CTR;MD1_vs_CTR,True,False
CYTH3,ENSG00000008256,CYTH3,CYTH3,cytohesin 3,darkgrey,darkgrey,MC100_vs_MC1,1,1,6.579008978943267e-06,1.052198159277292,1.052198159277292,MC100_vs_MC1,-1.052198159277292,6.579008978943267e-06,down_in_tested,0,1,module_trait;deg_fraction,True,particle_size_um,0.6222385633532057,0.0025949251469398,0.0591962437092719,0.06276791181873852,,,,-1.052198159277292,,,,,,6.579008978943267e-06,,,,,,down_in_tested,,,3266,205,5,MA100_vs_CTR;MA100_vs_MA1;MC100_vs_MC1;MC1_vs_CTR;MD1_vs_CTR,True,True
SURF6,ENSG00000148296,SURF6,SURF6,surfeit 6,dimgrey,dimgrey,MA100_vs_CTR;MA100_vs_MA1;MC100_vs_MC1;MC1_vs_CTR,4,4,6.989527097806939e-06,2.348818060819621,1.7396662440865427,MA100_vs_CTR,2.348818060819621,6.989527097806939e-06,up_in_tested,3,1,deg_fraction,True,particle_size_um,-0.1867202754883608,0.4176932392721355,0.7331959097856713,0.07828998197270153,2.348818060819621,1.3306439223130764,,-1.6928073707763305,1.5863956224371425,,6.989527097806939e-06,0.0602854822047388,,0.0010686518617142,0.0031416929628592,,up_in_tested,up_in_tested,,down_in_tested,up_in_tested,,3883,304,6,MA100_vs_CTR;MA100_vs_MA1;MA1_vs_CTR;MC100_vs_MC1;MC1_vs_CTR;MD1_vs_CTR,True,False
ATP5PD,ENSG00000167863,ATP5PD,ATP5PD,ATP synthase peripheral stalk subunit d,dimgrey,dimgrey,MA100_vs_CTR,1,1,7.03948580636583e-06,1.0759135707090044,1.0759135707090044,MA100_vs_CTR,-1.0759135707090044,7.03948580636583e-06,down_in_tested,0,1,deg_fraction,True,particle_size_um,-0.1867202754883608,0.4176932392721355,0.7331959097856713,0.07828998197270153,-1.0759135707090044,,,,,,7.03948580636583e-06,,,,,,down_in_tested,,,,,,3883,304,6,MA100_vs_CTR;MA100_vs_MA1;MA1_vs_CTR;MC100_vs_MC1;MC1_vs_CTR;MD1_vs_CTR,True,False
DPY30,ENSG00000162961,DPY30,DPY30,dpy-30 histone methyltransferase complex regulatory subunit,dimgrey,dimgrey,MC100_vs_MC1;MC1_vs_CTR,2,2,7.290836806338923e-06,1.2454882823477462,1.1584053585791434,MC100_vs_MC1,1.2454882823477462,7.290836806338923e-06,up_in_tested,1,1,deg_fraction,True,particle_size_um,-0.1867202754883608,0.4176932392721355,0.7331959097856713,0.07828998197270153,,,,1.2454882823477462,-1.0713224348105408,,,,,7.290836806338923e-06,0.0002234536812057,,,,,up_in_tested,down_in_tested,,3883,304,6,MA100_vs_CTR;MA100_vs_MA1;MA1_vs_CTR;MC100_vs_MC1;MC1_vs_CTR;MD1_vs_CTR,True,False
ZNF83,ENSG00000167766,ZNF83,ZNF83,zinc finger protein 83,dimgrey,dimgrey,MA100_vs_CTR;MC100_vs_MC1;MC1_vs_CTR,3,3,8.556597220381602e-06,1.5543324145093245,1.3535340366265516,MC100_vs_MC1,1.5543324145093245,8.556597220381602e-06,up_in_tested,1,2,deg_fraction,True,particle_size_um,-0.1867202754883608,0.4176932392721355,0.7331959097856713,0.07828998197270153,-1.2639100970864927,,,1.5543324145093245,-1.2423595982838374,,0.0008127246998485,,,8.556597220381602e-06,0.0007601385451425,,down_in_tested,,,up_in_tested,down_in_tested,,3883,304,6,MA100_vs_CTR;MA100_vs_MA1;MA1_vs_CTR;MC100_vs_MC1;MC1_vs_CTR;MD1_vs_CTR,True,False
KDELR1,ENSG00000105438,KDELR1,KDELR1,KDEL endoplasmic reticulum protein retention receptor 1,darkgrey,darkgrey,MC100_vs_MC1,1,1,1.0098252313163253e-05,1.2196054293588336,1.2196054293588336,MC100_vs_MC1,-1.2196054293588336,1.0098252313163253e-05,down_in_tested,0,1,module_trait;deg_fraction,True,particle_size_um,0.6222385633532057,0.0025949251469398,0.0591962437092719,0.06276791181873852,,,,-1.2196054293588336,,,,,,1.0098252313163253e-05,,,,,,down_in_tested,,,3266,205,5,MA100_vs_CTR;MA100_vs_MA1;MC100_vs_MC1;MC1_vs_CTR;MD1_vs_CTR,True,True
RPS27,ENSG00000177954,RPS27,RPS27,ribosomal protein S27,dimgrey,dimgrey,MC100_vs_MC1,1,1,1.0362340432833482e-05,1.177902369901615,1.177902369901615,MC100_vs_MC1,1.177902369901615,1.0362340432833482e-05,up_in_tested,1,0,deg_fraction,True,particle_size_um,-0.1867202754883608,0.4176932392721355,0.7331959097856713,0.07828998197270153,,,,1.177902369901615,,,,,,1.0362340432833482e-05,,,,,,up_in_tested,,,3883,304,6,MA100_vs_CTR;MA100_vs_MA1;MA1_vs_CTR;MC100_vs_MC1;MC1_vs_CTR;MD1_vs_CTR,True,False
FKBP4,ENSG00000004478,FKBP4,FKBP4,FKBP prolyl isomerase 4,dimgrey,dimgrey,MD1_vs_CTR,1,1,1.0374496914744091e-05,1.1920903960215845,1.1920903960215845,MD1_vs_CTR,-1.1920903960215845,1.0374496914744091e-05,down_in_tested,0,1,deg_fraction,True,particle_size_um,-0.1867202754883608,0.4176932392721355,0.7331959097856713,0.07828998197270153,,,,,,-1.1920903960215845,,,,,,1.0374496914744091e-05,,,,,,down_in_tested,3883,304,6,MA100_vs_CTR;MA100_vs_MA1;MA1_vs_CTR;MC100_vs_MC1;MC1_vs_CTR;MD1_vs_CTR,True,False
GDF15,ENSG00000130513,GDF15,GDF15,growth differentiation factor 15,dimgrey,dimgrey,MC100_vs_MC1;MC1_vs_CTR;MD1_vs_CTR,3,3,1.0476639852150413e-05,1.329011290844418,1.131552638006806,MC100_vs_MC1,-1.329011290844418,1.0476639852150413e-05,down_in_tested,2,1,deg_fraction,True,particle_size_um,-0.1867202754883608,0.4176932392721355,0.7331959097856713,0.07828998197270153,,,,-1.329011290844418,1.0134441861467651,1.0522024370292349,,,,1.0476639852150413e-05,0.0014610584119745,0.0010154901440594,,,,down_in_tested,up_in_tested,up_in_tested,3883,304,6,MA100_vs_CTR;MA100_vs_MA1;MA1_vs_CTR;MC100_vs_MC1;MC1_vs_CTR;MD1_vs_CTR,True,False
LTBP3,ENSG00000168056,LTBP3,LTBP3,latent transforming growth factor beta binding protein 3,darkgrey,darkgrey,MC100_vs_MC1;MC1_vs_CTR,2,2,1.264728122682508e-05,1.4027039143807027,1.3301885383462757,MC100_vs_MC1,-1.4027039143807027,1.264728122682508e-05,down_in_tested,1,1,module_trait;deg_fraction,True,particle_size_um,0.6222385633532057,0.0025949251469398,0.0591962437092719,0.06276791181873852,,,,-1.4027039143807027,1.257673162311849,,,,,1.264728122682508e-05,0.0001671148192085,,,,,down_in_tested,up_in_tested,,3266,205,5,MA100_vs_CTR;MA100_vs_MA1;MC100_vs_MC1;MC1_vs_CTR;MD1_vs_CTR,True,True
SMIM29,ENSG00000186577,SMIM29,SMIM29,small integral membrane protein 29,dimgrey,dimgrey,MC100_vs_MC1,1,1,1.3826358861623724e-05,1.081399997174923,1.081399997174923,MC100_vs_MC1,-1.081399997174923,1.3826358861623724e-05,down_in_tested,0,1,deg_fraction,True,particle_size_um,-0.1867202754883608,0.4176932392721355,0.7331959097856713,0.07828998197270153,,,,-1.081399997174923,,,,,,1.3826358861623724e-05,,,,,,down_in_tested,,,3883,304,6,MA100_vs_CTR;MA100_vs_MA1;MA1_vs_CTR;MC100_vs_MC1;MC1_vs_CTR;MD1_vs_CTR,True,False
OGFR,ENSG00000060491,OGFR,OGFR,opioid growth factor receptor,darkgrey,darkgrey,MC100_vs_MC1,1,1,1.469803785113664e-05,1.1221679678492922,1.1221679678492922,MC100_vs_MC1,-1.1221679678492922,1.469803785113664e-05,down_in_tested,0,1,module_trait;deg_fraction,True,particle_size_um,0.6222385633532057,0.0025949251469398,0.0591962437092719,0.06276791181873852,,,,-1.1221679678492922,,,,,,1.469803785113664e-05,,,,,,down_in_tested,,,3266,205,5,MA100_vs_CTR;MA100_vs_MA1;MC100_vs_MC1;MC1_vs_CTR;MD1_vs_CTR,True,True
SDHB,ENSG00000117118,SDHB,SDHB,succinate dehydrogenase complex iron sulfur subunit B,dimgrey,dimgrey,MC100_vs_MC1;MC1_vs_CTR;MD1_vs_CTR,3,3,1.581347882288734e-05,1.5448419933828632,1.3334816368906572,MC100_vs_MC1,1.5448419933828632,1.581347882288734e-05,up_in_tested,1,2,deg_fraction,True,particle_size_um,-0.1867202754883608,0.4176932392721355,0.7331959097856713,0.07828998197270153,,,,1.5448419933828632,-1.3597760489372406,-1.0958268683518682,,,,1.581347882288734e-05,0.000277981904158,0.0044499771678476,,,,up_in_tested,down_in_tested,down_in_tested,3883,304,6,MA100_vs_CTR;MA100_vs_MA1;MA1_vs_CTR;MC100_vs_MC1;MC1_vs_CTR;MD1_vs_CTR,True,False
EXOSC3,ENSG00000107371,EXOSC3,EXOSC3,exosome component 3,dimgrey,dimgrey,MC100_vs_MC1,1,1,1.7164007672111814e-05,1.1978974525153003,1.1978974525153003,MC100_vs_MC1,1.1978974525153003,1.7164007672111814e-05,up_in_tested,1,0,deg_fraction,True,particle_size_um,-0.1867202754883608,0.4176932392721355,0.7331959097856713,0.07828998197270153,,,,1.1978974525153003,,,,,,1.7164007672111814e-05,,,,,,up_in_tested,,,3883,304,6,MA100_vs_CTR;MA100_vs_MA1;MA1_vs_CTR;MC100_vs_MC1;MC1_vs_CTR;MD1_vs_CTR,True,False
POMT2,ENSG00000009830,POMT2,POMT2,protein O-mannosyltransferase 2,darkgrey,darkgrey,MC100_vs_MC1,1,1,1.7164007672111814e-05,1.00532515146937,1.00532515146937,MC100_vs_MC1,-1.00532515146937,1.7164007672111814e-05,down_in_tested,0,1,module_trait;deg_fraction,True,particle_size_um,0.6222385633532057,0.0025949251469398,0.0591962437092719,0.06276791181873852,,,,-1.00532515146937,,,,,,1.7164007672111814e-05,,,,,,down_in_tested,,,3266,205,5,MA100_vs_CTR;MA100_vs_MA1;MC100_vs_MC1;MC1_vs_CTR;MD1_vs_CTR,True,True
PLEKHA1,ENSG00000107679,PLEKHA1,PLEKHA1,pleckstrin homology domain containing A1,darkgrey,darkgrey,MC100_vs_MC1;MC1_vs_CTR,2,2,1.7415769741324654e-05,1.0809828503434136,1.0588783789815315,MC100_vs_MC1,-1.0809828503434136,1.7415769741324654e-05,down_in_tested,1,1,module_trait;deg_fraction,True,particle_size_um,0.6222385633532057,0.0025949251469398,0.0591962437092719,0.06276791181873852,,,,-1.0809828503434136,1.0367739076196494,,,,,1.7415769741324654e-05,8.160447273339461e-05,,,,,down_in_tested,up_in_tested,,3266,205,5,MA100_vs_CTR;MA100_vs_MA1;MC100_vs_MC1;MC1_vs_CTR;MD1_vs_CTR,True,True
GOLGA2,ENSG00000167110,GOLGA2,GOLGA2,golgin A2,dimgrey,dimgrey,MA100_vs_CTR;MC100_vs_MC1;MC1_vs_CTR,3,3,1.781712731189051e-05,1.3457685223596405,1.1646245363772147,MC100_vs_MC1,-1.3457685223596405,1.781712731189051e-05,down_in_tested,2,1,deg_fraction,True,particle_size_um,-0.1867202754883608,0.4176932392721355,0.7331959097856713,0.07828998197270153,1.0904853288261955,,,-1.3457685223596405,1.0576197579458082,,0.0011601083317274,,,1.781712731189051e-05,0.0013958457329543,,up_in_tested,,,down_in_tested,up_in_tested,,3883,304,6,MA100_vs_CTR;MA100_vs_MA1;MA1_vs_CTR;MC100_vs_MC1;MC1_vs_CTR;MD1_vs_CTR,True,False
MXD4,ENSG00000123933,MXD4,MXD4,MAX dimerization protein 4,darkgrey,darkgrey,MC1_vs_CTR,1,1,1.7924750646772517e-05,1.0098409003983877,1.0098409003983877,MC1_vs_CTR,1.0098409003983877,1.7924750646772517e-05,up_in_tested,1,0,module_trait;deg_fraction,True,particle_size_um,0.6222385633532057,0.0025949251469398,0.0591962437092719,0.06276791181873852,,,,,1.0098409003983877,,,,,,1.7924750646772517e-05,,,,,,up_in_tested,,3266,205,5,MA100_vs_CTR;MA100_vs_MA1;MC100_vs_MC1;MC1_vs_CTR;MD1_vs_CTR,True,True
EVI5L,ENSG00000142459,EVI5L,EVI5L,ecotropic viral integration site 5 like,darkgrey,darkgrey,MC100_vs_MC1,1,1,1.8848065221006066e-05,1.05016384252757,1.05016384252757,MC100_vs_MC1,-1.05016384252757,1.8848065221006066e-05,down_in_tested,0,1,module_trait;deg_fraction,True,particle_size_um,0.6222385633532057,0.0025949251469398,0.0591962437092719,0.06276791181873852,,,,-1.05016384252757,,,,,,1.8848065221006066e-05,,,,,,down_in_tested,,,3266,205,5,MA100_vs_CTR;MA100_vs_MA1;MC100_vs_MC1;MC1_vs_CTR;MD1_vs_CTR,True,True
GNL2,ENSG00000134697,GNL2,GNL2,G protein nucleolar 2,gainsboro,gainsboro,MD1_vs_CTR,1,1,1.907057851892452e-05,1.2011693055067632,1.2011693055067632,MD1_vs_CTR,-1.2011693055067632,1.907057851892452e-05,down_in_tested,0,1,deg_fraction,True,particle_size_um,-0.2764543534617769,0.2250855359964077,0.5934073221723477,0.04092526690391459,,,,,,-1.2011693055067632,,,,,,1.907057851892452e-05,,,,,,down_in_tested,1124,46,6,MA100_vs_CTR;MA100_vs_MA1;MA1_vs_CTR;MC100_vs_MC1;MC1_vs_CTR;MD1_vs_CTR,True,False
CCDC71,ENSG00000177352,CCDC71,CCDC71,coiled-coil domain containing 71,dimgrey,dimgrey,MC100_vs_MC1;MC1_vs_CTR;MD1_vs_CTR,3,3,1.9116575480307825e-05,1.5506949450104763,1.2952971096365313,MC100_vs_MC1,-1.5506949450104763,1.9116575480307825e-05,down_in_tested,2,1,deg_fraction,True,particle_size_um,-0.1867202754883608,0.4176932392721355,0.7331959097856713,0.07828998197270153,,,,-1.5506949450104763,1.1844755424599431,1.150720841439174,,,,1.9116575480307825e-05,0.001974941157412,0.0030822245102505,,,,down_in_tested,up_in_tested,up_in_tested,3883,304,6,MA100_vs_CTR;MA100_vs_MA1;MA1_vs_CTR;MC100_vs_MC1;MC1_vs_CTR;MD1_vs_CTR,True,False
SYMPK,ENSG00000125755,SYMPK,SYMPK,symplekin scaffold protein,dimgrey,dimgrey,MC100_vs_MC1,1,1,1.9116575480307825e-05,1.406132808382331,1.406132808382331,MC100_vs_MC1,-1.406132808382331,1.9116575480307825e-05,down_in_tested,0,1,deg_fraction,True,particle_size_um,-0.1867202754883608,0.4176932392721355,0.7331959097856713,0.07828998197270153,,,,-1.406132808382331,,,,,,1.9116575480307825e-05,,,,,,down_in_tested,,,3883,304,6,MA100_vs_CTR;MA100_vs_MA1;MA1_vs_CTR;MC100_vs_MC1;MC1_vs_CTR;MD1_vs_CTR,True,False
MAP3K3,ENSG00000198909,MAP3K3,MAP3K3,mitogen-activated protein kinase kinase kinase 3,darkgrey,darkgrey,MC100_vs_MC1,1,1,1.9116575480307825e-05,1.170087508459594,1.170087508459594,MC100_vs_MC1,-1.170087508459594,1.9116575480307825e-05,down_in_tested,0,1,module_trait;deg_fraction,True,particle_size_um,0.6222385633532057,0.0025949251469398,0.0591962437092719,0.06276791181873852,,,,-1.170087508459594,,,,,,1.9116575480307825e-05,,,,,,down_in_tested,,,3266,205,5,MA100_vs_CTR;MA100_vs_MA1;MC100_vs_MC1;MC1_vs_CTR;MD1_vs_CTR,True,True
INCENP,ENSG00000149503,INCENP,INCENP,inner centromere protein,darkgrey,darkgrey,MC100_vs_MC1;MC1_vs_CTR,2,2,1.9116575480307825e-05,1.1036109638438487,1.0674722553741705,MC100_vs_MC1,-1.1036109638438487,1.9116575480307825e-05,down_in_tested,1,1,module_trait;deg_fraction,True,particle_size_um,0.6222385633532057,0.0025949251469398,0.0591962437092719,0.06276791181873852,,,,-1.1036109638438487,1.0313335469044922,,,,,1.9116575480307825e-05,0.0001286607712281,,,,,down_in_tested,up_in_tested,,3266,205,5,MA100_vs_CTR;MA100_vs_MA1;MC100_vs_MC1;MC1_vs_CTR;MD1_vs_CTR,True,True
APH1A,ENSG00000117362,APH1A,APH1A,aph-1A gamma-secretase subunit,darkgrey,darkgrey,MC100_vs_MC1,1,1,1.9372221330412823e-05,1.389638072356489,1.389638072356489,MC100_vs_MC1,-1.389638072356489,1.9372221330412823e-05,down_in_tested,0,1,module_trait;deg_fraction,True,particle_size_um,0.6222385633532057,0.0025949251469398,0.0591962437092719,0.06276791181873852,,,,-1.389638072356489,,,,,,1.9372221330412823e-05,,,,,,down_in_tested,,,3266,205,5,MA100_vs_CTR;MA100_vs_MA1;MC100_vs_MC1;MC1_vs_CTR;MD1_vs_CTR,True,True
DDX55,ENSG00000111364,DDX55,DDX55,DEAD-box helicase 55,dimgrey,dimgrey,MA100_vs_CTR;MD1_vs_CTR,2,2,2.2142834139298045e-05,1.2811782291266531,1.1433241802076437,MD1_vs_CTR,-1.2811782291266531,2.2142834139298045e-05,down_in_tested,0,2,deg_fraction,True,particle_size_um,-0.1867202754883608,0.4176932392721355,0.7331959097856713,0.07828998197270153,-1.0054701312886345,,,,,-1.2811782291266531,0.0013184804998467,,,,,2.2142834139298045e-05,down_in_tested,,,,,down_in_tested,3883,304,6,MA100_vs_CTR;MA100_vs_MA1;MA1_vs_CTR;MC100_vs_MC1;MC1_vs_CTR;MD1_vs_CTR,True,False
NICOL1,ENSG00000243449,NICOL1,NICOL1,NELL2 interacting cell ontogeny regulator 1,gainsboro,gainsboro,MA100_vs_MA1,1,1,2.262012861929352e-05,1.7338600161658302,1.7338600161658302,MA100_vs_MA1,1.7338600161658302,2.262012861929352e-05,up_in_tested,1,0,deg_fraction,True,particle_size_um,-0.2764543534617769,0.2250855359964077,0.5934073221723477,0.04092526690391459,,1.7338600161658302,,,,,,2.262012861929352e-05,,,,,,up_in_tested,,,,,1124,46,6,MA100_vs_CTR;MA100_vs_MA1;MA1_vs_CTR;MC100_vs_MC1;MC1_vs_CTR;MD1_vs_CTR,True,False
MRPL20,ENSG00000242485,MRPL20,MRPL20,mitochondrial ribosomal protein L20,dimgrey,dimgrey,MC100_vs_MC1;MC1_vs_CTR,2,2,2.387336432786867e-05,1.4996542332787484,1.4537561358016737,MC100_vs_MC1,1.4996542332787484,2.387336432786867e-05,up_in_tested,1,1,deg_fraction,True,particle_size_um,-0.1867202754883608,0.4176932392721355,0.7331959097856713,0.07828998197270153,,,,1.4996542332787484,-1.4078580383245989,,,,,2.387336432786867e-05,0.0001415224892378,,,,,up_in_tested,down_in_tested,,3883,304,6,MA100_vs_CTR;MA100_vs_MA1;MA1_vs_CTR;MC100_vs_MC1;MC1_vs_CTR;MD1_vs_CTR,True,False
ATG3,ENSG00000144848,ATG3,ATG3,autophagy related 3,dimgrey,dimgrey,MC1_vs_CTR,1,1,2.594749252858021e-05,1.0581607241408255,1.0581607241408255,MC1_vs_CTR,-1.0581607241408255,2.594749252858021e-05,down_in_tested,0,1,deg_fraction,True,particle_size_um,-0.1867202754883608,0.4176932392721355,0.7331959097856713,0.07828998197270153,,,,,-1.0581607241408255,,,,,,2.594749252858021e-05,,,,,,down_in_tested,,3883,304,6,MA100_vs_CTR;MA100_vs_MA1;MA1_vs_CTR;MC100_vs_MC1;MC1_vs_CTR;MD1_vs_CTR,True,False
DPY19L1,ENSG00000173852,DPY19L1,DPY19L1,dpy-19 like C-mannosyltransferase 1,dimgrey,dimgrey,MC1_vs_CTR,1,1,2.594749252858021e-05,1.013035195023063,1.013035195023063,MC1_vs_CTR,-1.013035195023063,2.594749252858021e-05,down_in_tested,0,1,deg_fraction,True,particle_size_um,-0.1867202754883608,0.4176932392721355,0.7331959097856713,0.07828998197270153,,,,,-1.013035195023063,,,,,,2.594749252858021e-05,,,,,,down_in_tested,,3883,304,6,MA100_vs_CTR;MA100_vs_MA1;MA1_vs_CTR;MC100_vs_MC1;MC1_vs_CTR;MD1_vs_CTR,True,False
PARP4,ENSG00000102699,PARP4,PARP4,poly(ADP-ribose) polymerase family member 4,dimgrey,dimgrey,MA100_vs_CTR,1,1,2.708122136270065e-05,1.2036306069256746,1.2036306069256746,MA100_vs_CTR,-1.2036306069256746,2.708122136270065e-05,down_in_tested,0,1,deg_fraction,True,particle_size_um,-0.1867202754883608,0.4176932392721355,0.7331959097856713,0.07828998197270153,-1.2036306069256746,,,,,,2.708122136270065e-05,,,,,,down_in_tested,,,,,,3883,304,6,MA100_vs_CTR;MA100_vs_MA1;MA1_vs_CTR;MC100_vs_MC1;MC1_vs_CTR;MD1_vs_CTR,True,False
POLR2E,ENSG00000099817,POLR2E,POLR2E,"RNA polymerase II, I and III subunit E",dimgrey,dimgrey,MC100_vs_MC1,1,1,2.729735999126859e-05,1.2146662628056286,1.2146662628056286,MC100_vs_MC1,-1.2146662628056286,2.729735999126859e-05,down_in_tested,0,1,deg_fraction,True,particle_size_um,-0.1867202754883608,0.4176932392721355,0.7331959097856713,0.07828998197270153,,,,-1.2146662628056286,,,,,,2.729735999126859e-05,,,,,,down_in_tested,,,3883,304,6,MA100_vs_CTR;MA100_vs_MA1;MA1_vs_CTR;MC100_vs_MC1;MC1_vs_CTR;MD1_vs_CTR,True,False
REEP4,ENSG00000168476,REEP4,REEP4,receptor accessory protein 4,darkgrey,darkgrey,MC100_vs_MC1,1,1,2.893412726366734e-05,1.0680965789670338,1.0680965789670338,MC100_vs_MC1,-1.0680965789670338,2.893412726366734e-05,down_in_tested,0,1,module_trait;deg_fraction,True,particle_size_um,0.6222385633532057,0.0025949251469398,0.0591962437092719,0.06276791181873852,,,,-1.0680965789670338,,,,,,2.893412726366734e-05,,,,,,down_in_tested,,,3266,205,5,MA100_vs_CTR;MA100_vs_MA1;MC100_vs_MC1;MC1_vs_CTR;MD1_vs_CTR,True,True
AKT2,ENSG00000105221,AKT2,AKT2,AKT serine/threonine kinase 2,darkgrey,darkgrey,MC100_vs_MC1,1,1,3.245552307325226e-05,1.0407956700325771,1.0407956700325771,MC100_vs_MC1,-1.0407956700325771,3.245552307325226e-05,down_in_tested,0,1,module_trait;deg_fraction,True,particle_size_um,0.6222385633532057,0.0025949251469398,0.0591962437092719,0.06276791181873852,,,,-1.0407956700325771,,,,,,3.245552307325226e-05,,,,,,down_in_tested,,,3266,205,5,MA100_vs_CTR;MA100_vs_MA1;MC100_vs_MC1;MC1_vs_CTR;MD1_vs_CTR,True,True
ZNF703,ENSG00000183779,ZNF703,ZNF703,zinc finger protein 703,darkgrey,darkgrey,MC100_vs_MC1,1,1,3.326324273877424e-05,1.341063400099635,1.341063400099635,MC100_vs_MC1,-1.341063400099635,3.326324273877424e-05,down_in_tested,0,1,module_trait;deg_fraction,True,particle_size_um,0.6222385633532057,0.0025949251469398,0.0591962437092719,0.06276791181873852,,,,-1.341063400099635,,,,,,3.326324273877424e-05,,,,,,down_in_tested,,,3266,205,5,MA100_vs_CTR;MA100_vs_MA1;MC100_vs_MC1;MC1_vs_CTR;MD1_vs_CTR,True,True
BCL2L2,ENSG00000129473,BCL2L2,BCL2L2,BCL2 like 2,dimgrey,dimgrey,MC100_vs_MC1,1,1,3.38446116898993e-05,1.0925230583156869,1.0925230583156869,MC100_vs_MC1,1.0925230583156869,3.38446116898993e-05,up_in_tested,1,0,deg_fraction,True,particle_size_um,-0.1867202754883608,0.4176932392721355,0.7331959097856713,0.07828998197270153,,,,1.0925230583156869,,,,,,3.38446116898993e-05,,,,,,up_in_tested,,,3883,304,6,MA100_vs_CTR;MA100_vs_MA1;MA1_vs_CTR;MC100_vs_MC1;MC1_vs_CTR;MD1_vs_CTR,True,False
IGFBP2,ENSG00000115457,IGFBP2,IGFBP2,insulin like growth factor binding protein 2,darkgrey,darkgrey,MC100_vs_MC1;MC1_vs_CTR;MD1_vs_CTR,3,3,3.5564725703636e-05,2.0449909758839846,1.4868723128697932,MC100_vs_MC1,-2.0449909758839846,3.5564725703636e-05,down_in_tested,2,1,module_trait;deg_fraction,True,particle_size_um,0.6222385633532057,0.0025949251469398,0.0591962437092719,0.06276791181873852,,,,-2.0449909758839846,1.2446415858795552,1.17098437684584,,,,3.5564725703636e-05,0.0193570951145078,0.0324521323778116,,,,down_in_tested,up_in_tested,up_in_tested,3266,205,5,MA100_vs_CTR;MA100_vs_MA1;MC100_vs_MC1;MC1_vs_CTR;MD1_vs_CTR,True,True
SBF1,ENSG00000100241,SBF1,SBF1,SET binding factor 1,darkgrey,darkgrey,MC100_vs_MC1,1,1,3.5564725703636e-05,1.35783318583248,1.35783318583248,MC100_vs_MC1,-1.35783318583248,3.5564725703636e-05,down_in_tested,0,1,module_trait;deg_fraction,True,particle_size_um,0.6222385633532057,0.0025949251469398,0.0591962437092719,0.06276791181873852,,,,-1.35783318583248,,,,,,3.5564725703636e-05,,,,,,down_in_tested,,,3266,205,5,MA100_vs_CTR;MA100_vs_MA1;MC100_vs_MC1;MC1_vs_CTR;MD1_vs_CTR,True,True
MFGE8,ENSG00000140545,MFGE8,MFGE8,milk fat globule EGF and factor V/VIII domain containing,darkgrey,darkgrey,MC100_vs_MC1,1,1,4.1491656221665074e-05,1.2424226748524103,1.2424226748524103,MC100_vs_MC1,-1.2424226748524103,4.1491656221665074e-05,down_in_tested,0,1,module_trait;deg_fraction,True,particle_size_um,0.6222385633532057,0.0025949251469398,0.0591962437092719,0.06276791181873852,,,,-1.2424226748524103,,,,,,4.1491656221665074e-05,,,,,,down_in_tested,,,3266,205,5,MA100_vs_CTR;MA100_vs_MA1;MC100_vs_MC1;MC1_vs_CTR;MD1_vs_CTR,True,True
RPL35,ENSG00000136942,RPL35,RPL35,ribosomal protein L35,dimgrey,dimgrey,MA100_vs_CTR;MC100_vs_MC1,2,2,4.1491656221665074e-05,1.2373144687855264,1.1295503819601729,MC100_vs_MC1,1.2373144687855264,4.1491656221665074e-05,up_in_tested,1,1,deg_fraction,True,particle_size_um,-0.1867202754883608,0.4176932392721355,0.7331959097856713,0.07828998197270153,-1.0217862951348196,,,1.2373144687855264,,,0.0016084026865445,,,4.1491656221665074e-05,,,down_in_tested,,,up_in_tested,,,3883,304,6,MA100_vs_CTR;MA100_vs_MA1;MA1_vs_CTR;MC100_vs_MC1;MC1_vs_CTR;MD1_vs_CTR,True,False
PIP5K1A,ENSG00000143398,PIP5K1A,PIP5K1A,phosphatidylinositol-4-phosphate 5-kinase type 1 alpha,darkgrey,darkgrey,MA100_vs_CTR;MD1_vs_CTR,2,2,4.2140630235700073e-05,1.0359906375170138,1.0310226702895693,MD1_vs_CTR,1.0359906375170138,4.2140630235700073e-05,up_in_tested,2,0,module_trait;deg_fraction,True,particle_size_um,0.6222385633532057,0.0025949251469398,0.0591962437092719,0.06276791181873852,1.026054703062125,,,,,1.0359906375170138,6.826586274080288e-05,,,,,4.2140630235700073e-05,up_in_tested,,,,,up_in_tested,3266,205,5,MA100_vs_CTR;MA100_vs_MA1;MC100_vs_MC1;MC1_vs_CTR;MD1_vs_CTR,True,True
PLK1,ENSG00000166851,PLK1,PLK1,polo like kinase 1,dimgrey,dimgrey,MC100_vs_MC1;MC1_vs_CTR;MD1_vs_CTR,3,3,4.2177358506118136e-05,1.6380745662439389,1.466689739208953,MC100_vs_MC1,1.6380745662439389,4.2177358506118136e-05,up_in_tested,1,2,deg_fraction,True,particle_size_um,-0.1867202754883608,0.4176932392721355,0.7331959097856713,0.07828998197270153,,,,1.6380745662439389,-1.2840886666419766,-1.477905984740944,,,,4.2177358506118136e-05,0.0024535623041407,0.0004850032748321,,,,up_in_tested,down_in_tested,down_in_tested,3883,304,6,MA100_vs_CTR;MA100_vs_MA1;MA1_vs_CTR;MC100_vs_MC1;MC1_vs_CTR;MD1_vs_CTR,True,False
FERMT1,ENSG00000101311,FERMT1,FERMT1,FERM domain containing kindlin 1,darkgrey,darkgrey,MC100_vs_MC1,1,1,4.361574655750802e-05,1.0967946606536043,1.0967946606536043,MC100_vs_MC1,-1.0967946606536043,4.361574655750802e-05,down_in_tested,0,1,module_trait;deg_fraction,True,particle_size_um,0.6222385633532057,0.0025949251469398,0.0591962437092719,0.06276791181873852,,,,-1.0967946606536043,,,,,,4.361574655750802e-05,,,,,,down_in_tested,,,3266,205,5,MA100_vs_CTR;MA100_vs_MA1;MC100_vs_MC1;MC1_vs_CTR;MD1_vs_CTR,True,True
NUS1,ENSG00000153989,NUS1,NUS1,NUS1 dehydrodolichyl diphosphate synthase subunit,dimgrey,dimgrey,MC100_vs_MC1;MC1_vs_CTR,2,2,4.624507864222392e-05,1.0330970312209034,1.0288517850894283,MC1_vs_CTR,-1.0330970312209034,8.160447273339461e-05,down_in_tested,1,1,deg_fraction,True,particle_size_um,-0.1867202754883608,0.4176932392721355,0.7331959097856713,0.07828998197270153,,,,1.0246065389579533,-1.0330970312209034,,,,,4.624507864222392e-05,8.160447273339461e-05,,,,,up_in_tested,down_in_tested,,3883,304,6,MA100_vs_CTR;MA100_vs_MA1;MA1_vs_CTR;MC100_vs_MC1;MC1_vs_CTR;MD1_vs_CTR,True,False
ZNF512B,ENSG00000196700,ZNF512B,ZNF512B,zinc finger protein 512B,darkgrey,darkgrey,MA100_vs_CTR;MC1_vs_CTR;MD1_vs_CTR,3,3,4.8654123666810826e-05,1.679405411022919,1.5562568385064466,MA100_vs_CTR,1.679405411022919,4.8654123666810826e-05,up_in_tested,3,0,module_trait;deg_fraction,True,particle_size_um,0.6222385633532057,0.0025949251469398,0.0591962437092719,0.06276791181873852,1.679405411022919,,,,1.4016305257254302,1.58773457877099,4.8654123666810826e-05,,,,0.0006949616906732,9.731023441335503e-05,up_in_tested,,,,up_in_tested,up_in_tested,3266,205,5,MA100_vs_CTR;MA100_vs_MA1;MC100_vs_MC1;MC1_vs_CTR;MD1_vs_CTR,True,True
PIM1,ENSG00000137193,PIM1,PIM1,"Pim-1 proto-oncogene, serine/threonine kinase",darkgrey,darkgrey,MA100_vs_CTR;MC1_vs_CTR;MD1_vs_CTR,3,3,4.8654123666810826e-05,1.4287224177953493,1.2635157138031072,MA100_vs_CTR,1.4287224177953493,4.8654123666810826e-05,up_in_tested,3,0,module_trait;deg_fraction,True,particle_size_um,0.6222385633532057,0.0025949251469398,0.0591962437092719,0.06276791181873852,1.4287224177953493,,,,1.1747943293075154,1.187030394306457,4.8654123666810826e-05,,,,0.0008680226462482,0.0008422694117734,up_in_tested,,,,up_in_tested,up_in_tested,3266,205,5,MA100_vs_CTR;MA100_vs_MA1;MC100_vs_MC1;MC1_vs_CTR;MD1_vs_CTR,True,True
JDP2,ENSG00000140044,JDP2,JDP2,Jun dimerization protein 2,darkgrey,darkgrey,MC100_vs_MC1,1,1,5.184035176889063e-05,1.1153662817672367,1.1153662817672367,MC100_vs_MC1,-1.1153662817672367,5.184035176889063e-05,down_in_tested,0,1,module_trait;deg_fraction,True,particle_size_um,0.6222385633532057,0.0025949251469398,0.0591962437092719,0.06276791181873852,,,,-1.1153662817672367,,,,,,5.184035176889063e-05,,,,,,down_in_tested,,,3266,205,5,MA100_vs_CTR;MA100_vs_MA1;MC100_vs_MC1;MC1_vs_CTR;MD1_vs_CTR,True,True
SRP19,ENSG00000153037,SRP19,SRP19,signal recognition particle 19,dimgrey,dimgrey,MC100_vs_MC1,1,1,5.517647821740801e-05,1.0369095395482304,1.0369095395482304,MC100_vs_MC1,1.0369095395482304,5.517647821740801e-05,up_in_tested,1,0,deg_fraction,True,particle_size_um,-0.1867202754883608,0.4176932392721355,0.7331959097856713,0.07828998197270153,,,,1.0369095395482304,,,,,,5.517647821740801e-05,,,,,,up_in_tested,,,3883,304,6,MA100_vs_CTR;MA100_vs_MA1;MA1_vs_CTR;MC100_vs_MC1;MC1_vs_CTR;MD1_vs_CTR,True,False
RPL3,ENSG00000100316,RPL3,RPL3,ribosomal protein L3,dimgrey,dimgrey,MC100_vs_MC1,1,1,5.703935178099987e-05,1.1753651131380658,1.1753651131380658,MC100_vs_MC1,1.1753651131380658,5.703935178099987e-05,up_in_tested,1,0,deg_fraction,True,particle_size_um,-0.1867202754883608,0.4176932392721355,0.7331959097856713,0.07828998197270153,,,,1.1753651131380658,,,,,,5.703935178099987e-05,,,,,,up_in_tested,,,3883,304,6,MA100_vs_CTR;MA100_vs_MA1;MA1_vs_CTR;MC100_vs_MC1;MC1_vs_CTR;MD1_vs_CTR,True,False
ZBTB8OS,ENSG00000176261,ZBTB8OS,ZBTB8OS,zinc finger and BTB domain containing 8 opposite strand,dimgrey,dimgrey,MA100_vs_CTR,1,1,6.495723524809147e-05,1.02810218559336,1.02810218559336,MA100_vs_CTR,-1.02810218559336,6.495723524809147e-05,down_in_tested,0,1,deg_fraction,True,particle_size_um,-0.1867202754883608,0.4176932392721355,0.7331959097856713,0.07828998197270153,-1.02810218559336,,,,,,6.495723524809147e-05,,,,,,down_in_tested,,,,,,3883,304,6,MA100_vs_CTR;MA100_vs_MA1;MA1_vs_CTR;MC100_vs_MC1;MC1_vs_CTR;MD1_vs_CTR,True,False
TMEM63B,ENSG00000137216,TMEM63B,TMEM63B,transmembrane protein 63B,darkgrey,darkgrey,MA100_vs_CTR;MD1_vs_CTR,2,2,6.510031604349351e-05,1.19053433967497,1.0957985774842691,MD1_vs_CTR,1.19053433967497,6.510031604349351e-05,up_in_tested,2,0,module_trait;deg_fraction,True,particle_size_um,0.6222385633532057,0.0025949251469398,0.0591962437092719,0.06276791181873852,1.001062815293568,,,,,1.19053433967497,0.0012022875656586,,,,,6.510031604349351e-05,up_in_tested,,,,,up_in_tested,3266,205,5,MA100_vs_CTR;MA100_vs_MA1;MC100_vs_MC1;MC1_vs_CTR;MD1_vs_CTR,True,True
TIMM8B,ENSG00000150779,TIMM8B,TIMM8B,translocase of inner mitochondrial membrane 8 homolog B,dimgrey,dimgrey,MA100_vs_CTR;MC100_vs_MC1;MC1_vs_CTR;MD1_vs_CTR,4,4,6.512531770872123e-05,1.370739444373766,1.2893217285910366,MA100_vs_CTR,-1.370739444373766,6.512531770872123e-05,down_in_tested,1,3,deg_fraction,True,particle_size_um,-0.1867202754883608,0.4176932392721355,0.7331959097856713,0.07828998197270153,-1.370739444373766,,,1.2699213393618476,-1.2925122400591196,-1.224113890569413,6.512531770872123e-05,,,0.0001096348953994,0.000137759949516,0.0003459793446882,down_in_tested,,,up_in_tested,down_in_tested,down_in_tested,3883,304,6,MA100_vs_CTR;MA100_vs_MA1;MA1_vs_CTR;MC100_vs_MC1;MC1_vs_CTR;MD1_vs_CTR,True,False
TMEM120B,ENSG00000188735,TMEM120B,TMEM120B,transmembrane protein 120B,darkgrey,darkgrey,MD1_vs_CTR,1,1,6.88605411084471e-05,1.1500508203648878,1.1500508203648878,MD1_vs_CTR,1.1500508203648878,6.88605411084471e-05,up_in_tested,1,0,module_trait;deg_fraction,True,particle_size_um,0.6222385633532057,0.0025949251469398,0.0591962437092719,0.06276791181873852,,,,,,1.1500508203648878,,,,,,6.88605411084471e-05,,,,,,up_in_tested,3266,205,5,MA100_vs_CTR;MA100_vs_MA1;MC100_vs_MC1;MC1_vs_CTR;MD1_vs_CTR,True,True
MXRA5,ENSG00000101825,MXRA5,MXRA5,matrix remodeling associated 5,darkgrey,darkgrey,MC1_vs_CTR;MD1_vs_CTR,2,2,6.88605411084471e-05,1.0616470407478489,1.0538085238628319,MD1_vs_CTR,1.0616470407478489,6.88605411084471e-05,up_in_tested,2,0,module_trait;deg_fraction,True,particle_size_um,0.6222385633532057,0.0025949251469398,0.0591962437092719,0.06276791181873852,,,,,1.045970006977815,1.0616470407478489,,,,,9.843828085148308e-05,6.88605411084471e-05,,,,,up_in_tested,up_in_tested,3266,205,5,MA100_vs_CTR;MA100_vs_MA1;MC100_vs_MC1;MC1_vs_CTR;MD1_vs_CTR,True,True
PXN,ENSG00000089159,PXN,PXN,paxillin,dimgrey,dimgrey,MC100_vs_MC1,1,1,7.69123179762601e-05,1.1466404970461863,1.1466404970461863,MC100_vs_MC1,1.1466404970461863,7.69123179762601e-05,up_in_tested,1,0,deg_fraction,True,particle_size_um,-0.1867202754883608,0.4176932392721355,0.7331959097856713,0.07828998197270153,,,,1.1466404970461863,,,,,,7.69123179762601e-05,,,,,,up_in_tested,,,3883,304,6,MA100_vs_CTR;MA100_vs_MA1;MA1_vs_CTR;MC100_vs_MC1;MC1_vs_CTR;MD1_vs_CTR,True,False
MORN2,ENSG00000188010,MORN2,MORN2,MORN repeat containing 2,dimgrey,dimgrey,MA100_vs_CTR;MC1_vs_CTR,2,2,8.066321283086476e-05,1.1869393148719274,1.1424869713479255,MA100_vs_CTR,-1.1869393148719274,8.066321283086476e-05,down_in_tested,0,2,deg_fraction,True,particle_size_um,-0.1867202754883608,0.4176932392721355,0.7331959097856713,0.07828998197270153,-1.1869393148719274,,,,-1.0980346278239237,,8.066321283086476e-05,,,,0.0002124915173559,,down_in_tested,,,,down_in_tested,,3883,304,6,MA100_vs_CTR;MA100_vs_MA1;MA1_vs_CTR;MC100_vs_MC1;MC1_vs_CTR;MD1_vs_CTR,True,False
MT-ND2,ENSG00000198763,MT-ND2,MT-ND2,NADH dehydrogenase subunit 2,gainsboro,gainsboro,MA100_vs_CTR;MC1_vs_CTR;MD1_vs_CTR,3,3,8.221300241439898e-05,1.3581876470614995,1.1927895972565823,MD1_vs_CTR,-1.3581876470614995,8.221300241439898e-05,down_in_tested,0,3,deg_fraction,True,particle_size_um,-0.2764543534617769,0.2250855359964077,0.5934073221723477,0.04092526690391459,-1.0746924545809229,,,,-1.1454886901273245,-1.3581876470614995,0.0027451497255069,,,,0.0010958447579123,8.221300241439898e-05,down_in_tested,,,,down_in_tested,down_in_tested,1124,46,6,MA100_vs_CTR;MA100_vs_MA1;MA1_vs_CTR;MC100_vs_MC1;MC1_vs_CTR;MD1_vs_CTR,True,False
NUDCD1,ENSG00000120526,NUDCD1,NUDCD1,NudC domain containing 1,dimgrey,dimgrey,MC1_vs_CTR,1,1,8.500114540818064e-05,1.1446443767250205,1.1446443767250205,MC1_vs_CTR,-1.1446443767250205,8.500114540818064e-05,down_in_tested,0,1,deg_fraction,True,particle_size_um,-0.1867202754883608,0.4176932392721355,0.7331959097856713,0.07828998197270153,,,,,-1.1446443767250205,,,,,,8.500114540818064e-05,,,,,,down_in_tested,,3883,304,6,MA100_vs_CTR;MA100_vs_MA1;MA1_vs_CTR;MC100_vs_MC1;MC1_vs_CTR;MD1_vs_CTR,True,False
UQCRC2,ENSG00000140740,UQCRC2,UQCRC2,ubiquinol-cytochrome c reductase core protein 2,dimgrey,dimgrey,MC100_vs_MC1;MC1_vs_CTR,2,2,8.62606000928404e-05,1.730932000918072,1.6451816979736296,MC100_vs_MC1,1.730932000918072,8.62606000928404e-05,up_in_tested,1,1,deg_fraction,True,particle_size_um,-0.1867202754883608,0.4176932392721355,0.7331959097856713,0.07828998197270153,,,,1.730932000918072,-1.559431395029187,,,,,8.62606000928404e-05,0.000713295994764,,,,,up_in_tested,down_in_tested,,3883,304,6,MA100_vs_CTR;MA100_vs_MA1;MA1_vs_CTR;MC100_vs_MC1;MC1_vs_CTR;MD1_vs_CTR,True,False
PER1,ENSG00000179094,PER1,PER1,period circadian regulator 1,darkgrey,darkgrey,MC1_vs_CTR,1,1,8.754477412070257e-05,1.528010426062693,1.528010426062693,MC1_vs_CTR,1.528010426062693,8.754477412070257e-05,up_in_tested,1,0,module_trait;deg_fraction,True,particle_size_um,0.6222385633532057,0.0025949251469398,0.0591962437092719,0.06276791181873852,,,,,1.528010426062693,,,,,,8.754477412070257e-05,,,,,,up_in_tested,,3266,205,5,MA100_vs_CTR;MA100_vs_MA1;MC100_vs_MC1;MC1_vs_CTR;MD1_vs_CTR,True,True
MRFAP1L1,ENSG00000178988,MRFAP1L1,MRFAP1L1,Morf4 family associated protein 1 like 1,darkgrey,darkgrey,MA100_vs_MA1;MC100_vs_MC1,2,2,8.792275015197979e-05,1.4809922752345466,1.3688794354796152,MC100_vs_MC1,-1.4809922752345466,8.792275015197979e-05,down_in_tested,1,1,module_trait;deg_fraction,True,particle_size_um,0.6222385633532057,0.0025949251469398,0.0591962437092719,0.06276791181873852,,1.2567665957246836,,-1.4809922752345466,,,,0.0110058310065032,,8.792275015197979e-05,,,,up_in_tested,,down_in_tested,,,3266,205,5,MA100_vs_CTR;MA100_vs_MA1;MC100_vs_MC1;MC1_vs_CTR;MD1_vs_CTR,True,True
CALR,ENSG00000179218,CALR,CALR,calreticulin,gainsboro,gainsboro,MA100_vs_CTR;MC100_vs_MC1;MC1_vs_CTR,3,3,8.844974353255144e-05,1.2448686469254175,1.1906737165490238,MA100_vs_CTR,1.2448686469254175,8.844974353255144e-05,up_in_tested,2,1,deg_fraction,True,particle_size_um,-0.2764543534617769,0.2250855359964077,0.5934073221723477,0.04092526690391459,1.2448686469254175,,,-1.1583718562291905,1.1687806464924633,,8.844974353255144e-05,,,0.0001445647794421,0.0001974422044313,,up_in_tested,,,down_in_tested,up_in_tested,,1124,46,6,MA100_vs_CTR;MA100_vs_MA1;MA1_vs_CTR;MC100_vs_MC1;MC1_vs_CTR;MD1_vs_CTR,True,False
NDUFB10,ENSG00000140990,NDUFB10,NDUFB10,NADH:ubiquinone oxidoreductase subunit B10,dimgrey,dimgrey,MC100_vs_MC1;MC1_vs_CTR,2,2,9.2815134387921e-05,1.3858848735393767,1.2635801788886791,MC100_vs_MC1,1.3858848735393767,9.2815134387921e-05,up_in_tested,1,1,deg_fraction,True,particle_size_um,-0.1867202754883608,0.4176932392721355,0.7331959097856713,0.07828998197270153,,,,1.3858848735393767,-1.1412754842379813,,,,,9.2815134387921e-05,0.0021685246337265,,,,,up_in_tested,down_in_tested,,3883,304,6,MA100_vs_CTR;MA100_vs_MA1;MA1_vs_CTR;MC100_vs_MC1;MC1_vs_CTR;MD1_vs_CTR,True,False
CAPG,ENSG00000042493,CAPG,CAPG,"capping actin protein, gelsolin like",darkgrey,darkgrey,MC100_vs_MC1,1,1,9.544281277984711e-05,1.026938180945565,1.026938180945565,MC100_vs_MC1,-1.026938180945565,9.544281277984711e-05,down_in_tested,0,1,module_trait;deg_fraction,True,particle_size_um,0.6222385633532057,0.0025949251469398,0.0591962437092719,0.06276791181873852,,,,-1.026938180945565,,,,,,9.544281277984711e-05,,,,,,down_in_tested,,,3266,205,5,MA100_vs_CTR;MA100_vs_MA1;MC100_vs_MC1;MC1_vs_CTR;MD1_vs_CTR,True,True
ATP1A1,ENSG00000163399,ATP1A1,ATP1A1,ATPase Na+/K+ transporting subunit alpha 1,darkgrey,darkgrey,MC100_vs_MC1,1,1,9.57490242543355e-05,1.482940617620793,1.482940617620793,MC100_vs_MC1,-1.482940617620793,9.57490242543355e-05,down_in_tested,0,1,module_trait;deg_fraction,True,particle_size_um,0.6222385633532057,0.0025949251469398,0.0591962437092719,0.06276791181873852,,,,-1.482940617620793,,,,,,9.57490242543355e-05,,,,,,down_in_tested,,,3266,205,5,MA100_vs_CTR;MA100_vs_MA1;MC100_vs_MC1;MC1_vs_CTR;MD1_vs_CTR,True,True
TBC1D10B,ENSG00000169221,TBC1D10B,TBC1D10B,TBC1 domain family member 10B,dimgrey,dimgrey,MC100_vs_MC1;MC1_vs_CTR,2,2,9.653284327101767e-05,1.3493853557754285,1.2243270571409748,MC100_vs_MC1,1.3493853557754285,9.653284327101767e-05,up_in_tested,1,1,deg_fraction,True,particle_size_um,-0.1867202754883608,0.4176932392721355,0.7331959097856713,0.07828998197270153,,,,1.3493853557754285,-1.099268758506521,,,,,9.653284327101767e-05,0.0026542527861066,,,,,up_in_tested,down_in_tested,,3883,304,6,MA100_vs_CTR;MA100_vs_MA1;MA1_vs_CTR;MC100_vs_MC1;MC1_vs_CTR;MD1_vs_CTR,True,False
MKKS,ENSG00000125863,MKKS,MKKS,MKKS centrosomal shuttling protein,dimgrey,dimgrey,MA100_vs_CTR;MC100_vs_MC1;MC1_vs_CTR;MD1_vs_CTR,4,4,9.69923779588202e-05,1.910297908914272,1.575583854856121,MD1_vs_CTR,-1.910297908914272,9.69923779588202e-05,down_in_tested,1,3,deg_fraction,True,particle_size_um,-0.1867202754883608,0.4176932392721355,0.7331959097856713,0.07828998197270153,-1.0887871227825003,,,1.6498442729271956,-1.6534061148005157,-1.910297908914272,0.0378057735433544,,,0.0005570604536731,0.0007978496276058,9.69923779588202e-05,down_in_tested,,,up_in_tested,down_in_tested,down_in_tested,3883,304,6,MA100_vs_CTR;MA100_vs_MA1;MA1_vs_CTR;MC100_vs_MC1;MC1_vs_CTR;MD1_vs_CTR,True,False
PSMD3,ENSG00000108344,PSMD3,PSMD3,"proteasome 26S subunit, non-ATPase 3",dimgrey,dimgrey,MC100_vs_MC1,1,1,9.701752899291688e-05,1.4253318186392705,1.4253318186392705,MC100_vs_MC1,-1.4253318186392705,9.701752899291688e-05,down_in_tested,0,1,deg_fraction,True,particle_size_um,-0.1867202754883608,0.4176932392721355,0.7331959097856713,0.07828998197270153,,,,-1.4253318186392705,,,,,,9.701752899291688e-05,,,,,,down_in_tested,,,3883,304,6,MA100_vs_CTR;MA100_vs_MA1;MA1_vs_CTR;MC100_vs_MC1;MC1_vs_CTR;MD1_vs_CTR,True,False
HSP90AA1,ENSG00000080824,HSP90AA1,HSP90AA1,heat shock protein 90 alpha family class A member 1,gainsboro,gainsboro,MD1_vs_CTR,1,1,0.0001021701418289,1.0359277247177672,1.0359277247177672,MD1_vs_CTR,-1.0359277247177672,0.0001021701418289,down_in_tested,0,1,deg_fraction,True,particle_size_um,-0.2764543534617769,0.2250855359964077,0.5934073221723477,0.04092526690391459,,,,,,-1.0359277247177672,,,,,,0.0001021701418289,,,,,,down_in_tested,1124,46,6,MA100_vs_CTR;MA100_vs_MA1;MA1_vs_CTR;MC100_vs_MC1;MC1_vs_CTR;MD1_vs_CTR,True,False
ADAM15,ENSG00000143537,ADAM15,ADAM15,ADAM metallopeptidase domain 15,dimgrey,dimgrey,MC100_vs_MC1,1,1,0.0001073859070488,1.6805388923912954,1.6805388923912954,MC100_vs_MC1,-1.6805388923912954,0.0001073859070488,down_in_tested,0,1,deg_fraction,True,particle_size_um,-0.1867202754883608,0.4176932392721355,0.7331959097856713,0.07828998197270153,,,,-1.6805388923912954,,,,,,0.0001073859070488,,,,,,down_in_tested,,,3883,304,6,MA100_vs_CTR;MA100_vs_MA1;MA1_vs_CTR;MC100_vs_MC1;MC1_vs_CTR;MD1_vs_CTR,True,False
HSPA8,ENSG00000109971,HSPA8,HSPA8,heat shock protein family A (Hsp70) member 8,dimgrey,dimgrey,MA100_vs_CTR;MC100_vs_MC1,2,2,0.0001090169700893,1.1409076473998467,1.0733326541531936,MC100_vs_MC1,1.1409076473998467,0.0001090169700893,up_in_tested,1,1,deg_fraction,True,particle_size_um,-0.1867202754883608,0.4176932392721355,0.7331959097856713,0.07828998197270153,-1.0057576609065402,,,1.1409076473998467,,,0.0013184804998467,,,0.0001090169700893,,,down_in_tested,,,up_in_tested,,,3883,304,6,MA100_vs_CTR;MA100_vs_MA1;MA1_vs_CTR;MC100_vs_MC1;MC1_vs_CTR;MD1_vs_CTR,True,False
PRMT2,ENSG00000160310,PRMT2,PRMT2,protein arginine methyltransferase 2,dimgrey,dimgrey,MC100_vs_MC1,1,1,0.0001130948446785,1.056731245641143,1.056731245641143,MC100_vs_MC1,-1.056731245641143,0.0001130948446785,down_in_tested,0,1,deg_fraction,True,particle_size_um,-0.1867202754883608,0.4176932392721355,0.7331959097856713,0.07828998197270153,,,,-1.056731245641143,,,,,,0.0001130948446785,,,,,,down_in_tested,,,3883,304,6,MA100_vs_CTR;MA100_vs_MA1;MA1_vs_CTR;MC100_vs_MC1;MC1_vs_CTR;MD1_vs_CTR,True,False
NAA16,ENSG00000172766,NAA16,NAA16,"N-alpha-acetyltransferase 16, NatA auxiliary subunit",dimgrey,dimgrey,MC1_vs_CTR,1,1,0.0001151755331664,1.1542516414881057,1.1542516414881057,MC1_vs_CTR,-1.1542516414881057,0.0001151755331664,down_in_tested,0,1,deg_fraction,True,particle_size_um,-0.1867202754883608,0.4176932392721355,0.7331959097856713,0.07828998197270153,,,,,-1.1542516414881057,,,,,,0.0001151755331664,,,,,,down_in_tested,,3883,304,6,MA100_vs_CTR;MA100_vs_MA1;MA1_vs_CTR;MC100_vs_MC1;MC1_vs_CTR;MD1_vs_CTR,True,False
DNAJB5,ENSG00000137094,DNAJB5,DNAJB5,DnaJ heat shock protein family (Hsp40) member B5,darkgrey,darkgrey,MC100_vs_MC1,1,1,0.0001192829280484,1.2122232935330564,1.2122232935330564,MC100_vs_MC1,-1.2122232935330564,0.0001192829280484,down_in_tested,0,1,module_trait;deg_fraction,True,particle_size_um,0.6222385633532057,0.0025949251469398,0.0591962437092719,0.06276791181873852,,,,-1.2122232935330564,,,,,,0.0001192829280484,,,,,,down_in_tested,,,3266,205,5,MA100_vs_CTR;MA100_vs_MA1;MC100_vs_MC1;MC1_vs_CTR;MD1_vs_CTR,True,True
NDUFB9,ENSG00000147684,NDUFB9,NDUFB9,NADH:ubiquinone oxidoreductase subunit B9,dimgrey,dimgrey,MA100_vs_CTR;MC100_vs_MC1;MC1_vs_CTR,3,3,0.0001201083393703,1.2558023595670622,1.2178224973478915,MA100_vs_CTR,-1.2558023595670622,0.0001291168824634,down_in_tested,1,2,deg_fraction,True,particle_size_um,-0.1867202754883608,0.4176932392721355,0.7331959097856713,0.07828998197270153,-1.2558023595670622,,,1.1977721136250603,-1.1998930188515518,,0.0001291168824634,,,0.0001201083393703,0.0001934722214481,,down_in_tested,,,up_in_tested,down_in_tested,,3883,304,6,MA100_vs_CTR;MA100_vs_MA1;MA1_vs_CTR;MC100_vs_MC1;MC1_vs_CTR;MD1_vs_CTR,True,False
THG1L,ENSG00000113272,THG1L,THG1L,tRNA-histidine guanylyltransferase 1 like,darkgrey,darkgrey,MC100_vs_MC1;MC1_vs_CTR,2,2,0.0001201083393703,1.2066137249800768,1.166650645618604,MC100_vs_MC1,-1.2066137249800768,0.0001201083393703,down_in_tested,1,1,module_trait;deg_fraction,True,particle_size_um,0.6222385633532057,0.0025949251469398,0.0591962437092719,0.06276791181873852,,,,-1.2066137249800768,1.1266875662571316,,,,,0.0001201083393703,0.000556046027619,,,,,down_in_tested,up_in_tested,,3266,205,5,MA100_vs_CTR;MA100_vs_MA1;MC100_vs_MC1;MC1_vs_CTR;MD1_vs_CTR,True,True
PI4KA,ENSG00000241973,PI4KA,PI4KA,phosphatidylinositol 4-kinase alpha,dimgrey,dimgrey,MC100_vs_MC1,1,1,0.0001201083393703,1.0784547936650637,1.0784547936650637,MC100_vs_MC1,1.0784547936650637,0.0001201083393703,up_in_tested,1,0,deg_fraction,True,particle_size_um,-0.1867202754883608,0.4176932392721355,0.7331959097856713,0.07828998197270153,,,,1.0784547936650637,,,,,,0.0001201083393703,,,,,,up_in_tested,,,3883,304,6,MA100_vs_CTR;MA100_vs_MA1;MA1_vs_CTR;MC100_vs_MC1;MC1_vs_CTR;MD1_vs_CTR,True,False
SREK1IP1,ENSG00000153006,SREK1IP1,SREK1IP1,SREK1 interacting protein 1,dimgrey,dimgrey,MA100_vs_CTR;MC100_vs_MC1;MC1_vs_CTR;MD1_vs_CTR,4,4,0.0001250364024667,1.320676867876726,1.15439889043123,MD1_vs_CTR,-1.320676867876726,0.0001250364024667,down_in_tested,1,3,deg_fraction,True,particle_size_um,-0.1867202754883608,0.4176932392721355,0.7331959097856713,0.07828998197270153,-1.0380316930380935,,,1.041125899859862,-1.217761100950238,-1.320676867876726,0.0037106059848925,,,0.0024609288562251,0.000450389485332,0.0001250364024667,down_in_tested,,,up_in_tested,down_in_tested,down_in_tested,3883,304,6,MA100_vs_CTR;MA100_vs_MA1;MA1_vs_CTR;MC100_vs_MC1;MC1_vs_CTR;MD1_vs_CTR,True,False
RPL31,ENSG00000071082,RPL31,RPL31,ribosomal protein L31,dimgrey,dimgrey,MA100_vs_CTR;MC1_vs_CTR,2,2,0.0001289889673909,1.0136327432918335,1.0108079161724453,MA100_vs_CTR,-1.0136327432918335,0.0001515881606975,down_in_tested,0,2,deg_fraction,True,particle_size_um,-0.1867202754883608,0.4176932392721355,0.7331959097856713,0.07828998197270153,-1.0136327432918335,,,,-1.0079830890530568,,0.0001515881606975,,,,0.0001289889673909,,down_in_tested,,,,down_in_tested,,3883,304,6,MA100_vs_CTR;MA100_vs_MA1;MA1_vs_CTR;MC100_vs_MC1;MC1_vs_CTR;MD1_vs_CTR,True,False
AKT1S1,ENSG00000204673,AKT1S1,AKT1S1,AKT1 substrate 1,darkgrey,darkgrey,MA100_vs_MA1;MC100_vs_MC1,2,2,0.0001318810832866,1.135715791589846,1.109492714381778,MC100_vs_MC1,-1.135715791589846,0.0001318810832866,down_in_tested,1,1,module_trait;deg_fraction,True,particle_size_um,0.6222385633532057,0.0025949251469398,0.0591962437092719,0.06276791181873852,,1.08326963717371,,-1.135715791589846,,,,0.0052342729933721,,0.0001318810832866,,,,up_in_tested,,down_in_tested,,,3266,205,5,MA100_vs_CTR;MA100_vs_MA1;MC100_vs_MC1;MC1_vs_CTR;MD1_vs_CTR,True,True
ATG16L2,ENSG00000168010,ATG16L2,ATG16L2,autophagy related 16 like 2,darkgrey,darkgrey,MA100_vs_CTR;MD1_vs_CTR,2,2,0.0001323941884493,1.2429950386505753,1.1587829400812641,MD1_vs_CTR,1.2429950386505753,0.0001323941884493,up_in_tested,2,0,module_trait;deg_fraction,True,particle_size_um,0.6222385633532057,0.0025949251469398,0.0591962437092719,0.06276791181873852,1.074570841511953,,,,,1.2429950386505753,0.0014606354432673,,,,,0.0001323941884493,up_in_tested,,,,,up_in_tested,3266,205,5,MA100_vs_CTR;MA100_vs_MA1;MC100_vs_MC1;MC1_vs_CTR;MD1_vs_CTR,True,True
CANX,ENSG00000127022,CANX,CANX,calnexin,dimgrey,dimgrey,MC1_vs_CTR,1,1,0.0001456050048832,1.0153520473475774,1.0153520473475774,MC1_vs_CTR,1.0153520473475774,0.0001456050048832,up_in_tested,1,0,deg_fraction,True,particle_size_um,-0.1867202754883608,0.4176932392721355,0.7331959097856713,0.07828998197270153,,,,,1.0153520473475774,,,,,,0.0001456050048832,,,,,,up_in_tested,,3883,304,6,MA100_vs_CTR;MA100_vs_MA1;MA1_vs_CTR;MC100_vs_MC1;MC1_vs_CTR;MD1_vs_CTR,True,False
CLCN5,ENSG00000171365,CLCN5,CLCN5,Cl-/H+ antiporter 5,darkgrey,darkgrey,MC100_vs_MC1,1,1,0.0001481745649191,1.2140311515064444,1.2140311515064444,MC100_vs_MC1,-1.2140311515064444,0.0001481745649191,down_in_tested,0,1,module_trait;deg_fraction,True,particle_size_um,0.6222385633532057,0.0025949251469398,0.0591962437092719,0.06276791181873852,,,,-1.2140311515064444,,,,,,0.0001481745649191,,,,,,down_in_tested,,,3266,205,5,MA100_vs_CTR;MA100_vs_MA1;MC100_vs_MC1;MC1_vs_CTR;MD1_vs_CTR,True,True
MAF1,ENSG00000179632,MAF1,MAF1,MAF1 negative regulator of RNA polymerase III,dimgrey,dimgrey,MC100_vs_MC1,1,1,0.0001481745649191,1.1946408422606334,1.1946408422606334,MC100_vs_MC1,-1.1946408422606334,0.0001481745649191,down_in_tested,0,1,deg_fraction,True,particle_size_um,-0.1867202754883608,0.4176932392721355,0.7331959097856713,0.07828998197270153,,,,-1.1946408422606334,,,,,,0.0001481745649191,,,,,,down_in_tested,,,3883,304,6,MA100_vs_CTR;MA100_vs_MA1;MA1_vs_CTR;MC100_vs_MC1;MC1_vs_CTR;MD1_vs_CTR,True,False
PPA1,ENSG00000180817,PPA1,PPA1,inorganic pyrophosphatase 1,dimgrey,dimgrey,MC100_vs_MC1;MC1_vs_CTR,2,2,0.0001520172209225,1.1094960647452694,1.0823117321606377,MC100_vs_MC1,1.1094960647452694,0.0001520172209225,up_in_tested,1,1,deg_fraction,True,particle_size_um,-0.1867202754883608,0.4176932392721355,0.7331959097856713,0.07828998197270153,,,,1.1094960647452694,-1.055127399576006,,,,,0.0001520172209225,0.0005158026566485,,,,,up_in_tested,down_in_tested,,3883,304,6,MA100_vs_CTR;MA100_vs_MA1;MA1_vs_CTR;MC100_vs_MC1;MC1_vs_CTR;MD1_vs_CTR,True,False
SPRED2,ENSG00000198369,SPRED2,SPRED2,sprouty related EVH1 domain containing 2,mistyrose,mistyrose,MC1_vs_CTR,1,1,0.0001533084864717,1.1229060421214438,1.1229060421214438,MC1_vs_CTR,-1.1229060421214438,0.0001533084864717,down_in_tested,0,1,deg_fraction,True,particle_size_um,-0.3310821963795141,0.142641678213067,0.5170760835223682,0.018309859154929577,,,,,-1.1229060421214438,,,,,,0.0001533084864717,,,,,,down_in_tested,,2130,39,4,MA100_vs_CTR;MA100_vs_MA1;MC100_vs_MC1;MC1_vs_CTR,True,False
TAGLN2,ENSG00000158710,TAGLN2,TAGLN2,transgelin 2,darkgrey,darkgrey,MC100_vs_MC1,1,1,0.0001553839662185,1.3668285674480267,1.3668285674480267,MC100_vs_MC1,-1.3668285674480267,0.0001553839662185,down_in_tested,0,1,module_trait;deg_fraction,True,particle_size_um,0.6222385633532057,0.0025949251469398,0.0591962437092719,0.06276791181873852,,,,-1.3668285674480267,,,,,,0.0001553839662185,,,,,,down_in_tested,,,3266,205,5,MA100_vs_CTR;MA100_vs_MA1;MC100_vs_MC1;MC1_vs_CTR;MD1_vs_CTR,True,True
PSMC1,ENSG00000100764,PSMC1,PSMC1,"proteasome 26S subunit, ATPase 1",gainsboro,gainsboro,MA100_vs_CTR;MC100_vs_MC1;MC1_vs_CTR,3,3,0.0001558301850986,1.6095657152019611,1.310749007250718,MC100_vs_MC1,-1.6095657152019611,0.0001558301850986,down_in_tested,2,1,deg_fraction,True,particle_size_um,-0.2764543534617769,0.2250855359964077,0.5934073221723477,0.04092526690391459,1.1586770203325725,,,-1.6095657152019611,1.16400428621762,,0.0121528687785304,,,0.0001558301850986,0.0105327935758907,,up_in_tested,,,down_in_tested,up_in_tested,,1124,46,6,MA100_vs_CTR;MA100_vs_MA1;MA1_vs_CTR;MC100_vs_MC1;MC1_vs_CTR;MD1_vs_CTR,True,False
CCM2,ENSG00000136280,CCM2,CCM2,CCM2 scaffold protein,darkgrey,darkgrey,MC100_vs_MC1,1,1,0.0001693986810842,1.0338356098417958,1.0338356098417958,MC100_vs_MC1,-1.0338356098417958,0.0001693986810842,down_in_tested,0,1,module_trait;deg_fraction,True,particle_size_um,0.6222385633532057,0.0025949251469398,0.0591962437092719,0.06276791181873852,,,,-1.0338356098417958,,,,,,0.0001693986810842,,,,,,down_in_tested,,,3266,205,5,MA100_vs_CTR;MA100_vs_MA1;MC100_vs_MC1;MC1_vs_CTR;MD1_vs_CTR,True,True
ZNF428,ENSG00000131116,ZNF428,ZNF428,zinc finger protein 428,dimgrey,dimgrey,MC100_vs_MC1,1,1,0.0001706630189633,1.598951497425381,1.598951497425381,MC100_vs_MC1,-1.598951497425381,0.0001706630189633,down_in_tested,0,1,deg_fraction,True,particle_size_um,-0.1867202754883608,0.4176932392721355,0.7331959097856713,0.07828998197270153,,,,-1.598951497425381,,,,,,0.0001706630189633,,,,,,down_in_tested,,,3883,304,6,MA100_vs_CTR;MA100_vs_MA1;MA1_vs_CTR;MC100_vs_MC1;MC1_vs_CTR;MD1_vs_CTR,True,False
MEA1,ENSG00000124733,MEA1,MEA1,male-enhanced antigen 1,dimgrey,dimgrey,MC100_vs_MC1;MC1_vs_CTR;MD1_vs_CTR,3,3,0.0001727676822562,1.6173596438315294,1.288927640612937,MC100_vs_MC1,1.6173596438315294,0.0001727676822562,up_in_tested,1,2,deg_fraction,True,particle_size_um,-0.1867202754883608,0.4176932392721355,0.7331959097856713,0.07828998197270153,,,,1.6173596438315294,-1.075568783294278,-1.1738544947130036,,,,0.0001727676822562,0.0216022180574939,0.0129466962019946,,,,up_in_tested,down_in_tested,down_in_tested,3883,304,6,MA100_vs_CTR;MA100_vs_MA1;MA1_vs_CTR;MC100_vs_MC1;MC1_vs_CTR;MD1_vs_CTR,True,False
PRDX2,ENSG00000167815,PRDX2,PRDX2,peroxiredoxin 2,dimgrey,dimgrey,MC100_vs_MC1,1,1,0.0001767233583488,1.897408586319717,1.897408586319717,MC100_vs_MC1,1.897408586319717,0.0001767233583488,up_in_tested,1,0,deg_fraction,True,particle_size_um,-0.1867202754883608,0.4176932392721355,0.7331959097856713,0.07828998197270153,,,,1.897408586319717,,,,,,0.0001767233583488,,,,,,up_in_tested,,,3883,304,6,MA100_vs_CTR;MA100_vs_MA1;MA1_vs_CTR;MC100_vs_MC1;MC1_vs_CTR;MD1_vs_CTR,True,False
TWF2,ENSG00000247596,TWF2,TWF2,twinfilin actin binding protein 2,dimgrey,dimgrey,MC100_vs_MC1,1,1,0.0001816180223151,1.4429639036721031,1.4429639036721031,MC100_vs_MC1,-1.4429639036721031,0.0001816180223151,down_in_tested,0,1,deg_fraction,True,particle_size_um,-0.1867202754883608,0.4176932392721355,0.7331959097856713,0.07828998197270153,,,,-1.4429639036721031,,,,,,0.0001816180223151,,,,,,down_in_tested,,,3883,304,6,MA100_vs_CTR;MA100_vs_MA1;MA1_vs_CTR;MC100_vs_MC1;MC1_vs_CTR;MD1_vs_CTR,True,False
ATXN2L,ENSG00000168488,ATXN2L,ATXN2L,ataxin 2 like,darkgrey,darkgrey,MA100_vs_CTR;MC100_vs_MC1;MC1_vs_CTR;MD1_vs_CTR,4,4,0.0001834189393686,2.3856142698517337,1.8167225575968324,MC100_vs_MC1,-2.3856142698517337,0.0001834189393686,down_in_tested,3,1,module_trait;deg_fraction,True,particle_size_um,0.6222385633532057,0.0025949251469398,0.0591962437092719,0.06276791181873852,1.7036978809009884,,,-2.3856142698517337,1.5905944038324913,1.586983675802116,0.0136270923001417,,,0.0001834189393686,0.0203746335016434,0.0229613950434171,up_in_tested,,,down_in_tested,up_in_tested,up_in_tested,3266,205,5,MA100_vs_CTR;MA100_vs_MA1;MC100_vs_MC1;MC1_vs_CTR;MD1_vs_CTR,True,True
ACAN,ENSG00000157766,ACAN,ACAN,aggrecan,dimgrey,dimgrey,MA100_vs_CTR;MC100_vs_MC1;MC1_vs_CTR;MD1_vs_CTR,4,4,0.0001925291386371,1.7561505955561054,1.4806342925151805,MC1_vs_CTR,1.7561505955561054,0.0001925291386371,up_in_tested,3,1,deg_fraction,True,particle_size_um,-0.1867202754883608,0.4176932392721355,0.7331959097856713,0.07828998197270153,1.5857137656398232,,,-1.258757418082084,1.7561505955561054,1.3219153907827097,0.0011008664210527,,,0.0075420891159918,0.0001925291386371,0.007488140608075,up_in_tested,,,down_in_tested,up_in_tested,up_in_tested,3883,304,6,MA100_vs_CTR;MA100_vs_MA1;MA1_vs_CTR;MC100_vs_MC1;MC1_vs_CTR;MD1_vs_CTR,True,False
LRP8,ENSG00000157193,LRP8,LRP8,LDL receptor related protein 8,dimgrey,dimgrey,MA100_vs_CTR;MC1_vs_CTR,2,2,0.0001949106148745,1.195982154407784,1.1200402993756025,MA100_vs_CTR,1.195982154407784,0.0001949106148745,up_in_tested,2,0,deg_fraction,True,particle_size_um,-0.1867202754883608,0.4176932392721355,0.7331959097856713,0.07828998197270153,1.195982154407784,,,,1.0440984443434211,,0.0001949106148745,,,,0.0010638408819906,,up_in_tested,,,,up_in_tested,,3883,304,6,MA100_vs_CTR;MA100_vs_MA1;MA1_vs_CTR;MC100_vs_MC1;MC1_vs_CTR;MD1_vs_CTR,True,False
FOS,ENSG00000170345,FOS,FOS,"Fos proto-oncogene, AP-1 transcription factor subunit",darkgrey,darkgrey,MA100_vs_MA1,1,1,0.0002028386923391,1.5326713345795646,1.5326713345795646,MA100_vs_MA1,1.5326713345795646,0.0002028386923391,up_in_tested,1,0,module_trait;deg_fraction,True,particle_size_um,0.6222385633532057,0.0025949251469398,0.0591962437092719,0.06276791181873852,,1.5326713345795646,,,,,,0.0002028386923391,,,,,,up_in_tested,,,,,3266,205,5,MA100_vs_CTR;MA100_vs_MA1;MC100_vs_MC1;MC1_vs_CTR;MD1_vs_CTR,True,True
NDUFB7,ENSG00000099795,NDUFB7,NDUFB7,NADH:ubiquinone oxidoreductase subunit B7,gainsboro,gainsboro,MA100_vs_MA1,1,1,0.0002028386923391,1.0772253213274834,1.0772253213274834,MA100_vs_MA1,1.0772253213274834,0.0002028386923391,up_in_tested,1,0,deg_fraction,True,particle_size_um,-0.2764543534617769,0.2250855359964077,0.5934073221723477,0.04092526690391459,,1.0772253213274834,,,,,,0.0002028386923391,,,,,,up_in_tested,,,,,1124,46,6,MA100_vs_CTR;MA100_vs_MA1;MA1_vs_CTR;MC100_vs_MC1;MC1_vs_CTR;MD1_vs_CTR,True,False
ZNF608,ENSG00000168916,ZNF608,ZNF608,zinc finger protein 608,darkgrey,darkgrey,MA100_vs_CTR;MC1_vs_CTR,2,2,0.0002038136136498,1.1862861745569595,1.1487589845904087,MA100_vs_CTR,1.1862861745569595,0.0002038136136498,up_in_tested,2,0,module_trait;deg_fraction,True,particle_size_um,0.6222385633532057,0.0025949251469398,0.0591962437092719,0.06276791181873852,1.1862861745569595,,,,1.1112317946238577,,0.0002038136136498,,,,0.0004243250079263,,up_in_tested,,,,up_in_tested,,3266,205,5,MA100_vs_CTR;MA100_vs_MA1;MC100_vs_MC1;MC1_vs_CTR;MD1_vs_CTR,True,True
BCL3,ENSG00000069399,BCL3,BCL3,BCL3 transcription coactivator,dimgrey,dimgrey,MC100_vs_MC1,1,1,0.0002134635658756,1.0396967783330635,1.0396967783330635,MC100_vs_MC1,-1.0396967783330635,0.0002134635658756,down_in_tested,0,1,deg_fraction,True,particle_size_um,-0.1867202754883608,0.4176932392721355,0.7331959097856713,0.07828998197270153,,,,-1.0396967783330635,,,,,,0.0002134635658756,,,,,,down_in_tested,,,3883,304,6,MA100_vs_CTR;MA100_vs_MA1;MA1_vs_CTR;MC100_vs_MC1;MC1_vs_CTR;MD1_vs_CTR,True,False
SLC39A3,ENSG00000141873,SLC39A3,SLC39A3,solute carrier family 39 member 3,darkgrey,darkgrey,MC100_vs_MC1,1,1,0.0002160586006488,1.0319541026296468,1.0319541026296468,MC100_vs_MC1,-1.0319541026296468,0.0002160586006488,down_in_tested,0,1,module_trait;deg_fraction,True,particle_size_um,0.6222385633532057,0.0025949251469398,0.0591962437092719,0.06276791181873852,,,,-1.0319541026296468,,,,,,0.0002160586006488,,,,,,down_in_tested,,,3266,205,5,MA100_vs_CTR;MA100_vs_MA1;MC100_vs_MC1;MC1_vs_CTR;MD1_vs_CTR,True,True
CLASRP,ENSG00000104859,CLASRP,CLASRP,CLK4 associating serine/arginine rich protein,darkgrey,darkgrey,MC100_vs_MC1,1,1,0.0002200431447711,1.2842917835355478,1.2842917835355478,MC100_vs_MC1,-1.2842917835355478,0.0002200431447711,down_in_tested,0,1,module_trait;deg_fraction,True,particle_size_um,0.6222385633532057,0.0025949251469398,0.0591962437092719,0.06276791181873852,,,,-1.2842917835355478,,,,,,0.0002200431447711,,,,,,down_in_tested,,,3266,205,5,MA100_vs_CTR;MA100_vs_MA1;MC100_vs_MC1;MC1_vs_CTR;MD1_vs_CTR,True,True
ZNF592,ENSG00000166716,ZNF592,ZNF592,zinc finger protein 592,darkgrey,darkgrey,MD1_vs_CTR,1,1,0.0002282020115293,1.065068414637396,1.065068414637396,MD1_vs_CTR,1.065068414637396,0.0002282020115293,up_in_tested,1,0,module_trait;deg_fraction,True,particle_size_um,0.6222385633532057,0.0025949251469398,0.0591962437092719,0.06276791181873852,,,,,,1.065068414637396,,,,,,0.0002282020115293,,,,,,up_in_tested,3266,205,5,MA100_vs_CTR;MA100_vs_MA1;MC100_vs_MC1;MC1_vs_CTR;MD1_vs_CTR,True,True
SH3BGRL3,ENSG00000142669,SH3BGRL3,SH3BGRL3,SH3 domain binding glutamate rich protein like 3,dimgrey,dimgrey,MA100_vs_CTR;MC100_vs_MC1;MC1_vs_CTR;MD1_vs_CTR,4,4,0.0002324737378191,1.543329305843447,1.413700820783027,MC100_vs_MC1,1.543329305843447,0.0002324737378191,up_in_tested,1,3,deg_fraction,True,particle_size_um,-0.1867202754883608,0.4176932392721355,0.7331959097856713,0.07828998197270153,-1.2967370989193858,,,1.543329305843447,-1.4072445526727049,-1.4074923256965703,0.0036880576378477,,,0.0002324737378191,0.0012630513727102,0.0014119090786477,down_in_tested,,,up_in_tested,down_in_tested,down_in_tested,3883,304,6,MA100_vs_CTR;MA100_vs_MA1;MA1_vs_CTR;MC100_vs_MC1;MC1_vs_CTR;MD1_vs_CTR,True,False
RPS3,ENSG00000149273,RPS3,RPS3,ribosomal protein S3,dimgrey,dimgrey,MC100_vs_MC1,1,1,0.0002324737378191,1.0406444437707645,1.0406444437707645,MC100_vs_MC1,-1.0406444437707645,0.0002324737378191,down_in_tested,0,1,deg_fraction,True,particle_size_um,-0.1867202754883608,0.4176932392721355,0.7331959097856713,0.07828998197270153,,,,-1.0406444437707645,,,,,,0.0002324737378191,,,,,,down_in_tested,,,3883,304,6,MA100_vs_CTR;MA100_vs_MA1;MA1_vs_CTR;MC100_vs_MC1;MC1_vs_CTR;MD1_vs_CTR,True,False
RWDD2A,ENSG00000013392,RWDD2A,RWDD2A,RWD domain containing 2A,mistyrose,mistyrose,MC100_vs_MC1,1,1,0.0002398151331302,2.156904982838859,2.156904982838859,MC100_vs_MC1,2.156904982838859,0.0002398151331302,up_in_tested,1,0,deg_fraction,True,particle_size_um,-0.3310821963795141,0.142641678213067,0.5170760835223682,0.018309859154929577,,,,2.156904982838859,,,,,,0.0002398151331302,,,,,,up_in_tested,,,2130,39,4,MA100_vs_CTR;MA100_vs_MA1;MC100_vs_MC1;MC1_vs_CTR,True,False
ATP5MGL,ENSG00000249222,ATP5MGL,ATP5MGL,ATP synthase membrane subunit g like,dimgrey,dimgrey,MC100_vs_MC1,1,1,0.0002520725255816,1.114867413027705,1.114867413027705,MC100_vs_MC1,-1.114867413027705,0.0002520725255816,down_in_tested,0,1,deg_fraction,True,particle_size_um,-0.1867202754883608,0.4176932392721355,0.7331959097856713,0.07828998197270153,,,,-1.114867413027705,,,,,,0.0002520725255816,,,,,,down_in_tested,,,3883,304,6,MA100_vs_CTR;MA100_vs_MA1;MA1_vs_CTR;MC100_vs_MC1;MC1_vs_CTR;MD1_vs_CTR,True,False
TSSC4,ENSG00000184281,TSSC4,TSSC4,tumor suppressing subtransferable candidate 4,darkgrey,darkgrey,MC100_vs_MC1,1,1,0.000258671132741,1.113389505942749,1.113389505942749,MC100_vs_MC1,-1.113389505942749,0.000258671132741,down_in_tested,0,1,module_trait;deg_fraction,True,particle_size_um,0.6222385633532057,0.0025949251469398,0.0591962437092719,0.06276791181873852,,,,-1.113389505942749,,,,,,0.000258671132741,,,,,,down_in_tested,,,3266,205,5,MA100_vs_CTR;MA100_vs_MA1;MC100_vs_MC1;MC1_vs_CTR;MD1_vs_CTR,True,True
SEMA6D,ENSG00000137872,SEMA6D,SEMA6D,semaphorin 6D,dimgrey,dimgrey,MC1_vs_CTR,1,1,0.000276960462691,1.169411555063793,1.169411555063793,MC1_vs_CTR,-1.169411555063793,0.000276960462691,down_in_tested,0,1,deg_fraction,True,particle_size_um,-0.1867202754883608,0.4176932392721355,0.7331959097856713,0.07828998197270153,,,,,-1.169411555063793,,,,,,0.000276960462691,,,,,,down_in_tested,,3883,304,6,MA100_vs_CTR;MA100_vs_MA1;MA1_vs_CTR;MC100_vs_MC1;MC1_vs_CTR;MD1_vs_CTR,True,False
GIT1,ENSG00000108262,GIT1,GIT1,GIT ArfGAP 1,dimgrey,dimgrey,MC100_vs_MC1,1,1,0.0002787228335504,1.3092814274909057,1.3092814274909057,MC100_vs_MC1,-1.3092814274909057,0.0002787228335504,down_in_tested,0,1,deg_fraction,True,particle_size_um,-0.1867202754883608,0.4176932392721355,0.7331959097856713,0.07828998197270153,,,,-1.3092814274909057,,,,,,0.0002787228335504,,,,,,down_in_tested,,,3883,304,6,MA100_vs_CTR;MA100_vs_MA1;MA1_vs_CTR;MC100_vs_MC1;MC1_vs_CTR;MD1_vs_CTR,True,False
TPCN2,ENSG00000162341,TPCN2,TPCN2,two pore segment channel 2,darkgrey,darkgrey,MC100_vs_MC1;MC1_vs_CTR,2,2,0.0002895113514742,1.2947465604568682,1.1792495503673406,MC100_vs_MC1,-1.2947465604568682,0.0002895113514742,down_in_tested,1,1,module_trait;deg_fraction,True,particle_size_um,0.6222385633532057,0.0025949251469398,0.0591962437092719,0.06276791181873852,,,,-1.2947465604568682,1.0637525402778127,,,,,0.0002895113514742,0.0045517988159149,,,,,down_in_tested,up_in_tested,,3266,205,5,MA100_vs_CTR;MA100_vs_MA1;MC100_vs_MC1;MC1_vs_CTR;MD1_vs_CTR,True,True
GARRE1,ENSG00000166398,GARRE1,GARRE1,granule associated Rac and RHOG effector 1,darkgrey,darkgrey,MA100_vs_CTR;MC100_vs_MC1;MC1_vs_CTR,3,3,0.0002911786616621,1.9593193437358327,1.5944587224881293,MC1_vs_CTR,1.9593193437358327,0.0002911786616621,up_in_tested,2,1,module_trait;deg_fraction,True,particle_size_um,0.6222385633532057,0.0025949251469398,0.0591962437092719,0.06276791181873852,1.7950931416474851,,,-1.0289636820810697,1.9593193437358327,,0.0012596718246177,,,0.0720081497758668,0.0002911786616621,,up_in_tested,,,down_in_tested,up_in_tested,,3266,205,5,MA100_vs_CTR;MA100_vs_MA1;MC100_vs_MC1;MC1_vs_CTR;MD1_vs_CTR,True,True
SLC7A5,ENSG00000103257,SLC7A5,SLC7A5,solute carrier family 7 member 5,dimgrey,dimgrey,MC100_vs_MC1,1,1,0.0002967033490806,1.031894709453158,1.031894709453158,MC100_vs_MC1,-1.031894709453158,0.0002967033490806,down_in_tested,0,1,deg_fraction,True,particle_size_um,-0.1867202754883608,0.4176932392721355,0.7331959097856713,0.07828998197270153,,,,-1.031894709453158,,,,,,0.0002967033490806,,,,,,down_in_tested,,,3883,304,6,MA100_vs_CTR;MA100_vs_MA1;MA1_vs_CTR;MC100_vs_MC1;MC1_vs_CTR;MD1_vs_CTR,True,False
SH3PXD2B,ENSG00000174705,SH3PXD2B,SH3PXD2B,SH3 and PX domains 2B,darkgrey,darkgrey,MC1_vs_CTR;MD1_vs_CTR,2,2,0.0002988546952519,1.136617511217882,1.0906919081495658,MD1_vs_CTR,1.136617511217882,0.0002988546952519,up_in_tested,2,0,module_trait;deg_fraction,True,particle_size_um,0.6222385633532057,0.0025949251469398,0.0591962437092719,0.06276791181873852,,,,,1.0447663050812497,1.136617511217882,,,,,0.0009138481463752,0.0002988546952519,,,,,up_in_tested,up_in_tested,3266,205,5,MA100_vs_CTR;MA100_vs_MA1;MC100_vs_MC1;MC1_vs_CTR;MD1_vs_CTR,True,True
MCCC2,ENSG00000131844,MCCC2,MCCC2,methylcrotonyl-CoA carboxylase subunit 2,dimgrey,dimgrey,MC1_vs_CTR,1,1,0.0003069328224997,1.0927037422805168,1.0927037422805168,MC1_vs_CTR,-1.0927037422805168,0.0003069328224997,down_in_tested,0,1,deg_fraction,True,particle_size_um,-0.1867202754883608,0.4176932392721355,0.7331959097856713,0.07828998197270153,,,,,-1.0927037422805168,,,,,,0.0003069328224997,,,,,,down_in_tested,,3883,304,6,MA100_vs_CTR;MA100_vs_MA1;MA1_vs_CTR;MC100_vs_MC1;MC1_vs_CTR;MD1_vs_CTR,True,False
SELENOW,ENSG00000178980,SELENOW,SELENOW,selenoprotein W,darkgrey,darkgrey,MC100_vs_MC1,1,1,0.0003092618117306,1.0534710172558155,1.0534710172558155,MC100_vs_MC1,-1.0534710172558155,0.0003092618117306,down_in_tested,0,1,module_trait;deg_fraction,True,particle_size_um,0.6222385633532057,0.0025949251469398,0.0591962437092719,0.06276791181873852,,,,-1.0534710172558155,,,,,,0.0003092618117306,,,,,,down_in_tested,,,3266,205,5,MA100_vs_CTR;MA100_vs_MA1;MC100_vs_MC1;MC1_vs_CTR;MD1_vs_CTR,True,True
UBR4,ENSG00000127481,UBR4,UBR4,ubiquitin protein ligase E3 component n-recognin 4,gainsboro,gainsboro,MC1_vs_CTR,1,1,0.0003332780081391,1.010972888589909,1.010972888589909,MC1_vs_CTR,1.010972888589909,0.0003332780081391,up_in_tested,1,0,deg_fraction,True,particle_size_um,-0.2764543534617769,0.2250855359964077,0.5934073221723477,0.04092526690391459,,,,,1.010972888589909,,,,,,0.0003332780081391,,,,,,up_in_tested,,1124,46,6,MA100_vs_CTR;MA100_vs_MA1;MA1_vs_CTR;MC100_vs_MC1;MC1_vs_CTR;MD1_vs_CTR,True,False
COA6,ENSG00000168275,COA6,COA6,cytochrome c oxidase assembly factor 6,dimgrey,dimgrey,MA100_vs_CTR;MC1_vs_CTR,2,2,0.0003360467106997,1.0878360306003063,1.047350871160175,MC1_vs_CTR,-1.0878360306003063,0.0003360467106997,down_in_tested,0,2,deg_fraction,True,particle_size_um,-0.1867202754883608,0.4176932392721355,0.7331959097856713,0.07828998197270153,-1.0068657117200437,,,,-1.0878360306003063,,0.0012142300856228,,,,0.0003360467106997,,down_in_tested,,,,down_in_tested,,3883,304,6,MA100_vs_CTR;MA100_vs_MA1;MA1_vs_CTR;MC100_vs_MC1;MC1_vs_CTR;MD1_vs_CTR,True,False
UPF2,ENSG00000151461,UPF2,UPF2,UPF2 regulator of nonsense mediated mRNA decay,gainsboro,gainsboro,MD1_vs_CTR,1,1,0.0003400156722482,1.0404907769620206,1.0404907769620206,MD1_vs_CTR,-1.0404907769620206,0.0003400156722482,down_in_tested,0,1,deg_fraction,True,particle_size_um,-0.2764543534617769,0.2250855359964077,0.5934073221723477,0.04092526690391459,,,,,,-1.0404907769620206,,,,,,0.0003400156722482,,,,,,down_in_tested,1124,46,6,MA100_vs_CTR;MA100_vs_MA1;MA1_vs_CTR;MC100_vs_MC1;MC1_vs_CTR;MD1_vs_CTR,True,False
TRAPPC2B,ENSG00000256060,TRAPPC2B,TRAPPC2B,trafficking protein particle complex subunit 2B,dimgrey,dimgrey,MC100_vs_MC1;MC1_vs_CTR,2,2,0.0003505976315513,1.5300944859251802,1.3071657392871718,MC100_vs_MC1,1.5300944859251802,0.0003505976315513,up_in_tested,1,1,deg_fraction,True,particle_size_um,-0.1867202754883608,0.4176932392721355,0.7331959097856713,0.07828998197270153,,,,1.5300944859251802,-1.0842369926491635,,,,,0.0003505976315513,0.0193464932256883,,,,,up_in_tested,down_in_tested,,3883,304,6,MA100_vs_CTR;MA100_vs_MA1;MA1_vs_CTR;MC100_vs_MC1;MC1_vs_CTR;MD1_vs_CTR,True,False
TUBB4B,ENSG00000188229,TUBB4B,TUBB4B,tubulin beta 4B class IVb,dimgrey,dimgrey,MC100_vs_MC1;MC1_vs_CTR,2,2,0.0003639402224512,1.398005189323852,1.2980625166597541,MC100_vs_MC1,1.398005189323852,0.0003639402224512,up_in_tested,1,1,deg_fraction,True,particle_size_um,-0.1867202754883608,0.4176932392721355,0.7331959097856713,0.07828998197270153,,,,1.398005189323852,-1.1981198439956562,,,,,0.0003639402224512,0.0035334500715681,,,,,up_in_tested,down_in_tested,,3883,304,6,MA100_vs_CTR;MA100_vs_MA1;MA1_vs_CTR;MC100_vs_MC1;MC1_vs_CTR;MD1_vs_CTR,True,False
SDF2L1,ENSG00000128228,SDF2L1,SDF2L1,stromal cell derived factor 2 like 1,darkgrey,darkgrey,MC100_vs_MC1,1,1,0.0003639402224512,1.1929094763317492,1.1929094763317492,MC100_vs_MC1,-1.1929094763317492,0.0003639402224512,down_in_tested,0,1,module_trait;deg_fraction,True,particle_size_um,0.6222385633532057,0.0025949251469398,0.0591962437092719,0.06276791181873852,,,,-1.1929094763317492,,,,,,0.0003639402224512,,,,,,down_in_tested,,,3266,205,5,MA100_vs_CTR;MA100_vs_MA1;MC100_vs_MC1;MC1_vs_CTR;MD1_vs_CTR,True,True
S1PR3,ENSG00000213694,S1PR3,S1PR3,sphingosine-1-phosphate receptor 3,dimgrey,dimgrey,MA100_vs_CTR,1,1,0.0003730252892067,1.051584815051706,1.051584815051706,MA100_vs_CTR,-1.051584815051706,0.0003730252892067,down_in_tested,0,1,deg_fraction,True,particle_size_um,-0.1867202754883608,0.4176932392721355,0.7331959097856713,0.07828998197270153,-1.051584815051706,,,,,,0.0003730252892067,,,,,,down_in_tested,,,,,,3883,304,6,MA100_vs_CTR;MA100_vs_MA1;MA1_vs_CTR;MC100_vs_MC1;MC1_vs_CTR;MD1_vs_CTR,True,False
RING1,ENSG00000204227,RING1,RING1,ring finger protein 1,dimgrey,dimgrey,MC100_vs_MC1,1,1,0.0003771065150684,1.789932509263367,1.789932509263367,MC100_vs_MC1,1.789932509263367,0.0003771065150684,up_in_tested,1,0,deg_fraction,True,particle_size_um,-0.1867202754883608,0.4176932392721355,0.7331959097856713,0.07828998197270153,,,,1.789932509263367,,,,,,0.0003771065150684,,,,,,up_in_tested,,,3883,304,6,MA100_vs_CTR;MA100_vs_MA1;MA1_vs_CTR;MC100_vs_MC1;MC1_vs_CTR;MD1_vs_CTR,True,False
H4C3,ENSG00000197061,H4C3,H4C3,H4 clustered histone 3,gainsboro,gainsboro,MA100_vs_CTR;MC100_vs_MC1;MC1_vs_CTR,3,3,0.0003812381435526,1.7199076999851806,1.6651083368855788,MC100_vs_MC1,-1.7199076999851806,0.0003812381435526,down_in_tested,2,1,deg_fraction,True,particle_size_um,-0.2764543534617769,0.2250855359964077,0.5934073221723477,0.04092526690391459,1.6825407809989612,,,-1.7199076999851806,1.5928765296725942,,0.0009589004535509,,,0.0003812381435526,0.0015343229347398,,up_in_tested,,,down_in_tested,up_in_tested,,1124,46,6,MA100_vs_CTR;MA100_vs_MA1;MA1_vs_CTR;MC100_vs_MC1;MC1_vs_CTR;MD1_vs_CTR,True,False
REV1,ENSG00000135945,REV1,REV1,REV1 DNA directed polymerase,darkgrey,darkgrey,MA100_vs_CTR,1,1,0.0003970112778658,1.1598015278835632,1.1598015278835632,MA100_vs_CTR,1.1598015278835632,0.0003970112778658,up_in_tested,1,0,module_trait;deg_fraction,True,particle_size_um,0.6222385633532057,0.0025949251469398,0.0591962437092719,0.06276791181873852,1.1598015278835632,,,,,,0.0003970112778658,,,,,,up_in_tested,,,,,,3266,205,5,MA100_vs_CTR;MA100_vs_MA1;MC100_vs_MC1;MC1_vs_CTR;MD1_vs_CTR,True,True
KXD1,ENSG00000105700,KXD1,KXD1,KxDL motif containing 1,dimgrey,dimgrey,MA100_vs_CTR;MA100_vs_MA1;MC100_vs_MC1;MC1_vs_CTR;MD1_vs_CTR,5,5,0.0003989973505145,1.679673482171841,1.3452793809598353,MA100_vs_CTR,-1.679673482171841,0.0003989973505145,down_in_tested,1,4,deg_fraction,True,particle_size_um,-0.1867202754883608,0.4176932392721355,0.7331959097856713,0.07828998197270153,-1.679673482171841,-1.372041337303629,,1.2208207992996996,-1.2879226107441162,-1.165938675279891,0.0003989973505145,0.0255272407946314,,0.0090001271210344,0.0064677860732123,0.0165275181923147,down_in_tested,down_in_tested,,up_in_tested,down_in_tested,down_in_tested,3883,304,6,MA100_vs_CTR;MA100_vs_MA1;MA1_vs_CTR;MC100_vs_MC1;MC1_vs_CTR;MD1_vs_CTR,True,False
NAP1L4,ENSG00000205531,NAP1L4,NAP1L4,nucleosome assembly protein 1 like 4,gainsboro,gainsboro,MA100_vs_CTR;MC1_vs_CTR,2,2,0.000404435239959,1.083640003411923,1.0640194247994104,MA100_vs_CTR,1.083640003411923,0.000404435239959,up_in_tested,2,0,deg_fraction,True,particle_size_um,-0.2764543534617769,0.2250855359964077,0.5934073221723477,0.04092526690391459,1.083640003411923,,,,1.0443988461868978,,0.000404435239959,,,,0.000556046027619,,up_in_tested,,,,up_in_tested,,1124,46,6,MA100_vs_CTR;MA100_vs_MA1;MA1_vs_CTR;MC100_vs_MC1;MC1_vs_CTR;MD1_vs_CTR,True,False
JMJD8,ENSG00000161999,JMJD8,JMJD8,jumonji domain containing 8,darkgrey,darkgrey,MC100_vs_MC1,1,1,0.0004180219483793,1.2083437182691965,1.2083437182691965,MC100_vs_MC1,-1.2083437182691965,0.0004180219483793,down_in_tested,0,1,module_trait;deg_fraction,True,particle_size_um,0.6222385633532057,0.0025949251469398,0.0591962437092719,0.06276791181873852,,,,-1.2083437182691965,,,,,,0.0004180219483793,,,,,,down_in_tested,,,3266,205,5,MA100_vs_CTR;MA100_vs_MA1;MC100_vs_MC1;MC1_vs_CTR;MD1_vs_CTR,True,True
TP53I13,ENSG00000167543,TP53I13,TP53I13,tumor protein p53 inducible protein 13,darkgrey,darkgrey,MC100_vs_MC1,1,1,0.0004423241521981,1.194016662412187,1.194016662412187,MC100_vs_MC1,-1.194016662412187,0.0004423241521981,down_in_tested,0,1,module_trait;deg_fraction,True,particle_size_um,0.6222385633532057,0.0025949251469398,0.0591962437092719,0.06276791181873852,,,,-1.194016662412187,,,,,,0.0004423241521981,,,,,,down_in_tested,,,3266,205,5,MA100_vs_CTR;MA100_vs_MA1;MC100_vs_MC1;MC1_vs_CTR;MD1_vs_CTR,True,True
BANF1,ENSG00000175334,BANF1,BANF1,barrier to autointegration nuclear assembly factor 1,dimgrey,dimgrey,MA100_vs_CTR,1,1,0.0004553767936297,1.0337232435863994,1.0337232435863994,MA100_vs_CTR,-1.0337232435863994,0.0004553767936297,down_in_tested,0,1,deg_fraction,True,particle_size_um,-0.1867202754883608,0.4176932392721355,0.7331959097856713,0.07828998197270153,-1.0337232435863994,,,,,,0.0004553767936297,,,,,,down_in_tested,,,,,,3883,304,6,MA100_vs_CTR;MA100_vs_MA1;MA1_vs_CTR;MC100_vs_MC1;MC1_vs_CTR;MD1_vs_CTR,True,False
HECW1,ENSG00000002746,HECW1,HECW1,"HECT, C2 and WW domain containing E3 ubiquitin protein ligase 1",dimgrey,dimgrey,MC100_vs_MC1,1,1,0.0004695551522807,4.301564125712843,4.301564125712843,MC100_vs_MC1,4.301564125712843,0.0004695551522807,up_in_tested,1,0,deg_fraction,True,particle_size_um,-0.1867202754883608,0.4176932392721355,0.7331959097856713,0.07828998197270153,,,,4.301564125712843,,,,,,0.0004695551522807,,,,,,up_in_tested,,,3883,304,6,MA100_vs_CTR;MA100_vs_MA1;MA1_vs_CTR;MC100_vs_MC1;MC1_vs_CTR;MD1_vs_CTR,True,False
CUL2,ENSG00000108094,CUL2,CUL2,cullin 2,dimgrey,dimgrey,MC100_vs_MC1,1,1,0.0004841871559386,1.0812140906077448,1.0812140906077448,MC100_vs_MC1,1.0812140906077448,0.0004841871559386,up_in_tested,1,0,deg_fraction,True,particle_size_um,-0.1867202754883608,0.4176932392721355,0.7331959097856713,0.07828998197270153,,,,1.0812140906077448,,,,,,0.0004841871559386,,,,,,up_in_tested,,,3883,304,6,MA100_vs_CTR;MA100_vs_MA1;MA1_vs_CTR;MC100_vs_MC1;MC1_vs_CTR;MD1_vs_CTR,True,False
TAMALIN,ENSG00000161835,TAMALIN,TAMALIN,trafficking regulator and scaffold protein tamalin,darkgrey,darkgrey,MC100_vs_MC1;MD1_vs_CTR,2,2,0.0004861058846709,1.4998917699741303,1.272438564688684,MC100_vs_MC1,-1.4998917699741303,0.0004861058846709,down_in_tested,1,1,module_trait;deg_fraction,True,particle_size_um,0.6222385633532057,0.0025949251469398,0.0591962437092719,0.06276791181873852,,,,-1.4998917699741303,,1.044985359403238,,,,0.0004861058846709,,0.0252726126574448,,,,down_in_tested,,up_in_tested,3266,205,5,MA100_vs_CTR;MA100_vs_MA1;MC100_vs_MC1;MC1_vs_CTR;MD1_vs_CTR,True,True
ATP5MK,ENSG00000173915,ATP5MK,ATP5MK,ATP synthase membrane subunit k,dimgrey,dimgrey,MA100_vs_CTR;MC100_vs_MC1;MC1_vs_CTR,3,3,0.0004861058846709,1.1641354708117044,1.0936777826430362,MC100_vs_MC1,1.1641354708117044,0.0004861058846709,up_in_tested,1,2,deg_fraction,True,particle_size_um,-0.1867202754883608,0.4176932392721355,0.7331959097856713,0.07828998197270153,-1.0297043308872056,,,1.1641354708117044,-1.0871935462301987,,0.003598550931316,,,0.0004861058846709,0.0016877822487188,,down_in_tested,,,up_in_tested,down_in_tested,,3883,304,6,MA100_vs_CTR;MA100_vs_MA1;MA1_vs_CTR;MC100_vs_MC1;MC1_vs_CTR;MD1_vs_CTR,True,False
ST6GALNAC4,ENSG00000136840,ST6GALNAC4,ST6GALNAC4,"ST6 N-acetylgalactosaminide alpha-2,6-sialyltransferase 4",darkgrey,darkgrey,MC100_vs_MC1,1,1,0.0004881663785795,1.0149910471485175,1.0149910471485175,MC100_vs_MC1,-1.0149910471485175,0.0004881663785795,down_in_tested,0,1,module_trait;deg_fraction,True,particle_size_um,0.6222385633532057,0.0025949251469398,0.0591962437092719,0.06276791181873852,,,,-1.0149910471485175,,,,,,0.0004881663785795,,,,,,down_in_tested,,,3266,205,5,MA100_vs_CTR;MA100_vs_MA1;MC100_vs_MC1;MC1_vs_CTR;MD1_vs_CTR,True,True
SQSTM1,ENSG00000161011,SQSTM1,SQSTM1,sequestosome 1,dimgrey,dimgrey,MA100_vs_CTR;MC100_vs_MC1;MC1_vs_CTR;MD1_vs_CTR,4,4,0.0004894544078133,2.22547729776812,1.9833489721092141,MD1_vs_CTR,2.22547729776812,0.0004894544078133,up_in_tested,3,1,deg_fraction,True,particle_size_um,-0.1867202754883608,0.4176932392721355,0.7331959097856713,0.07828998197270153,1.956714642913748,,,-1.5949991805067587,2.15620476724823,2.22547729776812,0.0027759331419779,,,0.0133658835175724,0.0007113560462951,0.0004894544078133,up_in_tested,,,down_in_tested,up_in_tested,up_in_tested,3883,304,6,MA100_vs_CTR;MA100_vs_MA1;MA1_vs_CTR;MC100_vs_MC1;MC1_vs_CTR;MD1_vs_CTR,True,False
RAD51C,ENSG00000108384,RAD51C,RAD51C,RAD51 paralog C,dimgrey,dimgrey,MD1_vs_CTR,1,1,0.000496425247699,1.008201905525976,1.008201905525976,MD1_vs_CTR,-1.008201905525976,0.000496425247699,down_in_tested,0,1,deg_fraction,True,particle_size_um,-0.1867202754883608,0.4176932392721355,0.7331959097856713,0.07828998197270153,,,,,,-1.008201905525976,,,,,,0.000496425247699,,,,,,down_in_tested,3883,304,6,MA100_vs_CTR;MA100_vs_MA1;MA1_vs_CTR;MC100_vs_MC1;MC1_vs_CTR;MD1_vs_CTR,True,False
PEX2,ENSG00000164751,PEX2,PEX2,peroxisomal biogenesis factor 2,mistyrose,mistyrose,MC100_vs_MC1;MC1_vs_CTR,2,2,0.0005701440305379,1.315113052434287,1.2022985585719252,MC100_vs_MC1,1.315113052434287,0.0005701440305379,up_in_tested,1,1,deg_fraction,True,particle_size_um,-0.3310821963795141,0.142641678213067,0.5170760835223682,0.018309859154929577,,,,1.315113052434287,-1.0894840647095634,,,,,0.0005701440305379,0.0069019606813306,,,,,up_in_tested,down_in_tested,,2130,39,4,MA100_vs_CTR;MA100_vs_MA1;MC100_vs_MC1;MC1_vs_CTR,True,False
VAC14,ENSG00000103043,VAC14,VAC14,VAC14 component of PIKFYVE complex,dimgrey,dimgrey,MC100_vs_MC1;MC1_vs_CTR;MD1_vs_CTR,3,3,0.0005715483237949,1.351393755886891,1.1931720179107168,MC100_vs_MC1,1.351393755886891,0.0005715483237949,up_in_tested,1,2,deg_fraction,True,particle_size_um,-0.1867202754883608,0.4176932392721355,0.7331959097856713,0.07828998197270153,,,,1.351393755886891,-1.1930467282899544,-1.035075569555305,,,,0.0005715483237949,0.0036337784928928,0.0146214605644476,,,,up_in_tested,down_in_tested,down_in_tested,3883,304,6,MA100_vs_CTR;MA100_vs_MA1;MA1_vs_CTR;MC100_vs_MC1;MC1_vs_CTR;MD1_vs_CTR,True,False
IMP3,ENSG00000177971,IMP3,IMP3,IMP U3 small nucleolar ribonucleoprotein 3,dimgrey,dimgrey,MA100_vs_CTR;MA100_vs_MA1,2,2,0.0005872751922306,1.414380913903572,1.3158079374193132,MA100_vs_CTR,-1.414380913903572,0.0005872751922306,down_in_tested,0,2,deg_fraction,True,particle_size_um,-0.1867202754883608,0.4176932392721355,0.7331959097856713,0.07828998197270153,-1.414380913903572,-1.2172349609350543,,,,,0.0005872751922306,0.0208002620168751,,,,,down_in_tested,down_in_tested,,,,,3883,304,6,MA100_vs_CTR;MA100_vs_MA1;MA1_vs_CTR;MC100_vs_MC1;MC1_vs_CTR;MD1_vs_CTR,True,False
NRGN,ENSG00000154146,NRGN,NRGN,neurogranin,darkgrey,darkgrey,MC100_vs_MC1,1,1,0.0006019815865448,1.1301715050458891,1.1301715050458891,MC100_vs_MC1,-1.1301715050458891,0.0006019815865448,down_in_tested,0,1,module_trait;deg_fraction,True,particle_size_um,0.6222385633532057,0.0025949251469398,0.0591962437092719,0.06276791181873852,,,,-1.1301715050458891,,,,,,0.0006019815865448,,,,,,down_in_tested,,,3266,205,5,MA100_vs_CTR;MA100_vs_MA1;MC100_vs_MC1;MC1_vs_CTR;MD1_vs_CTR,True,True
TBCK,ENSG00000145348,TBCK,TBCK,TBC1 domain containing kinase,dimgrey,dimgrey,MC1_vs_CTR,1,1,0.0006275288783847,1.1203998352366422,1.1203998352366422,MC1_vs_CTR,-1.1203998352366422,0.0006275288783847,down_in_tested,0,1,deg_fraction,True,particle_size_um,-0.1867202754883608,0.4176932392721355,0.7331959097856713,0.07828998197270153,,,,,-1.1203998352366422,,,,,,0.0006275288783847,,,,,,down_in_tested,,3883,304,6,MA100_vs_CTR;MA100_vs_MA1;MA1_vs_CTR;MC100_vs_MC1;MC1_vs_CTR;MD1_vs_CTR,True,False
PTCHD4,ENSG00000244694,PTCHD4,PTCHD4,patched domain containing 4,mistyrose,mistyrose,MC100_vs_MC1,1,1,0.0006333736302004,3.186494490998403,3.186494490998403,MC100_vs_MC1,3.186494490998403,0.0006333736302004,up_in_tested,1,0,deg_fraction,True,particle_size_um,-0.3310821963795141,0.142641678213067,0.5170760835223682,0.018309859154929577,,,,3.186494490998403,,,,,,0.0006333736302004,,,,,,up_in_tested,,,2130,39,4,MA100_vs_CTR;MA100_vs_MA1;MC100_vs_MC1;MC1_vs_CTR,True,False
SLC66A1,ENSG00000040487,SLC66A1,SLC66A1,solute carrier family 66 member 1,dimgrey,dimgrey,MA100_vs_CTR,1,1,0.0006543155474105,1.1316217553861672,1.1316217553861672,MA100_vs_CTR,-1.1316217553861672,0.0006543155474105,down_in_tested,0,1,deg_fraction,True,particle_size_um,-0.1867202754883608,0.4176932392721355,0.7331959097856713,0.07828998197270153,-1.1316217553861672,,,,,,0.0006543155474105,,,,,,down_in_tested,,,,,,3883,304,6,MA100_vs_CTR;MA100_vs_MA1;MA1_vs_CTR;MC100_vs_MC1;MC1_vs_CTR;MD1_vs_CTR,True,False
RPE,ENSG00000197713,RPE,RPE,ribulose-5-phosphate-3-epimerase,dimgrey,dimgrey,MC1_vs_CTR,1,1,0.000676209534927,1.0392348540400025,1.0392348540400025,MC1_vs_CTR,-1.0392348540400025,0.000676209534927,down_in_tested,0,1,deg_fraction,True,particle_size_um,-0.1867202754883608,0.4176932392721355,0.7331959097856713,0.07828998197270153,,,,,-1.0392348540400025,,,,,,0.000676209534927,,,,,,down_in_tested,,3883,304,6,MA100_vs_CTR;MA100_vs_MA1;MA1_vs_CTR;MC100_vs_MC1;MC1_vs_CTR;MD1_vs_CTR,True,False
EPN2,ENSG00000072134,EPN2,EPN2,epsin 2,gainsboro,gainsboro,MA100_vs_CTR;MC100_vs_MC1;MC1_vs_CTR;MD1_vs_CTR,4,4,0.0006984963675952,1.4825297837526656,1.3541883647803463,MC100_vs_MC1,-1.4825297837526656,0.0006984963675952,down_in_tested,3,1,deg_fraction,True,particle_size_um,-0.2764543534617769,0.2250855359964077,0.5934073221723477,0.04092526690391459,1.2453957835382887,,,-1.4825297837526656,1.408507108029122,1.2803207838013089,0.007836272960392,,,0.0006984963675952,0.0018672928771326,0.0058501578898568,up_in_tested,,,down_in_tested,up_in_tested,up_in_tested,1124,46,6,MA100_vs_CTR;MA100_vs_MA1;MA1_vs_CTR;MC100_vs_MC1;MC1_vs_CTR;MD1_vs_CTR,True,False
ZNRD2,ENSG00000173465,ZNRD2,ZNRD2,zinc ribbon domain containing 2,mistyrose,mistyrose,MC100_vs_MC1,1,1,0.0007503631643354,1.0770355461588526,1.0770355461588526,MC100_vs_MC1,1.0770355461588526,0.0007503631643354,up_in_tested,1,0,deg_fraction,True,particle_size_um,-0.3310821963795141,0.142641678213067,0.5170760835223682,0.018309859154929577,,,,1.0770355461588526,,,,,,0.0007503631643354,,,,,,up_in_tested,,,2130,39,4,MA100_vs_CTR;MA100_vs_MA1;MC100_vs_MC1;MC1_vs_CTR,True,False
EMILIN1,ENSG00000138080,EMILIN1,EMILIN1,elastin microfibril interfacer 1,dimgrey,dimgrey,MC100_vs_MC1,1,1,0.0007722681683238,1.5198910877617895,1.5198910877617895,MC100_vs_MC1,-1.5198910877617895,0.0007722681683238,down_in_tested,0,1,deg_fraction,True,particle_size_um,-0.1867202754883608,0.4176932392721355,0.7331959097856713,0.07828998197270153,,,,-1.5198910877617895,,,,,,0.0007722681683238,,,,,,down_in_tested,,,3883,304,6,MA100_vs_CTR;MA100_vs_MA1;MA1_vs_CTR;MC100_vs_MC1;MC1_vs_CTR;MD1_vs_CTR,True,False
MT-ND1,ENSG00000198888,MT-ND1,MT-ND1,NADH dehydrogenase subunit 1,dimgrey,dimgrey,MA100_vs_CTR;MC100_vs_MC1;MC1_vs_CTR;MD1_vs_CTR,4,4,0.0007905955351941,1.332007456983758,1.2425691052289636,MD1_vs_CTR,-1.332007456983758,0.0007905955351941,down_in_tested,1,3,deg_fraction,True,particle_size_um,-0.1867202754883608,0.4176932392721355,0.7331959097856713,0.07828998197270153,-1.2359493891656437,,,1.08399304150023,-1.3183265332662226,-1.332007456983758,0.0021676968103583,,,0.0060218371038095,0.0008150921327266,0.0007905955351941,down_in_tested,,,up_in_tested,down_in_tested,down_in_tested,3883,304,6,MA100_vs_CTR;MA100_vs_MA1;MA1_vs_CTR;MC100_vs_MC1;MC1_vs_CTR;MD1_vs_CTR,True,False
DDX19B,ENSG00000157349,DDX19B,DDX19B,DEAD-box helicase 19B,dimgrey,dimgrey,MC100_vs_MC1;MC1_vs_CTR,2,2,0.0007978496276058,1.986694627102625,1.7481645012222196,MC1_vs_CTR,-1.986694627102625,0.0007978496276058,down_in_tested,1,1,deg_fraction,True,particle_size_um,-0.1867202754883608,0.4176932392721355,0.7331959097856713,0.07828998197270153,,,,1.5096343753418142,-1.986694627102625,,,,,0.0121771306311598,0.0007978496276058,,,,,up_in_tested,down_in_tested,,3883,304,6,MA100_vs_CTR;MA100_vs_MA1;MA1_vs_CTR;MC100_vs_MC1;MC1_vs_CTR;MD1_vs_CTR,True,False
DDOST,ENSG00000244038,DDOST,DDOST,dolichyl-diphosphooligosaccharide--protein glycosyltransferase non-catalytic subunit,dimgrey,dimgrey,MC100_vs_MC1;MC1_vs_CTR,2,2,0.0008717810148957,1.838634118667131,1.6578000967753432,MC1_vs_CTR,-1.838634118667131,0.0008717810148957,down_in_tested,1,1,deg_fraction,True,particle_size_um,-0.1867202754883608,0.4176932392721355,0.7331959097856713,0.07828998197270153,,,,1.4769660748835554,-1.838634118667131,,,,,0.0080131181552449,0.0008717810148957,,,,,up_in_tested,down_in_tested,,3883,304,6,MA100_vs_CTR;MA100_vs_MA1;MA1_vs_CTR;MC100_vs_MC1;MC1_vs_CTR;MD1_vs_CTR,True,False
FBXO28,ENSG00000143756,FBXO28,FBXO28,F-box protein 28,mistyrose,mistyrose,MC100_vs_MC1;MC1_vs_CTR,2,2,0.0008981449440259,1.1490039877565297,1.0874840987131442,MC1_vs_CTR,-1.1490039877565297,0.0008981449440259,down_in_tested,1,1,deg_fraction,True,particle_size_um,-0.3310821963795141,0.142641678213067,0.5170760835223682,0.018309859154929577,,,,1.0259642096697588,-1.1490039877565297,,,,,0.0026194150465975,0.0008981449440259,,,,,up_in_tested,down_in_tested,,2130,39,4,MA100_vs_CTR;MA100_vs_MA1;MC100_vs_MC1;MC1_vs_CTR,True,False
SURF1,ENSG00000148290,SURF1,SURF1,SURF1 cytochrome c oxidase assembly factor,dimgrey,dimgrey,MC100_vs_MC1,1,1,0.000946241131706,1.80974847822358,1.80974847822358,MC100_vs_MC1,1.80974847822358,0.000946241131706,up_in_tested,1,0,deg_fraction,True,particle_size_um,-0.1867202754883608,0.4176932392721355,0.7331959097856713,0.07828998197270153,,,,1.80974847822358,,,,,,0.000946241131706,,,,,,up_in_tested,,,3883,304,6,MA100_vs_CTR;MA100_vs_MA1;MA1_vs_CTR;MC100_vs_MC1;MC1_vs_CTR;MD1_vs_CTR,True,False
TNFRSF21,ENSG00000146072,TNFRSF21,TNFRSF21,TNF receptor superfamily member 21,darkgrey,darkgrey,MC100_vs_MC1,1,1,0.000970873288426,1.1487337806289686,1.1487337806289686,MC100_vs_MC1,-1.1487337806289686,0.000970873288426,down_in_tested,0,1,module_trait;deg_fraction,True,particle_size_um,0.6222385633532057,0.0025949251469398,0.0591962437092719,0.06276791181873852,,,,-1.1487337806289686,,,,,,0.000970873288426,,,,,,down_in_tested,,,3266,205,5,MA100_vs_CTR;MA100_vs_MA1;MC100_vs_MC1;MC1_vs_CTR;MD1_vs_CTR,True,True
KLHL17,ENSG00000187961,KLHL17,KLHL17,kelch like family member 17,darkgrey,darkgrey,MD1_vs_CTR,1,1,0.00097674701607,1.1297806201954383,1.1297806201954383,MD1_vs_CTR,1.1297806201954383,0.00097674701607,up_in_tested,1,0,module_trait;deg_fraction,True,particle_size_um,0.6222385633532057,0.0025949251469398,0.0591962437092719,0.06276791181873852,,,,,,1.1297806201954383,,,,,,0.00097674701607,,,,,,up_in_tested,3266,205,5,MA100_vs_CTR;MA100_vs_MA1;MC100_vs_MC1;MC1_vs_CTR;MD1_vs_CTR,True,True
ZNF839,ENSG00000022976,ZNF839,ZNF839,zinc finger protein 839,gainsboro,gainsboro,MA100_vs_CTR;MC100_vs_MC1,2,2,0.0010071356696615,2.414291433267356,2.183494037667785,MA100_vs_CTR,2.414291433267356,0.0010071356696615,up_in_tested,1,1,deg_fraction,True,particle_size_um,-0.2764543534617769,0.2250855359964077,0.5934073221723477,0.04092526690391459,2.414291433267356,,,-1.952696642068214,,,0.0010071356696615,,,0.0059424092247661,,,up_in_tested,,,down_in_tested,,,1124,46,6,MA100_vs_CTR;MA100_vs_MA1;MA1_vs_CTR;MC100_vs_MC1;MC1_vs_CTR;MD1_vs_CTR,True,False
SLC35A5,ENSG00000138459,SLC35A5,SLC35A5,solute carrier family 35 member A5,dimgrey,dimgrey,MC1_vs_CTR,1,1,0.001045801870901,1.09133003883792,1.09133003883792,MC1_vs_CTR,-1.09133003883792,0.001045801870901,down_in_tested,0,1,deg_fraction,True,particle_size_um,-0.1867202754883608,0.4176932392721355,0.7331959097856713,0.07828998197270153,,,,,-1.09133003883792,,,,,,0.001045801870901,,,,,,down_in_tested,,3883,304,6,MA100_vs_CTR;MA100_vs_MA1;MA1_vs_CTR;MC100_vs_MC1;MC1_vs_CTR;MD1_vs_CTR,True,False
SZRD1,ENSG00000055070,SZRD1,SZRD1,SUZ RNA binding domain containing 1,gainsboro,gainsboro,MC100_vs_MC1,1,1,0.0010531188790291,2.4365428239920264,2.4365428239920264,MC100_vs_MC1,-2.4365428239920264,0.0010531188790291,down_in_tested,0,1,deg_fraction,True,particle_size_um,-0.2764543534617769,0.2250855359964077,0.5934073221723477,0.04092526690391459,,,,-2.4365428239920264,,,,,,0.0010531188790291,,,,,,down_in_tested,,,1124,46,6,MA100_vs_CTR;MA100_vs_MA1;MA1_vs_CTR;MC100_vs_MC1;MC1_vs_CTR;MD1_vs_CTR,True,False
SRR,ENSG00000167720,SRR,SRR,serine racemase,dimgrey,dimgrey,MC100_vs_MC1,1,1,0.0010686518617142,2.8154176440480563,2.8154176440480563,MC100_vs_MC1,2.8154176440480563,0.0010686518617142,up_in_tested,1,0,deg_fraction,True,particle_size_um,-0.1867202754883608,0.4176932392721355,0.7331959097856713,0.07828998197270153,,,,2.8154176440480563,,,,,,0.0010686518617142,,,,,,up_in_tested,,,3883,304,6,MA100_vs_CTR;MA100_vs_MA1;MA1_vs_CTR;MC100_vs_MC1;MC1_vs_CTR;MD1_vs_CTR,True,False
ORC3,ENSG00000135336,ORC3,ORC3,origin recognition complex subunit 3,mistyrose,mistyrose,MC100_vs_MC1,1,1,0.0011253119448313,1.1109961878239625,1.1109961878239625,MC100_vs_MC1,1.1109961878239625,0.0011253119448313,up_in_tested,1,0,deg_fraction,True,particle_size_um,-0.3310821963795141,0.142641678213067,0.5170760835223682,0.018309859154929577,,,,1.1109961878239625,,,,,,0.0011253119448313,,,,,,up_in_tested,,,2130,39,4,MA100_vs_CTR;MA100_vs_MA1;MC100_vs_MC1;MC1_vs_CTR,True,False
PDIA6,ENSG00000143870,PDIA6,PDIA6,protein disulfide isomerase family A member 6,gainsboro,gainsboro,MA100_vs_CTR;MA1_vs_CTR;MC100_vs_MC1;MC1_vs_CTR;MD1_vs_CTR,5,5,0.0011327309738097,1.705395885660778,1.351114146075781,MA100_vs_CTR,1.705395885660778,0.0011327309738097,up_in_tested,4,1,deg_fraction,True,particle_size_um,-0.2764543534617769,0.2250855359964077,0.5934073221723477,0.04092526690391459,1.705395885660778,,1.2513639264923533,-1.0627038056569855,1.3214278396151318,1.414679272953656,0.0011327309738097,,0.0439428028627358,0.0498975502425779,0.0126312509639154,0.0079006539524784,up_in_tested,,up_in_tested,down_in_tested,up_in_tested,up_in_tested,1124,46,6,MA100_vs_CTR;MA100_vs_MA1;MA1_vs_CTR;MC100_vs_MC1;MC1_vs_CTR;MD1_vs_CTR,True,False
SPIDR,ENSG00000164808,SPIDR,SPIDR,scaffold protein involved in DNA repair,mistyrose,mistyrose,MC100_vs_MC1,1,1,0.001149907798345,1.1335749892925313,1.1335749892925313,MC100_vs_MC1,1.1335749892925313,0.001149907798345,up_in_tested,1,0,deg_fraction,True,particle_size_um,-0.3310821963795141,0.142641678213067,0.5170760835223682,0.018309859154929577,,,,1.1335749892925313,,,,,,0.001149907798345,,,,,,up_in_tested,,,2130,39,4,MA100_vs_CTR;MA100_vs_MA1;MC100_vs_MC1;MC1_vs_CTR,True,False
NOP53,ENSG00000105373,NOP53,NOP53,NOP53 ribosome biogenesis factor,dimgrey,dimgrey,MC100_vs_MC1;MC1_vs_CTR,2,2,0.0011673027201194,1.3032458630740873,1.1859554158633105,MC100_vs_MC1,1.3032458630740873,0.0011673027201194,up_in_tested,1,1,deg_fraction,True,particle_size_um,-0.1867202754883608,0.4176932392721355,0.7331959097856713,0.07828998197270153,,,,1.3032458630740873,-1.0686649686525338,,,,,0.0011673027201194,0.0117463191648599,,,,,up_in_tested,down_in_tested,,3883,304,6,MA100_vs_CTR;MA100_vs_MA1;MA1_vs_CTR;MC100_vs_MC1;MC1_vs_CTR;MD1_vs_CTR,True,False
RPS2,ENSG00000140988,RPS2,RPS2,ribosomal protein S2,dimgrey,dimgrey,MC100_vs_MC1,1,1,0.0011785654375741,1.014028019697548,1.014028019697548,MC100_vs_MC1,1.014028019697548,0.0011785654375741,up_in_tested,1,0,deg_fraction,True,particle_size_um,-0.1867202754883608,0.4176932392721355,0.7331959097856713,0.07828998197270153,,,,1.014028019697548,,,,,,0.0011785654375741,,,,,,up_in_tested,,,3883,304,6,MA100_vs_CTR;MA100_vs_MA1;MA1_vs_CTR;MC100_vs_MC1;MC1_vs_CTR;MD1_vs_CTR,True,False
MFSD2B,ENSG00000205639,MFSD2B,MFSD2B,"MFSD2 lysolipid transporter B, sphingolipid",darkgrey,darkgrey,MD1_vs_CTR,1,1,0.0012093946541185,1.0445817996003477,1.0445817996003477,MD1_vs_CTR,1.0445817996003477,0.0012093946541185,up_in_tested,1,0,module_trait;deg_fraction,True,particle_size_um,0.6222385633532057,0.0025949251469398,0.0591962437092719,0.06276791181873852,,,,,,1.0445817996003477,,,,,,0.0012093946541185,,,,,,up_in_tested,3266,205,5,MA100_vs_CTR;MA100_vs_MA1;MC100_vs_MC1;MC1_vs_CTR;MD1_vs_CTR,True,True
ZNF768,ENSG00000169957,ZNF768,ZNF768,zinc finger protein 768,dimgrey,dimgrey,MC100_vs_MC1,1,1,0.0012112439691659,1.1468114920461867,1.1468114920461867,MC100_vs_MC1,-1.1468114920461867,0.0012112439691659,down_in_tested,0,1,deg_fraction,True,particle_size_um,-0.1867202754883608,0.4176932392721355,0.7331959097856713,0.07828998197270153,,,,-1.1468114920461867,,,,,,0.0012112439691659,,,,,,down_in_tested,,,3883,304,6,MA100_vs_CTR;MA100_vs_MA1;MA1_vs_CTR;MC100_vs_MC1;MC1_vs_CTR;MD1_vs_CTR,True,False
MICA,ENSG00000204520,MICA,MICA,MHC class I polypeptide-related sequence A,dimgrey,dimgrey,MC100_vs_MC1;MC1_vs_CTR,2,2,0.0013058675707661,1.5415310127398565,1.4187086378635374,MC100_vs_MC1,1.5415310127398565,0.0013058675707661,up_in_tested,1,1,deg_fraction,True,particle_size_um,-0.1867202754883608,0.4176932392721355,0.7331959097856713,0.07828998197270153,,,,1.5415310127398565,-1.2958862629872183,,,,,0.0013058675707661,0.0105593761344354,,,,,up_in_tested,down_in_tested,,3883,304,6,MA100_vs_CTR;MA100_vs_MA1;MA1_vs_CTR;MC100_vs_MC1;MC1_vs_CTR;MD1_vs_CTR,True,False
SUCLA2,ENSG00000136143,SUCLA2,SUCLA2,succinate-CoA ligase ADP-forming subunit beta,mistyrose,mistyrose,MC100_vs_MC1,1,1,0.0013090240924556,1.00673679870586,1.00673679870586,MC100_vs_MC1,1.00673679870586,0.0013090240924556,up_in_tested,1,0,deg_fraction,True,particle_size_um,-0.3310821963795141,0.142641678213067,0.5170760835223682,0.018309859154929577,,,,1.00673679870586,,,,,,0.0013090240924556,,,,,,up_in_tested,,,2130,39,4,MA100_vs_CTR;MA100_vs_MA1;MC100_vs_MC1;MC1_vs_CTR,True,False
DDIAS,ENSG00000165490,DDIAS,DDIAS,DNA damage induced apoptosis suppressor,dimgrey,dimgrey,MC100_vs_MC1;MC1_vs_CTR,2,2,0.0014216669325321,1.45552739988898,1.419589887651819,MC100_vs_MC1,1.45552739988898,0.0014216669325321,up_in_tested,1,1,deg_fraction,True,particle_size_um,-0.1867202754883608,0.4176932392721355,0.7331959097856713,0.07828998197270153,,,,1.45552739988898,-1.383652375414658,,,,,0.0014216669325321,0.0034177659386024,,,,,up_in_tested,down_in_tested,,3883,304,6,MA100_vs_CTR;MA100_vs_MA1;MA1_vs_CTR;MC100_vs_MC1;MC1_vs_CTR;MD1_vs_CTR,True,False
PDLIM2,ENSG00000120913,PDLIM2,PDLIM2,PDZ and LIM domain 2,darkgrey,darkgrey,MC100_vs_MC1,1,1,0.0016249863119158,1.2264589497735556,1.2264589497735556,MC100_vs_MC1,-1.2264589497735556,0.0016249863119158,down_in_tested,0,1,module_trait;deg_fraction,True,particle_size_um,0.6222385633532057,0.0025949251469398,0.0591962437092719,0.06276791181873852,,,,-1.2264589497735556,,,,,,0.0016249863119158,,,,,,down_in_tested,,,3266,205,5,MA100_vs_CTR;MA100_vs_MA1;MC100_vs_MC1;MC1_vs_CTR;MD1_vs_CTR,True,True
ALG11,ENSG00000253710,ALG11,ALG11,"ALG11 alpha-1,2-mannosyltransferase",gainsboro,gainsboro,MA100_vs_CTR;MC100_vs_MC1;MC1_vs_CTR;MD1_vs_CTR,4,4,0.0016877822487188,1.919742361819188,1.5844013087366933,MC1_vs_CTR,1.919742361819188,0.0016877822487188,up_in_tested,3,1,deg_fraction,True,particle_size_um,-0.2764543534617769,0.2250855359964077,0.5934073221723477,0.04092526690391459,1.7015797298194295,,,-1.581291890567469,1.919742361819188,1.134991252740687,0.0069625467141168,,,0.0098794861723117,0.0016877822487188,0.0946166135118671,up_in_tested,,,down_in_tested,up_in_tested,up_in_tested,1124,46,6,MA100_vs_CTR;MA100_vs_MA1;MA1_vs_CTR;MC100_vs_MC1;MC1_vs_CTR;MD1_vs_CTR,True,False
C19orf47,ENSG00000160392,C19orf47,C19orf47,chromosome 19 open reading frame 47,darkgrey,darkgrey,MC100_vs_MC1,1,1,0.0017010481858802,1.0169351337696195,1.0169351337696195,MC100_vs_MC1,-1.0169351337696195,0.0017010481858802,down_in_tested,0,1,module_trait;deg_fraction,True,particle_size_um,0.6222385633532057,0.0025949251469398,0.0591962437092719,0.06276791181873852,,,,-1.0169351337696195,,,,,,0.0017010481858802,,,,,,down_in_tested,,,3266,205,5,MA100_vs_CTR;MA100_vs_MA1;MC100_vs_MC1;MC1_vs_CTR;MD1_vs_CTR,True,True
CIPC,ENSG00000198894,CIPC,CIPC,CLOCK interacting pacemaker,dimgrey,dimgrey,MC100_vs_MC1;MC1_vs_CTR,2,2,0.0017194455121393,1.4279408586393714,1.260398367020552,MC100_vs_MC1,1.4279408586393714,0.0017194455121393,up_in_tested,1,1,deg_fraction,True,particle_size_um,-0.1867202754883608,0.4176932392721355,0.7331959097856713,0.07828998197270153,,,,1.4279408586393714,-1.0928558754017326,,,,,0.0017194455121393,0.024734380967974,,,,,up_in_tested,down_in_tested,,3883,304,6,MA100_vs_CTR;MA100_vs_MA1;MA1_vs_CTR;MC100_vs_MC1;MC1_vs_CTR;MD1_vs_CTR,True,False
F8A1,ENSG00000288722,F8A1,F8A1,coagulation factor VIII associated 1,dimgrey,dimgrey,MC100_vs_MC1;MC1_vs_CTR;MD1_vs_CTR,3,3,0.0017407572334375,1.3195250838256551,1.2739944234994418,MC100_vs_MC1,1.3195250838256551,0.0017407572334375,up_in_tested,1,2,deg_fraction,True,particle_size_um,-0.1867202754883608,0.4176932392721355,0.7331959097856713,0.07828998197270153,,,,1.3195250838256551,-1.2433064955147175,-1.2591516911579526,,,,0.0017407572334375,0.0043459006597111,0.0042825031184541,,,,up_in_tested,down_in_tested,down_in_tested,3883,304,6,MA100_vs_CTR;MA100_vs_MA1;MA1_vs_CTR;MC100_vs_MC1;MC1_vs_CTR;MD1_vs_CTR,True,False
RPS25,ENSG00000118181,RPS25,RPS25,ribosomal protein S25,dimgrey,dimgrey,MA100_vs_CTR;MC100_vs_MC1;MC1_vs_CTR;MD1_vs_CTR,4,4,0.0017413841933562,1.537731130320806,1.3635167298048616,MC100_vs_MC1,1.537731130320806,0.0017413841933562,up_in_tested,1,3,deg_fraction,True,particle_size_um,-0.1867202754883608,0.4176932392721355,0.7331959097856713,0.07828998197270153,-1.231038888404431,,,1.537731130320806,-1.4388104614003991,-1.2464864390938104,0.0197617445974104,,,0.0017413841933562,0.0045517988159149,0.0175400529140168,down_in_tested,,,up_in_tested,down_in_tested,down_in_tested,3883,304,6,MA100_vs_CTR;MA100_vs_MA1;MA1_vs_CTR;MC100_vs_MC1;MC1_vs_CTR;MD1_vs_CTR,True,False
KGD4,ENSG00000134056,KGD4,KGD4,alpha-ketoglutarate dehydrogenase subunit 4,dimgrey,dimgrey,MC100_vs_MC1,1,1,0.0017712135112365,1.094017832687064,1.094017832687064,MC100_vs_MC1,1.094017832687064,0.0017712135112365,up_in_tested,1,0,deg_fraction,True,particle_size_um,-0.1867202754883608,0.4176932392721355,0.7331959097856713,0.07828998197270153,,,,1.094017832687064,,,,,,0.0017712135112365,,,,,,up_in_tested,,,3883,304,6,MA100_vs_CTR;MA100_vs_MA1;MA1_vs_CTR;MC100_vs_MC1;MC1_vs_CTR;MD1_vs_CTR,True,False
ZNF14,ENSG00000105708,ZNF14,ZNF14,zinc finger protein 14,dimgrey,dimgrey,MC100_vs_MC1,1,1,0.0017807623555154,3.9823610512583225,3.9823610512583225,MC100_vs_MC1,3.9823610512583225,0.0017807623555154,up_in_tested,1,0,deg_fraction,True,particle_size_um,-0.1867202754883608,0.4176932392721355,0.7331959097856713,0.07828998197270153,,,,3.9823610512583225,,,,,,0.0017807623555154,,,,,,up_in_tested,,,3883,304,6,MA100_vs_CTR;MA100_vs_MA1;MA1_vs_CTR;MC100_vs_MC1;MC1_vs_CTR;MD1_vs_CTR,True,False
C1QBP,ENSG00000108561,C1QBP,C1QBP,complement C1q binding protein,dimgrey,dimgrey,MC100_vs_MC1,1,1,0.0018315419013693,1.090206918654148,1.090206918654148,MC100_vs_MC1,1.090206918654148,0.0018315419013693,up_in_tested,1,0,deg_fraction,True,particle_size_um,-0.1867202754883608,0.4176932392721355,0.7331959097856713,0.07828998197270153,,,,1.090206918654148,,,,,,0.0018315419013693,,,,,,up_in_tested,,,3883,304,6,MA100_vs_CTR;MA100_vs_MA1;MA1_vs_CTR;MC100_vs_MC1;MC1_vs_CTR;MD1_vs_CTR,True,False
CTSA,ENSG00000064601,CTSA,CTSA,cathepsin A,dimgrey,dimgrey,MC100_vs_MC1,1,1,0.0018421778492348,1.2828443742787266,1.2828443742787266,MC100_vs_MC1,1.2828443742787266,0.0018421778492348,up_in_tested,1,0,deg_fraction,True,particle_size_um,-0.1867202754883608,0.4176932392721355,0.7331959097856713,0.07828998197270153,,,,1.2828443742787266,,,,,,0.0018421778492348,,,,,,up_in_tested,,,3883,304,6,MA100_vs_CTR;MA100_vs_MA1;MA1_vs_CTR;MC100_vs_MC1;MC1_vs_CTR;MD1_vs_CTR,True,False
LETMD1,ENSG00000050426,LETMD1,LETMD1,LETM1 domain containing 1,dimgrey,dimgrey,MC100_vs_MC1,1,1,0.001856910597681,1.2177593706817058,1.2177593706817058,MC100_vs_MC1,1.2177593706817058,0.001856910597681,up_in_tested,1,0,deg_fraction,True,particle_size_um,-0.1867202754883608,0.4176932392721355,0.7331959097856713,0.07828998197270153,,,,1.2177593706817058,,,,,,0.001856910597681,,,,,,up_in_tested,,,3883,304,6,MA100_vs_CTR;MA100_vs_MA1;MA1_vs_CTR;MC100_vs_MC1;MC1_vs_CTR;MD1_vs_CTR,True,False
FLNA,ENSG00000196924,FLNA,FLNA,filamin A,dimgrey,dimgrey,MC100_vs_MC1,1,1,0.0018940585276069,1.3429654759213314,1.3429654759213314,MC100_vs_MC1,-1.3429654759213314,0.0018940585276069,down_in_tested,0,1,deg_fraction,True,particle_size_um,-0.1867202754883608,0.4176932392721355,0.7331959097856713,0.07828998197270153,,,,-1.3429654759213314,,,,,,0.0018940585276069,,,,,,down_in_tested,,,3883,304,6,MA100_vs_CTR;MA100_vs_MA1;MA1_vs_CTR;MC100_vs_MC1;MC1_vs_CTR;MD1_vs_CTR,True,False
ZNF205,ENSG00000122386,ZNF205,ZNF205,zinc finger protein 205,darkgrey,darkgrey,MC100_vs_MC1,1,1,0.0019030152677958,1.5406618411284594,1.5406618411284594,MC100_vs_MC1,-1.5406618411284594,0.0019030152677958,down_in_tested,0,1,module_trait;deg_fraction,True,particle_size_um,0.6222385633532057,0.0025949251469398,0.0591962437092719,0.06276791181873852,,,,-1.5406618411284594,,,,,,0.0019030152677958,,,,,,down_in_tested,,,3266,205,5,MA100_vs_CTR;MA100_vs_MA1;MC100_vs_MC1;MC1_vs_CTR;MD1_vs_CTR,True,True
TMEM203,ENSG00000187713,TMEM203,TMEM203,transmembrane protein 203,dimgrey,dimgrey,MC100_vs_MC1,1,1,0.0019074427062057,1.223954358901043,1.223954358901043,MC100_vs_MC1,1.223954358901043,0.0019074427062057,up_in_tested,1,0,deg_fraction,True,particle_size_um,-0.1867202754883608,0.4176932392721355,0.7331959097856713,0.07828998197270153,,,,1.223954358901043,,,,,,0.0019074427062057,,,,,,up_in_tested,,,3883,304,6,MA100_vs_CTR;MA100_vs_MA1;MA1_vs_CTR;MC100_vs_MC1;MC1_vs_CTR;MD1_vs_CTR,True,False
DHX38,ENSG00000140829,DHX38,DHX38,DEAH-box helicase 38,gainsboro,gainsboro,MA100_vs_CTR,1,1,0.0019297535674905,1.7089061256664406,1.7089061256664406,MA100_vs_CTR,1.7089061256664406,0.0019297535674905,up_in_tested,1,0,deg_fraction,True,particle_size_um,-0.2764543534617769,0.2250855359964077,0.5934073221723477,0.04092526690391459,1.7089061256664406,,,,,,0.0019297535674905,,,,,,up_in_tested,,,,,,1124,46,6,MA100_vs_CTR;MA100_vs_MA1;MA1_vs_CTR;MC100_vs_MC1;MC1_vs_CTR;MD1_vs_CTR,True,False
AP2A2,ENSG00000183020,AP2A2,AP2A2,adaptor related protein complex 2 subunit alpha 2,dimgrey,dimgrey,MC100_vs_MC1,1,1,0.0019723419241505,1.600468570344064,1.600468570344064,MC100_vs_MC1,1.600468570344064,0.0019723419241505,up_in_tested,1,0,deg_fraction,True,particle_size_um,-0.1867202754883608,0.4176932392721355,0.7331959097856713,0.07828998197270153,,,,1.600468570344064,,,,,,0.0019723419241505,,,,,,up_in_tested,,,3883,304,6,MA100_vs_CTR;MA100_vs_MA1;MA1_vs_CTR;MC100_vs_MC1;MC1_vs_CTR;MD1_vs_CTR,True,False
STEEP1,ENSG00000018610,STEEP1,STEEP1,STING1 ER exit protein 1,dimgrey,dimgrey,MA100_vs_CTR,1,1,0.0019850853595453,1.0654297066008376,1.0654297066008376,MA100_vs_CTR,-1.0654297066008376,0.0019850853595453,down_in_tested,0,1,deg_fraction,True,particle_size_um,-0.1867202754883608,0.4176932392721355,0.7331959097856713,0.07828998197270153,-1.0654297066008376,,,,,,0.0019850853595453,,,,,,down_in_tested,,,,,,3883,304,6,MA100_vs_CTR;MA100_vs_MA1;MA1_vs_CTR;MC100_vs_MC1;MC1_vs_CTR;MD1_vs_CTR,True,False
COL6A2,ENSG00000142173,COL6A2,COL6A2,collagen type VI alpha 2 chain,darkgrey,darkgrey,MC100_vs_MC1,1,1,0.0019921848561962,1.112228233617832,1.112228233617832,MC100_vs_MC1,-1.112228233617832,0.0019921848561962,down_in_tested,0,1,module_trait;deg_fraction,True,particle_size_um,0.6222385633532057,0.0025949251469398,0.0591962437092719,0.06276791181873852,,,,-1.112228233617832,,,,,,0.0019921848561962,,,,,,down_in_tested,,,3266,205,5,MA100_vs_CTR;MA100_vs_MA1;MC100_vs_MC1;MC1_vs_CTR;MD1_vs_CTR,True,True
SNRK,ENSG00000163788,SNRK,SNRK,SNF related kinase,dimgrey,dimgrey,MA100_vs_CTR,1,1,0.0020057270648327,1.0996398504976104,1.0996398504976104,MA100_vs_CTR,-1.0996398504976104,0.0020057270648327,down_in_tested,0,1,deg_fraction,True,particle_size_um,-0.1867202754883608,0.4176932392721355,0.7331959097856713,0.07828998197270153,-1.0996398504976104,,,,,,0.0020057270648327,,,,,,down_in_tested,,,,,,3883,304,6,MA100_vs_CTR;MA100_vs_MA1;MA1_vs_CTR;MC100_vs_MC1;MC1_vs_CTR;MD1_vs_CTR,True,False
FAM53C,ENSG00000120709,FAM53C,FAM53C,family with sequence similarity 53 member C,darkgrey,darkgrey,MC100_vs_MC1,1,1,0.0020288486960646,1.014138312919743,1.014138312919743,MC100_vs_MC1,-1.014138312919743,0.0020288486960646,down_in_tested,0,1,module_trait;deg_fraction,True,particle_size_um,0.6222385633532057,0.0025949251469398,0.0591962437092719,0.06276791181873852,,,,-1.014138312919743,,,,,,0.0020288486960646,,,,,,down_in_tested,,,3266,205,5,MA100_vs_CTR;MA100_vs_MA1;MC100_vs_MC1;MC1_vs_CTR;MD1_vs_CTR,True,True
LCE3D,ENSG00000163202,LCE3D,LCE3D,late cornified envelope 3D,dimgrey,dimgrey,MA100_vs_CTR;MD1_vs_CTR,2,2,0.0020705573851054,1.5195475224232486,1.3536851927483249,MA100_vs_CTR,-1.5195475224232486,0.0020705573851054,down_in_tested,0,2,deg_fraction,True,particle_size_um,-0.1867202754883608,0.4176932392721355,0.7331959097856713,0.07828998197270153,-1.5195475224232486,,,,,-1.187822863073401,0.0020705573851054,,,,,0.0185946644678779,down_in_tested,,,,,down_in_tested,3883,304,6,MA100_vs_CTR;MA100_vs_MA1;MA1_vs_CTR;MC100_vs_MC1;MC1_vs_CTR;MD1_vs_CTR,True,False
FAM171A2,ENSG00000161682,FAM171A2,FAM171A2,family with sequence similarity 171 member A2,darkgrey,darkgrey,MC100_vs_MC1;MC1_vs_CTR,2,2,0.0020920276901753,1.4055766815492692,1.2599428705132671,MC100_vs_MC1,-1.4055766815492692,0.0020920276901753,down_in_tested,1,1,module_trait;deg_fraction,True,particle_size_um,0.6222385633532057,0.0025949251469398,0.0591962437092719,0.06276791181873852,,,,-1.4055766815492692,1.114309059477265,,,,,0.0020920276901753,0.0204101424989842,,,,,down_in_tested,up_in_tested,,3266,205,5,MA100_vs_CTR;MA100_vs_MA1;MC100_vs_MC1;MC1_vs_CTR;MD1_vs_CTR,True,True
NDUFA6,ENSG00000184983,NDUFA6,NDUFA6,NADH:ubiquinone oxidoreductase subunit A6,dimgrey,dimgrey,MA100_vs_CTR;MC100_vs_MC1;MC1_vs_CTR;MD1_vs_CTR,4,4,0.0021037957048891,1.401675032642171,1.299613004559157,MD1_vs_CTR,-1.401675032642171,0.0021037957048891,down_in_tested,1,3,deg_fraction,True,particle_size_um,-0.1867202754883608,0.4176932392721355,0.7331959097856713,0.07828998197270153,-1.301824233992298,,,1.2226036526654809,-1.2723490989366777,-1.401675032642171,0.00470324247459,,,0.006365245128201,0.0050891512432438,0.0021037957048891,down_in_tested,,,up_in_tested,down_in_tested,down_in_tested,3883,304,6,MA100_vs_CTR;MA100_vs_MA1;MA1_vs_CTR;MC100_vs_MC1;MC1_vs_CTR;MD1_vs_CTR,True,False
LRRC23,ENSG00000010626,LRRC23,LRRC23,leucine rich repeat containing 23,darkgrey,darkgrey,MC100_vs_MC1,1,1,0.0021071854249956,1.4768121279363635,1.4768121279363635,MC100_vs_MC1,-1.4768121279363635,0.0021071854249956,down_in_tested,0,1,module_trait;deg_fraction,True,particle_size_um,0.6222385633532057,0.0025949251469398,0.0591962437092719,0.06276791181873852,,,,-1.4768121279363635,,,,,,0.0021071854249956,,,,,,down_in_tested,,,3266,205,5,MA100_vs_CTR;MA100_vs_MA1;MC100_vs_MC1;MC1_vs_CTR;MD1_vs_CTR,True,True
MAP1LC3A,ENSG00000101460,MAP1LC3A,MAP1LC3A,microtubule associated protein 1 light chain 3 alpha,darkgrey,darkgrey,MC1_vs_CTR,1,1,0.0021407499371746,1.1406061689066231,1.1406061689066231,MC1_vs_CTR,1.1406061689066231,0.0021407499371746,up_in_tested,1,0,module_trait;deg_fraction,True,particle_size_um,0.6222385633532057,0.0025949251469398,0.0591962437092719,0.06276791181873852,,,,,1.1406061689066231,,,,,,0.0021407499371746,,,,,,up_in_tested,,3266,205,5,MA100_vs_CTR;MA100_vs_MA1;MC100_vs_MC1;MC1_vs_CTR;MD1_vs_CTR,True,True
BICRAL,ENSG00000112624,BICRAL,BICRAL,BICRA like chromatin remodeling complex associated protein,darkgrey,darkgrey,MA100_vs_CTR;MD1_vs_CTR,2,2,0.0021719448911796,1.292808515000836,1.1926360610721038,MD1_vs_CTR,1.292808515000836,0.0021719448911796,up_in_tested,2,0,module_trait;deg_fraction,True,particle_size_um,0.6222385633532057,0.0025949251469398,0.0591962437092719,0.06276791181873852,1.0924636071433718,,,,,1.292808515000836,0.01176529811799,,,,,0.0021719448911796,up_in_tested,,,,,up_in_tested,3266,205,5,MA100_vs_CTR;MA100_vs_MA1;MC100_vs_MC1;MC1_vs_CTR;MD1_vs_CTR,True,True
EXOC6,ENSG00000138190,EXOC6,EXOC6,exocyst complex component 6,dimgrey,dimgrey,MA100_vs_CTR,1,1,0.0022674734452725,1.232562395971449,1.232562395971449,MA100_vs_CTR,-1.232562395971449,0.0022674734452725,down_in_tested,0,1,deg_fraction,True,particle_size_um,-0.1867202754883608,0.4176932392721355,0.7331959097856713,0.07828998197270153,-1.232562395971449,,,,,,0.0022674734452725,,,,,,down_in_tested,,,,,,3883,304,6,MA100_vs_CTR;MA100_vs_MA1;MA1_vs_CTR;MC100_vs_MC1;MC1_vs_CTR;MD1_vs_CTR,True,False
NEFM,ENSG00000104722,NEFM,NEFM,neurofilament medium chain,gainsboro,gainsboro,MD1_vs_CTR,1,1,0.0023263071075198,1.0350014484839247,1.0350014484839247,MD1_vs_CTR,-1.0350014484839247,0.0023263071075198,down_in_tested,0,1,deg_fraction,True,particle_size_um,-0.2764543534617769,0.2250855359964077,0.5934073221723477,0.04092526690391459,,,,,,-1.0350014484839247,,,,,,0.0023263071075198,,,,,,down_in_tested,1124,46,6,MA100_vs_CTR;MA100_vs_MA1;MA1_vs_CTR;MC100_vs_MC1;MC1_vs_CTR;MD1_vs_CTR,True,False
RBIS,ENSG00000176731,RBIS,RBIS,ribosomal biogenesis factor,dimgrey,dimgrey,MA100_vs_CTR;MC100_vs_MC1;MC1_vs_CTR,3,3,0.0023450140298286,1.3617808391962272,1.166925875055928,MC100_vs_MC1,1.3617808391962272,0.0023450140298286,up_in_tested,1,2,deg_fraction,True,particle_size_um,-0.1867202754883608,0.4176932392721355,0.7331959097856713,0.07828998197270153,-1.036067268759396,,,1.3617808391962272,-1.1029295172121605,,0.0333721907348795,,,0.0023450140298286,0.0198475197019514,,down_in_tested,,,up_in_tested,down_in_tested,,3883,304,6,MA100_vs_CTR;MA100_vs_MA1;MA1_vs_CTR;MC100_vs_MC1;MC1_vs_CTR;MD1_vs_CTR,True,False
KRT18,ENSG00000111057,KRT18,KRT18,keratin 18,dimgrey,dimgrey,MC100_vs_MC1,1,1,0.0023643099164362,1.0736573901318254,1.0736573901318254,MC100_vs_MC1,1.0736573901318254,0.0023643099164362,up_in_tested,1,0,deg_fraction,True,particle_size_um,-0.1867202754883608,0.4176932392721355,0.7331959097856713,0.07828998197270153,,,,1.0736573901318254,,,,,,0.0023643099164362,,,,,,up_in_tested,,,3883,304,6,MA100_vs_CTR;MA100_vs_MA1;MA1_vs_CTR;MC100_vs_MC1;MC1_vs_CTR;MD1_vs_CTR,True,False
ZNF469,ENSG00000225614,ZNF469,ZNF469,zinc finger protein 469,dimgrey,dimgrey,MD1_vs_CTR,1,1,0.002415747602598,1.1199838042118206,1.1199838042118206,MD1_vs_CTR,1.1199838042118206,0.002415747602598,up_in_tested,1,0,deg_fraction,True,particle_size_um,-0.1867202754883608,0.4176932392721355,0.7331959097856713,0.07828998197270153,,,,,,1.1199838042118206,,,,,,0.002415747602598,,,,,,up_in_tested,3883,304,6,MA100_vs_CTR;MA100_vs_MA1;MA1_vs_CTR;MC100_vs_MC1;MC1_vs_CTR;MD1_vs_CTR,True,False
MBIP,ENSG00000151332,MBIP,MBIP,MAP3K12 binding inhibitory protein 1,mistyrose,mistyrose,MC100_vs_MC1;MC1_vs_CTR,2,2,0.0024330638997808,1.7737520341070376,1.5392780691719854,MC100_vs_MC1,1.7737520341070376,0.0024330638997808,up_in_tested,1,1,deg_fraction,True,particle_size_um,-0.3310821963795141,0.142641678213067,0.5170760835223682,0.018309859154929577,,,,1.7737520341070376,-1.3048041042369332,,,,,0.0024330638997808,0.0382488839516836,,,,,up_in_tested,down_in_tested,,2130,39,4,MA100_vs_CTR;MA100_vs_MA1;MC100_vs_MC1;MC1_vs_CTR,True,False
MCTS1,ENSG00000232119,MCTS1,MCTS1,MCTS1 re-initiation and release factor,dimgrey,dimgrey,MA100_vs_CTR,1,1,0.0024942744146898,1.2580330219269278,1.2580330219269278,MA100_vs_CTR,-1.2580330219269278,0.0024942744146898,down_in_tested,0,1,deg_fraction,True,particle_size_um,-0.1867202754883608,0.4176932392721355,0.7331959097856713,0.07828998197270153,-1.2580330219269278,,,,,,0.0024942744146898,,,,,,down_in_tested,,,,,,3883,304,6,MA100_vs_CTR;MA100_vs_MA1;MA1_vs_CTR;MC100_vs_MC1;MC1_vs_CTR;MD1_vs_CTR,True,False
PLP2,ENSG00000102007,PLP2,PLP2,proteolipid protein 2,dimgrey,dimgrey,MC100_vs_MC1,1,1,0.0025072583676136,2.0113726173986013,2.0113726173986013,MC100_vs_MC1,2.0113726173986013,0.0025072583676136,up_in_tested,1,0,deg_fraction,True,particle_size_um,-0.1867202754883608,0.4176932392721355,0.7331959097856713,0.07828998197270153,,,,2.0113726173986013,,,,,,0.0025072583676136,,,,,,up_in_tested,,,3883,304,6,MA100_vs_CTR;MA100_vs_MA1;MA1_vs_CTR;MC100_vs_MC1;MC1_vs_CTR;MD1_vs_CTR,True,False
ELMOD2,ENSG00000179387,ELMOD2,ELMOD2,ELMO domain containing 2,dimgrey,dimgrey,MA100_vs_CTR,1,1,0.0025130843040793,1.0292408663488892,1.0292408663488892,MA100_vs_CTR,-1.0292408663488892,0.0025130843040793,down_in_tested,0,1,deg_fraction,True,particle_size_um,-0.1867202754883608,0.4176932392721355,0.7331959097856713,0.07828998197270153,-1.0292408663488892,,,,,,0.0025130843040793,,,,,,down_in_tested,,,,,,3883,304,6,MA100_vs_CTR;MA100_vs_MA1;MA1_vs_CTR;MC100_vs_MC1;MC1_vs_CTR;MD1_vs_CTR,True,False
CARD16,ENSG00000204397,CARD16,CARD16,caspase recruitment domain family member 16,dimgrey,dimgrey,MA100_vs_CTR,1,1,0.0025167830557199,1.2214050519238424,1.2214050519238424,MA100_vs_CTR,-1.2214050519238424,0.0025167830557199,down_in_tested,0,1,deg_fraction,True,particle_size_um,-0.1867202754883608,0.4176932392721355,0.7331959097856713,0.07828998197270153,-1.2214050519238424,,,,,,0.0025167830557199,,,,,,down_in_tested,,,,,,3883,304,6,MA100_vs_CTR;MA100_vs_MA1;MA1_vs_CTR;MC100_vs_MC1;MC1_vs_CTR;MD1_vs_CTR,True,False
ZNF414,ENSG00000133250,ZNF414,ZNF414,zinc finger protein 414,darkgrey,darkgrey,MC100_vs_MC1,1,1,0.0025293051096236,1.1509721515086195,1.1509721515086195,MC100_vs_MC1,-1.1509721515086195,0.0025293051096236,down_in_tested,0,1,module_trait;deg_fraction,True,particle_size_um,0.6222385633532057,0.0025949251469398,0.0591962437092719,0.06276791181873852,,,,-1.1509721515086195,,,,,,0.0025293051096236,,,,,,down_in_tested,,,3266,205,5,MA100_vs_CTR;MA100_vs_MA1;MC100_vs_MC1;MC1_vs_CTR;MD1_vs_CTR,True,True
NT5DC2,ENSG00000168268,NT5DC2,NT5DC2,5'-nucleotidase domain containing 2,dimgrey,dimgrey,MC100_vs_MC1,1,1,0.002576900357217,1.0808248454858247,1.0808248454858247,MC100_vs_MC1,1.0808248454858247,0.002576900357217,up_in_tested,1,0,deg_fraction,True,particle_size_um,-0.1867202754883608,0.4176932392721355,0.7331959097856713,0.07828998197270153,,,,1.0808248454858247,,,,,,0.002576900357217,,,,,,up_in_tested,,,3883,304,6,MA100_vs_CTR;MA100_vs_MA1;MA1_vs_CTR;MC100_vs_MC1;MC1_vs_CTR;MD1_vs_CTR,True,False
GXYLT2,ENSG00000172986,GXYLT2,GXYLT2,glucoside xylosyltransferase 2,dimgrey,dimgrey,MA100_vs_CTR,1,1,0.0025814008123279,1.1907068964319514,1.1907068964319514,MA100_vs_CTR,1.1907068964319514,0.0025814008123279,up_in_tested,1,0,deg_fraction,True,particle_size_um,-0.1867202754883608,0.4176932392721355,0.7331959097856713,0.07828998197270153,1.1907068964319514,,,,,,0.0025814008123279,,,,,,up_in_tested,,,,,,3883,304,6,MA100_vs_CTR;MA100_vs_MA1;MA1_vs_CTR;MC100_vs_MC1;MC1_vs_CTR;MD1_vs_CTR,True,False
LDB1,ENSG00000198728,LDB1,LDB1,LIM domain binding 1,darkgrey,darkgrey,MA100_vs_CTR,1,1,0.0026414521596182,1.0166298333079036,1.0166298333079036,MA100_vs_CTR,1.0166298333079036,0.0026414521596182,up_in_tested,1,0,module_trait;deg_fraction,True,particle_size_um,0.6222385633532057,0.0025949251469398,0.0591962437092719,0.06276791181873852,1.0166298333079036,,,,,,0.0026414521596182,,,,,,up_in_tested,,,,,,3266,205,5,MA100_vs_CTR;MA100_vs_MA1;MC100_vs_MC1;MC1_vs_CTR;MD1_vs_CTR,True,True
RPL26,ENSG00000161970,RPL26,RPL26,ribosomal protein L26,dimgrey,dimgrey,MA100_vs_CTR;MC1_vs_CTR;MD1_vs_CTR,3,3,0.0026811067042509,1.3342681981798294,1.2430545861898394,MD1_vs_CTR,-1.3342681981798294,0.0026811067042509,down_in_tested,0,3,deg_fraction,True,particle_size_um,-0.1867202754883608,0.4176932392721355,0.7331959097856713,0.07828998197270153,-1.2528550360177575,,,,-1.1420405243719316,-1.3342681981798294,0.005309478717648,,,,0.0108396233044129,0.0026811067042509,down_in_tested,,,,down_in_tested,down_in_tested,3883,304,6,MA100_vs_CTR;MA100_vs_MA1;MA1_vs_CTR;MC100_vs_MC1;MC1_vs_CTR;MD1_vs_CTR,True,False
APEX1,ENSG00000100823,APEX1,APEX1,apurinic/apyrimidinic endodeoxyribonuclease 1,dimgrey,dimgrey,MA100_vs_CTR;MC1_vs_CTR;MD1_vs_CTR,3,3,0.0028374364113854,1.939492294054702,1.7215838664659087,MD1_vs_CTR,1.939492294054702,0.0028374364113854,up_in_tested,3,0,deg_fraction,True,particle_size_um,-0.1867202754883608,0.4176932392721355,0.7331959097856713,0.07828998197270153,1.6573344827119056,,,,1.5679248226311182,1.939492294054702,0.0128386167879907,,,,0.0179245757161089,0.0028374364113854,up_in_tested,,,,up_in_tested,up_in_tested,3883,304,6,MA100_vs_CTR;MA100_vs_MA1;MA1_vs_CTR;MC100_vs_MC1;MC1_vs_CTR;MD1_vs_CTR,True,False
FKBP1C,ENSG00000198225,FKBP1C,FKBP1C,FKBP prolyl isomerase family member 1C,dimgrey,dimgrey,MC100_vs_MC1,1,1,0.00290588711428,1.159157252387072,1.159157252387072,MC100_vs_MC1,-1.159157252387072,0.00290588711428,down_in_tested,0,1,deg_fraction,True,particle_size_um,-0.1867202754883608,0.4176932392721355,0.7331959097856713,0.07828998197270153,,,,-1.159157252387072,,,,,,0.00290588711428,,,,,,down_in_tested,,,3883,304,6,MA100_vs_CTR;MA100_vs_MA1;MA1_vs_CTR;MC100_vs_MC1;MC1_vs_CTR;MD1_vs_CTR,True,False
UCP2,ENSG00000175567,UCP2,UCP2,uncoupling protein 2,darkgrey,darkgrey,MD1_vs_CTR,1,1,0.002920634451303,1.184694842356638,1.184694842356638,MD1_vs_CTR,-1.184694842356638,0.002920634451303,down_in_tested,0,1,module_trait;deg_fraction,True,particle_size_um,0.6222385633532057,0.0025949251469398,0.0591962437092719,0.06276791181873852,,,,,,-1.184694842356638,,,,,,0.002920634451303,,,,,,down_in_tested,3266,205,5,MA100_vs_CTR;MA100_vs_MA1;MC100_vs_MC1;MC1_vs_CTR;MD1_vs_CTR,True,True
MXI1,ENSG00000119950,MXI1,MXI1,"MAX interactor 1, dimerization protein",gainsboro,gainsboro,MA100_vs_CTR,1,1,0.0029521323197064,1.031680524510055,1.031680524510055,MA100_vs_CTR,1.031680524510055,0.0029521323197064,up_in_tested,1,0,deg_fraction,True,particle_size_um,-0.2764543534617769,0.2250855359964077,0.5934073221723477,0.04092526690391459,1.031680524510055,,,,,,0.0029521323197064,,,,,,up_in_tested,,,,,,1124,46,6,MA100_vs_CTR;MA100_vs_MA1;MA1_vs_CTR;MC100_vs_MC1;MC1_vs_CTR;MD1_vs_CTR,True,False
PLCE1,ENSG00000138193,PLCE1,PLCE1,phospholipase C epsilon 1,darkgrey,darkgrey,MA100_vs_CTR;MD1_vs_CTR,2,2,0.0029709943560349,1.130675079375864,1.070738981460726,MA100_vs_CTR,1.130675079375864,0.0029709943560349,up_in_tested,2,0,module_trait;deg_fraction,True,particle_size_um,0.6222385633532057,0.0025949251469398,0.0591962437092719,0.06276791181873852,1.130675079375864,,,,,1.0108028835455878,0.0029709943560349,,,,,0.0087678113840967,up_in_tested,,,,,up_in_tested,3266,205,5,MA100_vs_CTR;MA100_vs_MA1;MC100_vs_MC1;MC1_vs_CTR;MD1_vs_CTR,True,True
GPR37,ENSG00000170775,GPR37,GPR37,G protein-coupled receptor 37,darkgrey,darkgrey,MA100_vs_CTR;MD1_vs_CTR,2,2,0.0030656656391828,1.1655743831615468,1.0869977945183749,MA100_vs_CTR,1.1655743831615468,0.0030656656391828,up_in_tested,2,0,module_trait;deg_fraction,True,particle_size_um,0.6222385633532057,0.0025949251469398,0.0591962437092719,0.06276791181873852,1.1655743831615468,,,,,1.0084212058752031,0.0030656656391828,,,,,0.011676348677839,up_in_tested,,,,,up_in_tested,3266,205,5,MA100_vs_CTR;MA100_vs_MA1;MC100_vs_MC1;MC1_vs_CTR;MD1_vs_CTR,True,True
SURF2,ENSG00000148291,SURF2,SURF2,surfeit 2,dimgrey,dimgrey,MA100_vs_CTR;MC1_vs_CTR,2,2,0.0030827251202026,1.1950000206613247,1.1439382030256162,MA100_vs_CTR,-1.1950000206613247,0.0030827251202026,down_in_tested,0,2,deg_fraction,True,particle_size_um,-0.1867202754883608,0.4176932392721355,0.7331959097856713,0.07828998197270153,-1.1950000206613247,,,,-1.092876385389908,,0.0030827251202026,,,,0.0060930755511908,,down_in_tested,,,,down_in_tested,,3883,304,6,MA100_vs_CTR;MA100_vs_MA1;MA1_vs_CTR;MC100_vs_MC1;MC1_vs_CTR;MD1_vs_CTR,True,False
CLIC1,ENSG00000213719,CLIC1,CLIC1,CLIC family member 1,dimgrey,dimgrey,MC100_vs_MC1,1,1,0.0031146682845863,1.389766721688111,1.389766721688111,MC100_vs_MC1,1.389766721688111,0.0031146682845863,up_in_tested,1,0,deg_fraction,True,particle_size_um,-0.1867202754883608,0.4176932392721355,0.7331959097856713,0.07828998197270153,,,,1.389766721688111,,,,,,0.0031146682845863,,,,,,up_in_tested,,,3883,304,6,MA100_vs_CTR;MA100_vs_MA1;MA1_vs_CTR;MC100_vs_MC1;MC1_vs_CTR;MD1_vs_CTR,True,False
SMAP1,ENSG00000112305,SMAP1,SMAP1,small ArfGAP 1,dimgrey,dimgrey,MD1_vs_CTR,1,1,0.0033736833369988,1.0098939598596894,1.0098939598596894,MD1_vs_CTR,-1.0098939598596894,0.0033736833369988,down_in_tested,0,1,deg_fraction,True,particle_size_um,-0.1867202754883608,0.4176932392721355,0.7331959097856713,0.07828998197270153,,,,,,-1.0098939598596894,,,,,,0.0033736833369988,,,,,,down_in_tested,3883,304,6,MA100_vs_CTR;MA100_vs_MA1;MA1_vs_CTR;MC100_vs_MC1;MC1_vs_CTR;MD1_vs_CTR,True,False
FZD1,ENSG00000157240,FZD1,FZD1,frizzled class receptor 1,mistyrose,mistyrose,MC100_vs_MC1;MC1_vs_CTR,2,2,0.0033791391863727,1.2172721632321029,1.1261798105926695,MC100_vs_MC1,1.2172721632321029,0.0033791391863727,up_in_tested,1,1,deg_fraction,True,particle_size_um,-0.3310821963795141,0.142641678213067,0.5170760835223682,0.018309859154929577,,,,1.2172721632321029,-1.035087457953236,,,,,0.0033791391863727,0.0176628155336651,,,,,up_in_tested,down_in_tested,,2130,39,4,MA100_vs_CTR;MA100_vs_MA1;MC100_vs_MC1;MC1_vs_CTR,True,False
PHETA1,ENSG00000198324,PHETA1,PHETA1,PH domain containing endocytic trafficking adaptor 1,darkgrey,darkgrey,MC100_vs_MC1;MC1_vs_CTR;MD1_vs_CTR,3,3,0.003390627059391,1.399127102758499,1.2342043567421355,MC100_vs_MC1,-1.399127102758499,0.003390627059391,down_in_tested,2,1,module_trait;deg_fraction,True,particle_size_um,0.6222385633532057,0.0025949251469398,0.0591962437092719,0.06276791181873852,,,,-1.399127102758499,1.2601659855868084,1.0433199818810988,,,,0.003390627059391,0.0108945895344947,0.0455766740573837,,,,down_in_tested,up_in_tested,up_in_tested,3266,205,5,MA100_vs_CTR;MA100_vs_MA1;MC100_vs_MC1;MC1_vs_CTR;MD1_vs_CTR,True,True
SLC7A6,ENSG00000103064,SLC7A6,SLC7A6,solute carrier family 7 member 6,dimgrey,dimgrey,MA100_vs_CTR;MA100_vs_MA1,2,2,0.0035042606653066,1.2805233608186952,1.2795839913994862,MA100_vs_CTR,-1.2805233608186952,0.0035042606653066,down_in_tested,0,2,deg_fraction,True,particle_size_um,-0.1867202754883608,0.4176932392721355,0.7331959097856713,0.07828998197270153,-1.2805233608186952,-1.2786446219802772,,,,,0.0035042606653066,0.0208002620168751,,,,,down_in_tested,down_in_tested,,,,,3883,304,6,MA100_vs_CTR;MA100_vs_MA1;MA1_vs_CTR;MC100_vs_MC1;MC1_vs_CTR;MD1_vs_CTR,True,False
RIOX1,ENSG00000170468,RIOX1,RIOX1,ribosomal oxygenase 1,darkgrey,darkgrey,MC100_vs_MC1,1,1,0.0035559854937908,1.0387723810793488,1.0387723810793488,MC100_vs_MC1,-1.0387723810793488,0.0035559854937908,down_in_tested,0,1,module_trait;deg_fraction,True,particle_size_um,0.6222385633532057,0.0025949251469398,0.0591962437092719,0.06276791181873852,,,,-1.0387723810793488,,,,,,0.0035559854937908,,,,,,down_in_tested,,,3266,205,5,MA100_vs_CTR;MA100_vs_MA1;MC100_vs_MC1;MC1_vs_CTR;MD1_vs_CTR,True,True
IL13RA2,ENSG00000123496,IL13RA2,IL13RA2,interleukin 13 receptor subunit alpha 2,dimgrey,dimgrey,MA100_vs_CTR;MC100_vs_MC1;MC1_vs_CTR,3,3,0.0035920904892098,1.4952133108580286,1.2645025838109953,MA100_vs_CTR,-1.4952133108580286,0.0035920904892098,down_in_tested,1,2,deg_fraction,True,particle_size_um,-0.1867202754883608,0.4176932392721355,0.7331959097856713,0.07828998197270153,-1.4952133108580286,,,1.0512470161449436,-1.2470474244300136,,0.0035920904892098,,,0.0441378744039819,0.015312064506061,,down_in_tested,,,up_in_tested,down_in_tested,,3883,304,6,MA100_vs_CTR;MA100_vs_MA1;MA1_vs_CTR;MC100_vs_MC1;MC1_vs_CTR;MD1_vs_CTR,True,False
PSMC4,ENSG00000013275,PSMC4,PSMC4,"proteasome 26S subunit, ATPase 4",dimgrey,dimgrey,MC100_vs_MC1,1,1,0.003725009198365,1.1072971403804746,1.1072971403804746,MC100_vs_MC1,1.1072971403804746,0.003725009198365,up_in_tested,1,0,deg_fraction,True,particle_size_um,-0.1867202754883608,0.4176932392721355,0.7331959097856713,0.07828998197270153,,,,1.1072971403804746,,,,,,0.003725009198365,,,,,,up_in_tested,,,3883,304,6,MA100_vs_CTR;MA100_vs_MA1;MA1_vs_CTR;MC100_vs_MC1;MC1_vs_CTR;MD1_vs_CTR,True,False
AKTIP,ENSG00000166971,AKTIP,AKTIP,AKT interacting protein,dimgrey,dimgrey,MC100_vs_MC1,1,1,0.0037453046766434,2.001939957315708,2.001939957315708,MC100_vs_MC1,2.001939957315708,0.0037453046766434,up_in_tested,1,0,deg_fraction,True,particle_size_um,-0.1867202754883608,0.4176932392721355,0.7331959097856713,0.07828998197270153,,,,2.001939957315708,,,,,,0.0037453046766434,,,,,,up_in_tested,,,3883,304,6,MA100_vs_CTR;MA100_vs_MA1;MA1_vs_CTR;MC100_vs_MC1;MC1_vs_CTR;MD1_vs_CTR,True,False
CEPT1,ENSG00000134255,CEPT1,CEPT1,choline/ethanolamine phosphotransferase 1,gainsboro,gainsboro,MA100_vs_CTR;MC100_vs_MC1;MC1_vs_CTR,3,3,0.0037848954795788,1.19577883288882,1.1367419015123383,MA100_vs_CTR,1.19577883288882,0.0050594791523146,up_in_tested,2,1,deg_fraction,True,particle_size_um,-0.2764543534617769,0.2250855359964077,0.5934073221723477,0.04092526690391459,1.19577883288882,,,-1.19117462838843,1.0232722432597652,,0.0050594791523146,,,0.0037848954795788,0.0173488158159479,,up_in_tested,,,down_in_tested,up_in_tested,,1124,46,6,MA100_vs_CTR;MA100_vs_MA1;MA1_vs_CTR;MC100_vs_MC1;MC1_vs_CTR;MD1_vs_CTR,True,False
SMIM20,ENSG00000250317,SMIM20,SMIM20,small integral membrane protein 20,dimgrey,dimgrey,MA100_vs_CTR,1,1,0.0038634378471307,1.087326545014229,1.087326545014229,MA100_vs_CTR,-1.087326545014229,0.0038634378471307,down_in_tested,0,1,deg_fraction,True,particle_size_um,-0.1867202754883608,0.4176932392721355,0.7331959097856713,0.07828998197270153,-1.087326545014229,,,,,,0.0038634378471307,,,,,,down_in_tested,,,,,,3883,304,6,MA100_vs_CTR;MA100_vs_MA1;MA1_vs_CTR;MC100_vs_MC1;MC1_vs_CTR;MD1_vs_CTR,True,False
ATP6V0E2,ENSG00000171130,ATP6V0E2,ATP6V0E2,ATPase H+ transporting V0 subunit e2,darkgrey,darkgrey,MC100_vs_MC1,1,1,0.0039000503429614,1.352692298557579,1.352692298557579,MC100_vs_MC1,-1.352692298557579,0.0039000503429614,down_in_tested,0,1,module_trait;deg_fraction,True,particle_size_um,0.6222385633532057,0.0025949251469398,0.0591962437092719,0.06276791181873852,,,,-1.352692298557579,,,,,,0.0039000503429614,,,,,,down_in_tested,,,3266,205,5,MA100_vs_CTR;MA100_vs_MA1;MC100_vs_MC1;MC1_vs_CTR;MD1_vs_CTR,True,True
CALM3,ENSG00000160014,CALM3,CALM3,calmodulin 3,dimgrey,dimgrey,MA100_vs_CTR;MA100_vs_MA1;MC100_vs_MC1,3,3,0.0041765860125312,1.3120374294770285,1.145840185539178,MA100_vs_CTR,-1.3120374294770285,0.0041765860125312,down_in_tested,1,2,deg_fraction,True,particle_size_um,-0.1867202754883608,0.4176932392721355,0.7331959097856713,0.07828998197270153,-1.3120374294770285,-1.0403968422471386,,1.085086284893367,,,0.0041765860125312,0.0954577186736673,,0.0152986121010389,,,down_in_tested,down_in_tested,,up_in_tested,,,3883,304,6,MA100_vs_CTR;MA100_vs_MA1;MA1_vs_CTR;MC100_vs_MC1;MC1_vs_CTR;MD1_vs_CTR,True,False
HDDC3,ENSG00000184508,HDDC3,HDDC3,HD domain containing 3,darkgrey,darkgrey,MC100_vs_MC1,1,1,0.0041983379387371,1.6241049303641952,1.6241049303641952,MC100_vs_MC1,-1.6241049303641952,0.0041983379387371,down_in_tested,0,1,module_trait;deg_fraction,True,particle_size_um,0.6222385633532057,0.0025949251469398,0.0591962437092719,0.06276791181873852,,,,-1.6241049303641952,,,,,,0.0041983379387371,,,,,,down_in_tested,,,3266,205,5,MA100_vs_CTR;MA100_vs_MA1;MC100_vs_MC1;MC1_vs_CTR;MD1_vs_CTR,True,True
ACBD4,ENSG00000181513,ACBD4,ACBD4,acyl-CoA binding domain containing 4,darkgrey,darkgrey,MC100_vs_MC1,1,1,0.0042324983516345,1.6630448359777876,1.6630448359777876,MC100_vs_MC1,-1.6630448359777876,0.0042324983516345,down_in_tested,0,1,module_trait;deg_fraction,True,particle_size_um,0.6222385633532057,0.0025949251469398,0.0591962437092719,0.06276791181873852,,,,-1.6630448359777876,,,,,,0.0042324983516345,,,,,,down_in_tested,,,3266,205,5,MA100_vs_CTR;MA100_vs_MA1;MC100_vs_MC1;MC1_vs_CTR;MD1_vs_CTR,True,True
RFX1,ENSG00000132005,RFX1,RFX1,regulatory factor X1,gainsboro,gainsboro,MC100_vs_MC1;MC1_vs_CTR,2,2,0.0042539651842569,1.6425490237226348,1.4395733652270097,MC100_vs_MC1,-1.6425490237226348,0.0042539651842569,down_in_tested,1,1,deg_fraction,True,particle_size_um,-0.2764543534617769,0.2250855359964077,0.5934073221723477,0.04092526690391459,,,,-1.6425490237226348,1.2365977067313847,,,,,0.0042539651842569,0.0420762987156711,,,,,down_in_tested,up_in_tested,,1124,46,6,MA100_vs_CTR;MA100_vs_MA1;MA1_vs_CTR;MC100_vs_MC1;MC1_vs_CTR;MD1_vs_CTR,True,False
JPH2,ENSG00000149596,JPH2,JPH2,junctophilin 2,darkgrey,darkgrey,MC100_vs_MC1,1,1,0.0042804419193408,1.8931997573393275,1.8931997573393275,MC100_vs_MC1,-1.8931997573393275,0.0042804419193408,down_in_tested,0,1,module_trait;deg_fraction,True,particle_size_um,0.6222385633532057,0.0025949251469398,0.0591962437092719,0.06276791181873852,,,,-1.8931997573393275,,,,,,0.0042804419193408,,,,,,down_in_tested,,,3266,205,5,MA100_vs_CTR;MA100_vs_MA1;MC100_vs_MC1;MC1_vs_CTR;MD1_vs_CTR,True,True
ITGA3,ENSG00000005884,ITGA3,ITGA3,integrin subunit alpha 3,darkgrey,darkgrey,MC100_vs_MC1,1,1,0.0043558010005208,1.1418145801880413,1.1418145801880413,MC100_vs_MC1,-1.1418145801880413,0.0043558010005208,down_in_tested,0,1,module_trait;deg_fraction,True,particle_size_um,0.6222385633532057,0.0025949251469398,0.0591962437092719,0.06276791181873852,,,,-1.1418145801880413,,,,,,0.0043558010005208,,,,,,down_in_tested,,,3266,205,5,MA100_vs_CTR;MA100_vs_MA1;MC100_vs_MC1;MC1_vs_CTR;MD1_vs_CTR,True,True
FZD4,ENSG00000174804,FZD4,FZD4,frizzled class receptor 4,dimgrey,dimgrey,MA100_vs_CTR;MA100_vs_MA1,2,2,0.0044428222976817,1.27615758135253,1.1650193659312362,MA100_vs_CTR,-1.27615758135253,0.0044428222976817,down_in_tested,0,2,deg_fraction,True,particle_size_um,-0.1867202754883608,0.4176932392721355,0.7331959097856713,0.07828998197270153,-1.27615758135253,-1.0538811505099424,,,,,0.0044428222976817,0.0804779459873658,,,,,down_in_tested,down_in_tested,,,,,3883,304,6,MA100_vs_CTR;MA100_vs_MA1;MA1_vs_CTR;MC100_vs_MC1;MC1_vs_CTR;MD1_vs_CTR,True,False
BECN1,ENSG00000126581,BECN1,BECN1,beclin 1,darkgrey,darkgrey,MC100_vs_MC1;MC1_vs_CTR,2,2,0.004589355423809,1.981704223749564,1.6204835279124337,MC100_vs_MC1,-1.981704223749564,0.004589355423809,down_in_tested,1,1,module_trait;deg_fraction,True,particle_size_um,0.6222385633532057,0.0025949251469398,0.0591962437092719,0.06276791181873852,,,,-1.981704223749564,1.2592628320753034,,,,,0.004589355423809,0.0953708819288699,,,,,down_in_tested,up_in_tested,,3266,205,5,MA100_vs_CTR;MA100_vs_MA1;MC100_vs_MC1;MC1_vs_CTR;MD1_vs_CTR,True,True
HLA-DPB1,ENSG00000223865,HLA-DPB1,HLA-DPB1,"major histocompatibility complex, class II, DP beta 1",dimgrey,dimgrey,MC100_vs_MC1,1,1,0.0045942561348326,2.3524889721621136,2.3524889721621136,MC100_vs_MC1,2.3524889721621136,0.0045942561348326,up_in_tested,1,0,deg_fraction,True,particle_size_um,-0.1867202754883608,0.4176932392721355,0.7331959097856713,0.07828998197270153,,,,2.3524889721621136,,,,,,0.0045942561348326,,,,,,up_in_tested,,,3883,304,6,MA100_vs_CTR;MA100_vs_MA1;MA1_vs_CTR;MC100_vs_MC1;MC1_vs_CTR;MD1_vs_CTR,True,False
PPP1R37,ENSG00000104866,PPP1R37,PPP1R37,protein phosphatase 1 regulatory subunit 37,darkgrey,darkgrey,MC100_vs_MC1,1,1,0.0047715207918913,1.1967026842838215,1.1967026842838215,MC100_vs_MC1,-1.1967026842838215,0.0047715207918913,down_in_tested,0,1,module_trait;deg_fraction,True,particle_size_um,0.6222385633532057,0.0025949251469398,0.0591962437092719,0.06276791181873852,,,,-1.1967026842838215,,,,,,0.0047715207918913,,,,,,down_in_tested,,,3266,205,5,MA100_vs_CTR;MA100_vs_MA1;MC100_vs_MC1;MC1_vs_CTR;MD1_vs_CTR,True,True
GALK2,ENSG00000156958,GALK2,GALK2,galactokinase 2,white,white,MA100_vs_CTR;MC100_vs_MC1,2,2,0.0048016570669966,1.4132272894982194,1.2699288084895868,MC100_vs_MC1,1.4132272894982194,0.0048016570669966,up_in_tested,2,0,deg_fraction,True,particle_size_um,0.1986467889396646,0.3880151304316748,0.7331959097856713,0.025236593059936908,1.1266303274809542,,,1.4132272894982194,,,0.0372169597112136,,,0.0048016570669966,,,up_in_tested,,,up_in_tested,,,317,8,5,MA100_vs_CTR;MA100_vs_MA1;MC100_vs_MC1;MC1_vs_CTR;MD1_vs_CTR,True,False
RPS23,ENSG00000186468,RPS23,RPS23,ribosomal protein S23,dimgrey,dimgrey,MA100_vs_CTR;MD1_vs_CTR,2,2,0.004833949919861,1.051712536387868,1.0305615372652999,MA100_vs_CTR,-1.051712536387868,0.004833949919861,down_in_tested,0,2,deg_fraction,True,particle_size_um,-0.1867202754883608,0.4176932392721355,0.7331959097856713,0.07828998197270153,-1.051712536387868,,,,,-1.0094105381427316,0.004833949919861,,,,,0.0070061541336685,down_in_tested,,,,,down_in_tested,3883,304,6,MA100_vs_CTR;MA100_vs_MA1;MA1_vs_CTR;MC100_vs_MC1;MC1_vs_CTR;MD1_vs_CTR,True,False
BNC1,ENSG00000169594,BNC1,BNC1,basonuclin zinc finger protein 1,dimgrey,dimgrey,MC100_vs_MC1,1,1,0.0048918983552982,2.696286552674012,2.696286552674012,MC100_vs_MC1,2.696286552674012,0.0048918983552982,up_in_tested,1,0,deg_fraction,True,particle_size_um,-0.1867202754883608,0.4176932392721355,0.7331959097856713,0.07828998197270153,,,,2.696286552674012,,,,,,0.0048918983552982,,,,,,up_in_tested,,,3883,304,6,MA100_vs_CTR;MA100_vs_MA1;MA1_vs_CTR;MC100_vs_MC1;MC1_vs_CTR;MD1_vs_CTR,True,False
MTERF3,ENSG00000156469,MTERF3,MTERF3,mitochondrial transcription termination factor 3,dimgrey,dimgrey,MC1_vs_CTR;MD1_vs_CTR,2,2,0.0049309252221699,1.2196751393376095,1.175710585293344,MD1_vs_CTR,-1.2196751393376095,0.0049309252221699,down_in_tested,0,2,deg_fraction,True,particle_size_um,-0.1867202754883608,0.4176932392721355,0.7331959097856713,0.07828998197270153,,,,,-1.1317460312490788,-1.2196751393376095,,,,,0.0085119787385151,0.0049309252221699,,,,,down_in_tested,down_in_tested,3883,304,6,MA100_vs_CTR;MA100_vs_MA1;MA1_vs_CTR;MC100_vs_MC1;MC1_vs_CTR;MD1_vs_CTR,True,False
ZBTB24,ENSG00000112365,ZBTB24,ZBTB24,zinc finger and BTB domain containing 24,dimgrey,dimgrey,MA100_vs_CTR,1,1,0.0050735797088061,1.1442950751654295,1.1442950751654295,MA100_vs_CTR,-1.1442950751654295,0.0050735797088061,down_in_tested,0,1,deg_fraction,True,particle_size_um,-0.1867202754883608,0.4176932392721355,0.7331959097856713,0.07828998197270153,-1.1442950751654295,,,,,,0.0050735797088061,,,,,,down_in_tested,,,,,,3883,304,6,MA100_vs_CTR;MA100_vs_MA1;MA1_vs_CTR;MC100_vs_MC1;MC1_vs_CTR;MD1_vs_CTR,True,False
GPN1,ENSG00000198522,GPN1,GPN1,GPN-loop GTPase 1,dimgrey,dimgrey,MA100_vs_CTR,1,1,0.0051201647810045,1.022017962356191,1.022017962356191,MA100_vs_CTR,-1.022017962356191,0.0051201647810045,down_in_tested,0,1,deg_fraction,True,particle_size_um,-0.1867202754883608,0.4176932392721355,0.7331959097856713,0.07828998197270153,-1.022017962356191,,,,,,0.0051201647810045,,,,,,down_in_tested,,,,,,3883,304,6,MA100_vs_CTR;MA100_vs_MA1;MA1_vs_CTR;MC100_vs_MC1;MC1_vs_CTR;MD1_vs_CTR,True,False
SOCS1,ENSG00000185338,SOCS1,SOCS1,suppressor of cytokine signaling 1,darkgrey,darkgrey,MA100_vs_CTR;MC1_vs_CTR,2,2,0.0051650012840379,1.1738963692499915,1.1113436665158534,MA100_vs_CTR,1.1738963692499915,0.0051650012840379,up_in_tested,2,0,module_trait;deg_fraction,True,particle_size_um,0.6222385633532057,0.0025949251469398,0.0591962437092719,0.06276791181873852,1.1738963692499915,,,,1.0487909637817152,,0.0051650012840379,,,,0.0123559459219583,,up_in_tested,,,,up_in_tested,,3266,205,5,MA100_vs_CTR;MA100_vs_MA1;MC100_vs_MC1;MC1_vs_CTR;MD1_vs_CTR,True,True
LYNX1,ENSG00000180155,LYNX1,LYNX1,Ly6/neurotoxin 1,darkgrey,darkgrey,MA100_vs_CTR;MC1_vs_CTR,2,2,0.0051650012840379,1.1293089680316513,1.0769988354685371,MA100_vs_CTR,1.1293089680316513,0.0051650012840379,up_in_tested,2,0,module_trait;deg_fraction,True,particle_size_um,0.6222385633532057,0.0025949251469398,0.0591962437092719,0.06276791181873852,1.1293089680316513,,,,1.0246887029054232,,0.0051650012840379,,,,0.0108527478339899,,up_in_tested,,,,up_in_tested,,3266,205,5,MA100_vs_CTR;MA100_vs_MA1;MC100_vs_MC1;MC1_vs_CTR;MD1_vs_CTR,True,True
TXNDC11,ENSG00000153066,TXNDC11,TXNDC11,thioredoxin domain containing 11,dimgrey,dimgrey,MC100_vs_MC1,1,1,0.0051934715010348,1.932258871563253,1.932258871563253,MC100_vs_MC1,1.932258871563253,0.0051934715010348,up_in_tested,1,0,deg_fraction,True,particle_size_um,-0.1867202754883608,0.4176932392721355,0.7331959097856713,0.07828998197270153,,,,1.932258871563253,,,,,,0.0051934715010348,,,,,,up_in_tested,,,3883,304,6,MA100_vs_CTR;MA100_vs_MA1;MA1_vs_CTR;MC100_vs_MC1;MC1_vs_CTR;MD1_vs_CTR,True,False
MAPK11,ENSG00000185386,MAPK11,MAPK11,mitogen-activated protein kinase 11,darkgrey,darkgrey,MC100_vs_MC1,1,1,0.0053981235799423,1.2431047544591007,1.2431047544591007,MC100_vs_MC1,-1.2431047544591007,0.0053981235799423,down_in_tested,0,1,module_trait;deg_fraction,True,particle_size_um,0.6222385633532057,0.0025949251469398,0.0591962437092719,0.06276791181873852,,,,-1.2431047544591007,,,,,,0.0053981235799423,,,,,,down_in_tested,,,3266,205,5,MA100_vs_CTR;MA100_vs_MA1;MC100_vs_MC1;MC1_vs_CTR;MD1_vs_CTR,True,True
PLXNB2,ENSG00000196576,PLXNB2,PLXNB2,plexin B2,dimgrey,dimgrey,MC100_vs_MC1,1,1,0.0055001697642523,1.0773691352363308,1.0773691352363308,MC100_vs_MC1,-1.0773691352363308,0.0055001697642523,down_in_tested,0,1,deg_fraction,True,particle_size_um,-0.1867202754883608,0.4176932392721355,0.7331959097856713,0.07828998197270153,,,,-1.0773691352363308,,,,,,0.0055001697642523,,,,,,down_in_tested,,,3883,304,6,MA100_vs_CTR;MA100_vs_MA1;MA1_vs_CTR;MC100_vs_MC1;MC1_vs_CTR;MD1_vs_CTR,True,False
ACTG1,ENSG00000184009,ACTG1,ACTG1,actin gamma 1,dimgrey,dimgrey,MC1_vs_CTR;MD1_vs_CTR,2,2,0.0055534373614671,1.136818760490503,1.0877504448519233,MD1_vs_CTR,-1.136818760490503,0.0055534373614671,down_in_tested,0,2,deg_fraction,True,particle_size_um,-0.1867202754883608,0.4176932392721355,0.7331959097856713,0.07828998197270153,,,,,-1.0386821292133437,-1.136818760490503,,,,,0.0108527478339899,0.0055534373614671,,,,,down_in_tested,down_in_tested,3883,304,6,MA100_vs_CTR;MA100_vs_MA1;MA1_vs_CTR;MC100_vs_MC1;MC1_vs_CTR;MD1_vs_CTR,True,False
TRAPPC13,ENSG00000113597,TRAPPC13,TRAPPC13,trafficking protein particle complex subunit 13,dimgrey,dimgrey,MC100_vs_MC1;MC1_vs_CTR,2,2,0.0055662533503835,1.3283576201198146,1.3055044578758883,MC1_vs_CTR,-1.3283576201198146,0.0055662533503835,down_in_tested,1,1,deg_fraction,True,particle_size_um,-0.1867202754883608,0.4176932392721355,0.7331959097856713,0.07828998197270153,,,,1.2826512956319622,-1.3283576201198146,,,,,0.006520758493602,0.0055662533503835,,,,,up_in_tested,down_in_tested,,3883,304,6,MA100_vs_CTR;MA100_vs_MA1;MA1_vs_CTR;MC100_vs_MC1;MC1_vs_CTR;MD1_vs_CTR,True,False
ZBTB42,ENSG00000179627,ZBTB42,ZBTB42,zinc finger and BTB domain containing 42,darkgrey,darkgrey,MC100_vs_MC1,1,1,0.0058025572200986,1.9496451420787144,1.9496451420787144,MC100_vs_MC1,-1.9496451420787144,0.0058025572200986,down_in_tested,0,1,module_trait;deg_fraction,True,particle_size_um,0.6222385633532057,0.0025949251469398,0.0591962437092719,0.06276791181873852,,,,-1.9496451420787144,,,,,,0.0058025572200986,,,,,,down_in_tested,,,3266,205,5,MA100_vs_CTR;MA100_vs_MA1;MC100_vs_MC1;MC1_vs_CTR;MD1_vs_CTR,True,True
HDAC5,ENSG00000108840,HDAC5,HDAC5,histone deacetylase 5,dimgrey,dimgrey,MC100_vs_MC1,1,1,0.0058039548707949,1.1839768132888957,1.1839768132888957,MC100_vs_MC1,-1.1839768132888957,0.0058039548707949,down_in_tested,0,1,deg_fraction,True,particle_size_um,-0.1867202754883608,0.4176932392721355,0.7331959097856713,0.07828998197270153,,,,-1.1839768132888957,,,,,,0.0058039548707949,,,,,,down_in_tested,,,3883,304,6,MA100_vs_CTR;MA100_vs_MA1;MA1_vs_CTR;MC100_vs_MC1;MC1_vs_CTR;MD1_vs_CTR,True,False
NOX1,ENSG00000007952,NOX1,NOX1,NADPH oxidase 1,darkgrey,darkgrey,MC100_vs_MC1,1,1,0.0059141411480435,1.5134604053832783,1.5134604053832783,MC100_vs_MC1,-1.5134604053832783,0.0059141411480435,down_in_tested,0,1,module_trait;deg_fraction,True,particle_size_um,0.6222385633532057,0.0025949251469398,0.0591962437092719,0.06276791181873852,,,,-1.5134604053832783,,,,,,0.0059141411480435,,,,,,down_in_tested,,,3266,205,5,MA100_vs_CTR;MA100_vs_MA1;MC100_vs_MC1;MC1_vs_CTR;MD1_vs_CTR,True,True
CTSZ,ENSG00000101160,CTSZ,CTSZ,cathepsin Z,darkgrey,darkgrey,MC100_vs_MC1,1,1,0.0059164788706436,1.561548034335249,1.561548034335249,MC100_vs_MC1,-1.561548034335249,0.0059164788706436,down_in_tested,0,1,module_trait;deg_fraction,True,particle_size_um,0.6222385633532057,0.0025949251469398,0.0591962437092719,0.06276791181873852,,,,-1.561548034335249,,,,,,0.0059164788706436,,,,,,down_in_tested,,,3266,205,5,MA100_vs_CTR;MA100_vs_MA1;MC100_vs_MC1;MC1_vs_CTR;MD1_vs_CTR,True,True
ZSWIM9,ENSG00000185453,ZSWIM9,ZSWIM9,zinc finger SWIM-type containing 9,darkgrey,darkgrey,MA100_vs_CTR,1,1,0.0059841083491092,1.0014188250425318,1.0014188250425318,MA100_vs_CTR,1.0014188250425318,0.0059841083491092,up_in_tested,1,0,module_trait;deg_fraction,True,particle_size_um,0.6222385633532057,0.0025949251469398,0.0591962437092719,0.06276791181873852,1.0014188250425318,,,,,,0.0059841083491092,,,,,,up_in_tested,,,,,,3266,205,5,MA100_vs_CTR;MA100_vs_MA1;MC100_vs_MC1;MC1_vs_CTR;MD1_vs_CTR,True,True
GPHRA,ENSG00000117262,GPHRA,GPHRA,golgi pH regulator A,dimgrey,dimgrey,MA100_vs_CTR,1,1,0.00611595332855,1.0414896297042786,1.0414896297042786,MA100_vs_CTR,-1.0414896297042786,0.00611595332855,down_in_tested,0,1,deg_fraction,True,particle_size_um,-0.1867202754883608,0.4176932392721355,0.7331959097856713,0.07828998197270153,-1.0414896297042786,,,,,,0.00611595332855,,,,,,down_in_tested,,,,,,3883,304,6,MA100_vs_CTR;MA100_vs_MA1;MA1_vs_CTR;MC100_vs_MC1;MC1_vs_CTR;MD1_vs_CTR,True,False
SMPDL3A,ENSG00000172594,SMPDL3A,SMPDL3A,sphingomyelin phosphodiesterase acid like 3A,mistyrose,mistyrose,MC100_vs_MC1,1,1,0.0061650797651357,1.2939289106687788,1.2939289106687788,MC100_vs_MC1,1.2939289106687788,0.0061650797651357,up_in_tested,1,0,deg_fraction,True,particle_size_um,-0.3310821963795141,0.142641678213067,0.5170760835223682,0.018309859154929577,,,,1.2939289106687788,,,,,,0.0061650797651357,,,,,,up_in_tested,,,2130,39,4,MA100_vs_CTR;MA100_vs_MA1;MC100_vs_MC1;MC1_vs_CTR,True,False
SMDT1,ENSG00000183172,SMDT1,SMDT1,single-pass membrane protein with aspartate rich tail 1,dimgrey,dimgrey,MC100_vs_MC1,1,1,0.0062804625185162,1.336275365569577,1.336275365569577,MC100_vs_MC1,1.336275365569577,0.0062804625185162,up_in_tested,1,0,deg_fraction,True,particle_size_um,-0.1867202754883608,0.4176932392721355,0.7331959097856713,0.07828998197270153,,,,1.336275365569577,,,,,,0.0062804625185162,,,,,,up_in_tested,,,3883,304,6,MA100_vs_CTR;MA100_vs_MA1;MA1_vs_CTR;MC100_vs_MC1;MC1_vs_CTR;MD1_vs_CTR,True,False
IL17RC,ENSG00000163702,IL17RC,IL17RC,interleukin 17 receptor C,darkgrey,darkgrey,MC100_vs_MC1,1,1,0.0063650524913133,1.8239613806895705,1.8239613806895705,MC100_vs_MC1,-1.8239613806895705,0.0063650524913133,down_in_tested,0,1,module_trait;deg_fraction,True,particle_size_um,0.6222385633532057,0.0025949251469398,0.0591962437092719,0.06276791181873852,,,,-1.8239613806895705,,,,,,0.0063650524913133,,,,,,down_in_tested,,,3266,205,5,MA100_vs_CTR;MA100_vs_MA1;MC100_vs_MC1;MC1_vs_CTR;MD1_vs_CTR,True,True
LXN,ENSG00000079257,LXN,LXN,latexin,dimgrey,dimgrey,MA100_vs_CTR;MD1_vs_CTR,2,2,0.0064498519836161,1.6203092958696206,1.4036707151264722,MA100_vs_CTR,-1.6203092958696206,0.0064498519836161,down_in_tested,0,2,deg_fraction,True,particle_size_um,-0.1867202754883608,0.4176932392721355,0.7331959097856713,0.07828998197270153,-1.6203092958696206,,,,,-1.1870321343833237,0.0064498519836161,,,,,0.0562758899868737,down_in_tested,,,,,down_in_tested,3883,304,6,MA100_vs_CTR;MA100_vs_MA1;MA1_vs_CTR;MC100_vs_MC1;MC1_vs_CTR;MD1_vs_CTR,True,False
EMC4,ENSG00000128463,EMC4,EMC4,ER membrane protein complex subunit 4,dimgrey,dimgrey,MC100_vs_MC1,1,1,0.0065034812279464,2.475504306667632,2.475504306667632,MC100_vs_MC1,2.475504306667632,0.0065034812279464,up_in_tested,1,0,deg_fraction,True,particle_size_um,-0.1867202754883608,0.4176932392721355,0.7331959097856713,0.07828998197270153,,,,2.475504306667632,,,,,,0.0065034812279464,,,,,,up_in_tested,,,3883,304,6,MA100_vs_CTR;MA100_vs_MA1;MA1_vs_CTR;MC100_vs_MC1;MC1_vs_CTR;MD1_vs_CTR,True,False
BAG6,ENSG00000204463,BAG6,BAG6,BAG cochaperone 6,dimgrey,dimgrey,MA100_vs_CTR,1,1,0.0066897173860315,1.0959316284844276,1.0959316284844276,MA100_vs_CTR,-1.0959316284844276,0.0066897173860315,down_in_tested,0,1,deg_fraction,True,particle_size_um,-0.1867202754883608,0.4176932392721355,0.7331959097856713,0.07828998197270153,-1.0959316284844276,,,,,,0.0066897173860315,,,,,,down_in_tested,,,,,,3883,304,6,MA100_vs_CTR;MA100_vs_MA1;MA1_vs_CTR;MC100_vs_MC1;MC1_vs_CTR;MD1_vs_CTR,True,False
MARS1,ENSG00000166986,MARS1,MARS1,methionyl-tRNA synthetase 1,dimgrey,dimgrey,MA100_vs_CTR;MD1_vs_CTR,2,2,0.0067961954966622,1.1853210537433665,1.1175584507644372,MA100_vs_CTR,-1.1853210537433665,0.0067961954966622,down_in_tested,0,2,deg_fraction,True,particle_size_um,-0.1867202754883608,0.4176932392721355,0.7331959097856713,0.07828998197270153,-1.1853210537433665,,,,,-1.0497958477855078,0.0067961954966622,,,,,0.0178435893804849,down_in_tested,,,,,down_in_tested,3883,304,6,MA100_vs_CTR;MA100_vs_MA1;MA1_vs_CTR;MC100_vs_MC1;MC1_vs_CTR;MD1_vs_CTR,True,False
HIGD2B,ENSG00000175202,HIGD2B,HIGD2B,HIG1 hypoxia inducible domain family member 2B,darkgrey,darkgrey,MC100_vs_MC1,1,1,0.0068460116222324,2.367077998994374,2.367077998994374,MC100_vs_MC1,-2.367077998994374,0.0068460116222324,down_in_tested,0,1,module_trait;deg_fraction,True,particle_size_um,0.6222385633532057,0.0025949251469398,0.0591962437092719,0.06276791181873852,,,,-2.367077998994374,,,,,,0.0068460116222324,,,,,,down_in_tested,,,3266,205,5,MA100_vs_CTR;MA100_vs_MA1;MC100_vs_MC1;MC1_vs_CTR;MD1_vs_CTR,True,True
CCDC39,ENSG00000284862,CCDC39,CCDC39,coiled-coil domain 39 molecular ruler complex subunit,gainsboro,gainsboro,MC100_vs_MC1,1,1,0.0069438233485185,2.2117515145323345,2.2117515145323345,MC100_vs_MC1,-2.2117515145323345,0.0069438233485185,down_in_tested,0,1,deg_fraction,True,particle_size_um,-0.2764543534617769,0.2250855359964077,0.5934073221723477,0.04092526690391459,,,,-2.2117515145323345,,,,,,0.0069438233485185,,,,,,down_in_tested,,,1124,46,6,MA100_vs_CTR;MA100_vs_MA1;MA1_vs_CTR;MC100_vs_MC1;MC1_vs_CTR;MD1_vs_CTR,True,False
CHAF1B,ENSG00000159259,CHAF1B,CHAF1B,chromatin assembly factor 1 subunit B,dimgrey,dimgrey,MA100_vs_CTR,1,1,0.0070796717524339,1.009789238956449,1.009789238956449,MA100_vs_CTR,-1.009789238956449,0.0070796717524339,down_in_tested,0,1,deg_fraction,True,particle_size_um,-0.1867202754883608,0.4176932392721355,0.7331959097856713,0.07828998197270153,-1.009789238956449,,,,,,0.0070796717524339,,,,,,down_in_tested,,,,,,3883,304,6,MA100_vs_CTR;MA100_vs_MA1;MA1_vs_CTR;MC100_vs_MC1;MC1_vs_CTR;MD1_vs_CTR,True,False
RBM43,ENSG00000184898,RBM43,RBM43,RNA binding motif protein 43,gainsboro,gainsboro,MD1_vs_CTR,1,1,0.0071244281113601,1.0403256093205169,1.0403256093205169,MD1_vs_CTR,1.0403256093205169,0.0071244281113601,up_in_tested,1,0,deg_fraction,True,particle_size_um,-0.2764543534617769,0.2250855359964077,0.5934073221723477,0.04092526690391459,,,,,,1.0403256093205169,,,,,,0.0071244281113601,,,,,,up_in_tested,1124,46,6,MA100_vs_CTR;MA100_vs_MA1;MA1_vs_CTR;MC100_vs_MC1;MC1_vs_CTR;MD1_vs_CTR,True,False
DGKI,ENSG00000157680,DGKI,DGKI,diacylglycerol kinase iota,darkgrey,darkgrey,MD1_vs_CTR,1,1,0.0072165636762815,1.2341773657655997,1.2341773657655997,MD1_vs_CTR,1.2341773657655997,0.0072165636762815,up_in_tested,1,0,module_trait;deg_fraction,True,particle_size_um,0.6222385633532057,0.0025949251469398,0.0591962437092719,0.06276791181873852,,,,,,1.2341773657655997,,,,,,0.0072165636762815,,,,,,up_in_tested,3266,205,5,MA100_vs_CTR;MA100_vs_MA1;MC100_vs_MC1;MC1_vs_CTR;MD1_vs_CTR,True,True
ZRANB1,ENSG00000019995,ZRANB1,ZRANB1,zinc finger RANBP2-type containing 1,dimgrey,dimgrey,MA100_vs_CTR,1,1,0.0072825249187001,1.5803696458798848,1.5803696458798848,MA100_vs_CTR,1.5803696458798848,0.0072825249187001,up_in_tested,1,0,deg_fraction,True,particle_size_um,-0.1867202754883608,0.4176932392721355,0.7331959097856713,0.07828998197270153,1.5803696458798848,,,,,,0.0072825249187001,,,,,,up_in_tested,,,,,,3883,304,6,MA100_vs_CTR;MA100_vs_MA1;MA1_vs_CTR;MC100_vs_MC1;MC1_vs_CTR;MD1_vs_CTR,True,False
NACAD,ENSG00000136274,NACAD,NACAD,NAC alpha domain containing,darkgrey,darkgrey,MD1_vs_CTR,1,1,0.007488140608075,1.181325852797933,1.181325852797933,MD1_vs_CTR,1.181325852797933,0.007488140608075,up_in_tested,1,0,module_trait;deg_fraction,True,particle_size_um,0.6222385633532057,0.0025949251469398,0.0591962437092719,0.06276791181873852,,,,,,1.181325852797933,,,,,,0.007488140608075,,,,,,up_in_tested,3266,205,5,MA100_vs_CTR;MA100_vs_MA1;MC100_vs_MC1;MC1_vs_CTR;MD1_vs_CTR,True,True
ACAA2,ENSG00000167315,ACAA2,ACAA2,acetyl-CoA acyltransferase 2,dimgrey,dimgrey,MC100_vs_MC1,1,1,0.0075594907142884,1.2005725066848874,1.2005725066848874,MC100_vs_MC1,1.2005725066848874,0.0075594907142884,up_in_tested,1,0,deg_fraction,True,particle_size_um,-0.1867202754883608,0.4176932392721355,0.7331959097856713,0.07828998197270153,,,,1.2005725066848874,,,,,,0.0075594907142884,,,,,,up_in_tested,,,3883,304,6,MA100_vs_CTR;MA100_vs_MA1;MA1_vs_CTR;MC100_vs_MC1;MC1_vs_CTR;MD1_vs_CTR,True,False
CYP1B1,ENSG00000138061,CYP1B1,CYP1B1,cytochrome P450 family 1 subfamily B member 1,dimgrey,dimgrey,MC1_vs_CTR,1,1,0.0077597354741146,1.03456548260436,1.03456548260436,MC1_vs_CTR,1.03456548260436,0.0077597354741146,up_in_tested,1,0,deg_fraction,True,particle_size_um,-0.1867202754883608,0.4176932392721355,0.7331959097856713,0.07828998197270153,,,,,1.03456548260436,,,,,,0.0077597354741146,,,,,,up_in_tested,,3883,304,6,MA100_vs_CTR;MA100_vs_MA1;MA1_vs_CTR;MC100_vs_MC1;MC1_vs_CTR;MD1_vs_CTR,True,False
CNST,ENSG00000162852,CNST,CNST,"consortin, connexin sorting protein",dimgrey,dimgrey,MC1_vs_CTR,1,1,0.0078448797825225,1.0290662248518996,1.0290662248518996,MC1_vs_CTR,-1.0290662248518996,0.0078448797825225,down_in_tested,0,1,deg_fraction,True,particle_size_um,-0.1867202754883608,0.4176932392721355,0.7331959097856713,0.07828998197270153,,,,,-1.0290662248518996,,,,,,0.0078448797825225,,,,,,down_in_tested,,3883,304,6,MA100_vs_CTR;MA100_vs_MA1;MA1_vs_CTR;MC100_vs_MC1;MC1_vs_CTR;MD1_vs_CTR,True,False
FLOT1,ENSG00000137312,FLOT1,FLOT1,flotillin 1,dimgrey,dimgrey,MA100_vs_CTR,1,1,0.0080716352387165,1.863185868619216,1.863185868619216,MA100_vs_CTR,-1.863185868619216,0.0080716352387165,down_in_tested,0,1,deg_fraction,True,particle_size_um,-0.1867202754883608,0.4176932392721355,0.7331959097856713,0.07828998197270153,-1.863185868619216,,,,,,0.0080716352387165,,,,,,down_in_tested,,,,,,3883,304,6,MA100_vs_CTR;MA100_vs_MA1;MA1_vs_CTR;MC100_vs_MC1;MC1_vs_CTR;MD1_vs_CTR,True,False
FOLR3,ENSG00000110203,FOLR3,FOLR3,folate receptor gamma,dimgrey,dimgrey,MC100_vs_MC1,1,1,0.0081578185851405,2.6863670471750183,2.6863670471750183,MC100_vs_MC1,2.6863670471750183,0.0081578185851405,up_in_tested,1,0,deg_fraction,True,particle_size_um,-0.1867202754883608,0.4176932392721355,0.7331959097856713,0.07828998197270153,,,,2.6863670471750183,,,,,,0.0081578185851405,,,,,,up_in_tested,,,3883,304,6,MA100_vs_CTR;MA100_vs_MA1;MA1_vs_CTR;MC100_vs_MC1;MC1_vs_CTR;MD1_vs_CTR,True,False
C1orf216,ENSG00000142686,C1orf216,C1orf216,chromosome 1 open reading frame 216,darkgrey,darkgrey,MC100_vs_MC1,1,1,0.0081578185851405,1.0138466953100689,1.0138466953100689,MC100_vs_MC1,-1.0138466953100689,0.0081578185851405,down_in_tested,0,1,module_trait;deg_fraction,True,particle_size_um,0.6222385633532057,0.0025949251469398,0.0591962437092719,0.06276791181873852,,,,-1.0138466953100689,,,,,,0.0081578185851405,,,,,,down_in_tested,,,3266,205,5,MA100_vs_CTR;MA100_vs_MA1;MC100_vs_MC1;MC1_vs_CTR;MD1_vs_CTR,True,True
QTRT1,ENSG00000213339,QTRT1,QTRT1,queuine tRNA-ribosyltransferase catalytic subunit 1,darkgrey,darkgrey,MA100_vs_CTR;MA100_vs_MA1;MC100_vs_MC1,3,3,0.0082103616449486,1.260281652825792,1.1589311010035679,MC100_vs_MC1,-1.260281652825792,0.0082103616449486,down_in_tested,2,1,module_trait;deg_fraction,True,particle_size_um,0.6222385633532057,0.0025949251469398,0.0591962437092719,0.06276791181873852,1.077452004708039,1.1390596454768722,,-1.260281652825792,,,0.0305550032796909,0.0761063309725408,,0.0082103616449486,,,up_in_tested,up_in_tested,,down_in_tested,,,3266,205,5,MA100_vs_CTR;MA100_vs_MA1;MC100_vs_MC1;MC1_vs_CTR;MD1_vs_CTR,True,True
SLC26A1,ENSG00000145217,SLC26A1,SLC26A1,solute carrier family 26 member 1,dimgrey,dimgrey,MA100_vs_CTR,1,1,0.0082167178329007,1.0968693683885675,1.0968693683885675,MA100_vs_CTR,-1.0968693683885675,0.0082167178329007,down_in_tested,0,1,deg_fraction,True,particle_size_um,-0.1867202754883608,0.4176932392721355,0.7331959097856713,0.07828998197270153,-1.0968693683885675,,,,,,0.0082167178329007,,,,,,down_in_tested,,,,,,3883,304,6,MA100_vs_CTR;MA100_vs_MA1;MA1_vs_CTR;MC100_vs_MC1;MC1_vs_CTR;MD1_vs_CTR,True,False
HIVEP1,ENSG00000095951,HIVEP1,HIVEP1,HIVEP zinc finger 1,darkgrey,darkgrey,MA100_vs_CTR,1,1,0.0083314760076032,1.0555236785610205,1.0555236785610205,MA100_vs_CTR,1.0555236785610205,0.0083314760076032,up_in_tested,1,0,module_trait;deg_fraction,True,particle_size_um,0.6222385633532057,0.0025949251469398,0.0591962437092719,0.06276791181873852,1.0555236785610205,,,,,,0.0083314760076032,,,,,,up_in_tested,,,,,,3266,205,5,MA100_vs_CTR;MA100_vs_MA1;MC100_vs_MC1;MC1_vs_CTR;MD1_vs_CTR,True,True
AP1S1,ENSG00000106367,AP1S1,AP1S1,adaptor related protein complex 1 subunit sigma 1,darkgrey,darkgrey,MC100_vs_MC1,1,1,0.0084846201413285,1.1944315891051107,1.1944315891051107,MC100_vs_MC1,-1.1944315891051107,0.0084846201413285,down_in_tested,0,1,module_trait;deg_fraction,True,particle_size_um,0.6222385633532057,0.0025949251469398,0.0591962437092719,0.06276791181873852,,,,-1.1944315891051107,,,,,,0.0084846201413285,,,,,,down_in_tested,,,3266,205,5,MA100_vs_CTR;MA100_vs_MA1;MC100_vs_MC1;MC1_vs_CTR;MD1_vs_CTR,True,True
ACADS,ENSG00000122971,ACADS,ACADS,acyl-CoA dehydrogenase short chain,darkgrey,darkgrey,MD1_vs_CTR,1,1,0.0086383681319063,1.0848278886051963,1.0848278886051963,MD1_vs_CTR,1.0848278886051963,0.0086383681319063,up_in_tested,1,0,module_trait;deg_fraction,True,particle_size_um,0.6222385633532057,0.0025949251469398,0.0591962437092719,0.06276791181873852,,,,,,1.0848278886051963,,,,,,0.0086383681319063,,,,,,up_in_tested,3266,205,5,MA100_vs_CTR;MA100_vs_MA1;MC100_vs_MC1;MC1_vs_CTR;MD1_vs_CTR,True,True
DOHH,ENSG00000129932,DOHH,DOHH,deoxyhypusine hydroxylase,darkgrey,darkgrey,MA100_vs_MA1;MC100_vs_MC1,2,2,0.0089635522292827,1.4119888815704895,1.3610253415610039,MC100_vs_MC1,-1.4119888815704895,0.0089635522292827,down_in_tested,1,1,module_trait;deg_fraction,True,particle_size_um,0.6222385633532057,0.0025949251469398,0.0591962437092719,0.06276791181873852,,1.3100618015515182,,-1.4119888815704895,,,,0.073137910028396,,0.0089635522292827,,,,up_in_tested,,down_in_tested,,,3266,205,5,MA100_vs_CTR;MA100_vs_MA1;MC100_vs_MC1;MC1_vs_CTR;MD1_vs_CTR,True,True
LRRC15,ENSG00000172061,LRRC15,LRRC15,leucine rich repeat containing 15,darkgrey,darkgrey,MC100_vs_MC1,1,1,0.009243063506995,1.2236111562321388,1.2236111562321388,MC100_vs_MC1,-1.2236111562321388,0.009243063506995,down_in_tested,0,1,module_trait;deg_fraction,True,particle_size_um,0.6222385633532057,0.0025949251469398,0.0591962437092719,0.06276791181873852,,,,-1.2236111562321388,,,,,,0.009243063506995,,,,,,down_in_tested,,,3266,205,5,MA100_vs_CTR;MA100_vs_MA1;MC100_vs_MC1;MC1_vs_CTR;MD1_vs_CTR,True,True
TP53INP1,ENSG00000164938,TP53INP1,TP53INP1,tumor protein p53 inducible nuclear protein 1,dimgrey,dimgrey,MA100_vs_CTR;MA100_vs_MA1,2,2,0.0096342649500321,1.1728320688681624,1.1363157734175917,MA100_vs_MA1,-1.1728320688681624,0.0277310129978819,down_in_tested,0,2,deg_fraction,True,particle_size_um,-0.1867202754883608,0.4176932392721355,0.7331959097856713,0.07828998197270153,-1.099799477967021,-1.1728320688681624,,,,,0.0096342649500321,0.0277310129978819,,,,,down_in_tested,down_in_tested,,,,,3883,304,6,MA100_vs_CTR;MA100_vs_MA1;MA1_vs_CTR;MC100_vs_MC1;MC1_vs_CTR;MD1_vs_CTR,True,False
WDR46,ENSG00000227057,WDR46,WDR46,WD repeat domain 46,dimgrey,dimgrey,MC100_vs_MC1,1,1,0.0096440499000665,1.1747482550029242,1.1747482550029242,MC100_vs_MC1,1.1747482550029242,0.0096440499000665,up_in_tested,1,0,deg_fraction,True,particle_size_um,-0.1867202754883608,0.4176932392721355,0.7331959097856713,0.07828998197270153,,,,1.1747482550029242,,,,,,0.0096440499000665,,,,,,up_in_tested,,,3883,304,6,MA100_vs_CTR;MA100_vs_MA1;MA1_vs_CTR;MC100_vs_MC1;MC1_vs_CTR;MD1_vs_CTR,True,False
RFX8,ENSG00000196460,RFX8,RFX8,regulatory factor X8,dimgrey,dimgrey,MA100_vs_CTR,1,1,0.009692862062161,1.2046390532738054,1.2046390532738054,MA100_vs_CTR,-1.2046390532738054,0.009692862062161,down_in_tested,0,1,deg_fraction,True,particle_size_um,-0.1867202754883608,0.4176932392721355,0.7331959097856713,0.07828998197270153,-1.2046390532738054,,,,,,0.009692862062161,,,,,,down_in_tested,,,,,,3883,304,6,MA100_vs_CTR;MA100_vs_MA1;MA1_vs_CTR;MC100_vs_MC1;MC1_vs_CTR;MD1_vs_CTR,True,False
ASPHD1,ENSG00000174939,ASPHD1,ASPHD1,aspartate beta-hydroxylase domain containing 1,dimgrey,dimgrey,MC1_vs_CTR,1,1,0.0097265195343346,1.0762080124564704,1.0762080124564704,MC1_vs_CTR,1.0762080124564704,0.0097265195343346,up_in_tested,1,0,deg_fraction,True,particle_size_um,-0.1867202754883608,0.4176932392721355,0.7331959097856713,0.07828998197270153,,,,,1.0762080124564704,,,,,,0.0097265195343346,,,,,,up_in_tested,,3883,304,6,MA100_vs_CTR;MA100_vs_MA1;MA1_vs_CTR;MC100_vs_MC1;MC1_vs_CTR;MD1_vs_CTR,True,False
ABCB10,ENSG00000135776,ABCB10,ABCB10,ATP binding cassette subfamily B member 10,mistyrose,mistyrose,MC100_vs_MC1,1,1,0.0097868216145411,1.0687511534586045,1.0687511534586045,MC100_vs_MC1,1.0687511534586045,0.0097868216145411,up_in_tested,1,0,deg_fraction,True,particle_size_um,-0.3310821963795141,0.142641678213067,0.5170760835223682,0.018309859154929577,,,,1.0687511534586045,,,,,,0.0097868216145411,,,,,,up_in_tested,,,2130,39,4,MA100_vs_CTR;MA100_vs_MA1;MC100_vs_MC1;MC1_vs_CTR,True,False
SUPT20HL2,ENSG00000223611,SUPT20HL2,SUPT20HL2,SUPT20H like 2,darkgrey,darkgrey,MC100_vs_MC1,1,1,0.0098646805941801,1.7639648614364,1.7639648614364,MC100_vs_MC1,-1.7639648614364,0.0098646805941801,down_in_tested,0,1,module_trait;deg_fraction,True,particle_size_um,0.6222385633532057,0.0025949251469398,0.0591962437092719,0.06276791181873852,,,,-1.7639648614364,,,,,,0.0098646805941801,,,,,,down_in_tested,,,3266,205,5,MA100_vs_CTR;MA100_vs_MA1;MC100_vs_MC1;MC1_vs_CTR;MD1_vs_CTR,True,True
PIGBOS1,ENSG00000225973,PIGBOS1,PIGBOS1,PIGB opposite strand 1,dimgrey,dimgrey,MC100_vs_MC1,1,1,0.010109122535298,1.0937054696693036,1.0937054696693036,MC100_vs_MC1,1.0937054696693036,0.010109122535298,up_in_tested,1,0,deg_fraction,True,particle_size_um,-0.1867202754883608,0.4176932392721355,0.7331959097856713,0.07828998197270153,,,,1.0937054696693036,,,,,,0.010109122535298,,,,,,up_in_tested,,,3883,304,6,MA100_vs_CTR;MA100_vs_MA1;MA1_vs_CTR;MC100_vs_MC1;MC1_vs_CTR;MD1_vs_CTR,True,False
MRPL28,ENSG00000086504,MRPL28,MRPL28,mitochondrial ribosomal protein L28,darkgrey,darkgrey,MA100_vs_MA1,1,1,0.0101537883535152,1.250497762493903,1.250497762493903,MA100_vs_MA1,1.250497762493903,0.0101537883535152,up_in_tested,1,0,module_trait;deg_fraction,True,particle_size_um,0.6222385633532057,0.0025949251469398,0.0591962437092719,0.06276791181873852,,1.250497762493903,,,,,,0.0101537883535152,,,,,,up_in_tested,,,,,3266,205,5,MA100_vs_CTR;MA100_vs_MA1;MC100_vs_MC1;MC1_vs_CTR;MD1_vs_CTR,True,True
TMEM179B,ENSG00000185475,TMEM179B,TMEM179B,transmembrane protein 179B,dimgrey,dimgrey,MC100_vs_MC1,1,1,0.0101910317518986,1.544000044552164,1.544000044552164,MC100_vs_MC1,1.544000044552164,0.0101910317518986,up_in_tested,1,0,deg_fraction,True,particle_size_um,-0.1867202754883608,0.4176932392721355,0.7331959097856713,0.07828998197270153,,,,1.544000044552164,,,,,,0.0101910317518986,,,,,,up_in_tested,,,3883,304,6,MA100_vs_CTR;MA100_vs_MA1;MA1_vs_CTR;MC100_vs_MC1;MC1_vs_CTR;MD1_vs_CTR,True,False
FAM89A,ENSG00000182118,FAM89A,FAM89A,family with sequence similarity 89 member A,dimgrey,dimgrey,MC100_vs_MC1,1,1,0.010218649170259,1.2259171663404376,1.2259171663404376,MC100_vs_MC1,1.2259171663404376,0.010218649170259,up_in_tested,1,0,deg_fraction,True,particle_size_um,-0.1867202754883608,0.4176932392721355,0.7331959097856713,0.07828998197270153,,,,1.2259171663404376,,,,,,0.010218649170259,,,,,,up_in_tested,,,3883,304,6,MA100_vs_CTR;MA100_vs_MA1;MA1_vs_CTR;MC100_vs_MC1;MC1_vs_CTR;MD1_vs_CTR,True,False
PABIR1,ENSG00000187866,PABIR1,PABIR1,PP2A Aalpha (PPP2R1A) and B55A (PPP2R2A) interacting phosphatase regulator 1,dimgrey,dimgrey,MC100_vs_MC1,1,1,0.0102407828026378,1.025369202196126,1.025369202196126,MC100_vs_MC1,1.025369202196126,0.0102407828026378,up_in_tested,1,0,deg_fraction,True,particle_size_um,-0.1867202754883608,0.4176932392721355,0.7331959097856713,0.07828998197270153,,,,1.025369202196126,,,,,,0.0102407828026378,,,,,,up_in_tested,,,3883,304,6,MA100_vs_CTR;MA100_vs_MA1;MA1_vs_CTR;MC100_vs_MC1;MC1_vs_CTR;MD1_vs_CTR,True,False
TRMT10B,ENSG00000165275,TRMT10B,TRMT10B,tRNA methyltransferase 10B,darkgrey,darkgrey,MC100_vs_MC1,1,1,0.0102573059088352,1.069568595670686,1.069568595670686,MC100_vs_MC1,-1.069568595670686,0.0102573059088352,down_in_tested,0,1,module_trait;deg_fraction,True,particle_size_um,0.6222385633532057,0.0025949251469398,0.0591962437092719,0.06276791181873852,,,,-1.069568595670686,,,,,,0.0102573059088352,,,,,,down_in_tested,,,3266,205,5,MA100_vs_CTR;MA100_vs_MA1;MC100_vs_MC1;MC1_vs_CTR;MD1_vs_CTR,True,True
ERN1,ENSG00000178607,ERN1,ERN1,endoplasmic reticulum to nucleus signaling 1,dimgrey,dimgrey,MA100_vs_CTR,1,1,0.0103282806747437,1.0040553382581063,1.0040553382581063,MA100_vs_CTR,-1.0040553382581063,0.0103282806747437,down_in_tested,0,1,deg_fraction,True,particle_size_um,-0.1867202754883608,0.4176932392721355,0.7331959097856713,0.07828998197270153,-1.0040553382581063,,,,,,0.0103282806747437,,,,,,down_in_tested,,,,,,3883,304,6,MA100_vs_CTR;MA100_vs_MA1;MA1_vs_CTR;MC100_vs_MC1;MC1_vs_CTR;MD1_vs_CTR,True,False
S100A3,ENSG00000188015,S100A3,S100A3,S100 calcium binding protein A3,darkgrey,darkgrey,MC100_vs_MC1,1,1,0.0104263442683389,1.7134113227273964,1.7134113227273964,MC100_vs_MC1,-1.7134113227273964,0.0104263442683389,down_in_tested,0,1,module_trait;deg_fraction,True,particle_size_um,0.6222385633532057,0.0025949251469398,0.0591962437092719,0.06276791181873852,,,,-1.7134113227273964,,,,,,0.0104263442683389,,,,,,down_in_tested,,,3266,205,5,MA100_vs_CTR;MA100_vs_MA1;MC100_vs_MC1;MC1_vs_CTR;MD1_vs_CTR,True,True
POLR2A,ENSG00000181222,POLR2A,POLR2A,RNA polymerase II subunit A,darkgrey,darkgrey,MC100_vs_MC1,1,1,0.0106224343973216,2.043667519443952,2.043667519443952,MC100_vs_MC1,-2.043667519443952,0.0106224343973216,down_in_tested,0,1,module_trait;deg_fraction,True,particle_size_um,0.6222385633532057,0.0025949251469398,0.0591962437092719,0.06276791181873852,,,,-2.043667519443952,,,,,,0.0106224343973216,,,,,,down_in_tested,,,3266,205,5,MA100_vs_CTR;MA100_vs_MA1;MC100_vs_MC1;MC1_vs_CTR;MD1_vs_CTR,True,True
NECTIN1,ENSG00000110400,NECTIN1,NECTIN1,nectin cell adhesion molecule 1,dimgrey,dimgrey,MA100_vs_CTR;MA100_vs_MA1,2,2,0.0107846128128801,1.3388086746347485,1.2435206300382835,MA100_vs_MA1,-1.3388086746347485,0.0137542640113339,down_in_tested,0,2,deg_fraction,True,particle_size_um,-0.1867202754883608,0.4176932392721355,0.7331959097856713,0.07828998197270153,-1.1482325854418185,-1.3388086746347485,,,,,0.0107846128128801,0.0137542640113339,,,,,down_in_tested,down_in_tested,,,,,3883,304,6,MA100_vs_CTR;MA100_vs_MA1;MA1_vs_CTR;MC100_vs_MC1;MC1_vs_CTR;MD1_vs_CTR,True,False
BBS12,ENSG00000181004,BBS12,BBS12,Bardet-Biedl syndrome 12,mistyrose,mistyrose,MC100_vs_MC1,1,1,0.0108044916723721,1.6774347817785042,1.6774347817785042,MC100_vs_MC1,1.6774347817785042,0.0108044916723721,up_in_tested,1,0,deg_fraction,True,particle_size_um,-0.3310821963795141,0.142641678213067,0.5170760835223682,0.018309859154929577,,,,1.6774347817785042,,,,,,0.0108044916723721,,,,,,up_in_tested,,,2130,39,4,MA100_vs_CTR;MA100_vs_MA1;MC100_vs_MC1;MC1_vs_CTR,True,False
POFUT3,ENSG00000172728,POFUT3,POFUT3,protein O-fucosyltransferase 3,mistyrose,mistyrose,MC100_vs_MC1,1,1,0.0108044916723721,1.5701954607668769,1.5701954607668769,MC100_vs_MC1,1.5701954607668769,0.0108044916723721,up_in_tested,1,0,deg_fraction,True,particle_size_um,-0.3310821963795141,0.142641678213067,0.5170760835223682,0.018309859154929577,,,,1.5701954607668769,,,,,,0.0108044916723721,,,,,,up_in_tested,,,2130,39,4,MA100_vs_CTR;MA100_vs_MA1;MC100_vs_MC1;MC1_vs_CTR,True,False
EBLN2,ENSG00000255423,EBLN2,EBLN2,endogenous Bornavirus like nucleoprotein 2,mistyrose,mistyrose,MC100_vs_MC1,1,1,0.0109095093467814,1.3869296586201671,1.3869296586201671,MC100_vs_MC1,1.3869296586201671,0.0109095093467814,up_in_tested,1,0,deg_fraction,True,particle_size_um,-0.3310821963795141,0.142641678213067,0.5170760835223682,0.018309859154929577,,,,1.3869296586201671,,,,,,0.0109095093467814,,,,,,up_in_tested,,,2130,39,4,MA100_vs_CTR;MA100_vs_MA1;MC100_vs_MC1;MC1_vs_CTR,True,False
COPB2,ENSG00000184432,COPB2,COPB2,coat protein complex I subunit beta 2,gainsboro,gainsboro,MD1_vs_CTR,1,1,0.0110736413552273,1.0046511405520386,1.0046511405520386,MD1_vs_CTR,1.0046511405520386,0.0110736413552273,up_in_tested,1,0,deg_fraction,True,particle_size_um,-0.2764543534617769,0.2250855359964077,0.5934073221723477,0.04092526690391459,,,,,,1.0046511405520386,,,,,,0.0110736413552273,,,,,,up_in_tested,1124,46,6,MA100_vs_CTR;MA100_vs_MA1;MA1_vs_CTR;MC100_vs_MC1;MC1_vs_CTR;MD1_vs_CTR,True,False
METTL5,ENSG00000138382,METTL5,METTL5,"methyltransferase 5, N6-adenosine",dimgrey,dimgrey,MA100_vs_CTR,1,1,0.0111909404654329,1.2948209617475612,1.2948209617475612,MA100_vs_CTR,-1.2948209617475612,0.0111909404654329,down_in_tested,0,1,deg_fraction,True,particle_size_um,-0.1867202754883608,0.4176932392721355,0.7331959097856713,0.07828998197270153,-1.2948209617475612,,,,,,0.0111909404654329,,,,,,down_in_tested,,,,,,3883,304,6,MA100_vs_CTR;MA100_vs_MA1;MA1_vs_CTR;MC100_vs_MC1;MC1_vs_CTR;MD1_vs_CTR,True,False
ZNF611,ENSG00000213020,ZNF611,ZNF611,zinc finger protein 611,darkgrey,darkgrey,MA100_vs_CTR,1,1,0.0112037604717649,1.0381395681641985,1.0381395681641985,MA100_vs_CTR,1.0381395681641985,0.0112037604717649,up_in_tested,1,0,module_trait;deg_fraction,True,particle_size_um,0.6222385633532057,0.0025949251469398,0.0591962437092719,0.06276791181873852,1.0381395681641985,,,,,,0.0112037604717649,,,,,,up_in_tested,,,,,,3266,205,5,MA100_vs_CTR;MA100_vs_MA1;MC100_vs_MC1;MC1_vs_CTR;MD1_vs_CTR,True,True
TMEM8B,ENSG00000137103,TMEM8B,TMEM8B,transmembrane protein 8B,darkgrey,darkgrey,MC100_vs_MC1;MC1_vs_CTR,2,2,0.0114004278840405,1.12030841276305,1.0684306692928414,MC1_vs_CTR,1.12030841276305,0.0114004278840405,up_in_tested,1,1,module_trait;deg_fraction,True,particle_size_um,0.6222385633532057,0.0025949251469398,0.0591962437092719,0.06276791181873852,,,,-1.016552925822633,1.12030841276305,,,,,0.0211373789687809,0.0114004278840405,,,,,down_in_tested,up_in_tested,,3266,205,5,MA100_vs_CTR;MA100_vs_MA1;MC100_vs_MC1;MC1_vs_CTR;MD1_vs_CTR,True,True
EOLA2,ENSG00000197021,EOLA2,EOLA2,endothelium and lymphocyte associated ASCH domain 2,dimgrey,dimgrey,MC100_vs_MC1,1,1,0.0114808564347831,1.6874727480711629,1.6874727480711629,MC100_vs_MC1,1.6874727480711629,0.0114808564347831,up_in_tested,1,0,deg_fraction,True,particle_size_um,-0.1867202754883608,0.4176932392721355,0.7331959097856713,0.07828998197270153,,,,1.6874727480711629,,,,,,0.0114808564347831,,,,,,up_in_tested,,,3883,304,6,MA100_vs_CTR;MA100_vs_MA1;MA1_vs_CTR;MC100_vs_MC1;MC1_vs_CTR;MD1_vs_CTR,True,False
DMPK,ENSG00000104936,DMPK,DMPK,DM1 protein kinase,dimgrey,dimgrey,MC100_vs_MC1,1,1,0.0120342580884793,1.3692482409760875,1.3692482409760875,MC100_vs_MC1,1.3692482409760875,0.0120342580884793,up_in_tested,1,0,deg_fraction,True,particle_size_um,-0.1867202754883608,0.4176932392721355,0.7331959097856713,0.07828998197270153,,,,1.3692482409760875,,,,,,0.0120342580884793,,,,,,up_in_tested,,,3883,304,6,MA100_vs_CTR;MA100_vs_MA1;MA1_vs_CTR;MC100_vs_MC1;MC1_vs_CTR;MD1_vs_CTR,True,False
LTBP4,ENSG00000090006,LTBP4,LTBP4,latent transforming growth factor beta binding protein 4,dimgrey,dimgrey,MC1_vs_CTR,1,1,0.0121051466092659,1.1079207596786769,1.1079207596786769,MC1_vs_CTR,1.1079207596786769,0.0121051466092659,up_in_tested,1,0,deg_fraction,True,particle_size_um,-0.1867202754883608,0.4176932392721355,0.7331959097856713,0.07828998197270153,,,,,1.1079207596786769,,,,,,0.0121051466092659,,,,,,up_in_tested,,3883,304,6,MA100_vs_CTR;MA100_vs_MA1;MA1_vs_CTR;MC100_vs_MC1;MC1_vs_CTR;MD1_vs_CTR,True,False
WNK4,ENSG00000126562,WNK4,WNK4,WNK lysine deficient protein kinase 4,dimgrey,dimgrey,MC100_vs_MC1,1,1,0.012161491499978,1.3977538739583912,1.3977538739583912,MC100_vs_MC1,1.3977538739583912,0.012161491499978,up_in_tested,1,0,deg_fraction,True,particle_size_um,-0.1867202754883608,0.4176932392721355,0.7331959097856713,0.07828998197270153,,,,1.3977538739583912,,,,,,0.012161491499978,,,,,,up_in_tested,,,3883,304,6,MA100_vs_CTR;MA100_vs_MA1;MA1_vs_CTR;MC100_vs_MC1;MC1_vs_CTR;MD1_vs_CTR,True,False
TMUB1,ENSG00000164897,TMUB1,TMUB1,transmembrane and ubiquitin like domain containing 1,darkgrey,darkgrey,MA100_vs_MA1,1,1,0.0123469086048901,1.1995666658190869,1.1995666658190869,MA100_vs_MA1,1.1995666658190869,0.0123469086048901,up_in_tested,1,0,module_trait;deg_fraction,True,particle_size_um,0.6222385633532057,0.0025949251469398,0.0591962437092719,0.06276791181873852,,1.1995666658190869,,,,,,0.0123469086048901,,,,,,up_in_tested,,,,,3266,205,5,MA100_vs_CTR;MA100_vs_MA1;MC100_vs_MC1;MC1_vs_CTR;MD1_vs_CTR,True,True
LAMB3,ENSG00000196878,LAMB3,LAMB3,laminin subunit beta 3,dimgrey,dimgrey,MA100_vs_CTR,1,1,0.012437915283308,1.1106680369268331,1.1106680369268331,MA100_vs_CTR,-1.1106680369268331,0.012437915283308,down_in_tested,0,1,deg_fraction,True,particle_size_um,-0.1867202754883608,0.4176932392721355,0.7331959097856713,0.07828998197270153,-1.1106680369268331,,,,,,0.012437915283308,,,,,,down_in_tested,,,,,,3883,304,6,MA100_vs_CTR;MA100_vs_MA1;MA1_vs_CTR;MC100_vs_MC1;MC1_vs_CTR;MD1_vs_CTR,True,False
PAOX,ENSG00000148832,PAOX,PAOX,polyamine oxidase,darkgrey,darkgrey,MC100_vs_MC1,1,1,0.0124927460988712,1.5067909777377084,1.5067909777377084,MC100_vs_MC1,-1.5067909777377084,0.0124927460988712,down_in_tested,0,1,module_trait;deg_fraction,True,particle_size_um,0.6222385633532057,0.0025949251469398,0.0591962437092719,0.06276791181873852,,,,-1.5067909777377084,,,,,,0.0124927460988712,,,,,,down_in_tested,,,3266,205,5,MA100_vs_CTR;MA100_vs_MA1;MC100_vs_MC1;MC1_vs_CTR;MD1_vs_CTR,True,True
NINL,ENSG00000101004,NINL,NINL,ninein like,darkgrey,darkgrey,MC100_vs_MC1,1,1,0.0127454288056386,1.4027884647275122,1.4027884647275122,MC100_vs_MC1,-1.4027884647275122,0.0127454288056386,down_in_tested,0,1,module_trait;deg_fraction,True,particle_size_um,0.6222385633532057,0.0025949251469398,0.0591962437092719,0.06276791181873852,,,,-1.4027884647275122,,,,,,0.0127454288056386,,,,,,down_in_tested,,,3266,205,5,MA100_vs_CTR;MA100_vs_MA1;MC100_vs_MC1;MC1_vs_CTR;MD1_vs_CTR,True,True
UBXN2B,ENSG00000215114,UBXN2B,UBXN2B,UBX domain protein 2B,dimgrey,dimgrey,MA100_vs_CTR,1,1,0.012917458509303,1.2757051457958777,1.2757051457958777,MA100_vs_CTR,-1.2757051457958777,0.012917458509303,down_in_tested,0,1,deg_fraction,True,particle_size_um,-0.1867202754883608,0.4176932392721355,0.7331959097856713,0.07828998197270153,-1.2757051457958777,,,,,,0.012917458509303,,,,,,down_in_tested,,,,,,3883,304,6,MA100_vs_CTR;MA100_vs_MA1;MA1_vs_CTR;MC100_vs_MC1;MC1_vs_CTR;MD1_vs_CTR,True,False
DCHS1,ENSG00000166341,DCHS1,DCHS1,dachsous cadherin-related 1,darkgrey,darkgrey,MC100_vs_MC1,1,1,0.013364590543807,1.628270549264188,1.628270549264188,MC100_vs_MC1,-1.628270549264188,0.013364590543807,down_in_tested,0,1,module_trait;deg_fraction,True,particle_size_um,0.6222385633532057,0.0025949251469398,0.0591962437092719,0.06276791181873852,,,,-1.628270549264188,,,,,,0.013364590543807,,,,,,down_in_tested,,,3266,205,5,MA100_vs_CTR;MA100_vs_MA1;MC100_vs_MC1;MC1_vs_CTR;MD1_vs_CTR,True,True
FBXO34,ENSG00000178974,FBXO34,FBXO34,F-box protein 34,dimgrey,dimgrey,MA100_vs_CTR,1,1,0.0136073736651706,1.1989970241363006,1.1989970241363006,MA100_vs_CTR,-1.1989970241363006,0.0136073736651706,down_in_tested,0,1,deg_fraction,True,particle_size_um,-0.1867202754883608,0.4176932392721355,0.7331959097856713,0.07828998197270153,-1.1989970241363006,,,,,,0.0136073736651706,,,,,,down_in_tested,,,,,,3883,304,6,MA100_vs_CTR;MA100_vs_MA1;MA1_vs_CTR;MC100_vs_MC1;MC1_vs_CTR;MD1_vs_CTR,True,False
MMP16,ENSG00000156103,MMP16,MMP16,matrix metallopeptidase 16,dimgrey,dimgrey,MC100_vs_MC1,1,1,0.0137010301017469,1.129512704261248,1.129512704261248,MC100_vs_MC1,-1.129512704261248,0.0137010301017469,down_in_tested,0,1,deg_fraction,True,particle_size_um,-0.1867202754883608,0.4176932392721355,0.7331959097856713,0.07828998197270153,,,,-1.129512704261248,,,,,,0.0137010301017469,,,,,,down_in_tested,,,3883,304,6,MA100_vs_CTR;MA100_vs_MA1;MA1_vs_CTR;MC100_vs_MC1;MC1_vs_CTR;MD1_vs_CTR,True,False
MRFAP1L2,ENSG00000170846,MRFAP1L2,MRFAP1L2,Morf4 family associated protein 1 like 2,dimgrey,dimgrey,MC100_vs_MC1;MC1_vs_CTR,2,2,0.0137141462886776,1.4554086984612729,1.4448031737259543,MC1_vs_CTR,-1.4554086984612729,0.0142021794679927,down_in_tested,1,1,deg_fraction,True,particle_size_um,-0.1867202754883608,0.4176932392721355,0.7331959097856713,0.07828998197270153,,,,1.4341976489906358,-1.4554086984612729,,,,,0.0137141462886776,0.0142021794679927,,,,,up_in_tested,down_in_tested,,3883,304,6,MA100_vs_CTR;MA100_vs_MA1;MA1_vs_CTR;MC100_vs_MC1;MC1_vs_CTR;MD1_vs_CTR,True,False
ANO4,ENSG00000151572,ANO4,ANO4,anoctamin 4,gainsboro,gainsboro,MA100_vs_CTR;MD1_vs_CTR,2,2,0.0137160099627715,1.2339285861715947,1.1178713789227985,MD1_vs_CTR,1.2339285861715947,0.0137160099627715,up_in_tested,2,0,deg_fraction,True,particle_size_um,-0.2764543534617769,0.2250855359964077,0.5934073221723477,0.04092526690391459,1.001814171674002,,,,,1.2339285861715947,0.0533653426432737,,,,,0.0137160099627715,up_in_tested,,,,,up_in_tested,1124,46,6,MA100_vs_CTR;MA100_vs_MA1;MA1_vs_CTR;MC100_vs_MC1;MC1_vs_CTR;MD1_vs_CTR,True,False
FCRLB,ENSG00000162746,FCRLB,FCRLB,Fc receptor like B,dimgrey,dimgrey,MA100_vs_CTR,1,1,0.0140879936433783,1.0568702210373506,1.0568702210373506,MA100_vs_CTR,-1.0568702210373506,0.0140879936433783,down_in_tested,0,1,deg_fraction,True,particle_size_um,-0.1867202754883608,0.4176932392721355,0.7331959097856713,0.07828998197270153,-1.0568702210373506,,,,,,0.0140879936433783,,,,,,down_in_tested,,,,,,3883,304,6,MA100_vs_CTR;MA100_vs_MA1;MA1_vs_CTR;MC100_vs_MC1;MC1_vs_CTR;MD1_vs_CTR,True,False
CEND1,ENSG00000184524,CEND1,CEND1,cell cycle exit and neuronal differentiation 1,darkgrey,darkgrey,MC100_vs_MC1,1,1,0.0140916679836262,1.5386031147932384,1.5386031147932384,MC100_vs_MC1,-1.5386031147932384,0.0140916679836262,down_in_tested,0,1,module_trait;deg_fraction,True,particle_size_um,0.6222385633532057,0.0025949251469398,0.0591962437092719,0.06276791181873852,,,,-1.5386031147932384,,,,,,0.0140916679836262,,,,,,down_in_tested,,,3266,205,5,MA100_vs_CTR;MA100_vs_MA1;MC100_vs_MC1;MC1_vs_CTR;MD1_vs_CTR,True,True
COL11A1,ENSG00000060718,COL11A1,COL11A1,collagen type XI alpha 1 chain,gainsboro,gainsboro,MA100_vs_CTR,1,1,0.0142842498265326,1.2010099455660654,1.2010099455660654,MA100_vs_CTR,1.2010099455660654,0.0142842498265326,up_in_tested,1,0,deg_fraction,True,particle_size_um,-0.2764543534617769,0.2250855359964077,0.5934073221723477,0.04092526690391459,1.2010099455660654,,,,,,0.0142842498265326,,,,,,up_in_tested,,,,,,1124,46,6,MA100_vs_CTR;MA100_vs_MA1;MA1_vs_CTR;MC100_vs_MC1;MC1_vs_CTR;MD1_vs_CTR,True,False
MTMR3,ENSG00000100330,MTMR3,MTMR3,myotubularin related protein 3,darkgrey,darkgrey,MC1_vs_CTR,1,1,0.0143867274419552,1.1744285133621553,1.1744285133621553,MC1_vs_CTR,1.1744285133621553,0.0143867274419552,up_in_tested,1,0,module_trait;deg_fraction,True,particle_size_um,0.6222385633532057,0.0025949251469398,0.0591962437092719,0.06276791181873852,,,,,1.1744285133621553,,,,,,0.0143867274419552,,,,,,up_in_tested,,3266,205,5,MA100_vs_CTR;MA100_vs_MA1;MC100_vs_MC1;MC1_vs_CTR;MD1_vs_CTR,True,True
C5orf34,ENSG00000172244,C5orf34,C5orf34,chromosome 5 open reading frame 34,dimgrey,dimgrey,MC100_vs_MC1,1,1,0.0144465295464456,1.8383605376623773,1.8383605376623773,MC100_vs_MC1,1.8383605376623773,0.0144465295464456,up_in_tested,1,0,deg_fraction,True,particle_size_um,-0.1867202754883608,0.4176932392721355,0.7331959097856713,0.07828998197270153,,,,1.8383605376623773,,,,,,0.0144465295464456,,,,,,up_in_tested,,,3883,304,6,MA100_vs_CTR;MA100_vs_MA1;MA1_vs_CTR;MC100_vs_MC1;MC1_vs_CTR;MD1_vs_CTR,True,False
TBKBP1,ENSG00000198933,TBKBP1,TBKBP1,TBK1 binding protein 1,darkgrey,darkgrey,MC100_vs_MC1,1,1,0.0145234041463911,1.1560490777376946,1.1560490777376946,MC100_vs_MC1,-1.1560490777376946,0.0145234041463911,down_in_tested,0,1,module_trait;deg_fraction,True,particle_size_um,0.6222385633532057,0.0025949251469398,0.0591962437092719,0.06276791181873852,,,,-1.1560490777376946,,,,,,0.0145234041463911,,,,,,down_in_tested,,,3266,205,5,MA100_vs_CTR;MA100_vs_MA1;MC100_vs_MC1;MC1_vs_CTR;MD1_vs_CTR,True,True
LRFN3,ENSG00000126243,LRFN3,LRFN3,leucine rich repeat and fibronectin type III domain containing 3,darkgrey,darkgrey,MC100_vs_MC1,1,1,0.0147732886892544,1.2193289784439405,1.2193289784439405,MC100_vs_MC1,-1.2193289784439405,0.0147732886892544,down_in_tested,0,1,module_trait;deg_fraction,True,particle_size_um,0.6222385633532057,0.0025949251469398,0.0591962437092719,0.06276791181873852,,,,-1.2193289784439405,,,,,,0.0147732886892544,,,,,,down_in_tested,,,3266,205,5,MA100_vs_CTR;MA100_vs_MA1;MC100_vs_MC1;MC1_vs_CTR;MD1_vs_CTR,True,True
NOL8,ENSG00000198000,NOL8,NOL8,nucleolar protein 8,dimgrey,dimgrey,MA100_vs_CTR;MD1_vs_CTR,2,2,0.0150126988901522,1.1243067740790826,1.0962113938427316,MD1_vs_CTR,-1.1243067740790826,0.0150126988901522,down_in_tested,0,2,deg_fraction,True,particle_size_um,-0.1867202754883608,0.4176932392721355,0.7331959097856713,0.07828998197270153,-1.0681160136063808,,,,,-1.1243067740790826,0.0223046541180036,,,,,0.0150126988901522,down_in_tested,,,,,down_in_tested,3883,304,6,MA100_vs_CTR;MA100_vs_MA1;MA1_vs_CTR;MC100_vs_MC1;MC1_vs_CTR;MD1_vs_CTR,True,False
SAPCD2,ENSG00000186193,SAPCD2,SAPCD2,suppressor APC domain containing 2,dimgrey,dimgrey,MA100_vs_CTR,1,1,0.0154514515614745,1.0074626775761983,1.0074626775761983,MA100_vs_CTR,-1.0074626775761983,0.0154514515614745,down_in_tested,0,1,deg_fraction,True,particle_size_um,-0.1867202754883608,0.4176932392721355,0.7331959097856713,0.07828998197270153,-1.0074626775761983,,,,,,0.0154514515614745,,,,,,down_in_tested,,,,,,3883,304,6,MA100_vs_CTR;MA100_vs_MA1;MA1_vs_CTR;MC100_vs_MC1;MC1_vs_CTR;MD1_vs_CTR,True,False
DOCK6,ENSG00000130158,DOCK6,DOCK6,dedicator of cytokinesis 6,dimgrey,dimgrey,MC100_vs_MC1,1,1,0.0154792956495288,1.012211465946488,1.012211465946488,MC100_vs_MC1,-1.012211465946488,0.0154792956495288,down_in_tested,0,1,deg_fraction,True,particle_size_um,-0.1867202754883608,0.4176932392721355,0.7331959097856713,0.07828998197270153,,,,-1.012211465946488,,,,,,0.0154792956495288,,,,,,down_in_tested,,,3883,304,6,MA100_vs_CTR;MA100_vs_MA1;MA1_vs_CTR;MC100_vs_MC1;MC1_vs_CTR;MD1_vs_CTR,True,False
CDK7,ENSG00000134058,CDK7,CDK7,cyclin dependent kinase 7,dimgrey,dimgrey,MC100_vs_MC1,1,1,0.0159121643575275,1.176895158230468,1.176895158230468,MC100_vs_MC1,1.176895158230468,0.0159121643575275,up_in_tested,1,0,deg_fraction,True,particle_size_um,-0.1867202754883608,0.4176932392721355,0.7331959097856713,0.07828998197270153,,,,1.176895158230468,,,,,,0.0159121643575275,,,,,,up_in_tested,,,3883,304,6,MA100_vs_CTR;MA100_vs_MA1;MA1_vs_CTR;MC100_vs_MC1;MC1_vs_CTR;MD1_vs_CTR,True,False
PRDM6,ENSG00000061455,PRDM6,PRDM6,PR/SET domain 6,mistyrose,mistyrose,MC100_vs_MC1,1,1,0.0161035300234477,1.0189353394816754,1.0189353394816754,MC100_vs_MC1,1.0189353394816754,0.0161035300234477,up_in_tested,1,0,deg_fraction,True,particle_size_um,-0.3310821963795141,0.142641678213067,0.5170760835223682,0.018309859154929577,,,,1.0189353394816754,,,,,,0.0161035300234477,,,,,,up_in_tested,,,2130,39,4,MA100_vs_CTR;MA100_vs_MA1;MC100_vs_MC1;MC1_vs_CTR,True,False
TLR6,ENSG00000174130,TLR6,TLR6,toll like receptor 6,darkgrey,darkgrey,MC100_vs_MC1,1,1,0.0161456648502496,1.4860040473133915,1.4860040473133915,MC100_vs_MC1,-1.4860040473133915,0.0161456648502496,down_in_tested,0,1,module_trait;deg_fraction,True,particle_size_um,0.6222385633532057,0.0025949251469398,0.0591962437092719,0.06276791181873852,,,,-1.4860040473133915,,,,,,0.0161456648502496,,,,,,down_in_tested,,,3266,205,5,MA100_vs_CTR;MA100_vs_MA1;MC100_vs_MC1;MC1_vs_CTR;MD1_vs_CTR,True,True
PRRC2B,ENSG00000288701,PRRC2B,PRRC2B,proline rich coiled-coil 2B,darkgrey,darkgrey,MA100_vs_CTR;MC100_vs_MC1;MC1_vs_CTR;MD1_vs_CTR,4,4,0.0161953271253435,1.3353203907451354,1.2465693318497428,MC1_vs_CTR,1.3353203907451354,0.0167598759034054,up_in_tested,3,1,module_trait;deg_fraction,True,particle_size_um,0.6222385633532057,0.0025949251469398,0.0591962437092719,0.06276791181873852,1.2338453653256405,,,-1.3146009065252036,1.3353203907451354,1.1025106648029916,0.0317406851005936,,,0.0161953271253435,0.0167598759034054,0.0612428296573145,up_in_tested,,,down_in_tested,up_in_tested,up_in_tested,3266,205,5,MA100_vs_CTR;MA100_vs_MA1;MC100_vs_MC1;MC1_vs_CTR;MD1_vs_CTR,True,True
AMDHD2,ENSG00000162066,AMDHD2,AMDHD2,amidohydrolase domain containing 2,darkgrey,darkgrey,MC100_vs_MC1,1,1,0.0163823103586028,1.0068812064299169,1.0068812064299169,MC100_vs_MC1,-1.0068812064299169,0.0163823103586028,down_in_tested,0,1,module_trait;deg_fraction,True,particle_size_um,0.6222385633532057,0.0025949251469398,0.0591962437092719,0.06276791181873852,,,,-1.0068812064299169,,,,,,0.0163823103586028,,,,,,down_in_tested,,,3266,205,5,MA100_vs_CTR;MA100_vs_MA1;MC100_vs_MC1;MC1_vs_CTR;MD1_vs_CTR,True,True
LRCH2,ENSG00000130224,LRCH2,LRCH2,leucine rich repeats and calponin homology domain containing 2,dimgrey,dimgrey,MC100_vs_MC1,1,1,0.0164302168055145,1.008080506725407,1.008080506725407,MC100_vs_MC1,1.008080506725407,0.0164302168055145,up_in_tested,1,0,deg_fraction,True,particle_size_um,-0.1867202754883608,0.4176932392721355,0.7331959097856713,0.07828998197270153,,,,1.008080506725407,,,,,,0.0164302168055145,,,,,,up_in_tested,,,3883,304,6,MA100_vs_CTR;MA100_vs_MA1;MA1_vs_CTR;MC100_vs_MC1;MC1_vs_CTR;MD1_vs_CTR,True,False
SYTL4,ENSG00000102362,SYTL4,SYTL4,synaptotagmin like 4,darkgrey,darkgrey,MA100_vs_CTR,1,1,0.0164502068565975,1.1473257265878785,1.1473257265878785,MA100_vs_CTR,1.1473257265878785,0.0164502068565975,up_in_tested,1,0,module_trait;deg_fraction,True,particle_size_um,0.6222385633532057,0.0025949251469398,0.0591962437092719,0.06276791181873852,1.1473257265878785,,,,,,0.0164502068565975,,,,,,up_in_tested,,,,,,3266,205,5,MA100_vs_CTR;MA100_vs_MA1;MC100_vs_MC1;MC1_vs_CTR;MD1_vs_CTR,True,True
AATF,ENSG00000275700,AATF,AATF,apoptosis antagonizing transcription factor,dimgrey,dimgrey,MA100_vs_CTR,1,1,0.016457702848367,1.2711448378578485,1.2711448378578485,MA100_vs_CTR,-1.2711448378578485,0.016457702848367,down_in_tested,0,1,deg_fraction,True,particle_size_um,-0.1867202754883608,0.4176932392721355,0.7331959097856713,0.07828998197270153,-1.2711448378578485,,,,,,0.016457702848367,,,,,,down_in_tested,,,,,,3883,304,6,MA100_vs_CTR;MA100_vs_MA1;MA1_vs_CTR;MC100_vs_MC1;MC1_vs_CTR;MD1_vs_CTR,True,False
HAUS7,ENSG00000213397,HAUS7,HAUS7,HAUS augmin like complex subunit 7,darkgrey,darkgrey,MC100_vs_MC1,1,1,0.0166517343280873,1.567570669922328,1.567570669922328,MC100_vs_MC1,-1.567570669922328,0.0166517343280873,down_in_tested,0,1,module_trait;deg_fraction,True,particle_size_um,0.6222385633532057,0.0025949251469398,0.0591962437092719,0.06276791181873852,,,,-1.567570669922328,,,,,,0.0166517343280873,,,,,,down_in_tested,,,3266,205,5,MA100_vs_CTR;MA100_vs_MA1;MC100_vs_MC1;MC1_vs_CTR;MD1_vs_CTR,True,True
CETN2,ENSG00000147400,CETN2,CETN2,centrin 2,dimgrey,dimgrey,MA100_vs_CTR;MC100_vs_MC1;MC1_vs_CTR,3,3,0.0167720947230928,1.2339818736430732,1.1818006185440229,MA100_vs_CTR,1.2339818736430732,0.0167720947230928,up_in_tested,2,1,deg_fraction,True,particle_size_um,-0.1867202754883608,0.4176932392721355,0.7331959097856713,0.07828998197270153,1.2339818736430732,,,-1.1533534124581284,1.1580665695308665,,0.0167720947230928,,,0.022336215629143,0.0232571410201095,,up_in_tested,,,down_in_tested,up_in_tested,,3883,304,6,MA100_vs_CTR;MA100_vs_MA1;MA1_vs_CTR;MC100_vs_MC1;MC1_vs_CTR;MD1_vs_CTR,True,False
TMEM54,ENSG00000121900,TMEM54,TMEM54,transmembrane protein 54,dimgrey,dimgrey,MC100_vs_MC1,1,1,0.0168468481452208,1.1820653688907097,1.1820653688907097,MC100_vs_MC1,1.1820653688907097,0.0168468481452208,up_in_tested,1,0,deg_fraction,True,particle_size_um,-0.1867202754883608,0.4176932392721355,0.7331959097856713,0.07828998197270153,,,,1.1820653688907097,,,,,,0.0168468481452208,,,,,,up_in_tested,,,3883,304,6,MA100_vs_CTR;MA100_vs_MA1;MA1_vs_CTR;MC100_vs_MC1;MC1_vs_CTR;MD1_vs_CTR,True,False
SLC25A53,ENSG00000269743,SLC25A53,SLC25A53,solute carrier family 25 member 53,dimgrey,dimgrey,MC100_vs_MC1,1,1,0.0169069281115506,1.5338341850092154,1.5338341850092154,MC100_vs_MC1,1.5338341850092154,0.0169069281115506,up_in_tested,1,0,deg_fraction,True,particle_size_um,-0.1867202754883608,0.4176932392721355,0.7331959097856713,0.07828998197270153,,,,1.5338341850092154,,,,,,0.0169069281115506,,,,,,up_in_tested,,,3883,304,6,MA100_vs_CTR;MA100_vs_MA1;MA1_vs_CTR;MC100_vs_MC1;MC1_vs_CTR;MD1_vs_CTR,True,False
PRORP,ENSG00000100890,PRORP,PRORP,protein only RNase P catalytic subunit,gainsboro,gainsboro,MA100_vs_CTR,1,1,0.0169332924450557,1.593481485982835,1.593481485982835,MA100_vs_CTR,1.593481485982835,0.0169332924450557,up_in_tested,1,0,deg_fraction,True,particle_size_um,-0.2764543534617769,0.2250855359964077,0.5934073221723477,0.04092526690391459,1.593481485982835,,,,,,0.0169332924450557,,,,,,up_in_tested,,,,,,1124,46,6,MA100_vs_CTR;MA100_vs_MA1;MA1_vs_CTR;MC100_vs_MC1;MC1_vs_CTR;MD1_vs_CTR,True,False
MT-ATP6,ENSG00000198899,MT-ATP6,MT-ATP6,ATP synthase F0 subunit 6,dimgrey,dimgrey,MA100_vs_CTR;MC1_vs_CTR;MD1_vs_CTR,3,3,0.0179732769477774,1.1296008221412874,1.0697373922599602,MD1_vs_CTR,-1.1296008221412874,0.0179732769477774,down_in_tested,0,3,deg_fraction,True,particle_size_um,-0.1867202754883608,0.4176932392721355,0.7331959097856713,0.07828998197270153,-1.0505035080452267,,,,-1.0291078465933663,-1.1296008221412874,0.0300169842080465,,,,0.031100972675537,0.0179732769477774,down_in_tested,,,,down_in_tested,down_in_tested,3883,304,6,MA100_vs_CTR;MA100_vs_MA1;MA1_vs_CTR;MC100_vs_MC1;MC1_vs_CTR;MD1_vs_CTR,True,False
CPNE7,ENSG00000178773,CPNE7,CPNE7,copine 7,darkgrey,darkgrey,MA100_vs_CTR;MC100_vs_MC1;MD1_vs_CTR,3,3,0.0182292095896941,1.2204064433072654,1.1299480593590254,MD1_vs_CTR,1.2204064433072654,0.0182292095896941,up_in_tested,2,1,module_trait;deg_fraction,True,particle_size_um,0.6222385633532057,0.0025949251469398,0.0591962437092719,0.06276791181873852,1.0608862199607398,,,-1.108551514809071,,1.2204064433072654,0.0450988937513163,,,0.030559980574491,,0.0182292095896941,up_in_tested,,,down_in_tested,,up_in_tested,3266,205,5,MA100_vs_CTR;MA100_vs_MA1;MC100_vs_MC1;MC1_vs_CTR;MD1_vs_CTR,True,True
MICOS13,ENSG00000174917,MICOS13,MICOS13,mitochondrial contact site and cristae organizing system subunit 13,dimgrey,dimgrey,MA100_vs_MA1;MD1_vs_CTR,2,2,0.0183310298303693,1.251070460454151,1.2472601145139244,MD1_vs_CTR,-1.251070460454151,0.0183310298303693,down_in_tested,1,1,deg_fraction,True,particle_size_um,-0.1867202754883608,0.4176932392721355,0.7331959097856713,0.07828998197270153,,1.2434497685736978,,,,-1.251070460454151,,0.0712698743573582,,,,0.0183310298303693,,up_in_tested,,,,down_in_tested,3883,304,6,MA100_vs_CTR;MA100_vs_MA1;MA1_vs_CTR;MC100_vs_MC1;MC1_vs_CTR;MD1_vs_CTR,True,False
PSME2,ENSG00000100911,PSME2,PSME2,proteasome activator subunit 2,dimgrey,dimgrey,MA100_vs_CTR;MA100_vs_MA1;MC100_vs_MC1;MC1_vs_CTR;MD1_vs_CTR,5,5,0.0186371466242241,1.7454544951074584,1.5243945311813034,MA100_vs_CTR,-1.7454544951074584,0.0186371466242241,down_in_tested,1,4,deg_fraction,True,particle_size_um,-0.1867202754883608,0.4176932392721355,0.7331959097856713,0.07828998197270153,-1.7454544951074584,-1.6575526219862589,,1.4972101128985356,-1.4359629486811685,-1.285792477233096,0.0186371466242241,0.0893064655471768,,0.0417458606100513,0.054863257150363,0.0997109627246307,down_in_tested,down_in_tested,,up_in_tested,down_in_tested,down_in_tested,3883,304,6,MA100_vs_CTR;MA100_vs_MA1;MA1_vs_CTR;MC100_vs_MC1;MC1_vs_CTR;MD1_vs_CTR,True,False
CCDC184,ENSG00000177875,CCDC184,CCDC184,coiled-coil domain containing 184,darkgrey,darkgrey,MC100_vs_MC1,1,1,0.0190137699893247,2.1424358160030628,2.1424358160030628,MC100_vs_MC1,-2.1424358160030628,0.0190137699893247,down_in_tested,0,1,module_trait;deg_fraction,True,particle_size_um,0.6222385633532057,0.0025949251469398,0.0591962437092719,0.06276791181873852,,,,-2.1424358160030628,,,,,,0.0190137699893247,,,,,,down_in_tested,,,3266,205,5,MA100_vs_CTR;MA100_vs_MA1;MC100_vs_MC1;MC1_vs_CTR;MD1_vs_CTR,True,True
GSTZ1,ENSG00000100577,GSTZ1,GSTZ1,glutathione S-transferase zeta 1,darkgrey,darkgrey,MC100_vs_MC1,1,1,0.0190594736308341,1.0098289141501573,1.0098289141501573,MC100_vs_MC1,-1.0098289141501573,0.0190594736308341,down_in_tested,0,1,module_trait;deg_fraction,True,particle_size_um,0.6222385633532057,0.0025949251469398,0.0591962437092719,0.06276791181873852,,,,-1.0098289141501573,,,,,,0.0190594736308341,,,,,,down_in_tested,,,3266,205,5,MA100_vs_CTR;MA100_vs_MA1;MC100_vs_MC1;MC1_vs_CTR;MD1_vs_CTR,True,True
ZNG1E,ENSG00000147996,ZNG1E,ZNG1E,Zn regulated GTPase metalloprotein activator 1E,dimgrey,dimgrey,MC1_vs_CTR,1,1,0.0190597504353157,1.0721089108571564,1.0721089108571564,MC1_vs_CTR,-1.0721089108571564,0.0190597504353157,down_in_tested,0,1,deg_fraction,True,particle_size_um,-0.1867202754883608,0.4176932392721355,0.7331959097856713,0.07828998197270153,,,,,-1.0721089108571564,,,,,,0.0190597504353157,,,,,,down_in_tested,,3883,304,6,MA100_vs_CTR;MA100_vs_MA1;MA1_vs_CTR;MC100_vs_MC1;MC1_vs_CTR;MD1_vs_CTR,True,False
SLC38A9,ENSG00000177058,SLC38A9,SLC38A9,solute carrier family 38 member 9,dimgrey,dimgrey,MC100_vs_MC1,1,1,0.0195599329691381,1.2715248909009025,1.2715248909009025,MC100_vs_MC1,1.2715248909009025,0.0195599329691381,up_in_tested,1,0,deg_fraction,True,particle_size_um,-0.1867202754883608,0.4176932392721355,0.7331959097856713,0.07828998197270153,,,,1.2715248909009025,,,,,,0.0195599329691381,,,,,,up_in_tested,,,3883,304,6,MA100_vs_CTR;MA100_vs_MA1;MA1_vs_CTR;MC100_vs_MC1;MC1_vs_CTR;MD1_vs_CTR,True,False
BMPER,ENSG00000164619,BMPER,BMPER,BMP binding endothelial regulator,dimgrey,dimgrey,MC100_vs_MC1,1,1,0.0199796588348155,1.13463742117733,1.13463742117733,MC100_vs_MC1,1.13463742117733,0.0199796588348155,up_in_tested,1,0,deg_fraction,True,particle_size_um,-0.1867202754883608,0.4176932392721355,0.7331959097856713,0.07828998197270153,,,,1.13463742117733,,,,,,0.0199796588348155,,,,,,up_in_tested,,,3883,304,6,MA100_vs_CTR;MA100_vs_MA1;MA1_vs_CTR;MC100_vs_MC1;MC1_vs_CTR;MD1_vs_CTR,True,False
HEXB,ENSG00000049860,HEXB,HEXB,hexosaminidase subunit beta,dimgrey,dimgrey,MA100_vs_CTR;MC100_vs_MC1;MC1_vs_CTR,3,3,0.0203432651295104,1.2560645457431745,1.1298549608683672,MA100_vs_CTR,-1.2560645457431745,0.0203432651295104,down_in_tested,1,2,deg_fraction,True,particle_size_um,-0.1867202754883608,0.4176932392721355,0.7331959097856713,0.07828998197270153,-1.2560645457431745,,,1.0975297780612157,-1.035970558800712,,0.0203432651295104,,,0.0405266484369299,0.0577613445461593,,down_in_tested,,,up_in_tested,down_in_tested,,3883,304,6,MA100_vs_CTR;MA100_vs_MA1;MA1_vs_CTR;MC100_vs_MC1;MC1_vs_CTR;MD1_vs_CTR,True,False
SIPA1,ENSG00000213445,SIPA1,SIPA1,signal-induced proliferation-associated 1,mistyrose,mistyrose,MA100_vs_CTR,1,1,0.0206391063439919,1.1112289440257836,1.1112289440257836,MA100_vs_CTR,-1.1112289440257836,0.0206391063439919,down_in_tested,0,1,deg_fraction,True,particle_size_um,-0.3310821963795141,0.142641678213067,0.5170760835223682,0.018309859154929577,-1.1112289440257836,,,,,,0.0206391063439919,,,,,,down_in_tested,,,,,,2130,39,4,MA100_vs_CTR;MA100_vs_MA1;MC100_vs_MC1;MC1_vs_CTR,True,False
LRRN3,ENSG00000173114,LRRN3,LRRN3,leucine rich repeat neuronal 3,mistyrose,mistyrose,MC100_vs_MC1,1,1,0.0208869092904621,1.1970423328119055,1.1970423328119055,MC100_vs_MC1,1.1970423328119055,0.0208869092904621,up_in_tested,1,0,deg_fraction,True,particle_size_um,-0.3310821963795141,0.142641678213067,0.5170760835223682,0.018309859154929577,,,,1.1970423328119055,,,,,,0.0208869092904621,,,,,,up_in_tested,,,2130,39,4,MA100_vs_CTR;MA100_vs_MA1;MC100_vs_MC1;MC1_vs_CTR,True,False
TMEM234,ENSG00000160055,TMEM234,TMEM234,transmembrane protein 234,dimgrey,dimgrey,MC100_vs_MC1,1,1,0.0213853243457968,1.309945586419854,1.309945586419854,MC100_vs_MC1,1.309945586419854,0.0213853243457968,up_in_tested,1,0,deg_fraction,True,particle_size_um,-0.1867202754883608,0.4176932392721355,0.7331959097856713,0.07828998197270153,,,,1.309945586419854,,,,,,0.0213853243457968,,,,,,up_in_tested,,,3883,304,6,MA100_vs_CTR;MA100_vs_MA1;MA1_vs_CTR;MC100_vs_MC1;MC1_vs_CTR;MD1_vs_CTR,True,False
NUDT19,ENSG00000213965,NUDT19,NUDT19,nudix hydrolase 19,dimgrey,dimgrey,MA100_vs_CTR,1,1,0.0215061890502512,1.244491664595878,1.244491664595878,MA100_vs_CTR,-1.244491664595878,0.0215061890502512,down_in_tested,0,1,deg_fraction,True,particle_size_um,-0.1867202754883608,0.4176932392721355,0.7331959097856713,0.07828998197270153,-1.244491664595878,,,,,,0.0215061890502512,,,,,,down_in_tested,,,,,,3883,304,6,MA100_vs_CTR;MA100_vs_MA1;MA1_vs_CTR;MC100_vs_MC1;MC1_vs_CTR;MD1_vs_CTR,True,False
NFKBIE,ENSG00000146232,NFKBIE,NFKBIE,NFKB inhibitor epsilon,dimgrey,dimgrey,MC100_vs_MC1,1,1,0.0216843076434092,1.238288462563475,1.238288462563475,MC100_vs_MC1,1.238288462563475,0.0216843076434092,up_in_tested,1,0,deg_fraction,True,particle_size_um,-0.1867202754883608,0.4176932392721355,0.7331959097856713,0.07828998197270153,,,,1.238288462563475,,,,,,0.0216843076434092,,,,,,up_in_tested,,,3883,304,6,MA100_vs_CTR;MA100_vs_MA1;MA1_vs_CTR;MC100_vs_MC1;MC1_vs_CTR;MD1_vs_CTR,True,False
BAD,ENSG00000002330,BAD,BAD,BCL2 associated agonist of cell death,dimgrey,dimgrey,MA100_vs_MA1,1,1,0.0218823356889828,1.085225863612011,1.085225863612011,MA100_vs_MA1,1.085225863612011,0.0218823356889828,up_in_tested,1,0,deg_fraction,True,particle_size_um,-0.1867202754883608,0.4176932392721355,0.7331959097856713,0.07828998197270153,,1.085225863612011,,,,,,0.0218823356889828,,,,,,up_in_tested,,,,,3883,304,6,MA100_vs_CTR;MA100_vs_MA1;MA1_vs_CTR;MC100_vs_MC1;MC1_vs_CTR;MD1_vs_CTR,True,False
CLEC14A,ENSG00000176435,CLEC14A,CLEC14A,C-type lectin domain containing 14A,dimgrey,dimgrey,MC100_vs_MC1,1,1,0.022035169756738,1.974134445747252,1.974134445747252,MC100_vs_MC1,1.974134445747252,0.022035169756738,up_in_tested,1,0,deg_fraction,True,particle_size_um,-0.1867202754883608,0.4176932392721355,0.7331959097856713,0.07828998197270153,,,,1.974134445747252,,,,,,0.022035169756738,,,,,,up_in_tested,,,3883,304,6,MA100_vs_CTR;MA100_vs_MA1;MA1_vs_CTR;MC100_vs_MC1;MC1_vs_CTR;MD1_vs_CTR,True,False
LMBR1L,ENSG00000139636,LMBR1L,LMBR1L,limb development membrane protein 1 like,darkgrey,darkgrey,MC100_vs_MC1,1,1,0.0222045120185626,1.039127855196894,1.039127855196894,MC100_vs_MC1,-1.039127855196894,0.0222045120185626,down_in_tested,0,1,module_trait;deg_fraction,True,particle_size_um,0.6222385633532057,0.0025949251469398,0.0591962437092719,0.06276791181873852,,,,-1.039127855196894,,,,,,0.0222045120185626,,,,,,down_in_tested,,,3266,205,5,MA100_vs_CTR;MA100_vs_MA1;MC100_vs_MC1;MC1_vs_CTR;MD1_vs_CTR,True,True
MAP2K7,ENSG00000076984,MAP2K7,MAP2K7,mitogen-activated protein kinase kinase 7,darkgrey,darkgrey,MC100_vs_MC1,1,1,0.0222476370461909,1.141977974146403,1.141977974146403,MC100_vs_MC1,-1.141977974146403,0.0222476370461909,down_in_tested,0,1,module_trait;deg_fraction,True,particle_size_um,0.6222385633532057,0.0025949251469398,0.0591962437092719,0.06276791181873852,,,,-1.141977974146403,,,,,,0.0222476370461909,,,,,,down_in_tested,,,3266,205,5,MA100_vs_CTR;MA100_vs_MA1;MC100_vs_MC1;MC1_vs_CTR;MD1_vs_CTR,True,True
TMA7B,ENSG00000225528,TMA7B,TMA7B,translation machinery associated 7 homolog B,darkgrey,darkgrey,MC100_vs_MC1,1,1,0.0223245402474244,1.095370002441286,1.095370002441286,MC100_vs_MC1,-1.095370002441286,0.0223245402474244,down_in_tested,0,1,module_trait;deg_fraction,True,particle_size_um,0.6222385633532057,0.0025949251469398,0.0591962437092719,0.06276791181873852,,,,-1.095370002441286,,,,,,0.0223245402474244,,,,,,down_in_tested,,,3266,205,5,MA100_vs_CTR;MA100_vs_MA1;MC100_vs_MC1;MC1_vs_CTR;MD1_vs_CTR,True,True
PRRT2,ENSG00000167371,PRRT2,PRRT2,proline rich transmembrane protein 2,darkgrey,darkgrey,MD1_vs_CTR,1,1,0.0225488659966862,1.071807087889352,1.071807087889352,MD1_vs_CTR,1.071807087889352,0.0225488659966862,up_in_tested,1,0,module_trait;deg_fraction,True,particle_size_um,0.6222385633532057,0.0025949251469398,0.0591962437092719,0.06276791181873852,,,,,,1.071807087889352,,,,,,0.0225488659966862,,,,,,up_in_tested,3266,205,5,MA100_vs_CTR;MA100_vs_MA1;MC100_vs_MC1;MC1_vs_CTR;MD1_vs_CTR,True,True
TIGD6,ENSG00000164296,TIGD6,TIGD6,tigger transposable element derived 6,dimgrey,dimgrey,MA100_vs_CTR,1,1,0.02279877351999,1.046491712321122,1.046491712321122,MA100_vs_CTR,-1.046491712321122,0.02279877351999,down_in_tested,0,1,deg_fraction,True,particle_size_um,-0.1867202754883608,0.4176932392721355,0.7331959097856713,0.07828998197270153,-1.046491712321122,,,,,,0.02279877351999,,,,,,down_in_tested,,,,,,3883,304,6,MA100_vs_CTR;MA100_vs_MA1;MA1_vs_CTR;MC100_vs_MC1;MC1_vs_CTR;MD1_vs_CTR,True,False
SPATA2,ENSG00000158480,SPATA2,SPATA2,spermatogenesis associated 2,darkgrey,darkgrey,MA100_vs_CTR,1,1,0.0231353508352203,1.093704793831001,1.093704793831001,MA100_vs_CTR,1.093704793831001,0.0231353508352203,up_in_tested,1,0,module_trait;deg_fraction,True,particle_size_um,0.6222385633532057,0.0025949251469398,0.0591962437092719,0.06276791181873852,1.093704793831001,,,,,,0.0231353508352203,,,,,,up_in_tested,,,,,,3266,205,5,MA100_vs_CTR;MA100_vs_MA1;MC100_vs_MC1;MC1_vs_CTR;MD1_vs_CTR,True,True
RUSC2,ENSG00000198853,RUSC2,RUSC2,RUN and SH3 domain containing 2,mistyrose,mistyrose,MC100_vs_MC1,1,1,0.023501600550375,1.4953512491157444,1.4953512491157444,MC100_vs_MC1,1.4953512491157444,0.023501600550375,up_in_tested,1,0,deg_fraction,True,particle_size_um,-0.3310821963795141,0.142641678213067,0.5170760835223682,0.018309859154929577,,,,1.4953512491157444,,,,,,0.023501600550375,,,,,,up_in_tested,,,2130,39,4,MA100_vs_CTR;MA100_vs_MA1;MC100_vs_MC1;MC1_vs_CTR,True,False
LEPR,ENSG00000116678,LEPR,LEPR,leptin receptor,darkgrey,darkgrey,MA100_vs_CTR,1,1,0.0236112992453026,1.1743850996958431,1.1743850996958431,MA100_vs_CTR,1.1743850996958431,0.0236112992453026,up_in_tested,1,0,module_trait;deg_fraction,True,particle_size_um,0.6222385633532057,0.0025949251469398,0.0591962437092719,0.06276791181873852,1.1743850996958431,,,,,,0.0236112992453026,,,,,,up_in_tested,,,,,,3266,205,5,MA100_vs_CTR;MA100_vs_MA1;MC100_vs_MC1;MC1_vs_CTR;MD1_vs_CTR,True,True
WFS1,ENSG00000109501,WFS1,WFS1,wolframin ER transmembrane glycoprotein,white,white,MC1_vs_CTR,1,1,0.0239289094186383,1.0039884846992275,1.0039884846992275,MC1_vs_CTR,1.0039884846992275,0.0239289094186383,up_in_tested,1,0,deg_fraction,True,particle_size_um,0.1986467889396646,0.3880151304316748,0.7331959097856713,0.025236593059936908,,,,,1.0039884846992275,,,,,,0.0239289094186383,,,,,,up_in_tested,,317,8,5,MA100_vs_CTR;MA100_vs_MA1;MC100_vs_MC1;MC1_vs_CTR;MD1_vs_CTR,True,False
BATF3,ENSG00000123685,BATF3,BATF3,basic leucine zipper ATF-like transcription factor 3,dimgrey,dimgrey,MA100_vs_CTR,1,1,0.0243177025207567,1.002002908262149,1.002002908262149,MA100_vs_CTR,-1.002002908262149,0.0243177025207567,down_in_tested,0,1,deg_fraction,True,particle_size_um,-0.1867202754883608,0.4176932392721355,0.7331959097856713,0.07828998197270153,-1.002002908262149,,,,,,0.0243177025207567,,,,,,down_in_tested,,,,,,3883,304,6,MA100_vs_CTR;MA100_vs_MA1;MA1_vs_CTR;MC100_vs_MC1;MC1_vs_CTR;MD1_vs_CTR,True,False
LRSAM1,ENSG00000148356,LRSAM1,LRSAM1,leucine rich repeat and sterile alpha motif containing 1,darkgrey,darkgrey,MA100_vs_CTR,1,1,0.0244118770163083,1.1421832768190778,1.1421832768190778,MA100_vs_CTR,1.1421832768190778,0.0244118770163083,up_in_tested,1,0,module_trait;deg_fraction,True,particle_size_um,0.6222385633532057,0.0025949251469398,0.0591962437092719,0.06276791181873852,1.1421832768190778,,,,,,0.0244118770163083,,,,,,up_in_tested,,,,,,3266,205,5,MA100_vs_CTR;MA100_vs_MA1;MC100_vs_MC1;MC1_vs_CTR;MD1_vs_CTR,True,True
CNN2,ENSG00000064666,CNN2,CNN2,calponin 2,gainsboro,gainsboro,MA100_vs_CTR,1,1,0.0245218648145234,1.0188600044769212,1.0188600044769212,MA100_vs_CTR,1.0188600044769212,0.0245218648145234,up_in_tested,1,0,deg_fraction,True,particle_size_um,-0.2764543534617769,0.2250855359964077,0.5934073221723477,0.04092526690391459,1.0188600044769212,,,,,,0.0245218648145234,,,,,,up_in_tested,,,,,,1124,46,6,MA100_vs_CTR;MA100_vs_MA1;MA1_vs_CTR;MC100_vs_MC1;MC1_vs_CTR;MD1_vs_CTR,True,False
RAB11FIP1,ENSG00000156675,RAB11FIP1,RAB11FIP1,RAB11 family interacting protein 1,dimgrey,dimgrey,MC1_vs_CTR,1,1,0.0245371176387214,1.0373445136518906,1.0373445136518906,MC1_vs_CTR,1.0373445136518906,0.0245371176387214,up_in_tested,1,0,deg_fraction,True,particle_size_um,-0.1867202754883608,0.4176932392721355,0.7331959097856713,0.07828998197270153,,,,,1.0373445136518906,,,,,,0.0245371176387214,,,,,,up_in_tested,,3883,304,6,MA100_vs_CTR;MA100_vs_MA1;MA1_vs_CTR;MC100_vs_MC1;MC1_vs_CTR;MD1_vs_CTR,True,False
NDRG1,ENSG00000104419,NDRG1,NDRG1,N-myc downstream regulated 1,gainsboro,gainsboro,MA100_vs_CTR,1,1,0.0248987641170859,1.5261788407323689,1.5261788407323689,MA100_vs_CTR,1.5261788407323689,0.0248987641170859,up_in_tested,1,0,deg_fraction,True,particle_size_um,-0.2764543534617769,0.2250855359964077,0.5934073221723477,0.04092526690391459,1.5261788407323689,,,,,,0.0248987641170859,,,,,,up_in_tested,,,,,,1124,46,6,MA100_vs_CTR;MA100_vs_MA1;MA1_vs_CTR;MC100_vs_MC1;MC1_vs_CTR;MD1_vs_CTR,True,False
VGLL4,ENSG00000144560,VGLL4,VGLL4,vestigial like family member 4,darkgrey,darkgrey,MC1_vs_CTR,1,1,0.0250581673903148,1.028056268231828,1.028056268231828,MC1_vs_CTR,1.028056268231828,0.0250581673903148,up_in_tested,1,0,module_trait;deg_fraction,True,particle_size_um,0.6222385633532057,0.0025949251469398,0.0591962437092719,0.06276791181873852,,,,,1.028056268231828,,,,,,0.0250581673903148,,,,,,up_in_tested,,3266,205,5,MA100_vs_CTR;MA100_vs_MA1;MC100_vs_MC1;MC1_vs_CTR;MD1_vs_CTR,True,True
LRRC4,ENSG00000128594,LRRC4,LRRC4,leucine rich repeat containing 4,gainsboro,gainsboro,MC100_vs_MC1,1,1,0.0250777673764309,1.701554275369851,1.701554275369851,MC100_vs_MC1,-1.701554275369851,0.0250777673764309,down_in_tested,0,1,deg_fraction,True,particle_size_um,-0.2764543534617769,0.2250855359964077,0.5934073221723477,0.04092526690391459,,,,-1.701554275369851,,,,,,0.0250777673764309,,,,,,down_in_tested,,,1124,46,6,MA100_vs_CTR;MA100_vs_MA1;MA1_vs_CTR;MC100_vs_MC1;MC1_vs_CTR;MD1_vs_CTR,True,False
TRPT1,ENSG00000149743,TRPT1,TRPT1,tRNA phosphotransferase 1,dimgrey,dimgrey,MA100_vs_CTR,1,1,0.0251789902713719,1.2351545807694198,1.2351545807694198,MA100_vs_CTR,-1.2351545807694198,0.0251789902713719,down_in_tested,0,1,deg_fraction,True,particle_size_um,-0.1867202754883608,0.4176932392721355,0.7331959097856713,0.07828998197270153,-1.2351545807694198,,,,,,0.0251789902713719,,,,,,down_in_tested,,,,,,3883,304,6,MA100_vs_CTR;MA100_vs_MA1;MA1_vs_CTR;MC100_vs_MC1;MC1_vs_CTR;MD1_vs_CTR,True,False
GIN1,ENSG00000145723,GIN1,GIN1,gypsy retrotransposon integrase 1,dimgrey,dimgrey,MA100_vs_CTR,1,1,0.0251789902713719,1.1623859069480134,1.1623859069480134,MA100_vs_CTR,-1.1623859069480134,0.0251789902713719,down_in_tested,0,1,deg_fraction,True,particle_size_um,-0.1867202754883608,0.4176932392721355,0.7331959097856713,0.07828998197270153,-1.1623859069480134,,,,,,0.0251789902713719,,,,,,down_in_tested,,,,,,3883,304,6,MA100_vs_CTR;MA100_vs_MA1;MA1_vs_CTR;MC100_vs_MC1;MC1_vs_CTR;MD1_vs_CTR,True,False
FAM50B,ENSG00000145945,FAM50B,FAM50B,family with sequence similarity 50 member B,dimgrey,dimgrey,MA100_vs_CTR,1,1,0.0251789902713719,1.0710644899069817,1.0710644899069817,MA100_vs_CTR,-1.0710644899069817,0.0251789902713719,down_in_tested,0,1,deg_fraction,True,particle_size_um,-0.1867202754883608,0.4176932392721355,0.7331959097856713,0.07828998197270153,-1.0710644899069817,,,,,,0.0251789902713719,,,,,,down_in_tested,,,,,,3883,304,6,MA100_vs_CTR;MA100_vs_MA1;MA1_vs_CTR;MC100_vs_MC1;MC1_vs_CTR;MD1_vs_CTR,True,False
ZNF524,ENSG00000171443,ZNF524,ZNF524,zinc finger protein 524,darkgrey,darkgrey,MC1_vs_CTR,1,1,0.0252476305095076,1.1273058648708651,1.1273058648708651,MC1_vs_CTR,1.1273058648708651,0.0252476305095076,up_in_tested,1,0,module_trait;deg_fraction,True,particle_size_um,0.6222385633532057,0.0025949251469398,0.0591962437092719,0.06276791181873852,,,,,1.1273058648708651,,,,,,0.0252476305095076,,,,,,up_in_tested,,3266,205,5,MA100_vs_CTR;MA100_vs_MA1;MC100_vs_MC1;MC1_vs_CTR;MD1_vs_CTR,True,True
SEMA4F,ENSG00000135622,SEMA4F,SEMA4F,ssemaphorin 4F,dimgrey,dimgrey,MA100_vs_CTR,1,1,0.0255510089195447,1.1881088230353456,1.1881088230353456,MA100_vs_CTR,-1.1881088230353456,0.0255510089195447,down_in_tested,0,1,deg_fraction,True,particle_size_um,-0.1867202754883608,0.4176932392721355,0.7331959097856713,0.07828998197270153,-1.1881088230353456,,,,,,0.0255510089195447,,,,,,down_in_tested,,,,,,3883,304,6,MA100_vs_CTR;MA100_vs_MA1;MA1_vs_CTR;MC100_vs_MC1;MC1_vs_CTR;MD1_vs_CTR,True,False
OPHN1,ENSG00000079482,OPHN1,OPHN1,oligophrenin 1,dimgrey,dimgrey,MC100_vs_MC1,1,1,0.0256661159826421,1.088474716962871,1.088474716962871,MC100_vs_MC1,1.088474716962871,0.0256661159826421,up_in_tested,1,0,deg_fraction,True,particle_size_um,-0.1867202754883608,0.4176932392721355,0.7331959097856713,0.07828998197270153,,,,1.088474716962871,,,,,,0.0256661159826421,,,,,,up_in_tested,,,3883,304,6,MA100_vs_CTR;MA100_vs_MA1;MA1_vs_CTR;MC100_vs_MC1;MC1_vs_CTR;MD1_vs_CTR,True,False
FIBIN,ENSG00000176971,FIBIN,FIBIN,fin bud initiation factor homolog,darkgrey,darkgrey,MC1_vs_CTR,1,1,0.0259495341535783,1.2517643110931829,1.2517643110931829,MC1_vs_CTR,1.2517643110931829,0.0259495341535783,up_in_tested,1,0,module_trait;deg_fraction,True,particle_size_um,0.6222385633532057,0.0025949251469398,0.0591962437092719,0.06276791181873852,,,,,1.2517643110931829,,,,,,0.0259495341535783,,,,,,up_in_tested,,3266,205,5,MA100_vs_CTR;MA100_vs_MA1;MC100_vs_MC1;MC1_vs_CTR;MD1_vs_CTR,True,True
TEDC1,ENSG00000185347,TEDC1,TEDC1,tubulin epsilon and delta complex 1,darkgrey,darkgrey,MC100_vs_MC1,1,1,0.0265190643177329,1.0192557280035115,1.0192557280035115,MC100_vs_MC1,-1.0192557280035115,0.0265190643177329,down_in_tested,0,1,module_trait;deg_fraction,True,particle_size_um,0.6222385633532057,0.0025949251469398,0.0591962437092719,0.06276791181873852,,,,-1.0192557280035115,,,,,,0.0265190643177329,,,,,,down_in_tested,,,3266,205,5,MA100_vs_CTR;MA100_vs_MA1;MC100_vs_MC1;MC1_vs_CTR;MD1_vs_CTR,True,True
ADAMTS15,ENSG00000166106,ADAMTS15,ADAMTS15,ADAM metallopeptidase with thrombospondin type 1 motif 15,darkgrey,darkgrey,MD1_vs_CTR,1,1,0.026699706083779,1.007389032294288,1.007389032294288,MD1_vs_CTR,1.007389032294288,0.026699706083779,up_in_tested,1,0,module_trait;deg_fraction,True,particle_size_um,0.6222385633532057,0.0025949251469398,0.0591962437092719,0.06276791181873852,,,,,,1.007389032294288,,,,,,0.026699706083779,,,,,,up_in_tested,3266,205,5,MA100_vs_CTR;MA100_vs_MA1;MC100_vs_MC1;MC1_vs_CTR;MD1_vs_CTR,True,True
CFAP68,ENSG00000137720,CFAP68,CFAP68,cilia and flagella associated protein 68,dimgrey,dimgrey,MA100_vs_CTR;MC1_vs_CTR,2,2,0.0268126821366948,1.2832761674921214,1.1723771609907803,MA100_vs_CTR,-1.2832761674921214,0.0268126821366948,down_in_tested,0,2,deg_fraction,True,particle_size_um,-0.1867202754883608,0.4176932392721355,0.7331959097856713,0.07828998197270153,-1.2832761674921214,,,,-1.061478154489439,,0.0268126821366948,,,,0.0683248168577636,,down_in_tested,,,,down_in_tested,,3883,304,6,MA100_vs_CTR;MA100_vs_MA1;MA1_vs_CTR;MC100_vs_MC1;MC1_vs_CTR;MD1_vs_CTR,True,False
DNALI1,ENSG00000163879,DNALI1,DNALI1,dynein axonemal light intermediate chain 1,dimgrey,dimgrey,MD1_vs_CTR,1,1,0.0272257613769862,1.197171139990449,1.197171139990449,MD1_vs_CTR,-1.197171139990449,0.0272257613769862,down_in_tested,0,1,deg_fraction,True,particle_size_um,-0.1867202754883608,0.4176932392721355,0.7331959097856713,0.07828998197270153,,,,,,-1.197171139990449,,,,,,0.0272257613769862,,,,,,down_in_tested,3883,304,6,MA100_vs_CTR;MA100_vs_MA1;MA1_vs_CTR;MC100_vs_MC1;MC1_vs_CTR;MD1_vs_CTR,True,False
ARHGAP33,ENSG00000004777,ARHGAP33,ARHGAP33,Rho GTPase activating protein 33,darkgrey,darkgrey,MD1_vs_CTR,1,1,0.0273275917785044,1.1264216742805202,1.1264216742805202,MD1_vs_CTR,1.1264216742805202,0.0273275917785044,up_in_tested,1,0,module_trait;deg_fraction,True,particle_size_um,0.6222385633532057,0.0025949251469398,0.0591962437092719,0.06276791181873852,,,,,,1.1264216742805202,,,,,,0.0273275917785044,,,,,,up_in_tested,3266,205,5,MA100_vs_CTR;MA100_vs_MA1;MC100_vs_MC1;MC1_vs_CTR;MD1_vs_CTR,True,True
EPB41L3,ENSG00000082397,EPB41L3,EPB41L3,erythrocyte membrane protein band 4.1 like 3,mistyrose,mistyrose,MA100_vs_CTR,1,1,0.0276393794380726,1.026107134523936,1.026107134523936,MA100_vs_CTR,-1.026107134523936,0.0276393794380726,down_in_tested,0,1,deg_fraction,True,particle_size_um,-0.3310821963795141,0.142641678213067,0.5170760835223682,0.018309859154929577,-1.026107134523936,,,,,,0.0276393794380726,,,,,,down_in_tested,,,,,,2130,39,4,MA100_vs_CTR;MA100_vs_MA1;MC100_vs_MC1;MC1_vs_CTR,True,False
OST4,ENSG00000228474,OST4,OST4,"oligosaccharyltransferase complex subunit 4, non-catalytic",dimgrey,dimgrey,MC100_vs_MC1,1,1,0.0286141513968424,1.0707700810389214,1.0707700810389214,MC100_vs_MC1,1.0707700810389214,0.0286141513968424,up_in_tested,1,0,deg_fraction,True,particle_size_um,-0.1867202754883608,0.4176932392721355,0.7331959097856713,0.07828998197270153,,,,1.0707700810389214,,,,,,0.0286141513968424,,,,,,up_in_tested,,,3883,304,6,MA100_vs_CTR;MA100_vs_MA1;MA1_vs_CTR;MC100_vs_MC1;MC1_vs_CTR;MD1_vs_CTR,True,False
MIB2,ENSG00000197530,MIB2,MIB2,MIB E3 ubiquitin protein ligase 2,darkgrey,darkgrey,MC100_vs_MC1,1,1,0.0294045690499338,1.12978538485221,1.12978538485221,MC100_vs_MC1,-1.12978538485221,0.0294045690499338,down_in_tested,0,1,module_trait;deg_fraction,True,particle_size_um,0.6222385633532057,0.0025949251469398,0.0591962437092719,0.06276791181873852,,,,-1.12978538485221,,,,,,0.0294045690499338,,,,,,down_in_tested,,,3266,205,5,MA100_vs_CTR;MA100_vs_MA1;MC100_vs_MC1;MC1_vs_CTR;MD1_vs_CTR,True,True
ATAD3B,ENSG00000160072,ATAD3B,ATAD3B,ATPase family AAA domain containing 3B,darkgrey,darkgrey,MA100_vs_MA1,1,1,0.0296233639712231,1.034735760196077,1.034735760196077,MA100_vs_MA1,1.034735760196077,0.0296233639712231,up_in_tested,1,0,module_trait;deg_fraction,True,particle_size_um,0.6222385633532057,0.0025949251469398,0.0591962437092719,0.06276791181873852,,1.034735760196077,,,,,,0.0296233639712231,,,,,,up_in_tested,,,,,3266,205,5,MA100_vs_CTR;MA100_vs_MA1;MC100_vs_MC1;MC1_vs_CTR;MD1_vs_CTR,True,True
CACNG8,ENSG00000142408,CACNG8,CACNG8,calcium voltage-gated channel auxiliary subunit gamma 8,darkgrey,darkgrey,MC100_vs_MC1,1,1,0.0297752055853677,1.1137497955958,1.1137497955958,MC100_vs_MC1,-1.1137497955958,0.0297752055853677,down_in_tested,0,1,module_trait;deg_fraction,True,particle_size_um,0.6222385633532057,0.0025949251469398,0.0591962437092719,0.06276791181873852,,,,-1.1137497955958,,,,,,0.0297752055853677,,,,,,down_in_tested,,,3266,205,5,MA100_vs_CTR;MA100_vs_MA1;MC100_vs_MC1;MC1_vs_CTR;MD1_vs_CTR,True,True
RNF26,ENSG00000173456,RNF26,RNF26,ring finger protein 26,dimgrey,dimgrey,MC100_vs_MC1,1,1,0.0306741046852396,1.5121848566576672,1.5121848566576672,MC100_vs_MC1,1.5121848566576672,0.0306741046852396,up_in_tested,1,0,deg_fraction,True,particle_size_um,-0.1867202754883608,0.4176932392721355,0.7331959097856713,0.07828998197270153,,,,1.5121848566576672,,,,,,0.0306741046852396,,,,,,up_in_tested,,,3883,304,6,MA100_vs_CTR;MA100_vs_MA1;MA1_vs_CTR;MC100_vs_MC1;MC1_vs_CTR;MD1_vs_CTR,True,False
TMSB15A,ENSG00000158164,TMSB15A,TMSB15A,thymosin beta 15A,mistyrose,mistyrose,MC100_vs_MC1,1,1,0.0310375391869429,1.0944783554027506,1.0944783554027506,MC100_vs_MC1,1.0944783554027506,0.0310375391869429,up_in_tested,1,0,deg_fraction,True,particle_size_um,-0.3310821963795141,0.142641678213067,0.5170760835223682,0.018309859154929577,,,,1.0944783554027506,,,,,,0.0310375391869429,,,,,,up_in_tested,,,2130,39,4,MA100_vs_CTR;MA100_vs_MA1;MC100_vs_MC1;MC1_vs_CTR,True,False
INTS8,ENSG00000164941,INTS8,INTS8,integrator complex subunit 8,dimgrey,dimgrey,MC100_vs_MC1,1,1,0.0313085239755683,1.4281717728217742,1.4281717728217742,MC100_vs_MC1,1.4281717728217742,0.0313085239755683,up_in_tested,1,0,deg_fraction,True,particle_size_um,-0.1867202754883608,0.4176932392721355,0.7331959097856713,0.07828998197270153,,,,1.4281717728217742,,,,,,0.0313085239755683,,,,,,up_in_tested,,,3883,304,6,MA100_vs_CTR;MA100_vs_MA1;MA1_vs_CTR;MC100_vs_MC1;MC1_vs_CTR;MD1_vs_CTR,True,False
EIF4A1,ENSG00000161960,EIF4A1,EIF4A1,eukaryotic translation initiation factor 4A1,darkgrey,darkgrey,MA100_vs_CTR,1,1,0.0321087461745661,1.1235628632518229,1.1235628632518229,MA100_vs_CTR,1.1235628632518229,0.0321087461745661,up_in_tested,1,0,module_trait;deg_fraction,True,particle_size_um,0.6222385633532057,0.0025949251469398,0.0591962437092719,0.06276791181873852,1.1235628632518229,,,,,,0.0321087461745661,,,,,,up_in_tested,,,,,,3266,205,5,MA100_vs_CTR;MA100_vs_MA1;MC100_vs_MC1;MC1_vs_CTR;MD1_vs_CTR,True,True
PLEKHA6,ENSG00000143850,PLEKHA6,PLEKHA6,pleckstrin homology domain containing A6,gainsboro,gainsboro,MA100_vs_CTR,1,1,0.0324847778379878,1.2732120121845665,1.2732120121845665,MA100_vs_CTR,1.2732120121845665,0.0324847778379878,up_in_tested,1,0,deg_fraction,True,particle_size_um,-0.2764543534617769,0.2250855359964077,0.5934073221723477,0.04092526690391459,1.2732120121845665,,,,,,0.0324847778379878,,,,,,up_in_tested,,,,,,1124,46,6,MA100_vs_CTR;MA100_vs_MA1;MA1_vs_CTR;MC100_vs_MC1;MC1_vs_CTR;MD1_vs_CTR,True,False
RNFT1,ENSG00000189050,RNFT1,RNFT1,"ring finger protein, transmembrane 1",dimgrey,dimgrey,MC100_vs_MC1,1,1,0.0325406882618563,1.901048856068625,1.901048856068625,MC100_vs_MC1,1.901048856068625,0.0325406882618563,up_in_tested,1,0,deg_fraction,True,particle_size_um,-0.1867202754883608,0.4176932392721355,0.7331959097856713,0.07828998197270153,,,,1.901048856068625,,,,,,0.0325406882618563,,,,,,up_in_tested,,,3883,304,6,MA100_vs_CTR;MA100_vs_MA1;MA1_vs_CTR;MC100_vs_MC1;MC1_vs_CTR;MD1_vs_CTR,True,False
CTTN,ENSG00000085733,CTTN,CTTN,cortactin,gainsboro,gainsboro,MC1_vs_CTR,1,1,0.0328111073048609,1.0066457318783255,1.0066457318783255,MC1_vs_CTR,1.0066457318783255,0.0328111073048609,up_in_tested,1,0,deg_fraction,True,particle_size_um,-0.2764543534617769,0.2250855359964077,0.5934073221723477,0.04092526690391459,,,,,1.0066457318783255,,,,,,0.0328111073048609,,,,,,up_in_tested,,1124,46,6,MA100_vs_CTR;MA100_vs_MA1;MA1_vs_CTR;MC100_vs_MC1;MC1_vs_CTR;MD1_vs_CTR,True,False
GPR137C,ENSG00000180998,GPR137C,GPR137C,G protein-coupled receptor 137C,dimgrey,dimgrey,MC100_vs_MC1,1,1,0.0330391158953661,1.3803764930330746,1.3803764930330746,MC100_vs_MC1,1.3803764930330746,0.0330391158953661,up_in_tested,1,0,deg_fraction,True,particle_size_um,-0.1867202754883608,0.4176932392721355,0.7331959097856713,0.07828998197270153,,,,1.3803764930330746,,,,,,0.0330391158953661,,,,,,up_in_tested,,,3883,304,6,MA100_vs_CTR;MA100_vs_MA1;MA1_vs_CTR;MC100_vs_MC1;MC1_vs_CTR;MD1_vs_CTR,True,False
LOC124900217,ENSG00000225177,LOC124900217,LOC124900217,collagen alpha-1(III) chain,dimgrey,dimgrey,MC100_vs_MC1,1,1,0.0332921534539811,1.5232983288638076,1.5232983288638076,MC100_vs_MC1,-1.5232983288638076,0.0332921534539811,down_in_tested,0,1,deg_fraction,True,particle_size_um,-0.1867202754883608,0.4176932392721355,0.7331959097856713,0.07828998197270153,,,,-1.5232983288638076,,,,,,0.0332921534539811,,,,,,down_in_tested,,,3883,304,6,MA100_vs_CTR;MA100_vs_MA1;MA1_vs_CTR;MC100_vs_MC1;MC1_vs_CTR;MD1_vs_CTR,True,False
INO80B,ENSG00000115274,INO80B,INO80B,INO80 complex subunit B,darkgrey,darkgrey,MC100_vs_MC1,1,1,0.034318471573613,1.413723233005303,1.413723233005303,MC100_vs_MC1,-1.413723233005303,0.034318471573613,down_in_tested,0,1,module_trait;deg_fraction,True,particle_size_um,0.6222385633532057,0.0025949251469398,0.0591962437092719,0.06276791181873852,,,,-1.413723233005303,,,,,,0.034318471573613,,,,,,down_in_tested,,,3266,205,5,MA100_vs_CTR;MA100_vs_MA1;MC100_vs_MC1;MC1_vs_CTR;MD1_vs_CTR,True,True
RPAIN,ENSG00000129197,RPAIN,RPAIN,RPA interacting protein,dimgrey,dimgrey,MC100_vs_MC1,1,1,0.0343550783939949,1.5849402953303269,1.5849402953303269,MC100_vs_MC1,1.5849402953303269,0.0343550783939949,up_in_tested,1,0,deg_fraction,True,particle_size_um,-0.1867202754883608,0.4176932392721355,0.7331959097856713,0.07828998197270153,,,,1.5849402953303269,,,,,,0.0343550783939949,,,,,,up_in_tested,,,3883,304,6,MA100_vs_CTR;MA100_vs_MA1;MA1_vs_CTR;MC100_vs_MC1;MC1_vs_CTR;MD1_vs_CTR,True,False
DHX16,ENSG00000204560,DHX16,DHX16,DEAH-box helicase 16,dimgrey,dimgrey,MC100_vs_MC1,1,1,0.0345820663645895,1.354398929634543,1.354398929634543,MC100_vs_MC1,1.354398929634543,0.0345820663645895,up_in_tested,1,0,deg_fraction,True,particle_size_um,-0.1867202754883608,0.4176932392721355,0.7331959097856713,0.07828998197270153,,,,1.354398929634543,,,,,,0.0345820663645895,,,,,,up_in_tested,,,3883,304,6,MA100_vs_CTR;MA100_vs_MA1;MA1_vs_CTR;MC100_vs_MC1;MC1_vs_CTR;MD1_vs_CTR,True,False
USP21,ENSG00000143258,USP21,USP21,ubiquitin specific peptidase 21,dimgrey,dimgrey,MC100_vs_MC1,1,1,0.0346987585075106,1.8008231875790406,1.8008231875790406,MC100_vs_MC1,1.8008231875790406,0.0346987585075106,up_in_tested,1,0,deg_fraction,True,particle_size_um,-0.1867202754883608,0.4176932392721355,0.7331959097856713,0.07828998197270153,,,,1.8008231875790406,,,,,,0.0346987585075106,,,,,,up_in_tested,,,3883,304,6,MA100_vs_CTR;MA100_vs_MA1;MA1_vs_CTR;MC100_vs_MC1;MC1_vs_CTR;MD1_vs_CTR,True,False
SCAI,ENSG00000173611,SCAI,SCAI,suppressor of cancer cell invasion,mistyrose,mistyrose,MC100_vs_MC1,1,1,0.0347402968033376,1.2820143535171955,1.2820143535171955,MC100_vs_MC1,1.2820143535171955,0.0347402968033376,up_in_tested,1,0,deg_fraction,True,particle_size_um,-0.3310821963795141,0.142641678213067,0.5170760835223682,0.018309859154929577,,,,1.2820143535171955,,,,,,0.0347402968033376,,,,,,up_in_tested,,,2130,39,4,MA100_vs_CTR;MA100_vs_MA1;MC100_vs_MC1;MC1_vs_CTR,True,False
HLA-C,ENSG00000204525,HLA-C,HLA-C,"major histocompatibility complex, class I, C",dimgrey,dimgrey,MA100_vs_CTR;MC100_vs_MC1,2,2,0.0356045710590778,1.0441583511309722,1.0361512317586863,MC100_vs_MC1,1.0441583511309722,0.0356045710590778,up_in_tested,1,1,deg_fraction,True,particle_size_um,-0.1867202754883608,0.4176932392721355,0.7331959097856713,0.07828998197270153,-1.0281441123864004,,,1.0441583511309722,,,0.045711198401682,,,0.0356045710590778,,,down_in_tested,,,up_in_tested,,,3883,304,6,MA100_vs_CTR;MA100_vs_MA1;MA1_vs_CTR;MC100_vs_MC1;MC1_vs_CTR;MD1_vs_CTR,True,False
TUBGCP3,ENSG00000126216,TUBGCP3,TUBGCP3,tubulin gamma complex component 3,darkgrey,darkgrey,MC100_vs_MC1,1,1,0.035964433274794,1.1036305577312036,1.1036305577312036,MC100_vs_MC1,-1.1036305577312036,0.035964433274794,down_in_tested,0,1,module_trait;deg_fraction,True,particle_size_um,0.6222385633532057,0.0025949251469398,0.0591962437092719,0.06276791181873852,,,,-1.1036305577312036,,,,,,0.035964433274794,,,,,,down_in_tested,,,3266,205,5,MA100_vs_CTR;MA100_vs_MA1;MC100_vs_MC1;MC1_vs_CTR;MD1_vs_CTR,True,True
MCM3AP,ENSG00000160294,MCM3AP,MCM3AP,minichromosome maintenance complex component 3 associated protein,dimgrey,dimgrey,MA100_vs_CTR,1,1,0.0365305244409628,1.1812843189926492,1.1812843189926492,MA100_vs_CTR,1.1812843189926492,0.0365305244409628,up_in_tested,1,0,deg_fraction,True,particle_size_um,-0.1867202754883608,0.4176932392721355,0.7331959097856713,0.07828998197270153,1.1812843189926492,,,,,,0.0365305244409628,,,,,,up_in_tested,,,,,,3883,304,6,MA100_vs_CTR;MA100_vs_MA1;MA1_vs_CTR;MC100_vs_MC1;MC1_vs_CTR;MD1_vs_CTR,True,False
DRP2,ENSG00000102385,DRP2,DRP2,dystrophin related protein 2,darkgrey,darkgrey,MC100_vs_MC1,1,1,0.036756599998598,1.218842719665198,1.218842719665198,MC100_vs_MC1,-1.218842719665198,0.036756599998598,down_in_tested,0,1,module_trait;deg_fraction,True,particle_size_um,0.6222385633532057,0.0025949251469398,0.0591962437092719,0.06276791181873852,,,,-1.218842719665198,,,,,,0.036756599998598,,,,,,down_in_tested,,,3266,205,5,MA100_vs_CTR;MA100_vs_MA1;MC100_vs_MC1;MC1_vs_CTR;MD1_vs_CTR,True,True
RFXANK,ENSG00000064490,RFXANK,RFXANK,regulatory factor X associated ankyrin containing protein,dimgrey,dimgrey,MC100_vs_MC1,1,1,0.0374328622431622,1.56374593465495,1.56374593465495,MC100_vs_MC1,1.56374593465495,0.0374328622431622,up_in_tested,1,0,deg_fraction,True,particle_size_um,-0.1867202754883608,0.4176932392721355,0.7331959097856713,0.07828998197270153,,,,1.56374593465495,,,,,,0.0374328622431622,,,,,,up_in_tested,,,3883,304,6,MA100_vs_CTR;MA100_vs_MA1;MA1_vs_CTR;MC100_vs_MC1;MC1_vs_CTR;MD1_vs_CTR,True,False
SLC41A2,ENSG00000136052,SLC41A2,SLC41A2,solute carrier family 41 member 2,dimgrey,dimgrey,MA100_vs_CTR,1,1,0.0374387696465083,1.1403003849867253,1.1403003849867253,MA100_vs_CTR,-1.1403003849867253,0.0374387696465083,down_in_tested,0,1,deg_fraction,True,particle_size_um,-0.1867202754883608,0.4176932392721355,0.7331959097856713,0.07828998197270153,-1.1403003849867253,,,,,,0.0374387696465083,,,,,,down_in_tested,,,,,,3883,304,6,MA100_vs_CTR;MA100_vs_MA1;MA1_vs_CTR;MC100_vs_MC1;MC1_vs_CTR;MD1_vs_CTR,True,False
CDH1,ENSG00000039068,CDH1,CDH1,cadherin 1,darkgrey,darkgrey,MC100_vs_MC1,1,1,0.0374412089519503,1.0969107839846437,1.0969107839846437,MC100_vs_MC1,-1.0969107839846437,0.0374412089519503,down_in_tested,0,1,module_trait;deg_fraction,True,particle_size_um,0.6222385633532057,0.0025949251469398,0.0591962437092719,0.06276791181873852,,,,-1.0969107839846437,,,,,,0.0374412089519503,,,,,,down_in_tested,,,3266,205,5,MA100_vs_CTR;MA100_vs_MA1;MC100_vs_MC1;MC1_vs_CTR;MD1_vs_CTR,True,True
JHY,ENSG00000109944,JHY,JHY,junctional cadherin complex regulator,white,white,MD1_vs_CTR,1,1,0.0379556418412958,1.0247054110385454,1.0247054110385454,MD1_vs_CTR,-1.0247054110385454,0.0379556418412958,down_in_tested,0,1,deg_fraction,True,particle_size_um,0.1986467889396646,0.3880151304316748,0.7331959097856713,0.025236593059936908,,,,,,-1.0247054110385454,,,,,,0.0379556418412958,,,,,,down_in_tested,317,8,5,MA100_vs_CTR;MA100_vs_MA1;MC100_vs_MC1;MC1_vs_CTR;MD1_vs_CTR,True,False
C20orf96,ENSG00000196476,C20orf96,C20orf96,chromosome 20 open reading frame 96,darkgrey,darkgrey,MC100_vs_MC1,1,1,0.0390949489009362,1.0145999365028755,1.0145999365028755,MC100_vs_MC1,-1.0145999365028755,0.0390949489009362,down_in_tested,0,1,module_trait;deg_fraction,True,particle_size_um,0.6222385633532057,0.0025949251469398,0.0591962437092719,0.06276791181873852,,,,-1.0145999365028755,,,,,,0.0390949489009362,,,,,,down_in_tested,,,3266,205,5,MA100_vs_CTR;MA100_vs_MA1;MC100_vs_MC1;MC1_vs_CTR;MD1_vs_CTR,True,True
NDUFA13,ENSG00000186010,NDUFA13,NDUFA13,NADH:ubiquinone oxidoreductase subunit A13,white,white,MC100_vs_MC1,1,1,0.0392220033548443,1.017887226834086,1.017887226834086,MC100_vs_MC1,-1.017887226834086,0.0392220033548443,down_in_tested,0,1,deg_fraction,True,particle_size_um,0.1986467889396646,0.3880151304316748,0.7331959097856713,0.025236593059936908,,,,-1.017887226834086,,,,,,0.0392220033548443,,,,,,down_in_tested,,,317,8,5,MA100_vs_CTR;MA100_vs_MA1;MC100_vs_MC1;MC1_vs_CTR;MD1_vs_CTR,True,False
CACHD1,ENSG00000158966,CACHD1,CACHD1,cache domain containing 1,mistyrose,mistyrose,MC100_vs_MC1,1,1,0.0393192273479758,1.7878640865565163,1.7878640865565163,MC100_vs_MC1,1.7878640865565163,0.0393192273479758,up_in_tested,1,0,deg_fraction,True,particle_size_um,-0.3310821963795141,0.142641678213067,0.5170760835223682,0.018309859154929577,,,,1.7878640865565163,,,,,,0.0393192273479758,,,,,,up_in_tested,,,2130,39,4,MA100_vs_CTR;MA100_vs_MA1;MC100_vs_MC1;MC1_vs_CTR,True,False
PHLDB3,ENSG00000176531,PHLDB3,PHLDB3,pleckstrin homology like domain family B member 3,darkgrey,darkgrey,MC100_vs_MC1,1,1,0.0397982665094086,1.654770902535407,1.654770902535407,MC100_vs_MC1,-1.654770902535407,0.0397982665094086,down_in_tested,0,1,module_trait;deg_fraction,True,particle_size_um,0.6222385633532057,0.0025949251469398,0.0591962437092719,0.06276791181873852,,,,-1.654770902535407,,,,,,0.0397982665094086,,,,,,down_in_tested,,,3266,205,5,MA100_vs_CTR;MA100_vs_MA1;MC100_vs_MC1;MC1_vs_CTR;MD1_vs_CTR,True,True
SLC45A3,ENSG00000158715,SLC45A3,SLC45A3,solute carrier family 45 member 3,darkgrey,darkgrey,MC100_vs_MC1,1,1,0.0405479297473785,1.009119063970679,1.009119063970679,MC100_vs_MC1,-1.009119063970679,0.0405479297473785,down_in_tested,0,1,module_trait;deg_fraction,True,particle_size_um,0.6222385633532057,0.0025949251469398,0.0591962437092719,0.06276791181873852,,,,-1.009119063970679,,,,,,0.0405479297473785,,,,,,down_in_tested,,,3266,205,5,MA100_vs_CTR;MA100_vs_MA1;MC100_vs_MC1;MC1_vs_CTR;MD1_vs_CTR,True,True
ACTL10,ENSG00000288649,ACTL10,ACTL10,actin like 10,darkgrey,darkgrey,MC100_vs_MC1,1,1,0.0413812160139654,1.663163410912597,1.663163410912597,MC100_vs_MC1,-1.663163410912597,0.0413812160139654,down_in_tested,0,1,module_trait;deg_fraction,True,particle_size_um,0.6222385633532057,0.0025949251469398,0.0591962437092719,0.06276791181873852,,,,-1.663163410912597,,,,,,0.0413812160139654,,,,,,down_in_tested,,,3266,205,5,MA100_vs_CTR;MA100_vs_MA1;MC100_vs_MC1;MC1_vs_CTR;MD1_vs_CTR,True,True
TOE1,ENSG00000132773,TOE1,TOE1,"target of EGR1, exonuclease",dimgrey,dimgrey,MC100_vs_MC1,1,1,0.0416626520286361,2.0145783134229807,2.0145783134229807,MC100_vs_MC1,2.0145783134229807,0.0416626520286361,up_in_tested,1,0,deg_fraction,True,particle_size_um,-0.1867202754883608,0.4176932392721355,0.7331959097856713,0.07828998197270153,,,,2.0145783134229807,,,,,,0.0416626520286361,,,,,,up_in_tested,,,3883,304,6,MA100_vs_CTR;MA100_vs_MA1;MA1_vs_CTR;MC100_vs_MC1;MC1_vs_CTR;MD1_vs_CTR,True,False
ERMARD,ENSG00000130023,ERMARD,ERMARD,ER membrane associated RNA degradation,dimgrey,dimgrey,MC100_vs_MC1,1,1,0.0420514609374723,1.2531251802504697,1.2531251802504697,MC100_vs_MC1,1.2531251802504697,0.0420514609374723,up_in_tested,1,0,deg_fraction,True,particle_size_um,-0.1867202754883608,0.4176932392721355,0.7331959097856713,0.07828998197270153,,,,1.2531251802504697,,,,,,0.0420514609374723,,,,,,up_in_tested,,,3883,304,6,MA100_vs_CTR;MA100_vs_MA1;MA1_vs_CTR;MC100_vs_MC1;MC1_vs_CTR;MD1_vs_CTR,True,False
PRPF31,ENSG00000105618,PRPF31,PRPF31,pre-mRNA processing factor 31,dimgrey,dimgrey,MC100_vs_MC1,1,1,0.0432263962795758,1.3342399156371978,1.3342399156371978,MC100_vs_MC1,1.3342399156371978,0.0432263962795758,up_in_tested,1,0,deg_fraction,True,particle_size_um,-0.1867202754883608,0.4176932392721355,0.7331959097856713,0.07828998197270153,,,,1.3342399156371978,,,,,,0.0432263962795758,,,,,,up_in_tested,,,3883,304,6,MA100_vs_CTR;MA100_vs_MA1;MA1_vs_CTR;MC100_vs_MC1;MC1_vs_CTR;MD1_vs_CTR,True,False
JOSD2,ENSG00000161677,JOSD2,JOSD2,Josephin domain containing 2,white,white,MA100_vs_MA1,1,1,0.0433621665151362,1.3666205829618725,1.3666205829618725,MA100_vs_MA1,1.3666205829618725,0.0433621665151362,up_in_tested,1,0,deg_fraction,True,particle_size_um,0.1986467889396646,0.3880151304316748,0.7331959097856713,0.025236593059936908,,1.3666205829618725,,,,,,0.0433621665151362,,,,,,up_in_tested,,,,,317,8,5,MA100_vs_CTR;MA100_vs_MA1;MC100_vs_MC1;MC1_vs_CTR;MD1_vs_CTR,True,False
FAM117A,ENSG00000121104,FAM117A,FAM117A,family with sequence similarity 117 member A,indianred,indianred,MC100_vs_MC1,1,1,0.0436718564698745,1.9763456713801693,1.9763456713801693,MC100_vs_MC1,1.9763456713801693,0.0436718564698745,up_in_tested,1,0,deg_fraction,True,particle_size_um,-0.1819862672482625,0.4298044988398762,0.7331959097856713,0.027777777777777776,,,,1.9763456713801693,,,,,,0.0436718564698745,,,,,,up_in_tested,,,216,6,1,MC100_vs_MC1,True,False
NAA40,ENSG00000110583,NAA40,NAA40,"N-alpha-acetyltransferase 40, NatD catalytic subunit",darkgrey,darkgrey,MC100_vs_MC1,1,1,0.0437433192854268,1.0531942226937712,1.0531942226937712,MC100_vs_MC1,-1.0531942226937712,0.0437433192854268,down_in_tested,0,1,module_trait;deg_fraction,True,particle_size_um,0.6222385633532057,0.0025949251469398,0.0591962437092719,0.06276791181873852,,,,-1.0531942226937712,,,,,,0.0437433192854268,,,,,,down_in_tested,,,3266,205,5,MA100_vs_CTR;MA100_vs_MA1;MC100_vs_MC1;MC1_vs_CTR;MD1_vs_CTR,True,True
SLC25A30,ENSG00000174032,SLC25A30,SLC25A30,solute carrier family 25 member 30,indianred,indianred,MC100_vs_MC1,1,1,0.0442869659774497,1.339932580706262,1.339932580706262,MC100_vs_MC1,1.339932580706262,0.0442869659774497,up_in_tested,1,0,deg_fraction,True,particle_size_um,-0.1819862672482625,0.4298044988398762,0.7331959097856713,0.027777777777777776,,,,1.339932580706262,,,,,,0.0442869659774497,,,,,,up_in_tested,,,216,6,1,MC100_vs_MC1,True,False
THAP2,ENSG00000173451,THAP2,THAP2,THAP domain containing 2,dimgrey,dimgrey,MC100_vs_MC1,1,1,0.0447113620250217,1.4036024023423648,1.4036024023423648,MC100_vs_MC1,1.4036024023423648,0.0447113620250217,up_in_tested,1,0,deg_fraction,True,particle_size_um,-0.1867202754883608,0.4176932392721355,0.7331959097856713,0.07828998197270153,,,,1.4036024023423648,,,,,,0.0447113620250217,,,,,,up_in_tested,,,3883,304,6,MA100_vs_CTR;MA100_vs_MA1;MA1_vs_CTR;MC100_vs_MC1;MC1_vs_CTR;MD1_vs_CTR,True,False
ZNF41,ENSG00000147124,ZNF41,ZNF41,zinc finger protein 41,indianred,indianred,MC100_vs_MC1,1,1,0.0447841395679772,1.3651782784534054,1.3651782784534054,MC100_vs_MC1,1.3651782784534054,0.0447841395679772,up_in_tested,1,0,deg_fraction,True,particle_size_um,-0.1819862672482625,0.4298044988398762,0.7331959097856713,0.027777777777777776,,,,1.3651782784534054,,,,,,0.0447841395679772,,,,,,up_in_tested,,,216,6,1,MC100_vs_MC1,True,False
PPP6R1,ENSG00000105063,PPP6R1,PPP6R1,protein phosphatase 6 regulatory subunit 1,darkgrey,darkgrey,MC100_vs_MC1,1,1,0.044801989994041,1.567861724517329,1.567861724517329,MC100_vs_MC1,-1.567861724517329,0.044801989994041,down_in_tested,0,1,module_trait;deg_fraction,True,particle_size_um,0.6222385633532057,0.0025949251469398,0.0591962437092719,0.06276791181873852,,,,-1.567861724517329,,,,,,0.044801989994041,,,,,,down_in_tested,,,3266,205,5,MA100_vs_CTR;MA100_vs_MA1;MC100_vs_MC1;MC1_vs_CTR;MD1_vs_CTR,True,True
KDM1B,ENSG00000165097,KDM1B,KDM1B,lysine demethylase 1B,dimgrey,dimgrey,MC100_vs_MC1,1,1,0.0453437340102841,1.0572033535516296,1.0572033535516296,MC100_vs_MC1,1.0572033535516296,0.0453437340102841,up_in_tested,1,0,deg_fraction,True,particle_size_um,-0.1867202754883608,0.4176932392721355,0.7331959097856713,0.07828998197270153,,,,1.0572033535516296,,,,,,0.0453437340102841,,,,,,up_in_tested,,,3883,304,6,MA100_vs_CTR;MA100_vs_MA1;MA1_vs_CTR;MC100_vs_MC1;MC1_vs_CTR;MD1_vs_CTR,True,False
H2AC14,ENSG00000276368,H2AC14,H2AC14,H2A clustered histone 14,darkgrey,darkgrey,MC100_vs_MC1,1,1,0.0459105181540216,1.2125350847136922,1.2125350847136922,MC100_vs_MC1,-1.2125350847136922,0.0459105181540216,down_in_tested,0,1,module_trait;deg_fraction,True,particle_size_um,0.6222385633532057,0.0025949251469398,0.0591962437092719,0.06276791181873852,,,,-1.2125350847136922,,,,,,0.0459105181540216,,,,,,down_in_tested,,,3266,205,5,MA100_vs_CTR;MA100_vs_MA1;MC100_vs_MC1;MC1_vs_CTR;MD1_vs_CTR,True,True
SCN3A,ENSG00000153253,SCN3A,SCN3A,sodium voltage-gated channel alpha subunit 3,darkgrey,darkgrey,MC100_vs_MC1,1,1,0.0459105181540216,1.012486573298796,1.012486573298796,MC100_vs_MC1,-1.012486573298796,0.0459105181540216,down_in_tested,0,1,module_trait;deg_fraction,True,particle_size_um,0.6222385633532057,0.0025949251469398,0.0591962437092719,0.06276791181873852,,,,-1.012486573298796,,,,,,0.0459105181540216,,,,,,down_in_tested,,,3266,205,5,MA100_vs_CTR;MA100_vs_MA1;MC100_vs_MC1;MC1_vs_CTR;MD1_vs_CTR,True,True
ZNF559,ENSG00000188321,ZNF559,ZNF559,zinc finger protein 559,dimgrey,dimgrey,MC100_vs_MC1,1,1,0.0463030829005741,1.1552623635841297,1.1552623635841297,MC100_vs_MC1,1.1552623635841297,0.0463030829005741,up_in_tested,1,0,deg_fraction,True,particle_size_um,-0.1867202754883608,0.4176932392721355,0.7331959097856713,0.07828998197270153,,,,1.1552623635841297,,,,,,0.0463030829005741,,,,,,up_in_tested,,,3883,304,6,MA100_vs_CTR;MA100_vs_MA1;MA1_vs_CTR;MC100_vs_MC1;MC1_vs_CTR;MD1_vs_CTR,True,False
UBL7,ENSG00000138629,UBL7,UBL7,ubiquitin like 7,dimgrey,dimgrey,MC100_vs_MC1,1,1,0.0467600964465554,1.1518760788942124,1.1518760788942124,MC100_vs_MC1,1.1518760788942124,0.0467600964465554,up_in_tested,1,0,deg_fraction,True,particle_size_um,-0.1867202754883608,0.4176932392721355,0.7331959097856713,0.07828998197270153,,,,1.1518760788942124,,,,,,0.0467600964465554,,,,,,up_in_tested,,,3883,304,6,MA100_vs_CTR;MA100_vs_MA1;MA1_vs_CTR;MC100_vs_MC1;MC1_vs_CTR;MD1_vs_CTR,True,False
REXO4,ENSG00000148300,REXO4,REXO4,RNA exonuclease 4,gainsboro,gainsboro,MA100_vs_CTR;MC1_vs_CTR,2,2,0.0468254931092318,1.3105866927517478,1.2772802549547344,MA100_vs_CTR,1.3105866927517478,0.0468254931092318,up_in_tested,2,0,deg_fraction,True,particle_size_um,-0.2764543534617769,0.2250855359964077,0.5934073221723477,0.04092526690391459,1.3105866927517478,,,,1.2439738171577208,,0.0468254931092318,,,,0.0572425077861795,,up_in_tested,,,,up_in_tested,,1124,46,6,MA100_vs_CTR;MA100_vs_MA1;MA1_vs_CTR;MC100_vs_MC1;MC1_vs_CTR;MD1_vs_CTR,True,False
SYPL2,ENSG00000143028,SYPL2,SYPL2,synaptophysin like 2,darkgrey,darkgrey,MC100_vs_MC1,1,1,0.0471045869557695,1.3450342914834164,1.3450342914834164,MC100_vs_MC1,-1.3450342914834164,0.0471045869557695,down_in_tested,0,1,module_trait;deg_fraction,True,particle_size_um,0.6222385633532057,0.0025949251469398,0.0591962437092719,0.06276791181873852,,,,-1.3450342914834164,,,,,,0.0471045869557695,,,,,,down_in_tested,,,3266,205,5,MA100_vs_CTR;MA100_vs_MA1;MC100_vs_MC1;MC1_vs_CTR;MD1_vs_CTR,True,True
TUBGCP5,ENSG00000275835,TUBGCP5,TUBGCP5,tubulin gamma complex component 5,gainsboro,gainsboro,MC1_vs_CTR,1,1,0.0473651411643946,1.1710767179229302,1.1710767179229302,MC1_vs_CTR,1.1710767179229302,0.0473651411643946,up_in_tested,1,0,deg_fraction,True,particle_size_um,-0.2764543534617769,0.2250855359964077,0.5934073221723477,0.04092526690391459,,,,,1.1710767179229302,,,,,,0.0473651411643946,,,,,,up_in_tested,,1124,46,6,MA100_vs_CTR;MA100_vs_MA1;MA1_vs_CTR;MC100_vs_MC1;MC1_vs_CTR;MD1_vs_CTR,True,False
NEMP2,ENSG00000189362,NEMP2,NEMP2,nuclear envelope integral membrane protein 2,mistyrose,mistyrose,MC100_vs_MC1,1,1,0.047890995591819,1.174621468444967,1.174621468444967,MC100_vs_MC1,1.174621468444967,0.047890995591819,up_in_tested,1,0,deg_fraction,True,particle_size_um,-0.3310821963795141,0.142641678213067,0.5170760835223682,0.018309859154929577,,,,1.174621468444967,,,,,,0.047890995591819,,,,,,up_in_tested,,,2130,39,4,MA100_vs_CTR;MA100_vs_MA1;MC100_vs_MC1;MC1_vs_CTR,True,False
HES4,ENSG00000188290,HES4,HES4,hes family bHLH transcription factor 4,darkgrey,darkgrey,MC100_vs_MC1,1,1,0.0479935343966966,1.6082384638103204,1.6082384638103204,MC100_vs_MC1,-1.6082384638103204,0.0479935343966966,down_in_tested,0,1,module_trait;deg_fraction,True,particle_size_um,0.6222385633532057,0.0025949251469398,0.0591962437092719,0.06276791181873852,,,,-1.6082384638103204,,,,,,0.0479935343966966,,,,,,down_in_tested,,,3266,205,5,MA100_vs_CTR;MA100_vs_MA1;MC100_vs_MC1;MC1_vs_CTR;MD1_vs_CTR,True,True
TIMM17B,ENSG00000126768,TIMM17B,TIMM17B,translocase of inner mitochondrial membrane 17B,dimgrey,dimgrey,MC100_vs_MC1,1,1,0.0479952197460395,1.6700461814492438,1.6700461814492438,MC100_vs_MC1,1.6700461814492438,0.0479952197460395,up_in_tested,1,0,deg_fraction,True,particle_size_um,-0.1867202754883608,0.4176932392721355,0.7331959097856713,0.07828998197270153,,,,1.6700461814492438,,,,,,0.0479952197460395,,,,,,up_in_tested,,,3883,304,6,MA100_vs_CTR;MA100_vs_MA1;MA1_vs_CTR;MC100_vs_MC1;MC1_vs_CTR;MD1_vs_CTR,True,False
CCDC106,ENSG00000173581,CCDC106,CCDC106,coiled-coil domain containing 106,white,white,MA100_vs_MA1,1,1,0.0481576815910827,1.0736287816771284,1.0736287816771284,MA100_vs_MA1,1.0736287816771284,0.0481576815910827,up_in_tested,1,0,deg_fraction,True,particle_size_um,0.1986467889396646,0.3880151304316748,0.7331959097856713,0.025236593059936908,,1.0736287816771284,,,,,,0.0481576815910827,,,,,,up_in_tested,,,,,317,8,5,MA100_vs_CTR;MA100_vs_MA1;MC100_vs_MC1;MC1_vs_CTR;MD1_vs_CTR,True,False
ANKRD13B,ENSG00000198720,ANKRD13B,ANKRD13B,ankyrin repeat domain 13B,dimgrey,dimgrey,MC100_vs_MC1,1,1,0.0484599540766907,2.097676337575926,2.097676337575926,MC100_vs_MC1,2.097676337575926,0.0484599540766907,up_in_tested,1,0,deg_fraction,True,particle_size_um,-0.1867202754883608,0.4176932392721355,0.7331959097856713,0.07828998197270153,,,,2.097676337575926,,,,,,0.0484599540766907,,,,,,up_in_tested,,,3883,304,6,MA100_vs_CTR;MA100_vs_MA1;MA1_vs_CTR;MC100_vs_MC1;MC1_vs_CTR;MD1_vs_CTR,True,False
RABL2A,ENSG00000144134,RABL2A,RABL2A,"RAB, member of RAS oncogene family like 2A",darkgrey,darkgrey,MA100_vs_CTR;MA100_vs_MA1,2,2,0.0485805769522085,1.4194032607733784,1.2651220492448583,MA100_vs_MA1,1.4194032607733784,0.0485805769522085,up_in_tested,2,0,module_trait;deg_fraction,True,particle_size_um,0.6222385633532057,0.0025949251469398,0.0591962437092719,0.06276791181873852,1.1108408377163383,1.4194032607733784,,,,,0.0531682101840489,0.0485805769522085,,,,,up_in_tested,up_in_tested,,,,,3266,205,5,MA100_vs_CTR;MA100_vs_MA1;MC100_vs_MC1;MC1_vs_CTR;MD1_vs_CTR,True,True
USP45,ENSG00000123552,USP45,USP45,ubiquitin specific peptidase 45,gainsboro,gainsboro,MC1_vs_CTR,1,1,0.048942576000855,1.09949011924177,1.09949011924177,MC1_vs_CTR,1.09949011924177,0.048942576000855,up_in_tested,1,0,deg_fraction,True,particle_size_um,-0.2764543534617769,0.2250855359964077,0.5934073221723477,0.04092526690391459,,,,,1.09949011924177,,,,,,0.048942576000855,,,,,,up_in_tested,,1124,46,6,MA100_vs_CTR;MA100_vs_MA1;MA1_vs_CTR;MC100_vs_MC1;MC1_vs_CTR;MD1_vs_CTR,True,False
IL17RE,ENSG00000163701,IL17RE,IL17RE,interleukin 17 receptor E,darkgrey,darkgrey,MC100_vs_MC1,1,1,0.0495718202845307,1.442526059009556,1.442526059009556,MC100_vs_MC1,-1.442526059009556,0.0495718202845307,down_in_tested,0,1,module_trait;deg_fraction,True,particle_size_um,0.6222385633532057,0.0025949251469398,0.0591962437092719,0.06276791181873852,,,,-1.442526059009556,,,,,,0.0495718202845307,,,,,,down_in_tested,,,3266,205,5,MA100_vs_CTR;MA100_vs_MA1;MC100_vs_MC1;MC1_vs_CTR;MD1_vs_CTR,True,True
BST2,ENSG00000130303,BST2,BST2,bone marrow stromal cell antigen 2,darkgrey,darkgrey,MC100_vs_MC1,1,1,0.0496595193152621,1.7667648182726188,1.7667648182726188,MC100_vs_MC1,-1.7667648182726188,0.0496595193152621,down_in_tested,0,1,module_trait;deg_fraction,True,particle_size_um,0.6222385633532057,0.0025949251469398,0.0591962437092719,0.06276791181873852,,,,-1.7667648182726188,,,,,,0.0496595193152621,,,,,,down_in_tested,,,3266,205,5,MA100_vs_CTR;MA100_vs_MA1;MC100_vs_MC1;MC1_vs_CTR;MD1_vs_CTR,True,True
HDGFL2,ENSG00000167674,HDGFL2,HDGFL2,HDGF like 2,gainsboro,gainsboro,MA100_vs_CTR,1,1,0.0501748847442084,1.1185639033680383,1.1185639033680383,MA100_vs_CTR,1.1185639033680383,0.0501748847442084,up_in_tested,1,0,deg_fraction,True,particle_size_um,-0.2764543534617769,0.2250855359964077,0.5934073221723477,0.04092526690391459,1.1185639033680383,,,,,,0.0501748847442084,,,,,,up_in_tested,,,,,,1124,46,6,MA100_vs_CTR;MA100_vs_MA1;MA1_vs_CTR;MC100_vs_MC1;MC1_vs_CTR;MD1_vs_CTR,True,False
GPRC5B,ENSG00000167191,GPRC5B,GPRC5B,G protein-coupled receptor class C group 5 member B,darkgrey,darkgrey,MC100_vs_MC1,1,1,0.0507706017961991,1.101351777021767,1.101351777021767,MC100_vs_MC1,-1.101351777021767,0.0507706017961991,down_in_tested,0,1,module_trait;deg_fraction,True,particle_size_um,0.6222385633532057,0.0025949251469398,0.0591962437092719,0.06276791181873852,,,,-1.101351777021767,,,,,,0.0507706017961991,,,,,,down_in_tested,,,3266,205,5,MA100_vs_CTR;MA100_vs_MA1;MC100_vs_MC1;MC1_vs_CTR;MD1_vs_CTR,True,True
TRIM62,ENSG00000116525,TRIM62,TRIM62,tripartite motif containing 62,darkgrey,darkgrey,MA100_vs_CTR,1,1,0.051089206309908,1.156791357589578,1.156791357589578,MA100_vs_CTR,1.156791357589578,0.051089206309908,up_in_tested,1,0,module_trait;deg_fraction,True,particle_size_um,0.6222385633532057,0.0025949251469398,0.0591962437092719,0.06276791181873852,1.156791357589578,,,,,,0.051089206309908,,,,,,up_in_tested,,,,,,3266,205,5,MA100_vs_CTR;MA100_vs_MA1;MC100_vs_MC1;MC1_vs_CTR;MD1_vs_CTR,True,True
PLK3,ENSG00000173846,PLK3,PLK3,polo like kinase 3,darkgrey,darkgrey,MA100_vs_CTR,1,1,0.0511934236930442,1.09149077569049,1.09149077569049,MA100_vs_CTR,1.09149077569049,0.0511934236930442,up_in_tested,1,0,module_trait;deg_fraction,True,particle_size_um,0.6222385633532057,0.0025949251469398,0.0591962437092719,0.06276791181873852,1.09149077569049,,,,,,0.0511934236930442,,,,,,up_in_tested,,,,,,3266,205,5,MA100_vs_CTR;MA100_vs_MA1;MC100_vs_MC1;MC1_vs_CTR;MD1_vs_CTR,True,True
HSPB7,ENSG00000173641,HSPB7,HSPB7,heat shock protein family B (small) member 7,darkgrey,darkgrey,MA100_vs_MA1,1,1,0.0518894761749147,1.053731742565534,1.053731742565534,MA100_vs_MA1,1.053731742565534,0.0518894761749147,up_in_tested,1,0,module_trait;deg_fraction,True,particle_size_um,0.6222385633532057,0.0025949251469398,0.0591962437092719,0.06276791181873852,,1.053731742565534,,,,,,0.0518894761749147,,,,,,up_in_tested,,,,,3266,205,5,MA100_vs_CTR;MA100_vs_MA1;MC100_vs_MC1;MC1_vs_CTR;MD1_vs_CTR,True,True
LRIG3,ENSG00000139263,LRIG3,LRIG3,leucine rich repeats and immunoglobulin like domains 3,gainsboro,gainsboro,MC100_vs_MC1,1,1,0.0524090567307312,1.6275980012259714,1.6275980012259714,MC100_vs_MC1,1.6275980012259714,0.0524090567307312,up_in_tested,1,0,deg_fraction,True,particle_size_um,-0.2764543534617769,0.2250855359964077,0.5934073221723477,0.04092526690391459,,,,1.6275980012259714,,,,,,0.0524090567307312,,,,,,up_in_tested,,,1124,46,6,MA100_vs_CTR;MA100_vs_MA1;MA1_vs_CTR;MC100_vs_MC1;MC1_vs_CTR;MD1_vs_CTR,True,False
BCKDHB,ENSG00000083123,BCKDHB,BCKDHB,branched chain keto acid dehydrogenase E1 subunit beta,dimgrey,dimgrey,MC100_vs_MC1,1,1,0.053744062961048,1.33568700739478,1.33568700739478,MC100_vs_MC1,1.33568700739478,0.053744062961048,up_in_tested,1,0,deg_fraction,True,particle_size_um,-0.1867202754883608,0.4176932392721355,0.7331959097856713,0.07828998197270153,,,,1.33568700739478,,,,,,0.053744062961048,,,,,,up_in_tested,,,3883,304,6,MA100_vs_CTR;MA100_vs_MA1;MA1_vs_CTR;MC100_vs_MC1;MC1_vs_CTR;MD1_vs_CTR,True,False
PRRG3,ENSG00000130032,PRRG3,PRRG3,proline rich and Gla domain 3,darkgrey,darkgrey,MC100_vs_MC1,1,1,0.0538036511794838,1.0140618717366896,1.0140618717366896,MC100_vs_MC1,-1.0140618717366896,0.0538036511794838,down_in_tested,0,1,module_trait;deg_fraction,True,particle_size_um,0.6222385633532057,0.0025949251469398,0.0591962437092719,0.06276791181873852,,,,-1.0140618717366896,,,,,,0.0538036511794838,,,,,,down_in_tested,,,3266,205,5,MA100_vs_CTR;MA100_vs_MA1;MC100_vs_MC1;MC1_vs_CTR;MD1_vs_CTR,True,True
KATNAL2,ENSG00000167216,KATNAL2,KATNAL2,katanin catalytic subunit A1 like 2,dimgrey,dimgrey,MC100_vs_MC1,1,1,0.0539753946798339,1.349456925716244,1.349456925716244,MC100_vs_MC1,-1.349456925716244,0.0539753946798339,down_in_tested,0,1,deg_fraction,True,particle_size_um,-0.1867202754883608,0.4176932392721355,0.7331959097856713,0.07828998197270153,,,,-1.349456925716244,,,,,,0.0539753946798339,,,,,,down_in_tested,,,3883,304,6,MA100_vs_CTR;MA100_vs_MA1;MA1_vs_CTR;MC100_vs_MC1;MC1_vs_CTR;MD1_vs_CTR,True,False
UBE2D4,ENSG00000078967,UBE2D4,UBE2D4,ubiquitin conjugating enzyme E2 D4,dimgrey,dimgrey,MA100_vs_CTR,1,1,0.0547680917759763,1.01590087653995,1.01590087653995,MA100_vs_CTR,-1.01590087653995,0.0547680917759763,down_in_tested,0,1,deg_fraction,True,particle_size_um,-0.1867202754883608,0.4176932392721355,0.7331959097856713,0.07828998197270153,-1.01590087653995,,,,,,0.0547680917759763,,,,,,down_in_tested,,,,,,3883,304,6,MA100_vs_CTR;MA100_vs_MA1;MA1_vs_CTR;MC100_vs_MC1;MC1_vs_CTR;MD1_vs_CTR,True,False
PODXL,ENSG00000128567,PODXL,PODXL,podocalyxin like,dimgrey,dimgrey,MC1_vs_CTR,1,1,0.0548499224024264,1.1827078410492018,1.1827078410492018,MC1_vs_CTR,-1.1827078410492018,0.0548499224024264,down_in_tested,0,1,deg_fraction,True,particle_size_um,-0.1867202754883608,0.4176932392721355,0.7331959097856713,0.07828998197270153,,,,,-1.1827078410492018,,,,,,0.0548499224024264,,,,,,down_in_tested,,3883,304,6,MA100_vs_CTR;MA100_vs_MA1;MA1_vs_CTR;MC100_vs_MC1;MC1_vs_CTR;MD1_vs_CTR,True,False
GINS4,ENSG00000147536,GINS4,GINS4,GINS complex subunit 4,dimgrey,dimgrey,MC100_vs_MC1,1,1,0.0558307253553221,1.6126213385988235,1.6126213385988235,MC100_vs_MC1,-1.6126213385988235,0.0558307253553221,down_in_tested,0,1,deg_fraction,True,particle_size_um,-0.1867202754883608,0.4176932392721355,0.7331959097856713,0.07828998197270153,,,,-1.6126213385988235,,,,,,0.0558307253553221,,,,,,down_in_tested,,,3883,304,6,MA100_vs_CTR;MA100_vs_MA1;MA1_vs_CTR;MC100_vs_MC1;MC1_vs_CTR;MD1_vs_CTR,True,False
ZNF786,ENSG00000197362,ZNF786,ZNF786,zinc finger protein 786,dimgrey,dimgrey,MC100_vs_MC1,1,1,0.0564264445888368,1.4531525125131923,1.4531525125131923,MC100_vs_MC1,1.4531525125131923,0.0564264445888368,up_in_tested,1,0,deg_fraction,True,particle_size_um,-0.1867202754883608,0.4176932392721355,0.7331959097856713,0.07828998197270153,,,,1.4531525125131923,,,,,,0.0564264445888368,,,,,,up_in_tested,,,3883,304,6,MA100_vs_CTR;MA100_vs_MA1;MA1_vs_CTR;MC100_vs_MC1;MC1_vs_CTR;MD1_vs_CTR,True,False
MTERF2,ENSG00000120832,MTERF2,MTERF2,mitochondrial transcription termination factor 2,dimgrey,dimgrey,MC100_vs_MC1,1,1,0.0571445859399507,1.2292758796084091,1.2292758796084091,MC100_vs_MC1,1.2292758796084091,0.0571445859399507,up_in_tested,1,0,deg_fraction,True,particle_size_um,-0.1867202754883608,0.4176932392721355,0.7331959097856713,0.07828998197270153,,,,1.2292758796084091,,,,,,0.0571445859399507,,,,,,up_in_tested,,,3883,304,6,MA100_vs_CTR;MA100_vs_MA1;MA1_vs_CTR;MC100_vs_MC1;MC1_vs_CTR;MD1_vs_CTR,True,False
SAMD1,ENSG00000141858,SAMD1,SAMD1,sterile alpha motif domain containing 1,white,white,MC100_vs_MC1,1,1,0.0574625694400957,1.5022952472739626,1.5022952472739626,MC100_vs_MC1,-1.5022952472739626,0.0574625694400957,down_in_tested,0,1,deg_fraction,True,particle_size_um,0.1986467889396646,0.3880151304316748,0.7331959097856713,0.025236593059936908,,,,-1.5022952472739626,,,,,,0.0574625694400957,,,,,,down_in_tested,,,317,8,5,MA100_vs_CTR;MA100_vs_MA1;MC100_vs_MC1;MC1_vs_CTR;MD1_vs_CTR,True,False
DUS4L,ENSG00000105865,DUS4L,DUS4L,dihydrouridine synthase 4 like,dimgrey,dimgrey,MC100_vs_MC1,1,1,0.0586780108453725,2.4100498754594617,2.4100498754594617,MC100_vs_MC1,-2.4100498754594617,0.0586780108453725,down_in_tested,0,1,deg_fraction,True,particle_size_um,-0.1867202754883608,0.4176932392721355,0.7331959097856713,0.07828998197270153,,,,-2.4100498754594617,,,,,,0.0586780108453725,,,,,,down_in_tested,,,3883,304,6,MA100_vs_CTR;MA100_vs_MA1;MA1_vs_CTR;MC100_vs_MC1;MC1_vs_CTR;MD1_vs_CTR,True,False
PREB,ENSG00000138073,PREB,PREB,prolactin regulatory element binding,dimgrey,dimgrey,MC100_vs_MC1,1,1,0.058762057459663,1.1528196439063778,1.1528196439063778,MC100_vs_MC1,1.1528196439063778,0.058762057459663,up_in_tested,1,0,deg_fraction,True,particle_size_um,-0.1867202754883608,0.4176932392721355,0.7331959097856713,0.07828998197270153,,,,1.1528196439063778,,,,,,0.058762057459663,,,,,,up_in_tested,,,3883,304,6,MA100_vs_CTR;MA100_vs_MA1;MA1_vs_CTR;MC100_vs_MC1;MC1_vs_CTR;MD1_vs_CTR,True,False
MRTFB,ENSG00000186260,MRTFB,MRTFB,myocardin related transcription factor B,mistyrose,mistyrose,MA100_vs_CTR,1,1,0.0589090516426185,1.0497836591625491,1.0497836591625491,MA100_vs_CTR,-1.0497836591625491,0.0589090516426185,down_in_tested,0,1,deg_fraction,True,particle_size_um,-0.3310821963795141,0.142641678213067,0.5170760835223682,0.018309859154929577,-1.0497836591625491,,,,,,0.0589090516426185,,,,,,down_in_tested,,,,,,2130,39,4,MA100_vs_CTR;MA100_vs_MA1;MC100_vs_MC1;MC1_vs_CTR,True,False
NR1H3,ENSG00000025434,NR1H3,NR1H3,nuclear receptor subfamily 1 group H member 3,dimgrey,dimgrey,MA100_vs_CTR,1,1,0.0606580677289805,1.082668244277294,1.082668244277294,MA100_vs_CTR,-1.082668244277294,0.0606580677289805,down_in_tested,0,1,deg_fraction,True,particle_size_um,-0.1867202754883608,0.4176932392721355,0.7331959097856713,0.07828998197270153,-1.082668244277294,,,,,,0.0606580677289805,,,,,,down_in_tested,,,,,,3883,304,6,MA100_vs_CTR;MA100_vs_MA1;MA1_vs_CTR;MC100_vs_MC1;MC1_vs_CTR;MD1_vs_CTR,True,False
TZMP1,ENSG00000235453,TZMP1,TZMP1,transition zone microprotein 1,dimgrey,dimgrey,MC100_vs_MC1,1,1,0.0624566845070078,1.620382198318769,1.620382198318769,MC100_vs_MC1,1.620382198318769,0.0624566845070078,up_in_tested,1,0,deg_fraction,True,particle_size_um,-0.1867202754883608,0.4176932392721355,0.7331959097856713,0.07828998197270153,,,,1.620382198318769,,,,,,0.0624566845070078,,,,,,up_in_tested,,,3883,304,6,MA100_vs_CTR;MA100_vs_MA1;MA1_vs_CTR;MC100_vs_MC1;MC1_vs_CTR;MD1_vs_CTR,True,False
RIMS2,ENSG00000176406,RIMS2,RIMS2,regulating synaptic membrane exocytosis 2,indianred,indianred,MC100_vs_MC1,1,1,0.0624566845070078,1.1988112007716496,1.1988112007716496,MC100_vs_MC1,1.1988112007716496,0.0624566845070078,up_in_tested,1,0,deg_fraction,True,particle_size_um,-0.1819862672482625,0.4298044988398762,0.7331959097856713,0.027777777777777776,,,,1.1988112007716496,,,,,,0.0624566845070078,,,,,,up_in_tested,,,216,6,1,MC100_vs_MC1,True,False
GEM,ENSG00000164949,GEM,GEM,GTP binding protein overexpressed in skeletal muscle,mistyrose,mistyrose,MC100_vs_MC1,1,1,0.0633101297503042,1.020556778921229,1.020556778921229,MC100_vs_MC1,1.020556778921229,0.0633101297503042,up_in_tested,1,0,deg_fraction,True,particle_size_um,-0.3310821963795141,0.142641678213067,0.5170760835223682,0.018309859154929577,,,,1.020556778921229,,,,,,0.0633101297503042,,,,,,up_in_tested,,,2130,39,4,MA100_vs_CTR;MA100_vs_MA1;MC100_vs_MC1;MC1_vs_CTR,True,False
ZNF567,ENSG00000189042,ZNF567,ZNF567,zinc finger protein 567,mistyrose,mistyrose,MC100_vs_MC1,1,1,0.0636332936707549,1.1713338752032234,1.1713338752032234,MC100_vs_MC1,1.1713338752032234,0.0636332936707549,up_in_tested,1,0,deg_fraction,True,particle_size_um,-0.3310821963795141,0.142641678213067,0.5170760835223682,0.018309859154929577,,,,1.1713338752032234,,,,,,0.0636332936707549,,,,,,up_in_tested,,,2130,39,4,MA100_vs_CTR;MA100_vs_MA1;MC100_vs_MC1;MC1_vs_CTR,True,False
GAPDH,ENSG00000111640,GAPDH,GAPDH,glyceraldehyde-3-phosphate dehydrogenase,dimgrey,dimgrey,MC100_vs_MC1,1,1,0.0640134718527168,1.196440519497059,1.196440519497059,MC100_vs_MC1,1.196440519497059,0.0640134718527168,up_in_tested,1,0,deg_fraction,True,particle_size_um,-0.1867202754883608,0.4176932392721355,0.7331959097856713,0.07828998197270153,,,,1.196440519497059,,,,,,0.0640134718527168,,,,,,up_in_tested,,,3883,304,6,MA100_vs_CTR;MA100_vs_MA1;MA1_vs_CTR;MC100_vs_MC1;MC1_vs_CTR;MD1_vs_CTR,True,False
ANKRD18B,ENSG00000230453,ANKRD18B,ANKRD18B,ankyrin repeat domain 18B,dimgrey,dimgrey,MC100_vs_MC1,1,1,0.0645176477709738,1.6071237513526628,1.6071237513526628,MC100_vs_MC1,1.6071237513526628,0.0645176477709738,up_in_tested,1,0,deg_fraction,True,particle_size_um,-0.1867202754883608,0.4176932392721355,0.7331959097856713,0.07828998197270153,,,,1.6071237513526628,,,,,,0.0645176477709738,,,,,,up_in_tested,,,3883,304,6,MA100_vs_CTR;MA100_vs_MA1;MA1_vs_CTR;MC100_vs_MC1;MC1_vs_CTR;MD1_vs_CTR,True,False
FRAT2,ENSG00000181274,FRAT2,FRAT2,FRAT regulator of Wnt signaling pathway 2,indianred,indianred,MC100_vs_MC1,1,1,0.064617441370018,1.429903258105428,1.429903258105428,MC100_vs_MC1,1.429903258105428,0.064617441370018,up_in_tested,1,0,deg_fraction,True,particle_size_um,-0.1819862672482625,0.4298044988398762,0.7331959097856713,0.027777777777777776,,,,1.429903258105428,,,,,,0.064617441370018,,,,,,up_in_tested,,,216,6,1,MC100_vs_MC1,True,False
TAF15,ENSG00000270647,TAF15,TAF15,TATA-box binding protein associated factor 15,darkgrey,darkgrey,MA100_vs_CTR,1,1,0.0649218794203437,1.1294331058511224,1.1294331058511224,MA100_vs_CTR,1.1294331058511224,0.0649218794203437,up_in_tested,1,0,module_trait;deg_fraction,True,particle_size_um,0.6222385633532057,0.0025949251469398,0.0591962437092719,0.06276791181873852,1.1294331058511224,,,,,,0.0649218794203437,,,,,,up_in_tested,,,,,,3266,205,5,MA100_vs_CTR;MA100_vs_MA1;MC100_vs_MC1;MC1_vs_CTR;MD1_vs_CTR,True,True
CENPV,ENSG00000166582,CENPV,CENPV,centromere protein V,dimgrey,dimgrey,MC100_vs_MC1,1,1,0.065537924003083,2.1209081990010388,2.1209081990010388,MC100_vs_MC1,2.1209081990010388,0.065537924003083,up_in_tested,1,0,deg_fraction,True,particle_size_um,-0.1867202754883608,0.4176932392721355,0.7331959097856713,0.07828998197270153,,,,2.1209081990010388,,,,,,0.065537924003083,,,,,,up_in_tested,,,3883,304,6,MA100_vs_CTR;MA100_vs_MA1;MA1_vs_CTR;MC100_vs_MC1;MC1_vs_CTR;MD1_vs_CTR,True,False
VPS9D1,ENSG00000075399,VPS9D1,VPS9D1,VPS9 domain containing 1,mistyrose,mistyrose,MA100_vs_MA1,1,1,0.0660426572431457,1.0743824268059332,1.0743824268059332,MA100_vs_MA1,-1.0743824268059332,0.0660426572431457,down_in_tested,0,1,deg_fraction,True,particle_size_um,-0.3310821963795141,0.142641678213067,0.5170760835223682,0.018309859154929577,,-1.0743824268059332,,,,,,0.0660426572431457,,,,,,down_in_tested,,,,,2130,39,4,MA100_vs_CTR;MA100_vs_MA1;MC100_vs_MC1;MC1_vs_CTR,True,False
NR4A3,ENSG00000119508,NR4A3,NR4A3,nuclear receptor subfamily 4 group A member 3,mistyrose,mistyrose,MC100_vs_MC1,1,1,0.066450101086262,1.397658603011599,1.397658603011599,MC100_vs_MC1,1.397658603011599,0.066450101086262,up_in_tested,1,0,deg_fraction,True,particle_size_um,-0.3310821963795141,0.142641678213067,0.5170760835223682,0.018309859154929577,,,,1.397658603011599,,,,,,0.066450101086262,,,,,,up_in_tested,,,2130,39,4,MA100_vs_CTR;MA100_vs_MA1;MC100_vs_MC1;MC1_vs_CTR,True,False
NBPF14,ENSG00000270629,NBPF14,NBPF14,NBPF member 14,gainsboro,gainsboro,MC100_vs_MC1,1,1,0.0684075827732593,1.400457130652743,1.400457130652743,MC100_vs_MC1,-1.400457130652743,0.0684075827732593,down_in_tested,0,1,deg_fraction,True,particle_size_um,-0.2764543534617769,0.2250855359964077,0.5934073221723477,0.04092526690391459,,,,-1.400457130652743,,,,,,0.0684075827732593,,,,,,down_in_tested,,,1124,46,6,MA100_vs_CTR;MA100_vs_MA1;MA1_vs_CTR;MC100_vs_MC1;MC1_vs_CTR;MD1_vs_CTR,True,False
TRIM68,ENSG00000167333,TRIM68,TRIM68,tripartite motif containing 68,dimgrey,dimgrey,MA100_vs_CTR,1,1,0.0684993742336724,1.032807825349245,1.032807825349245,MA100_vs_CTR,-1.032807825349245,0.0684993742336724,down_in_tested,0,1,deg_fraction,True,particle_size_um,-0.1867202754883608,0.4176932392721355,0.7331959097856713,0.07828998197270153,-1.032807825349245,,,,,,0.0684993742336724,,,,,,down_in_tested,,,,,,3883,304,6,MA100_vs_CTR;MA100_vs_MA1;MA1_vs_CTR;MC100_vs_MC1;MC1_vs_CTR;MD1_vs_CTR,True,False
CBX2,ENSG00000173894,CBX2,CBX2,chromobox 2,dimgrey,dimgrey,MC100_vs_MC1,1,1,0.0695933847701717,1.3481554430131433,1.3481554430131433,MC100_vs_MC1,1.3481554430131433,0.0695933847701717,up_in_tested,1,0,deg_fraction,True,particle_size_um,-0.1867202754883608,0.4176932392721355,0.7331959097856713,0.07828998197270153,,,,1.3481554430131433,,,,,,0.0695933847701717,,,,,,up_in_tested,,,3883,304,6,MA100_vs_CTR;MA100_vs_MA1;MA1_vs_CTR;MC100_vs_MC1;MC1_vs_CTR;MD1_vs_CTR,True,False
SHANK1,ENSG00000161681,SHANK1,SHANK1,SH3 and multiple ankyrin repeat domains 1,darkgrey,darkgrey,MC100_vs_MC1,1,1,0.0698030739490594,1.4060197598734343,1.4060197598734343,MC100_vs_MC1,-1.4060197598734343,0.0698030739490594,down_in_tested,0,1,module_trait;deg_fraction,True,particle_size_um,0.6222385633532057,0.0025949251469398,0.0591962437092719,0.06276791181873852,,,,-1.4060197598734343,,,,,,0.0698030739490594,,,,,,down_in_tested,,,3266,205,5,MA100_vs_CTR;MA100_vs_MA1;MC100_vs_MC1;MC1_vs_CTR;MD1_vs_CTR,True,True
ADAMTS8,ENSG00000134917,ADAMTS8,ADAMTS8,ADAM metallopeptidase with thrombospondin type 1 motif 8,darkgrey,darkgrey,MC100_vs_MC1,1,1,0.0710506206735085,1.622760084536134,1.622760084536134,MC100_vs_MC1,-1.622760084536134,0.0710506206735085,down_in_tested,0,1,module_trait;deg_fraction,True,particle_size_um,0.6222385633532057,0.0025949251469398,0.0591962437092719,0.06276791181873852,,,,-1.622760084536134,,,,,,0.0710506206735085,,,,,,down_in_tested,,,3266,205,5,MA100_vs_CTR;MA100_vs_MA1;MC100_vs_MC1;MC1_vs_CTR;MD1_vs_CTR,True,True
RABEP2,ENSG00000177548,RABEP2,RABEP2,"rabaptin, RAB GTPase binding effector protein 2",dimgrey,dimgrey,MC100_vs_MC1,1,1,0.0714259886615612,1.4986599813484391,1.4986599813484391,MC100_vs_MC1,1.4986599813484391,0.0714259886615612,up_in_tested,1,0,deg_fraction,True,particle_size_um,-0.1867202754883608,0.4176932392721355,0.7331959097856713,0.07828998197270153,,,,1.4986599813484391,,,,,,0.0714259886615612,,,,,,up_in_tested,,,3883,304,6,MA100_vs_CTR;MA100_vs_MA1;MA1_vs_CTR;MC100_vs_MC1;MC1_vs_CTR;MD1_vs_CTR,True,False
OS9,ENSG00000135506,OS9,OS9,OS9 endoplasmic reticulum lectin,darkgrey,darkgrey,MC100_vs_MC1,1,1,0.0714259886615612,1.057804319594119,1.057804319594119,MC100_vs_MC1,-1.057804319594119,0.0714259886615612,down_in_tested,0,1,module_trait;deg_fraction,True,particle_size_um,0.6222385633532057,0.0025949251469398,0.0591962437092719,0.06276791181873852,,,,-1.057804319594119,,,,,,0.0714259886615612,,,,,,down_in_tested,,,3266,205,5,MA100_vs_CTR;MA100_vs_MA1;MC100_vs_MC1;MC1_vs_CTR;MD1_vs_CTR,True,True
ANKRD34A,ENSG00000272031,ANKRD34A,ANKRD34A,ankyrin repeat domain 34A,dimgrey,dimgrey,MC100_vs_MC1,1,1,0.0721825283377349,1.067346914860824,1.067346914860824,MC100_vs_MC1,1.067346914860824,0.0721825283377349,up_in_tested,1,0,deg_fraction,True,particle_size_um,-0.1867202754883608,0.4176932392721355,0.7331959097856713,0.07828998197270153,,,,1.067346914860824,,,,,,0.0721825283377349,,,,,,up_in_tested,,,3883,304,6,MA100_vs_CTR;MA100_vs_MA1;MA1_vs_CTR;MC100_vs_MC1;MC1_vs_CTR;MD1_vs_CTR,True,False
JADE3,ENSG00000102221,JADE3,JADE3,jade family PHD finger 3,mistyrose,mistyrose,MC100_vs_MC1,1,1,0.0742466608967501,1.3466891830184609,1.3466891830184609,MC100_vs_MC1,1.3466891830184609,0.0742466608967501,up_in_tested,1,0,deg_fraction,True,particle_size_um,-0.3310821963795141,0.142641678213067,0.5170760835223682,0.018309859154929577,,,,1.3466891830184609,,,,,,0.0742466608967501,,,,,,up_in_tested,,,2130,39,4,MA100_vs_CTR;MA100_vs_MA1;MC100_vs_MC1;MC1_vs_CTR,True,False
PKIG,ENSG00000168734,PKIG,PKIG,cAMP-dependent protein kinase inhibitor gamma,dimgrey,dimgrey,MC100_vs_MC1,1,1,0.074506493963097,1.4510845144429854,1.4510845144429854,MC100_vs_MC1,-1.4510845144429854,0.074506493963097,down_in_tested,0,1,deg_fraction,True,particle_size_um,-0.1867202754883608,0.4176932392721355,0.7331959097856713,0.07828998197270153,,,,-1.4510845144429854,,,,,,0.074506493963097,,,,,,down_in_tested,,,3883,304,6,MA100_vs_CTR;MA100_vs_MA1;MA1_vs_CTR;MC100_vs_MC1;MC1_vs_CTR;MD1_vs_CTR,True,False
RABGAP1L,ENSG00000152061,RABGAP1L,RABGAP1L,RAB GTPase activating protein 1 like,dimgrey,dimgrey,MA100_vs_MA1,1,1,0.0756671680309861,1.0070105990702838,1.0070105990702838,MA100_vs_MA1,-1.0070105990702838,0.0756671680309861,down_in_tested,0,1,deg_fraction,True,particle_size_um,-0.1867202754883608,0.4176932392721355,0.7331959097856713,0.07828998197270153,,-1.0070105990702838,,,,,,0.0756671680309861,,,,,,down_in_tested,,,,,3883,304,6,MA100_vs_CTR;MA100_vs_MA1;MA1_vs_CTR;MC100_vs_MC1;MC1_vs_CTR;MD1_vs_CTR,True,False
ABHD3,ENSG00000158201,ABHD3,ABHD3,"abhydrolase domain containing 3, phospholipase",dimgrey,dimgrey,MC100_vs_MC1,1,1,0.0757908966574125,1.5541413319381463,1.5541413319381463,MC100_vs_MC1,1.5541413319381463,0.0757908966574125,up_in_tested,1,0,deg_fraction,True,particle_size_um,-0.1867202754883608,0.4176932392721355,0.7331959097856713,0.07828998197270153,,,,1.5541413319381463,,,,,,0.0757908966574125,,,,,,up_in_tested,,,3883,304,6,MA100_vs_CTR;MA100_vs_MA1;MA1_vs_CTR;MC100_vs_MC1;MC1_vs_CTR;MD1_vs_CTR,True,False
WDR35,ENSG00000118965,WDR35,WDR35,WD repeat domain 35,mistyrose,mistyrose,MC100_vs_MC1,1,1,0.0766445888282688,1.09162439359498,1.09162439359498,MC100_vs_MC1,1.09162439359498,0.0766445888282688,up_in_tested,1,0,deg_fraction,True,particle_size_um,-0.3310821963795141,0.142641678213067,0.5170760835223682,0.018309859154929577,,,,1.09162439359498,,,,,,0.0766445888282688,,,,,,up_in_tested,,,2130,39,4,MA100_vs_CTR;MA100_vs_MA1;MC100_vs_MC1;MC1_vs_CTR,True,False
ZNF823,ENSG00000197933,ZNF823,ZNF823,zinc finger protein 823,dimgrey,dimgrey,MC100_vs_MC1,1,1,0.0775192401687456,2.0495078777167084,2.0495078777167084,MC100_vs_MC1,2.0495078777167084,0.0775192401687456,up_in_tested,1,0,deg_fraction,True,particle_size_um,-0.1867202754883608,0.4176932392721355,0.7331959097856713,0.07828998197270153,,,,2.0495078777167084,,,,,,0.0775192401687456,,,,,,up_in_tested,,,3883,304,6,MA100_vs_CTR;MA100_vs_MA1;MA1_vs_CTR;MC100_vs_MC1;MC1_vs_CTR;MD1_vs_CTR,True,False
RUNDC3B,ENSG00000105784,RUNDC3B,RUNDC3B,RUN domain containing 3B,dimgrey,dimgrey,MC100_vs_MC1,1,1,0.0775630545426878,1.5960264158800828,1.5960264158800828,MC100_vs_MC1,1.5960264158800828,0.0775630545426878,up_in_tested,1,0,deg_fraction,True,particle_size_um,-0.1867202754883608,0.4176932392721355,0.7331959097856713,0.07828998197270153,,,,1.5960264158800828,,,,,,0.0775630545426878,,,,,,up_in_tested,,,3883,304,6,MA100_vs_CTR;MA100_vs_MA1;MA1_vs_CTR;MC100_vs_MC1;MC1_vs_CTR;MD1_vs_CTR,True,False
VRK2,ENSG00000028116,VRK2,VRK2,VRK serine/threonine kinase 2,gainsboro,gainsboro,MC100_vs_MC1,1,1,0.0776585510725073,1.0188239272256363,1.0188239272256363,MC100_vs_MC1,-1.0188239272256363,0.0776585510725073,down_in_tested,0,1,deg_fraction,True,particle_size_um,-0.2764543534617769,0.2250855359964077,0.5934073221723477,0.04092526690391459,,,,-1.0188239272256363,,,,,,0.0776585510725073,,,,,,down_in_tested,,,1124,46,6,MA100_vs_CTR;MA100_vs_MA1;MA1_vs_CTR;MC100_vs_MC1;MC1_vs_CTR;MD1_vs_CTR,True,False
ZNF846,ENSG00000196605,ZNF846,ZNF846,zinc finger protein 846,dimgrey,dimgrey,MC100_vs_MC1,1,1,0.0781114426241346,1.192382283607519,1.192382283607519,MC100_vs_MC1,1.192382283607519,0.0781114426241346,up_in_tested,1,0,deg_fraction,True,particle_size_um,-0.1867202754883608,0.4176932392721355,0.7331959097856713,0.07828998197270153,,,,1.192382283607519,,,,,,0.0781114426241346,,,,,,up_in_tested,,,3883,304,6,MA100_vs_CTR;MA100_vs_MA1;MA1_vs_CTR;MC100_vs_MC1;MC1_vs_CTR;MD1_vs_CTR,True,False
HSPB2,ENSG00000170276,HSPB2,HSPB2,heat shock protein family B (small) member 2,dimgrey,dimgrey,MC100_vs_MC1,1,1,0.0782763308817822,1.206099254055763,1.206099254055763,MC100_vs_MC1,-1.206099254055763,0.0782763308817822,down_in_tested,0,1,deg_fraction,True,particle_size_um,-0.1867202754883608,0.4176932392721355,0.7331959097856713,0.07828998197270153,,,,-1.206099254055763,,,,,,0.0782763308817822,,,,,,down_in_tested,,,3883,304,6,MA100_vs_CTR;MA100_vs_MA1;MA1_vs_CTR;MC100_vs_MC1;MC1_vs_CTR;MD1_vs_CTR,True,False
CAMTA2,ENSG00000108509,CAMTA2,CAMTA2,calmodulin binding transcription activator 2,dimgrey,dimgrey,MC100_vs_MC1,1,1,0.0792923800033475,1.4045971473239882,1.4045971473239882,MC100_vs_MC1,1.4045971473239882,0.0792923800033475,up_in_tested,1,0,deg_fraction,True,particle_size_um,-0.1867202754883608,0.4176932392721355,0.7331959097856713,0.07828998197270153,,,,1.4045971473239882,,,,,,0.0792923800033475,,,,,,up_in_tested,,,3883,304,6,MA100_vs_CTR;MA100_vs_MA1;MA1_vs_CTR;MC100_vs_MC1;MC1_vs_CTR;MD1_vs_CTR,True,False
SCAMP3,ENSG00000116521,SCAMP3,SCAMP3,secretory carrier membrane protein 3,dimgrey,dimgrey,MC100_vs_MC1,1,1,0.0792923800033475,1.0183572121030604,1.0183572121030604,MC100_vs_MC1,1.0183572121030604,0.0792923800033475,up_in_tested,1,0,deg_fraction,True,particle_size_um,-0.1867202754883608,0.4176932392721355,0.7331959097856713,0.07828998197270153,,,,1.0183572121030604,,,,,,0.0792923800033475,,,,,,up_in_tested,,,3883,304,6,MA100_vs_CTR;MA100_vs_MA1;MA1_vs_CTR;MC100_vs_MC1;MC1_vs_CTR;MD1_vs_CTR,True,False
CTDNEP1,ENSG00000175826,CTDNEP1,CTDNEP1,CTD nuclear envelope phosphatase 1,dimgrey,dimgrey,MC100_vs_MC1,1,1,0.0819583703042561,1.1631264319811438,1.1631264319811438,MC100_vs_MC1,1.1631264319811438,0.0819583703042561,up_in_tested,1,0,deg_fraction,True,particle_size_um,-0.1867202754883608,0.4176932392721355,0.7331959097856713,0.07828998197270153,,,,1.1631264319811438,,,,,,0.0819583703042561,,,,,,up_in_tested,,,3883,304,6,MA100_vs_CTR;MA100_vs_MA1;MA1_vs_CTR;MC100_vs_MC1;MC1_vs_CTR;MD1_vs_CTR,True,False
GGT7,ENSG00000131067,GGT7,GGT7,gamma-glutamyltransferase 7,white,white,MC100_vs_MC1,1,1,0.0820173045366366,1.287019263476929,1.287019263476929,MC100_vs_MC1,-1.287019263476929,0.0820173045366366,down_in_tested,0,1,deg_fraction,True,particle_size_um,0.1986467889396646,0.3880151304316748,0.7331959097856713,0.025236593059936908,,,,-1.287019263476929,,,,,,0.0820173045366366,,,,,,down_in_tested,,,317,8,5,MA100_vs_CTR;MA100_vs_MA1;MC100_vs_MC1;MC1_vs_CTR;MD1_vs_CTR,True,False
MTM1,ENSG00000171100,MTM1,MTM1,myotubularin 1,dimgrey,dimgrey,MC100_vs_MC1,1,1,0.082291643601142,1.446426174890609,1.446426174890609,MC100_vs_MC1,1.446426174890609,0.082291643601142,up_in_tested,1,0,deg_fraction,True,particle_size_um,-0.1867202754883608,0.4176932392721355,0.7331959097856713,0.07828998197270153,,,,1.446426174890609,,,,,,0.082291643601142,,,,,,up_in_tested,,,3883,304,6,MA100_vs_CTR;MA100_vs_MA1;MA1_vs_CTR;MC100_vs_MC1;MC1_vs_CTR;MD1_vs_CTR,True,False
TVP23B,ENSG00000171928,TVP23B,TVP23B,trans-golgi network vesicle protein 23 homolog B,mistyrose,mistyrose,MC100_vs_MC1,1,1,0.082571252934194,1.0006821808375743,1.0006821808375743,MC100_vs_MC1,1.0006821808375743,0.082571252934194,up_in_tested,1,0,deg_fraction,True,particle_size_um,-0.3310821963795141,0.142641678213067,0.5170760835223682,0.018309859154929577,,,,1.0006821808375743,,,,,,0.082571252934194,,,,,,up_in_tested,,,2130,39,4,MA100_vs_CTR;MA100_vs_MA1;MC100_vs_MC1;MC1_vs_CTR,True,False
CCR10,ENSG00000184451,CCR10,CCR10,C-C motif chemokine receptor 10,darkgrey,darkgrey,MC100_vs_MC1,1,1,0.083157121297134,1.1884661952796547,1.1884661952796547,MC100_vs_MC1,-1.1884661952796547,0.083157121297134,down_in_tested,0,1,module_trait;deg_fraction,True,particle_size_um,0.6222385633532057,0.0025949251469398,0.0591962437092719,0.06276791181873852,,,,-1.1884661952796547,,,,,,0.083157121297134,,,,,,down_in_tested,,,3266,205,5,MA100_vs_CTR;MA100_vs_MA1;MC100_vs_MC1;MC1_vs_CTR;MD1_vs_CTR,True,True
PTPRU,ENSG00000060656,PTPRU,PTPRU,protein tyrosine phosphatase receptor type U,darkgrey,darkgrey,MC100_vs_MC1,1,1,0.083704074442577,1.1877771298557778,1.1877771298557778,MC100_vs_MC1,-1.1877771298557778,0.083704074442577,down_in_tested,0,1,module_trait;deg_fraction,True,particle_size_um,0.6222385633532057,0.0025949251469398,0.0591962437092719,0.06276791181873852,,,,-1.1877771298557778,,,,,,0.083704074442577,,,,,,down_in_tested,,,3266,205,5,MA100_vs_CTR;MA100_vs_MA1;MC100_vs_MC1;MC1_vs_CTR;MD1_vs_CTR,True,True
TDRP,ENSG00000180190,TDRP,TDRP,testis development related protein,darkgrey,darkgrey,MA100_vs_CTR,1,1,0.0848862677907324,1.1221741494645727,1.1221741494645727,MA100_vs_CTR,1.1221741494645727,0.0848862677907324,up_in_tested,1,0,module_trait;deg_fraction,True,particle_size_um,0.6222385633532057,0.0025949251469398,0.0591962437092719,0.06276791181873852,1.1221741494645727,,,,,,0.0848862677907324,,,,,,up_in_tested,,,,,,3266,205,5,MA100_vs_CTR;MA100_vs_MA1;MC100_vs_MC1;MC1_vs_CTR;MD1_vs_CTR,True,True
HPS3,ENSG00000163755,HPS3,HPS3,HPS3 biogenesis of lysosomal organelles complex 2 subunit 1,dimgrey,dimgrey,MC100_vs_MC1,1,1,0.0849309807472356,1.7872322906660365,1.7872322906660365,MC100_vs_MC1,1.7872322906660365,0.0849309807472356,up_in_tested,1,0,deg_fraction,True,particle_size_um,-0.1867202754883608,0.4176932392721355,0.7331959097856713,0.07828998197270153,,,,1.7872322906660365,,,,,,0.0849309807472356,,,,,,up_in_tested,,,3883,304,6,MA100_vs_CTR;MA100_vs_MA1;MA1_vs_CTR;MC100_vs_MC1;MC1_vs_CTR;MD1_vs_CTR,True,False
PPIL2,ENSG00000100023,PPIL2,PPIL2,peptidylprolyl isomerase like 2,darkgrey,darkgrey,MA100_vs_CTR,1,1,0.0850907597860789,1.3169298908070974,1.3169298908070974,MA100_vs_CTR,1.3169298908070974,0.0850907597860789,up_in_tested,1,0,module_trait;deg_fraction,True,particle_size_um,0.6222385633532057,0.0025949251469398,0.0591962437092719,0.06276791181873852,1.3169298908070974,,,,,,0.0850907597860789,,,,,,up_in_tested,,,,,,3266,205,5,MA100_vs_CTR;MA100_vs_MA1;MC100_vs_MC1;MC1_vs_CTR;MD1_vs_CTR,True,True
MRPL49,ENSG00000149792,MRPL49,MRPL49,mitochondrial ribosomal protein L49,dimgrey,dimgrey,MA100_vs_CTR,1,1,0.0857265204572455,1.1830535845022876,1.1830535845022876,MA100_vs_CTR,-1.1830535845022876,0.0857265204572455,down_in_tested,0,1,deg_fraction,True,particle_size_um,-0.1867202754883608,0.4176932392721355,0.7331959097856713,0.07828998197270153,-1.1830535845022876,,,,,,0.0857265204572455,,,,,,down_in_tested,,,,,,3883,304,6,MA100_vs_CTR;MA100_vs_MA1;MA1_vs_CTR;MC100_vs_MC1;MC1_vs_CTR;MD1_vs_CTR,True,False
ZSCAN12,ENSG00000158691,ZSCAN12,ZSCAN12,zinc finger and SCAN domain containing 12,mistyrose,mistyrose,MC100_vs_MC1,1,1,0.0874398824110303,1.0303992311649073,1.0303992311649073,MC100_vs_MC1,1.0303992311649073,0.0874398824110303,up_in_tested,1,0,deg_fraction,True,particle_size_um,-0.3310821963795141,0.142641678213067,0.5170760835223682,0.018309859154929577,,,,1.0303992311649073,,,,,,0.0874398824110303,,,,,,up_in_tested,,,2130,39,4,MA100_vs_CTR;MA100_vs_MA1;MC100_vs_MC1;MC1_vs_CTR,True,False
EMP3,ENSG00000142227,EMP3,EMP3,epithelial membrane protein 3 (MAM blood group),dimgrey,dimgrey,MA100_vs_MA1,1,1,0.0874894868166464,1.290545878992462,1.290545878992462,MA100_vs_MA1,1.290545878992462,0.0874894868166464,up_in_tested,1,0,deg_fraction,True,particle_size_um,-0.1867202754883608,0.4176932392721355,0.7331959097856713,0.07828998197270153,,1.290545878992462,,,,,,0.0874894868166464,,,,,,up_in_tested,,,,,3883,304,6,MA100_vs_CTR;MA100_vs_MA1;MA1_vs_CTR;MC100_vs_MC1;MC1_vs_CTR;MD1_vs_CTR,True,False
PKIB,ENSG00000135549,PKIB,PKIB,cAMP-dependent protein kinase inhibitor beta,mistyrose,mistyrose,MC100_vs_MC1,1,1,0.0886817985092403,1.365425636077898,1.365425636077898,MC100_vs_MC1,1.365425636077898,0.0886817985092403,up_in_tested,1,0,deg_fraction,True,particle_size_um,-0.3310821963795141,0.142641678213067,0.5170760835223682,0.018309859154929577,,,,1.365425636077898,,,,,,0.0886817985092403,,,,,,up_in_tested,,,2130,39,4,MA100_vs_CTR;MA100_vs_MA1;MC100_vs_MC1;MC1_vs_CTR,True,False
H2BC12,ENSG00000197903,H2BC12,H2BC12,H2B clustered histone 12,dimgrey,dimgrey,MC100_vs_MC1,1,1,0.090189305462308,1.0524291680062634,1.0524291680062634,MC100_vs_MC1,1.0524291680062634,0.090189305462308,up_in_tested,1,0,deg_fraction,True,particle_size_um,-0.1867202754883608,0.4176932392721355,0.7331959097856713,0.07828998197270153,,,,1.0524291680062634,,,,,,0.090189305462308,,,,,,up_in_tested,,,3883,304,6,MA100_vs_CTR;MA100_vs_MA1;MA1_vs_CTR;MC100_vs_MC1;MC1_vs_CTR;MD1_vs_CTR,True,False
MCAM,ENSG00000076706,MCAM,MCAM,melanoma cell adhesion molecule,darkgrey,darkgrey,MA100_vs_CTR,1,1,0.0903187247632974,1.0995745462851685,1.0995745462851685,MA100_vs_CTR,1.0995745462851685,0.0903187247632974,up_in_tested,1,0,module_trait;deg_fraction,True,particle_size_um,0.6222385633532057,0.0025949251469398,0.0591962437092719,0.06276791181873852,1.0995745462851685,,,,,,0.0903187247632974,,,,,,up_in_tested,,,,,,3266,205,5,MA100_vs_CTR;MA100_vs_MA1;MC100_vs_MC1;MC1_vs_CTR;MD1_vs_CTR,True,True
PNMA6A,ENSG00000235961,PNMA6A,PNMA6A,PNMA family member 6A,darkgrey,darkgrey,MC100_vs_MC1,1,1,0.0912454453279335,1.6119483503064806,1.6119483503064806,MC100_vs_MC1,-1.6119483503064806,0.0912454453279335,down_in_tested,0,1,module_trait;deg_fraction,True,particle_size_um,0.6222385633532057,0.0025949251469398,0.0591962437092719,0.06276791181873852,,,,-1.6119483503064806,,,,,,0.0912454453279335,,,,,,down_in_tested,,,3266,205,5,MA100_vs_CTR;MA100_vs_MA1;MC100_vs_MC1;MC1_vs_CTR;MD1_vs_CTR,True,True
PTPRE,ENSG00000132334,PTPRE,PTPRE,protein tyrosine phosphatase receptor type E,gainsboro,gainsboro,MC100_vs_MC1,1,1,0.0913835892119086,1.1925270000204071,1.1925270000204071,MC100_vs_MC1,-1.1925270000204071,0.0913835892119086,down_in_tested,0,1,deg_fraction,True,particle_size_um,-0.2764543534617769,0.2250855359964077,0.5934073221723477,0.04092526690391459,,,,-1.1925270000204071,,,,,,0.0913835892119086,,,,,,down_in_tested,,,1124,46,6,MA100_vs_CTR;MA100_vs_MA1;MA1_vs_CTR;MC100_vs_MC1;MC1_vs_CTR;MD1_vs_CTR,True,False
ZNF562,ENSG00000171466,ZNF562,ZNF562,zinc finger protein 562,darkgrey,darkgrey,MC100_vs_MC1,1,1,0.0917452437108799,1.0981707425983878,1.0981707425983878,MC100_vs_MC1,-1.0981707425983878,0.0917452437108799,down_in_tested,0,1,module_trait;deg_fraction,True,particle_size_um,0.6222385633532057,0.0025949251469398,0.0591962437092719,0.06276791181873852,,,,-1.0981707425983878,,,,,,0.0917452437108799,,,,,,down_in_tested,,,3266,205,5,MA100_vs_CTR;MA100_vs_MA1;MC100_vs_MC1;MC1_vs_CTR;MD1_vs_CTR,True,True
PHRF1,ENSG00000070047,PHRF1,PHRF1,PHD and ring finger domains 1,darkgrey,darkgrey,MC100_vs_MC1,1,1,0.0921308366484085,1.4841453102809423,1.4841453102809423,MC100_vs_MC1,-1.4841453102809423,0.0921308366484085,down_in_tested,0,1,module_trait;deg_fraction,True,particle_size_um,0.6222385633532057,0.0025949251469398,0.0591962437092719,0.06276791181873852,,,,-1.4841453102809423,,,,,,0.0921308366484085,,,,,,down_in_tested,,,3266,205,5,MA100_vs_CTR;MA100_vs_MA1;MC100_vs_MC1;MC1_vs_CTR;MD1_vs_CTR,True,True
GPR137B,ENSG00000077585,GPR137B,GPR137B,G protein-coupled receptor 137B,dimgrey,dimgrey,MA100_vs_CTR,1,1,0.0938106602790887,1.0460324683875415,1.0460324683875415,MA100_vs_CTR,-1.0460324683875415,0.0938106602790887,down_in_tested,0,1,deg_fraction,True,particle_size_um,-0.1867202754883608,0.4176932392721355,0.7331959097856713,0.07828998197270153,-1.0460324683875415,,,,,,0.0938106602790887,,,,,,down_in_tested,,,,,,3883,304,6,MA100_vs_CTR;MA100_vs_MA1;MA1_vs_CTR;MC100_vs_MC1;MC1_vs_CTR;MD1_vs_CTR,True,False
TMEM121,ENSG00000184986,TMEM121,TMEM121,transmembrane protein 121,dimgrey,dimgrey,MC100_vs_MC1,1,1,0.0938549029192478,1.2998446677447637,1.2998446677447637,MC100_vs_MC1,-1.2998446677447637,0.0938549029192478,down_in_tested,0,1,deg_fraction,True,particle_size_um,-0.1867202754883608,0.4176932392721355,0.7331959097856713,0.07828998197270153,,,,-1.2998446677447637,,,,,,0.0938549029192478,,,,,,down_in_tested,,,3883,304,6,MA100_vs_CTR;MA100_vs_MA1;MA1_vs_CTR;MC100_vs_MC1;MC1_vs_CTR;MD1_vs_CTR,True,False
VPS53,ENSG00000141252,VPS53,VPS53,VPS53 subunit of GARP complex,gainsboro,gainsboro,MA100_vs_CTR,1,1,0.0941229454472482,1.1635739235883922,1.1635739235883922,MA100_vs_CTR,1.1635739235883922,0.0941229454472482,up_in_tested,1,0,deg_fraction,True,particle_size_um,-0.2764543534617769,0.2250855359964077,0.5934073221723477,0.04092526690391459,1.1635739235883922,,,,,,0.0941229454472482,,,,,,up_in_tested,,,,,,1124,46,6,MA100_vs_CTR;MA100_vs_MA1;MA1_vs_CTR;MC100_vs_MC1;MC1_vs_CTR;MD1_vs_CTR,True,False
GARIN1A,ENSG00000205085,GARIN1A,GARIN1A,golgi associated RAB2 interactor 1A,gainsboro,gainsboro,MA100_vs_CTR,1,1,0.0947379700506206,1.0381136198061258,1.0381136198061258,MA100_vs_CTR,1.0381136198061258,0.0947379700506206,up_in_tested,1,0,deg_fraction,True,particle_size_um,-0.2764543534617769,0.2250855359964077,0.5934073221723477,0.04092526690391459,1.0381136198061258,,,,,,0.0947379700506206,,,,,,up_in_tested,,,,,,1124,46,6,MA100_vs_CTR;MA100_vs_MA1;MA1_vs_CTR;MC100_vs_MC1;MC1_vs_CTR;MD1_vs_CTR,True,False
POU6F1,ENSG00000184271,POU6F1,POU6F1,POU class 6 homeobox 1,dimgrey,dimgrey,MC100_vs_MC1,1,1,0.095838830962017,1.627989694245815,1.627989694245815,MC100_vs_MC1,1.627989694245815,0.095838830962017,up_in_tested,1,0,deg_fraction,True,particle_size_um,-0.1867202754883608,0.4176932392721355,0.7331959097856713,0.07828998197270153,,,,1.627989694245815,,,,,,0.095838830962017,,,,,,up_in_tested,,,3883,304,6,MA100_vs_CTR;MA100_vs_MA1;MA1_vs_CTR;MC100_vs_MC1;MC1_vs_CTR;MD1_vs_CTR,True,False
PTEN,ENSG00000171862,PTEN,PTEN,phosphatase and tensin homolog,dimgrey,dimgrey,MC100_vs_MC1,1,1,0.0960157193177126,1.318687852350497,1.318687852350497,MC100_vs_MC1,1.318687852350497,0.0960157193177126,up_in_tested,1,0,deg_fraction,True,particle_size_um,-0.1867202754883608,0.4176932392721355,0.7331959097856713,0.07828998197270153,,,,1.318687852350497,,,,,,0.0960157193177126,,,,,,up_in_tested,,,3883,304,6,MA100_vs_CTR;MA100_vs_MA1;MA1_vs_CTR;MC100_vs_MC1;MC1_vs_CTR;MD1_vs_CTR,True,False
CCDC57,ENSG00000176155,CCDC57,CCDC57,coiled-coil domain containing 57,darkgrey,darkgrey,MC100_vs_MC1,1,1,0.0964926887579499,1.240730600604048,1.240730600604048,MC100_vs_MC1,-1.240730600604048,0.0964926887579499,down_in_tested,0,1,module_trait;deg_fraction,True,particle_size_um,0.6222385633532057,0.0025949251469398,0.0591962437092719,0.06276791181873852,,,,-1.240730600604048,,,,,,0.0964926887579499,,,,,,down_in_tested,,,3266,205,5,MA100_vs_CTR;MA100_vs_MA1;MC100_vs_MC1;MC1_vs_CTR;MD1_vs_CTR,True,True
KCTD6,ENSG00000168301,KCTD6,KCTD6,potassium channel tetramerization domain containing 6,indianred,indianred,MC100_vs_MC1,1,1,0.0966307102060768,1.2781664175272545,1.2781664175272545,MC100_vs_MC1,1.2781664175272545,0.0966307102060768,up_in_tested,1,0,deg_fraction,True,particle_size_um,-0.1819862672482625,0.4298044988398762,0.7331959097856713,0.027777777777777776,,,,1.2781664175272545,,,,,,0.0966307102060768,,,,,,up_in_tested,,,216,6,1,MC100_vs_MC1,True,False
ALG1,ENSG00000033011,ALG1,ALG1,ALG1 chitobiosyldiphosphodolichol beta-mannosyltransferase,dimgrey,dimgrey,MC100_vs_MC1,1,1,0.0972712211247046,1.1413035613275804,1.1413035613275804,MC100_vs_MC1,1.1413035613275804,0.0972712211247046,up_in_tested,1,0,deg_fraction,True,particle_size_um,-0.1867202754883608,0.4176932392721355,0.7331959097856713,0.07828998197270153,,,,1.1413035613275804,,,,,,0.0972712211247046,,,,,,up_in_tested,,,3883,304,6,MA100_vs_CTR;MA100_vs_MA1;MA1_vs_CTR;MC100_vs_MC1;MC1_vs_CTR;MD1_vs_CTR,True,False
ZNF420,ENSG00000197050,ZNF420,ZNF420,zinc finger protein 420,darkgrey,darkgrey,MC1_vs_CTR,1,1,0.097630367509693,1.0369230056825118,1.0369230056825118,MC1_vs_CTR,1.0369230056825118,0.097630367509693,up_in_tested,1,0,module_trait;deg_fraction,True,particle_size_um,0.6222385633532057,0.0025949251469398,0.0591962437092719,0.06276791181873852,,,,,1.0369230056825118,,,,,,0.097630367509693,,,,,,up_in_tested,,3266,205,5,MA100_vs_CTR;MA100_vs_MA1;MC100_vs_MC1;MC1_vs_CTR;MD1_vs_CTR,True,True
PIP5KL1,ENSG00000167103,PIP5KL1,PIP5KL1,phosphatidylinositol-4-phosphate 5-kinase like 1,dimgrey,dimgrey,MC100_vs_MC1,1,1,0.0978753196163038,1.6034127275001733,1.6034127275001733,MC100_vs_MC1,1.6034127275001733,0.0978753196163038,up_in_tested,1,0,deg_fraction,True,particle_size_um,-0.1867202754883608,0.4176932392721355,0.7331959097856713,0.07828998197270153,,,,1.6034127275001733,,,,,,0.0978753196163038,,,,,,up_in_tested,,,3883,304,6,MA100_vs_CTR;MA100_vs_MA1;MA1_vs_CTR;MC100_vs_MC1;MC1_vs_CTR;MD1_vs_CTR,True,False
GRAMD1B,ENSG00000023171,GRAMD1B,GRAMD1B,GRAM domain containing 1B,dimgrey,dimgrey,MC100_vs_MC1,1,1,0.0985629507287868,1.2572395545739214,1.2572395545739214,MC100_vs_MC1,1.2572395545739214,0.0985629507287868,up_in_tested,1,0,deg_fraction,True,particle_size_um,-0.1867202754883608,0.4176932392721355,0.7331959097856713,0.07828998197270153,,,,1.2572395545739214,,,,,,0.0985629507287868,,,,,,up_in_tested,,,3883,304,6,MA100_vs_CTR;MA100_vs_MA1;MA1_vs_CTR;MC100_vs_MC1;MC1_vs_CTR;MD1_vs_CTR,True,False
PYROXD1,ENSG00000121350,PYROXD1,PYROXD1,pyridine nucleotide-disulphide oxidoreductase domain 1,dimgrey,dimgrey,MC100_vs_MC1,1,1,0.0997425522106966,1.2092504030001965,1.2092504030001965,MC100_vs_MC1,1.2092504030001965,0.0997425522106966,up_in_tested,1,0,deg_fraction,True,particle_size_um,-0.1867202754883608,0.4176932392721355,0.7331959097856713,0.07828998197270153,,,,1.2092504030001965,,,,,,0.0997425522106966,,,,,,up_in_tested,,,3883,304,6,MA100_vs_CTR;MA100_vs_MA1;MA1_vs_CTR;MC100_vs_MC1;MC1_vs_CTR;MD1_vs_CTR,True,False
MATCAP1,ENSG00000196123,MATCAP1,MATCAP1,microtubule associated tyrosine carboxypeptidase 1,dimgrey,dimgrey,MC100_vs_MC1,1,1,0.0999596920040625,1.1277524955012674,1.1277524955012674,MC100_vs_MC1,1.1277524955012674,0.0999596920040625,up_in_tested,1,0,deg_fraction,True,particle_size_um,-0.1867202754883608,0.4176932392721355,0.7331959097856713,0.07828998197270153,,,,1.1277524955012674,,,,,,0.0999596920040625,,,,,,up_in_tested,,,3883,304,6,MA100_vs_CTR;MA100_vs_MA1;MA1_vs_CTR;MC100_vs_MC1;MC1_vs_CTR;MD1_vs_CTR,True,False
TRAPPC12,ENSG00000171853,TRAPPC12,TRAPPC12,trafficking protein particle complex subunit 12,mistyrose,mistyrose,MC100_vs_MC1,1,1,0.0999734996019229,1.379609538401393,1.379609538401393,MC100_vs_MC1,1.379609538401393,0.0999734996019229,up_in_tested,1,0,deg_fraction,True,particle_size_um,-0.3310821963795141,0.142641678213067,0.5170760835223682,0.018309859154929577,,,,1.379609538401393,,,,,,0.0999734996019229,,,,,,up_in_tested,,,2130,39,4,MA100_vs_CTR;MA100_vs_MA1;MC100_vs_MC1;MC1_vs_CTR,True,False
